classe_obf	typedef_index	nom_clair	score	methode	statut	provenances_daccord	nb_candidats_a_egalite	comment_verifier
					À_CLASSER		0	nom clair SUSPECT (champs internes encore obfusqués, ex. `ebko` — otomai n'a pas fini de le renommer) — écarté du matching, pas un vrai candidat
		AIFighterInformation			À_CLASSER		86	0 ou plusieurs candidats de même round-0 dans Game, aucun retenu sans ambiguïté
		AVAStateUpdateRequest			À_CLASSER		0	nom clair SUSPECT (champs internes encore obfusqués, ex. `ebko` — otomai n'a pas fini de le renommer) — écarté du matching, pas un vrai candidat
		AccessoryPreviewErrorEvent			À_CLASSER		0	nom clair SUSPECT (champs internes encore obfusqués, ex. `ebko` — otomai n'a pas fini de le renommer) — écarté du matching, pas un vrai candidat
		AccessoryPreviewEvent			À_CLASSER		0	nom clair SUSPECT (champs internes encore obfusqués, ex. `ebko` — otomai n'a pas fini de le renommer) — écarté du matching, pas un vrai candidat
		AccessoryPreviewRequest			À_CLASSER		14	0 ou plusieurs candidats de même round-0 dans Game, aucun retenu sans ambiguïté
		AccountAdditionalFacesEvent			À_CLASSER		0	nom clair SUSPECT (champs internes encore obfusqués, ex. `ebko` — otomai n'a pas fini de le renommer) — écarté du matching, pas un vrai candidat
		AccountCapabilitiesEvent			À_CLASSER		5	0 ou plusieurs candidats de même round-0 dans Game, aucun retenu sans ambiguïté
		AccountInformationUpdateEvent			À_CLASSER		190	0 ou plusieurs candidats de même round-0 dans Game, aucun retenu sans ambiguïté
		AccountSubscriptionElapsedDurationUpdateEvent			À_CLASSER		158	0 ou plusieurs candidats de même round-0 dans Game, aucun retenu sans ambiguïté
ihi	10661	AccountTag	0.6	parent_drag	DÉDUIT	gatherer,luaxy,otomai	1	forme/champs parent_drag — comparer contre une capture réelle du client vivant
		AchievedAchievement			À_CLASSER		25	0 ou plusieurs candidats de même round-0 dans Game, aucun retenu sans ambiguïté
		Achievement			À_CLASSER		7	0 ou plusieurs candidats de même round-0 dans Game, aucun retenu sans ambiguïté
		AchievementDetailsEvent			À_CLASSER		115	0 ou plusieurs candidats de même round-0 dans Game, aucun retenu sans ambiguïté
		AchievementDetailsRequest			À_CLASSER		158	0 ou plusieurs candidats de même round-0 dans Game, aucun retenu sans ambiguïté
		AchievementFinishedEvent			À_CLASSER		115	0 ou plusieurs candidats de même round-0 dans Game, aucun retenu sans ambiguïté
		AchievementFinishedInformationEvent			À_CLASSER		20	0 ou plusieurs candidats de même round-0 dans Game, aucun retenu sans ambiguïté
		AchievementObjective			À_CLASSER		66	0 ou plusieurs candidats de même round-0 dans Game, aucun retenu sans ambiguïté
		AchievementPioneerRank			À_CLASSER		158	0 ou plusieurs candidats de même round-0 dans Game, aucun retenu sans ambiguïté
		AchievementRewardRequest			À_CLASSER		190	0 ou plusieurs candidats de même round-0 dans Game, aucun retenu sans ambiguïté
		AchievementRewardResultEvent			À_CLASSER		66	0 ou plusieurs candidats de même round-0 dans Game, aucun retenu sans ambiguïté
		AchievementsAlmostFinishedDetailedEvent			À_CLASSER		51	0 ou plusieurs candidats de même round-0 dans Game, aucun retenu sans ambiguïté
		AchievementsAlmostFinishedDetailedRequest			À_CLASSER		115	0 ou plusieurs candidats de même round-0 dans Game, aucun retenu sans ambiguïté
		AchievementsDetailedEvent			À_CLASSER		51	0 ou plusieurs candidats de même round-0 dans Game, aucun retenu sans ambiguïté
		AchievementsDetailedRequest			À_CLASSER		158	0 ou plusieurs candidats de même round-0 dans Game, aucun retenu sans ambiguïté
		AchievementsEvent			À_CLASSER		51	0 ou plusieurs candidats de même round-0 dans Game, aucun retenu sans ambiguïté
		AchievementsPioneerRanksRequest			À_CLASSER		115	0 ou plusieurs candidats de même round-0 dans Game, aucun retenu sans ambiguïté
		AchievementsPioneerRanksResponse			À_CLASSER		12	0 ou plusieurs candidats de même round-0 dans Game, aucun retenu sans ambiguïté
		AcquaintanceAddedEvent			À_CLASSER		115	0 ou plusieurs candidats de même round-0 dans Game, aucun retenu sans ambiguïté
		AcquaintanceInformation			À_CLASSER		3	0 ou plusieurs candidats de même round-0 dans Game, aucun retenu sans ambiguïté
		AcquaintanceListEvent			À_CLASSER		12	0 ou plusieurs candidats de même round-0 dans Game, aucun retenu sans ambiguïté
		AcquaintanceListRequest			À_CLASSER		115	0 ou plusieurs candidats de même round-0 dans Game, aucun retenu sans ambiguïté
		AcquaintanceServersRequest			À_CLASSER		0	nom clair SUSPECT (champs internes encore obfusqués, ex. `ebko` — otomai n'a pas fini de le renommer) — écarté du matching, pas un vrai candidat
		AcquaintanceServersResponse			À_CLASSER		4	0 ou plusieurs candidats de même round-0 dans Connection, aucun retenu sans ambiguïté
		ActionInformation			À_CLASSER		158	0 ou plusieurs candidats de même round-0 dans Game, aucun retenu sans ambiguïté
		ActivateGlyphTrap			À_CLASSER		158	0 ou plusieurs candidats de même round-0 dans Game, aucun retenu sans ambiguïté
		ActivityHideRequest			À_CLASSER		190	0 ou plusieurs candidats de même round-0 dans Game, aucun retenu sans ambiguïté
		ActivityLockRequest			À_CLASSER		190	0 ou plusieurs candidats de même round-0 dans Game, aucun retenu sans ambiguïté
		ActivitySuggestionsEvent			À_CLASSER		11	0 ou plusieurs candidats de même round-0 dans Game, aucun retenu sans ambiguïté
		ActivitySuggestionsRequest			À_CLASSER		12	0 ou plusieurs candidats de même round-0 dans Game, aucun retenu sans ambiguïté
		ActorInformation			À_CLASSER		4	0 ou plusieurs candidats de même round-0 dans Game, aucun retenu sans ambiguïté
		ActorPositionInformation			À_CLASSER		19	0 ou plusieurs candidats de même round-0 dans Game, aucun retenu sans ambiguïté
		AddContactFailureEvent			À_CLASSER		0	nom clair SUSPECT (champs internes encore obfusqués, ex. `ebko` — otomai n'a pas fini de le renommer) — écarté du matching, pas un vrai candidat
		AddTagObjectRequest			À_CLASSER		51	0 ou plusieurs candidats de même round-0 dans Game, aucun retenu sans ambiguïté
		AddTagObjectResponse			À_CLASSER		26	0 ou plusieurs candidats de même round-0 dans Game, aucun retenu sans ambiguïté
		AddTagStorageRequest			À_CLASSER		0	nom clair SUSPECT (champs internes encore obfusqués, ex. `ebko` — otomai n'a pas fini de le renommer) — écarté du matching, pas un vrai candidat
		AddTagStorageResponse			À_CLASSER		190	0 ou plusieurs candidats de même round-0 dans Game, aucun retenu sans ambiguïté
		AdditionalSmileyEvent			À_CLASSER		26	0 ou plusieurs candidats de même round-0 dans Game, aucun retenu sans ambiguïté
		AggressionEvent			À_CLASSER		66	0 ou plusieurs candidats de même round-0 dans Game, aucun retenu sans ambiguïté
		AlignmentExtendedInformation			À_CLASSER		4	0 ou plusieurs candidats de même round-0 dans Game, aucun retenu sans ambiguïté
		AlignmentInformation			À_CLASSER		0	0 ou plusieurs candidats de même round-0 dans Game, aucun retenu sans ambiguïté
		AlignmentRankUpdateEvent			À_CLASSER		158	0 ou plusieurs candidats de même round-0 dans Game, aucun retenu sans ambiguïté
		AllianceApplicationAnswerRequest			À_CLASSER		158	0 ou plusieurs candidats de même round-0 dans Game, aucun retenu sans ambiguïté
		AllianceApplicationDeletedEvent			À_CLASSER		158	0 ou plusieurs candidats de même round-0 dans Game, aucun retenu sans ambiguïté
		AllianceApplicationDeletionRequest			À_CLASSER		115	0 ou plusieurs candidats de même round-0 dans Game, aucun retenu sans ambiguïté
		AllianceApplicationInformationEvent			À_CLASSER		86	0 ou plusieurs candidats de même round-0 dans Game, aucun retenu sans ambiguïté
		AllianceApplicationListEvent			À_CLASSER		0	nom clair SUSPECT (champs internes encore obfusqués, ex. `ebko` — otomai n'a pas fini de le renommer) — écarté du matching, pas un vrai candidat
		AllianceApplicationListRequest			À_CLASSER		0	nom clair SUSPECT (champs internes encore obfusqués, ex. `ebko` — otomai n'a pas fini de le renommer) — écarté du matching, pas un vrai candidat
		AllianceApplicationListenRequest			À_CLASSER		0	nom clair SUSPECT (champs internes encore obfusqués, ex. `ebko` — otomai n'a pas fini de le renommer) — écarté du matching, pas un vrai candidat
		AllianceApplicationModifiedEvent			À_CLASSER		0	nom clair SUSPECT (champs internes encore obfusqués, ex. `ebko` — otomai n'a pas fini de le renommer) — écarté du matching, pas un vrai candidat
		AllianceApplicationNoInformationEvent			À_CLASSER		115	0 ou plusieurs candidats de même round-0 dans Game, aucun retenu sans ambiguïté
		AllianceApplicationPresenceEvent			À_CLASSER		190	0 ou plusieurs candidats de même round-0 dans Game, aucun retenu sans ambiguïté
		AllianceApplicationPresenceRequest			À_CLASSER		115	0 ou plusieurs candidats de même round-0 dans Game, aucun retenu sans ambiguïté
		AllianceApplicationReceivedEvent			À_CLASSER		158	0 ou plusieurs candidats de même round-0 dans Game, aucun retenu sans ambiguïté
		AllianceApplicationRequest			À_CLASSER		115	0 ou plusieurs candidats de même round-0 dans Game, aucun retenu sans ambiguïté
		AllianceApplicationResponseEvent			À_CLASSER		51	0 ou plusieurs candidats de même round-0 dans Game, aucun retenu sans ambiguïté
		AllianceApplicationSubmitRequest			À_CLASSER		10	0 ou plusieurs candidats de même round-0 dans Game, aucun retenu sans ambiguïté
		AllianceApplicationUpdateRequest			À_CLASSER		158	0 ou plusieurs candidats de même round-0 dans Game, aucun retenu sans ambiguïté
		AllianceBulletinEvent			À_CLASSER		115	0 ou plusieurs candidats de même round-0 dans Game, aucun retenu sans ambiguïté
		AllianceBulletinSetErrorEvent			À_CLASSER		0	nom clair SUSPECT (champs internes encore obfusqués, ex. `ebko` — otomai n'a pas fini de le renommer) — écarté du matching, pas un vrai candidat
		AllianceBulletinSetRequest			À_CLASSER		190	0 ou plusieurs candidats de même round-0 dans Game, aucun retenu sans ambiguïté
		AllianceCardInformation			À_CLASSER		2	0 ou plusieurs candidats de même round-0 dans Game, aucun retenu sans ambiguïté
		AllianceCreationResultEvent			À_CLASSER		0	nom clair SUSPECT (champs internes encore obfusqués, ex. `ebko` — otomai n'a pas fini de le renommer) — écarté du matching, pas un vrai candidat
		AllianceCreationStartedEvent			À_CLASSER		115	0 ou plusieurs candidats de même round-0 dans Game, aucun retenu sans ambiguïté
		AllianceCreationValidRequest			À_CLASSER		37	0 ou plusieurs candidats de même round-0 dans Game, aucun retenu sans ambiguïté
		AllianceEmblemModificationValidRequest			À_CLASSER		115	0 ou plusieurs candidats de même round-0 dans Game, aucun retenu sans ambiguïté
		AllianceFactsErrorEvent			À_CLASSER		190	0 ou plusieurs candidats de même round-0 dans Game, aucun retenu sans ambiguïté
		AllianceFactsEvent			À_CLASSER		0	0 ou plusieurs candidats de même round-0 dans Game, aucun retenu sans ambiguïté
		AllianceFactsRequest			À_CLASSER		190	0 ou plusieurs candidats de même round-0 dans Game, aucun retenu sans ambiguïté
		AllianceFightFighterAddedEvent			À_CLASSER		32	0 ou plusieurs candidats de même round-0 dans Game, aucun retenu sans ambiguïté
		AllianceFightFighterRemovedEvent			À_CLASSER		61	0 ou plusieurs candidats de même round-0 dans Game, aucun retenu sans ambiguïté
		AllianceFightFinishedEvent			À_CLASSER		115	0 ou plusieurs candidats de même round-0 dans Game, aucun retenu sans ambiguïté
		AllianceFightJoinRequest			À_CLASSER		86	0 ou plusieurs candidats de même round-0 dans Game, aucun retenu sans ambiguïté
		AllianceFightLeaveRequest			À_CLASSER		115	0 ou plusieurs candidats de même round-0 dans Game, aucun retenu sans ambiguïté
		AllianceFightListenStartRequest			À_CLASSER		115	0 ou plusieurs candidats de même round-0 dans Game, aucun retenu sans ambiguïté
		AllianceFightListenStopRequest			À_CLASSER		115	0 ou plusieurs candidats de même round-0 dans Game, aucun retenu sans ambiguïté
		AllianceFightPhaseUpdateEvent			À_CLASSER		86	0 ou plusieurs candidats de même round-0 dans Game, aucun retenu sans ambiguïté
		AllianceFightReplaceRequest			À_CLASSER		61	0 ou plusieurs candidats de même round-0 dans Game, aucun retenu sans ambiguïté
		AllianceFightStartedEvent			À_CLASSER		86	0 ou plusieurs candidats de même round-0 dans Game, aucun retenu sans ambiguïté
		AllianceFightsInformationEvent			À_CLASSER		51	0 ou plusieurs candidats de même round-0 dans Game, aucun retenu sans ambiguïté
		AllianceInformation			À_CLASSER		0	nom clair SUSPECT (champs internes encore obfusqués, ex. `ebko` — otomai n'a pas fini de le renommer) — écarté du matching, pas un vrai candidat
		AllianceInsiderInformationEvent			À_CLASSER		0	0 ou plusieurs candidats de même round-0 dans Game, aucun retenu sans ambiguïté
		AllianceInsiderInformationRequest			À_CLASSER		115	0 ou plusieurs candidats de même round-0 dans Game, aucun retenu sans ambiguïté
		AllianceInvitationAnswerRequest			À_CLASSER		190	0 ou plusieurs candidats de même round-0 dans Game, aucun retenu sans ambiguïté
		AllianceInvitationRequest			À_CLASSER		190	0 ou plusieurs candidats de même round-0 dans Game, aucun retenu sans ambiguïté
		AllianceInvitationStateRecruitedEvent			À_CLASSER		115	0 ou plusieurs candidats de même round-0 dans Game, aucun retenu sans ambiguïté
		AllianceInvitationStateRecruiterEvent			À_CLASSER		51	0 ou plusieurs candidats de même round-0 dans Game, aucun retenu sans ambiguïté
		AllianceInvitedEvent			À_CLASSER		51	0 ou plusieurs candidats de même round-0 dans Game, aucun retenu sans ambiguïté
		AllianceJoinedEvent			À_CLASSER		61	0 ou plusieurs candidats de même round-0 dans Game, aucun retenu sans ambiguïté
		AllianceKickRequest			À_CLASSER		190	0 ou plusieurs candidats de même round-0 dans Game, aucun retenu sans ambiguïté
		AllianceLeftEvent			À_CLASSER		115	0 ou plusieurs candidats de même round-0 dans Game, aucun retenu sans ambiguïté
		AllianceMemberInformation			À_CLASSER		61	0 ou plusieurs candidats de même round-0 dans Game, aucun retenu sans ambiguïté
		AllianceMemberLeavingEvent			À_CLASSER		158	0 ou plusieurs candidats de même round-0 dans Game, aucun retenu sans ambiguïté
		AllianceMemberStartWarningOnConnectionRequest			À_CLASSER		115	0 ou plusieurs candidats de même round-0 dans Game, aucun retenu sans ambiguïté
		AllianceMemberStopWarningOnConnectionRequest			À_CLASSER		115	0 ou plusieurs candidats de même round-0 dans Game, aucun retenu sans ambiguïté
		AllianceMemberUpdateEvent			À_CLASSER		0	nom clair SUSPECT (champs internes encore obfusqués, ex. `ebko` — otomai n'a pas fini de le renommer) — écarté du matching, pas un vrai candidat
		AllianceMembershipEvent			À_CLASSER		61	0 ou plusieurs candidats de même round-0 dans Game, aucun retenu sans ambiguïté
		AllianceModificationResultEvent			À_CLASSER		0	nom clair SUSPECT (champs internes encore obfusqués, ex. `ebko` — otomai n'a pas fini de le renommer) — écarté du matching, pas un vrai candidat
		AllianceModificationStartedEvent			À_CLASSER		25	0 ou plusieurs candidats de même round-0 dans Game, aucun retenu sans ambiguïté
		AllianceModificationValidRequest			À_CLASSER		5	0 ou plusieurs candidats de même round-0 dans Game, aucun retenu sans ambiguïté
		AllianceMotdEvent			À_CLASSER		115	0 ou plusieurs candidats de même round-0 dans Game, aucun retenu sans ambiguïté
		AllianceMotdSetErrorEvent			À_CLASSER		0	nom clair SUSPECT (champs internes encore obfusqués, ex. `ebko` — otomai n'a pas fini de le renommer) — écarté du matching, pas un vrai candidat
		AllianceMotdSetRequest			À_CLASSER		190	0 ou plusieurs candidats de même round-0 dans Game, aucun retenu sans ambiguïté
		AllianceNameAndTagModificationValidRequest			À_CLASSER		158	0 ou plusieurs candidats de même round-0 dans Game, aucun retenu sans ambiguïté
		AllianceOption			À_CLASSER		86	0 ou plusieurs candidats de même round-0 dans Game, aucun retenu sans ambiguïté
		AllianceRankChangeRequest			À_CLASSER		158	0 ou plusieurs candidats de même round-0 dans Game, aucun retenu sans ambiguïté
		AllianceRankCreationRequest			À_CLASSER		66	0 ou plusieurs candidats de même round-0 dans Game, aucun retenu sans ambiguïté
		AllianceRankDeletionRequest			À_CLASSER		158	0 ou plusieurs candidats de même round-0 dans Game, aucun retenu sans ambiguïté
		AllianceRankUpdateAllRequest			À_CLASSER		0	nom clair SUSPECT (champs internes encore obfusqués, ex. `ebko` — otomai n'a pas fini de le renommer) — écarté du matching, pas un vrai candidat
		AllianceRankUpdateRequest			À_CLASSER		0	nom clair SUSPECT (champs internes encore obfusqués, ex. `ebko` — otomai n'a pas fini de le renommer) — écarté du matching, pas un vrai candidat
		AllianceRanksEvent			À_CLASSER		0	nom clair SUSPECT (champs internes encore obfusqués, ex. `ebko` — otomai n'a pas fini de le renommer) — écarté du matching, pas un vrai candidat
		AllianceRanksRequest			À_CLASSER		115	0 ou plusieurs candidats de même round-0 dans Game, aucun retenu sans ambiguïté
		AllianceRecruitmentAutomaticJoinRequest			À_CLASSER		190	0 ou plusieurs candidats de même round-0 dans Game, aucun retenu sans ambiguïté
		AllianceRecruitmentInformation			À_CLASSER		0	0 ou plusieurs candidats de même round-0 dans Game, aucun retenu sans ambiguïté
		AllianceRecruitmentInformationEvent			À_CLASSER		115	0 ou plusieurs candidats de même round-0 dans Game, aucun retenu sans ambiguïté
		AllianceRecruitmentInformationRequest			À_CLASSER		115	0 ou plusieurs candidats de même round-0 dans Game, aucun retenu sans ambiguïté
		AllianceRecruitmentInvalidateEvent			À_CLASSER		115	0 ou plusieurs candidats de même round-0 dans Game, aucun retenu sans ambiguïté
		AllianceRecruitmentUpdateRequest			À_CLASSER		115	0 ou plusieurs candidats de même round-0 dans Game, aucun retenu sans ambiguïté
		AllianceRightsUpdateRequest			À_CLASSER		15	0 ou plusieurs candidats de même round-0 dans Game, aucun retenu sans ambiguïté
		AllianceSummaryEvent			À_CLASSER		0	nom clair SUSPECT (champs internes encore obfusqués, ex. `ebko` — otomai n'a pas fini de le renommer) — écarté du matching, pas un vrai candidat
		AllianceSummaryRequest			À_CLASSER		0	0 ou plusieurs candidats de même round-0 dans Game, aucun retenu sans ambiguïté
		AlmanachCalendarDateEvent			À_CLASSER		158	0 ou plusieurs candidats de même round-0 dans Game, aucun retenu sans ambiguïté
		AlreadyConnectedEvent			À_CLASSER		0	0 ou plusieurs candidats de même round-0 dans Connection, aucun retenu sans ambiguïté
lpk	14299	Alteration	0.8	arrosage	DÉDUIT	gatherer,luaxy,otomai	1	forme/champs arrosage — comparer contre une capture réelle du client vivant
		AlterationAddedEvent			À_CLASSER		115	0 ou plusieurs candidats de même round-0 dans Game, aucun retenu sans ambiguïté
		AlterationRemovedEvent			À_CLASSER		86	0 ou plusieurs candidats de même round-0 dans Game, aucun retenu sans ambiguïté
		AlterationsEvent			À_CLASSER		51	0 ou plusieurs candidats de même round-0 dans Game, aucun retenu sans ambiguïté
		AlterationsUpdateEvent			À_CLASSER		51	0 ou plusieurs candidats de même round-0 dans Game, aucun retenu sans ambiguïté
		Anomaly			À_CLASSER		158	0 ou plusieurs candidats de même round-0 dans Game, aucun retenu sans ambiguïté
		AnomalyOpenedEvent			À_CLASSER		15	0 ou plusieurs candidats de même round-0 dans Game, aucun retenu sans ambiguïté
		AnomalyStateEvent			À_CLASSER		25	0 ou plusieurs candidats de même round-0 dans Game, aucun retenu sans ambiguïté
		AnomalySubareaInformation			À_CLASSER		25	0 ou plusieurs candidats de même round-0 dans Game, aucun retenu sans ambiguïté
		AnomalySubareaInformationEvent			À_CLASSER		51	0 ou plusieurs candidats de même round-0 dans Game, aucun retenu sans ambiguïté
		AnomalySubareaInformationRequest			À_CLASSER		115	0 ou plusieurs candidats de même round-0 dans Game, aucun retenu sans ambiguïté
		AppearanceAuraRequestMessage			À_CLASSER		86	0 ou plusieurs candidats de même round-0 dans Game, aucun retenu sans ambiguïté
		AppearanceAuraResultMessage			À_CLASSER		115	0 ou plusieurs candidats de même round-0 dans Game, aucun retenu sans ambiguïté
		AppearanceItemWearRequestMessage			À_CLASSER		86	0 ou plusieurs candidats de même round-0 dans Game, aucun retenu sans ambiguïté
		AppearanceItemWornMessage			À_CLASSER		32	0 ou plusieurs candidats de même round-0 dans Game, aucun retenu sans ambiguïté
		AppearanceOpenRequestMessage			À_CLASSER		115	0 ou plusieurs candidats de même round-0 dans Game, aucun retenu sans ambiguïté
		AppearancePreviewLookMessage			À_CLASSER		32	0 ou plusieurs candidats de même round-0 dans Game, aucun retenu sans ambiguïté
		AppearanceSaveRequestMessage			À_CLASSER		32	0 ou plusieurs candidats de même round-0 dans Game, aucun retenu sans ambiguïté
		AppearanceSaveResultMessage			À_CLASSER		86	0 ou plusieurs candidats de même round-0 dans Game, aucun retenu sans ambiguïté
		AppearanceSlotSetRequestMessage			À_CLASSER		32	0 ou plusieurs candidats de même round-0 dans Game, aucun retenu sans ambiguïté
lya	14666	AppearanceSlotSetResultMessage	1.0	graine	DÉDUIT	jondo-proto	1	forme/champs graine — comparer contre une capture réelle du client vivant
		AppearanceSlotVisibilityRequestMessage			À_CLASSER		32	0 ou plusieurs candidats de même round-0 dans Game, aucun retenu sans ambiguïté
		AppearanceSlotVisibilityResultMessage			À_CLASSER		86	0 ou plusieurs candidats de même round-0 dans Game, aucun retenu sans ambiguïté
		AppearanceStateMessage			À_CLASSER		32	0 ou plusieurs candidats de même round-0 dans Game, aucun retenu sans ambiguïté
		AppearanceStateRequestMessage			À_CLASSER		86	0 ou plusieurs candidats de même round-0 dans Game, aucun retenu sans ambiguïté
		ApplicationInformation			À_CLASSER		86	0 ou plusieurs candidats de même round-0 dans Game, aucun retenu sans ambiguïté
		ApplySpellModifierEvent			À_CLASSER		51	0 ou plusieurs candidats de même round-0 dans Game, aucun retenu sans ambiguïté
		AreaFightModifierUpdateEvent			À_CLASSER		26	0 ou plusieurs candidats de même round-0 dans Game, aucun retenu sans ambiguïté
		ArenaFightAnswerRequest			À_CLASSER		0	nom clair SUSPECT (champs internes encore obfusqués, ex. `ebko` — otomai n'a pas fini de le renommer) — écarté du matching, pas un vrai candidat
		ArenaFightAnswerResponse			À_CLASSER		190	0 ou plusieurs candidats de même round-0 dans Game, aucun retenu sans ambiguïté
		ArenaFightPropositionEvent			À_CLASSER		7	0 ou plusieurs candidats de même round-0 dans Game, aucun retenu sans ambiguïté
		ArenaFighterIdleEvent			À_CLASSER		115	0 ou plusieurs candidats de même round-0 dans Game, aucun retenu sans ambiguïté
		ArenaFighterStatusEvent			À_CLASSER		66	0 ou plusieurs candidats de même round-0 dans Game, aucun retenu sans ambiguïté
		ArenaLeagueRewardsEvent			À_CLASSER		25	0 ou plusieurs candidats de même round-0 dans Game, aucun retenu sans ambiguïté
lsy	14448	ArenaPlayerBehavioursEvent	1.0	graine	DÉDUIT	gatherer,luaxy,otomai	1	forme/champs graine — comparer contre une capture réelle du client vivant
		ArenaRank			À_CLASSER		0	0 ou plusieurs candidats de même round-0 dans Game, aucun retenu sans ambiguïté
		ArenaRegisterRequest			À_CLASSER		115	0 ou plusieurs candidats de même round-0 dans Game, aucun retenu sans ambiguïté
		ArenaRegistrationStatusEvent			À_CLASSER		19	0 ou plusieurs candidats de même round-0 dans Game, aucun retenu sans ambiguïté
		ArenaRegistrationWarningEvent			À_CLASSER		115	0 ou plusieurs candidats de même round-0 dans Game, aucun retenu sans ambiguïté
		ArenaSwitchToFightServerEvent			À_CLASSER		0	nom clair SUSPECT (champs internes encore obfusqués, ex. `ebko` — otomai n'a pas fini de le renommer) — écarté du matching, pas un vrai candidat
		ArenaSwitchXpRewardsModeRequest			À_CLASSER		190	0 ou plusieurs candidats de même round-0 dans Game, aucun retenu sans ambiguïté
		ArenaUnregisterRequest			À_CLASSER		115	0 ou plusieurs candidats de même round-0 dans Game, aucun retenu sans ambiguïté
		ArenaUpdatePlayerInformationEvent			À_CLASSER		7	0 ou plusieurs candidats de même round-0 dans Game, aucun retenu sans ambiguïté
		AttackMonsterRequest			À_CLASSER		190	0 ou plusieurs candidats de même round-0 dans Game, aucun retenu sans ambiguïté
		AttackableStatus			À_CLASSER		11	0 ou plusieurs candidats de même round-0 dans Game, aucun retenu sans ambiguïté
		AuthenticationTicketAcceptedEvent			À_CLASSER		5	0 ou plusieurs candidats de même round-0 dans Connection, aucun retenu sans ambiguïté
		AuthenticationTicketAcceptedMessage			À_CLASSER		115	0 ou plusieurs candidats de même round-0 dans Game, aucun retenu sans ambiguïté
		AuthenticationTicketMessage			À_CLASSER		32	0 ou plusieurs candidats de même round-0 dans Game, aucun retenu sans ambiguïté
		AuthenticationTicketRefusedEvent			À_CLASSER		5	0 ou plusieurs candidats de même round-0 dans Connection, aucun retenu sans ambiguïté
		AutoFollowActivatedEvent			À_CLASSER		0	nom clair SUSPECT (champs internes encore obfusqués, ex. `ebko` — otomai n'a pas fini de le renommer) — écarté du matching, pas un vrai candidat
		AutoFollowActivationRequest			À_CLASSER		115	0 ou plusieurs candidats de même round-0 dans Game, aucun retenu sans ambiguïté
		AutoFollowActivationResponse			À_CLASSER		0	nom clair SUSPECT (champs internes encore obfusqués, ex. `ebko` — otomai n'a pas fini de le renommer) — écarté du matching, pas un vrai candidat
		AutoFollowDeactivatedEvent			À_CLASSER		0	nom clair SUSPECT (champs internes encore obfusqués, ex. `ebko` — otomai n'a pas fini de le renommer) — écarté du matching, pas un vrai candidat
		AutoFollowDeactivationRequest			À_CLASSER		115	0 ou plusieurs candidats de même round-0 dans Game, aucun retenu sans ambiguïté
		AutoFollowDeactivationResponse			À_CLASSER		0	nom clair SUSPECT (champs internes encore obfusqués, ex. `ebko` — otomai n'a pas fini de le renommer) — écarté du matching, pas un vrai candidat
		BakActionEvent			À_CLASSER		0	nom clair SUSPECT (champs internes encore obfusqués, ex. `ebko` — otomai n'a pas fini de le renommer) — écarté du matching, pas un vrai candidat
		BakActionRequest			À_CLASSER		4	0 ou plusieurs candidats de même round-0 dans Game, aucun retenu sans ambiguïté
		BakApiKeyEvent			À_CLASSER		0	nom clair SUSPECT (champs internes encore obfusqués, ex. `ebko` — otomai n'a pas fini de le renommer) — écarté du matching, pas un vrai candidat
		BakApiTokenRequest			À_CLASSER		115	0 ou plusieurs candidats de même round-0 dans Game, aucun retenu sans ambiguïté
		BakBufferListEvent			À_CLASSER		51	0 ou plusieurs candidats de même round-0 dans Game, aucun retenu sans ambiguïté
		BakBufferListRequest			À_CLASSER		190	0 ou plusieurs candidats de même round-0 dans Game, aucun retenu sans ambiguïté
		BakBuyValidationEvent			À_CLASSER		0	nom clair SUSPECT (champs internes encore obfusqués, ex. `ebko` — otomai n'a pas fini de le renommer) — écarté du matching, pas un vrai candidat
		BakCancelBidRequest			À_CLASSER		51	0 ou plusieurs candidats de même round-0 dans Game, aucun retenu sans ambiguïté
		BakConsumeBufferRequest			À_CLASSER		115	0 ou plusieurs candidats de même round-0 dans Game, aucun retenu sans ambiguïté
		BakShopTokenEvent			À_CLASSER		0	nom clair SUSPECT (champs internes encore obfusqués, ex. `ebko` — otomai n'a pas fini de le renommer) — écarté du matching, pas un vrai candidat
		BakShopTokenRequest			À_CLASSER		115	0 ou plusieurs candidats de même round-0 dans Game, aucun retenu sans ambiguïté
		BakTransactionValidationEvent			À_CLASSER		86	0 ou plusieurs candidats de même round-0 dans Game, aucun retenu sans ambiguïté
		BakTransactionValidationRequest			À_CLASSER		158	0 ou plusieurs candidats de même round-0 dans Game, aucun retenu sans ambiguïté
		BaseStatistics			À_CLASSER		0	nom clair SUSPECT (champs internes encore obfusqués, ex. `ebko` — otomai n'a pas fini de le renommer) — écarté du matching, pas un vrai candidat
		BasicAllianceInformation			À_CLASSER		158	0 ou plusieurs candidats de même round-0 dans Game, aucun retenu sans ambiguïté
		BasicLatencyStatsEvent			À_CLASSER		115	0 ou plusieurs candidats de même round-0 dans Game, aucun retenu sans ambiguïté
		BasicLatencyStatsRequest			À_CLASSER		190	0 ou plusieurs candidats de même round-0 dans Game, aucun retenu sans ambiguïté
		BasicPingMessage			À_CLASSER		11	0 ou plusieurs candidats de même round-0 dans Game, aucun retenu sans ambiguïté
		BasicPongMessage			À_CLASSER		32	0 ou plusieurs candidats de même round-0 dans Game, aucun retenu sans ambiguïté
		BasicTimeMessage			À_CLASSER		32	0 ou plusieurs candidats de même round-0 dans Game, aucun retenu sans ambiguïté
		BidActivitiesRequest			À_CLASSER		115	0 ou plusieurs candidats de même round-0 dans Game, aucun retenu sans ambiguïté
		BidActivity			À_CLASSER		0	nom clair SUSPECT (champs internes encore obfusqués, ex. `ebko` — otomai n'a pas fini de le renommer) — écarté du matching, pas un vrai candidat
		BidActivityResponse			À_CLASSER		0	nom clair SUSPECT (champs internes encore obfusqués, ex. `ebko` — otomai n'a pas fini de le renommer) — écarté du matching, pas un vrai candidat
		BidExchangerObject			À_CLASSER		0	0 ou plusieurs candidats de même round-0 dans Game, aucun retenu sans ambiguïté
		BidItem			À_CLASSER		0	nom clair SUSPECT (champs internes encore obfusqués, ex. `ebko` — otomai n'a pas fini de le renommer) — écarté du matching, pas un vrai candidat
		BidPriceForSeller			À_CLASSER		15	0 ou plusieurs candidats de même round-0 dans Game, aucun retenu sans ambiguïté
		BlockEvent			À_CLASSER		86	0 ou plusieurs candidats de même round-0 dans Game, aucun retenu sans ambiguïté
		BlockListEvent			À_CLASSER		51	0 ou plusieurs candidats de même round-0 dans Game, aucun retenu sans ambiguïté
		BlockListRequest			À_CLASSER		115	0 ou plusieurs candidats de même round-0 dans Game, aucun retenu sans ambiguïté
		BlockRequest			À_CLASSER		86	0 ou plusieurs candidats de même round-0 dans Game, aucun retenu sans ambiguïté
		BreachBonusEvent			À_CLASSER		0	nom clair SUSPECT (champs internes encore obfusqués, ex. `ebko` — otomai n'a pas fini de le renommer) — écarté du matching, pas un vrai candidat
		BreachBranch			À_CLASSER		0	0 ou plusieurs candidats de même round-0 dans Game, aucun retenu sans ambiguïté
		BreachBranchesEvent			À_CLASSER		51	0 ou plusieurs candidats de même round-0 dans Game, aucun retenu sans ambiguïté
		BreachBudgetEvent			À_CLASSER		0	nom clair SUSPECT (champs internes encore obfusqués, ex. `ebko` — otomai n'a pas fini de le renommer) — écarté du matching, pas un vrai candidat
htl	10096	BreachCharactersEvent	1.0	arrosage	DÉDUIT	gatherer,luaxy,otomai	1	forme/champs arrosage — comparer contre une capture réelle du client vivant
		BreachEnterEvent			À_CLASSER		0	nom clair SUSPECT (champs internes encore obfusqués, ex. `ebko` — otomai n'a pas fini de le renommer) — écarté du matching, pas un vrai candidat
		BreachExitRequest			À_CLASSER		190	0 ou plusieurs candidats de même round-0 dans Game, aucun retenu sans ambiguïté
		BreachExitResultEvent			À_CLASSER		0	nom clair SUSPECT (champs internes encore obfusqués, ex. `ebko` — otomai n'a pas fini de le renommer) — écarté du matching, pas un vrai candidat
		BreachInvitationAnswerRequest			À_CLASSER		190	0 ou plusieurs candidats de même round-0 dans Game, aucun retenu sans ambiguïté
		BreachInvitationCloseEvent			À_CLASSER		0	nom clair SUSPECT (champs internes encore obfusqués, ex. `ebko` — otomai n'a pas fini de le renommer) — écarté du matching, pas un vrai candidat
		BreachInvitationOfferEvent			À_CLASSER		61	0 ou plusieurs candidats de même round-0 dans Game, aucun retenu sans ambiguïté
		BreachInvitationRequest			À_CLASSER		0	nom clair SUSPECT (champs internes encore obfusqués, ex. `ebko` — otomai n'a pas fini de le renommer) — écarté du matching, pas un vrai candidat
		BreachKickRequest			À_CLASSER		190	0 ou plusieurs candidats de même round-0 dans Game, aucun retenu sans ambiguïté
		BreachReward			À_CLASSER		0	0 ou plusieurs candidats de même round-0 dans Game, aucun retenu sans ambiguïté
		BreachRewardBoughtEvent			À_CLASSER		158	0 ou plusieurs candidats de même round-0 dans Game, aucun retenu sans ambiguïté
		BreachRewardBuyRequest			À_CLASSER		190	0 ou plusieurs candidats de même round-0 dans Game, aucun retenu sans ambiguïté
		BreachRewardsEvent			À_CLASSER		51	0 ou plusieurs candidats de même round-0 dans Game, aucun retenu sans ambiguïté
		BreachRoomLockedEvent			À_CLASSER		115	0 ou plusieurs candidats de même round-0 dans Game, aucun retenu sans ambiguïté
		BreachRoomUnlockRequest			À_CLASSER		190	0 ou plusieurs candidats de même round-0 dans Game, aucun retenu sans ambiguïté
		BreachRoomUnlockResultEvent			À_CLASSER		51	0 ou plusieurs candidats de même round-0 dans Game, aucun retenu sans ambiguïté
		BreachSavedEvent			À_CLASSER		0	nom clair SUSPECT (champs internes encore obfusqués, ex. `ebko` — otomai n'a pas fini de le renommer) — écarté du matching, pas un vrai candidat
		BreachStateEvent			À_CLASSER		0	nom clair SUSPECT (champs internes encore obfusqués, ex. `ebko` — otomai n'a pas fini de le renommer) — écarté du matching, pas un vrai candidat
		BreachTeleportRequest			À_CLASSER		115	0 ou plusieurs candidats de même round-0 dans Game, aucun retenu sans ambiguïté
		BreachTeleportResultEvent			À_CLASSER		190	0 ou plusieurs candidats de même round-0 dans Game, aucun retenu sans ambiguïté
		BufferInformation			À_CLASSER		66	0 ou plusieurs candidats de même round-0 dans Game, aucun retenu sans ambiguïté
		CanCharacterBeCreatedResultEvent			À_CLASSER		0	nom clair SUSPECT (champs internes encore obfusqués, ex. `ebko` — otomai n'a pas fini de le renommer) — écarté du matching, pas un vrai candidat
		CanCreateCharacterRequest			À_CLASSER		26	0 ou plusieurs candidats de même round-0 dans Game, aucun retenu sans ambiguïté
		CarryCharacter			À_CLASSER		0	0 ou plusieurs candidats de même round-0 dans Game, aucun retenu sans ambiguïté
maz	14796	Challenge	1.0	graine	DÉDUIT	gatherer,luaxy,otomai	1	forme/champs graine — comparer contre une capture réelle du client vivant
		ChallengeAddEvent			À_CLASSER		115	0 ou plusieurs candidats de même round-0 dans Game, aucun retenu sans ambiguïté
		ChallengeBonusChoiceRequest			À_CLASSER		115	0 ou plusieurs candidats de même round-0 dans Game, aucun retenu sans ambiguïté
		ChallengeBonusChoiceSelectedEvent			À_CLASSER		115	0 ou plusieurs candidats de même round-0 dans Game, aucun retenu sans ambiguïté
		ChallengeListEvent			À_CLASSER		51	0 ou plusieurs candidats de même round-0 dans Game, aucun retenu sans ambiguïté
		ChallengeModSelectRequest			À_CLASSER		115	0 ou plusieurs candidats de même round-0 dans Game, aucun retenu sans ambiguïté
		ChallengeModSelectedEvent			À_CLASSER		115	0 ou plusieurs candidats de même round-0 dans Game, aucun retenu sans ambiguïté
		ChallengeNumberEvent			À_CLASSER		158	0 ou plusieurs candidats de même round-0 dans Game, aucun retenu sans ambiguïté
		ChallengeProposalEvent			À_CLASSER		7	0 ou plusieurs candidats de même round-0 dans Game, aucun retenu sans ambiguïté
		ChallengeReadyRequest			À_CLASSER		115	0 ou plusieurs candidats de même round-0 dans Game, aucun retenu sans ambiguïté
		ChallengeResultEvent			À_CLASSER		158	0 ou plusieurs candidats de même round-0 dans Game, aucun retenu sans ambiguïté
		ChallengeSelectedEvent			À_CLASSER		115	0 ou plusieurs candidats de même round-0 dans Game, aucun retenu sans ambiguïté
		ChallengeSelectionRequest			À_CLASSER		190	0 ou plusieurs candidats de même round-0 dans Game, aucun retenu sans ambiguïté
lpo	14305	ChallengeTarget	0.6	parent_drag	DÉDUIT	gatherer,luaxy,otomai	1	forme/champs parent_drag — comparer contre une capture réelle du client vivant
		ChallengeTargetsEvent			À_CLASSER		32	0 ou plusieurs candidats de même round-0 dans Game, aucun retenu sans ambiguïté
		ChallengeTargetsRequest			À_CLASSER		190	0 ou plusieurs candidats de même round-0 dans Game, aucun retenu sans ambiguïté
		ChallengeValidateRequest			À_CLASSER		190	0 ou plusieurs candidats de même round-0 dans Game, aucun retenu sans ambiguïté
		ChangeAppearanceDialogLeave			À_CLASSER		115	0 ou plusieurs candidats de même round-0 dans Game, aucun retenu sans ambiguïté
		ChangeAppearanceDialogResult			À_CLASSER		0	nom clair SUSPECT (champs internes encore obfusqués, ex. `ebko` — otomai n'a pas fini de le renommer) — écarté du matching, pas un vrai candidat
		ChangeAppearanceDialogStart			À_CLASSER		0	nom clair SUSPECT (champs internes encore obfusqués, ex. `ebko` — otomai n'a pas fini de le renommer) — écarté du matching, pas un vrai candidat
		ChangeLook			À_CLASSER		2	0 ou plusieurs candidats de même round-0 dans Game, aucun retenu sans ambiguïté
		ChangeMapMessage			À_CLASSER		32	0 ou plusieurs candidats de même round-0 dans Game, aucun retenu sans ambiguïté
		ChannelUpdateEvent			À_CLASSER		61	0 ou plusieurs candidats de même round-0 dans Game, aucun retenu sans ambiguïté
		Character			À_CLASSER		37	0 ou plusieurs candidats de même round-0 dans Game, aucun retenu sans ambiguïté
		CharacterAppearanceCollectionEvent			À_CLASSER		0	nom clair SUSPECT (champs internes encore obfusqués, ex. `ebko` — otomai n'a pas fini de le renommer) — écarté du matching, pas un vrai candidat
		CharacterAppearancesRequest			À_CLASSER		115	0 ou plusieurs candidats de même round-0 dans Game, aucun retenu sans ambiguïté
		CharacterAppearancesResponse			À_CLASSER		0	nom clair SUSPECT (champs internes encore obfusqués, ex. `ebko` — otomai n'a pas fini de le renommer) — écarté du matching, pas un vrai candidat
		CharacterBaseInformation			À_CLASSER		4	0 ou plusieurs candidats de même round-0 dans Game, aucun retenu sans ambiguïté
		CharacterBasicInformation			À_CLASSER		0	nom clair SUSPECT (champs internes encore obfusqués, ex. `ebko` — otomai n'a pas fini de le renommer) — écarté du matching, pas un vrai candidat
		CharacterCapabilitiesEvent			À_CLASSER		190	0 ou plusieurs candidats de même round-0 dans Game, aucun retenu sans ambiguïté
		CharacterChangeBreedRequest			À_CLASSER		0	0 ou plusieurs candidats de même round-0 dans Game, aucun retenu sans ambiguïté
		CharacterCharacteristic			À_CLASSER		3	0 ou plusieurs candidats de même round-0 dans Game, aucun retenu sans ambiguïté
		CharacterCharacteristicDetailed			À_CLASSER		5	0 ou plusieurs candidats de même round-0 dans Game, aucun retenu sans ambiguïté
		CharacterCharacteristicDetailedUsable			À_CLASSER		0	0 ou plusieurs candidats de même round-0 dans Game, aucun retenu sans ambiguïté
		CharacterCharacteristicUpgradeRequest			À_CLASSER		5	0 ou plusieurs candidats de même round-0 dans Game, aucun retenu sans ambiguïté
		CharacterCharacteristicUpgradeResultEvent			À_CLASSER		0	nom clair SUSPECT (champs internes encore obfusqués, ex. `ebko` — otomai n'a pas fini de le renommer) — écarté du matching, pas un vrai candidat
		CharacterCharacteristicValue			À_CLASSER		0	nom clair SUSPECT (champs internes encore obfusqués, ex. `ebko` — otomai n'a pas fini de le renommer) — écarté du matching, pas un vrai candidat
		CharacterCharacteristics			À_CLASSER		0	0 ou plusieurs candidats de même round-0 dans Game, aucun retenu sans ambiguïté
		CharacterCharacteristicsEvent			À_CLASSER		0	nom clair SUSPECT (champs internes encore obfusqués, ex. `ebko` — otomai n'a pas fini de le renommer) — écarté du matching, pas un vrai candidat
		CharacterColors			À_CLASSER		0	nom clair SUSPECT (champs internes encore obfusqués, ex. `ebko` — otomai n'a pas fini de le renommer) — écarté du matching, pas un vrai candidat
		CharacterColorsUpdatedEvent			À_CLASSER		0	nom clair SUSPECT (champs internes encore obfusqués, ex. `ebko` — otomai n'a pas fini de le renommer) — écarté du matching, pas un vrai candidat
		CharacterCreationRequest			À_CLASSER		115	0 ou plusieurs candidats de même round-0 dans Game, aucun retenu sans ambiguïté
		CharacterCreationRequestMessage			À_CLASSER		115	0 ou plusieurs candidats de même round-0 dans Game, aucun retenu sans ambiguïté
		CharacterCreationResultEvent			À_CLASSER		0	nom clair SUSPECT (champs internes encore obfusqués, ex. `ebko` — otomai n'a pas fini de le renommer) — écarté du matching, pas un vrai candidat
		CharacterCreationResultMessage			À_CLASSER		32	0 ou plusieurs candidats de même round-0 dans Game, aucun retenu sans ambiguïté
		CharacterDeletionErrorEvent			À_CLASSER		0	nom clair SUSPECT (champs internes encore obfusqués, ex. `ebko` — otomai n'a pas fini de le renommer) — écarté du matching, pas un vrai candidat
		CharacterDeletionPrepareEvent			À_CLASSER		25	0 ou plusieurs candidats de même round-0 dans Game, aucun retenu sans ambiguïté
		CharacterDeletionRequest			À_CLASSER		158	0 ou plusieurs candidats de même round-0 dans Game, aucun retenu sans ambiguïté
		CharacterEpicInformation			À_CLASSER		20	0 ou plusieurs candidats de même round-0 dans Game, aucun retenu sans ambiguïté
		CharacterExperienceGainEvent			À_CLASSER		66	0 ou plusieurs candidats de même round-0 dans Game, aucun retenu sans ambiguïté
		CharacterFaceUpdatedEvent			À_CLASSER		0	nom clair SUSPECT (champs internes encore obfusqués, ex. `ebko` — otomai n'a pas fini de le renommer) — écarté du matching, pas un vrai candidat
		CharacterFaces			À_CLASSER		0	nom clair SUSPECT (champs internes encore obfusqués, ex. `ebko` — otomai n'a pas fini de le renommer) — écarté du matching, pas un vrai candidat
		CharacterFillSlotColorsRequest			À_CLASSER		0	nom clair SUSPECT (champs internes encore obfusqués, ex. `ebko` — otomai n'a pas fini de le renommer) — écarté du matching, pas un vrai candidat
		CharacterFillSlotColorsResponse			À_CLASSER		0	nom clair SUSPECT (champs internes encore obfusqués, ex. `ebko` — otomai n'a pas fini de le renommer) — écarté du matching, pas un vrai candidat
		CharacterFillSlotFaceRequest			À_CLASSER		0	nom clair SUSPECT (champs internes encore obfusqués, ex. `ebko` — otomai n'a pas fini de le renommer) — écarté du matching, pas un vrai candidat
		CharacterFillSlotFaceResponse			À_CLASSER		0	nom clair SUSPECT (champs internes encore obfusqués, ex. `ebko` — otomai n'a pas fini de le renommer) — écarté du matching, pas un vrai candidat
		CharacterFirstSelectionMessage			À_CLASSER		86	0 ou plusieurs candidats de même round-0 dans Game, aucun retenu sans ambiguïté
		CharacterFirstSelectionRequest			À_CLASSER		158	0 ou plusieurs candidats de même round-0 dans Game, aucun retenu sans ambiguïté
		CharacterForceSelectionEvent			À_CLASSER		158	0 ou plusieurs candidats de même round-0 dans Game, aucun retenu sans ambiguïté
		CharacterForceSelectionReadyRequest			À_CLASSER		115	0 ou plusieurs candidats de même round-0 dans Game, aucun retenu sans ambiguïté
mjg	39042	CharacterInformation	0.6	parent_drag	DÉDUIT	gatherer,luaxy,otomai	1	forme/champs parent_drag — comparer contre une capture réelle du client vivant
		CharacterLevelUpEvent			À_CLASSER		190	0 ou plusieurs candidats de même round-0 dans Game, aucun retenu sans ambiguïté
		CharacterLifeStatusEvent			À_CLASSER		61	0 ou plusieurs candidats de même round-0 dans Game, aucun retenu sans ambiguïté
		CharacterListErrorEvent			À_CLASSER		115	0 ou plusieurs candidats de même round-0 dans Game, aucun retenu sans ambiguïté
		CharacterListEvent			À_CLASSER		51	0 ou plusieurs candidats de même round-0 dans Game, aucun retenu sans ambiguïté
		CharacterListRequest			À_CLASSER		115	0 ou plusieurs candidats de même round-0 dans Game, aucun retenu sans ambiguïté
		CharacterListResponse			À_CLASSER		0	0 ou plusieurs candidats de même round-0 dans Connection, aucun retenu sans ambiguïté
		CharacterListWithRemodelingEvent			À_CLASSER		12	0 ou plusieurs candidats de même round-0 dans Game, aucun retenu sans ambiguïté
		CharacterLoadingCompleteEvent			À_CLASSER		115	0 ou plusieurs candidats de même round-0 dans Game, aucun retenu sans ambiguïté
		CharacterLook			À_CLASSER		0	0 ou plusieurs candidats de même round-0 dans Game, aucun retenu sans ambiguïté
		CharacterNameGenerationFailedEvent			À_CLASSER		0	nom clair SUSPECT (champs internes encore obfusqués, ex. `ebko` — otomai n'a pas fini de le renommer) — écarté du matching, pas un vrai candidat
		CharacterNameSuggestionEvent			À_CLASSER		158	0 ou plusieurs candidats de même round-0 dans Game, aucun retenu sans ambiguïté
		CharacterNameSuggestionRequest			À_CLASSER		26	0 ou plusieurs candidats de même round-0 dans Game, aucun retenu sans ambiguïté
		CharacterNameSuggestionSuccessMessage			À_CLASSER		115	0 ou plusieurs candidats de même round-0 dans Game, aucun retenu sans ambiguïté
		CharacterOnConnectionEvent			À_CLASSER		115	0 ou plusieurs candidats de même round-0 dans Game, aucun retenu sans ambiguïté
		CharacterPresetCreateRequest			À_CLASSER		0	nom clair SUSPECT (champs internes encore obfusqués, ex. `ebko` — otomai n'a pas fini de le renommer) — écarté du matching, pas un vrai candidat
		CharacterPresetCreateResponse			À_CLASSER		32	0 ou plusieurs candidats de même round-0 dans Game, aucun retenu sans ambiguïté
		CharacterPresetCurrentStateRequest			À_CLASSER		115	0 ou plusieurs candidats de même round-0 dans Game, aucun retenu sans ambiguïté
		CharacterPresetCurrentStateResponse			À_CLASSER		0	nom clair SUSPECT (champs internes encore obfusqués, ex. `ebko` — otomai n'a pas fini de le renommer) — écarté du matching, pas un vrai candidat
		CharacterPresetInfo			À_CLASSER		0	0 ou plusieurs candidats de même round-0 dans Game, aucun retenu sans ambiguïté
		CharacterPresetInfoByIdEntry			À_CLASSER		0	nom clair SUSPECT (champs internes encore obfusqués, ex. `ebko` — otomai n'a pas fini de le renommer) — écarté du matching, pas un vrai candidat
		CharacterPresetInfoRequest			À_CLASSER		190	0 ou plusieurs candidats de même round-0 dans Game, aucun retenu sans ambiguïté
		CharacterPresetInfoResponse			À_CLASSER		51	0 ou plusieurs candidats de même round-0 dans Game, aucun retenu sans ambiguïté
		CharacterPresetResetRequest			À_CLASSER		0	nom clair SUSPECT (champs internes encore obfusqués, ex. `ebko` — otomai n'a pas fini de le renommer) — écarté du matching, pas un vrai candidat
		CharacterPresetResetResponse			À_CLASSER		51	0 ou plusieurs candidats de même round-0 dans Game, aucun retenu sans ambiguïté
		CharacterPresetSetRequest			À_CLASSER		0	nom clair SUSPECT (champs internes encore obfusqués, ex. `ebko` — otomai n'a pas fini de le renommer) — écarté du matching, pas un vrai candidat
		CharacterPresetSetResponse			À_CLASSER		51	0 ou plusieurs candidats de même round-0 dans Game, aucun retenu sans ambiguïté
		CharacterRemodelingInformation			À_CLASSER		0	0 ou plusieurs candidats de même round-0 dans Game, aucun retenu sans ambiguïté
		CharacterRenameRequest			À_CLASSER		0	nom clair SUSPECT (champs internes encore obfusqués, ex. `ebko` — otomai n'a pas fini de le renommer) — écarté du matching, pas un vrai candidat
		CharacterReplayRequest			À_CLASSER		190	0 ou plusieurs candidats de même round-0 dans Game, aucun retenu sans ambiguïté
		CharacterReplayWithRemodelRequest			À_CLASSER		51	0 ou plusieurs candidats de même round-0 dans Game, aucun retenu sans ambiguïté
		CharacterRestrictionsEvent			À_CLASSER		2	0 ou plusieurs candidats de même round-0 dans Game, aucun retenu sans ambiguïté
		CharacterSelectedSuccessMessage			À_CLASSER		86	0 ou plusieurs candidats de même round-0 dans Game, aucun retenu sans ambiguïté
		CharacterSelectionEvent			À_CLASSER		86	0 ou plusieurs candidats de même round-0 dans Game, aucun retenu sans ambiguïté
		CharacterSelectionMessage			À_CLASSER		115	0 ou plusieurs candidats de même round-0 dans Game, aucun retenu sans ambiguïté
		CharacterSelectionRequest			À_CLASSER		190	0 ou plusieurs candidats de même round-0 dans Game, aucun retenu sans ambiguïté
		CharacterSelectionWithRemodelRequest			À_CLASSER		51	0 ou plusieurs candidats de même round-0 dans Game, aucun retenu sans ambiguïté
		CharacterStatsListMessage			À_CLASSER		86	0 ou plusieurs candidats de même round-0 dans Game, aucun retenu sans ambiguïté
		CharacterStatus			À_CLASSER		61	0 ou plusieurs candidats de même round-0 dans Game, aucun retenu sans ambiguïté
		CharacterToRemodelInformation			À_CLASSER		158	0 ou plusieurs candidats de même round-0 dans Game, aucun retenu sans ambiguïté
		CharacterUpdateBreedRequest			À_CLASSER		0	nom clair SUSPECT (champs internes encore obfusqués, ex. `ebko` — otomai n'a pas fini de le renommer) — écarté du matching, pas un vrai candidat
		CharacterUpdateColorsRequest			À_CLASSER		0	nom clair SUSPECT (champs internes encore obfusqués, ex. `ebko` — otomai n'a pas fini de le renommer) — écarté du matching, pas un vrai candidat
		CharacterUpdateFaceRequest			À_CLASSER		0	nom clair SUSPECT (champs internes encore obfusqués, ex. `ebko` — otomai n'a pas fini de le renommer) — écarté du matching, pas un vrai candidat
		CharacterUpdateGenderRequest			À_CLASSER		0	nom clair SUSPECT (champs internes encore obfusqués, ex. `ebko` — otomai n'a pas fini de le renommer) — écarté du matching, pas un vrai candidat
		CharacterUpdatedBreedEvent			À_CLASSER		0	nom clair SUSPECT (champs internes encore obfusqués, ex. `ebko` — otomai n'a pas fini de le renommer) — écarté du matching, pas un vrai candidat
		CharacterUpdatedGenderEvent			À_CLASSER		0	nom clair SUSPECT (champs internes encore obfusqués, ex. `ebko` — otomai n'a pas fini de le renommer) — écarté du matching, pas un vrai candidat
		CharacterUpdatedNameEvent			À_CLASSER		0	nom clair SUSPECT (champs internes encore obfusqués, ex. `ebko` — otomai n'a pas fini de le renommer) — écarté du matching, pas un vrai candidat
		CharacteristicDetailsByIdEntry			À_CLASSER		0	nom clair SUSPECT (champs internes encore obfusqués, ex. `ebko` — otomai n'a pas fini de le renommer) — écarté du matching, pas un vrai candidat
		CharacteristicsDetails			À_CLASSER		5	0 ou plusieurs candidats de même round-0 dans Game, aucun retenu sans ambiguïté
		CharacteristicsInfo			À_CLASSER		51	0 ou plusieurs candidats de même round-0 dans Game, aucun retenu sans ambiguïté
		CharactersListEndMessage			À_CLASSER		115	0 ou plusieurs candidats de même round-0 dans Game, aucun retenu sans ambiguïté
		CharactersListMessage			À_CLASSER		51	0 ou plusieurs candidats de même round-0 dans Game, aucun retenu sans ambiguïté
		CharactersListRequestMessage			À_CLASSER		86	0 ou plusieurs candidats de même round-0 dans Game, aucun retenu sans ambiguïté
		CharactersRequest			À_CLASSER		5	0 ou plusieurs candidats de même round-0 dans Connection, aucun retenu sans ambiguïté
		ChatChannelMessageEvent			À_CLASSER		0	0 ou plusieurs candidats de même round-0 dans Game, aucun retenu sans ambiguïté
heg	9459	ChatChannelMessageRequest	0.857	arrosage	DÉDUIT	gatherer,luaxy,otomai	1	forme/champs arrosage — comparer contre une capture réelle du client vivant
lgz	13955	ChatChannelsEnabledEvent	0.857	arrosage	DÉDUIT	gatherer,luaxy,otomai	1	forme/champs arrosage — comparer contre une capture réelle du client vivant
		ChatClientMultiMessage			À_CLASSER		32	0 ou plusieurs candidats de même round-0 dans Game, aucun retenu sans ambiguïté
		ChatErrorEvent			À_CLASSER		0	nom clair SUSPECT (champs internes encore obfusqués, ex. `ebko` — otomai n'a pas fini de le renommer) — écarté du matching, pas un vrai candidat
		ChatPrivateCopyMessageEvent			À_CLASSER		0	0 ou plusieurs candidats de même round-0 dans Game, aucun retenu sans ambiguïté
		ChatPrivateMessageRequest			À_CLASSER		0	nom clair SUSPECT (champs internes encore obfusqués, ex. `ebko` — otomai n'a pas fini de le renommer) — écarté du matching, pas un vrai candidat
		ChatServerMessage			À_CLASSER		0	0 ou plusieurs candidats de même round-0 dans Game, aucun retenu sans ambiguïté
		ChestActivity			À_CLASSER		0	0 ou plusieurs candidats de même round-0 dans Game, aucun retenu sans ambiguïté
		Choice			À_CLASSER		158	0 ou plusieurs candidats de même round-0 dans Game, aucun retenu sans ambiguïté
		ChoiceSelectedEvent			À_CLASSER		190	0 ou plusieurs candidats de même round-0 dans Game, aucun retenu sans ambiguïté
		ChoiceSelectedRequest			À_CLASSER		190	0 ou plusieurs candidats de même round-0 dans Game, aucun retenu sans ambiguïté
		ChoiceSelectionEvent			À_CLASSER		7	0 ou plusieurs candidats de même round-0 dans Game, aucun retenu sans ambiguïté
		CinematicEvent			À_CLASSER		190	0 ou plusieurs candidats de même round-0 dans Game, aucun retenu sans ambiguïté
		ClientChallengeInitRequest			À_CLASSER		190	0 ou plusieurs candidats de même round-0 dans Game, aucun retenu sans ambiguïté
		ClientChallengeProofRequest			À_CLASSER		0	nom clair SUSPECT (champs internes encore obfusqués, ex. `ebko` — otomai n'a pas fini de le renommer) — écarté du matching, pas un vrai candidat
		ClientIdRequest			À_CLASSER		190	0 ou plusieurs candidats de même round-0 dans Game, aucun retenu sans ambiguïté
		ClientUIOpenedEvent			À_CLASSER		1	0 ou plusieurs candidats de même round-0 dans Game, aucun retenu sans ambiguïté
		Collect			À_CLASSER		0	nom clair SUSPECT (champs internes encore obfusqués, ex. `ebko` — otomai n'a pas fini de le renommer) — écarté du matching, pas un vrai candidat
		ColorPalette			À_CLASSER		0	nom clair SUSPECT (champs internes encore obfusqués, ex. `ebko` — otomai n'a pas fini de le renommer) — écarté du matching, pas un vrai candidat
		Command			À_CLASSER		66	0 ou plusieurs candidats de même round-0 dans Game, aucun retenu sans ambiguïté
hki	9720	CommandSummary	0.8	arrosage	DÉDUIT	gatherer,luaxy,otomai	1	forme/champs arrosage — comparer contre une capture réelle du client vivant
		Companion			À_CLASSER		12	0 ou plusieurs candidats de même round-0 dans Game, aucun retenu sans ambiguïté
		CompassResetEvent			À_CLASSER		0	nom clair SUSPECT (champs internes encore obfusqués, ex. `ebko` — otomai n'a pas fini de le renommer) — écarté du matching, pas un vrai candidat
		CompassUpdateEvent			À_CLASSER		4	0 ou plusieurs candidats de même round-0 dans Game, aucun retenu sans ambiguïté
		Completion			À_CLASSER		158	0 ou plusieurs candidats de même round-0 dans Game, aucun retenu sans ambiguïté
		ConsoleCommand			À_CLASSER		66	0 ou plusieurs candidats de même round-0 dans Game, aucun retenu sans ambiguïté
		ConsoleEnd			À_CLASSER		190	0 ou plusieurs candidats de même round-0 dans Game, aucun retenu sans ambiguïté
		ConsoleMessage			À_CLASSER		51	0 ou plusieurs candidats de même round-0 dans Game, aucun retenu sans ambiguïté
		ContactInformation			À_CLASSER		23	0 ou plusieurs candidats de même round-0 dans Game, aucun retenu sans ambiguïté
		ContactLevelUpEvent			À_CLASSER		0	nom clair SUSPECT (champs internes encore obfusqués, ex. `ebko` — otomai n'a pas fini de le renommer) — écarté du matching, pas un vrai candidat
		ContactLookErrorEvent			À_CLASSER		190	0 ou plusieurs candidats de même round-0 dans Game, aucun retenu sans ambiguïté
		ContactLookEvent			À_CLASSER		4	0 ou plusieurs candidats de même round-0 dans Game, aucun retenu sans ambiguïté
		ContactLookRequest			À_CLASSER		0	0 ou plusieurs candidats de même round-0 dans Game, aucun retenu sans ambiguïté
		ContactWarnOnAchievementCompleteSetRequest			À_CLASSER		0	nom clair SUSPECT (champs internes encore obfusqués, ex. `ebko` — otomai n'a pas fini de le renommer) — écarté du matching, pas un vrai candidat
		ContactWarnOnAchievementCompleteStateEvent			À_CLASSER		0	nom clair SUSPECT (champs internes encore obfusqués, ex. `ebko` — otomai n'a pas fini de le renommer) — écarté du matching, pas un vrai candidat
		ContactWarnOnPermanentDeathSetRequest			À_CLASSER		0	nom clair SUSPECT (champs internes encore obfusqués, ex. `ebko` — otomai n'a pas fini de le renommer) — écarté du matching, pas un vrai candidat
		ContactsListMessage			À_CLASSER		11	0 ou plusieurs candidats de même round-0 dans Game, aucun retenu sans ambiguïté
		ContentCatalogVersionMessage			À_CLASSER		115	0 ou plusieurs candidats de même round-0 dans Game, aucun retenu sans ambiguïté
		ContextCreationEvent			À_CLASSER		86	0 ou plusieurs candidats de même round-0 dans Game, aucun retenu sans ambiguïté
		ContextCreationRequest			À_CLASSER		115	0 ou plusieurs candidats de même round-0 dans Game, aucun retenu sans ambiguïté
		ContextDestroyEvent			À_CLASSER		190	0 ou plusieurs candidats de même round-0 dans Game, aucun retenu sans ambiguïté
		ContextKickRequest			À_CLASSER		15	0 ou plusieurs candidats de même round-0 dans Game, aucun retenu sans ambiguïté
		ContextQuitRequest			À_CLASSER		115	0 ou plusieurs candidats de même round-0 dans Game, aucun retenu sans ambiguïté
		ContextReadyRequest			À_CLASSER		190	0 ou plusieurs candidats de même round-0 dans Game, aucun retenu sans ambiguïté
		ContextRefreshEntityLookEvent			À_CLASSER		51	0 ou plusieurs candidats de même round-0 dans Game, aucun retenu sans ambiguïté
		ContextRemoveElementEvent			À_CLASSER		158	0 ou plusieurs candidats de même round-0 dans Game, aucun retenu sans ambiguïté
		ContextRemoveElementsEvent			À_CLASSER		26	0 ou plusieurs candidats de même round-0 dans Game, aucun retenu sans ambiguïté
		Contribution			À_CLASSER		66	0 ou plusieurs candidats de même round-0 dans Game, aucun retenu sans ambiguïté
		CosmeticInventoryAddObjectRequest			À_CLASSER		0	nom clair SUSPECT (champs internes encore obfusqués, ex. `ebko` — otomai n'a pas fini de le renommer) — écarté du matching, pas un vrai candidat
		CosmeticInventoryAddObjectResponse			À_CLASSER		0	nom clair SUSPECT (champs internes encore obfusqués, ex. `ebko` — otomai n'a pas fini de le renommer) — écarté du matching, pas un vrai candidat
		CosmeticInventoryAddObjectsRequest			À_CLASSER		0	nom clair SUSPECT (champs internes encore obfusqués, ex. `ebko` — otomai n'a pas fini de le renommer) — écarté du matching, pas un vrai candidat
		CosmeticInventoryAddObjectsResponse			À_CLASSER		0	nom clair SUSPECT (champs internes encore obfusqués, ex. `ebko` — otomai n'a pas fini de le renommer) — écarté du matching, pas un vrai candidat
		CosmeticInventoryAddedEvent			À_CLASSER		0	nom clair SUSPECT (champs internes encore obfusqués, ex. `ebko` — otomai n'a pas fini de le renommer) — écarté du matching, pas un vrai candidat
		CosmeticInventoryLivingObjectFeedRequest			À_CLASSER		158	0 ou plusieurs candidats de même round-0 dans Game, aucun retenu sans ambiguïté
		CosmeticInventoryLivingObjectFeedResponse			À_CLASSER		51	0 ou plusieurs candidats de même round-0 dans Game, aucun retenu sans ambiguïté
		CosmeticInventoryLoadedEvent			À_CLASSER		51	0 ou plusieurs candidats de même round-0 dans Game, aucun retenu sans ambiguïté
		CosmeticInventoryPopObjectRequest			À_CLASSER		0	nom clair SUSPECT (champs internes encore obfusqués, ex. `ebko` — otomai n'a pas fini de le renommer) — écarté du matching, pas un vrai candidat
		CosmeticInventoryPopObjectResponse			À_CLASSER		190	0 ou plusieurs candidats de même round-0 dans Game, aucun retenu sans ambiguïté
		CosmeticInventoryPopObjectsRequest			À_CLASSER		0	nom clair SUSPECT (champs internes encore obfusqués, ex. `ebko` — otomai n'a pas fini de le renommer) — écarté du matching, pas un vrai candidat
		CosmeticInventoryPopObjectsResponse			À_CLASSER		0	nom clair SUSPECT (champs internes encore obfusqués, ex. `ebko` — otomai n'a pas fini de le renommer) — écarté du matching, pas un vrai candidat
		Craft			À_CLASSER		190	0 ou plusieurs candidats de même round-0 dans Game, aucun retenu sans ambiguïté
		CurrentGlobalChoiceSelectionEvent			À_CLASSER		0	nom clair SUSPECT (champs internes encore obfusqués, ex. `ebko` — otomai n'a pas fini de le renommer) — écarté du matching, pas un vrai candidat
		CurrentMapMessage			À_CLASSER		86	0 ou plusieurs candidats de même round-0 dans Game, aucun retenu sans ambiguïté
		CurrentServerStatusUpdateEvent			À_CLASSER		0	nom clair SUSPECT (champs internes encore obfusqués, ex. `ebko` — otomai n'a pas fini de le renommer) — écarté du matching, pas un vrai candidat
		DateEvent			À_CLASSER		0	nom clair SUSPECT (champs internes encore obfusqués, ex. `ebko` — otomai n'a pas fini de le renommer) — écarté du matching, pas un vrai candidat
		DateRequest			À_CLASSER		115	0 ou plusieurs candidats de même round-0 dans Game, aucun retenu sans ambiguïté
		Death			À_CLASSER		158	0 ou plusieurs candidats de même round-0 dans Game, aucun retenu sans ambiguïté
		DebtInformation			À_CLASSER		66	0 ou plusieurs candidats de même round-0 dans Game, aucun retenu sans ambiguïté
		DebtsDeleteEvent			À_CLASSER		0	nom clair SUSPECT (champs internes encore obfusqués, ex. `ebko` — otomai n'a pas fini de le renommer) — écarté du matching, pas un vrai candidat
		DebtsUpdateEvent			À_CLASSER		0	nom clair SUSPECT (champs internes encore obfusqués, ex. `ebko` — otomai n'a pas fini de le renommer) — écarté du matching, pas un vrai candidat
		DebugClearHighlightCellsEvent			À_CLASSER		115	0 ou plusieurs candidats de même round-0 dans Game, aucun retenu sans ambiguïté
		DebugHighlightCellsEvent			À_CLASSER		0	nom clair SUSPECT (champs internes encore obfusqués, ex. `ebko` — otomai n'a pas fini de le renommer) — écarté du matching, pas un vrai candidat
		DebugInClientEvent			À_CLASSER		61	0 ou plusieurs candidats de même round-0 dans Game, aucun retenu sans ambiguïté
		DecraftResultEvent			À_CLASSER		51	0 ou plusieurs candidats de même round-0 dans Game, aucun retenu sans ambiguïté
		DecraftedItem			À_CLASSER		0	0 ou plusieurs candidats de même round-0 dans Game, aucun retenu sans ambiguïté
		DelayedActionCancelRequest			À_CLASSER		115	0 ou plusieurs candidats de même round-0 dans Game, aucun retenu sans ambiguïté
		DelayedActionEvent			À_CLASSER		11	0 ou plusieurs candidats de même round-0 dans Game, aucun retenu sans ambiguïté
		DelayedActionFinishedEvent			À_CLASSER		19	0 ou plusieurs candidats de même round-0 dans Game, aucun retenu sans ambiguïté
		DetailedStatistics			À_CLASSER		0	nom clair SUSPECT (champs internes encore obfusqués, ex. `ebko` — otomai n'a pas fini de le renommer) — écarté du matching, pas un vrai candidat
		Details			À_CLASSER		7	0 ou plusieurs candidats de même round-0 dans Game, aucun retenu sans ambiguïté
		DialogLeaveEvent			À_CLASSER		115	0 ou plusieurs candidats de même round-0 dans Game, aucun retenu sans ambiguïté
		DialogLeaveRequest			À_CLASSER		115	0 ou plusieurs candidats de même round-0 dans Game, aucun retenu sans ambiguïté
		DiceRollRequest			À_CLASSER		0	nom clair SUSPECT (champs internes encore obfusqués, ex. `ebko` — otomai n'a pas fini de le renommer) — écarté du matching, pas un vrai candidat
		Dig			À_CLASSER		115	0 ou plusieurs candidats de même round-0 dans Game, aucun retenu sans ambiguïté
		DisplayNumericalValuePaddockEvent			À_CLASSER		0	nom clair SUSPECT (champs internes encore obfusqués, ex. `ebko` — otomai n'a pas fini de le renommer) — écarté du matching, pas un vrai candidat
		DocumentReadingBeginEvent			À_CLASSER		190	0 ou plusieurs candidats de même round-0 dans Game, aucun retenu sans ambiguïté
		DodgePointLoss			À_CLASSER		158	0 ou plusieurs candidats de même round-0 dans Game, aucun retenu sans ambiguïté
		DropCharacter			À_CLASSER		0	0 ou plusieurs candidats de même round-0 dans Game, aucun retenu sans ambiguïté
		DumpedEntityStatsEvent			À_CLASSER		7	0 ou plusieurs candidats de même round-0 dans Game, aucun retenu sans ambiguïté
		EffectRemove			À_CLASSER		158	0 ou plusieurs candidats de même round-0 dans Game, aucun retenu sans ambiguïté
		Element			À_CLASSER		66	0 ou plusieurs candidats de même round-0 dans Game, aucun retenu sans ambiguïté
		EmoteAddedEvent			À_CLASSER		190	0 ou plusieurs candidats de même round-0 dans Game, aucun retenu sans ambiguïté
		EmoteMassivePlayEvent			À_CLASSER		10	0 ou plusieurs candidats de même round-0 dans Game, aucun retenu sans ambiguïté
		EmoteOption			À_CLASSER		158	0 ou plusieurs candidats de même round-0 dans Game, aucun retenu sans ambiguïté
		EmotePlayErrorEvent			À_CLASSER		158	0 ou plusieurs candidats de même round-0 dans Game, aucun retenu sans ambiguïté
		EmotePlayEvent			À_CLASSER		25	0 ou plusieurs candidats de même round-0 dans Game, aucun retenu sans ambiguïté
		EmotePlayRequest			À_CLASSER		158	0 ou plusieurs candidats de même round-0 dans Game, aucun retenu sans ambiguïté
		EmoteRemovedEvent			À_CLASSER		190	0 ou plusieurs candidats de même round-0 dans Game, aucun retenu sans ambiguïté
		EmotesEvent			À_CLASSER		26	0 ou plusieurs candidats de même round-0 dans Game, aucun retenu sans ambiguïté
		EmptyPreset			À_CLASSER		115	0 ou plusieurs candidats de même round-0 dans Game, aucun retenu sans ambiguïté
		EnterHavenBagRequestMessage			À_CLASSER		86	0 ou plusieurs candidats de même round-0 dans Game, aucun retenu sans ambiguïté
		EntitiesDispositionEvent			À_CLASSER		12	0 ou plusieurs candidats de même round-0 dans Game, aucun retenu sans ambiguïté
		EntityDisposition			À_CLASSER		5	0 ou plusieurs candidats de même round-0 dans Game, aucun retenu sans ambiguïté
		EntityDispositionErrorEvent			À_CLASSER		115	0 ou plusieurs candidats de même round-0 dans Game, aucun retenu sans ambiguïté
		EntityFighterInformation			À_CLASSER		66	0 ou plusieurs candidats de même round-0 dans Game, aucun retenu sans ambiguïté
		EntityLook			À_CLASSER		0	0 ou plusieurs candidats de même round-0 dans Game, aucun retenu sans ambiguïté
		EntityMember			À_CLASSER		51	0 ou plusieurs candidats de même round-0 dans Game, aucun retenu sans ambiguïté
		EntitySpawnInformation			À_CLASSER		1	0 ou plusieurs candidats de même round-0 dans Game, aucun retenu sans ambiguïté
jlp	11960	EntityTalkEvent	1.0	arrosage	DÉDUIT	gatherer,luaxy,otomai	1	forme/champs arrosage — comparer contre une capture réelle du client vivant
		Equipment			À_CLASSER		0	nom clair SUSPECT (champs internes encore obfusqués, ex. `ebko` — otomai n'a pas fini de le renommer) — écarté du matching, pas un vrai candidat
		EquipmentByPositionEntry			À_CLASSER		0	nom clair SUSPECT (champs internes encore obfusqués, ex. `ebko` — otomai n'a pas fini de le renommer) — écarté du matching, pas un vrai candidat
		EquipmentRefresh			À_CLASSER		86	0 ou plusieurs candidats de même round-0 dans Game, aucun retenu sans ambiguïté
		Error			À_CLASSER		115	0 ou plusieurs candidats de même round-0 dans Game, aucun retenu sans ambiguïté
		Event			À_CLASSER		115	0 ou plusieurs candidats de même round-0 dans Game, aucun retenu sans ambiguïté
		ExchangeAcceptRequest			À_CLASSER		115	0 ou plusieurs candidats de même round-0 dans Game, aucun retenu sans ambiguïté
		ExchangeBidBuyerStartedEvent			À_CLASSER		115	0 ou plusieurs candidats de même round-0 dans Game, aucun retenu sans ambiguïté
		ExchangeBidHouseBuyRequest			À_CLASSER		66	0 ou plusieurs candidats de même round-0 dans Game, aucun retenu sans ambiguïté
		ExchangeBidHouseBuyResultEvent			À_CLASSER		158	0 ou plusieurs candidats de même round-0 dans Game, aucun retenu sans ambiguïté
		ExchangeBidHouseGenericItemAddedEvent			À_CLASSER		190	0 ou plusieurs candidats de même round-0 dans Game, aucun retenu sans ambiguïté
		ExchangeBidHouseGenericItemRemovedEvent			À_CLASSER		51	0 ou plusieurs candidats de même round-0 dans Game, aucun retenu sans ambiguïté
		ExchangeBidHouseInListAddedEvent			À_CLASSER		0	0 ou plusieurs candidats de même round-0 dans Game, aucun retenu sans ambiguïté
		ExchangeBidHouseInListRemovedEvent			À_CLASSER		66	0 ou plusieurs candidats de même round-0 dans Game, aucun retenu sans ambiguïté
		ExchangeBidHouseInListUpdatedEvent			À_CLASSER		0	0 ou plusieurs candidats de même round-0 dans Game, aucun retenu sans ambiguïté
		ExchangeBidHouseItemAddedEvent			À_CLASSER		0	nom clair SUSPECT (champs internes encore obfusqués, ex. `ebko` — otomai n'a pas fini de le renommer) — écarté du matching, pas un vrai candidat
		ExchangeBidHouseItemRemovedEvent			À_CLASSER		158	0 ou plusieurs candidats de même round-0 dans Game, aucun retenu sans ambiguïté
		ExchangeBidHouseListRequest			À_CLASSER		158	0 ou plusieurs candidats de même round-0 dans Game, aucun retenu sans ambiguïté
		ExchangeBidHouseOfflineSoldItemsEvent			À_CLASSER		51	0 ou plusieurs candidats de même round-0 dans Game, aucun retenu sans ambiguïté
		ExchangeBidHousePriceRequest			À_CLASSER		190	0 ou plusieurs candidats de même round-0 dans Game, aucun retenu sans ambiguïté
		ExchangeBidHouseSearchRequest			À_CLASSER		66	0 ou plusieurs candidats de même round-0 dans Game, aucun retenu sans ambiguïté
		ExchangeBidHouseTypeRequest			À_CLASSER		158	0 ou plusieurs candidats de même round-0 dans Game, aucun retenu sans ambiguïté
		ExchangeBidHouseUnsoldItemsEvent			À_CLASSER		51	0 ou plusieurs candidats de même round-0 dans Game, aucun retenu sans ambiguïté
		ExchangeBidPriceEvent			À_CLASSER		37	0 ou plusieurs candidats de même round-0 dans Game, aucun retenu sans ambiguïté
		ExchangeBidSellerStartedEvent			À_CLASSER		6	0 ou plusieurs candidats de même round-0 dans Game, aucun retenu sans ambiguïté
		ExchangeBoughtEvent			À_CLASSER		115	0 ou plusieurs candidats de même round-0 dans Game, aucun retenu sans ambiguïté
		ExchangeBuyRequest			À_CLASSER		158	0 ou plusieurs candidats de même round-0 dans Game, aucun retenu sans ambiguïté
		ExchangeCraftCountModifiedEvent			À_CLASSER		0	nom clair SUSPECT (champs internes encore obfusqués, ex. `ebko` — otomai n'a pas fini de le renommer) — écarté du matching, pas un vrai candidat
		ExchangeCraftCountRequest			À_CLASSER		0	nom clair SUSPECT (champs internes encore obfusqués, ex. `ebko` — otomai n'a pas fini de le renommer) — écarté du matching, pas un vrai candidat
		ExchangeCraftPaymentModificationRequest			À_CLASSER		158	0 ou plusieurs candidats de même round-0 dans Game, aucun retenu sans ambiguïté
		ExchangeCraftPaymentModifiedEvent			À_CLASSER		0	nom clair SUSPECT (champs internes encore obfusqués, ex. `ebko` — otomai n'a pas fini de le renommer) — écarté du matching, pas un vrai candidat
		ExchangeCraftResultEvent			À_CLASSER		0	nom clair SUSPECT (champs internes encore obfusqués, ex. `ebko` — otomai n'a pas fini de le renommer) — écarté du matching, pas un vrai candidat
		ExchangeCraftResultWithObjectDescription			À_CLASSER		14	0 ou plusieurs candidats de même round-0 dans Game, aucun retenu sans ambiguïté
		ExchangeCraftStartedEvent			À_CLASSER		190	0 ou plusieurs candidats de même round-0 dans Game, aucun retenu sans ambiguïté
		ExchangeCrafterJobLevelUpEvent			À_CLASSER		190	0 ou plusieurs candidats de même round-0 dans Game, aucun retenu sans ambiguïté
		ExchangeErrorEvent			À_CLASSER		115	0 ou plusieurs candidats de même round-0 dans Game, aucun retenu sans ambiguïté
		ExchangeFocusedReadyRequest			À_CLASSER		0	nom clair SUSPECT (champs internes encore obfusqués, ex. `ebko` — otomai n'a pas fini de le renommer) — écarté du matching, pas un vrai candidat
hdx	9446	ExchangeHandleMountsRequest	1.0	arrosage	DÉDUIT	gatherer,luaxy,otomai	1	forme/champs arrosage — comparer contre une capture réelle du client vivant
		ExchangeItemAutoCraftStoppedEvent			À_CLASSER		0	nom clair SUSPECT (champs internes encore obfusqués, ex. `ebko` — otomai n'a pas fini de le renommer) — écarté du matching, pas un vrai candidat
		ExchangeJobIndexStartedEvent			À_CLASSER		0	nom clair SUSPECT (champs internes encore obfusqués, ex. `ebko` — otomai n'a pas fini de le renommer) — écarté du matching, pas un vrai candidat
		ExchangeKamaModifiedEvent			À_CLASSER		158	0 ou plusieurs candidats de même round-0 dans Game, aucun retenu sans ambiguïté
		ExchangeLeaveEvent			À_CLASSER		18	0 ou plusieurs candidats de même round-0 dans Game, aucun retenu sans ambiguïté
		ExchangeLeaveMessage			À_CLASSER		32	0 ou plusieurs candidats de même round-0 dans Game, aucun retenu sans ambiguïté
		ExchangeMoneyMovementLimitEvent			À_CLASSER		0	nom clair SUSPECT (champs internes encore obfusqués, ex. `ebko` — otomai n'a pas fini de le renommer) — écarté du matching, pas un vrai candidat
		ExchangeMountFreeFromPaddockEvent			À_CLASSER		23	0 ou plusieurs candidats de même round-0 dans Game, aucun retenu sans ambiguïté
		ExchangeMountRequest			À_CLASSER		115	0 ou plusieurs candidats de même round-0 dans Game, aucun retenu sans ambiguïté
		ExchangeMountStockStartedEvent			À_CLASSER		51	0 ou plusieurs candidats de même round-0 dans Game, aucun retenu sans ambiguïté
		ExchangeMountWithoutPaddockStartedEvent			À_CLASSER		12	0 ou plusieurs candidats de même round-0 dans Game, aucun retenu sans ambiguïté
		ExchangeMountsPaddockAddedEvent			À_CLASSER		0	nom clair SUSPECT (champs internes encore obfusqués, ex. `ebko` — otomai n'a pas fini de le renommer) — écarté du matching, pas un vrai candidat
		ExchangeMountsPaddockRemoveEvent			À_CLASSER		26	0 ou plusieurs candidats de même round-0 dans Game, aucun retenu sans ambiguïté
		ExchangeMountsStableAddedEvent			À_CLASSER		1	0 ou plusieurs candidats de même round-0 dans Game, aucun retenu sans ambiguïté
		ExchangeMountsStableRemoveEvent			À_CLASSER		26	0 ou plusieurs candidats de même round-0 dans Game, aucun retenu sans ambiguïté
		ExchangeMoveKamaRequest			À_CLASSER		158	0 ou plusieurs candidats de même round-0 dans Game, aucun retenu sans ambiguïté
		ExchangeMultiCraftCrafterCanUseHisResourcesEvent			À_CLASSER		190	0 ou plusieurs candidats de même round-0 dans Game, aucun retenu sans ambiguïté
		ExchangeMultiCraftCrafterStartedEvent			À_CLASSER		190	0 ou plusieurs candidats de même round-0 dans Game, aucun retenu sans ambiguïté
		ExchangeMultiCraftCustomerStartedEvent			À_CLASSER		158	0 ou plusieurs candidats de même round-0 dans Game, aucun retenu sans ambiguïté
		ExchangeMultiCraftOkEvent			À_CLASSER		37	0 ou plusieurs candidats de même round-0 dans Game, aucun retenu sans ambiguïté
		ExchangeMultiCraftSetCrafterCanUseHisResourcesRequest			À_CLASSER		0	nom clair SUSPECT (champs internes encore obfusqués, ex. `ebko` — otomai n'a pas fini de le renommer) — écarté du matching, pas un vrai candidat
		ExchangeNpcShopStartedEvent			À_CLASSER		3	0 ou plusieurs candidats de même round-0 dans Game, aucun retenu sans ambiguïté
		ExchangeNpcTradeStartedEvent			À_CLASSER		190	0 ou plusieurs candidats de même round-0 dans Game, aucun retenu sans ambiguïté
		ExchangeObject			À_CLASSER		158	0 ou plusieurs candidats de même round-0 dans Game, aucun retenu sans ambiguïté
		ExchangeObjectModifiedInBagEvent			À_CLASSER		0	nom clair SUSPECT (champs internes encore obfusqués, ex. `ebko` — otomai n'a pas fini de le renommer) — écarté du matching, pas un vrai candidat
		ExchangeObjectModifyPricedRequest			À_CLASSER		66	0 ou plusieurs candidats de même round-0 dans Game, aucun retenu sans ambiguïté
		ExchangeObjectMoveAndSetReadyRequest			À_CLASSER		0	nom clair SUSPECT (champs internes encore obfusqués, ex. `ebko` — otomai n'a pas fini de le renommer) — écarté du matching, pas un vrai candidat
		ExchangeObjectMoveAndSetReadyResponse			À_CLASSER		0	nom clair SUSPECT (champs internes encore obfusqués, ex. `ebko` — otomai n'a pas fini de le renommer) — écarté du matching, pas un vrai candidat
		ExchangeObjectMoveMessage			À_CLASSER		86	0 ou plusieurs candidats de même round-0 dans Game, aucun retenu sans ambiguïté
		ExchangeObjectMovePricedRequest			À_CLASSER		25	0 ou plusieurs candidats de même round-0 dans Game, aucun retenu sans ambiguïté
		ExchangeObjectMoveRequest			À_CLASSER		158	0 ou plusieurs candidats de même round-0 dans Game, aucun retenu sans ambiguïté
		ExchangeObjectMoveToTabRequest			À_CLASSER		66	0 ou plusieurs candidats de même round-0 dans Game, aucun retenu sans ambiguïté
		ExchangeObjectPutInBagEvent			À_CLASSER		0	nom clair SUSPECT (champs internes encore obfusqués, ex. `ebko` — otomai n'a pas fini de le renommer) — écarté du matching, pas un vrai candidat
		ExchangeObjectRemovedEvent			À_CLASSER		158	0 ou plusieurs candidats de même round-0 dans Game, aucun retenu sans ambiguïté
		ExchangeObjectRemovedFromBagEvent			À_CLASSER		158	0 ou plusieurs candidats de même round-0 dans Game, aucun retenu sans ambiguïté
		ExchangeObjectTransferAllFromInventoryRequest			À_CLASSER		115	0 ou plusieurs candidats de même round-0 dans Game, aucun retenu sans ambiguïté
		ExchangeObjectTransferAllToInventoryRequest			À_CLASSER		190	0 ou plusieurs candidats de même round-0 dans Game, aucun retenu sans ambiguïté
		ExchangeObjectTransferExistingFromInventoryRequest			À_CLASSER		115	0 ou plusieurs candidats de même round-0 dans Game, aucun retenu sans ambiguïté
		ExchangeObjectTransferExistingToInventoryRequest			À_CLASSER		115	0 ou plusieurs candidats de même round-0 dans Game, aucun retenu sans ambiguïté
		ExchangeObjectTransferListFromInventoryRequest			À_CLASSER		26	0 ou plusieurs candidats de même round-0 dans Game, aucun retenu sans ambiguïté
		ExchangeObjectTransferListToInventoryRequest			À_CLASSER		26	0 ou plusieurs candidats de même round-0 dans Game, aucun retenu sans ambiguïté
		ExchangeObjectTransferListWithQuantityToInventoryRequest			À_CLASSER		7	0 ou plusieurs candidats de même round-0 dans Game, aucun retenu sans ambiguïté
		ExchangeObjectTransferTypeFromInventoryRequest			À_CLASSER		190	0 ou plusieurs candidats de même round-0 dans Game, aucun retenu sans ambiguïté
		ExchangeObjectUseInWorkshopRequest			À_CLASSER		158	0 ou plusieurs candidats de même round-0 dans Game, aucun retenu sans ambiguïté
		ExchangeObjectsAddedEvent			À_CLASSER		2	0 ou plusieurs candidats de même round-0 dans Game, aucun retenu sans ambiguïté
		ExchangeObjectsModifiedEvent			À_CLASSER		7	0 ou plusieurs candidats de même round-0 dans Game, aucun retenu sans ambiguïté
		ExchangeObjectsRemovedEvent			À_CLASSER		7	0 ou plusieurs candidats de même round-0 dans Game, aucun retenu sans ambiguïté
		ExchangeObjectsSellRequest			À_CLASSER		51	0 ou plusieurs candidats de même round-0 dans Game, aucun retenu sans ambiguïté
		ExchangePlayerMultiCraftRequest			À_CLASSER		20	0 ou plusieurs candidats de même round-0 dans Game, aucun retenu sans ambiguïté
		ExchangePlayerRequest			À_CLASSER		190	0 ou plusieurs candidats de même round-0 dans Game, aucun retenu sans ambiguïté
		ExchangePodsModifiedEvent			À_CLASSER		66	0 ou plusieurs candidats de même round-0 dans Game, aucun retenu sans ambiguïté
		ExchangePositions			À_CLASSER		66	0 ou plusieurs candidats de même round-0 dans Game, aucun retenu sans ambiguïté
		ExchangeReadyEvent			À_CLASSER		158	0 ou plusieurs candidats de même round-0 dans Game, aucun retenu sans ambiguïté
		ExchangeReadyRequest			À_CLASSER		0	nom clair SUSPECT (champs internes encore obfusqués, ex. `ebko` — otomai n'a pas fini de le renommer) — écarté du matching, pas un vrai candidat
		ExchangeRecycleTradeStartedEvent			À_CLASSER		0	0 ou plusieurs candidats de même round-0 dans Game, aucun retenu sans ambiguïté
		ExchangeReplayStopRequest			À_CLASSER		115	0 ou plusieurs candidats de même round-0 dans Game, aucun retenu sans ambiguïté
		ExchangeRequestedTradeEvent			À_CLASSER		12	0 ou plusieurs candidats de même round-0 dans Game, aucun retenu sans ambiguïté
		ExchangeRunesTradeStartedEvent			À_CLASSER		115	0 ou plusieurs candidats de même round-0 dans Game, aucun retenu sans ambiguïté
		ExchangeSellRequest			À_CLASSER		158	0 ou plusieurs candidats de même round-0 dans Game, aucun retenu sans ambiguïté
		ExchangeSetCraftRecipeRequest			À_CLASSER		190	0 ou plusieurs candidats de même round-0 dans Game, aucun retenu sans ambiguïté
		ExchangeSoldEvent			À_CLASSER		115	0 ou plusieurs candidats de même round-0 dans Game, aucun retenu sans ambiguïté
		ExchangeStartedEvent			À_CLASSER		115	0 ou plusieurs candidats de même round-0 dans Game, aucun retenu sans ambiguïté
		ExchangeStartedStorageMessage			À_CLASSER		32	0 ou plusieurs candidats de même round-0 dans Game, aucun retenu sans ambiguïté
		ExchangeStartedWithMultiTabStorageEvent			À_CLASSER		20	0 ou plusieurs candidats de même round-0 dans Game, aucun retenu sans ambiguïté
		ExchangeStartedWithPodsEvent			À_CLASSER		0	0 ou plusieurs candidats de même round-0 dans Game, aucun retenu sans ambiguïté
		ExchangeStartedWithStorageEvent			À_CLASSER		20	0 ou plusieurs candidats de même round-0 dans Game, aucun retenu sans ambiguïté
		ExchangeStoppedEvent			À_CLASSER		190	0 ou plusieurs candidats de même round-0 dans Game, aucun retenu sans ambiguïté
		ExchangeTaxCollectorEquipmentRequest			À_CLASSER		190	0 ou plusieurs candidats de même round-0 dans Game, aucun retenu sans ambiguïté
		ExchangeTaxCollectorEquipmentStartedEvent			À_CLASSER		86	0 ou plusieurs candidats de même round-0 dans Game, aucun retenu sans ambiguïté
		ExchangeTaxCollectorGetEvent			À_CLASSER		0	0 ou plusieurs candidats de même round-0 dans Game, aucun retenu sans ambiguïté
		ExchangeTaxCollectorRequest			À_CLASSER		190	0 ou plusieurs candidats de même round-0 dans Game, aucun retenu sans ambiguïté
		ExchangeTaxCollectorShopStartedEvent			À_CLASSER		7	0 ou plusieurs candidats de même round-0 dans Game, aucun retenu sans ambiguïté
		ExchangeTypesExchangerDescriptionForUserEvent			À_CLASSER		15	0 ou plusieurs candidats de même round-0 dans Game, aucun retenu sans ambiguïté
		ExchangeTypesItemsExchangerDescriptionForUserEvent			À_CLASSER		3	0 ou plusieurs candidats de même round-0 dans Game, aucun retenu sans ambiguïté
		ExchangeWeightEvent			À_CLASSER		66	0 ou plusieurs candidats de même round-0 dans Game, aucun retenu sans ambiguïté
		ExecuteScript			À_CLASSER		12	0 ou plusieurs candidats de même round-0 dans Game, aucun retenu sans ambiguïté
		ExitRequest			À_CLASSER		115	0 ou plusieurs candidats de même round-0 dans Game, aucun retenu sans ambiguïté
		ExperienceData			À_CLASSER		0	0 ou plusieurs candidats de même round-0 dans Game, aucun retenu sans ambiguïté
kif	12944	ExtendedBreachBranch	1.0	arrosage	DÉDUIT	gatherer,luaxy	1	forme/champs arrosage — comparer contre une capture réelle du client vivant
		Fight			À_CLASSER		115	0 ou plusieurs candidats de même round-0 dans Game, aucun retenu sans ambiguïté
		FightAutoJoinActivatedEvent			À_CLASSER		0	nom clair SUSPECT (champs internes encore obfusqués, ex. `ebko` — otomai n'a pas fini de le renommer) — écarté du matching, pas un vrai candidat
		FightAutoJoinActivationRequest			À_CLASSER		0	nom clair SUSPECT (champs internes encore obfusqués, ex. `ebko` — otomai n'a pas fini de le renommer) — écarté du matching, pas un vrai candidat
		FightAutoJoinActivationResponse			À_CLASSER		0	nom clair SUSPECT (champs internes encore obfusqués, ex. `ebko` — otomai n'a pas fini de le renommer) — écarté du matching, pas un vrai candidat
		FightAutoJoinDeactivatedEvent			À_CLASSER		158	0 ou plusieurs candidats de même round-0 dans Game, aucun retenu sans ambiguïté
		FightAutoJoinDeactivatedResponse			À_CLASSER		0	nom clair SUSPECT (champs internes encore obfusqués, ex. `ebko` — otomai n'a pas fini de le renommer) — écarté du matching, pas un vrai candidat
		FightAutoJoinDeactivationRequest			À_CLASSER		115	0 ou plusieurs candidats de même round-0 dans Game, aucun retenu sans ambiguïté
		FightAutoReadyActivatedEvent			À_CLASSER		0	nom clair SUSPECT (champs internes encore obfusqués, ex. `ebko` — otomai n'a pas fini de le renommer) — écarté du matching, pas un vrai candidat
		FightAutoReadyActivationRequest			À_CLASSER		115	0 ou plusieurs candidats de même round-0 dans Game, aucun retenu sans ambiguïté
		FightAutoReadyActivationResponse			À_CLASSER		0	nom clair SUSPECT (champs internes encore obfusqués, ex. `ebko` — otomai n'a pas fini de le renommer) — écarté du matching, pas un vrai candidat
		FightAutoReadyDeactivatedEvent			À_CLASSER		0	nom clair SUSPECT (champs internes encore obfusqués, ex. `ebko` — otomai n'a pas fini de le renommer) — écarté du matching, pas un vrai candidat
		FightAutoReadyDeactivationRequest			À_CLASSER		115	0 ou plusieurs candidats de même round-0 dans Game, aucun retenu sans ambiguïté
		FightAutoReadyDeactivationResponse			À_CLASSER		0	nom clair SUSPECT (champs internes encore obfusqués, ex. `ebko` — otomai n'a pas fini de le renommer) — écarté du matching, pas un vrai candidat
		FightChallengeJoinRefuseEvent			À_CLASSER		51	0 ou plusieurs candidats de même round-0 dans Game, aucun retenu sans ambiguïté
		FightCharacterInformation			À_CLASSER		2	0 ou plusieurs candidats de même round-0 dans Game, aucun retenu sans ambiguïté
		FightCharacteristics			À_CLASSER		0	0 ou plusieurs candidats de même round-0 dans Game, aucun retenu sans ambiguïté
		FightChoiceSelectionEvent			À_CLASSER		0	nom clair SUSPECT (champs internes encore obfusqués, ex. `ebko` — otomai n'a pas fini de le renommer) — écarté du matching, pas un vrai candidat
		FightCommonInformation			À_CLASSER		0	0 ou plusieurs candidats de même round-0 dans Game, aucun retenu sans ambiguïté
		FightEffectTriggerCount			À_CLASSER		66	0 ou plusieurs candidats de même round-0 dans Game, aucun retenu sans ambiguïté
		FightEndEvent			À_CLASSER		0	0 ou plusieurs candidats de même round-0 dans Game, aucun retenu sans ambiguïté
jwv	12438	FightExternalInformation	1.0	graine	DÉDUIT	gatherer,luaxy,otomai	1	forme/champs graine — comparer contre une capture réelle du client vivant
lpx	14320	FightFighterInformation	0.857	arrosage	DÉDUIT	gatherer,luaxy,otomai	1	forme/champs arrosage — comparer contre une capture réelle du client vivant
		FightFighterRefreshEvent			À_CLASSER		86	0 ou plusieurs candidats de même round-0 dans Game, aucun retenu sans ambiguïté
		FightFighterShowEvent			À_CLASSER		61	0 ou plusieurs candidats de même round-0 dans Game, aucun retenu sans ambiguïté
		FightHumanReadyStateEvent			À_CLASSER		158	0 ou plusieurs candidats de même round-0 dans Game, aucun retenu sans ambiguïté
		FightIsTurnReadyEvent			À_CLASSER		190	0 ou plusieurs candidats de même round-0 dans Game, aucun retenu sans ambiguïté
		FightJoinEvent			À_CLASSER		3	0 ou plusieurs candidats de même round-0 dans Game, aucun retenu sans ambiguïté
		FightJoinRequest			À_CLASSER		158	0 ou plusieurs candidats de même round-0 dans Game, aucun retenu sans ambiguïté
		FightJoinRunningEvent			À_CLASSER		0	0 ou plusieurs candidats de même round-0 dans Game, aucun retenu sans ambiguïté
		FightLeaveEvent			À_CLASSER		190	0 ou plusieurs candidats de même round-0 dans Game, aucun retenu sans ambiguïté
		FightLoot			À_CLASSER		7	0 ou plusieurs candidats de même round-0 dans Game, aucun retenu sans ambiguïté
		FightMapInformationEvent			À_CLASSER		1	0 ou plusieurs candidats de même round-0 dans Game, aucun retenu sans ambiguïté
		FightMapInformationResponse			À_CLASSER		5	0 ou plusieurs candidats de même round-0 dans Game, aucun retenu sans ambiguïté
		FightMapRequest			À_CLASSER		115	0 ou plusieurs candidats de même round-0 dans Game, aucun retenu sans ambiguïté
		FightMark			À_CLASSER		0	0 ou plusieurs candidats de même round-0 dans Game, aucun retenu sans ambiguïté
		FightMutantInformation			À_CLASSER		190	0 ou plusieurs candidats de même round-0 dans Game, aucun retenu sans ambiguïté
		FightNewRoundEvent			À_CLASSER		190	0 ou plusieurs candidats de même round-0 dans Game, aucun retenu sans ambiguïté
		FightNewWaveEvent			À_CLASSER		23	0 ou plusieurs candidats de même round-0 dans Game, aucun retenu sans ambiguïté
		FightOptionToggleRequest			À_CLASSER		0	nom clair SUSPECT (champs internes encore obfusqués, ex. `ebko` — otomai n'a pas fini de le renommer) — écarté du matching, pas un vrai candidat
		FightOptionUpdateEvent			À_CLASSER		0	nom clair SUSPECT (champs internes encore obfusqués, ex. `ebko` — otomai n'a pas fini de le renommer) — écarté du matching, pas un vrai candidat
		FightOptionsInformation			À_CLASSER		25	0 ou plusieurs candidats de même round-0 dans Game, aucun retenu sans ambiguïté
		FightPauseEvent			À_CLASSER		190	0 ou plusieurs candidats de même round-0 dans Game, aucun retenu sans ambiguïté
		FightPhaseInfo			À_CLASSER		61	0 ou plusieurs candidats de même round-0 dans Game, aucun retenu sans ambiguïté
		FightPlacementPositionRequest			À_CLASSER		158	0 ou plusieurs candidats de même round-0 dans Game, aucun retenu sans ambiguïté
		FightPlacementPossiblePositionsEvent			À_CLASSER		86	0 ou plusieurs candidats de même round-0 dans Game, aucun retenu sans ambiguïté
		FightPlacementSwapPositionsAcceptRequest			À_CLASSER		190	0 ou plusieurs candidats de même round-0 dans Game, aucun retenu sans ambiguïté
		FightPlacementSwapPositionsCancelRequest			À_CLASSER		190	0 ou plusieurs candidats de même round-0 dans Game, aucun retenu sans ambiguïté
		FightPlacementSwapPositionsCancelledEvent			À_CLASSER		158	0 ou plusieurs candidats de même round-0 dans Game, aucun retenu sans ambiguïté
		FightPlacementSwapPositionsErrorEvent			À_CLASSER		26	0 ou plusieurs candidats de même round-0 dans Game, aucun retenu sans ambiguïté
		FightPlacementSwapPositionsEvent			À_CLASSER		51	0 ou plusieurs candidats de même round-0 dans Game, aucun retenu sans ambiguïté
		FightPlacementSwapPositionsOfferEvent			À_CLASSER		12	0 ou plusieurs candidats de même round-0 dans Game, aucun retenu sans ambiguïté
		FightReadyRequest			À_CLASSER		190	0 ou plusieurs candidats de même round-0 dans Game, aucun retenu sans ambiguïté
		FightRefreshCharacterStatsEvent			À_CLASSER		51	0 ou plusieurs candidats de même round-0 dans Game, aucun retenu sans ambiguïté
		FightRemovableEffect			À_CLASSER		0	0 ou plusieurs candidats de même round-0 dans Game, aucun retenu sans ambiguïté
		FightRemovableEffectExtendedInformation			À_CLASSER		5	0 ou plusieurs candidats de même round-0 dans Game, aucun retenu sans ambiguïté
		FightRequestCanceledEvent			À_CLASSER		66	0 ou plusieurs candidats de même round-0 dans Game, aucun retenu sans ambiguïté
		FightResultAdditionalData			À_CLASSER		86	0 ou plusieurs candidats de même round-0 dans Game, aucun retenu sans ambiguïté
		FightResultListEntry			À_CLASSER		1	0 ou plusieurs candidats de même round-0 dans Game, aucun retenu sans ambiguïté
		FightResume			À_CLASSER		1	0 ou plusieurs candidats de même round-0 dans Game, aucun retenu sans ambiguïté
		FightResumeSlaves			À_CLASSER		0	0 ou plusieurs candidats de même round-0 dans Game, aucun retenu sans ambiguïté
		FightScenarioEvent			À_CLASSER		0	nom clair SUSPECT (champs internes encore obfusqués, ex. `ebko` — otomai n'a pas fini de le renommer) — écarté du matching, pas un vrai candidat
		FightSlaveNoLongerControlledEvent			À_CLASSER		158	0 ou plusieurs candidats de même round-0 dans Game, aucun retenu sans ambiguïté
		FightSlaveSwitchContextEvent			À_CLASSER		0	0 ou plusieurs candidats de même round-0 dans Game, aucun retenu sans ambiguïté
		FightSpectatePlayerRequest			À_CLASSER		190	0 ou plusieurs candidats de même round-0 dans Game, aucun retenu sans ambiguïté
		FightSpectatorJoinEvent			À_CLASSER		6	0 ou plusieurs candidats de même round-0 dans Game, aucun retenu sans ambiguïté
		FightSpellCoolDown			À_CLASSER		158	0 ou plusieurs candidats de même round-0 dans Game, aucun retenu sans ambiguïté
		FightStartEvent			À_CLASSER		115	0 ou plusieurs candidats de même round-0 dans Game, aucun retenu sans ambiguïté
		FightStartingEvent			À_CLASSER		0	0 ou plusieurs candidats de même round-0 dans Game, aucun retenu sans ambiguïté
		FightStartingPositions			À_CLASSER		11	0 ou plusieurs candidats de même round-0 dans Game, aucun retenu sans ambiguïté
		FightStatisticsEvent			À_CLASSER		0	0 ou plusieurs candidats de même round-0 dans Game, aucun retenu sans ambiguïté
		FightSynchronizeEvent			À_CLASSER		51	0 ou plusieurs candidats de même round-0 dans Game, aucun retenu sans ambiguïté
		FightTeamInformation			À_CLASSER		0	0 ou plusieurs candidats de même round-0 dans Game, aucun retenu sans ambiguïté
		FightTeamLightInformation			À_CLASSER		0	0 ou plusieurs candidats de même round-0 dans Game, aucun retenu sans ambiguïté
		FightTeamMemberCharacter			À_CLASSER		0	nom clair SUSPECT (champs internes encore obfusqués, ex. `ebko` — otomai n'a pas fini de le renommer) — écarté du matching, pas un vrai candidat
		FightTeamMemberEntity			À_CLASSER		66	0 ou plusieurs candidats de même round-0 dans Game, aucun retenu sans ambiguïté
lns	14235	FightTeamMemberInformation	1.0	arrosage	DÉDUIT	gatherer,luaxy,otomai	1	forme/champs arrosage — comparer contre une capture réelle du client vivant
		FightTeamMemberMonster			À_CLASSER		158	0 ou plusieurs candidats de même round-0 dans Game, aucun retenu sans ambiguïté
		FightTeamMemberTaxCollector			À_CLASSER		25	0 ou plusieurs candidats de même round-0 dans Game, aucun retenu sans ambiguïté
		FightTeamMembersInformation			À_CLASSER		11	0 ou plusieurs candidats de même round-0 dans Game, aucun retenu sans ambiguïté
		FightTeamRemoveMemberEvent			À_CLASSER		23	0 ou plusieurs candidats de même round-0 dans Game, aucun retenu sans ambiguïté
		FightTeamUpdateEvent			À_CLASSER		51	0 ou plusieurs candidats de même round-0 dans Game, aucun retenu sans ambiguïté
		FightTeamsWithOptions			À_CLASSER		86	0 ou plusieurs candidats de même round-0 dans Game, aucun retenu sans ambiguïté
		FightTemporaryBoostEffect			À_CLASSER		2	0 ou plusieurs candidats de même round-0 dans Game, aucun retenu sans ambiguïté
		FightTemporarySpellImmunityEffect			À_CLASSER		190	0 ou plusieurs candidats de même round-0 dans Game, aucun retenu sans ambiguïté
		FightTriggeredEffect			À_CLASSER		25	0 ou plusieurs candidats de même round-0 dans Game, aucun retenu sans ambiguïté
		FightTurnEndEvent			À_CLASSER		190	0 ou plusieurs candidats de même round-0 dans Game, aucun retenu sans ambiguïté
		FightTurnEvent			À_CLASSER		25	0 ou plusieurs candidats de même round-0 dans Game, aucun retenu sans ambiguïté
		FightTurnFinishRequest			À_CLASSER		158	0 ou plusieurs candidats de même round-0 dans Game, aucun retenu sans ambiguïté
		FightTurnListEvent			À_CLASSER		0	nom clair SUSPECT (champs internes encore obfusqués, ex. `ebko` — otomai n'a pas fini de le renommer) — écarté du matching, pas un vrai candidat
		FightTurnReadyRequest			À_CLASSER		158	0 ou plusieurs candidats de même round-0 dans Game, aucun retenu sans ambiguïté
		FightTurnStartPlayingEvent			À_CLASSER		115	0 ou plusieurs candidats de même round-0 dans Game, aucun retenu sans ambiguïté
		FighterEntityLightInformation			À_CLASSER		158	0 ou plusieurs candidats de même round-0 dans Game, aucun retenu sans ambiguïté
		FighterIdentity			À_CLASSER		0	nom clair SUSPECT (champs internes encore obfusqués, ex. `ebko` — otomai n'a pas fini de le renommer) — écarté du matching, pas un vrai candidat
		FighterLightInformation			À_CLASSER		0	0 ou plusieurs candidats de même round-0 dans Game, aucun retenu sans ambiguïté
		FighterListEntry			À_CLASSER		1	0 ou plusieurs candidats de même round-0 dans Game, aucun retenu sans ambiguïté
		FighterMonsterLightInformation			À_CLASSER		190	0 ou plusieurs candidats de même round-0 dans Game, aucun retenu sans ambiguïté
		FighterNamedLightInformation			À_CLASSER		0	nom clair SUSPECT (champs internes encore obfusqués, ex. `ebko` — otomai n'a pas fini de le renommer) — écarté du matching, pas un vrai candidat
		FighterTaxCollectorLightInformation			À_CLASSER		158	0 ou plusieurs candidats de même round-0 dans Game, aucun retenu sans ambiguïté
		FileCheckEvent			À_CLASSER		51	0 ou plusieurs candidats de même round-0 dans Game, aucun retenu sans ambiguïté
		FileCheckRequest			À_CLASSER		61	0 ou plusieurs candidats de même round-0 dans Game, aucun retenu sans ambiguïté
		FinishMove			À_CLASSER		158	0 ou plusieurs candidats de même round-0 dans Game, aucun retenu sans ambiguïté
		FinishMoveSetRequest			À_CLASSER		158	0 ou plusieurs candidats de même round-0 dans Game, aucun retenu sans ambiguïté
		FinishMovesEvent			À_CLASSER		51	0 ou plusieurs candidats de même round-0 dans Game, aucun retenu sans ambiguïté
		FinishMovesRequest			À_CLASSER		115	0 ou plusieurs candidats de même round-0 dans Game, aucun retenu sans ambiguïté
		FollowDirection			À_CLASSER		61	0 ou plusieurs candidats de même round-0 dans Game, aucun retenu sans ambiguïté
		FollowDirectionToHint			À_CLASSER		61	0 ou plusieurs candidats de même round-0 dans Game, aucun retenu sans ambiguïté
		FollowDirectionToPOI			À_CLASSER		61	0 ou plusieurs candidats de même round-0 dans Game, aucun retenu sans ambiguïté
		FollowingCharactersOption			À_CLASSER		51	0 ou plusieurs candidats de même round-0 dans Game, aucun retenu sans ambiguïté
		ForceAccountError			À_CLASSER		5	0 ou plusieurs candidats de même round-0 dans Connection, aucun retenu sans ambiguïté
mhw	38991	ForceAccountRequest	1.0	arrosage	DÉDUIT	gatherer,luaxy,otomai	1	forme/champs arrosage — comparer contre une capture réelle du client vivant
miz	39031	ForceAccountResponse	1.0	graine	DÉDUIT	gatherer,luaxy,otomai	1	forme/champs graine — comparer contre une capture réelle du client vivant
mja	39033	ForceAccountStatus	1.0	graine	DÉDUIT	gatherer,luaxy,otomai	1	forme/champs graine — comparer contre une capture réelle du client vivant
		ForgettableSpellActionRequest			À_CLASSER		51	0 ou plusieurs candidats de même round-0 dans Game, aucun retenu sans ambiguïté
		ForgettableSpellDeletionEvent			À_CLASSER		0	nom clair SUSPECT (champs internes encore obfusqués, ex. `ebko` — otomai n'a pas fini de le renommer) — écarté du matching, pas un vrai candidat
		ForgettableSpellEquipmentSlotsEvent			À_CLASSER		190	0 ou plusieurs candidats de même round-0 dans Game, aucun retenu sans ambiguïté
		ForgettableSpellInfo			À_CLASSER		61	0 ou plusieurs candidats de même round-0 dans Game, aucun retenu sans ambiguïté
		ForgettableSpellInfoByIdEntry			À_CLASSER		0	nom clair SUSPECT (champs internes encore obfusqués, ex. `ebko` — otomai n'a pas fini de le renommer) — écarté du matching, pas un vrai candidat
		ForgettableSpellPresetCreateRequest			À_CLASSER		0	nom clair SUSPECT (champs internes encore obfusqués, ex. `ebko` — otomai n'a pas fini de le renommer) — écarté du matching, pas un vrai candidat
		ForgettableSpellPresetCreateResponse			À_CLASSER		86	0 ou plusieurs candidats de même round-0 dans Game, aucun retenu sans ambiguïté
		ForgettableSpellPresetInfo			À_CLASSER		0	0 ou plusieurs candidats de même round-0 dans Game, aucun retenu sans ambiguïté
		ForgettableSpellPresetInfoByIdEntry			À_CLASSER		0	nom clair SUSPECT (champs internes encore obfusqués, ex. `ebko` — otomai n'a pas fini de le renommer) — écarté du matching, pas un vrai candidat
		ForgettableSpellPresetInfoRequest			À_CLASSER		190	0 ou plusieurs candidats de même round-0 dans Game, aucun retenu sans ambiguïté
		ForgettableSpellPresetInfoResponse			À_CLASSER		51	0 ou plusieurs candidats de même round-0 dans Game, aucun retenu sans ambiguïté
		ForgettableSpellPresetResetRequest			À_CLASSER		0	nom clair SUSPECT (champs internes encore obfusqués, ex. `ebko` — otomai n'a pas fini de le renommer) — écarté du matching, pas un vrai candidat
		ForgettableSpellPresetResetResponse			À_CLASSER		51	0 ou plusieurs candidats de même round-0 dans Game, aucun retenu sans ambiguïté
		ForgettableSpellPresetSetRequest			À_CLASSER		0	nom clair SUSPECT (champs internes encore obfusqués, ex. `ebko` — otomai n'a pas fini de le renommer) — écarté du matching, pas un vrai candidat
		ForgettableSpellPresetSetResponse			À_CLASSER		51	0 ou plusieurs candidats de même round-0 dans Game, aucun retenu sans ambiguïté
		ForgettableSpellsEvent			À_CLASSER		0	nom clair SUSPECT (champs internes encore obfusqués, ex. `ebko` — otomai n'a pas fini de le renommer) — écarté du matching, pas un vrai candidat
		FreeSoulRequest			À_CLASSER		115	0 ou plusieurs candidats de même round-0 dans Game, aucun retenu sans ambiguïté
mjx	39068	Friend	1.0	graine	DÉDUIT	gatherer,luaxy,otomai	1	forme/champs graine — comparer contre une capture réelle du client vivant
		FriendAddFailureEvent			À_CLASSER		0	nom clair SUSPECT (champs internes encore obfusqués, ex. `ebko` — otomai n'a pas fini de le renommer) — écarté du matching, pas un vrai candidat
		FriendAddRequest			À_CLASSER		0	nom clair SUSPECT (champs internes encore obfusqués, ex. `ebko` — otomai n'a pas fini de le renommer) — écarté du matching, pas un vrai candidat
		FriendAddedEvent			À_CLASSER		0	nom clair SUSPECT (champs internes encore obfusqués, ex. `ebko` — otomai n'a pas fini de le renommer) — écarté du matching, pas un vrai candidat
		FriendDeleteRequest			À_CLASSER		190	0 ou plusieurs candidats de même round-0 dans Game, aucun retenu sans ambiguïté
		FriendDeletionResultEvent			À_CLASSER		51	0 ou plusieurs candidats de même round-0 dans Game, aucun retenu sans ambiguïté
		FriendInformation			À_CLASSER		0	0 ou plusieurs candidats de même round-0 dans Game, aucun retenu sans ambiguïté
		FriendList			À_CLASSER		0	0 ou plusieurs candidats de même round-0 dans Connection, aucun retenu sans ambiguïté
		FriendListEvent			À_CLASSER		0	nom clair SUSPECT (champs internes encore obfusqués, ex. `ebko` — otomai n'a pas fini de le renommer) — écarté du matching, pas un vrai candidat
		FriendListRequest			À_CLASSER		190	0 ou plusieurs candidats de même round-0 dans Game, aucun retenu sans ambiguïté
		FriendListResponse			À_CLASSER		4	0 ou plusieurs candidats de même round-0 dans Connection, aucun retenu sans ambiguïté
		FriendOnlineInformation			À_CLASSER		0	0 ou plusieurs candidats de même round-0 dans Game, aucun retenu sans ambiguïté
		FriendSetStatusShareRequest			À_CLASSER		0	nom clair SUSPECT (champs internes encore obfusqués, ex. `ebko` — otomai n'a pas fini de le renommer) — écarté du matching, pas un vrai candidat
		FriendSetWarnOnConnectionRequest			À_CLASSER		0	nom clair SUSPECT (champs internes encore obfusqués, ex. `ebko` — otomai n'a pas fini de le renommer) — écarté du matching, pas un vrai candidat
		FriendSetWarnOnLevelGainRequest			À_CLASSER		0	nom clair SUSPECT (champs internes encore obfusqués, ex. `ebko` — otomai n'a pas fini de le renommer) — écarté du matching, pas un vrai candidat
		FriendStatusShareStateEvent			À_CLASSER		0	nom clair SUSPECT (champs internes encore obfusqués, ex. `ebko` — otomai n'a pas fini de le renommer) — écarté du matching, pas un vrai candidat
		FriendWarnOnConnectionStateEvent			À_CLASSER		0	nom clair SUSPECT (champs internes encore obfusqués, ex. `ebko` — otomai n'a pas fini de le renommer) — écarté du matching, pas un vrai candidat
		FriendWarnOnLevelGainStateEvent			À_CLASSER		0	nom clair SUSPECT (champs internes encore obfusqués, ex. `ebko` — otomai n'a pas fini de le renommer) — écarté du matching, pas un vrai candidat
		GameActionAcknowledgementRequest			À_CLASSER		66	0 ou plusieurs candidats de même round-0 dans Game, aucun retenu sans ambiguïté
		GameActionFightCastOnTargetRequest			À_CLASSER		66	0 ou plusieurs candidats de même round-0 dans Game, aucun retenu sans ambiguïté
		GameActionFightCastRequest			À_CLASSER		158	0 ou plusieurs candidats de même round-0 dans Game, aucun retenu sans ambiguïté
jwe	12409	GameActionFightEvent	0.795	arrosage	DÉDUIT	gatherer,luaxy,otomai	1	forme/champs arrosage — comparer contre une capture réelle du client vivant
		GameActionItem			À_CLASSER		0	0 ou plusieurs candidats de même round-0 dans Game, aucun retenu sans ambiguïté
		GameActionItemConsumeAllRequest			À_CLASSER		190	0 ou plusieurs candidats de même round-0 dans Game, aucun retenu sans ambiguïté
		GameActionItemConsumeRequest			À_CLASSER		158	0 ou plusieurs candidats de même round-0 dans Game, aucun retenu sans ambiguïté
		GameActionItemConsumedEvent			À_CLASSER		66	0 ou plusieurs candidats de même round-0 dans Game, aucun retenu sans ambiguïté
		GameActionItemListEvent			À_CLASSER		51	0 ou plusieurs candidats de même round-0 dans Game, aucun retenu sans ambiguïté
		GameActionSpamEvent			À_CLASSER		0	nom clair SUSPECT (champs internes encore obfusqués, ex. `ebko` — otomai n'a pas fini de le renommer) — écarté du matching, pas un vrai candidat
		GameActionUpdateEffectTriggerCountEvent			À_CLASSER		12	0 ou plusieurs candidats de même round-0 dans Game, aucun retenu sans ambiguïté
		GameContextCreateRequestMessage			À_CLASSER		86	0 ou plusieurs candidats de même round-0 dans Game, aucun retenu sans ambiguïté
		GameContextRefreshEntityLookMessage			À_CLASSER		11	0 ou plusieurs candidats de même round-0 dans Game, aucun retenu sans ambiguïté
		GameContextRemoveElementMessage			À_CLASSER		32	0 ou plusieurs candidats de même round-0 dans Game, aucun retenu sans ambiguïté
		GameMapMovementMessage			À_CLASSER		0	0 ou plusieurs candidats de même round-0 dans Game, aucun retenu sans ambiguïté
		GameMapMovementRequestMessage			À_CLASSER		1	0 ou plusieurs candidats de même round-0 dans Game, aucun retenu sans ambiguïté
		GameMessage			À_CLASSER		4	0 ou plusieurs candidats de même round-0 dans Game, aucun retenu sans ambiguïté
		GameOverEvent			À_CLASSER		115	0 ou plusieurs candidats de même round-0 dans Game, aucun retenu sans ambiguïté
		GameRolePlayShowActorsEvent			À_CLASSER		0	nom clair SUSPECT (champs internes encore obfusqués, ex. `ebko` — otomai n'a pas fini de le renommer) — écarté du matching, pas un vrai candidat
kmz	13138	GiftsListMessage	1.0	arrosage	DÉDUIT	jondo-proto	1	forme/champs arrosage — comparer contre une capture réelle du client vivant
		GlobalChoiceSelectedEvent			À_CLASSER		0	nom clair SUSPECT (champs internes encore obfusqués, ex. `ebko` — otomai n'a pas fini de le renommer) — écarté du matching, pas un vrai candidat
		GlobalChoiceSelectedRequest			À_CLASSER		0	nom clair SUSPECT (champs internes encore obfusqués, ex. `ebko` — otomai n'a pas fini de le renommer) — écarté du matching, pas un vrai candidat
		GlobalChoiceSelectionEvent			À_CLASSER		0	nom clair SUSPECT (champs internes encore obfusqués, ex. `ebko` — otomai n'a pas fini de le renommer) — écarté du matching, pas un vrai candidat
		GlobalChoiceVoteEvent			À_CLASSER		0	nom clair SUSPECT (champs internes encore obfusqués, ex. `ebko` — otomai n'a pas fini de le renommer) — écarté du matching, pas un vrai candidat
		GoldAddedEvent			À_CLASSER		0	nom clair SUSPECT (champs internes encore obfusqués, ex. `ebko` — otomai n'a pas fini de le renommer) — écarté du matching, pas un vrai candidat
		GroupTeleportPlayerAnswerRequest			À_CLASSER		0	nom clair SUSPECT (champs internes encore obfusqués, ex. `ebko` — otomai n'a pas fini de le renommer) — écarté du matching, pas un vrai candidat
		GroupTeleportPlayerClosedEvent			À_CLASSER		158	0 ou plusieurs candidats de même round-0 dans Game, aucun retenu sans ambiguïté
		GroupTeleportPlayerOfferEvent			À_CLASSER		0	0 ou plusieurs candidats de même round-0 dans Game, aucun retenu sans ambiguïté
		GuestLimitationEvent			À_CLASSER		0	nom clair SUSPECT (champs internes encore obfusqués, ex. `ebko` — otomai n'a pas fini de le renommer) — écarté du matching, pas un vrai candidat
		GuestModeEvent			À_CLASSER		190	0 ou plusieurs candidats de même round-0 dans Game, aucun retenu sans ambiguïté
		GuideModQuitRequest			À_CLASSER		115	0 ou plusieurs candidats de même round-0 dans Game, aucun retenu sans ambiguïté
		GuideModReturnRequest			À_CLASSER		115	0 ou plusieurs candidats de même round-0 dans Game, aucun retenu sans ambiguïté
		GuildApplicationAnswerEvent			À_CLASSER		51	0 ou plusieurs candidats de même round-0 dans Game, aucun retenu sans ambiguïté
		GuildApplicationAnswerRequest			À_CLASSER		158	0 ou plusieurs candidats de même round-0 dans Game, aucun retenu sans ambiguïté
		GuildApplicationDeleteRequest			À_CLASSER		115	0 ou plusieurs candidats de même round-0 dans Game, aucun retenu sans ambiguïté
		GuildApplicationDeletedEvent			À_CLASSER		190	0 ou plusieurs candidats de même round-0 dans Game, aucun retenu sans ambiguïté
		GuildApplicationGetOwnRequest			À_CLASSER		115	0 ou plusieurs candidats de même round-0 dans Game, aucun retenu sans ambiguïté
		GuildApplicationListenRequest			À_CLASSER		0	nom clair SUSPECT (champs internes encore obfusqués, ex. `ebko` — otomai n'a pas fini de le renommer) — écarté du matching, pas un vrai candidat
		GuildApplicationModifiedEvent			À_CLASSER		14	0 ou plusieurs candidats de même round-0 dans Game, aucun retenu sans ambiguïté
		GuildApplicationPlayerEvent			À_CLASSER		86	0 ou plusieurs candidats de même round-0 dans Game, aucun retenu sans ambiguïté
		GuildApplicationPresenceEvent			À_CLASSER		190	0 ou plusieurs candidats de même round-0 dans Game, aucun retenu sans ambiguïté
		GuildApplicationPresenceRequest			À_CLASSER		115	0 ou plusieurs candidats de même round-0 dans Game, aucun retenu sans ambiguïté
		GuildApplicationReceivedEvent			À_CLASSER		158	0 ou plusieurs candidats de même round-0 dans Game, aucun retenu sans ambiguïté
		GuildApplicationSubmitRequest			À_CLASSER		0	0 ou plusieurs candidats de même round-0 dans Game, aucun retenu sans ambiguïté
		GuildApplicationUpdateRequest			À_CLASSER		158	0 ou plusieurs candidats de même round-0 dans Game, aucun retenu sans ambiguïté
		GuildApplicationsEvent			À_CLASSER		0	nom clair SUSPECT (champs internes encore obfusqués, ex. `ebko` — otomai n'a pas fini de le renommer) — écarté du matching, pas un vrai candidat
		GuildApplicationsRequest			À_CLASSER		0	nom clair SUSPECT (champs internes encore obfusqués, ex. `ebko` — otomai n'a pas fini de le renommer) — écarté du matching, pas un vrai candidat
		GuildBulletinEvent			À_CLASSER		115	0 ou plusieurs candidats de même round-0 dans Game, aucun retenu sans ambiguïté
		GuildBulletinSetErrorEvent			À_CLASSER		0	nom clair SUSPECT (champs internes encore obfusqués, ex. `ebko` — otomai n'a pas fini de le renommer) — écarté du matching, pas un vrai candidat
		GuildBulletinSetRequest			À_CLASSER		190	0 ou plusieurs candidats de même round-0 dans Game, aucun retenu sans ambiguïté
		GuildCardErrorEvent			À_CLASSER		190	0 ou plusieurs candidats de même round-0 dans Game, aucun retenu sans ambiguïté
hjj	9677	GuildCardEvent	0.857	arrosage	DÉDUIT	gatherer,luaxy,otomai	1	forme/champs arrosage — comparer contre une capture réelle du client vivant
		GuildCardRequest			À_CLASSER		190	0 ou plusieurs candidats de même round-0 dans Game, aucun retenu sans ambiguïté
		GuildChestContributionStartRequest			À_CLASSER		190	0 ou plusieurs candidats de même round-0 dans Game, aucun retenu sans ambiguïté
		GuildChestContributionStopRequest			À_CLASSER		115	0 ou plusieurs candidats de même round-0 dans Game, aucun retenu sans ambiguïté
		GuildChestCurrentListenersAddEvent			À_CLASSER		158	0 ou plusieurs candidats de même round-0 dans Game, aucun retenu sans ambiguïté
		GuildChestCurrentListenersEvent			À_CLASSER		26	0 ou plusieurs candidats de même round-0 dans Game, aucun retenu sans ambiguïté
		GuildChestCurrentListenersRemoveEvent			À_CLASSER		190	0 ou plusieurs candidats de même round-0 dans Game, aucun retenu sans ambiguïté
		GuildChestStructureStartListeningRequest			À_CLASSER		115	0 ou plusieurs candidats de même round-0 dans Game, aucun retenu sans ambiguïté
		GuildChestStructureStopListeningRequest			À_CLASSER		115	0 ou plusieurs candidats de même round-0 dans Game, aucun retenu sans ambiguïté
		GuildChestTabContributionEvent			À_CLASSER		12	0 ou plusieurs candidats de même round-0 dans Game, aucun retenu sans ambiguïté
		GuildChestTabContributionsEvent			À_CLASSER		51	0 ou plusieurs candidats de même round-0 dans Game, aucun retenu sans ambiguïté
		GuildChestTabContributionsRequest			À_CLASSER		115	0 ou plusieurs candidats de même round-0 dans Game, aucun retenu sans ambiguïté
		GuildChestTabLastContributionDateEvent			À_CLASSER		158	0 ou plusieurs candidats de même round-0 dans Game, aucun retenu sans ambiguïté
		GuildChestTabSelectRequest			À_CLASSER		190	0 ou plusieurs candidats de même round-0 dans Game, aucun retenu sans ambiguïté
		GuildChestTabUpdateRequest			À_CLASSER		2	0 ou plusieurs candidats de même round-0 dans Game, aucun retenu sans ambiguïté
		GuildCreationResultEvent			À_CLASSER		0	nom clair SUSPECT (champs internes encore obfusqués, ex. `ebko` — otomai n'a pas fini de le renommer) — écarté du matching, pas un vrai candidat
		GuildCreationStartedEvent			À_CLASSER		115	0 ou plusieurs candidats de même round-0 dans Game, aucun retenu sans ambiguïté
		GuildCreationValidRequest			À_CLASSER		0	nom clair SUSPECT (champs internes encore obfusqués, ex. `ebko` — otomai n'a pas fini de le renommer) — écarté du matching, pas un vrai candidat
		GuildDetailedInformation			À_CLASSER		1	0 ou plusieurs candidats de même round-0 dans Game, aucun retenu sans ambiguïté
jyg	12506	GuildGeneralInformationEvent	0.75	arrosage	DÉDUIT	gatherer,luaxy,otomai	1	forme/champs arrosage — comparer contre une capture réelle du client vivant
		GuildHouseRemoveEvent			À_CLASSER		66	0 ou plusieurs candidats de même round-0 dans Game, aucun retenu sans ambiguïté
		GuildHouseUpdateEvent			À_CLASSER		0	nom clair SUSPECT (champs internes encore obfusqués, ex. `ebko` — otomai n'a pas fini de le renommer) — écarté du matching, pas un vrai candidat
		GuildHousesEvent			À_CLASSER		0	nom clair SUSPECT (champs internes encore obfusqués, ex. `ebko` — otomai n'a pas fini de le renommer) — écarté du matching, pas un vrai candidat
		GuildInformation			À_CLASSER		4	0 ou plusieurs candidats de même round-0 dans Game, aucun retenu sans ambiguïté
		GuildInformationRequest			À_CLASSER		86	0 ou plusieurs candidats de même round-0 dans Game, aucun retenu sans ambiguïté
		GuildInformationsGeneralMessage			À_CLASSER		0	0 ou plusieurs candidats de même round-0 dans Game, aucun retenu sans ambiguïté
		GuildInvitationAnswerRequest			À_CLASSER		190	0 ou plusieurs candidats de même round-0 dans Game, aucun retenu sans ambiguïté
		GuildInvitationRequest			À_CLASSER		190	0 ou plusieurs candidats de même round-0 dans Game, aucun retenu sans ambiguïté
		GuildInvitationStateRecruitedEvent			À_CLASSER		115	0 ou plusieurs candidats de même round-0 dans Game, aucun retenu sans ambiguïté
		GuildInvitationStateRecruiterEvent			À_CLASSER		23	0 ou plusieurs candidats de même round-0 dans Game, aucun retenu sans ambiguïté
		GuildInvitedEvent			À_CLASSER		23	0 ou plusieurs candidats de même round-0 dans Game, aucun retenu sans ambiguïté
		GuildJoinAutomaticallyRequest			À_CLASSER		190	0 ou plusieurs candidats de même round-0 dans Game, aucun retenu sans ambiguïté
		GuildJoinedEvent			À_CLASSER		61	0 ou plusieurs candidats de même round-0 dans Game, aucun retenu sans ambiguïté
		GuildKickRequest			À_CLASSER		190	0 ou plusieurs candidats de même round-0 dans Game, aucun retenu sans ambiguïté
		GuildLeftEvent			À_CLASSER		115	0 ou plusieurs candidats de même round-0 dans Game, aucun retenu sans ambiguïté
		GuildLogbookEntry			À_CLASSER		0	0 ou plusieurs candidats de même round-0 dans Game, aucun retenu sans ambiguïté
		GuildLogbookEvent			À_CLASSER		3	0 ou plusieurs candidats de même round-0 dans Game, aucun retenu sans ambiguïté
		GuildLogbookRequest			À_CLASSER		115	0 ou plusieurs candidats de même round-0 dans Game, aucun retenu sans ambiguïté
		GuildMember			À_CLASSER		0	0 ou plusieurs candidats de même round-0 dans Game, aucun retenu sans ambiguïté
		GuildMemberLeaveEvent			À_CLASSER		158	0 ou plusieurs candidats de même round-0 dans Game, aucun retenu sans ambiguïté
		GuildMemberOnlineStatusEvent			À_CLASSER		158	0 ou plusieurs candidats de même round-0 dans Game, aucun retenu sans ambiguïté
		GuildMemberParametersChangeRequest			À_CLASSER		25	0 ou plusieurs candidats de même round-0 dans Game, aucun retenu sans ambiguïté
		GuildMemberUpdateEvent			À_CLASSER		0	nom clair SUSPECT (champs internes encore obfusqués, ex. `ebko` — otomai n'a pas fini de le renommer) — écarté du matching, pas un vrai candidat
		GuildMemberWarnOnConnectionStartRequest			À_CLASSER		115	0 ou plusieurs candidats de même round-0 dans Game, aucun retenu sans ambiguïté
		GuildMemberWarnOnConnectionStopRequest			À_CLASSER		115	0 ou plusieurs candidats de même round-0 dans Game, aucun retenu sans ambiguïté
		GuildMembersEvent			À_CLASSER		51	0 ou plusieurs candidats de même round-0 dans Game, aucun retenu sans ambiguïté
		GuildMembershipEvent			À_CLASSER		61	0 ou plusieurs candidats de même round-0 dans Game, aucun retenu sans ambiguïté
		GuildModificationEmblemValidRequest			À_CLASSER		0	nom clair SUSPECT (champs internes encore obfusqués, ex. `ebko` — otomai n'a pas fini de le renommer) — écarté du matching, pas un vrai candidat
		GuildModificationNameValidRequest			À_CLASSER		0	nom clair SUSPECT (champs internes encore obfusqués, ex. `ebko` — otomai n'a pas fini de le renommer) — écarté du matching, pas un vrai candidat
		GuildModificationResultEvent			À_CLASSER		0	nom clair SUSPECT (champs internes encore obfusqués, ex. `ebko` — otomai n'a pas fini de le renommer) — écarté du matching, pas un vrai candidat
		GuildModificationStartedEvent			À_CLASSER		66	0 ou plusieurs candidats de même round-0 dans Game, aucun retenu sans ambiguïté
		GuildModificationValidRequest			À_CLASSER		0	nom clair SUSPECT (champs internes encore obfusqués, ex. `ebko` — otomai n'a pas fini de le renommer) — écarté du matching, pas un vrai candidat
		GuildMotdEvent			À_CLASSER		0	nom clair SUSPECT (champs internes encore obfusqués, ex. `ebko` — otomai n'a pas fini de le renommer) — écarté du matching, pas un vrai candidat
		GuildMotdSetErrorEvent			À_CLASSER		0	nom clair SUSPECT (champs internes encore obfusqués, ex. `ebko` — otomai n'a pas fini de le renommer) — écarté du matching, pas un vrai candidat
		GuildMotdSetRequest			À_CLASSER		190	0 ou plusieurs candidats de même round-0 dans Game, aucun retenu sans ambiguïté
		GuildNoteUpdateRequest			À_CLASSER		158	0 ou plusieurs candidats de même round-0 dans Game, aucun retenu sans ambiguïté
		GuildPaddockBoughtEvent			À_CLASSER		86	0 ou plusieurs candidats de même round-0 dans Game, aucun retenu sans ambiguïté
		GuildPaddockRemovedEvent			À_CLASSER		190	0 ou plusieurs candidats de même round-0 dans Game, aucun retenu sans ambiguïté
		GuildPaddockTeleportRequest			À_CLASSER		190	0 ou plusieurs candidats de même round-0 dans Game, aucun retenu sans ambiguïté
		GuildPaddocksInformationEvent			À_CLASSER		7	0 ou plusieurs candidats de même round-0 dans Game, aucun retenu sans ambiguïté
		GuildRankCreateRequest			À_CLASSER		66	0 ou plusieurs candidats de même round-0 dans Game, aucun retenu sans ambiguïté
		GuildRankRemoveRequest			À_CLASSER		158	0 ou plusieurs candidats de même round-0 dans Game, aucun retenu sans ambiguïté
		GuildRankUpdateAllRequest			À_CLASSER		0	nom clair SUSPECT (champs internes encore obfusqués, ex. `ebko` — otomai n'a pas fini de le renommer) — écarté du matching, pas un vrai candidat
		GuildRankUpdateRequest			À_CLASSER		0	nom clair SUSPECT (champs internes encore obfusqués, ex. `ebko` — otomai n'a pas fini de le renommer) — écarté du matching, pas un vrai candidat
		GuildRanksEvent			À_CLASSER		0	nom clair SUSPECT (champs internes encore obfusqués, ex. `ebko` — otomai n'a pas fini de le renommer) — écarté du matching, pas un vrai candidat
		GuildRanksRequest			À_CLASSER		115	0 ou plusieurs candidats de même round-0 dans Game, aucun retenu sans ambiguïté
		GuildRecruitmentEvent			À_CLASSER		115	0 ou plusieurs candidats de même round-0 dans Game, aucun retenu sans ambiguïté
		GuildRecruitmentInformation			À_CLASSER		0	0 ou plusieurs candidats de même round-0 dans Game, aucun retenu sans ambiguïté
		GuildRecruitmentInvalidateEvent			À_CLASSER		115	0 ou plusieurs candidats de même round-0 dans Game, aucun retenu sans ambiguïté
		GuildRecruitmentUpdateRequest			À_CLASSER		115	0 ou plusieurs candidats de même round-0 dans Game, aucun retenu sans ambiguïté
		GuildRightsUpdateRequest			À_CLASSER		15	0 ou plusieurs candidats de même round-0 dans Game, aucun retenu sans ambiguïté
		GuildSocialInformation			À_CLASSER		86	0 ou plusieurs candidats de même round-0 dans Game, aucun retenu sans ambiguïté
		GuildSummaryEvent			À_CLASSER		0	nom clair SUSPECT (champs internes encore obfusqués, ex. `ebko` — otomai n'a pas fini de le renommer) — écarté du matching, pas un vrai candidat
		GuildSummaryRequest			À_CLASSER		0	0 ou plusieurs candidats de même round-0 dans Game, aucun retenu sans ambiguïté
		HaapiAuthenticationErrorEvent			À_CLASSER		115	0 ou plusieurs candidats de même round-0 dans Game, aucun retenu sans ambiguïté
		HaapiSessionEvent			À_CLASSER		190	0 ou plusieurs candidats de même round-0 dans Game, aucun retenu sans ambiguïté
		HaapiTokenEvent			À_CLASSER		0	nom clair SUSPECT (champs internes encore obfusqués, ex. `ebko` — otomai n'a pas fini de le renommer) — écarté du matching, pas un vrai candidat
		HaapiTokenRequest			À_CLASSER		115	0 ou plusieurs candidats de même round-0 dans Game, aucun retenu sans ambiguïté
		HavenBagChangeRoomRequest			À_CLASSER		190	0 ou plusieurs candidats de même round-0 dans Game, aucun retenu sans ambiguïté
		HavenBagDailyLotteryEvent			À_CLASSER		20	0 ou plusieurs candidats de même round-0 dans Game, aucun retenu sans ambiguïté
		HavenBagEditCancelRequest			À_CLASSER		115	0 ou plusieurs candidats de même round-0 dans Game, aucun retenu sans ambiguïté
		HavenBagEditFinishedEvent			À_CLASSER		190	0 ou plusieurs candidats de même round-0 dans Game, aucun retenu sans ambiguïté
		HavenBagEditRequest			À_CLASSER		115	0 ou plusieurs candidats de même round-0 dans Game, aucun retenu sans ambiguïté
		HavenBagEditStartEvent			À_CLASSER		115	0 ou plusieurs candidats de même round-0 dans Game, aucun retenu sans ambiguïté
		HavenBagEditionStartRequestMessage			À_CLASSER		115	0 ou plusieurs candidats de même round-0 dans Game, aucun retenu sans ambiguïté
		HavenBagEditionStartedMessage			À_CLASSER		115	0 ou plusieurs candidats de même round-0 dans Game, aucun retenu sans ambiguïté
		HavenBagEditionStoppedMessage			À_CLASSER		115	0 ou plusieurs candidats de même round-0 dans Game, aucun retenu sans ambiguïté
		HavenBagEnterRequest			À_CLASSER		0	nom clair SUSPECT (champs internes encore obfusqués, ex. `ebko` — otomai n'a pas fini de le renommer) — écarté du matching, pas un vrai candidat
		HavenBagExitRequest			À_CLASSER		115	0 ou plusieurs candidats de même round-0 dans Game, aucun retenu sans ambiguïté
		HavenBagFurnitureCloseRequest			À_CLASSER		115	0 ou plusieurs candidats de même round-0 dans Game, aucun retenu sans ambiguïté
		HavenBagFurnitureEvent			À_CLASSER		51	0 ou plusieurs candidats de même round-0 dans Game, aucun retenu sans ambiguïté
		HavenBagFurnitureOpenRequest			À_CLASSER		115	0 ou plusieurs candidats de même round-0 dans Game, aucun retenu sans ambiguïté
		HavenBagFurnitureRequest			À_CLASSER		51	0 ou plusieurs candidats de même round-0 dans Game, aucun retenu sans ambiguïté
		HavenBagFurnituresMessage			À_CLASSER		51	0 ou plusieurs candidats de même round-0 dans Game, aucun retenu sans ambiguïté
		HavenBagFurnituresUpdateRequestMessage			À_CLASSER		3	0 ou plusieurs candidats de même round-0 dans Game, aucun retenu sans ambiguïté
		HavenBagInvitationAnswerRequest			À_CLASSER		158	0 ou plusieurs candidats de même round-0 dans Game, aucun retenu sans ambiguïté
		HavenBagInvitationClosedEvent			À_CLASSER		86	0 ou plusieurs candidats de même round-0 dans Game, aucun retenu sans ambiguïté
		HavenBagInvitationEvent			À_CLASSER		61	0 ou plusieurs candidats de même round-0 dans Game, aucun retenu sans ambiguïté
		HavenBagInvitationOfferedEvent			À_CLASSER		18	0 ou plusieurs candidats de même round-0 dans Game, aucun retenu sans ambiguïté
		HavenBagInvitationRequest			À_CLASSER		190	0 ou plusieurs candidats de même round-0 dans Game, aucun retenu sans ambiguïté
		HavenBagKickRequest			À_CLASSER		190	0 ou plusieurs candidats de même round-0 dans Game, aucun retenu sans ambiguïté
		HavenBagPackListEvent			À_CLASSER		26	0 ou plusieurs candidats de même round-0 dans Game, aucun retenu sans ambiguïté
		HavenBagPermissionsUpdateEvent			À_CLASSER		190	0 ou plusieurs candidats de même round-0 dans Game, aucun retenu sans ambiguïté
		HavenBagPermissionsUpdateRequest			À_CLASSER		190	0 ou plusieurs candidats de même round-0 dans Game, aucun retenu sans ambiguïté
		HavenBagRoomPreview			À_CLASSER		158	0 ou plusieurs candidats de même round-0 dans Game, aucun retenu sans ambiguïté
		HavenBagRoomUpdateEvent			À_CLASSER		6	0 ou plusieurs candidats de même round-0 dans Game, aucun retenu sans ambiguïté
		HavenBagThemeChangeRequest			À_CLASSER		0	nom clair SUSPECT (champs internes encore obfusqués, ex. `ebko` — otomai n'a pas fini de le renommer) — écarté du matching, pas un vrai candidat
		HavenBagThemeChangeRequestMessage			À_CLASSER		86	0 ou plusieurs candidats de même round-0 dans Game, aucun retenu sans ambiguïté
		Hdd			À_CLASSER		61	0 ou plusieurs candidats de même round-0 dans Game, aucun retenu sans ambiguïté
		Hde			À_CLASSER		51	0 ou plusieurs candidats de même round-0 dans Game, aucun retenu sans ambiguïté
		Hdf			À_CLASSER		51	0 ou plusieurs candidats de même round-0 dans Game, aucun retenu sans ambiguïté
		Hdg			À_CLASSER		115	0 ou plusieurs candidats de même round-0 dans Game, aucun retenu sans ambiguïté
		Hdh			À_CLASSER		115	0 ou plusieurs candidats de même round-0 dans Game, aucun retenu sans ambiguïté
		HelloGameMessage			À_CLASSER		0	0 ou plusieurs candidats de même round-0 dans Game, aucun retenu sans ambiguïté
		Hep			À_CLASSER		158	0 ou plusieurs candidats de même round-0 dans Game, aucun retenu sans ambiguïté
		Hio			À_CLASSER		0	nom clair SUSPECT (champs internes encore obfusqués, ex. `ebko` — otomai n'a pas fini de le renommer) — écarté du matching, pas un vrai candidat
		Hja			À_CLASSER		0	nom clair SUSPECT (champs internes encore obfusqués, ex. `ebko` — otomai n'a pas fini de le renommer) — écarté du matching, pas un vrai candidat
		Hjm			À_CLASSER		0	nom clair SUSPECT (champs internes encore obfusqués, ex. `ebko` — otomai n'a pas fini de le renommer) — écarté du matching, pas un vrai candidat
		Hla			À_CLASSER		0	nom clair SUSPECT (champs internes encore obfusqués, ex. `ebko` — otomai n'a pas fini de le renommer) — écarté du matching, pas un vrai candidat
		Hlp			À_CLASSER		0	nom clair SUSPECT (champs internes encore obfusqués, ex. `ebko` — otomai n'a pas fini de le renommer) — écarté du matching, pas un vrai candidat
		Hmt			À_CLASSER		0	nom clair SUSPECT (champs internes encore obfusqués, ex. `ebko` — otomai n'a pas fini de le renommer) — écarté du matching, pas un vrai candidat
		Hne			À_CLASSER		0	nom clair SUSPECT (champs internes encore obfusqués, ex. `ebko` — otomai n'a pas fini de le renommer) — écarté du matching, pas un vrai candidat
		Hni			À_CLASSER		0	nom clair SUSPECT (champs internes encore obfusqués, ex. `ebko` — otomai n'a pas fini de le renommer) — écarté du matching, pas un vrai candidat
		Hnj			À_CLASSER		0	nom clair SUSPECT (champs internes encore obfusqués, ex. `ebko` — otomai n'a pas fini de le renommer) — écarté du matching, pas un vrai candidat
		Hnk			À_CLASSER		115	0 ou plusieurs candidats de même round-0 dans Game, aucun retenu sans ambiguïté
		Hnl			À_CLASSER		115	0 ou plusieurs candidats de même round-0 dans Game, aucun retenu sans ambiguïté
		Hnv			À_CLASSER		0	nom clair SUSPECT (champs internes encore obfusqués, ex. `ebko` — otomai n'a pas fini de le renommer) — écarté du matching, pas un vrai candidat
		Hob			À_CLASSER		0	nom clair SUSPECT (champs internes encore obfusqués, ex. `ebko` — otomai n'a pas fini de le renommer) — écarté du matching, pas un vrai candidat
		Hok			À_CLASSER		0	nom clair SUSPECT (champs internes encore obfusqués, ex. `ebko` — otomai n'a pas fini de le renommer) — écarté du matching, pas un vrai candidat
		House			À_CLASSER		0	0 ou plusieurs candidats de même round-0 dans Game, aucun retenu sans ambiguïté
		HouseAccount			À_CLASSER		86	0 ou plusieurs candidats de même round-0 dans Game, aucun retenu sans ambiguïté
		HouseAccountEvent			À_CLASSER		0	nom clair SUSPECT (champs internes encore obfusqués, ex. `ebko` — otomai n'a pas fini de le renommer) — écarté du matching, pas un vrai candidat
		HouseBuyRequest			À_CLASSER		190	0 ou plusieurs candidats de même round-0 dans Game, aucun retenu sans ambiguïté
		HouseBuyResultEvent			À_CLASSER		12	0 ou plusieurs candidats de même round-0 dans Game, aucun retenu sans ambiguïté
hko	9729	HouseGuild	1.0	arrosage	DÉDUIT	gatherer,luaxy	1	forme/champs arrosage — comparer contre une capture réelle du client vivant
		HouseGuildNoneEvent			À_CLASSER		66	0 ou plusieurs candidats de même round-0 dans Game, aucun retenu sans ambiguïté
		HouseGuildRightsEvent			À_CLASSER		1	0 ou plusieurs candidats de même round-0 dans Game, aucun retenu sans ambiguïté
		HouseGuildRightsViewRequest			À_CLASSER		158	0 ou plusieurs candidats de même round-0 dans Game, aucun retenu sans ambiguïté
		HouseGuildShareRequest			À_CLASSER		25	0 ou plusieurs candidats de même round-0 dans Game, aucun retenu sans ambiguïté
		HouseInformationRequest			À_CLASSER		158	0 ou plusieurs candidats de même round-0 dans Game, aucun retenu sans ambiguïté
		HouseInformationResponse			À_CLASSER		115	0 ou plusieurs candidats de même round-0 dans Game, aucun retenu sans ambiguïté
		HouseInside			À_CLASSER		86	0 ou plusieurs candidats de même round-0 dans Game, aucun retenu sans ambiguïté
ihr	10674	HouseInstance	0.6	parent_drag	DÉDUIT	gatherer,luaxy,otomai	1	forme/champs parent_drag — comparer contre une capture réelle du client vivant
		HouseKickRequest			À_CLASSER		190	0 ou plusieurs candidats de même round-0 dans Game, aucun retenu sans ambiguïté
		HouseLockFromInsideRequest			À_CLASSER		0	nom clair SUSPECT (champs internes encore obfusqués, ex. `ebko` — otomai n'a pas fini de le renommer) — écarté du matching, pas un vrai candidat
hlz	9789	HouseOnMap	1.0	arrosage	DÉDUIT	gatherer,luaxy	1	forme/champs arrosage — comparer contre une capture réelle du client vivant
ihz	10688	HousePropertiesEvent	1.0	graine	DÉDUIT	gatherer,luaxy,otomai	1	forme/champs graine — comparer contre une capture réelle du client vivant
		HouseSellRequest			À_CLASSER		25	0 ou plusieurs candidats de même round-0 dans Game, aucun retenu sans ambiguïté
		HouseSellingUpdateEvent			À_CLASSER		5	0 ou plusieurs candidats de même round-0 dans Game, aucun retenu sans ambiguïté
		HouseTeleportRequest			À_CLASSER		158	0 ou plusieurs candidats de même round-0 dans Game, aucun retenu sans ambiguïté
		HouseToSell			À_CLASSER		0	0 ou plusieurs candidats de même round-0 dans Game, aucun retenu sans ambiguïté
		HousesToSellEvent			À_CLASSER		3	0 ou plusieurs candidats de même round-0 dans Game, aucun retenu sans ambiguïté
		HousesToSellFiltersRequest			À_CLASSER		2	0 ou plusieurs candidats de même round-0 dans Game, aucun retenu sans ambiguïté
		HousesToSellRequest			À_CLASSER		158	0 ou plusieurs candidats de même round-0 dans Game, aucun retenu sans ambiguïté
		Hpf			À_CLASSER		115	0 ou plusieurs candidats de même round-0 dans Game, aucun retenu sans ambiguïté
		Hpg			À_CLASSER		115	0 ou plusieurs candidats de même round-0 dans Game, aucun retenu sans ambiguïté
		Hph			À_CLASSER		0	nom clair SUSPECT (champs internes encore obfusqués, ex. `ebko` — otomai n'a pas fini de le renommer) — écarté du matching, pas un vrai candidat
		Hsz			À_CLASSER		0	nom clair SUSPECT (champs internes encore obfusqués, ex. `ebko` — otomai n'a pas fini de le renommer) — écarté du matching, pas un vrai candidat
		Htf			À_CLASSER		0	nom clair SUSPECT (champs internes encore obfusqués, ex. `ebko` — otomai n'a pas fini de le renommer) — écarté du matching, pas un vrai candidat
		Hth			À_CLASSER		0	nom clair SUSPECT (champs internes encore obfusqués, ex. `ebko` — otomai n'a pas fini de le renommer) — écarté du matching, pas un vrai candidat
		Hto			À_CLASSER		0	nom clair SUSPECT (champs internes encore obfusqués, ex. `ebko` — otomai n'a pas fini de le renommer) — écarté du matching, pas un vrai candidat
		Htq			À_CLASSER		0	nom clair SUSPECT (champs internes encore obfusqués, ex. `ebko` — otomai n'a pas fini de le renommer) — écarté du matching, pas un vrai candidat
		Hui			À_CLASSER		0	nom clair SUSPECT (champs internes encore obfusqués, ex. `ebko` — otomai n'a pas fini de le renommer) — écarté du matching, pas un vrai candidat
lng	14216	HumanOption	1.0	graine	DÉDUIT	gatherer,luaxy,otomai	1	forme/champs graine — comparer contre une capture réelle du client vivant
		Humanoid			À_CLASSER		0	0 ou plusieurs candidats de même round-0 dans Game, aucun retenu sans ambiguïté
		Hwh			À_CLASSER		0	nom clair SUSPECT (champs internes encore obfusqués, ex. `ebko` — otomai n'a pas fini de le renommer) — écarté du matching, pas un vrai candidat
		Hwj			À_CLASSER		0	nom clair SUSPECT (champs internes encore obfusqués, ex. `ebko` — otomai n'a pas fini de le renommer) — écarté du matching, pas un vrai candidat
		Hwk			À_CLASSER		0	nom clair SUSPECT (champs internes encore obfusqués, ex. `ebko` — otomai n'a pas fini de le renommer) — écarté du matching, pas un vrai candidat
		Hwm			À_CLASSER		0	nom clair SUSPECT (champs internes encore obfusqués, ex. `ebko` — otomai n'a pas fini de le renommer) — écarté du matching, pas un vrai candidat
		Hwp			À_CLASSER		0	nom clair SUSPECT (champs internes encore obfusqués, ex. `ebko` — otomai n'a pas fini de le renommer) — écarté du matching, pas un vrai candidat
		Hwu			À_CLASSER		0	nom clair SUSPECT (champs internes encore obfusqués, ex. `ebko` — otomai n'a pas fini de le renommer) — écarté du matching, pas un vrai candidat
		Hyu			À_CLASSER		0	nom clair SUSPECT (champs internes encore obfusqués, ex. `ebko` — otomai n'a pas fini de le renommer) — écarté du matching, pas un vrai candidat
		Hzw			À_CLASSER		0	nom clair SUSPECT (champs internes encore obfusqués, ex. `ebko` — otomai n'a pas fini de le renommer) — écarté du matching, pas un vrai candidat
		Iat			À_CLASSER		0	nom clair SUSPECT (champs internes encore obfusqués, ex. `ebko` — otomai n'a pas fini de le renommer) — écarté du matching, pas un vrai candidat
		IdentificationRequest			À_CLASSER		1	0 ou plusieurs candidats de même round-0 dans Connection, aucun retenu sans ambiguïté
		IdentificationResponse			À_CLASSER		4	0 ou plusieurs candidats de même round-0 dans Connection, aucun retenu sans ambiguïté
		Ief			À_CLASSER		0	nom clair SUSPECT (champs internes encore obfusqués, ex. `ebko` — otomai n'a pas fini de le renommer) — écarté du matching, pas un vrai candidat
		Ifa			À_CLASSER		0	nom clair SUSPECT (champs internes encore obfusqués, ex. `ebko` — otomai n'a pas fini de le renommer) — écarté du matching, pas un vrai candidat
		IgnoreEvent			À_CLASSER		86	0 ou plusieurs candidats de même round-0 dans Game, aucun retenu sans ambiguïté
		IgnoreRequest			À_CLASSER		86	0 ou plusieurs candidats de même round-0 dans Game, aucun retenu sans ambiguïté
		Ihl			À_CLASSER		0	nom clair SUSPECT (champs internes encore obfusqués, ex. `ebko` — otomai n'a pas fini de le renommer) — écarté du matching, pas un vrai candidat
		Ihr			À_CLASSER		0	nom clair SUSPECT (champs internes encore obfusqués, ex. `ebko` — otomai n'a pas fini de le renommer) — écarté du matching, pas un vrai candidat
		Ihs			À_CLASSER		0	nom clair SUSPECT (champs internes encore obfusqués, ex. `ebko` — otomai n'a pas fini de le renommer) — écarté du matching, pas un vrai candidat
		Iht			À_CLASSER		0	nom clair SUSPECT (champs internes encore obfusqués, ex. `ebko` — otomai n'a pas fini de le renommer) — écarté du matching, pas un vrai candidat
		Ihu			À_CLASSER		0	nom clair SUSPECT (champs internes encore obfusqués, ex. `ebko` — otomai n'a pas fini de le renommer) — écarté du matching, pas un vrai candidat
		Ihv			À_CLASSER		0	nom clair SUSPECT (champs internes encore obfusqués, ex. `ebko` — otomai n'a pas fini de le renommer) — écarté du matching, pas un vrai candidat
		Ihw			À_CLASSER		0	nom clair SUSPECT (champs internes encore obfusqués, ex. `ebko` — otomai n'a pas fini de le renommer) — écarté du matching, pas un vrai candidat
		Ihx			À_CLASSER		0	nom clair SUSPECT (champs internes encore obfusqués, ex. `ebko` — otomai n'a pas fini de le renommer) — écarté du matching, pas un vrai candidat
		Ihy			À_CLASSER		0	nom clair SUSPECT (champs internes encore obfusqués, ex. `ebko` — otomai n'a pas fini de le renommer) — écarté du matching, pas un vrai candidat
		Iig			À_CLASSER		0	nom clair SUSPECT (champs internes encore obfusqués, ex. `ebko` — otomai n'a pas fini de le renommer) — écarté du matching, pas un vrai candidat
		Iih			À_CLASSER		0	nom clair SUSPECT (champs internes encore obfusqués, ex. `ebko` — otomai n'a pas fini de le renommer) — écarté du matching, pas un vrai candidat
		Iii			À_CLASSER		0	nom clair SUSPECT (champs internes encore obfusqués, ex. `ebko` — otomai n'a pas fini de le renommer) — écarté du matching, pas un vrai candidat
		Iik			À_CLASSER		0	nom clair SUSPECT (champs internes encore obfusqués, ex. `ebko` — otomai n'a pas fini de le renommer) — écarté du matching, pas un vrai candidat
		Iil			À_CLASSER		0	nom clair SUSPECT (champs internes encore obfusqués, ex. `ebko` — otomai n'a pas fini de le renommer) — écarté du matching, pas un vrai candidat
		Iin			À_CLASSER		0	nom clair SUSPECT (champs internes encore obfusqués, ex. `ebko` — otomai n'a pas fini de le renommer) — écarté du matching, pas un vrai candidat
		Iip			À_CLASSER		0	nom clair SUSPECT (champs internes encore obfusqués, ex. `ebko` — otomai n'a pas fini de le renommer) — écarté du matching, pas un vrai candidat
		Iiq			À_CLASSER		0	nom clair SUSPECT (champs internes encore obfusqués, ex. `ebko` — otomai n'a pas fini de le renommer) — écarté du matching, pas un vrai candidat
		Iir			À_CLASSER		0	nom clair SUSPECT (champs internes encore obfusqués, ex. `ebko` — otomai n'a pas fini de le renommer) — écarté du matching, pas un vrai candidat
		Iis			À_CLASSER		0	nom clair SUSPECT (champs internes encore obfusqués, ex. `ebko` — otomai n'a pas fini de le renommer) — écarté du matching, pas un vrai candidat
		Iix			À_CLASSER		0	nom clair SUSPECT (champs internes encore obfusqués, ex. `ebko` — otomai n'a pas fini de le renommer) — écarté du matching, pas un vrai candidat
		Ija			À_CLASSER		0	nom clair SUSPECT (champs internes encore obfusqués, ex. `ebko` — otomai n'a pas fini de le renommer) — écarté du matching, pas un vrai candidat
		Ijb			À_CLASSER		0	nom clair SUSPECT (champs internes encore obfusqués, ex. `ebko` — otomai n'a pas fini de le renommer) — écarté du matching, pas un vrai candidat
		Ijc			À_CLASSER		0	nom clair SUSPECT (champs internes encore obfusqués, ex. `ebko` — otomai n'a pas fini de le renommer) — écarté du matching, pas un vrai candidat
		Ijd			À_CLASSER		0	nom clair SUSPECT (champs internes encore obfusqués, ex. `ebko` — otomai n'a pas fini de le renommer) — écarté du matching, pas un vrai candidat
		Ije			À_CLASSER		0	nom clair SUSPECT (champs internes encore obfusqués, ex. `ebko` — otomai n'a pas fini de le renommer) — écarté du matching, pas un vrai candidat
		Ijf			À_CLASSER		0	nom clair SUSPECT (champs internes encore obfusqués, ex. `ebko` — otomai n'a pas fini de le renommer) — écarté du matching, pas un vrai candidat
		Ijg			À_CLASSER		0	nom clair SUSPECT (champs internes encore obfusqués, ex. `ebko` — otomai n'a pas fini de le renommer) — écarté du matching, pas un vrai candidat
		Ijh			À_CLASSER		0	nom clair SUSPECT (champs internes encore obfusqués, ex. `ebko` — otomai n'a pas fini de le renommer) — écarté du matching, pas un vrai candidat
		Iji			À_CLASSER		0	nom clair SUSPECT (champs internes encore obfusqués, ex. `ebko` — otomai n'a pas fini de le renommer) — écarté du matching, pas un vrai candidat
		Ijj			À_CLASSER		0	nom clair SUSPECT (champs internes encore obfusqués, ex. `ebko` — otomai n'a pas fini de le renommer) — écarté du matching, pas un vrai candidat
		Ijp			À_CLASSER		0	nom clair SUSPECT (champs internes encore obfusqués, ex. `ebko` — otomai n'a pas fini de le renommer) — écarté du matching, pas un vrai candidat
		Ijw			À_CLASSER		0	nom clair SUSPECT (champs internes encore obfusqués, ex. `ebko` — otomai n'a pas fini de le renommer) — écarté du matching, pas un vrai candidat
		Ikd			À_CLASSER		0	nom clair SUSPECT (champs internes encore obfusqués, ex. `ebko` — otomai n'a pas fini de le renommer) — écarté du matching, pas un vrai candidat
		Ike			À_CLASSER		0	nom clair SUSPECT (champs internes encore obfusqués, ex. `ebko` — otomai n'a pas fini de le renommer) — écarté du matching, pas un vrai candidat
		Ikf			À_CLASSER		0	nom clair SUSPECT (champs internes encore obfusqués, ex. `ebko` — otomai n'a pas fini de le renommer) — écarté du matching, pas un vrai candidat
		Ikg			À_CLASSER		0	nom clair SUSPECT (champs internes encore obfusqués, ex. `ebko` — otomai n'a pas fini de le renommer) — écarté du matching, pas un vrai candidat
		Ikh			À_CLASSER		0	nom clair SUSPECT (champs internes encore obfusqués, ex. `ebko` — otomai n'a pas fini de le renommer) — écarté du matching, pas un vrai candidat
		Iki			À_CLASSER		0	nom clair SUSPECT (champs internes encore obfusqués, ex. `ebko` — otomai n'a pas fini de le renommer) — écarté du matching, pas un vrai candidat
		Ikj			À_CLASSER		0	nom clair SUSPECT (champs internes encore obfusqués, ex. `ebko` — otomai n'a pas fini de le renommer) — écarté du matching, pas un vrai candidat
		Ikk			À_CLASSER		0	nom clair SUSPECT (champs internes encore obfusqués, ex. `ebko` — otomai n'a pas fini de le renommer) — écarté du matching, pas un vrai candidat
		Ikt			À_CLASSER		0	nom clair SUSPECT (champs internes encore obfusqués, ex. `ebko` — otomai n'a pas fini de le renommer) — écarté du matching, pas un vrai candidat
		Ila			À_CLASSER		115	0 ou plusieurs candidats de même round-0 dans Game, aucun retenu sans ambiguïté
		Ilb			À_CLASSER		0	nom clair SUSPECT (champs internes encore obfusqués, ex. `ebko` — otomai n'a pas fini de le renommer) — écarté du matching, pas un vrai candidat
		Ilc			À_CLASSER		0	nom clair SUSPECT (champs internes encore obfusqués, ex. `ebko` — otomai n'a pas fini de le renommer) — écarté du matching, pas un vrai candidat
		Ild			À_CLASSER		0	nom clair SUSPECT (champs internes encore obfusqués, ex. `ebko` — otomai n'a pas fini de le renommer) — écarté du matching, pas un vrai candidat
		Imt			À_CLASSER		0	nom clair SUSPECT (champs internes encore obfusqués, ex. `ebko` — otomai n'a pas fini de le renommer) — écarté du matching, pas un vrai candidat
		IndexedEntityLook			À_CLASSER		0	nom clair SUSPECT (champs internes encore obfusqués, ex. `ebko` — otomai n'a pas fini de le renommer) — écarté du matching, pas un vrai candidat
lev	13861	InteractiveElement	1.0	graine	DÉDUIT	gatherer,luaxy,otomai	1	forme/champs graine — comparer contre une capture réelle du client vivant
		InteractiveElementSkill			À_CLASSER		66	0 ou plusieurs candidats de même round-0 dans Game, aucun retenu sans ambiguïté
		InteractiveElementUpdatedEvent			À_CLASSER		115	0 ou plusieurs candidats de même round-0 dans Game, aucun retenu sans ambiguïté
		InteractiveMapUpdateEvent			À_CLASSER		51	0 ou plusieurs candidats de même round-0 dans Game, aucun retenu sans ambiguïté
		InteractiveUseEndedEvent			À_CLASSER		66	0 ou plusieurs candidats de même round-0 dans Game, aucun retenu sans ambiguïté
		InteractiveUseErrorEvent			À_CLASSER		66	0 ou plusieurs candidats de même round-0 dans Game, aucun retenu sans ambiguïté
		InteractiveUseRequest			À_CLASSER		66	0 ou plusieurs candidats de même round-0 dans Game, aucun retenu sans ambiguïté
		InteractiveUseRequestMessage			À_CLASSER		32	0 ou plusieurs candidats de même round-0 dans Game, aucun retenu sans ambiguïté
		InteractiveUsedEvent			À_CLASSER		5	0 ou plusieurs candidats de même round-0 dans Game, aucun retenu sans ambiguïté
		InteractiveUsedMessage			À_CLASSER		1	0 ou plusieurs candidats de même round-0 dans Game, aucun retenu sans ambiguïté
		InventoryContentEvent			À_CLASSER		7	0 ou plusieurs candidats de même round-0 dans Game, aucun retenu sans ambiguïté
		InventoryContentMessage			À_CLASSER		0	0 ou plusieurs candidats de même round-0 dans Game, aucun retenu sans ambiguïté
		InventoryContentWatchEvent			À_CLASSER		3	0 ou plusieurs candidats de même round-0 dans Game, aucun retenu sans ambiguïté
		InventoryWeightEvent			À_CLASSER		158	0 ou plusieurs candidats de même round-0 dans Game, aucun retenu sans ambiguïté
		InventoryWeightMessage			À_CLASSER		1	0 ou plusieurs candidats de même round-0 dans Game, aucun retenu sans ambiguïté
		Invisibility			À_CLASSER		51	0 ou plusieurs candidats de même round-0 dans Game, aucun retenu sans ambiguïté
		InvisibleDetected			À_CLASSER		158	0 ou plusieurs candidats de même round-0 dans Game, aucun retenu sans ambiguïté
		Ioc			À_CLASSER		0	nom clair SUSPECT (champs internes encore obfusqués, ex. `ebko` — otomai n'a pas fini de le renommer) — écarté du matching, pas un vrai candidat
		Iom			À_CLASSER		0	nom clair SUSPECT (champs internes encore obfusqués, ex. `ebko` — otomai n'a pas fini de le renommer) — écarté du matching, pas un vrai candidat
		Ioq			À_CLASSER		0	nom clair SUSPECT (champs internes encore obfusqués, ex. `ebko` — otomai n'a pas fini de le renommer) — écarté du matching, pas un vrai candidat
		Iqf			À_CLASSER		0	nom clair SUSPECT (champs internes encore obfusqués, ex. `ebko` — otomai n'a pas fini de le renommer) — écarté du matching, pas un vrai candidat
		Iqh			À_CLASSER		0	nom clair SUSPECT (champs internes encore obfusqués, ex. `ebko` — otomai n'a pas fini de le renommer) — écarté du matching, pas un vrai candidat
		Ira			À_CLASSER		0	nom clair SUSPECT (champs internes encore obfusqués, ex. `ebko` — otomai n'a pas fini de le renommer) — écarté du matching, pas un vrai candidat
jdx	11629	ItemMinimalInformation	0.889	arrosage	DÉDUIT	gatherer,luaxy,otomai	1	forme/champs arrosage — comparer contre une capture réelle du client vivant
		ItemPositionByPresetUuidEntry			À_CLASSER		0	nom clair SUSPECT (champs internes encore obfusqués, ex. `ebko` — otomai n'a pas fini de le renommer) — écarté du matching, pas un vrai candidat
		ItemToSellInNpcShop			À_CLASSER		158	0 ou plusieurs candidats de même round-0 dans Game, aucun retenu sans ambiguïté
		Itg			À_CLASSER		0	nom clair SUSPECT (champs internes encore obfusqués, ex. `ebko` — otomai n'a pas fini de le renommer) — écarté du matching, pas un vrai candidat
		Iuk			À_CLASSER		115	0 ou plusieurs candidats de même round-0 dans Game, aucun retenu sans ambiguïté
		Iul			À_CLASSER		0	nom clair SUSPECT (champs internes encore obfusqués, ex. `ebko` — otomai n'a pas fini de le renommer) — écarté du matching, pas un vrai candidat
		Iup			À_CLASSER		0	nom clair SUSPECT (champs internes encore obfusqués, ex. `ebko` — otomai n'a pas fini de le renommer) — écarté du matching, pas un vrai candidat
		Iuq			À_CLASSER		0	nom clair SUSPECT (champs internes encore obfusqués, ex. `ebko` — otomai n'a pas fini de le renommer) — écarté du matching, pas un vrai candidat
		Ivk			À_CLASSER		0	nom clair SUSPECT (champs internes encore obfusqués, ex. `ebko` — otomai n'a pas fini de le renommer) — écarté du matching, pas un vrai candidat
		Ivl			À_CLASSER		0	nom clair SUSPECT (champs internes encore obfusqués, ex. `ebko` — otomai n'a pas fini de le renommer) — écarté du matching, pas un vrai candidat
		Ivs			À_CLASSER		0	nom clair SUSPECT (champs internes encore obfusqués, ex. `ebko` — otomai n'a pas fini de le renommer) — écarté du matching, pas un vrai candidat
		Iwb			À_CLASSER		0	nom clair SUSPECT (champs internes encore obfusqués, ex. `ebko` — otomai n'a pas fini de le renommer) — écarté du matching, pas un vrai candidat
		Iwk			À_CLASSER		115	0 ou plusieurs candidats de même round-0 dans Game, aucun retenu sans ambiguïté
		Iwl			À_CLASSER		0	nom clair SUSPECT (champs internes encore obfusqués, ex. `ebko` — otomai n'a pas fini de le renommer) — écarté du matching, pas un vrai candidat
		Jdw			À_CLASSER		0	nom clair SUSPECT (champs internes encore obfusqués, ex. `ebko` — otomai n'a pas fini de le renommer) — écarté du matching, pas un vrai candidat
		Jea			À_CLASSER		0	nom clair SUSPECT (champs internes encore obfusqués, ex. `ebko` — otomai n'a pas fini de le renommer) — écarté du matching, pas un vrai candidat
		Jeb			À_CLASSER		0	nom clair SUSPECT (champs internes encore obfusqués, ex. `ebko` — otomai n'a pas fini de le renommer) — écarté du matching, pas un vrai candidat
		Jec			À_CLASSER		0	nom clair SUSPECT (champs internes encore obfusqués, ex. `ebko` — otomai n'a pas fini de le renommer) — écarté du matching, pas un vrai candidat
		Jed			À_CLASSER		0	nom clair SUSPECT (champs internes encore obfusqués, ex. `ebko` — otomai n'a pas fini de le renommer) — écarté du matching, pas un vrai candidat
		Jee			À_CLASSER		0	nom clair SUSPECT (champs internes encore obfusqués, ex. `ebko` — otomai n'a pas fini de le renommer) — écarté du matching, pas un vrai candidat
		Jfb			À_CLASSER		0	nom clair SUSPECT (champs internes encore obfusqués, ex. `ebko` — otomai n'a pas fini de le renommer) — écarté du matching, pas un vrai candidat
		Jfg			À_CLASSER		0	nom clair SUSPECT (champs internes encore obfusqués, ex. `ebko` — otomai n'a pas fini de le renommer) — écarté du matching, pas un vrai candidat
		Jfh			À_CLASSER		0	nom clair SUSPECT (champs internes encore obfusqués, ex. `ebko` — otomai n'a pas fini de le renommer) — écarté du matching, pas un vrai candidat
		Jfi			À_CLASSER		0	nom clair SUSPECT (champs internes encore obfusqués, ex. `ebko` — otomai n'a pas fini de le renommer) — écarté du matching, pas un vrai candidat
		Jfj			À_CLASSER		0	nom clair SUSPECT (champs internes encore obfusqués, ex. `ebko` — otomai n'a pas fini de le renommer) — écarté du matching, pas un vrai candidat
		Jfp			À_CLASSER		0	nom clair SUSPECT (champs internes encore obfusqués, ex. `ebko` — otomai n'a pas fini de le renommer) — écarté du matching, pas un vrai candidat
		Jfq			À_CLASSER		0	nom clair SUSPECT (champs internes encore obfusqués, ex. `ebko` — otomai n'a pas fini de le renommer) — écarté du matching, pas un vrai candidat
		Jfy			À_CLASSER		0	nom clair SUSPECT (champs internes encore obfusqués, ex. `ebko` — otomai n'a pas fini de le renommer) — écarté du matching, pas un vrai candidat
		Jga			À_CLASSER		0	nom clair SUSPECT (champs internes encore obfusqués, ex. `ebko` — otomai n'a pas fini de le renommer) — écarté du matching, pas un vrai candidat
		Jgb			À_CLASSER		0	nom clair SUSPECT (champs internes encore obfusqués, ex. `ebko` — otomai n'a pas fini de le renommer) — écarté du matching, pas un vrai candidat
		Jgc			À_CLASSER		0	nom clair SUSPECT (champs internes encore obfusqués, ex. `ebko` — otomai n'a pas fini de le renommer) — écarté du matching, pas un vrai candidat
		Jgd			À_CLASSER		0	nom clair SUSPECT (champs internes encore obfusqués, ex. `ebko` — otomai n'a pas fini de le renommer) — écarté du matching, pas un vrai candidat
		Jge			À_CLASSER		0	nom clair SUSPECT (champs internes encore obfusqués, ex. `ebko` — otomai n'a pas fini de le renommer) — écarté du matching, pas un vrai candidat
		Jgf			À_CLASSER		0	nom clair SUSPECT (champs internes encore obfusqués, ex. `ebko` — otomai n'a pas fini de le renommer) — écarté du matching, pas un vrai candidat
		Jgg			À_CLASSER		0	nom clair SUSPECT (champs internes encore obfusqués, ex. `ebko` — otomai n'a pas fini de le renommer) — écarté du matching, pas un vrai candidat
		Jhv			À_CLASSER		0	nom clair SUSPECT (champs internes encore obfusqués, ex. `ebko` — otomai n'a pas fini de le renommer) — écarté du matching, pas un vrai candidat
		Jhy			À_CLASSER		0	nom clair SUSPECT (champs internes encore obfusqués, ex. `ebko` — otomai n'a pas fini de le renommer) — écarté du matching, pas un vrai candidat
		Jib			À_CLASSER		0	nom clair SUSPECT (champs internes encore obfusqués, ex. `ebko` — otomai n'a pas fini de le renommer) — écarté du matching, pas un vrai candidat
		Jic			À_CLASSER		0	nom clair SUSPECT (champs internes encore obfusqués, ex. `ebko` — otomai n'a pas fini de le renommer) — écarté du matching, pas un vrai candidat
		Jid			À_CLASSER		115	0 ou plusieurs candidats de même round-0 dans Game, aucun retenu sans ambiguïté
		Jig			À_CLASSER		0	nom clair SUSPECT (champs internes encore obfusqués, ex. `ebko` — otomai n'a pas fini de le renommer) — écarté du matching, pas un vrai candidat
		Jih			À_CLASSER		0	nom clair SUSPECT (champs internes encore obfusqués, ex. `ebko` — otomai n'a pas fini de le renommer) — écarté du matching, pas un vrai candidat
		Jim			À_CLASSER		0	nom clair SUSPECT (champs internes encore obfusqués, ex. `ebko` — otomai n'a pas fini de le renommer) — écarté du matching, pas un vrai candidat
		Jio			À_CLASSER		0	nom clair SUSPECT (champs internes encore obfusqués, ex. `ebko` — otomai n'a pas fini de le renommer) — écarté du matching, pas un vrai candidat
		Jip			À_CLASSER		0	nom clair SUSPECT (champs internes encore obfusqués, ex. `ebko` — otomai n'a pas fini de le renommer) — écarté du matching, pas un vrai candidat
		Jir			À_CLASSER		0	nom clair SUSPECT (champs internes encore obfusqués, ex. `ebko` — otomai n'a pas fini de le renommer) — écarté du matching, pas un vrai candidat
		Jit			À_CLASSER		0	nom clair SUSPECT (champs internes encore obfusqués, ex. `ebko` — otomai n'a pas fini de le renommer) — écarté du matching, pas un vrai candidat
		Jjb			À_CLASSER		0	nom clair SUSPECT (champs internes encore obfusqués, ex. `ebko` — otomai n'a pas fini de le renommer) — écarté du matching, pas un vrai candidat
		Jjd			À_CLASSER		0	nom clair SUSPECT (champs internes encore obfusqués, ex. `ebko` — otomai n'a pas fini de le renommer) — écarté du matching, pas un vrai candidat
		Jjg			À_CLASSER		0	nom clair SUSPECT (champs internes encore obfusqués, ex. `ebko` — otomai n'a pas fini de le renommer) — écarté du matching, pas un vrai candidat
		Jjh			À_CLASSER		0	nom clair SUSPECT (champs internes encore obfusqués, ex. `ebko` — otomai n'a pas fini de le renommer) — écarté du matching, pas un vrai candidat
		Jjj			À_CLASSER		0	nom clair SUSPECT (champs internes encore obfusqués, ex. `ebko` — otomai n'a pas fini de le renommer) — écarté du matching, pas un vrai candidat
		Jjl			À_CLASSER		0	nom clair SUSPECT (champs internes encore obfusqués, ex. `ebko` — otomai n'a pas fini de le renommer) — écarté du matching, pas un vrai candidat
		Jjm			À_CLASSER		0	nom clair SUSPECT (champs internes encore obfusqués, ex. `ebko` — otomai n'a pas fini de le renommer) — écarté du matching, pas un vrai candidat
		Jjn			À_CLASSER		0	nom clair SUSPECT (champs internes encore obfusqués, ex. `ebko` — otomai n'a pas fini de le renommer) — écarté du matching, pas un vrai candidat
		Jjp			À_CLASSER		0	nom clair SUSPECT (champs internes encore obfusqués, ex. `ebko` — otomai n'a pas fini de le renommer) — écarté du matching, pas un vrai candidat
		Jjz			À_CLASSER		0	nom clair SUSPECT (champs internes encore obfusqués, ex. `ebko` — otomai n'a pas fini de le renommer) — écarté du matching, pas un vrai candidat
		Jkf			À_CLASSER		0	nom clair SUSPECT (champs internes encore obfusqués, ex. `ebko` — otomai n'a pas fini de le renommer) — écarté du matching, pas un vrai candidat
		Jkt			À_CLASSER		0	nom clair SUSPECT (champs internes encore obfusqués, ex. `ebko` — otomai n'a pas fini de le renommer) — écarté du matching, pas un vrai candidat
		Jkx			À_CLASSER		0	nom clair SUSPECT (champs internes encore obfusqués, ex. `ebko` — otomai n'a pas fini de le renommer) — écarté du matching, pas un vrai candidat
		Jky			À_CLASSER		0	nom clair SUSPECT (champs internes encore obfusqués, ex. `ebko` — otomai n'a pas fini de le renommer) — écarté du matching, pas un vrai candidat
		Jlf			À_CLASSER		0	nom clair SUSPECT (champs internes encore obfusqués, ex. `ebko` — otomai n'a pas fini de le renommer) — écarté du matching, pas un vrai candidat
		Jlo			À_CLASSER		0	nom clair SUSPECT (champs internes encore obfusqués, ex. `ebko` — otomai n'a pas fini de le renommer) — écarté du matching, pas un vrai candidat
		Jlq			À_CLASSER		0	nom clair SUSPECT (champs internes encore obfusqués, ex. `ebko` — otomai n'a pas fini de le renommer) — écarté du matching, pas un vrai candidat
		Jlu			À_CLASSER		0	nom clair SUSPECT (champs internes encore obfusqués, ex. `ebko` — otomai n'a pas fini de le renommer) — écarté du matching, pas un vrai candidat
		Jmu			À_CLASSER		0	nom clair SUSPECT (champs internes encore obfusqués, ex. `ebko` — otomai n'a pas fini de le renommer) — écarté du matching, pas un vrai candidat
		Jnc			À_CLASSER		0	nom clair SUSPECT (champs internes encore obfusqués, ex. `ebko` — otomai n'a pas fini de le renommer) — écarté du matching, pas un vrai candidat
		Jnu			À_CLASSER		0	nom clair SUSPECT (champs internes encore obfusqués, ex. `ebko` — otomai n'a pas fini de le renommer) — écarté du matching, pas un vrai candidat
		Jnw			À_CLASSER		0	nom clair SUSPECT (champs internes encore obfusqués, ex. `ebko` — otomai n'a pas fini de le renommer) — écarté du matching, pas un vrai candidat
		Jny			À_CLASSER		0	nom clair SUSPECT (champs internes encore obfusqués, ex. `ebko` — otomai n'a pas fini de le renommer) — écarté du matching, pas un vrai candidat
		JobBookSubscribeRequest			À_CLASSER		26	0 ou plusieurs candidats de même round-0 dans Game, aucun retenu sans ambiguïté
		JobBookSubscriptionEvent			À_CLASSER		51	0 ou plusieurs candidats de même round-0 dans Game, aucun retenu sans ambiguïté
		JobCrafterDirectoryAddEvent			À_CLASSER		0	nom clair SUSPECT (champs internes encore obfusqués, ex. `ebko` — otomai n'a pas fini de le renommer) — écarté du matching, pas un vrai candidat
		JobCrafterDirectoryEntry			À_CLASSER		86	0 ou plusieurs candidats de même round-0 dans Game, aucun retenu sans ambiguïté
		JobCrafterDirectoryEntryEvent			À_CLASSER		1	0 ou plusieurs candidats de même round-0 dans Game, aucun retenu sans ambiguïté
		JobCrafterDirectoryJobInformation			À_CLASSER		25	0 ou plusieurs candidats de même round-0 dans Game, aucun retenu sans ambiguïté
		JobCrafterDirectoryListEvent			À_CLASSER		51	0 ou plusieurs candidats de même round-0 dans Game, aucun retenu sans ambiguïté
		JobCrafterDirectoryListRequest			À_CLASSER		158	0 ou plusieurs candidats de même round-0 dans Game, aucun retenu sans ambiguïté
		JobCrafterDirectoryPlayerInformation			À_CLASSER		0	0 ou plusieurs candidats de même round-0 dans Game, aucun retenu sans ambiguïté
		JobCrafterDirectoryRemoveEvent			À_CLASSER		158	0 ou plusieurs candidats de même round-0 dans Game, aucun retenu sans ambiguïté
		JobCrafterDirectorySettings			À_CLASSER		2	0 ou plusieurs candidats de même round-0 dans Game, aucun retenu sans ambiguïté
		JobCrafterDirectorySettingsEvent			À_CLASSER		51	0 ou plusieurs candidats de même round-0 dans Game, aucun retenu sans ambiguïté
		JobCrafterDirectorySettingsRequest			À_CLASSER		115	0 ou plusieurs candidats de même round-0 dans Game, aucun retenu sans ambiguïté
		JobDescription			À_CLASSER		3	0 ou plusieurs candidats de même round-0 dans Game, aucun retenu sans ambiguïté
		JobDescriptionEvent			À_CLASSER		0	nom clair SUSPECT (champs internes encore obfusqués, ex. `ebko` — otomai n'a pas fini de le renommer) — écarté du matching, pas un vrai candidat
		JobExperience			À_CLASSER		12	0 ou plusieurs candidats de même round-0 dans Game, aucun retenu sans ambiguïté
		JobExperienceMultiUpdateMessage			À_CLASSER		51	0 ou plusieurs candidats de même round-0 dans Game, aucun retenu sans ambiguïté
		JobExperienceOtherPlayerUpdateEvent			À_CLASSER		61	0 ou plusieurs candidats de même round-0 dans Game, aucun retenu sans ambiguïté
		JobExperiencesUpdateEvent			À_CLASSER		51	0 ou plusieurs candidats de même round-0 dans Game, aucun retenu sans ambiguïté
imy	10896	JobLevelUpEvent	1.0	graine	DÉDUIT	gatherer,luaxy,otomai	1	forme/champs graine — comparer contre une capture réelle du client vivant
		JobMultiCraftStateEvent			À_CLASSER		51	0 ou plusieurs candidats de même round-0 dans Game, aucun retenu sans ambiguïté
		Jod			À_CLASSER		0	nom clair SUSPECT (champs internes encore obfusqués, ex. `ebko` — otomai n'a pas fini de le renommer) — écarté du matching, pas un vrai candidat
		Joe			À_CLASSER		0	nom clair SUSPECT (champs internes encore obfusqués, ex. `ebko` — otomai n'a pas fini de le renommer) — écarté du matching, pas un vrai candidat
		Jof			À_CLASSER		0	nom clair SUSPECT (champs internes encore obfusqués, ex. `ebko` — otomai n'a pas fini de le renommer) — écarté du matching, pas un vrai candidat
		JoinFriendRequest			À_CLASSER		190	0 ou plusieurs candidats de même round-0 dans Game, aucun retenu sans ambiguïté
		JoinSpouseRequest			À_CLASSER		115	0 ou plusieurs candidats de même round-0 dans Game, aucun retenu sans ambiguïté
		Joj			À_CLASSER		0	nom clair SUSPECT (champs internes encore obfusqués, ex. `ebko` — otomai n'a pas fini de le renommer) — écarté du matching, pas un vrai candidat
		Joy			À_CLASSER		0	nom clair SUSPECT (champs internes encore obfusqués, ex. `ebko` — otomai n'a pas fini de le renommer) — écarté du matching, pas un vrai candidat
		Jpg			À_CLASSER		0	nom clair SUSPECT (champs internes encore obfusqués, ex. `ebko` — otomai n'a pas fini de le renommer) — écarté du matching, pas un vrai candidat
		Jrd			À_CLASSER		0	nom clair SUSPECT (champs internes encore obfusqués, ex. `ebko` — otomai n'a pas fini de le renommer) — écarté du matching, pas un vrai candidat
		Jre			À_CLASSER		0	nom clair SUSPECT (champs internes encore obfusqués, ex. `ebko` — otomai n'a pas fini de le renommer) — écarté du matching, pas un vrai candidat
		Jrw			À_CLASSER		0	nom clair SUSPECT (champs internes encore obfusqués, ex. `ebko` — otomai n'a pas fini de le renommer) — écarté du matching, pas un vrai candidat
		Jry			À_CLASSER		0	nom clair SUSPECT (champs internes encore obfusqués, ex. `ebko` — otomai n'a pas fini de le renommer) — écarté du matching, pas un vrai candidat
		Jsl			À_CLASSER		115	0 ou plusieurs candidats de même round-0 dans Game, aucun retenu sans ambiguïté
		Jsm			À_CLASSER		115	0 ou plusieurs candidats de même round-0 dans Game, aucun retenu sans ambiguïté
		Jsn			À_CLASSER		0	nom clair SUSPECT (champs internes encore obfusqués, ex. `ebko` — otomai n'a pas fini de le renommer) — écarté du matching, pas un vrai candidat
		Jso			À_CLASSER		115	0 ou plusieurs candidats de même round-0 dans Game, aucun retenu sans ambiguïté
		Jsq			À_CLASSER		0	nom clair SUSPECT (champs internes encore obfusqués, ex. `ebko` — otomai n'a pas fini de le renommer) — écarté du matching, pas un vrai candidat
		Jss			À_CLASSER		115	0 ou plusieurs candidats de même round-0 dans Game, aucun retenu sans ambiguïté
		Jst			À_CLASSER		0	nom clair SUSPECT (champs internes encore obfusqués, ex. `ebko` — otomai n'a pas fini de le renommer) — écarté du matching, pas un vrai candidat
		Jsu			À_CLASSER		0	nom clair SUSPECT (champs internes encore obfusqués, ex. `ebko` — otomai n'a pas fini de le renommer) — écarté du matching, pas un vrai candidat
		Jsv			À_CLASSER		0	nom clair SUSPECT (champs internes encore obfusqués, ex. `ebko` — otomai n'a pas fini de le renommer) — écarté du matching, pas un vrai candidat
		Jsw			À_CLASSER		0	nom clair SUSPECT (champs internes encore obfusqués, ex. `ebko` — otomai n'a pas fini de le renommer) — écarté du matching, pas un vrai candidat
		Jsy			À_CLASSER		0	nom clair SUSPECT (champs internes encore obfusqués, ex. `ebko` — otomai n'a pas fini de le renommer) — écarté du matching, pas un vrai candidat
		Jto			À_CLASSER		0	nom clair SUSPECT (champs internes encore obfusqués, ex. `ebko` — otomai n'a pas fini de le renommer) — écarté du matching, pas un vrai candidat
		Jtp			À_CLASSER		115	0 ou plusieurs candidats de même round-0 dans Game, aucun retenu sans ambiguïté
		Jtt			À_CLASSER		0	nom clair SUSPECT (champs internes encore obfusqués, ex. `ebko` — otomai n'a pas fini de le renommer) — écarté du matching, pas un vrai candidat
		Jtu			À_CLASSER		115	0 ou plusieurs candidats de même round-0 dans Game, aucun retenu sans ambiguïté
		Juv			À_CLASSER		0	nom clair SUSPECT (champs internes encore obfusqués, ex. `ebko` — otomai n'a pas fini de le renommer) — écarté du matching, pas un vrai candidat
		Jvw			À_CLASSER		0	nom clair SUSPECT (champs internes encore obfusqués, ex. `ebko` — otomai n'a pas fini de le renommer) — écarté du matching, pas un vrai candidat
		Jzi			À_CLASSER		0	nom clair SUSPECT (champs internes encore obfusqués, ex. `ebko` — otomai n'a pas fini de le renommer) — écarté du matching, pas un vrai candidat
		Jzl			À_CLASSER		0	nom clair SUSPECT (champs internes encore obfusqués, ex. `ebko` — otomai n'a pas fini de le renommer) — écarté du matching, pas un vrai candidat
		Jzn			À_CLASSER		0	nom clair SUSPECT (champs internes encore obfusqués, ex. `ebko` — otomai n'a pas fini de le renommer) — écarté du matching, pas un vrai candidat
		KOTHAllianceInformation			À_CLASSER		0	0 ou plusieurs candidats de même round-0 dans Game, aucun retenu sans ambiguïté
		KOTHAllianceRoleNumber			À_CLASSER		158	0 ou plusieurs candidats de même round-0 dans Game, aucun retenu sans ambiguïté
		KOTHEndEvent			À_CLASSER		0	nom clair SUSPECT (champs internes encore obfusqués, ex. `ebko` — otomai n'a pas fini de le renommer) — écarté du matching, pas un vrai candidat
		KOTHScore			À_CLASSER		20	0 ou plusieurs candidats de même round-0 dans Game, aucun retenu sans ambiguïté
izy	11456	KOTHUpdateEvent	1.0	arrosage	DÉDUIT	gatherer,luaxy,otomai	1	forme/champs arrosage — comparer contre une capture réelle du client vivant
		KamasUpdateEvent			À_CLASSER		158	0 ou plusieurs candidats de même round-0 dans Game, aucun retenu sans ambiguïté
		KamasUpdateMessage			À_CLASSER		115	0 ou plusieurs candidats de même round-0 dans Game, aucun retenu sans ambiguïté
		Kan			À_CLASSER		0	nom clair SUSPECT (champs internes encore obfusqués, ex. `ebko` — otomai n'a pas fini de le renommer) — écarté du matching, pas un vrai candidat
		Kat			À_CLASSER		0	nom clair SUSPECT (champs internes encore obfusqués, ex. `ebko` — otomai n'a pas fini de le renommer) — écarté du matching, pas un vrai candidat
		Kill			À_CLASSER		190	0 ou plusieurs candidats de même round-0 dans Game, aucun retenu sans ambiguïté
		LeaderPositionEvent			À_CLASSER		2	0 ou plusieurs candidats de même round-0 dans Game, aucun retenu sans ambiguïté
		LeagueRanking			À_CLASSER		66	0 ou plusieurs candidats de même round-0 dans Game, aucun retenu sans ambiguïté
		LeaveDialogMessage			À_CLASSER		86	0 ou plusieurs candidats de même round-0 dans Game, aucun retenu sans ambiguïté
		LeaveDialogRequestMessage			À_CLASSER		115	0 ou plusieurs candidats de même round-0 dans Game, aucun retenu sans ambiguïté
		LevelUpActivity			À_CLASSER		190	0 ou plusieurs candidats de même round-0 dans Game, aucun retenu sans ambiguïté
		LifePointsGain			À_CLASSER		158	0 ou plusieurs candidats de même round-0 dans Game, aucun retenu sans ambiguïté
		LifePointsLost			À_CLASSER		12	0 ou plusieurs candidats de même round-0 dans Game, aucun retenu sans ambiguïté
		LifePointsRegenBeginEvent			À_CLASSER		158	0 ou plusieurs candidats de même round-0 dans Game, aucun retenu sans ambiguïté
		LivingObjectChangeSkinRequest			À_CLASSER		66	0 ou plusieurs candidats de même round-0 dans Game, aucun retenu sans ambiguïté
		LivingObjectDissociateRequest			À_CLASSER		158	0 ou plusieurs candidats de même round-0 dans Game, aucun retenu sans ambiguïté
		LivingObjectMessageEvent			À_CLASSER		25	0 ou plusieurs candidats de même round-0 dans Game, aucun retenu sans ambiguïté
		LivingObjectMessageRequest			À_CLASSER		66	0 ou plusieurs candidats de même round-0 dans Game, aucun retenu sans ambiguïté
		LockableChangeCodeRequest			À_CLASSER		0	nom clair SUSPECT (champs internes encore obfusqués, ex. `ebko` — otomai n'a pas fini de le renommer) — écarté du matching, pas un vrai candidat
		LockableCodeResultEvent			À_CLASSER		0	nom clair SUSPECT (champs internes encore obfusqués, ex. `ebko` — otomai n'a pas fini de le renommer) — écarté du matching, pas un vrai candidat
		LockableShowCodeDialogEvent			À_CLASSER		61	0 ou plusieurs candidats de même round-0 dans Game, aucun retenu sans ambiguïté
		LockableStateUpdateHouseDoorEvent			À_CLASSER		12	0 ou plusieurs candidats de même round-0 dans Game, aucun retenu sans ambiguïté
		LockableUseCodeRequest			À_CLASSER		0	nom clair SUSPECT (champs internes encore obfusqués, ex. `ebko` — otomai n'a pas fini de le renommer) — écarté du matching, pas un vrai candidat
mhh	38966	LoginMessage	1.0	graine	DÉDUIT	otomai	1	forme/champs graine — comparer contre une capture réelle du client vivant
		LoginRequest			À_CLASSER		0	nom clair SUSPECT (champs internes encore obfusqués, ex. `ebko` — otomai n'a pas fini de le renommer) — écarté du matching, pas un vrai candidat
		LogoutRequestMessage			À_CLASSER		51	0 ou plusieurs candidats de même round-0 dans Game, aucun retenu sans ambiguïté
		LogoutResultMessage			À_CLASSER		0	0 ou plusieurs candidats de même round-0 dans Game, aucun retenu sans ambiguïté
		LotteryResultMessage			À_CLASSER		32	0 ou plusieurs candidats de même round-0 dans Game, aucun retenu sans ambiguïté
		MapChangeOrientationEvent			À_CLASSER		51	0 ou plusieurs candidats de même round-0 dans Game, aucun retenu sans ambiguïté
		MapChangeOrientationRequest			À_CLASSER		115	0 ou plusieurs candidats de même round-0 dans Game, aucun retenu sans ambiguïté
		MapChangeRequest			À_CLASSER		10	0 ou plusieurs candidats de même round-0 dans Game, aucun retenu sans ambiguïté
		MapComplementaryAnomalyInformation			À_CLASSER		158	0 ou plusieurs candidats de même round-0 dans Game, aucun retenu sans ambiguïté
		MapComplementaryBreachInformation			À_CLASSER		0	0 ou plusieurs candidats de même round-0 dans Game, aucun retenu sans ambiguïté
		MapComplementaryHavenBagInformation			À_CLASSER		12	0 ou plusieurs candidats de même round-0 dans Game, aucun retenu sans ambiguïté
		MapComplementaryInHouseInformation			À_CLASSER		115	0 ou plusieurs candidats de même round-0 dans Game, aucun retenu sans ambiguïté
		MapComplementaryInformationEvent			À_CLASSER		0	0 ou plusieurs candidats de même round-0 dans Game, aucun retenu sans ambiguïté
jss	12259	MapComplementaryInformationsDataMessage	0.8	arrosage	DÉDUIT	jondo-proto	1	forme/champs arrosage — comparer contre une capture réelle du client vivant
		MapComplementaryWithCoordsInformation			À_CLASSER		115	0 ou plusieurs candidats de même round-0 dans Game, aucun retenu sans ambiguïté
		MapCoordinates			À_CLASSER		158	0 ou plusieurs candidats de même round-0 dans Game, aucun retenu sans ambiguïté
		MapCurrentEvent			À_CLASSER		190	0 ou plusieurs candidats de même round-0 dans Game, aucun retenu sans ambiguïté
		MapCurrentInstanceEvent			À_CLASSER		158	0 ou plusieurs candidats de même round-0 dans Game, aucun retenu sans ambiguïté
		MapErrorNotFoundRequest			À_CLASSER		190	0 ou plusieurs candidats de même round-0 dans Game, aucun retenu sans ambiguïté
		MapExtendedCoordinates			À_CLASSER		25	0 ou plusieurs candidats de même round-0 dans Game, aucun retenu sans ambiguïté
		MapFightCountEvent			À_CLASSER		190	0 ou plusieurs candidats de même round-0 dans Game, aucun retenu sans ambiguïté
		MapInformationRequest			À_CLASSER		190	0 ou plusieurs candidats de même round-0 dans Game, aucun retenu sans ambiguïté
		MapLoadedMessage			À_CLASSER		51	0 ou plusieurs candidats de même round-0 dans Game, aucun retenu sans ambiguïté
		MapMovementCancelRequest			À_CLASSER		190	0 ou plusieurs candidats de même round-0 dans Game, aucun retenu sans ambiguïté
		MapMovementConfirmRequest			À_CLASSER		115	0 ou plusieurs candidats de même round-0 dans Game, aucun retenu sans ambiguïté
		MapMovementConfirmResponse			À_CLASSER		115	0 ou plusieurs candidats de même round-0 dans Game, aucun retenu sans ambiguïté
ikx	10811	MapMovementEvent	1.0	arrosage	DÉDUIT	gatherer,luaxy,otomai	1	forme/champs arrosage — comparer contre une capture réelle du client vivant
		MapMovementRefusedEvent			À_CLASSER		158	0 ou plusieurs candidats de même round-0 dans Game, aucun retenu sans ambiguïté
hnx	9870	MapMovementRequest	1.0	arrosage	DÉDUIT	gatherer,luaxy,otomai	1	forme/champs arrosage — comparer contre une capture réelle du client vivant
		MapNpcQuest			À_CLASSER		7	0 ou plusieurs candidats de même round-0 dans Game, aucun retenu sans ambiguïté
		MapObstacle			À_CLASSER		51	0 ou plusieurs candidats de même round-0 dans Game, aucun retenu sans ambiguïté
		MapObstacleUpdateEvent			À_CLASSER		51	0 ou plusieurs candidats de même round-0 dans Game, aucun retenu sans ambiguïté
		MapRunningFightDetailsEvent			À_CLASSER		3	0 ou plusieurs candidats de même round-0 dans Game, aucun retenu sans ambiguïté
		MapRunningFightDetailsExtendedEvent			À_CLASSER		0	0 ou plusieurs candidats de même round-0 dans Game, aucun retenu sans ambiguïté
		MapRunningFightDetailsRequest			À_CLASSER		190	0 ou plusieurs candidats de même round-0 dans Game, aucun retenu sans ambiguïté
		MapRunningFightStopListeningRequest			À_CLASSER		115	0 ou plusieurs candidats de même round-0 dans Game, aucun retenu sans ambiguïté
		MapRunningFightsEvent			À_CLASSER		0	nom clair SUSPECT (champs internes encore obfusqués, ex. `ebko` — otomai n'a pas fini de le renommer) — écarté du matching, pas un vrai candidat
		MapRunningFightsRequest			À_CLASSER		115	0 ou plusieurs candidats de même round-0 dans Game, aucun retenu sans ambiguïté
		MapTeleportOnSameEvent			À_CLASSER		158	0 ou plusieurs candidats de même round-0 dans Game, aucun retenu sans ambiguïté
		MarkCells			À_CLASSER		0	nom clair SUSPECT (champs internes encore obfusqués, ex. `ebko` — otomai n'a pas fini de le renommer) — écarté du matching, pas un vrai candidat
		MarkedCell			À_CLASSER		4	0 ou plusieurs candidats de même round-0 dans Game, aucun retenu sans ambiguïté
		Message			À_CLASSER		32	0 ou plusieurs candidats de même round-0 dans Game, aucun retenu sans ambiguïté
		MimicryFreeRequest			À_CLASSER		190	0 ou plusieurs candidats de même round-0 dans Game, aucun retenu sans ambiguïté
		MimicryFreeResponse			À_CLASSER		190	0 ou plusieurs candidats de même round-0 dans Game, aucun retenu sans ambiguïté
		MimicryRequest			À_CLASSER		158	0 ou plusieurs candidats de même round-0 dans Game, aucun retenu sans ambiguïté
		MimicryResponse			À_CLASSER		0	nom clair SUSPECT (champs internes encore obfusqués, ex. `ebko` — otomai n'a pas fini de le renommer) — écarté du matching, pas un vrai candidat
		MissingEquipments			À_CLASSER		14	0 ou plusieurs candidats de même round-0 dans Game, aucun retenu sans ambiguïté
		ModifyEffectsDuration			À_CLASSER		0	0 ou plusieurs candidats de même round-0 dans Game, aucun retenu sans ambiguïté
		Monster			À_CLASSER		0	nom clair SUSPECT (champs internes encore obfusqués, ex. `ebko` — otomai n'a pas fini de le renommer) — écarté du matching, pas un vrai candidat
		MonsterAngryAtPlayerEvent			À_CLASSER		12	0 ou plusieurs candidats de même round-0 dans Game, aucun retenu sans ambiguïté
		MonsterBoosts			À_CLASSER		66	0 ou plusieurs candidats de même round-0 dans Game, aucun retenu sans ambiguïté
		MonsterCount			À_CLASSER		158	0 ou plusieurs candidats de même round-0 dans Game, aucun retenu sans ambiguïté
		MonsterFighter			À_CLASSER		4	0 ou plusieurs candidats de même round-0 dans Game, aucun retenu sans ambiguïté
		MonsterGroupActor			À_CLASSER		1	0 ou plusieurs candidats de même round-0 dans Game, aucun retenu sans ambiguïté
		MonsterGroupStaticInformation			À_CLASSER		0	0 ou plusieurs candidats de même round-0 dans Game, aucun retenu sans ambiguïté
		MonsterInGroupInformation			À_CLASSER		0	nom clair SUSPECT (champs internes encore obfusqués, ex. `ebko` — otomai n'a pas fini de le renommer) — écarté du matching, pas un vrai candidat
		MonsterNotAngryAtPlayerEvent			À_CLASSER		66	0 ou plusieurs candidats de même round-0 dans Game, aucun retenu sans ambiguïté
		MonstersInGroupAlternativeInformation			À_CLASSER		3	0 ou plusieurs candidats de même round-0 dans Game, aucun retenu sans ambiguïté
		MoodUpdateEvent			À_CLASSER		66	0 ou plusieurs candidats de même round-0 dans Game, aucun retenu sans ambiguïté
		Mount			À_CLASSER		158	0 ou plusieurs candidats de même round-0 dans Game, aucun retenu sans ambiguïté
		MountCharacteristicUpdate			À_CLASSER		61	0 ou plusieurs candidats de même round-0 dans Game, aucun retenu sans ambiguïté
		MountData			À_CLASSER		0	0 ou plusieurs candidats de même round-0 dans Game, aucun retenu sans ambiguïté
		MountDataErrorEvent			À_CLASSER		0	nom clair SUSPECT (champs internes encore obfusqués, ex. `ebko` — otomai n'a pas fini de le renommer) — écarté du matching, pas un vrai candidat
		MountDataEvent			À_CLASSER		115	0 ou plusieurs candidats de même round-0 dans Game, aucun retenu sans ambiguïté
		MountEmoteIconUsedEvent			À_CLASSER		66	0 ou plusieurs candidats de même round-0 dans Game, aucun retenu sans ambiguïté
		MountEquippedErrorEvent			À_CLASSER		0	nom clair SUSPECT (champs internes encore obfusqués, ex. `ebko` — otomai n'a pas fini de le renommer) — écarté du matching, pas un vrai candidat
		MountEquippedEvent			À_CLASSER		86	0 ou plusieurs candidats de même round-0 dans Game, aucun retenu sans ambiguïté
		MountFeedRequest			À_CLASSER		11	0 ou plusieurs candidats de même round-0 dans Game, aucun retenu sans ambiguïté
		MountForPaddock			À_CLASSER		66	0 ou plusieurs candidats de même round-0 dans Game, aucun retenu sans ambiguïté
		MountHarnessColorsUpdateRequest			À_CLASSER		190	0 ou plusieurs candidats de même round-0 dans Game, aucun retenu sans ambiguïté
		MountHarnessDissociateRequest			À_CLASSER		115	0 ou plusieurs candidats de même round-0 dans Game, aucun retenu sans ambiguïté
		MountInformationInPaddockRequest			À_CLASSER		190	0 ou plusieurs candidats de même round-0 dans Game, aucun retenu sans ambiguïté
		MountInformationRequest			À_CLASSER		158	0 ou plusieurs candidats de même round-0 dans Game, aucun retenu sans ambiguïté
		MountReleaseRequest			À_CLASSER		115	0 ou plusieurs candidats de même round-0 dans Game, aucun retenu sans ambiguïté
		MountReleasedEvent			À_CLASSER		15	0 ou plusieurs candidats de même round-0 dans Game, aucun retenu sans ambiguïté
		MountRenameRequest			À_CLASSER		37	0 ou plusieurs candidats de même round-0 dans Game, aucun retenu sans ambiguïté
		MountRenamedErrorEvent			À_CLASSER		190	0 ou plusieurs candidats de même round-0 dans Game, aucun retenu sans ambiguïté
		MountRenamedEvent			À_CLASSER		158	0 ou plusieurs candidats de même round-0 dans Game, aucun retenu sans ambiguïté
		MountRidingEvent			À_CLASSER		158	0 ou plusieurs candidats de même round-0 dans Game, aucun retenu sans ambiguïté
		MountSetXpRatioRequest			À_CLASSER		190	0 ou plusieurs candidats de même round-0 dans Game, aucun retenu sans ambiguïté
		MountSterilizeRequest			À_CLASSER		115	0 ou plusieurs candidats de même round-0 dans Game, aucun retenu sans ambiguïté
		MountSterilizedEvent			À_CLASSER		190	0 ou plusieurs candidats de même round-0 dans Game, aucun retenu sans ambiguïté
		MountToggleRidingRequest			À_CLASSER		115	0 ou plusieurs candidats de même round-0 dans Game, aucun retenu sans ambiguïté
		MountUnequippedEvent			À_CLASSER		26	0 ou plusieurs candidats de même round-0 dans Game, aucun retenu sans ambiguïté
		MountUpdateCharacteristicsEvent			À_CLASSER		7	0 ou plusieurs candidats de même round-0 dans Game, aucun retenu sans ambiguïté
		MountXpRatioEvent			À_CLASSER		0	nom clair SUSPECT (champs internes encore obfusqués, ex. `ebko` — otomai n'a pas fini de le renommer) — écarté du matching, pas un vrai candidat
		MultiTabStorageEvent			À_CLASSER		0	nom clair SUSPECT (champs internes encore obfusqués, ex. `ebko` — otomai n'a pas fini de le renommer) — écarté du matching, pas un vrai candidat
		MutantInformation			À_CLASSER		158	0 ou plusieurs candidats de même round-0 dans Game, aucun retenu sans ambiguïté
		MutantListEntry			À_CLASSER		0	nom clair SUSPECT (champs internes encore obfusqués, ex. `ebko` — otomai n'a pas fini de le renommer) — écarté du matching, pas un vrai candidat
		NamedActor			À_CLASSER		19	0 ou plusieurs candidats de même round-0 dans Game, aucun retenu sans ambiguïté
		NamedFighterInformation			À_CLASSER		0	0 ou plusieurs candidats de même round-0 dans Game, aucun retenu sans ambiguïté
		NamedPartyTeam			À_CLASSER		61	0 ou plusieurs candidats de même round-0 dans Game, aucun retenu sans ambiguïté
		NamedPartyTeamWithOutcome			À_CLASSER		86	0 ou plusieurs candidats de même round-0 dans Game, aucun retenu sans ambiguïté
		NotificationEvent			À_CLASSER		7	0 ou plusieurs candidats de même round-0 dans Game, aucun retenu sans ambiguïté
		NotificationResetRequest			À_CLASSER		190	0 ou plusieurs candidats de même round-0 dans Game, aucun retenu sans ambiguïté
		NotificationUpdateFlagRequest			À_CLASSER		0	nom clair SUSPECT (champs internes encore obfusqués, ex. `ebko` — otomai n'a pas fini de le renommer) — écarté du matching, pas un vrai candidat
		NotificationsEvent			À_CLASSER		0	nom clair SUSPECT (champs internes encore obfusqués, ex. `ebko` — otomai n'a pas fini de le renommer) — écarté du matching, pas un vrai candidat
		NpcDialogCreationEvent			À_CLASSER		37	0 ou plusieurs candidats de même round-0 dans Game, aucun retenu sans ambiguïté
		NpcDialogLeaveRequestMessage			À_CLASSER		11	0 ou plusieurs candidats de même round-0 dans Game, aucun retenu sans ambiguïté
		NpcDialogQuestionEvent			À_CLASSER		0	0 ou plusieurs candidats de même round-0 dans Game, aucun retenu sans ambiguïté
		NpcDialogReplyRequest			À_CLASSER		66	0 ou plusieurs candidats de même round-0 dans Game, aucun retenu sans ambiguïté
		NpcGenericActionFailureEvent			À_CLASSER		115	0 ou plusieurs candidats de même round-0 dans Game, aucun retenu sans ambiguïté
		NpcGenericActionRequest			À_CLASSER		66	0 ou plusieurs candidats de même round-0 dans Game, aucun retenu sans ambiguïté
		NpcStaticInformation			À_CLASSER		2	0 ou plusieurs candidats de même round-0 dans Game, aucun retenu sans ambiguïté
jwo	12426	NpcWithQuest	1.0	graine	DÉDUIT	gatherer,luaxy	1	forme/champs graine — comparer contre une capture réelle du client vivant
		NpcsMapQuestStatusUpdateEvent			À_CLASSER		51	0 ou plusieurs candidats de même round-0 dans Game, aucun retenu sans ambiguïté
		NuggetsBeneficiary			À_CLASSER		158	0 ou plusieurs candidats de même round-0 dans Game, aucun retenu sans ambiguïté
		NuggetsDistributionRequest			À_CLASSER		51	0 ou plusieurs candidats de même round-0 dans Game, aucun retenu sans ambiguïté
		NuggetsInformationEvent			À_CLASSER		190	0 ou plusieurs candidats de même round-0 dans Game, aucun retenu sans ambiguïté
		NuggetsListenStartRequest			À_CLASSER		115	0 ou plusieurs candidats de même round-0 dans Game, aucun retenu sans ambiguïté
		NuggetsListenStopRequest			À_CLASSER		115	0 ou plusieurs candidats de même round-0 dans Game, aucun retenu sans ambiguïté
		Object			À_CLASSER		66	0 ou plusieurs candidats de même round-0 dans Game, aucun retenu sans ambiguïté
		ObjectAddedEvent			À_CLASSER		0	nom clair SUSPECT (champs internes encore obfusqués, ex. `ebko` — otomai n'a pas fini de le renommer) — écarté du matching, pas un vrai candidat
		ObjectAddedMessage			À_CLASSER		32	0 ou plusieurs candidats de même round-0 dans Game, aucun retenu sans ambiguïté
		ObjectAveragePrice			À_CLASSER		158	0 ou plusieurs candidats de même round-0 dans Game, aucun retenu sans ambiguïté
		ObjectAveragePricesErrorEvent			À_CLASSER		115	0 ou plusieurs candidats de même round-0 dans Game, aucun retenu sans ambiguïté
		ObjectAveragePricesEvent			À_CLASSER		51	0 ou plusieurs candidats de même round-0 dans Game, aucun retenu sans ambiguïté
		ObjectAveragePricesRequest			À_CLASSER		190	0 ou plusieurs candidats de même round-0 dans Game, aucun retenu sans ambiguïté
		ObjectCellDeleteEvent			À_CLASSER		158	0 ou plusieurs candidats de même round-0 dans Game, aucun retenu sans ambiguïté
		ObjectCellsDeleteEvent			À_CLASSER		11	0 ou plusieurs candidats de même round-0 dans Game, aucun retenu sans ambiguïté
		ObjectDeleteMessage			À_CLASSER		86	0 ou plusieurs candidats de même round-0 dans Game, aucun retenu sans ambiguïté
		ObjectDeleteRequest			À_CLASSER		0	nom clair SUSPECT (champs internes encore obfusqués, ex. `ebko` — otomai n'a pas fini de le renommer) — écarté du matching, pas un vrai candidat
		ObjectDeletedEvent			À_CLASSER		158	0 ou plusieurs candidats de même round-0 dans Game, aucun retenu sans ambiguïté
		ObjectDeletedMessage			À_CLASSER		115	0 ou plusieurs candidats de même round-0 dans Game, aucun retenu sans ambiguïté
		ObjectDropRequest			À_CLASSER		0	nom clair SUSPECT (champs internes encore obfusqués, ex. `ebko` — otomai n'a pas fini de le renommer) — écarté du matching, pas un vrai candidat
		ObjectDroppedEvent			À_CLASSER		0	nom clair SUSPECT (champs internes encore obfusqués, ex. `ebko` — otomai n'a pas fini de le renommer) — écarté du matching, pas un vrai candidat
		ObjectEffect			À_CLASSER		0	0 ou plusieurs candidats de même round-0 dans Game, aucun retenu sans ambiguïté
		ObjectEffectDiceValue			À_CLASSER		0	nom clair SUSPECT (champs internes encore obfusqués, ex. `ebko` — otomai n'a pas fini de le renommer) — écarté du matching, pas un vrai candidat
		ObjectEffectMinMaxValue			À_CLASSER		0	nom clair SUSPECT (champs internes encore obfusqués, ex. `ebko` — otomai n'a pas fini de le renommer) — écarté du matching, pas un vrai candidat
		ObjectEffectMountValue			À_CLASSER		0	0 ou plusieurs candidats de même round-0 dans Game, aucun retenu sans ambiguïté
		ObjectErrorEvent			À_CLASSER		0	nom clair SUSPECT (champs internes encore obfusqués, ex. `ebko` — otomai n'a pas fini de le renommer) — écarté du matching, pas un vrai candidat
		ObjectFavorite			À_CLASSER		158	0 ou plusieurs candidats de même round-0 dans Game, aucun retenu sans ambiguïté
		ObjectFavoriteRequest			À_CLASSER		7	0 ou plusieurs candidats de même round-0 dans Game, aucun retenu sans ambiguïté
		ObjectFavoriteResponse			À_CLASSER		0	nom clair SUSPECT (champs internes encore obfusqués, ex. `ebko` — otomai n'a pas fini de le renommer) — écarté du matching, pas un vrai candidat
		ObjectFeedRequest			À_CLASSER		2	0 ou plusieurs candidats de même round-0 dans Game, aucun retenu sans ambiguïté
		ObjectGidWithQuantity			À_CLASSER		37	0 ou plusieurs candidats de même round-0 dans Game, aucun retenu sans ambiguïté
		ObjectHarvestedEvent			À_CLASSER		158	0 ou plusieurs candidats de même round-0 dans Game, aucun retenu sans ambiguïté
		ObjectHarvestedWithBonusEvent			À_CLASSER		66	0 ou plusieurs candidats de même round-0 dans Game, aucun retenu sans ambiguïté
		ObjectInRolePlay			À_CLASSER		3	0 ou plusieurs candidats de même round-0 dans Game, aucun retenu sans ambiguïté
ifp	10590	ObjectItem	0.6	parent_drag	DÉDUIT	gatherer,luaxy,otomai	1	forme/champs parent_drag — comparer contre une capture réelle du client vivant
ifi	10578	ObjectItemInventory	1.0	graine	DÉDUIT	gatherer,luaxy,otomai	1	forme/champs graine — comparer contre une capture réelle du client vivant
		ObjectItemToSelInBid			À_CLASSER		0	nom clair SUSPECT (champs internes encore obfusqués, ex. `ebko` — otomai n'a pas fini de le renommer) — écarté du matching, pas un vrai candidat
		ObjectModifiedEvent			À_CLASSER		0	nom clair SUSPECT (champs internes encore obfusqués, ex. `ebko` — otomai n'a pas fini de le renommer) — écarté du matching, pas un vrai candidat
		ObjectMovementEvent			À_CLASSER		158	0 ou plusieurs candidats de même round-0 dans Game, aucun retenu sans ambiguïté
		ObjectMovementMessage			À_CLASSER		86	0 ou plusieurs candidats de même round-0 dans Game, aucun retenu sans ambiguïté
		ObjectPriceDateEffect			À_CLASSER		0	nom clair SUSPECT (champs internes encore obfusqués, ex. `ebko` — otomai n'a pas fini de le renommer) — écarté du matching, pas un vrai candidat
		ObjectQuantityEvent			À_CLASSER		0	nom clair SUSPECT (champs internes encore obfusqués, ex. `ebko` — otomai n'a pas fini de le renommer) — écarté du matching, pas un vrai candidat
		ObjectSetPositionMessage			À_CLASSER		32	0 ou plusieurs candidats de même round-0 dans Game, aucun retenu sans ambiguïté
		ObjectSetPositionRequest			À_CLASSER		25	0 ou plusieurs candidats de même round-0 dans Game, aucun retenu sans ambiguïté
		ObjectUidWithQuantity			À_CLASSER		66	0 ou plusieurs candidats de même round-0 dans Game, aucun retenu sans ambiguïté
		ObjectUseMultipleRequest			À_CLASSER		158	0 ou plusieurs candidats de même round-0 dans Game, aucun retenu sans ambiguïté
		ObjectUseOnCellRequest			À_CLASSER		158	0 ou plusieurs candidats de même round-0 dans Game, aucun retenu sans ambiguïté
		ObjectUseOnCharacterRequest			À_CLASSER		158	0 ou plusieurs candidats de même round-0 dans Game, aucun retenu sans ambiguïté
		ObjectUseOption			À_CLASSER		20	0 ou plusieurs candidats de même round-0 dans Game, aucun retenu sans ambiguïté
		ObjectUseRequest			À_CLASSER		190	0 ou plusieurs candidats de même round-0 dans Game, aucun retenu sans ambiguïté
		ObjectsAddedEvent			À_CLASSER		51	0 ou plusieurs candidats de même round-0 dans Game, aucun retenu sans ambiguïté
		ObjectsDeletedEvent			À_CLASSER		26	0 ou plusieurs candidats de même round-0 dans Game, aucun retenu sans ambiguïté
		ObjectsDroppedEvent			À_CLASSER		0	nom clair SUSPECT (champs internes encore obfusqués, ex. `ebko` — otomai n'a pas fini de le renommer) — écarté du matching, pas un vrai candidat
		ObjectsEntry			À_CLASSER		0	nom clair SUSPECT (champs internes encore obfusqués, ex. `ebko` — otomai n'a pas fini de le renommer) — écarté du matching, pas un vrai candidat
		ObjectsQuantityEvent			À_CLASSER		0	nom clair SUSPECT (champs internes encore obfusqués, ex. `ebko` — otomai n'a pas fini de le renommer) — écarté du matching, pas un vrai candidat
		Online			À_CLASSER		12	0 ou plusieurs candidats de même round-0 dans Game, aucun retenu sans ambiguïté
		OnlineInformation			À_CLASSER		4	0 ou plusieurs candidats de même round-0 dans Game, aucun retenu sans ambiguïté
		OpenGuideBookEvent			À_CLASSER		190	0 ou plusieurs candidats de même round-0 dans Game, aucun retenu sans ambiguïté
		OpponentSurrenderEvent			À_CLASSER		115	0 ou plusieurs candidats de même round-0 dans Game, aucun retenu sans ambiguïté
		OptionalFeaturesEvent			À_CLASSER		0	0 ou plusieurs candidats de même round-0 dans Connection, aucun retenu sans ambiguïté
		OrderAndGfx			À_CLASSER		158	0 ou plusieurs candidats de même round-0 dans Game, aucun retenu sans ambiguïté
		OrnamentGainedEvent			À_CLASSER		51	0 ou plusieurs candidats de même round-0 dans Game, aucun retenu sans ambiguïté
		OrnamentLostEvent			À_CLASSER		190	0 ou plusieurs candidats de même round-0 dans Game, aucun retenu sans ambiguïté
		OrnamentOption			À_CLASSER		25	0 ou plusieurs candidats de même round-0 dans Game, aucun retenu sans ambiguïté
		OrnamentSelectErrorEvent			À_CLASSER		0	nom clair SUSPECT (champs internes encore obfusqués, ex. `ebko` — otomai n'a pas fini de le renommer) — écarté du matching, pas un vrai candidat
		OrnamentSelectRequestMessage			À_CLASSER		32	0 ou plusieurs candidats de même round-0 dans Game, aucun retenu sans ambiguïté
		OrnamentSelectResultMessage			À_CLASSER		115	0 ou plusieurs candidats de même round-0 dans Game, aucun retenu sans ambiguïté
		OrnamentSelectedEvent			À_CLASSER		190	0 ou plusieurs candidats de même round-0 dans Game, aucun retenu sans ambiguïté
		OrnamentSelectedMessage			À_CLASSER		115	0 ou plusieurs candidats de même round-0 dans Game, aucun retenu sans ambiguïté
hol	9892	Outfit	0.64	arrosage	DÉDUIT	gatherer,luaxy,otomai	1	forme/champs arrosage — comparer contre une capture réelle du client vivant
		OutfitAuraChangedEvent			À_CLASSER		190	0 ou plusieurs candidats de même round-0 dans Game, aucun retenu sans ambiguïté
		OutfitCreateEmptyRequest			À_CLASSER		25	0 ou plusieurs candidats de même round-0 dans Game, aucun retenu sans ambiguïté
		OutfitCreationResponse			À_CLASSER		51	0 ou plusieurs candidats de même round-0 dans Game, aucun retenu sans ambiguïté
		OutfitDuplicateRequest			À_CLASSER		25	0 ou plusieurs candidats de même round-0 dans Game, aucun retenu sans ambiguïté
		OutfitEntityLookChangedEvent			À_CLASSER		51	0 ou plusieurs candidats de même round-0 dans Game, aucun retenu sans ambiguïté
		OutfitEquipAuraRequest			À_CLASSER		158	0 ou plusieurs candidats de même round-0 dans Game, aucun retenu sans ambiguïté
		OutfitEquipAuraResponse			À_CLASSER		190	0 ou plusieurs candidats de même round-0 dans Game, aucun retenu sans ambiguïté
		OutfitEquipColorsRequest			À_CLASSER		0	nom clair SUSPECT (champs internes encore obfusqués, ex. `ebko` — otomai n'a pas fini de le renommer) — écarté du matching, pas un vrai candidat
		OutfitEquipColorsResponse			À_CLASSER		0	nom clair SUSPECT (champs internes encore obfusqués, ex. `ebko` — otomai n'a pas fini de le renommer) — écarté du matching, pas un vrai candidat
		OutfitEquipFaceRequest			À_CLASSER		0	nom clair SUSPECT (champs internes encore obfusqués, ex. `ebko` — otomai n'a pas fini de le renommer) — écarté du matching, pas un vrai candidat
		OutfitEquipFaceResponse			À_CLASSER		0	nom clair SUSPECT (champs internes encore obfusqués, ex. `ebko` — otomai n'a pas fini de le renommer) — écarté du matching, pas un vrai candidat
		OutfitEquipObjectBestSlotRequest			À_CLASSER		158	0 ou plusieurs candidats de même round-0 dans Game, aucun retenu sans ambiguïté
		OutfitEquipObjectBestSlotResponse			À_CLASSER		51	0 ou plusieurs candidats de même round-0 dans Game, aucun retenu sans ambiguïté
		OutfitEquipObjectRequest			À_CLASSER		0	nom clair SUSPECT (champs internes encore obfusqués, ex. `ebko` — otomai n'a pas fini de le renommer) — écarté du matching, pas un vrai candidat
		OutfitEquipObjectResponse			À_CLASSER		190	0 ou plusieurs candidats de même round-0 dans Game, aucun retenu sans ambiguïté
		OutfitEquipOrnamentRequest			À_CLASSER		190	0 ou plusieurs candidats de même round-0 dans Game, aucun retenu sans ambiguïté
		OutfitEquipOrnamentResponse			À_CLASSER		190	0 ou plusieurs candidats de même round-0 dans Game, aucun retenu sans ambiguïté
		OutfitEquipRequest			À_CLASSER		51	0 ou plusieurs candidats de même round-0 dans Game, aucun retenu sans ambiguïté
		OutfitEquipResponse			À_CLASSER		190	0 ou plusieurs candidats de même round-0 dans Game, aucun retenu sans ambiguïté
		OutfitEquipTitleRequest			À_CLASSER		190	0 ou plusieurs candidats de même round-0 dans Game, aucun retenu sans ambiguïté
		OutfitEquipTitleResponse			À_CLASSER		190	0 ou plusieurs candidats de même round-0 dans Game, aucun retenu sans ambiguïté
		OutfitRemoveRequest			À_CLASSER		190	0 ou plusieurs candidats de même round-0 dans Game, aucun retenu sans ambiguïté
		OutfitRemoveResponse			À_CLASSER		190	0 ou plusieurs candidats de même round-0 dans Game, aucun retenu sans ambiguïté
		OutfitUpdateRequest			À_CLASSER		25	0 ou plusieurs candidats de même round-0 dans Game, aucun retenu sans ambiguïté
		OutfitUpdateResponse			À_CLASSER		158	0 ou plusieurs candidats de même round-0 dans Game, aucun retenu sans ambiguïté
		OutfitsListMessage			À_CLASSER		11	0 ou plusieurs candidats de même round-0 dans Game, aucun retenu sans ambiguïté
		OutfitsLoadedEvent			À_CLASSER		6	0 ou plusieurs candidats de même round-0 dans Game, aucun retenu sans ambiguïté
		PaddockActivity			À_CLASSER		0	0 ou plusieurs candidats de même round-0 dans Game, aucun retenu sans ambiguïté
		PaddockBuyRequest			À_CLASSER		190	0 ou plusieurs candidats de même round-0 dans Game, aucun retenu sans ambiguïté
		PaddockBuyResultEvent			À_CLASSER		0	nom clair SUSPECT (champs internes encore obfusqués, ex. `ebko` — otomai n'a pas fini de le renommer) — écarté du matching, pas un vrai candidat
		PaddockContent			À_CLASSER		0	0 ou plusieurs candidats de même round-0 dans Game, aucun retenu sans ambiguïté
kam	12604	PaddockForSale	0.833	arrosage	DÉDUIT	gatherer,luaxy	1	forme/champs arrosage — comparer contre une capture réelle du client vivant
		PaddockGuildInformation			À_CLASSER		51	0 ou plusieurs candidats de même round-0 dans Game, aucun retenu sans ambiguïté
		PaddockInformation			À_CLASSER		3	0 ou plusieurs candidats de même round-0 dans Game, aucun retenu sans ambiguïté
		PaddockInstances			À_CLASSER		51	0 ou plusieurs candidats de même round-0 dans Game, aucun retenu sans ambiguïté
		PaddockItem			À_CLASSER		158	0 ou plusieurs candidats de même round-0 dans Game, aucun retenu sans ambiguïté
		PaddockMoveItemRequest			À_CLASSER		158	0 ou plusieurs candidats de même round-0 dans Game, aucun retenu sans ambiguïté
		PaddockObjectAddedEvent			À_CLASSER		115	0 ou plusieurs candidats de même round-0 dans Game, aucun retenu sans ambiguïté
		PaddockObjectAnimationPlayEvent			À_CLASSER		26	0 ou plusieurs candidats de même round-0 dans Game, aucun retenu sans ambiguïté
		PaddockObjectRemovedEvent			À_CLASSER		190	0 ou plusieurs candidats de même round-0 dans Game, aucun retenu sans ambiguïté
		PaddockObjectsAddedEvent			À_CLASSER		51	0 ou plusieurs candidats de même round-0 dans Game, aucun retenu sans ambiguïté
		PaddockPropertiesEvent			À_CLASSER		115	0 ou plusieurs candidats de même round-0 dans Game, aucun retenu sans ambiguïté
		PaddockRemoveItemRequest			À_CLASSER		190	0 ou plusieurs candidats de même round-0 dans Game, aucun retenu sans ambiguïté
		PaddockSellRequest			À_CLASSER		158	0 ou plusieurs candidats de même round-0 dans Game, aucun retenu sans ambiguïté
		PaddockToSell			À_CLASSER		0	nom clair SUSPECT (champs internes encore obfusqués, ex. `ebko` — otomai n'a pas fini de le renommer) — écarté du matching, pas un vrai candidat
		PaddockTransactionDialogEvent			À_CLASSER		20	0 ou plusieurs candidats de même round-0 dans Game, aucun retenu sans ambiguïté
jmf	11989	PaddocksToSellEvent	1.0	arrosage	DÉDUIT	gatherer,luaxy,otomai	1	forme/champs arrosage — comparer contre une capture réelle du client vivant
		PaddocksToSellFiltersRequest			À_CLASSER		2	0 ou plusieurs candidats de même round-0 dans Game, aucun retenu sans ambiguïté
		PaddocksToSellRequest			À_CLASSER		190	0 ou plusieurs candidats de même round-0 dans Game, aucun retenu sans ambiguïté
		PartyAbdicateThroneRequest			À_CLASSER		158	0 ou plusieurs candidats de même round-0 dans Game, aucun retenu sans ambiguïté
		PartyDeletedEvent			À_CLASSER		158	0 ou plusieurs candidats de même round-0 dans Game, aucun retenu sans ambiguïté
		PartyEntity			À_CLASSER		3	0 ou plusieurs candidats de même round-0 dans Game, aucun retenu sans ambiguïté
		PartyFollowMemberRequest			À_CLASSER		66	0 ou plusieurs candidats de même round-0 dans Game, aucun retenu sans ambiguïté
		PartyFollowStatusUpdateEvent			À_CLASSER		25	0 ou plusieurs candidats de même round-0 dans Game, aucun retenu sans ambiguïté
		PartyGuest			À_CLASSER		0	nom clair SUSPECT (champs internes encore obfusqués, ex. `ebko` — otomai n'a pas fini de le renommer) — écarté du matching, pas un vrai candidat
		PartyInvitationAcceptRequest			À_CLASSER		190	0 ou plusieurs candidats de même round-0 dans Game, aucun retenu sans ambiguïté
		PartyInvitationCancelRequest			À_CLASSER		66	0 ou plusieurs candidats de même round-0 dans Game, aucun retenu sans ambiguïté
		PartyInvitationCancelledEvent			À_CLASSER		66	0 ou plusieurs candidats de même round-0 dans Game, aucun retenu sans ambiguïté
		PartyInvitationCancelledForGuestEvent			À_CLASSER		158	0 ou plusieurs candidats de même round-0 dans Game, aucun retenu sans ambiguïté
		PartyInvitationDetailsEvent			À_CLASSER		0	0 ou plusieurs candidats de même round-0 dans Game, aucun retenu sans ambiguïté
		PartyInvitationDetailsRequest			À_CLASSER		190	0 ou plusieurs candidats de même round-0 dans Game, aucun retenu sans ambiguïté
hoy	9915	PartyInvitationEvent	1.0	graine	DÉDUIT	gatherer,luaxy,otomai	1	forme/champs graine — comparer contre une capture réelle du client vivant
		PartyInvitationMemberInformation			À_CLASSER		6	0 ou plusieurs candidats de même round-0 dans Game, aucun retenu sans ambiguïté
		PartyInvitationRefuseRequest			À_CLASSER		190	0 ou plusieurs candidats de même round-0 dans Game, aucun retenu sans ambiguïté
		PartyInvitationRefusedEvent			À_CLASSER		66	0 ou plusieurs candidats de même round-0 dans Game, aucun retenu sans ambiguïté
		PartyInvitationRequest			À_CLASSER		86	0 ou plusieurs candidats de même round-0 dans Game, aucun retenu sans ambiguïté
		PartyJoinErrorEvent			À_CLASSER		51	0 ou plusieurs candidats de même round-0 dans Game, aucun retenu sans ambiguïté
ifh	10576	PartyJoinEvent	0.875	arrosage	DÉDUIT	gatherer,luaxy,otomai	1	forme/champs arrosage — comparer contre une capture réelle du client vivant
		PartyKickRequest			À_CLASSER		66	0 ou plusieurs candidats de même round-0 dans Game, aucun retenu sans ambiguïté
		PartyKickedByEvent			À_CLASSER		158	0 ou plusieurs candidats de même round-0 dans Game, aucun retenu sans ambiguïté
		PartyLeaderUpdateEvent			À_CLASSER		158	0 ou plusieurs candidats de même round-0 dans Game, aucun retenu sans ambiguïté
		PartyLeaveEvent			À_CLASSER		190	0 ou plusieurs candidats de même round-0 dans Game, aucun retenu sans ambiguïté
		PartyLeaveRequest			À_CLASSER		190	0 ou plusieurs candidats de même round-0 dans Game, aucun retenu sans ambiguïté
		PartyLocateMembersRequest			À_CLASSER		190	0 ou plusieurs candidats de même round-0 dans Game, aucun retenu sans ambiguïté
		PartyLoyaltyStatusEvent			À_CLASSER		158	0 ou plusieurs candidats de même round-0 dans Game, aucun retenu sans ambiguïté
		PartyMember			À_CLASSER		158	0 ou plusieurs candidats de même round-0 dans Game, aucun retenu sans ambiguïté
		PartyMemberInBreachFightEvent			À_CLASSER		0	0 ou plusieurs candidats de même round-0 dans Game, aucun retenu sans ambiguïté
		PartyMemberInFightEvent			À_CLASSER		0	0 ou plusieurs candidats de même round-0 dans Game, aucun retenu sans ambiguïté
		PartyMemberInformation			À_CLASSER		0	0 ou plusieurs candidats de même round-0 dans Game, aucun retenu sans ambiguïté
		PartyMemberRemoveEvent			À_CLASSER		66	0 ou plusieurs candidats de même round-0 dans Game, aucun retenu sans ambiguïté
		PartyMemberUpdateEvent			À_CLASSER		51	0 ou plusieurs candidats de même round-0 dans Game, aucun retenu sans ambiguïté
		PartyMemberUpdateLightEvent			À_CLASSER		2	0 ou plusieurs candidats de même round-0 dans Game, aucun retenu sans ambiguïté
		PartyNameSetErrorEvent			À_CLASSER		51	0 ou plusieurs candidats de même round-0 dans Game, aucun retenu sans ambiguïté
		PartyNameSetRequest			À_CLASSER		66	0 ou plusieurs candidats de même round-0 dans Game, aucun retenu sans ambiguïté
		PartyNameUpdateEvent			À_CLASSER		158	0 ou plusieurs candidats de même round-0 dans Game, aucun retenu sans ambiguïté
		PartyNewGuestEvent			À_CLASSER		51	0 ou plusieurs candidats de même round-0 dans Game, aucun retenu sans ambiguïté
		PartyNewMemberEvent			À_CLASSER		51	0 ou plusieurs candidats de même round-0 dans Game, aucun retenu sans ambiguïté
		PartyPledgeLoyaltyRequest			À_CLASSER		66	0 ou plusieurs candidats de même round-0 dans Game, aucun retenu sans ambiguïté
		PartyRestrictedEvent			À_CLASSER		158	0 ou plusieurs candidats de même round-0 dans Game, aucun retenu sans ambiguïté
		PartyStopFollowMemberRequest			À_CLASSER		158	0 ou plusieurs candidats de même round-0 dans Game, aucun retenu sans ambiguïté
		PartyUpdateCommonsInformation			À_CLASSER		25	0 ou plusieurs candidats de même round-0 dans Game, aucun retenu sans ambiguïté
		Ping			À_CLASSER		5	0 ou plusieurs candidats de même round-0 dans Connection, aucun retenu sans ambiguïté
		PingRequest			À_CLASSER		0	nom clair SUSPECT (champs internes encore obfusqués, ex. `ebko` — otomai n'a pas fini de le renommer) — écarté du matching, pas un vrai candidat
		PlayAnimationEvent			À_CLASSER		0	nom clair SUSPECT (champs internes encore obfusqués, ex. `ebko` — otomai n'a pas fini de le renommer) — écarté du matching, pas un vrai candidat
		PlayAnimationOnNpcEvent			À_CLASSER		0	nom clair SUSPECT (champs internes encore obfusqués, ex. `ebko` — otomai n'a pas fini de le renommer) — écarté du matching, pas un vrai candidat
		PlayEmoteOnNpcEvent			À_CLASSER		0	nom clair SUSPECT (champs internes encore obfusqués, ex. `ebko` — otomai n'a pas fini de le renommer) — écarté du matching, pas un vrai candidat
		PlaySpellScriptEvent			À_CLASSER		0	nom clair SUSPECT (champs internes encore obfusqués, ex. `ebko` — otomai n'a pas fini de le renommer) — écarté du matching, pas un vrai candidat
		PlaySpellScriptOnNpcEvent			À_CLASSER		0	nom clair SUSPECT (champs internes encore obfusqués, ex. `ebko` — otomai n'a pas fini de le renommer) — écarté du matching, pas un vrai candidat
		PlayerCopy			À_CLASSER		115	0 ou plusieurs candidats de même round-0 dans Game, aucun retenu sans ambiguïté
		PlayerFightFriendlyAnswerRequest			À_CLASSER		66	0 ou plusieurs candidats de même round-0 dans Game, aucun retenu sans ambiguïté
		PlayerFightFriendlyAnsweredEvent			À_CLASSER		25	0 ou plusieurs candidats de même round-0 dans Game, aucun retenu sans ambiguïté
		PlayerFightFriendlyRequestedEvent			À_CLASSER		25	0 ou plusieurs candidats de même round-0 dans Game, aucun retenu sans ambiguïté
		PlayerFightRequest			À_CLASSER		66	0 ou plusieurs candidats de même round-0 dans Game, aucun retenu sans ambiguïté
		PlayerFlowActivity			À_CLASSER		37	0 ou plusieurs candidats de même round-0 dans Game, aucun retenu sans ambiguïté
		PlayerListEntry			À_CLASSER		7	0 ou plusieurs candidats de même round-0 dans Game, aucun retenu sans ambiguïté
		PlayerNote			À_CLASSER		158	0 ou plusieurs candidats de même round-0 dans Game, aucun retenu sans ambiguïté
		PlayerRankUpdateActivity			À_CLASSER		2	0 ou plusieurs candidats de même round-0 dans Game, aucun retenu sans ambiguïté
		PlayerSearch			À_CLASSER		86	0 ou plusieurs candidats de même round-0 dans Game, aucun retenu sans ambiguïté
		PlayerSkills			À_CLASSER		15	0 ou plusieurs candidats de même round-0 dans Game, aucun retenu sans ambiguïté
		PlayerStatusUpdateErrorEvent			À_CLASSER		115	0 ou plusieurs candidats de même round-0 dans Game, aucun retenu sans ambiguïté
		PlayerStatusUpdateRequest			À_CLASSER		0	nom clair SUSPECT (champs internes encore obfusqués, ex. `ebko` — otomai n'a pas fini de le renommer) — écarté du matching, pas un vrai candidat
		PlayerStatusUpdatedEvent			À_CLASSER		37	0 ou plusieurs candidats de même round-0 dans Game, aucun retenu sans ambiguïté
		PlayersMapAttackableStatusUpdateEvent			À_CLASSER		51	0 ou plusieurs candidats de même round-0 dans Game, aucun retenu sans ambiguïté
		PointsVariation			À_CLASSER		158	0 ou plusieurs candidats de même round-0 dans Game, aucun retenu sans ambiguïté
		Pong			À_CLASSER		5	0 ou plusieurs candidats de même round-0 dans Connection, aucun retenu sans ambiguïté
		PongEvent			À_CLASSER		0	nom clair SUSPECT (champs internes encore obfusqués, ex. `ebko` — otomai n'a pas fini de le renommer) — écarté du matching, pas un vrai candidat
		PopupWarningCloseRequest			À_CLASSER		115	0 ou plusieurs candidats de même round-0 dans Game, aucun retenu sans ambiguïté
		PopupWarningClosedEvent			À_CLASSER		115	0 ou plusieurs candidats de même round-0 dans Game, aucun retenu sans ambiguïté
		PopupWarningEvent			À_CLASSER		66	0 ou plusieurs candidats de même round-0 dans Game, aucun retenu sans ambiguïté
		PortalInformation			À_CLASSER		158	0 ou plusieurs candidats de même round-0 dans Game, aucun retenu sans ambiguïté
		PortalUseRequest			À_CLASSER		190	0 ou plusieurs candidats de même round-0 dans Game, aucun retenu sans ambiguïté
		PrepareCharacterDeletionRequest			À_CLASSER		158	0 ou plusieurs candidats de même round-0 dans Game, aucun retenu sans ambiguïté
		PresetClone			À_CLASSER		190	0 ou plusieurs candidats de même round-0 dans Game, aucun retenu sans ambiguïté
		PresetDeleteRequest			À_CLASSER		51	0 ou plusieurs candidats de même round-0 dans Game, aucun retenu sans ambiguïté
		PresetDeleteResponse			À_CLASSER		158	0 ou plusieurs candidats de même round-0 dans Game, aucun retenu sans ambiguïté
		PresetEquipmentUpdateRequest			À_CLASSER		0	0 ou plusieurs candidats de même round-0 dans Game, aucun retenu sans ambiguïté
		PresetEquipmentUpdateResponse			À_CLASSER		51	0 ou plusieurs candidats de même round-0 dans Game, aucun retenu sans ambiguïté
		PresetItemUpdateEvent			À_CLASSER		2	0 ou plusieurs candidats de même round-0 dans Game, aucun retenu sans ambiguïté
		PresetListEvent			À_CLASSER		12	0 ou plusieurs candidats de même round-0 dans Game, aucun retenu sans ambiguïté
		PresetLook			À_CLASSER		86	0 ou plusieurs candidats de même round-0 dans Game, aucun retenu sans ambiguïté
		PresetOrigin			À_CLASSER		0	nom clair SUSPECT (champs internes encore obfusqués, ex. `ebko` — otomai n'a pas fini de le renommer) — écarté du matching, pas un vrai candidat
		PresetOutfitUpdateRequest			À_CLASSER		66	0 ou plusieurs candidats de même round-0 dans Game, aucun retenu sans ambiguïté
		PresetOutfitUpdateResponse			À_CLASSER		51	0 ou plusieurs candidats de même round-0 dans Game, aucun retenu sans ambiguïté
		PresetRenameRequest			À_CLASSER		2	0 ou plusieurs candidats de même round-0 dans Game, aucun retenu sans ambiguïté
		PresetRenameResponse			À_CLASSER		0	nom clair SUSPECT (champs internes encore obfusqués, ex. `ebko` — otomai n'a pas fini de le renommer) — écarté du matching, pas un vrai candidat
		PresetSaveRequest			À_CLASSER		0	nom clair SUSPECT (champs internes encore obfusqués, ex. `ebko` — otomai n'a pas fini de le renommer) — écarté du matching, pas un vrai candidat
		PresetSaveResponse			À_CLASSER		190	0 ou plusieurs candidats de même round-0 dans Game, aucun retenu sans ambiguïté
		PresetSetFavoriteRequest			À_CLASSER		23	0 ou plusieurs candidats de même round-0 dans Game, aucun retenu sans ambiguïté
		PresetSetFavoriteResponse			À_CLASSER		190	0 ou plusieurs candidats de même round-0 dans Game, aucun retenu sans ambiguïté
		PresetSpellUpdateRequest			À_CLASSER		2	0 ou plusieurs candidats de même round-0 dans Game, aucun retenu sans ambiguïté
		PresetSpellUpdateResponse			À_CLASSER		190	0 ou plusieurs candidats de même round-0 dans Game, aucun retenu sans ambiguïté
		PresetStatUpdateRequest			À_CLASSER		7	0 ou plusieurs candidats de même round-0 dans Game, aucun retenu sans ambiguïté
		PresetStatUpdateResponse			À_CLASSER		51	0 ou plusieurs candidats de même round-0 dans Game, aucun retenu sans ambiguïté
		PresetSymbolUpdateRequest			À_CLASSER		11	0 ou plusieurs candidats de même round-0 dans Game, aucun retenu sans ambiguïté
		PresetSymbolUpdateResponse			À_CLASSER		190	0 ou plusieurs candidats de même round-0 dans Game, aucun retenu sans ambiguïté
		PresetUseRequest			À_CLASSER		51	0 ou plusieurs candidats de même round-0 dans Game, aucun retenu sans ambiguïté
		PresetUseResponse			À_CLASSER		86	0 ou plusieurs candidats de même round-0 dans Game, aucun retenu sans ambiguïté
		PrismAddOrUpdateEvent			À_CLASSER		115	0 ou plusieurs candidats de même round-0 dans Game, aucun retenu sans ambiguïté
		PrismAttackRequest			À_CLASSER		115	0 ou plusieurs candidats de même round-0 dans Game, aucun retenu sans ambiguïté
		PrismAttackResultEvent			À_CLASSER		32	0 ou plusieurs candidats de même round-0 dans Game, aucun retenu sans ambiguïté
		PrismAttackedEvent			À_CLASSER		115	0 ou plusieurs candidats de même round-0 dans Game, aucun retenu sans ambiguïté
		PrismCristal			À_CLASSER		86	0 ou plusieurs candidats de même round-0 dans Game, aucun retenu sans ambiguïté
		PrismDialogQuestionEvent			À_CLASSER		115	0 ou plusieurs candidats de même round-0 dans Game, aucun retenu sans ambiguïté
		PrismExchangeRequest			À_CLASSER		115	0 ou plusieurs candidats de même round-0 dans Game, aucun retenu sans ambiguïté
		PrismInformation			À_CLASSER		0	0 ou plusieurs candidats de même round-0 dans Game, aucun retenu sans ambiguïté
		PrismListEvent			À_CLASSER		12	0 ou plusieurs candidats de même round-0 dans Game, aucun retenu sans ambiguïté
		PrismLocalizedInformation			À_CLASSER		0	0 ou plusieurs candidats de même round-0 dans Game, aucun retenu sans ambiguïté
		PrismModule			À_CLASSER		32	0 ou plusieurs candidats de même round-0 dans Game, aucun retenu sans ambiguïté
		PrismRecycleRequest			À_CLASSER		115	0 ou plusieurs candidats de même round-0 dans Game, aucun retenu sans ambiguïté
		PrismRemoveEvent			À_CLASSER		115	0 ou plusieurs candidats de même round-0 dans Game, aucun retenu sans ambiguïté
		PrismTeleportationRequest			À_CLASSER		115	0 ou plusieurs candidats de même round-0 dans Game, aucun retenu sans ambiguïté
		PrivateInformation			À_CLASSER		15	0 ou plusieurs candidats de même round-0 dans Game, aucun retenu sans ambiguïté
		PurchasableDialogEvent			À_CLASSER		2	0 ou plusieurs candidats de même round-0 dans Game, aucun retenu sans ambiguïté
		PvpData			À_CLASSER		12	0 ou plusieurs candidats de même round-0 dans Game, aucun retenu sans ambiguïté
		PvpEnableSetRequest			À_CLASSER		0	nom clair SUSPECT (champs internes encore obfusqués, ex. `ebko` — otomai n'a pas fini de le renommer) — écarté du matching, pas un vrai candidat
		PvpSeek			À_CLASSER		158	0 ou plusieurs candidats de même round-0 dans Game, aucun retenu sans ambiguïté
		QuestActive			À_CLASSER		51	0 ou plusieurs candidats de même round-0 dans Game, aucun retenu sans ambiguïté
		QuestFinished			À_CLASSER		158	0 ou plusieurs candidats de même round-0 dans Game, aucun retenu sans ambiguïté
jov	12097	QuestObjective	0.75	arrosage	DÉDUIT	gatherer,luaxy,otomai	1	forme/champs arrosage — comparer contre une capture réelle du client vivant
		QuestObjectiveFollowRequest			À_CLASSER		158	0 ou plusieurs candidats de même round-0 dans Game, aucun retenu sans ambiguïté
		QuestObjectiveUnfollowRequest			À_CLASSER		158	0 ou plusieurs candidats de même round-0 dans Game, aucun retenu sans ambiguïté
		QuestObjectiveUpdatedEvent			À_CLASSER		0	nom clair SUSPECT (champs internes encore obfusqués, ex. `ebko` — otomai n'a pas fini de le renommer) — écarté du matching, pas un vrai candidat
		QuestObjectiveValidatedEvent			À_CLASSER		158	0 ou plusieurs candidats de même round-0 dans Game, aucun retenu sans ambiguïté
		QuestObjectiveValidationRequest			À_CLASSER		158	0 ou plusieurs candidats de même round-0 dans Game, aucun retenu sans ambiguïté
		QuestStartRequest			À_CLASSER		158	0 ou plusieurs candidats de même round-0 dans Game, aucun retenu sans ambiguïté
		QuestStartedEvent			À_CLASSER		190	0 ou plusieurs candidats de même round-0 dans Game, aucun retenu sans ambiguïté
		QuestStepInformationEvent			À_CLASSER		20	0 ou plusieurs candidats de même round-0 dans Game, aucun retenu sans ambiguïté
		QuestStepInformationRequest			À_CLASSER		190	0 ou plusieurs candidats de même round-0 dans Game, aucun retenu sans ambiguïté
		QuestStepStartedEvent			À_CLASSER		158	0 ou plusieurs candidats de même round-0 dans Game, aucun retenu sans ambiguïté
		QuestStepValidatedEvent			À_CLASSER		66	0 ou plusieurs candidats de même round-0 dans Game, aucun retenu sans ambiguïté
		QuestValidatedEvent			À_CLASSER		190	0 ou plusieurs candidats de même round-0 dans Game, aucun retenu sans ambiguïté
hmn	9814	Quests	1.0	graine	DÉDUIT	gatherer,luaxy,otomai	1	forme/champs graine — comparer contre une capture réelle du client vivant
		QuestsEvent			À_CLASSER		0	0 ou plusieurs candidats de même round-0 dans Game, aucun retenu sans ambiguïté
		QuestsFollowedEvent			À_CLASSER		0	nom clair SUSPECT (champs internes encore obfusqués, ex. `ebko` — otomai n'a pas fini de le renommer) — écarté du matching, pas un vrai candidat
		QuestsFollowedOrderRefreshRequest			À_CLASSER		0	nom clair SUSPECT (champs internes encore obfusqués, ex. `ebko` — otomai n'a pas fini de le renommer) — écarté du matching, pas un vrai candidat
		QuestsRequest			À_CLASSER		115	0 ou plusieurs candidats de même round-0 dans Game, aucun retenu sans ambiguïté
		QueueStatusEvent			À_CLASSER		0	0 ou plusieurs candidats de même round-0 dans Connection, aucun retenu sans ambiguïté
		RankActivity			À_CLASSER		86	0 ou plusieurs candidats de même round-0 dans Game, aucun retenu sans ambiguïté
		RankInformation			À_CLASSER		3	0 ou plusieurs candidats de même round-0 dans Game, aucun retenu sans ambiguïté
		ReadyToLeaveArenaRequest			À_CLASSER		0	nom clair SUSPECT (champs internes encore obfusqués, ex. `ebko` — otomai n'a pas fini de le renommer) — écarté du matching, pas un vrai candidat
		ReadyToLeaveArenaResponse			À_CLASSER		0	nom clair SUSPECT (champs internes encore obfusqués, ex. `ebko` — otomai n'a pas fini de le renommer) — écarté du matching, pas un vrai candidat
		ReconnectToGameServerEvent			À_CLASSER		0	0 ou plusieurs candidats de même round-0 dans Connection, aucun retenu sans ambiguïté
		RecycleResultEvent			À_CLASSER		158	0 ou plusieurs candidats de même round-0 dans Game, aucun retenu sans ambiguïté
		ReduceDamages			À_CLASSER		158	0 ou plusieurs candidats de même round-0 dans Game, aucun retenu sans ambiguïté
		ReflectDamages			À_CLASSER		190	0 ou plusieurs candidats de même round-0 dans Game, aucun retenu sans ambiguïté
		ReflectSpell			À_CLASSER		190	0 ou plusieurs candidats de même round-0 dans Game, aucun retenu sans ambiguïté
		RefreshMonsterBoostsEvent			À_CLASSER		12	0 ou plusieurs candidats de même round-0 dans Game, aucun retenu sans ambiguïté
		ReleaseAccountRequest			À_CLASSER		5	0 ou plusieurs candidats de même round-0 dans Connection, aucun retenu sans ambiguïté
		ReloginRequest			À_CLASSER		2	0 ou plusieurs candidats de même round-0 dans Connection, aucun retenu sans ambiguïté
		ReloginTokenEvent			À_CLASSER		1	0 ou plusieurs candidats de même round-0 dans Connection, aucun retenu sans ambiguïté
		RemovableEffect			À_CLASSER		0	nom clair SUSPECT (champs internes encore obfusqués, ex. `ebko` — otomai n'a pas fini de le renommer) — écarté du matching, pas un vrai candidat
		RemoveChallengeEvent			À_CLASSER		190	0 ou plusieurs candidats de même round-0 dans Game, aucun retenu sans ambiguïté
		RemoveItem			À_CLASSER		190	0 ou plusieurs candidats de même round-0 dans Game, aucun retenu sans ambiguïté
		RemoveNotificationEvent			À_CLASSER		26	0 ou plusieurs candidats de même round-0 dans Game, aucun retenu sans ambiguïté
		RemoveRide			À_CLASSER		115	0 ou plusieurs candidats de même round-0 dans Game, aucun retenu sans ambiguïté
		RemoveSpellModifierEvent			À_CLASSER		0	0 ou plusieurs candidats de même round-0 dans Game, aucun retenu sans ambiguïté
		RemoveTagObjectRequest			À_CLASSER		51	0 ou plusieurs candidats de même round-0 dans Game, aucun retenu sans ambiguïté
		RemoveTagObjectResponse			À_CLASSER		26	0 ou plusieurs candidats de même round-0 dans Game, aucun retenu sans ambiguïté
		RemoveTagStorageRequest			À_CLASSER		190	0 ou plusieurs candidats de même round-0 dans Game, aucun retenu sans ambiguïté
		RemoveTagStorageResponse			À_CLASSER		190	0 ou plusieurs candidats de même round-0 dans Game, aucun retenu sans ambiguïté
		ReportRequest			À_CLASSER		0	nom clair SUSPECT (champs internes encore obfusqués, ex. `ebko` — otomai n'a pas fini de le renommer) — écarté du matching, pas un vrai candidat
		ReportResponse			À_CLASSER		0	nom clair SUSPECT (champs internes encore obfusqués, ex. `ebko` — otomai n'a pas fini de le renommer) — écarté du matching, pas un vrai candidat
		Request			À_CLASSER		51	0 ou plusieurs candidats de même round-0 dans Game, aucun retenu sans ambiguïté
		ResetCharacterCharacteristicsRequest			À_CLASSER		190	0 ou plusieurs candidats de même round-0 dans Game, aucun retenu sans ambiguïté
		Response			À_CLASSER		51	0 ou plusieurs candidats de même round-0 dans Game, aucun retenu sans ambiguïté
		Ride			À_CLASSER		2	0 ou plusieurs candidats de même round-0 dans Game, aucun retenu sans ambiguïté
mhs	38984	Rights	0.889	arrosage	DÉDUIT	gatherer,luaxy,otomai	1	forme/champs arrosage — comparer contre une capture réelle du client vivant
		RolePlayActor			À_CLASSER		0	0 ou plusieurs candidats de même round-0 dans Game, aucun retenu sans ambiguïté
		Rune			À_CLASSER		158	0 ou plusieurs candidats de même round-0 dans Game, aucun retenu sans ambiguïté
		SearchByAccount			À_CLASSER		0	nom clair SUSPECT (champs internes encore obfusqués, ex. `ebko` — otomai n'a pas fini de le renommer) — écarté du matching, pas un vrai candidat
		SearchByCharacterName			À_CLASSER		0	nom clair SUSPECT (champs internes encore obfusqués, ex. `ebko` — otomai n'a pas fini de le renommer) — écarté du matching, pas un vrai candidat
		SelectServerRequest			À_CLASSER		0	nom clair SUSPECT (champs internes encore obfusqués, ex. `ebko` — otomai n'a pas fini de le renommer) — écarté du matching, pas un vrai candidat
		SelectServerResponse			À_CLASSER		4	0 ou plusieurs candidats de même round-0 dans Connection, aucun retenu sans ambiguïté
		SelfAttackableStatusUpdateEvent			À_CLASSER		12	0 ou plusieurs candidats de même round-0 dans Game, aucun retenu sans ambiguïté
		SellingConditions			À_CLASSER		0	0 ou plusieurs candidats de même round-0 dans Game, aucun retenu sans ambiguïté
		SequenceEndEvent			À_CLASSER		37	0 ou plusieurs candidats de même round-0 dans Game, aucun retenu sans ambiguïté
		SequenceNumberEvent			À_CLASSER		115	0 ou plusieurs candidats de même round-0 dans Game, aucun retenu sans ambiguïté
		SequenceNumberRequest			À_CLASSER		0	nom clair SUSPECT (champs internes encore obfusqués, ex. `ebko` — otomai n'a pas fini de le renommer) — écarté du matching, pas un vrai candidat
		SequenceStartEvent			À_CLASSER		61	0 ou plusieurs candidats de même round-0 dans Game, aucun retenu sans ambiguïté
miw	39026	Server	0.6	parent_drag	DÉDUIT	gatherer,luaxy,otomai	1	forme/champs parent_drag — comparer contre une capture réelle du client vivant
		ServerChallengeEvent			À_CLASSER		0	nom clair SUSPECT (champs internes encore obfusqués, ex. `ebko` — otomai n'a pas fini de le renommer) — écarté du matching, pas un vrai candidat
		ServerExperienceModifierEvent			À_CLASSER		190	0 ou plusieurs candidats de même round-0 dans Game, aucun retenu sans ambiguïté
mit	39022	ServerInformation	1.0	graine	DÉDUIT	gatherer,luaxy,otomai	1	forme/champs graine — comparer contre une capture réelle du client vivant
miq	39018	ServerList	0.6	parent_drag	DÉDUIT	gatherer,luaxy,otomai	1	forme/champs parent_drag — comparer contre une capture réelle du client vivant
		ServerOptionalFeaturesMessage			À_CLASSER		12	0 ou plusieurs candidats de même round-0 dans Game, aucun retenu sans ambiguïté
		ServerSessionConstant			À_CLASSER		158	0 ou plusieurs candidats de même round-0 dans Game, aucun retenu sans ambiguïté
		ServerSessionConstantsEvent			À_CLASSER		51	0 ou plusieurs candidats de même round-0 dans Game, aucun retenu sans ambiguïté
		ServerSessionReadyEvent			À_CLASSER		115	0 ou plusieurs candidats de même round-0 dans Game, aucun retenu sans ambiguïté
ion	10961	ServerSettingsEvent	1.0	graine	DÉDUIT	gatherer,luaxy,otomai	1	forme/champs graine — comparer contre une capture réelle du client vivant
		ServerVerificationEvent			À_CLASSER		115	0 ou plusieurs candidats de même round-0 dans Game, aucun retenu sans ambiguïté
		Servers			À_CLASSER		0	0 ou plusieurs candidats de même round-0 dans Connection, aucun retenu sans ambiguïté
		SetItem			À_CLASSER		158	0 ou plusieurs candidats de même round-0 dans Game, aucun retenu sans ambiguïté
		SetMoodEvent			À_CLASSER		61	0 ou plusieurs candidats de même round-0 dans Game, aucun retenu sans ambiguïté
		SetMoodRequest			À_CLASSER		51	0 ou plusieurs candidats de même round-0 dans Game, aucun retenu sans ambiguïté
		SetRide			À_CLASSER		115	0 ou plusieurs candidats de même round-0 dans Game, aucun retenu sans ambiguïté
		SetUpdateEvent			À_CLASSER		0	0 ou plusieurs candidats de même round-0 dans Game, aucun retenu sans ambiguïté
		Shield			À_CLASSER		1	0 ou plusieurs candidats de même round-0 dans Connection, aucun retenu sans ambiguïté
		Shortcut			À_CLASSER		0	0 ou plusieurs candidats de même round-0 dans Game, aucun retenu sans ambiguïté
		ShortcutBarAddRequest			À_CLASSER		86	0 ou plusieurs candidats de même round-0 dans Game, aucun retenu sans ambiguïté
		ShortcutBarAddRequestMessage			À_CLASSER		32	0 ou plusieurs candidats de même round-0 dans Game, aucun retenu sans ambiguïté
		ShortcutBarContentEvent			À_CLASSER		6	0 ou plusieurs candidats de même round-0 dans Game, aucun retenu sans ambiguïté
		ShortcutBarContentMessage			À_CLASSER		11	0 ou plusieurs candidats de même round-0 dans Game, aucun retenu sans ambiguïté
		ShortcutBarRefreshEvent			À_CLASSER		86	0 ou plusieurs candidats de même round-0 dans Game, aucun retenu sans ambiguïté
		ShortcutBarRefreshMessage			À_CLASSER		32	0 ou plusieurs candidats de même round-0 dans Game, aucun retenu sans ambiguïté
		ShortcutBarRemoveRequest			À_CLASSER		61	0 ou plusieurs candidats de même round-0 dans Game, aucun retenu sans ambiguïté
		ShortcutBarRemovedEvent			À_CLASSER		61	0 ou plusieurs candidats de même round-0 dans Game, aucun retenu sans ambiguïté
		ShortcutBarReplacedEvent			À_CLASSER		86	0 ou plusieurs candidats de même round-0 dans Game, aucun retenu sans ambiguïté
		ShortcutBarReplacedMessage			À_CLASSER		32	0 ou plusieurs candidats de même round-0 dans Game, aucun retenu sans ambiguïté
		ShortcutBarSwapRequest			À_CLASSER		20	0 ou plusieurs candidats de même round-0 dans Game, aucun retenu sans ambiguïté
		ShortcutCosmeticObject			À_CLASSER		66	0 ou plusieurs candidats de même round-0 dans Game, aucun retenu sans ambiguïté
		ShortcutEmote			À_CLASSER		190	0 ou plusieurs candidats de même round-0 dans Game, aucun retenu sans ambiguïté
		ShortcutObjectItem			À_CLASSER		158	0 ou plusieurs candidats de même round-0 dans Game, aucun retenu sans ambiguïté
		ShortcutOutfit			À_CLASSER		190	0 ou plusieurs candidats de même round-0 dans Game, aucun retenu sans ambiguïté
		ShortcutPreset			À_CLASSER		51	0 ou plusieurs candidats de même round-0 dans Game, aucun retenu sans ambiguïté
		ShortcutSmiley			À_CLASSER		158	0 ou plusieurs candidats de même round-0 dans Game, aucun retenu sans ambiguïté
		ShortcutSpell			À_CLASSER		190	0 ou plusieurs candidats de même round-0 dans Game, aucun retenu sans ambiguïté
		ShowCellEvent			À_CLASSER		66	0 ou plusieurs candidats de même round-0 dans Game, aucun retenu sans ambiguïté
		ShowCellRequest			À_CLASSER		15	0 ou plusieurs candidats de même round-0 dans Game, aucun retenu sans ambiguïté
		ShowChallengeEvent			À_CLASSER		115	0 ou plusieurs candidats de même round-0 dans Game, aucun retenu sans ambiguïté
		SkillAction			À_CLASSER		0	nom clair SUSPECT (champs internes encore obfusqués, ex. `ebko` — otomai n'a pas fini de le renommer) — écarté du matching, pas un vrai candidat
		SkillUseOption			À_CLASSER		66	0 ou plusieurs candidats de même round-0 dans Game, aucun retenu sans ambiguïté
		SkinOutfit			À_CLASSER		0	nom clair SUSPECT (champs internes encore obfusqués, ex. `ebko` — otomai n'a pas fini de le renommer) — écarté du matching, pas un vrai candidat
		Slide			À_CLASSER		66	0 ou plusieurs candidats de même round-0 dans Game, aucun retenu sans ambiguïté
		SmileyEvent			À_CLASSER		25	0 ou plusieurs candidats de même round-0 dans Game, aucun retenu sans ambiguïté
		SmileyRequest			À_CLASSER		190	0 ou plusieurs candidats de même round-0 dans Game, aucun retenu sans ambiguïté
		SocialApplicationInformation			À_CLASSER		20	0 ou plusieurs candidats de même round-0 dans Game, aucun retenu sans ambiguïté
		SocialEmblem			À_CLASSER		25	0 ou plusieurs candidats de même round-0 dans Game, aucun retenu sans ambiguïté
		SocialFight			À_CLASSER		0	0 ou plusieurs candidats de même round-0 dans Game, aucun retenu sans ambiguïté
		SocialFightInformation			À_CLASSER		2	0 ou plusieurs candidats de même round-0 dans Game, aucun retenu sans ambiguïté
		SocialMember			À_CLASSER		0	0 ou plusieurs candidats de même round-0 dans Game, aucun retenu sans ambiguïté
		SocialNoticeInformation			À_CLASSER		25	0 ou plusieurs candidats de même round-0 dans Game, aucun retenu sans ambiguïté
		SpawnInformation			À_CLASSER		0	nom clair SUSPECT (champs internes encore obfusqués, ex. `ebko` — otomai n'a pas fini de le renommer) — écarté du matching, pas un vrai candidat
		SpellAnimEvent			À_CLASSER		2	0 ou plusieurs candidats de même round-0 dans Game, aucun retenu sans ambiguïté
		SpellCast			À_CLASSER		0	0 ou plusieurs candidats de même round-0 dans Game, aucun retenu sans ambiguïté
		SpellCoolDownVariation			À_CLASSER		66	0 ou plusieurs candidats de même round-0 dans Game, aucun retenu sans ambiguïté
		SpellImmunity			À_CLASSER		158	0 ou plusieurs candidats de même round-0 dans Game, aucun retenu sans ambiguïté
		SpellItem			À_CLASSER		25	0 ou plusieurs candidats de même round-0 dans Game, aucun retenu sans ambiguïté
		SpellItem2			À_CLASSER		0	nom clair SUSPECT (champs internes encore obfusqués, ex. `ebko` — otomai n'a pas fini de le renommer) — écarté du matching, pas un vrai candidat
hks	9735	SpellListMessage	1.0	arrosage	DÉDUIT	jondo-proto	1	forme/champs arrosage — comparer contre une capture réelle du client vivant
llp	14147	SpellModifier	1.0	graine	DÉDUIT	gatherer,luaxy,otomai	1	forme/champs graine — comparer contre une capture réelle du client vivant
		SpellPositions			À_CLASSER		26	0 ou plusieurs candidats de même round-0 dans Game, aucun retenu sans ambiguïté
		SpellPositionsByIdEntry			À_CLASSER		0	nom clair SUSPECT (champs internes encore obfusqués, ex. `ebko` — otomai n'a pas fini de le renommer) — écarté du matching, pas un vrai candidat
		SpellPreset			À_CLASSER		51	0 ou plusieurs candidats de même round-0 dans Game, aucun retenu sans ambiguïté
		SpellRemove			À_CLASSER		5	0 ou plusieurs candidats de même round-0 dans Game, aucun retenu sans ambiguïté
		SpellVariantActivationEvent			À_CLASSER		66	0 ou plusieurs candidats de même round-0 dans Game, aucun retenu sans ambiguïté
		SpellVariantActivationRequest			À_CLASSER		158	0 ou plusieurs candidats de même round-0 dans Game, aucun retenu sans ambiguïté
		SpellVariantActivationRequestMessage			À_CLASSER		86	0 ou plusieurs candidats de même round-0 dans Game, aucun retenu sans ambiguïté
		SpellVariantActivationSuccessMessage			À_CLASSER		32	0 ou plusieurs candidats de même round-0 dans Game, aucun retenu sans ambiguïté
		SpellsEvent			À_CLASSER		0	0 ou plusieurs candidats de même round-0 dans Game, aucun retenu sans ambiguïté
		SpouseInformationEvent			À_CLASSER		0	0 ou plusieurs candidats de même round-0 dans Game, aucun retenu sans ambiguïté
		SpouseInformationRequest			À_CLASSER		115	0 ou plusieurs candidats de même round-0 dans Game, aucun retenu sans ambiguïté
		SpouseInformationsMessage			À_CLASSER		51	0 ou plusieurs candidats de même round-0 dans Game, aucun retenu sans ambiguïté
		SpouseStatusEvent			À_CLASSER		190	0 ou plusieurs candidats de même round-0 dans Game, aucun retenu sans ambiguïté
		StatByIdEntry			À_CLASSER		0	nom clair SUSPECT (champs internes encore obfusqués, ex. `ebko` — otomai n'a pas fini de le renommer) — écarté du matching, pas un vrai candidat
		StatedElement			À_CLASSER		25	0 ou plusieurs candidats de même round-0 dans Game, aucun retenu sans ambiguïté
		StatedElementUpdatedEvent			À_CLASSER		115	0 ou plusieurs candidats de même round-0 dans Game, aucun retenu sans ambiguïté
		StatedMapUpdateEvent			À_CLASSER		51	0 ou plusieurs candidats de même round-0 dans Game, aucun retenu sans ambiguïté
		StatsResetRequestMessage			À_CLASSER		115	0 ou plusieurs candidats de même round-0 dans Game, aucun retenu sans ambiguïté
		StatsUpgradeRequestMessage			À_CLASSER		0	0 ou plusieurs candidats de même round-0 dans Game, aucun retenu sans ambiguïté
		StealKama			À_CLASSER		0	0 ou plusieurs candidats de même round-0 dans Game, aucun retenu sans ambiguïté
		StorageInventoryContentEvent			À_CLASSER		3	0 ou plusieurs candidats de même round-0 dans Game, aucun retenu sans ambiguïté
		StorageInventoryContentMessage			À_CLASSER		11	0 ou plusieurs candidats de même round-0 dans Game, aucun retenu sans ambiguïté
		StorageKamasUpdateEvent			À_CLASSER		0	nom clair SUSPECT (champs internes encore obfusqués, ex. `ebko` — otomai n'a pas fini de le renommer) — écarté du matching, pas un vrai candidat
		StorageObjectRemoveMessage			À_CLASSER		6	0 ou plusieurs candidats de même round-0 dans Game, aucun retenu sans ambiguïté
		StorageObjectRemovedEvent			À_CLASSER		190	0 ou plusieurs candidats de même round-0 dans Game, aucun retenu sans ambiguïté
		StorageObjectUpdateEvent			À_CLASSER		0	nom clair SUSPECT (champs internes encore obfusqués, ex. `ebko` — otomai n'a pas fini de le renommer) — écarté du matching, pas un vrai candidat
		StorageObjectUpdateMessage			À_CLASSER		115	0 ou plusieurs candidats de même round-0 dans Game, aucun retenu sans ambiguïté
		StorageObjectsRemovedEvent			À_CLASSER		26	0 ou plusieurs candidats de même round-0 dans Game, aucun retenu sans ambiguïté
		StorageObjectsUpdateEvent			À_CLASSER		51	0 ou plusieurs candidats de même round-0 dans Game, aucun retenu sans ambiguïté
		StorageTab			À_CLASSER		0	0 ou plusieurs candidats de même round-0 dans Game, aucun retenu sans ambiguïté
		SubEntityInformation			À_CLASSER		18	0 ou plusieurs candidats de même round-0 dans Game, aucun retenu sans ambiguïté
		SubareaRewardRateEvent			À_CLASSER		190	0 ou plusieurs candidats de même round-0 dans Game, aucun retenu sans ambiguïté
		SubscribeChannelRequest			À_CLASSER		61	0 ou plusieurs candidats de même round-0 dans Game, aucun retenu sans ambiguïté
		SubscribeMultipleChannelRequest			À_CLASSER		12	0 ou plusieurs candidats de même round-0 dans Game, aucun retenu sans ambiguïté
		SubscribeSpouseCompassRequest			À_CLASSER		0	nom clair SUSPECT (champs internes encore obfusqués, ex. `ebko` — otomai n'a pas fini de le renommer) — écarté du matching, pas un vrai candidat
		Subscription			À_CLASSER		158	0 ou plusieurs candidats de même round-0 dans Game, aucun retenu sans ambiguïté
		SubscriptionLimitationEvent			À_CLASSER		0	nom clair SUSPECT (champs internes encore obfusqués, ex. `ebko` — otomai n'a pas fini de le renommer) — écarté du matching, pas un vrai candidat
		SubscriptionZoneEvent			À_CLASSER		190	0 ou plusieurs candidats de même round-0 dans Game, aucun retenu sans ambiguïté
		Success			À_CLASSER		86	0 ou plusieurs candidats de même round-0 dans Game, aucun retenu sans ambiguïté
jpn	12124	SummonContextInformation	0.8	arrosage	DÉDUIT	gatherer,luaxy,otomai	1	forme/champs arrosage — comparer contre une capture réelle du client vivant
		Summons			À_CLASSER		86	0 ou plusieurs candidats de même round-0 dans Game, aucun retenu sans ambiguïté
		SummonsByActor			À_CLASSER		51	0 ou plusieurs candidats de même round-0 dans Game, aucun retenu sans ambiguïté
		SummonsByContextInformation			À_CLASSER		51	0 ou plusieurs candidats de même round-0 dans Game, aucun retenu sans ambiguïté
		SurrenderAccepted			À_CLASSER		115	0 ou plusieurs candidats de même round-0 dans Game, aucun retenu sans ambiguïté
		SurrenderBeforeTurn			À_CLASSER		190	0 ou plusieurs candidats de même round-0 dans Game, aucun retenu sans ambiguïté
		SurrenderBeforeVote			À_CLASSER		115	0 ou plusieurs candidats de même round-0 dans Game, aucun retenu sans ambiguïté
		SurrenderInfoRequest			À_CLASSER		115	0 ou plusieurs candidats de même round-0 dans Game, aucun retenu sans ambiguïté
		SurrenderInfoResponse			À_CLASSER		14	0 ou plusieurs candidats de même round-0 dans Game, aucun retenu sans ambiguïté
		SurrenderRefused			À_CLASSER		115	0 ou plusieurs candidats de même round-0 dans Game, aucun retenu sans ambiguïté
		SurrenderResponse			À_CLASSER		4	0 ou plusieurs candidats de même round-0 dans Game, aucun retenu sans ambiguïté
		SurrenderStateEvent			À_CLASSER		158	0 ou plusieurs candidats de même round-0 dans Game, aucun retenu sans ambiguïté
		SurrenderVoteAccepted			À_CLASSER		115	0 ou plusieurs candidats de même round-0 dans Game, aucun retenu sans ambiguïté
		SurrenderVoteAlreadyAsked			À_CLASSER		115	0 ou plusieurs candidats de même round-0 dans Game, aucun retenu sans ambiguïté
		SurrenderVoteBeforeTurn			À_CLASSER		190	0 ou plusieurs candidats de même round-0 dans Game, aucun retenu sans ambiguïté
		SurrenderVoteCastRequest			À_CLASSER		158	0 ou plusieurs candidats de même round-0 dans Game, aucun retenu sans ambiguïté
		SurrenderVoteEndEvent			À_CLASSER		190	0 ou plusieurs candidats de même round-0 dans Game, aucun retenu sans ambiguïté
		SurrenderVoteRefused			À_CLASSER		115	0 ou plusieurs candidats de même round-0 dans Game, aucun retenu sans ambiguïté
		SurrenderVoteResponse			À_CLASSER		1	0 ou plusieurs candidats de même round-0 dans Game, aucun retenu sans ambiguïté
		SurrenderVoteStartEvent			À_CLASSER		25	0 ou plusieurs candidats de même round-0 dans Game, aucun retenu sans ambiguïté
		SurrenderVoteUpdateEvent			À_CLASSER		26	0 ou plusieurs candidats de même round-0 dans Game, aucun retenu sans ambiguïté
		SurrenderVoteWaiting			À_CLASSER		190	0 ou plusieurs candidats de même round-0 dans Game, aucun retenu sans ambiguïté
		SystemMessageDisplayEvent			À_CLASSER		10	0 ou plusieurs candidats de même round-0 dans Game, aucun retenu sans ambiguïté
		Tackled			À_CLASSER		26	0 ou plusieurs candidats de même round-0 dans Game, aucun retenu sans ambiguïté
		TagInformation			À_CLASSER		86	0 ou plusieurs candidats de même round-0 dans Game, aucun retenu sans ambiguïté
		TagObjectData			À_CLASSER		26	0 ou plusieurs candidats de même round-0 dans Game, aucun retenu sans ambiguïté
		TagObjectUpdateContent			À_CLASSER		158	0 ou plusieurs candidats de même round-0 dans Game, aucun retenu sans ambiguïté
		TagStorageData			À_CLASSER		0	nom clair SUSPECT (champs internes encore obfusqués, ex. `ebko` — otomai n'a pas fini de le renommer) — écarté du matching, pas un vrai candidat
		TagStoragesRefreshEvent			À_CLASSER		51	0 ou plusieurs candidats de même round-0 dans Game, aucun retenu sans ambiguïté
hob	9876	TargetedAbility	1.0	graine	DÉDUIT	gatherer,luaxy,otomai	1	forme/champs graine — comparer contre une capture réelle du client vivant
		TaxCollectorActor			À_CLASSER		61	0 ou plusieurs candidats de même round-0 dans Game, aucun retenu sans ambiguïté
		TaxCollectorAddedEvent			À_CLASSER		23	0 ou plusieurs candidats de même round-0 dans Game, aucun retenu sans ambiguïté
		TaxCollectorAttackResultEvent			À_CLASSER		1	0 ou plusieurs candidats de même round-0 dans Game, aucun retenu sans ambiguïté
		TaxCollectorAttackedEvent			À_CLASSER		5	0 ou plusieurs candidats de même round-0 dans Game, aucun retenu sans ambiguïté
		TaxCollectorComplementaryInformation			À_CLASSER		86	0 ou plusieurs candidats de même round-0 dans Game, aucun retenu sans ambiguïté
		TaxCollectorDialogQuestionEvent			À_CLASSER		0	0 ou plusieurs candidats de même round-0 dans Game, aucun retenu sans ambiguïté
		TaxCollectorEquipmentUpdateEvent			À_CLASSER		0	0 ou plusieurs candidats de même round-0 dans Game, aucun retenu sans ambiguïté
		TaxCollectorErrorEvent			À_CLASSER		0	nom clair SUSPECT (champs internes encore obfusqués, ex. `ebko` — otomai n'a pas fini de le renommer) — écarté du matching, pas un vrai candidat
		TaxCollectorFightRequest			À_CLASSER		190	0 ou plusieurs candidats de même round-0 dans Game, aucun retenu sans ambiguïté
		TaxCollectorFighter			À_CLASSER		158	0 ou plusieurs candidats de même round-0 dans Game, aucun retenu sans ambiguïté
		TaxCollectorHarvestedEvent			À_CLASSER		66	0 ou plusieurs candidats de même round-0 dans Game, aucun retenu sans ambiguïté
		TaxCollectorInformation			À_CLASSER		0	0 ou plusieurs candidats de même round-0 dans Game, aucun retenu sans ambiguïté
		TaxCollectorListEntry			À_CLASSER		115	0 ou plusieurs candidats de même round-0 dans Game, aucun retenu sans ambiguïté
		TaxCollectorLootInformation			À_CLASSER		158	0 ou plusieurs candidats de même round-0 dans Game, aucun retenu sans ambiguïté
		TaxCollectorMovement			À_CLASSER		0	0 ou plusieurs candidats de même round-0 dans Game, aucun retenu sans ambiguïté
		TaxCollectorMovementsOfflineEvent			À_CLASSER		51	0 ou plusieurs candidats de même round-0 dans Game, aucun retenu sans ambiguïté
		TaxCollectorOrderedSpell			À_CLASSER		158	0 ou plusieurs candidats de même round-0 dans Game, aucun retenu sans ambiguïté
		TaxCollectorOrderedSpellAddRequest			À_CLASSER		51	0 ou plusieurs candidats de même round-0 dans Game, aucun retenu sans ambiguïté
		TaxCollectorOrderedSpellMoveRequest			À_CLASSER		25	0 ou plusieurs candidats de même round-0 dans Game, aucun retenu sans ambiguïté
		TaxCollectorOrderedSpellRemoveRequest			À_CLASSER		158	0 ou plusieurs candidats de même round-0 dans Game, aucun retenu sans ambiguïté
		TaxCollectorOrderedSpellUpdatedEvent			À_CLASSER		7	0 ou plusieurs candidats de même round-0 dans Game, aucun retenu sans ambiguïté
		TaxCollectorPreset			À_CLASSER		3	0 ou plusieurs candidats de même round-0 dans Game, aucun retenu sans ambiguïté
		TaxCollectorPresetSpellAddRequest			À_CLASSER		23	0 ou plusieurs candidats de même round-0 dans Game, aucun retenu sans ambiguïté
		TaxCollectorPresetSpellMoveRequest			À_CLASSER		66	0 ou plusieurs candidats de même round-0 dans Game, aucun retenu sans ambiguïté
		TaxCollectorPresetSpellRemoveRequest			À_CLASSER		158	0 ou plusieurs candidats de même round-0 dans Game, aucun retenu sans ambiguïté
		TaxCollectorPresetSpellUpdatedEvent			À_CLASSER		7	0 ou plusieurs candidats de même round-0 dans Game, aucun retenu sans ambiguïté
		TaxCollectorPresetsEvent			À_CLASSER		51	0 ou plusieurs candidats de même round-0 dans Game, aucun retenu sans ambiguïté
		TaxCollectorPresetsUpdatesListenStartRequest			À_CLASSER		115	0 ou plusieurs candidats de même round-0 dans Game, aucun retenu sans ambiguïté
		TaxCollectorPresetsUpdatesListenStopRequest			À_CLASSER		115	0 ou plusieurs candidats de même round-0 dans Game, aucun retenu sans ambiguïté
		TaxCollectorRemovedEvent			À_CLASSER		190	0 ou plusieurs candidats de même round-0 dans Game, aucun retenu sans ambiguïté
		TaxCollectorStateUpdateEvent			À_CLASSER		51	0 ou plusieurs candidats de même round-0 dans Game, aucun retenu sans ambiguïté
htu	10109	TaxCollectorStaticInformation	1.0	arrosage	DÉDUIT	gatherer,luaxy,otomai	1	forme/champs arrosage — comparer contre une capture réelle du client vivant
		TaxCollectorTopListEvent			À_CLASSER		3	0 ou plusieurs candidats de même round-0 dans Game, aucun retenu sans ambiguïté
		TaxCollectorUpdatesListenStartRequest			À_CLASSER		190	0 ou plusieurs candidats de même round-0 dans Game, aucun retenu sans ambiguïté
		TaxCollectorUpdatesListenStopRequest			À_CLASSER		190	0 ou plusieurs candidats de même round-0 dans Game, aucun retenu sans ambiguïté
		TaxCollectorUpdatesListeningConfirmationEvent			À_CLASSER		115	0 ou plusieurs candidats de même round-0 dans Game, aucun retenu sans ambiguïté
		TaxCollectorWaitingForHelpInformation			À_CLASSER		25	0 ou plusieurs candidats de même round-0 dans Game, aucun retenu sans ambiguïté
		TeleportBuddiesAnswerRequest			À_CLASSER		0	nom clair SUSPECT (champs internes encore obfusqués, ex. `ebko` — otomai n'a pas fini de le renommer) — écarté du matching, pas un vrai candidat
		TeleportBuddiesEvent			À_CLASSER		190	0 ou plusieurs candidats de même round-0 dans Game, aucun retenu sans ambiguïté
		TeleportBuddiesRequestedEvent			À_CLASSER		10	0 ou plusieurs candidats de même round-0 dans Game, aucun retenu sans ambiguïté
		TeleportDestination			À_CLASSER		0	0 ou plusieurs candidats de même round-0 dans Game, aucun retenu sans ambiguïté
ibg	10408	TeleportDestinationsEvent	0.857	arrosage	DÉDUIT	gatherer,luaxy,otomai	1	forme/champs arrosage — comparer contre une capture réelle du client vivant
		TeleportDestinationsMessage			À_CLASSER		0	0 ou plusieurs candidats de même round-0 dans Game, aucun retenu sans ambiguïté
		TeleportOnSameMap			À_CLASSER		158	0 ou plusieurs candidats de même round-0 dans Game, aucun retenu sans ambiguïté
		TeleportPlayerAnswerRequest			À_CLASSER		0	nom clair SUSPECT (champs internes encore obfusqués, ex. `ebko` — otomai n'a pas fini de le renommer) — écarté du matching, pas un vrai candidat
		TeleportPlayerClosedEvent			À_CLASSER		66	0 ou plusieurs candidats de même round-0 dans Game, aucun retenu sans ambiguïté
		TeleportPlayerOfferEvent			À_CLASSER		25	0 ou plusieurs candidats de même round-0 dans Game, aucun retenu sans ambiguïté
		TeleportRequest			À_CLASSER		14	0 ou plusieurs candidats de même round-0 dans Game, aucun retenu sans ambiguïté
		TeleportRequestMessage			À_CLASSER		32	0 ou plusieurs candidats de même round-0 dans Game, aucun retenu sans ambiguïté
		TeleportToBuddyAnswerRequest			À_CLASSER		0	nom clair SUSPECT (champs internes encore obfusqués, ex. `ebko` — otomai n'a pas fini de le renommer) — écarté du matching, pas un vrai candidat
		TeleportToBuddyClosedEvent			À_CLASSER		66	0 ou plusieurs candidats de même round-0 dans Game, aucun retenu sans ambiguïté
		TeleportToBuddyOfferEvent			À_CLASSER		66	0 ou plusieurs candidats de même round-0 dans Game, aucun retenu sans ambiguïté
hmz	9833	TextInformationEvent	1.0	arrosage	DÉDUIT	gatherer,luaxy,otomai	1	forme/champs arrosage — comparer contre une capture réelle du client vivant
		ThrowCharacter			À_CLASSER		0	0 ou plusieurs candidats de même round-0 dans Game, aucun retenu sans ambiguïté
		TimeEvent			À_CLASSER		158	0 ou plusieurs candidats de même round-0 dans Game, aucun retenu sans ambiguïté
		Timed			À_CLASSER		51	0 ou plusieurs candidats de même round-0 dans Game, aucun retenu sans ambiguïté
		TimelineRefreshEvent			À_CLASSER		0	nom clair SUSPECT (champs internes encore obfusqués, ex. `ebko` — otomai n'a pas fini de le renommer) — écarté du matching, pas un vrai candidat
		TitleGainedEvent			À_CLASSER		190	0 ou plusieurs candidats de même round-0 dans Game, aucun retenu sans ambiguïté
		TitleLostEvent			À_CLASSER		190	0 ou plusieurs candidats de même round-0 dans Game, aucun retenu sans ambiguïté
		TitleOption			À_CLASSER		158	0 ou plusieurs candidats de même round-0 dans Game, aucun retenu sans ambiguïté
		TitleSelectErrorEvent			À_CLASSER		0	nom clair SUSPECT (champs internes encore obfusqués, ex. `ebko` — otomai n'a pas fini de le renommer) — écarté du matching, pas un vrai candidat
		TitleSelectRequestMessage			À_CLASSER		32	0 ou plusieurs candidats de même round-0 dans Game, aucun retenu sans ambiguïté
		TitleSelectResultMessage			À_CLASSER		86	0 ou plusieurs candidats de même round-0 dans Game, aucun retenu sans ambiguïté
		TitleSelectedEvent			À_CLASSER		190	0 ou plusieurs candidats de même round-0 dans Game, aucun retenu sans ambiguïté
		TitleSelectedMessage			À_CLASSER		115	0 ou plusieurs candidats de même round-0 dans Game, aucun retenu sans ambiguïté
		TitlesAndOrnamentsEvent			À_CLASSER		11	0 ou plusieurs candidats de même round-0 dans Game, aucun retenu sans ambiguïté
		TitlesAndOrnamentsListMessage			À_CLASSER		12	0 ou plusieurs candidats de même round-0 dans Game, aucun retenu sans ambiguïté
		TitlesAndOrnamentsRequest			À_CLASSER		115	0 ou plusieurs candidats de même round-0 dans Game, aucun retenu sans ambiguïté
		TokenRequest			À_CLASSER		0	nom clair SUSPECT (champs internes encore obfusqués, ex. `ebko` — otomai n'a pas fini de le renommer) — écarté du matching, pas un vrai candidat
		TreasureHuntAnswerEvent			À_CLASSER		86	0 ou plusieurs candidats de même round-0 dans Game, aucun retenu sans ambiguïté
		TreasureHuntDigAnswerEvent			À_CLASSER		14	0 ou plusieurs candidats de même round-0 dans Game, aucun retenu sans ambiguïté
		TreasureHuntDigRequest			À_CLASSER		115	0 ou plusieurs candidats de même round-0 dans Game, aucun retenu sans ambiguïté
		TreasureHuntEvent			À_CLASSER		0	0 ou plusieurs candidats de même round-0 dans Game, aucun retenu sans ambiguïté
		TreasureHuntFinishedEvent			À_CLASSER		115	0 ou plusieurs candidats de même round-0 dans Game, aucun retenu sans ambiguïté
		TreasureHuntFlag			À_CLASSER		51	0 ou plusieurs candidats de même round-0 dans Game, aucun retenu sans ambiguïté
		TreasureHuntFlagAnswerEvent			À_CLASSER		0	nom clair SUSPECT (champs internes encore obfusqués, ex. `ebko` — otomai n'a pas fini de le renommer) — écarté du matching, pas un vrai candidat
		TreasureHuntFlagRemoveRequest			À_CLASSER		61	0 ou plusieurs candidats de même round-0 dans Game, aucun retenu sans ambiguïté
		TreasureHuntFlagRequest			À_CLASSER		18	0 ou plusieurs candidats de même round-0 dans Game, aucun retenu sans ambiguïté
		TreasureHuntGiveUpRequest			À_CLASSER		115	0 ou plusieurs candidats de même round-0 dans Game, aucun retenu sans ambiguïté
		TreasureHuntLegendaryEvent			À_CLASSER		26	0 ou plusieurs candidats de même round-0 dans Game, aucun retenu sans ambiguïté
		TreasureHuntLegendaryRequest			À_CLASSER		190	0 ou plusieurs candidats de même round-0 dans Game, aucun retenu sans ambiguïté
		TreasureHuntStep			À_CLASSER		0	0 ou plusieurs candidats de même round-0 dans Game, aucun retenu sans ambiguïté
		TriggerGlyphTrap			À_CLASSER		66	0 ou plusieurs candidats de même round-0 dans Game, aucun retenu sans ambiguïté
		TrustStatusEvent			À_CLASSER		158	0 ou plusieurs candidats de même round-0 dans Game, aucun retenu sans ambiguïté
		UnBlockEvent			À_CLASSER		86	0 ou plusieurs candidats de même round-0 dans Game, aucun retenu sans ambiguïté
		UnBlockRequest			À_CLASSER		190	0 ou plusieurs candidats de même round-0 dans Game, aucun retenu sans ambiguïté
		UnIgnoreEvent			À_CLASSER		86	0 ou plusieurs candidats de même round-0 dans Game, aucun retenu sans ambiguïté
		UnIgnoreRequest			À_CLASSER		190	0 ou plusieurs candidats de même round-0 dans Game, aucun retenu sans ambiguïté
		UnlockNewTabActivity			À_CLASSER		115	0 ou plusieurs candidats de même round-0 dans Game, aucun retenu sans ambiguïté
		UnmarkCells			À_CLASSER		190	0 ou plusieurs candidats de même round-0 dans Game, aucun retenu sans ambiguïté
		UpdateLifePointsEvent			À_CLASSER		66	0 ou plusieurs candidats de même round-0 dans Game, aucun retenu sans ambiguïté
		UpdateServerEvent			À_CLASSER		2	0 ou plusieurs candidats de même round-0 dans Connection, aucun retenu sans ambiguïté
		UpdateTagStorageContentRequest			À_CLASSER		115	0 ou plusieurs candidats de même round-0 dans Game, aucun retenu sans ambiguïté
		UpdateTagStorageContentResponse			À_CLASSER		190	0 ou plusieurs candidats de même round-0 dans Game, aucun retenu sans ambiguïté
		Vanish			À_CLASSER		190	0 ou plusieurs candidats de même round-0 dans Game, aucun retenu sans ambiguïté
		VisibleReply			À_CLASSER		7	0 ou plusieurs candidats de même round-0 dans Game, aucun retenu sans ambiguïté
		VotedChoice			À_CLASSER		0	nom clair SUSPECT (champs internes encore obfusqués, ex. `ebko` — otomai n'a pas fini de le renommer) — écarté du matching, pas un vrai candidat
		WarnOnPermanentDeathStateEvent			À_CLASSER		0	nom clair SUSPECT (champs internes encore obfusqués, ex. `ebko` — otomai n'a pas fini de le renommer) — écarté du matching, pas un vrai candidat
		WaveInformation			À_CLASSER		7	0 ou plusieurs candidats de même round-0 dans Game, aucun retenu sans ambiguïté
		WhoAmIRequest			À_CLASSER		190	0 ou plusieurs candidats de même round-0 dans Game, aucun retenu sans ambiguïté
		WhoIsEvent			À_CLASSER		0	0 ou plusieurs candidats de même round-0 dans Game, aucun retenu sans ambiguïté
		WhoIsNoMatchEvent			À_CLASSER		115	0 ou plusieurs candidats de même round-0 dans Game, aucun retenu sans ambiguïté
		WhoIsNumericEvent			À_CLASSER		158	0 ou plusieurs candidats de même round-0 dans Game, aucun retenu sans ambiguïté
		WhoIsNumericRequest			À_CLASSER		190	0 ou plusieurs candidats de même round-0 dans Game, aucun retenu sans ambiguïté
		WhoIsRequest			À_CLASSER		23	0 ou plusieurs candidats de même round-0 dans Game, aucun retenu sans ambiguïté
		WithLook			À_CLASSER		86	0 ou plusieurs candidats de même round-0 dans Game, aucun retenu sans ambiguïté
		WorldEntryRequests			À_CLASSER		115	0 ou plusieurs candidats de même round-0 dans Game, aucun retenu sans ambiguïté
		WrapperObjectDissociateRequest			À_CLASSER		37	0 ou plusieurs candidats de même round-0 dans Game, aucun retenu sans ambiguïté
		YoshiRequest			À_CLASSER		115	0 ou plusieurs candidats de même round-0 dans Game, aucun retenu sans ambiguïté
		ZaapKnownListEvent			À_CLASSER		26	0 ou plusieurs candidats de même round-0 dans Game, aucun retenu sans ambiguïté
		ZaapRespawnSaveRequest			À_CLASSER		115	0 ou plusieurs candidats de même round-0 dans Game, aucun retenu sans ambiguïté
		ZaapRespawnUpdatedEvent			À_CLASSER		190	0 ou plusieurs candidats de même round-0 dans Game, aucun retenu sans ambiguïté
