classe_obf	typedef_index	nom_clair	score	methode	statut	note
		Com.Ankama.Dofus.Server.Connection.Protocol.AcquaintanceServersResponse			À_CLASSER	4 candidats à égalité de forme dans Ankama.Dofus.Protocol.Connection.dll — aucun élu sans preuve supplémentaire
		Com.Ankama.Dofus.Server.Connection.Protocol.CharacterInformation			À_CLASSER	18 candidats à égalité de forme dans Ankama.Dofus.Protocol.Connection.dll — aucun élu sans preuve supplémentaire
		Com.Ankama.Dofus.Server.Connection.Protocol.FriendListResponse			À_CLASSER	4 candidats à égalité de forme dans Ankama.Dofus.Protocol.Connection.dll — aucun élu sans preuve supplémentaire
		Com.Ankama.Dofus.Server.Connection.Protocol.IdentificationResponse			À_CLASSER	2 candidats à égalité de forme dans Ankama.Dofus.Protocol.Connection.dll — aucun élu sans preuve supplémentaire
		Com.Ankama.Dofus.Server.Connection.Protocol.SelectServerResponse			À_CLASSER	18 candidats à égalité de forme dans Ankama.Dofus.Protocol.Connection.dll — aucun élu sans preuve supplémentaire
		Com.Ankama.Dofus.Server.Connection.Protocol.Server			À_CLASSER	18 candidats à égalité de forme dans Ankama.Dofus.Protocol.Connection.dll — aucun élu sans preuve supplémentaire
		Com.Ankama.Dofus.Server.Connection.Protocol.ServerInformation			À_CLASSER	18 candidats à égalité de forme dans Ankama.Dofus.Protocol.Connection.dll — aucun élu sans preuve supplémentaire
		Com.Ankama.Dofus.Server.Connection.Protocol.ServerList			À_CLASSER	18 candidats à égalité de forme dans Ankama.Dofus.Protocol.Connection.dll — aucun élu sans preuve supplémentaire
		Com.Ankama.Dofus.Server.Connection.Protocol.TokenRequest			À_CLASSER	18 candidats à égalité de forme dans Ankama.Dofus.Protocol.Connection.dll — aucun élu sans preuve supplémentaire
		Com.Ankama.Dofus.Server.Game.Protocol.Account.AccountCapabilitiesEvent			À_CLASSER	1098 candidats à égalité de forme dans Ankama.Dofus.Protocol.Game.dll — aucun élu sans preuve supplémentaire
		Com.Ankama.Dofus.Server.Game.Protocol.Account.AccountInformationUpdateEvent			À_CLASSER	1098 candidats à égalité de forme dans Ankama.Dofus.Protocol.Game.dll — aucun élu sans preuve supplémentaire
		Com.Ankama.Dofus.Server.Game.Protocol.Account.AccountRightsEvent			À_CLASSER	1098 candidats à égalité de forme dans Ankama.Dofus.Protocol.Game.dll — aucun élu sans preuve supplémentaire
		Com.Ankama.Dofus.Server.Game.Protocol.Account.GuestLimitationEvent			À_CLASSER	1098 candidats à égalité de forme dans Ankama.Dofus.Protocol.Game.dll — aucun élu sans preuve supplémentaire
		Com.Ankama.Dofus.Server.Game.Protocol.Account.GuestModeEvent			À_CLASSER	1098 candidats à égalité de forme dans Ankama.Dofus.Protocol.Game.dll — aucun élu sans preuve supplémentaire
		Com.Ankama.Dofus.Server.Game.Protocol.Account.SubscriptionLimitationEvent			À_CLASSER	1098 candidats à égalité de forme dans Ankama.Dofus.Protocol.Game.dll — aucun élu sans preuve supplémentaire
		Com.Ankama.Dofus.Server.Game.Protocol.Account.SubscriptionZoneEvent			À_CLASSER	1098 candidats à égalité de forme dans Ankama.Dofus.Protocol.Game.dll — aucun élu sans preuve supplémentaire
		Com.Ankama.Dofus.Server.Game.Protocol.Achievement.Achievement			À_CLASSER	354 candidats à égalité de forme dans Ankama.Dofus.Protocol.Game.dll — aucun élu sans preuve supplémentaire
		Com.Ankama.Dofus.Server.Game.Protocol.Achievement.AchievementRewardRequest			À_CLASSER	1098 candidats à égalité de forme dans Ankama.Dofus.Protocol.Game.dll — aucun élu sans preuve supplémentaire
		Com.Ankama.Dofus.Server.Game.Protocol.Achievement.AchievementRewardResultEvent			À_CLASSER	1098 candidats à égalité de forme dans Ankama.Dofus.Protocol.Game.dll — aucun élu sans preuve supplémentaire
		Com.Ankama.Dofus.Server.Game.Protocol.Achievement.AchievementsPioneerRanksResponse			À_CLASSER	1098 candidats à égalité de forme dans Ankama.Dofus.Protocol.Game.dll — aucun élu sans preuve supplémentaire
		Com.Ankama.Dofus.Server.Game.Protocol.Admin.Console.ConsoleMessage			À_CLASSER	1098 candidats à égalité de forme dans Ankama.Dofus.Protocol.Game.dll — aucun élu sans preuve supplémentaire
		Com.Ankama.Dofus.Server.Game.Protocol.Alliance.Conquest.KOTHUpdateEvent			À_CLASSER	12 candidats à égalité de forme dans Ankama.Dofus.Protocol.Game.dll — aucun élu sans preuve supplémentaire
		Com.Ankama.Dofus.Server.Game.Protocol.Alliance.Conquest.NuggetsBeneficiary			À_CLASSER	1098 candidats à égalité de forme dans Ankama.Dofus.Protocol.Game.dll — aucun élu sans preuve supplémentaire
		Com.Ankama.Dofus.Server.Game.Protocol.Alliance.Information.AllianceBulletinEvent			À_CLASSER	1098 candidats à égalité de forme dans Ankama.Dofus.Protocol.Game.dll — aucun élu sans preuve supplémentaire
		Com.Ankama.Dofus.Server.Game.Protocol.Alliance.Information.AllianceFactsRequest			À_CLASSER	1098 candidats à égalité de forme dans Ankama.Dofus.Protocol.Game.dll — aucun élu sans preuve supplémentaire
		Com.Ankama.Dofus.Server.Game.Protocol.Alliance.Information.AllianceMemberStartWarningOnConnectionRequest			À_CLASSER	1098 candidats à égalité de forme dans Ankama.Dofus.Protocol.Game.dll — aucun élu sans preuve supplémentaire
		Com.Ankama.Dofus.Server.Game.Protocol.Alliance.Information.AllianceSummaryEvent			À_CLASSER	1098 candidats à égalité de forme dans Ankama.Dofus.Protocol.Game.dll — aucun élu sans preuve supplémentaire
		Com.Ankama.Dofus.Server.Game.Protocol.Alliance.Information.AllianceSummaryRequest			À_CLASSER	1098 candidats à égalité de forme dans Ankama.Dofus.Protocol.Game.dll — aucun élu sans preuve supplémentaire
		Com.Ankama.Dofus.Server.Game.Protocol.Alliance.Information.CalendarSummaryResponse			À_CLASSER	1098 candidats à égalité de forme dans Ankama.Dofus.Protocol.Game.dll — aucun élu sans preuve supplémentaire
		Com.Ankama.Dofus.Server.Game.Protocol.Alliance.Member.AllianceMemberLeavingEvent			À_CLASSER	1098 candidats à égalité de forme dans Ankama.Dofus.Protocol.Game.dll — aucun élu sans preuve supplémentaire
		Com.Ankama.Dofus.Server.Game.Protocol.Alliance.Rank.AllianceRankCreationRequest			À_CLASSER	1098 candidats à égalité de forme dans Ankama.Dofus.Protocol.Game.dll — aucun élu sans preuve supplémentaire
		Com.Ankama.Dofus.Server.Game.Protocol.Alliance.Rank.AllianceRanksRequest			À_CLASSER	1098 candidats à égalité de forme dans Ankama.Dofus.Protocol.Game.dll — aucun élu sans preuve supplémentaire
		Com.Ankama.Dofus.Server.Game.Protocol.Alliance.Recruitment.AllianceApplicationListEvent			À_CLASSER	1098 candidats à égalité de forme dans Ankama.Dofus.Protocol.Game.dll — aucun élu sans preuve supplémentaire
		Com.Ankama.Dofus.Server.Game.Protocol.Alliance.Recruitment.AllianceApplicationListenRequest			À_CLASSER	1098 candidats à égalité de forme dans Ankama.Dofus.Protocol.Game.dll — aucun élu sans preuve supplémentaire
		Com.Ankama.Dofus.Server.Game.Protocol.Alliance.Recruitment.AllianceApplicationPresenceEvent			À_CLASSER	1098 candidats à égalité de forme dans Ankama.Dofus.Protocol.Game.dll — aucun élu sans preuve supplémentaire
		Com.Ankama.Dofus.Server.Game.Protocol.Alliance.Recruitment.AllianceApplicationResponseEvent			À_CLASSER	1098 candidats à égalité de forme dans Ankama.Dofus.Protocol.Game.dll — aucun élu sans preuve supplémentaire
		Com.Ankama.Dofus.Server.Game.Protocol.Alteration.Alteration			À_CLASSER	1098 candidats à égalité de forme dans Ankama.Dofus.Protocol.Game.dll — aucun élu sans preuve supplémentaire
		Com.Ankama.Dofus.Server.Game.Protocol.Alteration.AlterationAddedEvent			À_CLASSER	1098 candidats à égalité de forme dans Ankama.Dofus.Protocol.Game.dll — aucun élu sans preuve supplémentaire
		Com.Ankama.Dofus.Server.Game.Protocol.Anomaly.AnomalySubareaInformationEvent			À_CLASSER	1098 candidats à égalité de forme dans Ankama.Dofus.Protocol.Game.dll — aucun élu sans preuve supplémentaire
		Com.Ankama.Dofus.Server.Game.Protocol.Arena.ArenaFighterStatusEvent			À_CLASSER	1098 candidats à égalité de forme dans Ankama.Dofus.Protocol.Game.dll — aucun élu sans preuve supplémentaire
		Com.Ankama.Dofus.Server.Game.Protocol.Arena.ArenaLeagueRewardsEvent			À_CLASSER	1098 candidats à égalité de forme dans Ankama.Dofus.Protocol.Game.dll — aucun élu sans preuve supplémentaire
		Com.Ankama.Dofus.Server.Game.Protocol.Arena.ArenaRegistrationStatusEvent			À_CLASSER	1098 candidats à égalité de forme dans Ankama.Dofus.Protocol.Game.dll — aucun élu sans preuve supplémentaire
		Com.Ankama.Dofus.Server.Game.Protocol.Arena.ArenaStateResponse			À_CLASSER	354 candidats à égalité de forme dans Ankama.Dofus.Protocol.Game.dll — aucun élu sans preuve supplémentaire
		Com.Ankama.Dofus.Server.Game.Protocol.Arena.ArenaUpdatePlayerInformationEvent			À_CLASSER	12 candidats à égalité de forme dans Ankama.Dofus.Protocol.Game.dll — aucun élu sans preuve supplémentaire
		Com.Ankama.Dofus.Server.Game.Protocol.Arena.SurrenderInfoResponse			À_CLASSER	0 candidat de même forme dans Ankama.Dofus.Protocol.Game.dll (forme=(((),), ((), ())))
		Com.Ankama.Dofus.Server.Game.Protocol.Arena.SurrenderVoteCastRequest			À_CLASSER	1098 candidats à égalité de forme dans Ankama.Dofus.Protocol.Game.dll — aucun élu sans preuve supplémentaire
		Com.Ankama.Dofus.Server.Game.Protocol.Atlas.CompassUpdateEvent			À_CLASSER	354 candidats à égalité de forme dans Ankama.Dofus.Protocol.Game.dll — aucun élu sans preuve supplémentaire
		Com.Ankama.Dofus.Server.Game.Protocol.Bak.BakCancelBidRequest			À_CLASSER	1098 candidats à égalité de forme dans Ankama.Dofus.Protocol.Game.dll — aucun élu sans preuve supplémentaire
		Com.Ankama.Dofus.Server.Game.Protocol.Bak.BakConsumeBufferRequest			À_CLASSER	1098 candidats à égalité de forme dans Ankama.Dofus.Protocol.Game.dll — aucun élu sans preuve supplémentaire
		Com.Ankama.Dofus.Server.Game.Protocol.Bak.BakTransactionValidationEvent			À_CLASSER	1098 candidats à égalité de forme dans Ankama.Dofus.Protocol.Game.dll — aucun élu sans preuve supplémentaire
		Com.Ankama.Dofus.Server.Game.Protocol.Basic.DateEvent			À_CLASSER	1098 candidats à égalité de forme dans Ankama.Dofus.Protocol.Game.dll — aucun élu sans preuve supplémentaire
		Com.Ankama.Dofus.Server.Game.Protocol.Basic.TextInformationEvent			À_CLASSER	1098 candidats à égalité de forme dans Ankama.Dofus.Protocol.Game.dll — aucun élu sans preuve supplémentaire
		Com.Ankama.Dofus.Server.Game.Protocol.Basic.WhoIsNumericEvent			À_CLASSER	1098 candidats à égalité de forme dans Ankama.Dofus.Protocol.Game.dll — aucun élu sans preuve supplémentaire
		Com.Ankama.Dofus.Server.Game.Protocol.Bonus.Bonus			À_CLASSER	1098 candidats à égalité de forme dans Ankama.Dofus.Protocol.Game.dll — aucun élu sans preuve supplémentaire
		Com.Ankama.Dofus.Server.Game.Protocol.Card.CardInfoRequest			À_CLASSER	1098 candidats à égalité de forme dans Ankama.Dofus.Protocol.Game.dll — aucun élu sans preuve supplémentaire
		Com.Ankama.Dofus.Server.Game.Protocol.Card.CardInfoResponse			À_CLASSER	73 candidats à égalité de forme dans Ankama.Dofus.Protocol.Game.dll — aucun élu sans preuve supplémentaire
		Com.Ankama.Dofus.Server.Game.Protocol.Card.CardOpenOutfitDraftResponse			À_CLASSER	354 candidats à égalité de forme dans Ankama.Dofus.Protocol.Game.dll — aucun élu sans preuve supplémentaire
		Com.Ankama.Dofus.Server.Game.Protocol.Card.CardViewRequest			À_CLASSER	1098 candidats à égalité de forme dans Ankama.Dofus.Protocol.Game.dll — aucun élu sans preuve supplémentaire
		Com.Ankama.Dofus.Server.Game.Protocol.Card.CardViewResponse			À_CLASSER	0 candidat de même forme dans Ankama.Dofus.Protocol.Game.dll (forme=((), (), (), ((((),),),)))
		Com.Ankama.Dofus.Server.Game.Protocol.Card.ChangeBackgroundCardRequest			À_CLASSER	1098 candidats à égalité de forme dans Ankama.Dofus.Protocol.Game.dll — aucun élu sans preuve supplémentaire
		Com.Ankama.Dofus.Server.Game.Protocol.Card.ChangeBackgroundCardResponse			À_CLASSER	1098 candidats à égalité de forme dans Ankama.Dofus.Protocol.Game.dll — aucun élu sans preuve supplémentaire
		Com.Ankama.Dofus.Server.Game.Protocol.Card.ChangeEnabledViewResponse			À_CLASSER	354 candidats à égalité de forme dans Ankama.Dofus.Protocol.Game.dll — aucun élu sans preuve supplémentaire
		Com.Ankama.Dofus.Server.Game.Protocol.Card.ChangeHighlightedJobsResponse			À_CLASSER	1098 candidats à égalité de forme dans Ankama.Dofus.Protocol.Game.dll — aucun élu sans preuve supplémentaire
		Com.Ankama.Dofus.Server.Game.Protocol.Challenge.ChallengeListEvent			À_CLASSER	1098 candidats à égalité de forme dans Ankama.Dofus.Protocol.Game.dll — aucun élu sans preuve supplémentaire
		Com.Ankama.Dofus.Server.Game.Protocol.Challenge.ChallengeNumberEvent			À_CLASSER	1098 candidats à égalité de forme dans Ankama.Dofus.Protocol.Game.dll — aucun élu sans preuve supplémentaire
		Com.Ankama.Dofus.Server.Game.Protocol.Challenge.ChallengeReadyRequest			À_CLASSER	1098 candidats à égalité de forme dans Ankama.Dofus.Protocol.Game.dll — aucun élu sans preuve supplémentaire
		Com.Ankama.Dofus.Server.Game.Protocol.Challenge.ChallengeSelectedEvent			À_CLASSER	1098 candidats à égalité de forme dans Ankama.Dofus.Protocol.Game.dll — aucun élu sans preuve supplémentaire
		Com.Ankama.Dofus.Server.Game.Protocol.Character.CharacterCharacteristicUpgradeResultEvent			À_CLASSER	1098 candidats à égalité de forme dans Ankama.Dofus.Protocol.Game.dll — aucun élu sans preuve supplémentaire
		Com.Ankama.Dofus.Server.Game.Protocol.Character.CharacterExperienceGainEvent			À_CLASSER	1098 candidats à égalité de forme dans Ankama.Dofus.Protocol.Game.dll — aucun élu sans preuve supplémentaire
		Com.Ankama.Dofus.Server.Game.Protocol.Character.CharacterLifeStatusEvent			À_CLASSER	1098 candidats à égalité de forme dans Ankama.Dofus.Protocol.Game.dll — aucun élu sans preuve supplémentaire
		Com.Ankama.Dofus.Server.Game.Protocol.Character.CharacterOnConnectionEvent			À_CLASSER	1098 candidats à égalité de forme dans Ankama.Dofus.Protocol.Game.dll — aucun élu sans preuve supplémentaire
		Com.Ankama.Dofus.Server.Game.Protocol.Character.Management.CharacterDeletionErrorEvent			À_CLASSER	1098 candidats à égalité de forme dans Ankama.Dofus.Protocol.Game.dll — aucun élu sans preuve supplémentaire
		Com.Ankama.Dofus.Server.Game.Protocol.Character.Management.CharacterNameGenerationFailedEvent			À_CLASSER	1098 candidats à égalité de forme dans Ankama.Dofus.Protocol.Game.dll — aucun élu sans preuve supplémentaire
		Com.Ankama.Dofus.Server.Game.Protocol.Character.Management.CharacterSelectionEvent			À_CLASSER	1098 candidats à égalité de forme dans Ankama.Dofus.Protocol.Game.dll — aucun élu sans preuve supplémentaire
		Com.Ankama.Dofus.Server.Game.Protocol.Chat.ChatErrorEvent			À_CLASSER	1098 candidats à égalité de forme dans Ankama.Dofus.Protocol.Game.dll — aucun élu sans preuve supplémentaire
		Com.Ankama.Dofus.Server.Game.Protocol.Chat.ChatPrivateCopyMessageEvent			À_CLASSER	1098 candidats à égalité de forme dans Ankama.Dofus.Protocol.Game.dll — aucun élu sans preuve supplémentaire
		Com.Ankama.Dofus.Server.Game.Protocol.Chat.MonsterGroup			À_CLASSER	1098 candidats à égalité de forme dans Ankama.Dofus.Protocol.Game.dll — aucun élu sans preuve supplémentaire
		Com.Ankama.Dofus.Server.Game.Protocol.Choice.ChoiceCancelRequest			À_CLASSER	1098 candidats à égalité de forme dans Ankama.Dofus.Protocol.Game.dll — aucun élu sans preuve supplémentaire
		Com.Ankama.Dofus.Server.Game.Protocol.Choice.ChoiceCancelResponse			À_CLASSER	1098 candidats à égalité de forme dans Ankama.Dofus.Protocol.Game.dll — aucun élu sans preuve supplémentaire
		Com.Ankama.Dofus.Server.Game.Protocol.Choice.FightChoiceSelectionEvent			À_CLASSER	1098 candidats à égalité de forme dans Ankama.Dofus.Protocol.Game.dll — aucun élu sans preuve supplémentaire
		Com.Ankama.Dofus.Server.Game.Protocol.Click.ClickStopListeningEvent			À_CLASSER	1098 candidats à égalité de forme dans Ankama.Dofus.Protocol.Game.dll — aucun élu sans preuve supplémentaire
		Com.Ankama.Dofus.Server.Game.Protocol.Client.Verification.ClientChallengeProofRequest			À_CLASSER	1098 candidats à égalité de forme dans Ankama.Dofus.Protocol.Game.dll — aucun élu sans preuve supplémentaire
		Com.Ankama.Dofus.Server.Game.Protocol.Client.Verification.ServerSessionReadyEvent			À_CLASSER	1098 candidats à égalité de forme dans Ankama.Dofus.Protocol.Game.dll — aucun élu sans preuve supplémentaire
		Com.Ankama.Dofus.Server.Game.Protocol.Common.ActorPositionInformation			À_CLASSER	0 candidat de même forme dans Ankama.Dofus.Protocol.Game.dll (forme=((((), ((),), ((((), ()),),)), (((),), ((),))),))
		Com.Ankama.Dofus.Server.Game.Protocol.Common.AlignmentInformation			À_CLASSER	1098 candidats à égalité de forme dans Ankama.Dofus.Protocol.Game.dll — aucun élu sans preuve supplémentaire
		Com.Ankama.Dofus.Server.Game.Protocol.Common.AllianceInformation			À_CLASSER	1098 candidats à égalité de forme dans Ankama.Dofus.Protocol.Game.dll — aucun élu sans preuve supplémentaire
		Com.Ankama.Dofus.Server.Game.Protocol.Common.BidActivity			À_CLASSER	1098 candidats à égalité de forme dans Ankama.Dofus.Protocol.Game.dll — aucun élu sans preuve supplémentaire
		Com.Ankama.Dofus.Server.Game.Protocol.Common.Challenge			À_CLASSER	1098 candidats à égalité de forme dans Ankama.Dofus.Protocol.Game.dll — aucun élu sans preuve supplémentaire
		Com.Ankama.Dofus.Server.Game.Protocol.Common.ChallengeTarget			À_CLASSER	1098 candidats à égalité de forme dans Ankama.Dofus.Protocol.Game.dll — aucun élu sans preuve supplémentaire
		Com.Ankama.Dofus.Server.Game.Protocol.Common.Character			À_CLASSER	0 candidat de même forme dans Ankama.Dofus.Protocol.Game.dll (forme=(((((),),), (((), ()),)),))
		Com.Ankama.Dofus.Server.Game.Protocol.Common.CharacterCharacteristicValue			À_CLASSER	1098 candidats à égalité de forme dans Ankama.Dofus.Protocol.Game.dll — aucun élu sans preuve supplémentaire
		Com.Ankama.Dofus.Server.Game.Protocol.Common.CharacterRemodelingInformation			À_CLASSER	1098 candidats à égalité de forme dans Ankama.Dofus.Protocol.Game.dll — aucun élu sans preuve supplémentaire
		Com.Ankama.Dofus.Server.Game.Protocol.Common.CharacterStatus			À_CLASSER	1098 candidats à égalité de forme dans Ankama.Dofus.Protocol.Game.dll — aucun élu sans preuve supplémentaire
		Com.Ankama.Dofus.Server.Game.Protocol.Common.CharacteristicsInfo			À_CLASSER	1098 candidats à égalité de forme dans Ankama.Dofus.Protocol.Game.dll — aucun élu sans preuve supplémentaire
		Com.Ankama.Dofus.Server.Game.Protocol.Common.EntityLook			À_CLASSER	1098 candidats à égalité de forme dans Ankama.Dofus.Protocol.Game.dll — aucun élu sans preuve supplémentaire
		Com.Ankama.Dofus.Server.Game.Protocol.Common.FightMark			À_CLASSER	354 candidats à égalité de forme dans Ankama.Dofus.Protocol.Game.dll — aucun élu sans preuve supplémentaire
		Com.Ankama.Dofus.Server.Game.Protocol.Common.FightPhaseInfo			À_CLASSER	1098 candidats à égalité de forme dans Ankama.Dofus.Protocol.Game.dll — aucun élu sans preuve supplémentaire
		Com.Ankama.Dofus.Server.Game.Protocol.Common.FightRemovableEffect			À_CLASSER	1098 candidats à égalité de forme dans Ankama.Dofus.Protocol.Game.dll — aucun élu sans preuve supplémentaire
		Com.Ankama.Dofus.Server.Game.Protocol.Common.FightResultListEntry			À_CLASSER	0 candidat de même forme dans Ankama.Dofus.Protocol.Game.dll (forme=(((),), ((((),),),)))
		Com.Ankama.Dofus.Server.Game.Protocol.Common.FightTeamLightInformation			À_CLASSER	1098 candidats à égalité de forme dans Ankama.Dofus.Protocol.Game.dll — aucun élu sans preuve supplémentaire
		Com.Ankama.Dofus.Server.Game.Protocol.Common.FightTeamMemberCharacter			À_CLASSER	1098 candidats à égalité de forme dans Ankama.Dofus.Protocol.Game.dll — aucun élu sans preuve supplémentaire
		Com.Ankama.Dofus.Server.Game.Protocol.Common.FightTeamMemberEntity			À_CLASSER	1098 candidats à égalité de forme dans Ankama.Dofus.Protocol.Game.dll — aucun élu sans preuve supplémentaire
		Com.Ankama.Dofus.Server.Game.Protocol.Common.FightTriggerPhaseEffect			À_CLASSER	1098 candidats à égalité de forme dans Ankama.Dofus.Protocol.Game.dll — aucun élu sans preuve supplémentaire
		Com.Ankama.Dofus.Server.Game.Protocol.Common.FighterEntityLightInformation			À_CLASSER	1098 candidats à égalité de forme dans Ankama.Dofus.Protocol.Game.dll — aucun élu sans preuve supplémentaire
		Com.Ankama.Dofus.Server.Game.Protocol.Common.GuildInformation			À_CLASSER	354 candidats à égalité de forme dans Ankama.Dofus.Protocol.Game.dll — aucun élu sans preuve supplémentaire
		Com.Ankama.Dofus.Server.Game.Protocol.Common.GuildLogbookEntry			À_CLASSER	2 candidats à égalité de forme dans Ankama.Dofus.Protocol.Game.dll — aucun élu sans preuve supplémentaire
		Com.Ankama.Dofus.Server.Game.Protocol.Common.House			À_CLASSER	1098 candidats à égalité de forme dans Ankama.Dofus.Protocol.Game.dll — aucun élu sans preuve supplémentaire
		Com.Ankama.Dofus.Server.Game.Protocol.Common.InteractiveElement			À_CLASSER	1098 candidats à égalité de forme dans Ankama.Dofus.Protocol.Game.dll — aucun élu sans preuve supplémentaire
		Com.Ankama.Dofus.Server.Game.Protocol.Common.ItemMinimalInformation			À_CLASSER	354 candidats à égalité de forme dans Ankama.Dofus.Protocol.Game.dll — aucun élu sans preuve supplémentaire
		Com.Ankama.Dofus.Server.Game.Protocol.Common.MapExtendedCoordinates			À_CLASSER	1098 candidats à égalité de forme dans Ankama.Dofus.Protocol.Game.dll — aucun élu sans preuve supplémentaire
		Com.Ankama.Dofus.Server.Game.Protocol.Common.ObjectEffect			À_CLASSER	73 candidats à égalité de forme dans Ankama.Dofus.Protocol.Game.dll — aucun élu sans preuve supplémentaire
		Com.Ankama.Dofus.Server.Game.Protocol.Common.ObjectGidWithQuantity			À_CLASSER	354 candidats à égalité de forme dans Ankama.Dofus.Protocol.Game.dll — aucun élu sans preuve supplémentaire
		Com.Ankama.Dofus.Server.Game.Protocol.Common.ObjectInRolePlay			À_CLASSER	1098 candidats à égalité de forme dans Ankama.Dofus.Protocol.Game.dll — aucun élu sans preuve supplémentaire
		Com.Ankama.Dofus.Server.Game.Protocol.Common.ObjectUidWithQuantity			À_CLASSER	1098 candidats à égalité de forme dans Ankama.Dofus.Protocol.Game.dll — aucun élu sans preuve supplémentaire
		Com.Ankama.Dofus.Server.Game.Protocol.Common.PartyEntity			À_CLASSER	1098 candidats à égalité de forme dans Ankama.Dofus.Protocol.Game.dll — aucun élu sans preuve supplémentaire
		Com.Ankama.Dofus.Server.Game.Protocol.Common.PlayerSearch			À_CLASSER	1098 candidats à égalité de forme dans Ankama.Dofus.Protocol.Game.dll — aucun élu sans preuve supplémentaire
		Com.Ankama.Dofus.Server.Game.Protocol.Common.PrismCristal			À_CLASSER	1098 candidats à égalité de forme dans Ankama.Dofus.Protocol.Game.dll — aucun élu sans preuve supplémentaire
		Com.Ankama.Dofus.Server.Game.Protocol.Common.PrismInformation			À_CLASSER	1098 candidats à égalité de forme dans Ankama.Dofus.Protocol.Game.dll — aucun élu sans preuve supplémentaire
		Com.Ankama.Dofus.Server.Game.Protocol.Common.RankInformation			À_CLASSER	354 candidats à égalité de forme dans Ankama.Dofus.Protocol.Game.dll — aucun élu sans preuve supplémentaire
		Com.Ankama.Dofus.Server.Game.Protocol.Common.ShortcutSpell			À_CLASSER	1098 candidats à égalité de forme dans Ankama.Dofus.Protocol.Game.dll — aucun élu sans preuve supplémentaire
		Com.Ankama.Dofus.Server.Game.Protocol.Common.SocialApplicationInformation			À_CLASSER	1098 candidats à égalité de forme dans Ankama.Dofus.Protocol.Game.dll — aucun élu sans preuve supplémentaire
		Com.Ankama.Dofus.Server.Game.Protocol.Common.SocialFightInformation			À_CLASSER	1098 candidats à égalité de forme dans Ankama.Dofus.Protocol.Game.dll — aucun élu sans preuve supplémentaire
		Com.Ankama.Dofus.Server.Game.Protocol.Common.SubEntityInformation			À_CLASSER	1098 candidats à égalité de forme dans Ankama.Dofus.Protocol.Game.dll — aucun élu sans preuve supplémentaire
		Com.Ankama.Dofus.Server.Game.Protocol.Common.TaxCollectorComplementaryInformation			À_CLASSER	1098 candidats à égalité de forme dans Ankama.Dofus.Protocol.Game.dll — aucun élu sans preuve supplémentaire
		Com.Ankama.Dofus.Server.Game.Protocol.Config.GuildConfiguration			À_CLASSER	354 candidats à égalité de forme dans Ankama.Dofus.Protocol.Game.dll — aucun élu sans preuve supplémentaire
		Com.Ankama.Dofus.Server.Game.Protocol.Connection.PongEvent			À_CLASSER	1098 candidats à égalité de forme dans Ankama.Dofus.Protocol.Game.dll — aucun élu sans preuve supplémentaire
		Com.Ankama.Dofus.Server.Game.Protocol.Contact.AcquaintanceInformation			À_CLASSER	354 candidats à égalité de forme dans Ankama.Dofus.Protocol.Game.dll — aucun élu sans preuve supplémentaire
		Com.Ankama.Dofus.Server.Game.Protocol.Contact.AddContactFailureEvent			À_CLASSER	1098 candidats à égalité de forme dans Ankama.Dofus.Protocol.Game.dll — aucun élu sans preuve supplémentaire
		Com.Ankama.Dofus.Server.Game.Protocol.Contact.BlockEvent			À_CLASSER	354 candidats à égalité de forme dans Ankama.Dofus.Protocol.Game.dll — aucun élu sans preuve supplémentaire
		Com.Ankama.Dofus.Server.Game.Protocol.Contact.BlockListRequest			À_CLASSER	1098 candidats à égalité de forme dans Ankama.Dofus.Protocol.Game.dll — aucun élu sans preuve supplémentaire
		Com.Ankama.Dofus.Server.Game.Protocol.Contact.ContactInformation			À_CLASSER	1098 candidats à égalité de forme dans Ankama.Dofus.Protocol.Game.dll — aucun élu sans preuve supplémentaire
		Com.Ankama.Dofus.Server.Game.Protocol.Contact.ContactWarnOnPermanentDeathSetRequest			À_CLASSER	1098 candidats à égalité de forme dans Ankama.Dofus.Protocol.Game.dll — aucun élu sans preuve supplémentaire
		Com.Ankama.Dofus.Server.Game.Protocol.Contact.FriendAddRequest			À_CLASSER	1098 candidats à égalité de forme dans Ankama.Dofus.Protocol.Game.dll — aucun élu sans preuve supplémentaire
		Com.Ankama.Dofus.Server.Game.Protocol.Contact.FriendInformation			À_CLASSER	354 candidats à égalité de forme dans Ankama.Dofus.Protocol.Game.dll — aucun élu sans preuve supplémentaire
		Com.Ankama.Dofus.Server.Game.Protocol.Contact.FriendListEvent			À_CLASSER	1098 candidats à égalité de forme dans Ankama.Dofus.Protocol.Game.dll — aucun élu sans preuve supplémentaire
		Com.Ankama.Dofus.Server.Game.Protocol.Contact.FriendSetStatusShareRequest			À_CLASSER	1098 candidats à égalité de forme dans Ankama.Dofus.Protocol.Game.dll — aucun élu sans preuve supplémentaire
		Com.Ankama.Dofus.Server.Game.Protocol.Contact.IgnoreEvent			À_CLASSER	354 candidats à égalité de forme dans Ankama.Dofus.Protocol.Game.dll — aucun élu sans preuve supplémentaire
		Com.Ankama.Dofus.Server.Game.Protocol.Contact.IgnoreRequest			À_CLASSER	1098 candidats à égalité de forme dans Ankama.Dofus.Protocol.Game.dll — aucun élu sans preuve supplémentaire
		Com.Ankama.Dofus.Server.Game.Protocol.Contact.UnBlockEvent			À_CLASSER	354 candidats à égalité de forme dans Ankama.Dofus.Protocol.Game.dll — aucun élu sans preuve supplémentaire
		Com.Ankama.Dofus.Server.Game.Protocol.Contact.UnIgnoreEvent			À_CLASSER	354 candidats à égalité de forme dans Ankama.Dofus.Protocol.Game.dll — aucun élu sans preuve supplémentaire
		Com.Ankama.Dofus.Server.Game.Protocol.Contact.UnIgnoreRequest			À_CLASSER	1098 candidats à égalité de forme dans Ankama.Dofus.Protocol.Game.dll — aucun élu sans preuve supplémentaire
		Com.Ankama.Dofus.Server.Game.Protocol.Contact.WarnOnPermanentDeathStateEvent			À_CLASSER	1098 candidats à égalité de forme dans Ankama.Dofus.Protocol.Game.dll — aucun élu sans preuve supplémentaire
		Com.Ankama.Dofus.Server.Game.Protocol.Context.ContextCreationEvent			À_CLASSER	1098 candidats à égalité de forme dans Ankama.Dofus.Protocol.Game.dll — aucun élu sans preuve supplémentaire
		Com.Ankama.Dofus.Server.Game.Protocol.Context.ContextQuitRequest			À_CLASSER	1098 candidats à égalité de forme dans Ankama.Dofus.Protocol.Game.dll — aucun élu sans preuve supplémentaire
		Com.Ankama.Dofus.Server.Game.Protocol.Context.ContextRemoveElementEvent			À_CLASSER	1098 candidats à égalité de forme dans Ankama.Dofus.Protocol.Game.dll — aucun élu sans preuve supplémentaire
		Com.Ankama.Dofus.Server.Game.Protocol.Context.RefreshMonsterBoostsEvent			À_CLASSER	1098 candidats à égalité de forme dans Ankama.Dofus.Protocol.Game.dll — aucun élu sans preuve supplémentaire
		Com.Ankama.Dofus.Server.Game.Protocol.Context.ShowCellRequest			À_CLASSER	1098 candidats à égalité de forme dans Ankama.Dofus.Protocol.Game.dll — aucun élu sans preuve supplémentaire
		Com.Ankama.Dofus.Server.Game.Protocol.Cosmetic.CharacterAppearancesRequest			À_CLASSER	1098 candidats à égalité de forme dans Ankama.Dofus.Protocol.Game.dll — aucun élu sans preuve supplémentaire
		Com.Ankama.Dofus.Server.Game.Protocol.Cosmetic.CharacterAppearancesResponse			À_CLASSER	1098 candidats à égalité de forme dans Ankama.Dofus.Protocol.Game.dll — aucun élu sans preuve supplémentaire
		Com.Ankama.Dofus.Server.Game.Protocol.Cosmetic.CharacterFillSlotColorsResponse			À_CLASSER	1098 candidats à égalité de forme dans Ankama.Dofus.Protocol.Game.dll — aucun élu sans preuve supplémentaire
		Com.Ankama.Dofus.Server.Game.Protocol.Cosmetic.CharacterUpdateColorsRequest			À_CLASSER	1098 candidats à égalité de forme dans Ankama.Dofus.Protocol.Game.dll — aucun élu sans preuve supplémentaire
		Com.Ankama.Dofus.Server.Game.Protocol.Cosmetic.CharacterUpdatedGenderEvent			À_CLASSER	1098 candidats à égalité de forme dans Ankama.Dofus.Protocol.Game.dll — aucun élu sans preuve supplémentaire
		Com.Ankama.Dofus.Server.Game.Protocol.Cosmetic.CosmeticInventoriesLoadedEvent			À_CLASSER	1098 candidats à égalité de forme dans Ankama.Dofus.Protocol.Game.dll — aucun élu sans preuve supplémentaire
		Com.Ankama.Dofus.Server.Game.Protocol.Cosmetic.CosmeticInventoryPopObjectsResponse			À_CLASSER	1098 candidats à égalité de forme dans Ankama.Dofus.Protocol.Game.dll — aucun élu sans preuve supplémentaire
		Com.Ankama.Dofus.Server.Game.Protocol.Cosmetic.Outfit			À_CLASSER	1098 candidats à égalité de forme dans Ankama.Dofus.Protocol.Game.dll — aucun élu sans preuve supplémentaire
		Com.Ankama.Dofus.Server.Game.Protocol.Cosmetic.OutfitDraftResponse			À_CLASSER	1098 candidats à égalité de forme dans Ankama.Dofus.Protocol.Game.dll — aucun élu sans preuve supplémentaire
		Com.Ankama.Dofus.Server.Game.Protocol.Cosmetic.OutfitEquipAuraRequest			À_CLASSER	1098 candidats à égalité de forme dans Ankama.Dofus.Protocol.Game.dll — aucun élu sans preuve supplémentaire
		Com.Ankama.Dofus.Server.Game.Protocol.Cosmetic.OutfitEquipFaceResponse			À_CLASSER	1098 candidats à égalité de forme dans Ankama.Dofus.Protocol.Game.dll — aucun élu sans preuve supplémentaire
		Com.Ankama.Dofus.Server.Game.Protocol.Cosmetic.OutfitEquipObjectResponse			À_CLASSER	1098 candidats à égalité de forme dans Ankama.Dofus.Protocol.Game.dll — aucun élu sans preuve supplémentaire
		Com.Ankama.Dofus.Server.Game.Protocol.Cosmetic.OutfitEquipRequest			À_CLASSER	1098 candidats à égalité de forme dans Ankama.Dofus.Protocol.Game.dll — aucun élu sans preuve supplémentaire
		Com.Ankama.Dofus.Server.Game.Protocol.Cosmetic.OutfitEquipResponse			À_CLASSER	1098 candidats à égalité de forme dans Ankama.Dofus.Protocol.Game.dll — aucun élu sans preuve supplémentaire
		Com.Ankama.Dofus.Server.Game.Protocol.Cosmetic.OutfitInvisibilityActivationRequest			À_CLASSER	1098 candidats à égalité de forme dans Ankama.Dofus.Protocol.Game.dll — aucun élu sans preuve supplémentaire
		Com.Ankama.Dofus.Server.Game.Protocol.Cosmetic.OutfitInvisibilityActivationResponse			À_CLASSER	1098 candidats à égalité de forme dans Ankama.Dofus.Protocol.Game.dll — aucun élu sans preuve supplémentaire
		Com.Ankama.Dofus.Server.Game.Protocol.Cosmetic.OutfitRemoveRequest			À_CLASSER	1098 candidats à égalité de forme dans Ankama.Dofus.Protocol.Game.dll — aucun élu sans preuve supplémentaire
		Com.Ankama.Dofus.Server.Game.Protocol.Cosmetic.OutfitUpdateResponse			À_CLASSER	1098 candidats à égalité de forme dans Ankama.Dofus.Protocol.Game.dll — aucun élu sans preuve supplémentaire
		Com.Ankama.Dofus.Server.Game.Protocol.Debt.DebtsDeleteEvent			À_CLASSER	1098 candidats à égalité de forme dans Ankama.Dofus.Protocol.Game.dll — aucun élu sans preuve supplémentaire
		Com.Ankama.Dofus.Server.Game.Protocol.Debt.DebtsUpdateEvent			À_CLASSER	1098 candidats à égalité de forme dans Ankama.Dofus.Protocol.Game.dll — aucun élu sans preuve supplémentaire
		Com.Ankama.Dofus.Server.Game.Protocol.Debug.DebugHighlightCellsEvent			À_CLASSER	1098 candidats à égalité de forme dans Ankama.Dofus.Protocol.Game.dll — aucun élu sans preuve supplémentaire
		Com.Ankama.Dofus.Server.Game.Protocol.Debug.DebugInClientEvent			À_CLASSER	1098 candidats à égalité de forme dans Ankama.Dofus.Protocol.Game.dll — aucun élu sans preuve supplémentaire
		Com.Ankama.Dofus.Server.Game.Protocol.Dialog.ChangeAppearanceDialogLeave			À_CLASSER	1098 candidats à égalité de forme dans Ankama.Dofus.Protocol.Game.dll — aucun élu sans preuve supplémentaire
		Com.Ankama.Dofus.Server.Game.Protocol.Dialog.ChangeAppearanceDialogStart			À_CLASSER	1098 candidats à égalité de forme dans Ankama.Dofus.Protocol.Game.dll — aucun élu sans preuve supplémentaire
		Com.Ankama.Dofus.Server.Game.Protocol.Dialog.DialogLeaveEvent			À_CLASSER	1098 candidats à égalité de forme dans Ankama.Dofus.Protocol.Game.dll — aucun élu sans preuve supplémentaire
		Com.Ankama.Dofus.Server.Game.Protocol.Dungeon.DungeonJoinMatchmakingRequest			À_CLASSER	1098 candidats à égalité de forme dans Ankama.Dofus.Protocol.Game.dll — aucun élu sans preuve supplémentaire
		Com.Ankama.Dofus.Server.Game.Protocol.Dungeon.DungeonJoinMatchmakingResponse			À_CLASSER	354 candidats à égalité de forme dans Ankama.Dofus.Protocol.Game.dll — aucun élu sans preuve supplémentaire
		Com.Ankama.Dofus.Server.Game.Protocol.Dungeon.DungeonMatchmakingAcceptDungeonResponse			À_CLASSER	1098 candidats à égalité de forme dans Ankama.Dofus.Protocol.Game.dll — aucun élu sans preuve supplémentaire
		Com.Ankama.Dofus.Server.Game.Protocol.Dungeon.DungeonMatchmakingBanEvent			À_CLASSER	1098 candidats à égalité de forme dans Ankama.Dofus.Protocol.Game.dll — aucun élu sans preuve supplémentaire
		Com.Ankama.Dofus.Server.Game.Protocol.Dungeon.DungeonMatchmakingExitEvent			À_CLASSER	1098 candidats à égalité de forme dans Ankama.Dofus.Protocol.Game.dll — aucun élu sans preuve supplémentaire
		Com.Ankama.Dofus.Server.Game.Protocol.Dungeon.DungeonMatchmakingInformationResponse			À_CLASSER	354 candidats à égalité de forme dans Ankama.Dofus.Protocol.Game.dll — aucun élu sans preuve supplémentaire
		Com.Ankama.Dofus.Server.Game.Protocol.Dungeon.DungeonMatchmakingInvitationResultEvent			À_CLASSER	354 candidats à égalité de forme dans Ankama.Dofus.Protocol.Game.dll — aucun élu sans preuve supplémentaire
		Com.Ankama.Dofus.Server.Game.Protocol.Dungeon.DungeonMatchmakingInvitationStatesEvent			À_CLASSER	1098 candidats à égalité de forme dans Ankama.Dofus.Protocol.Game.dll — aucun élu sans preuve supplémentaire
		Com.Ankama.Dofus.Server.Game.Protocol.Dungeon.DungeonMatchmakingJoinedEvent			À_CLASSER	1098 candidats à égalité de forme dans Ankama.Dofus.Protocol.Game.dll — aucun élu sans preuve supplémentaire
		Com.Ankama.Dofus.Server.Game.Protocol.Dungeon.DungeonMatchmakingRefuseDungeonRequest			À_CLASSER	1098 candidats à égalité de forme dans Ankama.Dofus.Protocol.Game.dll — aucun élu sans preuve supplémentaire
		Com.Ankama.Dofus.Server.Game.Protocol.Dungeon.DungeonSurrenderCooldownEvent			À_CLASSER	1098 candidats à égalité de forme dans Ankama.Dofus.Protocol.Game.dll — aucun élu sans preuve supplémentaire
		Com.Ankama.Dofus.Server.Game.Protocol.Dungeon.DungeonSurrenderEndedEvent			À_CLASSER	1098 candidats à égalité de forme dans Ankama.Dofus.Protocol.Game.dll — aucun élu sans preuve supplémentaire
		Com.Ankama.Dofus.Server.Game.Protocol.Element.LockableCodeResultEvent			À_CLASSER	1098 candidats à égalité de forme dans Ankama.Dofus.Protocol.Game.dll — aucun élu sans preuve supplémentaire
		Com.Ankama.Dofus.Server.Game.Protocol.Element.LockableShowCodeDialogEvent			À_CLASSER	1098 candidats à égalité de forme dans Ankama.Dofus.Protocol.Game.dll — aucun élu sans preuve supplémentaire
		Com.Ankama.Dofus.Server.Game.Protocol.Element.PurchasableDialogEvent			À_CLASSER	1098 candidats à égalité de forme dans Ankama.Dofus.Protocol.Game.dll — aucun élu sans preuve supplémentaire
		Com.Ankama.Dofus.Server.Game.Protocol.Emote.EmotePlayEvent			À_CLASSER	1098 candidats à égalité de forme dans Ankama.Dofus.Protocol.Game.dll — aucun élu sans preuve supplémentaire
		Com.Ankama.Dofus.Server.Game.Protocol.Exchange.DecraftResultEvent			À_CLASSER	354 candidats à égalité de forme dans Ankama.Dofus.Protocol.Game.dll — aucun élu sans preuve supplémentaire
		Com.Ankama.Dofus.Server.Game.Protocol.Exchange.ExchangeBidHouseBuyResultEvent			À_CLASSER	1098 candidats à égalité de forme dans Ankama.Dofus.Protocol.Game.dll — aucun élu sans preuve supplémentaire
		Com.Ankama.Dofus.Server.Game.Protocol.Exchange.ExchangeBidHouseInListUpdatedEvent			À_CLASSER	1098 candidats à égalité de forme dans Ankama.Dofus.Protocol.Game.dll — aucun élu sans preuve supplémentaire
		Com.Ankama.Dofus.Server.Game.Protocol.Exchange.ExchangeBidHouseListRequest			À_CLASSER	1098 candidats à égalité de forme dans Ankama.Dofus.Protocol.Game.dll — aucun élu sans preuve supplémentaire
		Com.Ankama.Dofus.Server.Game.Protocol.Exchange.ExchangeBidHouseTypeRequest			À_CLASSER	1098 candidats à égalité de forme dans Ankama.Dofus.Protocol.Game.dll — aucun élu sans preuve supplémentaire
		Com.Ankama.Dofus.Server.Game.Protocol.Exchange.ExchangeBidPriceEvent			À_CLASSER	1098 candidats à égalité de forme dans Ankama.Dofus.Protocol.Game.dll — aucun élu sans preuve supplémentaire
		Com.Ankama.Dofus.Server.Game.Protocol.Exchange.ExchangeBidSellerStartedEvent			À_CLASSER	1098 candidats à égalité de forme dans Ankama.Dofus.Protocol.Game.dll — aucun élu sans preuve supplémentaire
		Com.Ankama.Dofus.Server.Game.Protocol.Exchange.ExchangeBoughtEvent			À_CLASSER	1098 candidats à égalité de forme dans Ankama.Dofus.Protocol.Game.dll — aucun élu sans preuve supplémentaire
		Com.Ankama.Dofus.Server.Game.Protocol.Exchange.ExchangeCraftResultEvent			À_CLASSER	354 candidats à égalité de forme dans Ankama.Dofus.Protocol.Game.dll — aucun élu sans preuve supplémentaire
		Com.Ankama.Dofus.Server.Game.Protocol.Exchange.ExchangeErrorEvent			À_CLASSER	1098 candidats à égalité de forme dans Ankama.Dofus.Protocol.Game.dll — aucun élu sans preuve supplémentaire
		Com.Ankama.Dofus.Server.Game.Protocol.Exchange.ExchangeItemAutoCraftStoppedEvent			À_CLASSER	1098 candidats à égalité de forme dans Ankama.Dofus.Protocol.Game.dll — aucun élu sans preuve supplémentaire
		Com.Ankama.Dofus.Server.Game.Protocol.Exchange.ExchangeLeaveEvent			À_CLASSER	1098 candidats à égalité de forme dans Ankama.Dofus.Protocol.Game.dll — aucun élu sans preuve supplémentaire
		Com.Ankama.Dofus.Server.Game.Protocol.Exchange.ExchangeMoneyMovementLimitEvent			À_CLASSER	1098 candidats à égalité de forme dans Ankama.Dofus.Protocol.Game.dll — aucun élu sans preuve supplémentaire
		Com.Ankama.Dofus.Server.Game.Protocol.Exchange.ExchangeObjectPutInBagEvent			À_CLASSER	1098 candidats à égalité de forme dans Ankama.Dofus.Protocol.Game.dll — aucun élu sans preuve supplémentaire
		Com.Ankama.Dofus.Server.Game.Protocol.Exchange.ExchangeObjectRemovedEvent			À_CLASSER	1098 candidats à égalité de forme dans Ankama.Dofus.Protocol.Game.dll — aucun élu sans preuve supplémentaire
		Com.Ankama.Dofus.Server.Game.Protocol.Exchange.ExchangeObjectTransferListWithQuantityToInventoryRequest			À_CLASSER	1098 candidats à égalité de forme dans Ankama.Dofus.Protocol.Game.dll — aucun élu sans preuve supplémentaire
		Com.Ankama.Dofus.Server.Game.Protocol.Exchange.ExchangeObjectUseInWorkshopRequest			À_CLASSER	1098 candidats à égalité de forme dans Ankama.Dofus.Protocol.Game.dll — aucun élu sans preuve supplémentaire
		Com.Ankama.Dofus.Server.Game.Protocol.Exchange.ExchangeObjectsSellRequest			À_CLASSER	1098 candidats à égalité de forme dans Ankama.Dofus.Protocol.Game.dll — aucun élu sans preuve supplémentaire
		Com.Ankama.Dofus.Server.Game.Protocol.Exchange.ExchangeReadyEvent			À_CLASSER	1098 candidats à égalité de forme dans Ankama.Dofus.Protocol.Game.dll — aucun élu sans preuve supplémentaire
		Com.Ankama.Dofus.Server.Game.Protocol.Exchange.ExchangeRequestedTradeEvent			À_CLASSER	1098 candidats à égalité de forme dans Ankama.Dofus.Protocol.Game.dll — aucun élu sans preuve supplémentaire
		Com.Ankama.Dofus.Server.Game.Protocol.Exchange.ExchangeStartedWithPodsEvent			À_CLASSER	1098 candidats à égalité de forme dans Ankama.Dofus.Protocol.Game.dll — aucun élu sans preuve supplémentaire
		Com.Ankama.Dofus.Server.Game.Protocol.Exchange.ExchangeTypesItemsExchangerDescriptionForUserEvent			À_CLASSER	354 candidats à égalité de forme dans Ankama.Dofus.Protocol.Game.dll — aucun élu sans preuve supplémentaire
		Com.Ankama.Dofus.Server.Game.Protocol.Exchange.ExchangeWeightEvent			À_CLASSER	1098 candidats à égalité de forme dans Ankama.Dofus.Protocol.Game.dll — aucun élu sans preuve supplémentaire
		Com.Ankama.Dofus.Server.Game.Protocol.Exchange.RecycleResultEvent			À_CLASSER	1098 candidats à égalité de forme dans Ankama.Dofus.Protocol.Game.dll — aucun élu sans preuve supplémentaire
		Com.Ankama.Dofus.Server.Game.Protocol.Fight.DetailedStatistics			À_CLASSER	354 candidats à égalité de forme dans Ankama.Dofus.Protocol.Game.dll — aucun élu sans preuve supplémentaire
		Com.Ankama.Dofus.Server.Game.Protocol.Fight.FightChallengeJoinRefuseEvent			À_CLASSER	1098 candidats à égalité de forme dans Ankama.Dofus.Protocol.Game.dll — aucun élu sans preuve supplémentaire
		Com.Ankama.Dofus.Server.Game.Protocol.Fight.FightControlEvent			À_CLASSER	1098 candidats à égalité de forme dans Ankama.Dofus.Protocol.Game.dll — aucun élu sans preuve supplémentaire
		Com.Ankama.Dofus.Server.Game.Protocol.Fight.FightMapContext			À_CLASSER	1098 candidats à égalité de forme dans Ankama.Dofus.Protocol.Game.dll — aucun élu sans preuve supplémentaire
		Com.Ankama.Dofus.Server.Game.Protocol.Fight.FightResume			À_CLASSER	1098 candidats à égalité de forme dans Ankama.Dofus.Protocol.Game.dll — aucun élu sans preuve supplémentaire
		Com.Ankama.Dofus.Server.Game.Protocol.Fight.FightScenarioEvent			À_CLASSER	1098 candidats à égalité de forme dans Ankama.Dofus.Protocol.Game.dll — aucun élu sans preuve supplémentaire
		Com.Ankama.Dofus.Server.Game.Protocol.Fight.FightTurnReadyRequest			À_CLASSER	1098 candidats à égalité de forme dans Ankama.Dofus.Protocol.Game.dll — aucun élu sans preuve supplémentaire
		Com.Ankama.Dofus.Server.Game.Protocol.Fight.FightTurnStartPlayingEvent			À_CLASSER	1098 candidats à égalité de forme dans Ankama.Dofus.Protocol.Game.dll — aucun élu sans preuve supplémentaire
		Com.Ankama.Dofus.Server.Game.Protocol.Fight.FighterIdentity			À_CLASSER	354 candidats à égalité de forme dans Ankama.Dofus.Protocol.Game.dll — aucun élu sans preuve supplémentaire
		Com.Ankama.Dofus.Server.Game.Protocol.Fight.FighterResumeInfo			À_CLASSER	1098 candidats à égalité de forme dans Ankama.Dofus.Protocol.Game.dll — aucun élu sans preuve supplémentaire
		Com.Ankama.Dofus.Server.Game.Protocol.Fight.Preparation.FightHumanReadyStateEvent			À_CLASSER	1098 candidats à égalité de forme dans Ankama.Dofus.Protocol.Game.dll — aucun élu sans preuve supplémentaire
		Com.Ankama.Dofus.Server.Game.Protocol.Fight.Preparation.FightJoinRequest			À_CLASSER	1098 candidats à égalité de forme dans Ankama.Dofus.Protocol.Game.dll — aucun élu sans preuve supplémentaire
		Com.Ankama.Dofus.Server.Game.Protocol.Fight.Preparation.FightOptionUpdateEvent			À_CLASSER	1098 candidats à égalité de forme dans Ankama.Dofus.Protocol.Game.dll — aucun élu sans preuve supplémentaire
		Com.Ankama.Dofus.Server.Game.Protocol.Fight.Preparation.FightPlacementSwapPositionsAcceptRequest			À_CLASSER	1098 candidats à égalité de forme dans Ankama.Dofus.Protocol.Game.dll — aucun élu sans preuve supplémentaire
		Com.Ankama.Dofus.Server.Game.Protocol.Fight.Preparation.FightSpectatePlayerRequest			À_CLASSER	1098 candidats à égalité de forme dans Ankama.Dofus.Protocol.Game.dll — aucun élu sans preuve supplémentaire
		Com.Ankama.Dofus.Server.Game.Protocol.Fight.TimelineRefreshEvent			À_CLASSER	1098 candidats à égalité de forme dans Ankama.Dofus.Protocol.Game.dll — aucun élu sans preuve supplémentaire
		Com.Ankama.Dofus.Server.Game.Protocol.Game.Action.EntitySpawnInformation			À_CLASSER	1098 candidats à égalité de forme dans Ankama.Dofus.Protocol.Game.dll — aucun élu sans preuve supplémentaire
		Com.Ankama.Dofus.Server.Game.Protocol.Game.Action.GameActionFightCastRequest			À_CLASSER	1098 candidats à égalité de forme dans Ankama.Dofus.Protocol.Game.dll — aucun élu sans preuve supplémentaire
		Com.Ankama.Dofus.Server.Game.Protocol.Game.Action.GameActionFightEvent			À_CLASSER	0 candidat de même forme dans Ankama.Dofus.Protocol.Game.dll (forme=((), (), (), (), (), (), (), (), (), ((),)))
		Com.Ankama.Dofus.Server.Game.Protocol.Game.Action.GameActionItemConsumeRequest			À_CLASSER	1098 candidats à égalité de forme dans Ankama.Dofus.Protocol.Game.dll — aucun élu sans preuve supplémentaire
		Com.Ankama.Dofus.Server.Game.Protocol.Game.Action.GameActionItemListEvent			À_CLASSER	1098 candidats à égalité de forme dans Ankama.Dofus.Protocol.Game.dll — aucun élu sans preuve supplémentaire
		Com.Ankama.Dofus.Server.Game.Protocol.Game.Action.GameActionUpdateEffectTriggerCountEvent			À_CLASSER	354 candidats à égalité de forme dans Ankama.Dofus.Protocol.Game.dll — aucun élu sans preuve supplémentaire
		Com.Ankama.Dofus.Server.Game.Protocol.Gamemap.ColoredCell			À_CLASSER	1098 candidats à égalité de forme dans Ankama.Dofus.Protocol.Game.dll — aucun élu sans preuve supplémentaire
		Com.Ankama.Dofus.Server.Game.Protocol.Gamemap.GameRolePlayShowActorsEvent			À_CLASSER	1098 candidats à égalité de forme dans Ankama.Dofus.Protocol.Game.dll — aucun élu sans preuve supplémentaire
		Com.Ankama.Dofus.Server.Game.Protocol.Gamemap.GuildHallAvailableThemesRefreshEvent			À_CLASSER	1098 candidats à égalité de forme dans Ankama.Dofus.Protocol.Game.dll — aucun élu sans preuve supplémentaire
		Com.Ankama.Dofus.Server.Game.Protocol.Gamemap.MapComplementaryHavenBagInformation			À_CLASSER	1098 candidats à égalité de forme dans Ankama.Dofus.Protocol.Game.dll — aucun élu sans preuve supplémentaire
		Com.Ankama.Dofus.Server.Game.Protocol.Gamemap.MapCurrentEvent			À_CLASSER	1098 candidats à égalité de forme dans Ankama.Dofus.Protocol.Game.dll — aucun élu sans preuve supplémentaire
		Com.Ankama.Dofus.Server.Game.Protocol.Gamemap.MapCurrentInstanceEvent			À_CLASSER	1098 candidats à égalité de forme dans Ankama.Dofus.Protocol.Game.dll — aucun élu sans preuve supplémentaire
		Com.Ankama.Dofus.Server.Game.Protocol.Gamemap.MapErrorNotFoundRequest			À_CLASSER	1098 candidats à égalité de forme dans Ankama.Dofus.Protocol.Game.dll — aucun élu sans preuve supplémentaire
		Com.Ankama.Dofus.Server.Game.Protocol.Gamemap.MapMovementConfirmRequest			À_CLASSER	1098 candidats à égalité de forme dans Ankama.Dofus.Protocol.Game.dll — aucun élu sans preuve supplémentaire
		Com.Ankama.Dofus.Server.Game.Protocol.Gamemap.MapMovementConfirmResponse			À_CLASSER	1098 candidats à égalité de forme dans Ankama.Dofus.Protocol.Game.dll — aucun élu sans preuve supplémentaire
		Com.Ankama.Dofus.Server.Game.Protocol.Gamemap.MapMovementEvent			À_CLASSER	1098 candidats à égalité de forme dans Ankama.Dofus.Protocol.Game.dll — aucun élu sans preuve supplémentaire
		Com.Ankama.Dofus.Server.Game.Protocol.Gamemap.MapObstacle			À_CLASSER	1098 candidats à égalité de forme dans Ankama.Dofus.Protocol.Game.dll — aucun élu sans preuve supplémentaire
		Com.Ankama.Dofus.Server.Game.Protocol.Gamemap.MapRunningFightStopListeningRequest			À_CLASSER	1098 candidats à égalité de forme dans Ankama.Dofus.Protocol.Game.dll — aucun élu sans preuve supplémentaire
		Com.Ankama.Dofus.Server.Game.Protocol.Gamemap.MyGuildHall			À_CLASSER	1098 candidats à égalité de forme dans Ankama.Dofus.Protocol.Game.dll — aucun élu sans preuve supplémentaire
		Com.Ankama.Dofus.Server.Game.Protocol.Gamemap.OtherGuildHall			À_CLASSER	1098 candidats à égalité de forme dans Ankama.Dofus.Protocol.Game.dll — aucun élu sans preuve supplémentaire
		Com.Ankama.Dofus.Server.Game.Protocol.Group.Search.FreeBlacklistedPlayerResponse			À_CLASSER	1098 candidats à égalité de forme dans Ankama.Dofus.Protocol.Game.dll — aucun élu sans preuve supplémentaire
		Com.Ankama.Dofus.Server.Game.Protocol.Group.Search.LobbyApplyAnswerResponse			À_CLASSER	1098 candidats à égalité de forme dans Ankama.Dofus.Protocol.Game.dll — aucun élu sans preuve supplémentaire
		Com.Ankama.Dofus.Server.Game.Protocol.Group.Search.LobbyApplyReceivedEvent			À_CLASSER	1098 candidats à égalité de forme dans Ankama.Dofus.Protocol.Game.dll — aucun élu sans preuve supplémentaire
		Com.Ankama.Dofus.Server.Game.Protocol.Group.Search.LobbyApplyResponse			À_CLASSER	1098 candidats à égalité de forme dans Ankama.Dofus.Protocol.Game.dll — aucun élu sans preuve supplémentaire
		Com.Ankama.Dofus.Server.Game.Protocol.Group.Search.LobbyBlacklistFreeEvent			À_CLASSER	1098 candidats à égalité de forme dans Ankama.Dofus.Protocol.Game.dll — aucun élu sans preuve supplémentaire
		Com.Ankama.Dofus.Server.Game.Protocol.Group.Search.LobbyDeletionResponse			À_CLASSER	1098 candidats à égalité de forme dans Ankama.Dofus.Protocol.Game.dll — aucun élu sans preuve supplémentaire
		Com.Ankama.Dofus.Server.Game.Protocol.Group.Search.LobbyEditionRequest			À_CLASSER	1098 candidats à égalité de forme dans Ankama.Dofus.Protocol.Game.dll — aucun élu sans preuve supplémentaire
		Com.Ankama.Dofus.Server.Game.Protocol.Group.Search.LobbyFilterCardRequest			À_CLASSER	1098 candidats à égalité de forme dans Ankama.Dofus.Protocol.Game.dll — aucun élu sans preuve supplémentaire
		Com.Ankama.Dofus.Server.Game.Protocol.Group.Search.LobbyFilteredCardResponse			À_CLASSER	354 candidats à égalité de forme dans Ankama.Dofus.Protocol.Game.dll — aucun élu sans preuve supplémentaire
		Com.Ankama.Dofus.Server.Game.Protocol.Group.Search.LobbyLeaveRequest			À_CLASSER	1098 candidats à égalité de forme dans Ankama.Dofus.Protocol.Game.dll — aucun élu sans preuve supplémentaire
		Com.Ankama.Dofus.Server.Game.Protocol.Group.Search.LobbyLeaveResponse			À_CLASSER	1098 candidats à égalité de forme dans Ankama.Dofus.Protocol.Game.dll — aucun élu sans preuve supplémentaire
		Com.Ankama.Dofus.Server.Game.Protocol.Group.Search.LobbyListRequest			À_CLASSER	1098 candidats à égalité de forme dans Ankama.Dofus.Protocol.Game.dll — aucun élu sans preuve supplémentaire
		Com.Ankama.Dofus.Server.Game.Protocol.Group.Search.LobbyListResponse			À_CLASSER	1098 candidats à égalité de forme dans Ankama.Dofus.Protocol.Game.dll — aucun élu sans preuve supplémentaire
		Com.Ankama.Dofus.Server.Game.Protocol.Group.Search.LobbyListenStopRequest			À_CLASSER	1098 candidats à égalité de forme dans Ankama.Dofus.Protocol.Game.dll — aucun élu sans preuve supplémentaire
		Com.Ankama.Dofus.Server.Game.Protocol.Group.Search.LobbyMemberKickResponse			À_CLASSER	1098 candidats à égalité de forme dans Ankama.Dofus.Protocol.Game.dll — aucun élu sans preuve supplémentaire
		Com.Ankama.Dofus.Server.Game.Protocol.Group.Search.OwnedLobby			À_CLASSER	1098 candidats à égalité de forme dans Ankama.Dofus.Protocol.Game.dll — aucun élu sans preuve supplémentaire
		Com.Ankama.Dofus.Server.Game.Protocol.Group.Search.SubscribedLobby			À_CLASSER	1098 candidats à égalité de forme dans Ankama.Dofus.Protocol.Game.dll — aucun élu sans preuve supplémentaire
		Com.Ankama.Dofus.Server.Game.Protocol.Guild.Application.GuildApplicationDeletedEvent			À_CLASSER	1098 candidats à égalité de forme dans Ankama.Dofus.Protocol.Game.dll — aucun élu sans preuve supplémentaire
		Com.Ankama.Dofus.Server.Game.Protocol.Guild.Application.GuildApplicationListenRequest			À_CLASSER	1098 candidats à égalité de forme dans Ankama.Dofus.Protocol.Game.dll — aucun élu sans preuve supplémentaire
		Com.Ankama.Dofus.Server.Game.Protocol.Guild.Application.GuildApplicationPlayerEvent			À_CLASSER	1098 candidats à égalité de forme dans Ankama.Dofus.Protocol.Game.dll — aucun élu sans preuve supplémentaire
		Com.Ankama.Dofus.Server.Game.Protocol.Guild.Application.GuildApplicationUpdateRequest			À_CLASSER	1098 candidats à égalité de forme dans Ankama.Dofus.Protocol.Game.dll — aucun élu sans preuve supplémentaire
		Com.Ankama.Dofus.Server.Game.Protocol.Guild.Chest.GuildChestCurrentListenersEvent			À_CLASSER	1098 candidats à égalité de forme dans Ankama.Dofus.Protocol.Game.dll — aucun élu sans preuve supplémentaire
		Com.Ankama.Dofus.Server.Game.Protocol.Guild.Chest.GuildChestStructureStartListeningRequest			À_CLASSER	1098 candidats à égalité de forme dans Ankama.Dofus.Protocol.Game.dll — aucun élu sans preuve supplémentaire
		Com.Ankama.Dofus.Server.Game.Protocol.Guild.Contribution.GuildContributeResponse			À_CLASSER	1098 candidats à égalité de forme dans Ankama.Dofus.Protocol.Game.dll — aucun élu sans preuve supplémentaire
		Com.Ankama.Dofus.Server.Game.Protocol.Guild.Hall.BoostItem			À_CLASSER	1098 candidats à égalité de forme dans Ankama.Dofus.Protocol.Game.dll — aucun élu sans preuve supplémentaire
		Com.Ankama.Dofus.Server.Game.Protocol.Guild.Hall.BoostState			À_CLASSER	354 candidats à égalité de forme dans Ankama.Dofus.Protocol.Game.dll — aucun élu sans preuve supplémentaire
		Com.Ankama.Dofus.Server.Game.Protocol.Guild.Hall.GuildShopOpenResponse			À_CLASSER	354 candidats à égalité de forme dans Ankama.Dofus.Protocol.Game.dll — aucun élu sans preuve supplémentaire
		Com.Ankama.Dofus.Server.Game.Protocol.Guild.House.GuildHousesEvent			À_CLASSER	1098 candidats à égalité de forme dans Ankama.Dofus.Protocol.Game.dll — aucun élu sans preuve supplémentaire
		Com.Ankama.Dofus.Server.Game.Protocol.Guild.Information.GuildCardErrorEvent			À_CLASSER	1098 candidats à égalité de forme dans Ankama.Dofus.Protocol.Game.dll — aucun élu sans preuve supplémentaire
		Com.Ankama.Dofus.Server.Game.Protocol.Guild.Information.GuildCreationStartedEvent			À_CLASSER	1098 candidats à égalité de forme dans Ankama.Dofus.Protocol.Game.dll — aucun élu sans preuve supplémentaire
		Com.Ankama.Dofus.Server.Game.Protocol.Guild.Information.GuildInformationRequest			À_CLASSER	1098 candidats à égalité de forme dans Ankama.Dofus.Protocol.Game.dll — aucun élu sans preuve supplémentaire
		Com.Ankama.Dofus.Server.Game.Protocol.Guild.Information.GuildInvitedEvent			À_CLASSER	1098 candidats à égalité de forme dans Ankama.Dofus.Protocol.Game.dll — aucun élu sans preuve supplémentaire
		Com.Ankama.Dofus.Server.Game.Protocol.Guild.Information.GuildJoinAutomaticallyRequest			À_CLASSER	1098 candidats à égalité de forme dans Ankama.Dofus.Protocol.Game.dll — aucun élu sans preuve supplémentaire
		Com.Ankama.Dofus.Server.Game.Protocol.Guild.Information.GuildListenRequest			À_CLASSER	1098 candidats à égalité de forme dans Ankama.Dofus.Protocol.Game.dll — aucun élu sans preuve supplémentaire
		Com.Ankama.Dofus.Server.Game.Protocol.Guild.Information.GuildModificationResultEvent			À_CLASSER	1098 candidats à égalité de forme dans Ankama.Dofus.Protocol.Game.dll — aucun élu sans preuve supplémentaire
		Com.Ankama.Dofus.Server.Game.Protocol.Guild.Information.GuildModificationValidRequest			À_CLASSER	1098 candidats à égalité de forme dans Ankama.Dofus.Protocol.Game.dll — aucun élu sans preuve supplémentaire
		Com.Ankama.Dofus.Server.Game.Protocol.Guild.Information.GuildMotdEvent			À_CLASSER	1098 candidats à égalité de forme dans Ankama.Dofus.Protocol.Game.dll — aucun élu sans preuve supplémentaire
		Com.Ankama.Dofus.Server.Game.Protocol.Guild.Information.GuildNoteUpdateRequest			À_CLASSER	1098 candidats à égalité de forme dans Ankama.Dofus.Protocol.Game.dll — aucun élu sans preuve supplémentaire
		Com.Ankama.Dofus.Server.Game.Protocol.Guild.Information.GuildSummaryEvent			À_CLASSER	1098 candidats à égalité de forme dans Ankama.Dofus.Protocol.Game.dll — aucun élu sans preuve supplémentaire
		Com.Ankama.Dofus.Server.Game.Protocol.Guild.Information.GuildSummaryRequest			À_CLASSER	1098 candidats à égalité de forme dans Ankama.Dofus.Protocol.Game.dll — aucun élu sans preuve supplémentaire
		Com.Ankama.Dofus.Server.Game.Protocol.Guild.Member.GuildMemberUpdateEvent			À_CLASSER	1098 candidats à égalité de forme dans Ankama.Dofus.Protocol.Game.dll — aucun élu sans preuve supplémentaire
		Com.Ankama.Dofus.Server.Game.Protocol.Guild.Mission.Configuration.GuildMissionConfigurationResponse			À_CLASSER	1098 candidats à égalité de forme dans Ankama.Dofus.Protocol.Game.dll — aucun élu sans preuve supplémentaire
		Com.Ankama.Dofus.Server.Game.Protocol.Guild.Mission.Configuration.GuildMissionConfigurationUpdateRequest			À_CLASSER	1098 candidats à égalité de forme dans Ankama.Dofus.Protocol.Game.dll — aucun élu sans preuve supplémentaire
		Com.Ankama.Dofus.Server.Game.Protocol.Guild.Mission.Configuration.GuildMissionConfigurationUpdateResponse			À_CLASSER	1098 candidats à égalité de forme dans Ankama.Dofus.Protocol.Game.dll — aucun élu sans preuve supplémentaire
kfp	12833	Com.Ankama.Dofus.Server.Game.Protocol.Guild.Mission.GuildMission	1.0	forme_imbriquee	DÉDUIT	forme exacte unique dans Ankama.Dofus.Protocol.Game.dll (0 autre candidat)
		Com.Ankama.Dofus.Server.Game.Protocol.Guild.Mission.GuildMissionGeneratePoolRequest			À_CLASSER	1098 candidats à égalité de forme dans Ankama.Dofus.Protocol.Game.dll — aucun élu sans preuve supplémentaire
		Com.Ankama.Dofus.Server.Game.Protocol.Guild.Mission.GuildMissionGeneratePoolResponse			À_CLASSER	1098 candidats à égalité de forme dans Ankama.Dofus.Protocol.Game.dll — aucun élu sans preuve supplémentaire
		Com.Ankama.Dofus.Server.Game.Protocol.Guild.Mission.GuildMissionPool			À_CLASSER	1098 candidats à égalité de forme dans Ankama.Dofus.Protocol.Game.dll — aucun élu sans preuve supplémentaire
		Com.Ankama.Dofus.Server.Game.Protocol.Guild.Mission.GuildMissionPoolResponse			À_CLASSER	1098 candidats à égalité de forme dans Ankama.Dofus.Protocol.Game.dll — aucun élu sans preuve supplémentaire
		Com.Ankama.Dofus.Server.Game.Protocol.Guild.Mission.GuildMissionRerollRequest			À_CLASSER	1098 candidats à égalité de forme dans Ankama.Dofus.Protocol.Game.dll — aucun élu sans preuve supplémentaire
		Com.Ankama.Dofus.Server.Game.Protocol.Guild.Mission.GuildMissionRerollResponse			À_CLASSER	1098 candidats à égalité de forme dans Ankama.Dofus.Protocol.Game.dll — aucun élu sans preuve supplémentaire
		Com.Ankama.Dofus.Server.Game.Protocol.Guild.Mission.GuildMissionSubscribeUpdateResponse			À_CLASSER	1098 candidats à égalité de forme dans Ankama.Dofus.Protocol.Game.dll — aucun élu sans preuve supplémentaire
		Com.Ankama.Dofus.Server.Game.Protocol.Guild.Mission.GuildMissionUpdatePoolEvent			À_CLASSER	1098 candidats à égalité de forme dans Ankama.Dofus.Protocol.Game.dll — aucun élu sans preuve supplémentaire
		Com.Ankama.Dofus.Server.Game.Protocol.Guild.Mission.View.GuildMissionViewStartListeningRequest			À_CLASSER	1098 candidats à égalité de forme dans Ankama.Dofus.Protocol.Game.dll — aucun élu sans preuve supplémentaire
		Com.Ankama.Dofus.Server.Game.Protocol.Guild.Mission.Weekly.GuildUpdateNextWeeklyResponse			À_CLASSER	1098 candidats à égalité de forme dans Ankama.Dofus.Protocol.Game.dll — aucun élu sans preuve supplémentaire
		Com.Ankama.Dofus.Server.Game.Protocol.Guild.Mission.Weekly.GuildWeeklyResponse			À_CLASSER	1098 candidats à égalité de forme dans Ankama.Dofus.Protocol.Game.dll — aucun élu sans preuve supplémentaire
		Com.Ankama.Dofus.Server.Game.Protocol.Guild.Mission.Weekly.GuildWeeklyRewardsAvailableEvent			À_CLASSER	1098 candidats à égalité de forme dans Ankama.Dofus.Protocol.Game.dll — aucun élu sans preuve supplémentaire
		Com.Ankama.Dofus.Server.Game.Protocol.Guild.Rank.GuildRankRemoveRequest			À_CLASSER	1098 candidats à égalité de forme dans Ankama.Dofus.Protocol.Game.dll — aucun élu sans preuve supplémentaire
		Com.Ankama.Dofus.Server.Game.Protocol.Guild.Rank.GuildRanksRequest			À_CLASSER	1098 candidats à égalité de forme dans Ankama.Dofus.Protocol.Game.dll — aucun élu sans preuve supplémentaire
		Com.Ankama.Dofus.Server.Game.Protocol.Guild.Recruitment.GuildRecruitmentEvent			À_CLASSER	1098 candidats à égalité de forme dans Ankama.Dofus.Protocol.Game.dll — aucun élu sans preuve supplémentaire
		Com.Ankama.Dofus.Server.Game.Protocol.Guild.Recruitment.GuildRecruitmentInvalidateEvent			À_CLASSER	1098 candidats à égalité de forme dans Ankama.Dofus.Protocol.Game.dll — aucun élu sans preuve supplémentaire
		Com.Ankama.Dofus.Server.Game.Protocol.Haven.Bag.HavenBagDailyLotteryEvent			À_CLASSER	1098 candidats à égalité de forme dans Ankama.Dofus.Protocol.Game.dll — aucun élu sans preuve supplémentaire
		Com.Ankama.Dofus.Server.Game.Protocol.Haven.Bag.HavenBagFurnitureOpenRequest			À_CLASSER	1098 candidats à égalité de forme dans Ankama.Dofus.Protocol.Game.dll — aucun élu sans preuve supplémentaire
		Com.Ankama.Dofus.Server.Game.Protocol.Haven.Bag.HavenBagRoomUpdateEvent			À_CLASSER	1098 candidats à égalité de forme dans Ankama.Dofus.Protocol.Game.dll — aucun élu sans preuve supplémentaire
		Com.Ankama.Dofus.Server.Game.Protocol.House.HouseGuildRightsViewRequest			À_CLASSER	1098 candidats à égalité de forme dans Ankama.Dofus.Protocol.Game.dll — aucun élu sans preuve supplémentaire
		Com.Ankama.Dofus.Server.Game.Protocol.House.HouseSellingUpdateEvent			À_CLASSER	1098 candidats à égalité de forme dans Ankama.Dofus.Protocol.Game.dll — aucun élu sans preuve supplémentaire
		Com.Ankama.Dofus.Server.Game.Protocol.House.HousesToSellEvent			À_CLASSER	1098 candidats à égalité de forme dans Ankama.Dofus.Protocol.Game.dll — aucun élu sans preuve supplémentaire
		Com.Ankama.Dofus.Server.Game.Protocol.Infinite.Dream.Bundle			À_CLASSER	1098 candidats à égalité de forme dans Ankama.Dofus.Protocol.Game.dll — aucun élu sans preuve supplémentaire
		Com.Ankama.Dofus.Server.Game.Protocol.Infinite.Dream.CharacterInformation			À_CLASSER	1098 candidats à égalité de forme dans Ankama.Dofus.Protocol.Game.dll — aucun élu sans preuve supplémentaire
		Com.Ankama.Dofus.Server.Game.Protocol.Infinite.Dream.InfiniteDreamBuyRequest			À_CLASSER	1098 candidats à égalité de forme dans Ankama.Dofus.Protocol.Game.dll — aucun élu sans preuve supplémentaire
		Com.Ankama.Dofus.Server.Game.Protocol.Infinite.Dream.InfiniteDreamBuyResponse			À_CLASSER	1098 candidats à égalité de forme dans Ankama.Dofus.Protocol.Game.dll — aucun élu sans preuve supplémentaire
		Com.Ankama.Dofus.Server.Game.Protocol.Infinite.Dream.InfiniteDreamDropTableRequest			À_CLASSER	1098 candidats à égalité de forme dans Ankama.Dofus.Protocol.Game.dll — aucun élu sans preuve supplémentaire
		Com.Ankama.Dofus.Server.Game.Protocol.Infinite.Dream.InfiniteDreamDropTableResponse			À_CLASSER	354 candidats à égalité de forme dans Ankama.Dofus.Protocol.Game.dll — aucun élu sans preuve supplémentaire
		Com.Ankama.Dofus.Server.Game.Protocol.Infinite.Dream.InfiniteDreamEndEvent			À_CLASSER	1098 candidats à égalité de forme dans Ankama.Dofus.Protocol.Game.dll — aucun élu sans preuve supplémentaire
		Com.Ankama.Dofus.Server.Game.Protocol.Infinite.Dream.InfiniteDreamEnterRequest			À_CLASSER	1098 candidats à égalité de forme dans Ankama.Dofus.Protocol.Game.dll — aucun élu sans preuve supplémentaire
		Com.Ankama.Dofus.Server.Game.Protocol.Infinite.Dream.InfiniteDreamEnterResponse			À_CLASSER	1098 candidats à égalité de forme dans Ankama.Dofus.Protocol.Game.dll — aucun élu sans preuve supplémentaire
		Com.Ankama.Dofus.Server.Game.Protocol.Infinite.Dream.InfiniteDreamInformationEvent			À_CLASSER	354 candidats à égalité de forme dans Ankama.Dofus.Protocol.Game.dll — aucun élu sans preuve supplémentaire
		Com.Ankama.Dofus.Server.Game.Protocol.Infinite.Dream.InfiniteDreamOpenHUBEvent			À_CLASSER	354 candidats à égalité de forme dans Ankama.Dofus.Protocol.Game.dll — aucun élu sans preuve supplémentaire
		Com.Ankama.Dofus.Server.Game.Protocol.Infinite.Dream.InfiniteDreamVisibleMap			À_CLASSER	73 candidats à égalité de forme dans Ankama.Dofus.Protocol.Game.dll — aucun élu sans preuve supplémentaire
		Com.Ankama.Dofus.Server.Game.Protocol.Interactive.Element.InteractiveElementUpdatedEvent			À_CLASSER	1098 candidats à égalité de forme dans Ankama.Dofus.Protocol.Game.dll — aucun élu sans preuve supplémentaire
		Com.Ankama.Dofus.Server.Game.Protocol.Interactive.Element.InteractiveUseEndedEvent			À_CLASSER	1098 candidats à égalité de forme dans Ankama.Dofus.Protocol.Game.dll — aucun élu sans preuve supplémentaire
		Com.Ankama.Dofus.Server.Game.Protocol.Inventory.InventoryContentEvent			À_CLASSER	1098 candidats à égalité de forme dans Ankama.Dofus.Protocol.Game.dll — aucun élu sans preuve supplémentaire
		Com.Ankama.Dofus.Server.Game.Protocol.Inventory.ObjectAveragePricesEvent			À_CLASSER	1098 candidats à égalité de forme dans Ankama.Dofus.Protocol.Game.dll — aucun élu sans preuve supplémentaire
		Com.Ankama.Dofus.Server.Game.Protocol.Inventory.ObjectAveragePricesHistoryEvent			À_CLASSER	1098 candidats à égalité de forme dans Ankama.Dofus.Protocol.Game.dll — aucun élu sans preuve supplémentaire
		Com.Ankama.Dofus.Server.Game.Protocol.Inventory.ObjectAveragePricesHistoryRequest			À_CLASSER	1098 candidats à égalité de forme dans Ankama.Dofus.Protocol.Game.dll — aucun élu sans preuve supplémentaire
		Com.Ankama.Dofus.Server.Game.Protocol.Inventory.ObjectFavoriteRequest			À_CLASSER	354 candidats à égalité de forme dans Ankama.Dofus.Protocol.Game.dll — aucun élu sans preuve supplémentaire
		Com.Ankama.Dofus.Server.Game.Protocol.Inventory.ObjectModifiedEvent			À_CLASSER	1098 candidats à égalité de forme dans Ankama.Dofus.Protocol.Game.dll — aucun élu sans preuve supplémentaire
		Com.Ankama.Dofus.Server.Game.Protocol.Inventory.ObjectUseRequest			À_CLASSER	1098 candidats à égalité de forme dans Ankama.Dofus.Protocol.Game.dll — aucun élu sans preuve supplémentaire
		Com.Ankama.Dofus.Server.Game.Protocol.Inventory.ObjectsQuantityEvent			À_CLASSER	1098 candidats à égalité de forme dans Ankama.Dofus.Protocol.Game.dll — aucun élu sans preuve supplémentaire
		Com.Ankama.Dofus.Server.Game.Protocol.Inventory.ShortcutBarAddRequest			À_CLASSER	1098 candidats à égalité de forme dans Ankama.Dofus.Protocol.Game.dll — aucun élu sans preuve supplémentaire
		Com.Ankama.Dofus.Server.Game.Protocol.Inventory.ShortcutBarReplacedEvent			À_CLASSER	1098 candidats à égalité de forme dans Ankama.Dofus.Protocol.Game.dll — aucun élu sans preuve supplémentaire
		Com.Ankama.Dofus.Server.Game.Protocol.Inventory.StorageKamasUpdateEvent			À_CLASSER	1098 candidats à égalité de forme dans Ankama.Dofus.Protocol.Game.dll — aucun élu sans preuve supplémentaire
		Com.Ankama.Dofus.Server.Game.Protocol.Inventory.StorageObjectsRemovedEvent			À_CLASSER	1098 candidats à égalité de forme dans Ankama.Dofus.Protocol.Game.dll — aucun élu sans preuve supplémentaire
		Com.Ankama.Dofus.Server.Game.Protocol.Job.JobBookSubscriptionEvent			À_CLASSER	1098 candidats à égalité de forme dans Ankama.Dofus.Protocol.Game.dll — aucun élu sans preuve supplémentaire
		Com.Ankama.Dofus.Server.Game.Protocol.Job.JobCrafterDirectoryJobInformation			À_CLASSER	1098 candidats à égalité de forme dans Ankama.Dofus.Protocol.Game.dll — aucun élu sans preuve supplémentaire
		Com.Ankama.Dofus.Server.Game.Protocol.Job.JobCrafterDirectoryRemoveEvent			À_CLASSER	1098 candidats à égalité de forme dans Ankama.Dofus.Protocol.Game.dll — aucun élu sans preuve supplémentaire
		Com.Ankama.Dofus.Server.Game.Protocol.Job.JobCrafterDirectorySettingsEvent			À_CLASSER	1098 candidats à égalité de forme dans Ankama.Dofus.Protocol.Game.dll — aucun élu sans preuve supplémentaire
		Com.Ankama.Dofus.Server.Game.Protocol.Job.JobDescription			À_CLASSER	12 candidats à égalité de forme dans Ankama.Dofus.Protocol.Game.dll — aucun élu sans preuve supplémentaire
		Com.Ankama.Dofus.Server.Game.Protocol.Job.JobLevelUpEvent			À_CLASSER	1098 candidats à égalité de forme dans Ankama.Dofus.Protocol.Game.dll — aucun élu sans preuve supplémentaire
		Com.Ankama.Dofus.Server.Game.Protocol.Job.JobMultiCraftStateEvent			À_CLASSER	354 candidats à égalité de forme dans Ankama.Dofus.Protocol.Game.dll — aucun élu sans preuve supplémentaire
		Com.Ankama.Dofus.Server.Game.Protocol.Ladder.Achievement.LadderAchievementCurrentRequest			À_CLASSER	1098 candidats à égalité de forme dans Ankama.Dofus.Protocol.Game.dll — aucun élu sans preuve supplémentaire
		Com.Ankama.Dofus.Server.Game.Protocol.Ladder.Dream.LadderDreamCurrentRequest			À_CLASSER	1098 candidats à égalité de forme dans Ankama.Dofus.Protocol.Game.dll — aucun élu sans preuve supplémentaire
		Com.Ankama.Dofus.Server.Game.Protocol.Ladder.Experience.LadderExperienceSearchResponse			À_CLASSER	1098 candidats à égalité de forme dans Ankama.Dofus.Protocol.Game.dll — aucun élu sans preuve supplémentaire
		Com.Ankama.Dofus.Server.Game.Protocol.Ladder.PopupScoreConfirmEvent			À_CLASSER	1098 candidats à égalité de forme dans Ankama.Dofus.Protocol.Game.dll — aucun élu sans preuve supplémentaire
		Com.Ankama.Dofus.Server.Game.Protocol.Moderation.PopupWarningCloseRequest			À_CLASSER	1098 candidats à égalité de forme dans Ankama.Dofus.Protocol.Game.dll — aucun élu sans preuve supplémentaire
		Com.Ankama.Dofus.Server.Game.Protocol.Npc.NpcDialogCreationEvent			À_CLASSER	1098 candidats à égalité de forme dans Ankama.Dofus.Protocol.Game.dll — aucun élu sans preuve supplémentaire
		Com.Ankama.Dofus.Server.Game.Protocol.Npc.NpcDialogQuestionEvent			À_CLASSER	354 candidats à égalité de forme dans Ankama.Dofus.Protocol.Game.dll — aucun élu sans preuve supplémentaire
		Com.Ankama.Dofus.Server.Game.Protocol.Npc.NpcDialogReplyRequest			À_CLASSER	1098 candidats à égalité de forme dans Ankama.Dofus.Protocol.Game.dll — aucun élu sans preuve supplémentaire
		Com.Ankama.Dofus.Server.Game.Protocol.Npc.NpcGenericActionFailureEvent			À_CLASSER	1098 candidats à égalité de forme dans Ankama.Dofus.Protocol.Game.dll — aucun élu sans preuve supplémentaire
		Com.Ankama.Dofus.Server.Game.Protocol.Npc.NpcsMapQuestStatusUpdateEvent			À_CLASSER	354 candidats à égalité de forme dans Ankama.Dofus.Protocol.Game.dll — aucun élu sans preuve supplémentaire
		Com.Ankama.Dofus.Server.Game.Protocol.Party.AutoFollowActivationResponse			À_CLASSER	1098 candidats à égalité de forme dans Ankama.Dofus.Protocol.Game.dll — aucun élu sans preuve supplémentaire
		Com.Ankama.Dofus.Server.Game.Protocol.Party.AutoFollowDeactivationResponse			À_CLASSER	1098 candidats à égalité de forme dans Ankama.Dofus.Protocol.Game.dll — aucun élu sans preuve supplémentaire
		Com.Ankama.Dofus.Server.Game.Protocol.Party.FightAutoJoinActivationRequest			À_CLASSER	1098 candidats à égalité de forme dans Ankama.Dofus.Protocol.Game.dll — aucun élu sans preuve supplémentaire
		Com.Ankama.Dofus.Server.Game.Protocol.Party.FightAutoJoinActivationResponse			À_CLASSER	1098 candidats à égalité de forme dans Ankama.Dofus.Protocol.Game.dll — aucun élu sans preuve supplémentaire
		Com.Ankama.Dofus.Server.Game.Protocol.Party.FightAutoJoinDeactivatedResponse			À_CLASSER	1098 candidats à égalité de forme dans Ankama.Dofus.Protocol.Game.dll — aucun élu sans preuve supplémentaire
		Com.Ankama.Dofus.Server.Game.Protocol.Party.FightAutoJoinDeactivationRequest			À_CLASSER	1098 candidats à égalité de forme dans Ankama.Dofus.Protocol.Game.dll — aucun élu sans preuve supplémentaire
		Com.Ankama.Dofus.Server.Game.Protocol.Party.FightAutoReadyActivationRequest			À_CLASSER	1098 candidats à égalité de forme dans Ankama.Dofus.Protocol.Game.dll — aucun élu sans preuve supplémentaire
		Com.Ankama.Dofus.Server.Game.Protocol.Party.FightAutoReadyActivationResponse			À_CLASSER	1098 candidats à égalité de forme dans Ankama.Dofus.Protocol.Game.dll — aucun élu sans preuve supplémentaire
		Com.Ankama.Dofus.Server.Game.Protocol.Party.FightAutoReadyDeactivationResponse			À_CLASSER	1098 candidats à égalité de forme dans Ankama.Dofus.Protocol.Game.dll — aucun élu sans preuve supplémentaire
		Com.Ankama.Dofus.Server.Game.Protocol.Party.PartyAbdicateThroneRequest			À_CLASSER	1098 candidats à égalité de forme dans Ankama.Dofus.Protocol.Game.dll — aucun élu sans preuve supplémentaire
		Com.Ankama.Dofus.Server.Game.Protocol.Party.PartyDeletedEvent			À_CLASSER	1098 candidats à égalité de forme dans Ankama.Dofus.Protocol.Game.dll — aucun élu sans preuve supplémentaire
		Com.Ankama.Dofus.Server.Game.Protocol.Party.PartyInvitationDetailsRequest			À_CLASSER	1098 candidats à égalité de forme dans Ankama.Dofus.Protocol.Game.dll — aucun élu sans preuve supplémentaire
		Com.Ankama.Dofus.Server.Game.Protocol.Party.PartyInvitationRefuseRequest			À_CLASSER	1098 candidats à égalité de forme dans Ankama.Dofus.Protocol.Game.dll — aucun élu sans preuve supplémentaire
		Com.Ankama.Dofus.Server.Game.Protocol.Party.PartyJoinErrorEvent			À_CLASSER	1098 candidats à égalité de forme dans Ankama.Dofus.Protocol.Game.dll — aucun élu sans preuve supplémentaire
		Com.Ankama.Dofus.Server.Game.Protocol.Party.PartyJoinEvent			À_CLASSER	1098 candidats à égalité de forme dans Ankama.Dofus.Protocol.Game.dll — aucun élu sans preuve supplémentaire
		Com.Ankama.Dofus.Server.Game.Protocol.Party.PartyKickEndedEvent			À_CLASSER	1098 candidats à égalité de forme dans Ankama.Dofus.Protocol.Game.dll — aucun élu sans preuve supplémentaire
		Com.Ankama.Dofus.Server.Game.Protocol.Party.PartyNameSetErrorEvent			À_CLASSER	1098 candidats à égalité de forme dans Ankama.Dofus.Protocol.Game.dll — aucun élu sans preuve supplémentaire
		Com.Ankama.Dofus.Server.Game.Protocol.Party.PartyNewMemberEvent			À_CLASSER	1098 candidats à égalité de forme dans Ankama.Dofus.Protocol.Game.dll — aucun élu sans preuve supplémentaire
		Com.Ankama.Dofus.Server.Game.Protocol.Party.PartyPledgeLoyaltyRequest			À_CLASSER	1098 candidats à égalité de forme dans Ankama.Dofus.Protocol.Game.dll — aucun élu sans preuve supplémentaire
		Com.Ankama.Dofus.Server.Game.Protocol.Ping.CellPingEvent			À_CLASSER	1098 candidats à égalité de forme dans Ankama.Dofus.Protocol.Game.dll — aucun élu sans preuve supplémentaire
		Com.Ankama.Dofus.Server.Game.Protocol.Ping.FightPingCellRemoveRequest			À_CLASSER	1098 candidats à égalité de forme dans Ankama.Dofus.Protocol.Game.dll — aucun élu sans preuve supplémentaire
		Com.Ankama.Dofus.Server.Game.Protocol.Ping.FightPingsEvent			À_CLASSER	1098 candidats à égalité de forme dans Ankama.Dofus.Protocol.Game.dll — aucun élu sans preuve supplémentaire
		Com.Ankama.Dofus.Server.Game.Protocol.Preset.CharacterPresetCreateResponse			À_CLASSER	1098 candidats à égalité de forme dans Ankama.Dofus.Protocol.Game.dll — aucun élu sans preuve supplémentaire
		Com.Ankama.Dofus.Server.Game.Protocol.Preset.CharacterPresetInfoResponse			À_CLASSER	1098 candidats à égalité de forme dans Ankama.Dofus.Protocol.Game.dll — aucun élu sans preuve supplémentaire
		Com.Ankama.Dofus.Server.Game.Protocol.Preset.CharacterPresetSetResponse			À_CLASSER	1098 candidats à égalité de forme dans Ankama.Dofus.Protocol.Game.dll — aucun élu sans preuve supplémentaire
		Com.Ankama.Dofus.Server.Game.Protocol.Preset.ForgettableSpellPresetCreateResponse			À_CLASSER	1098 candidats à égalité de forme dans Ankama.Dofus.Protocol.Game.dll — aucun élu sans preuve supplémentaire
		Com.Ankama.Dofus.Server.Game.Protocol.Preset.ForgettableSpellPresetResetRequest			À_CLASSER	1098 candidats à égalité de forme dans Ankama.Dofus.Protocol.Game.dll — aucun élu sans preuve supplémentaire
		Com.Ankama.Dofus.Server.Game.Protocol.Preset.ForgettableSpellPresetResetResponse			À_CLASSER	1098 candidats à égalité de forme dans Ankama.Dofus.Protocol.Game.dll — aucun élu sans preuve supplémentaire
		Com.Ankama.Dofus.Server.Game.Protocol.Preset.ForgettableSpellPresetSetRequest			À_CLASSER	1098 candidats à égalité de forme dans Ankama.Dofus.Protocol.Game.dll — aucun élu sans preuve supplémentaire
		Com.Ankama.Dofus.Server.Game.Protocol.Preset.PresetEquipmentUpdateRequest			À_CLASSER	354 candidats à égalité de forme dans Ankama.Dofus.Protocol.Game.dll — aucun élu sans preuve supplémentaire
		Com.Ankama.Dofus.Server.Game.Protocol.Preset.PresetEquipmentUpdateResponse			À_CLASSER	1098 candidats à égalité de forme dans Ankama.Dofus.Protocol.Game.dll — aucun élu sans preuve supplémentaire
		Com.Ankama.Dofus.Server.Game.Protocol.Preset.PresetLook			À_CLASSER	1098 candidats à égalité de forme dans Ankama.Dofus.Protocol.Game.dll — aucun élu sans preuve supplémentaire
		Com.Ankama.Dofus.Server.Game.Protocol.Preset.PresetOrigin			À_CLASSER	1098 candidats à égalité de forme dans Ankama.Dofus.Protocol.Game.dll — aucun élu sans preuve supplémentaire
		Com.Ankama.Dofus.Server.Game.Protocol.Preset.PresetRenameRequest			À_CLASSER	1098 candidats à égalité de forme dans Ankama.Dofus.Protocol.Game.dll — aucun élu sans preuve supplémentaire
		Com.Ankama.Dofus.Server.Game.Protocol.Preset.PresetRenameResponse			À_CLASSER	1098 candidats à égalité de forme dans Ankama.Dofus.Protocol.Game.dll — aucun élu sans preuve supplémentaire
		Com.Ankama.Dofus.Server.Game.Protocol.Preset.PresetSetFavoriteResponse			À_CLASSER	1098 candidats à égalité de forme dans Ankama.Dofus.Protocol.Game.dll — aucun élu sans preuve supplémentaire
		Com.Ankama.Dofus.Server.Game.Protocol.Preset.PresetSpellUpdateRequest			À_CLASSER	1098 candidats à égalité de forme dans Ankama.Dofus.Protocol.Game.dll — aucun élu sans preuve supplémentaire
		Com.Ankama.Dofus.Server.Game.Protocol.Preset.PresetStatUpdateResponse			À_CLASSER	1098 candidats à égalité de forme dans Ankama.Dofus.Protocol.Game.dll — aucun élu sans preuve supplémentaire
		Com.Ankama.Dofus.Server.Game.Protocol.Preset.PresetSymbolUpdateResponse			À_CLASSER	1098 candidats à égalité de forme dans Ankama.Dofus.Protocol.Game.dll — aucun élu sans preuve supplémentaire
		Com.Ankama.Dofus.Server.Game.Protocol.Preset.PresetUseResponse			À_CLASSER	354 candidats à égalité de forme dans Ankama.Dofus.Protocol.Game.dll — aucun élu sans preuve supplémentaire
		Com.Ankama.Dofus.Server.Game.Protocol.Prism.PrismAttackResultEvent			À_CLASSER	1098 candidats à égalité de forme dans Ankama.Dofus.Protocol.Game.dll — aucun élu sans preuve supplémentaire
		Com.Ankama.Dofus.Server.Game.Protocol.Prism.PrismTeleportationRequest			À_CLASSER	1098 candidats à égalité de forme dans Ankama.Dofus.Protocol.Game.dll — aucun élu sans preuve supplémentaire
		Com.Ankama.Dofus.Server.Game.Protocol.Quest.QuestActive			À_CLASSER	1098 candidats à égalité de forme dans Ankama.Dofus.Protocol.Game.dll — aucun élu sans preuve supplémentaire
		Com.Ankama.Dofus.Server.Game.Protocol.Quest.QuestStepInformationRequest			À_CLASSER	1098 candidats à égalité de forme dans Ankama.Dofus.Protocol.Game.dll — aucun élu sans preuve supplémentaire
		Com.Ankama.Dofus.Server.Game.Protocol.Quest.QuestStepValidatedEvent			À_CLASSER	1098 candidats à égalité de forme dans Ankama.Dofus.Protocol.Game.dll — aucun élu sans preuve supplémentaire
		Com.Ankama.Dofus.Server.Game.Protocol.Quest.QuestsEvent			À_CLASSER	1098 candidats à égalité de forme dans Ankama.Dofus.Protocol.Game.dll — aucun élu sans preuve supplémentaire
		Com.Ankama.Dofus.Server.Game.Protocol.Raid.GuildRaidShowResponse			À_CLASSER	1098 candidats à égalité de forme dans Ankama.Dofus.Protocol.Game.dll — aucun élu sans preuve supplémentaire
		Com.Ankama.Dofus.Server.Game.Protocol.Raid.OptionalPlayerInformation			À_CLASSER	354 candidats à égalité de forme dans Ankama.Dofus.Protocol.Game.dll — aucun élu sans preuve supplémentaire
		Com.Ankama.Dofus.Server.Game.Protocol.Raid.PlayerRaidShowAndListenResponse			À_CLASSER	354 candidats à égalité de forme dans Ankama.Dofus.Protocol.Game.dll — aucun élu sans preuve supplémentaire
		Com.Ankama.Dofus.Server.Game.Protocol.Raid.RaidClaimRewardResponse			À_CLASSER	1098 candidats à égalité de forme dans Ankama.Dofus.Protocol.Game.dll — aucun élu sans preuve supplémentaire
		Com.Ankama.Dofus.Server.Game.Protocol.Raid.RaidInvitationAnswerResponse			À_CLASSER	1098 candidats à égalité de forme dans Ankama.Dofus.Protocol.Game.dll — aucun élu sans preuve supplémentaire
		Com.Ankama.Dofus.Server.Game.Protocol.Raid.RaidInvitationEvent			À_CLASSER	1098 candidats à égalité de forme dans Ankama.Dofus.Protocol.Game.dll — aucun élu sans preuve supplémentaire
		Com.Ankama.Dofus.Server.Game.Protocol.Raid.RaidInvitationResponse			À_CLASSER	1098 candidats à égalité de forme dans Ankama.Dofus.Protocol.Game.dll — aucun élu sans preuve supplémentaire
		Com.Ankama.Dofus.Server.Game.Protocol.Raid.RaidJoinResponse			À_CLASSER	1098 candidats à égalité de forme dans Ankama.Dofus.Protocol.Game.dll — aucun élu sans preuve supplémentaire
		Com.Ankama.Dofus.Server.Game.Protocol.Raid.RaidLeaveRequest			À_CLASSER	1098 candidats à égalité de forme dans Ankama.Dofus.Protocol.Game.dll — aucun élu sans preuve supplémentaire
		Com.Ankama.Dofus.Server.Game.Protocol.Raid.RaidLeaveResponse			À_CLASSER	1098 candidats à égalité de forme dans Ankama.Dofus.Protocol.Game.dll — aucun élu sans preuve supplémentaire
		Com.Ankama.Dofus.Server.Game.Protocol.Raid.RaidMoveGroupResponse			À_CLASSER	1098 candidats à égalité de forme dans Ankama.Dofus.Protocol.Game.dll — aucun élu sans preuve supplémentaire
		Com.Ankama.Dofus.Server.Game.Protocol.Raid.RaidNote			À_CLASSER	354 candidats à égalité de forme dans Ankama.Dofus.Protocol.Game.dll — aucun élu sans preuve supplémentaire
		Com.Ankama.Dofus.Server.Game.Protocol.Raid.RaidParticipant			À_CLASSER	1098 candidats à égalité de forme dans Ankama.Dofus.Protocol.Game.dll — aucun élu sans preuve supplémentaire
		Com.Ankama.Dofus.Server.Game.Protocol.Raid.RaidPendingRewardEvent			À_CLASSER	1098 candidats à égalité de forme dans Ankama.Dofus.Protocol.Game.dll — aucun élu sans preuve supplémentaire
		Com.Ankama.Dofus.Server.Game.Protocol.Raid.RaidPurchaseResponse			À_CLASSER	1098 candidats à égalité de forme dans Ankama.Dofus.Protocol.Game.dll — aucun élu sans preuve supplémentaire
		Com.Ankama.Dofus.Server.Game.Protocol.Raid.RaidPurchasedEvent			À_CLASSER	1098 candidats à égalité de forme dans Ankama.Dofus.Protocol.Game.dll — aucun élu sans preuve supplémentaire
		Com.Ankama.Dofus.Server.Game.Protocol.Raid.RaidRemoveParticipantResponse			À_CLASSER	1098 candidats à égalité de forme dans Ankama.Dofus.Protocol.Game.dll — aucun élu sans preuve supplémentaire
		Com.Ankama.Dofus.Server.Game.Protocol.Raid.RaidRemovePlayerFromBlockListResponse			À_CLASSER	1098 candidats à égalité de forme dans Ankama.Dofus.Protocol.Game.dll — aucun élu sans preuve supplémentaire
		Com.Ankama.Dofus.Server.Game.Protocol.Raid.RaidStartAnswerResponse			À_CLASSER	1098 candidats à égalité de forme dans Ankama.Dofus.Protocol.Game.dll — aucun élu sans preuve supplémentaire
		Com.Ankama.Dofus.Server.Game.Protocol.Raid.RaidStartCanceledEvent			À_CLASSER	73 candidats à égalité de forme dans Ankama.Dofus.Protocol.Game.dll — aucun élu sans preuve supplémentaire
		Com.Ankama.Dofus.Server.Game.Protocol.Raid.RaidStartRequest			À_CLASSER	1098 candidats à égalité de forme dans Ankama.Dofus.Protocol.Game.dll — aucun élu sans preuve supplémentaire
		Com.Ankama.Dofus.Server.Game.Protocol.Raid.RaidStartResponse			À_CLASSER	1098 candidats à égalité de forme dans Ankama.Dofus.Protocol.Game.dll — aucun élu sans preuve supplémentaire
		Com.Ankama.Dofus.Server.Game.Protocol.Raid.RaidUpdateCaptainResponse			À_CLASSER	1098 candidats à égalité de forme dans Ankama.Dofus.Protocol.Game.dll — aucun élu sans preuve supplémentaire
		Com.Ankama.Dofus.Server.Game.Protocol.Raid.RaidUpdateDescriptionResponse			À_CLASSER	1098 candidats à égalité de forme dans Ankama.Dofus.Protocol.Game.dll — aucun élu sans preuve supplémentaire
		Com.Ankama.Dofus.Server.Game.Protocol.Raid.RunningRaid			À_CLASSER	1098 candidats à égalité de forme dans Ankama.Dofus.Protocol.Game.dll — aucun élu sans preuve supplémentaire
		Com.Ankama.Dofus.Server.Game.Protocol.Raid.RunningRaidFinishResponse			À_CLASSER	1098 candidats à égalité de forme dans Ankama.Dofus.Protocol.Game.dll — aucun élu sans preuve supplémentaire
		Com.Ankama.Dofus.Server.Game.Protocol.Raid.RunningRaidFinishedEvent			À_CLASSER	1098 candidats à égalité de forme dans Ankama.Dofus.Protocol.Game.dll — aucun élu sans preuve supplémentaire
		Com.Ankama.Dofus.Server.Game.Protocol.Raid.RunningRaidLeaveRequest			À_CLASSER	1098 candidats à égalité de forme dans Ankama.Dofus.Protocol.Game.dll — aucun élu sans preuve supplémentaire
		Com.Ankama.Dofus.Server.Game.Protocol.Raid.RunningRaidLeaveResponse			À_CLASSER	1098 candidats à égalité de forme dans Ankama.Dofus.Protocol.Game.dll — aucun élu sans preuve supplémentaire
		Com.Ankama.Dofus.Server.Game.Protocol.Raid.RunningRaidParticipantStateUpdatedEvent			À_CLASSER	1098 candidats à égalité de forme dans Ankama.Dofus.Protocol.Game.dll — aucun élu sans preuve supplémentaire
		Com.Ankama.Dofus.Server.Game.Protocol.Raid.RunningRaidRestartRequest			À_CLASSER	1098 candidats à égalité de forme dans Ankama.Dofus.Protocol.Game.dll — aucun élu sans preuve supplémentaire
		Com.Ankama.Dofus.Server.Game.Protocol.Raid.RunningRaidRestartResponse			À_CLASSER	1098 candidats à égalité de forme dans Ankama.Dofus.Protocol.Game.dll — aucun élu sans preuve supplémentaire
		Com.Ankama.Dofus.Server.Game.Protocol.Raid.RunningRaidRestartedEvent			À_CLASSER	1098 candidats à égalité de forme dans Ankama.Dofus.Protocol.Game.dll — aucun élu sans preuve supplémentaire
		Com.Ankama.Dofus.Server.Game.Protocol.Raid.RunningRaidState			À_CLASSER	12 candidats à égalité de forme dans Ankama.Dofus.Protocol.Game.dll — aucun élu sans preuve supplémentaire
		Com.Ankama.Dofus.Server.Game.Protocol.Raid.RunningRaidUpdateCaptainResponse			À_CLASSER	1098 candidats à égalité de forme dans Ankama.Dofus.Protocol.Game.dll — aucun élu sans preuve supplémentaire
		Com.Ankama.Dofus.Server.Game.Protocol.Raid.RunningRaidUpdatedEvent			À_CLASSER	1098 candidats à égalité de forme dans Ankama.Dofus.Protocol.Game.dll — aucun élu sans preuve supplémentaire
		Com.Ankama.Dofus.Server.Game.Protocol.Raid.ShowAndListenRaidLadderResponse			À_CLASSER	1098 candidats à égalité de forme dans Ankama.Dofus.Protocol.Game.dll — aucun élu sans preuve supplémentaire
		Com.Ankama.Dofus.Server.Game.Protocol.Raid.ShowAndListenRunningRaidResponse			À_CLASSER	1098 candidats à égalité de forme dans Ankama.Dofus.Protocol.Game.dll — aucun élu sans preuve supplémentaire
		Com.Ankama.Dofus.Server.Game.Protocol.Raid.StopListeningRunningRaidRequest			À_CLASSER	1098 candidats à égalité de forme dans Ankama.Dofus.Protocol.Game.dll — aucun élu sans preuve supplémentaire
		Com.Ankama.Dofus.Server.Game.Protocol.Report.ReportRequest			À_CLASSER	73 candidats à égalité de forme dans Ankama.Dofus.Protocol.Game.dll — aucun élu sans preuve supplémentaire
		Com.Ankama.Dofus.Server.Game.Protocol.Report.ReportResponse			À_CLASSER	1098 candidats à égalité de forme dans Ankama.Dofus.Protocol.Game.dll — aucun élu sans preuve supplémentaire
		Com.Ankama.Dofus.Server.Game.Protocol.Ride.ActivatePaddockGaugeResponse			À_CLASSER	1098 candidats à égalité de forme dans Ankama.Dofus.Protocol.Game.dll — aucun élu sans preuve supplémentaire
		Com.Ankama.Dofus.Server.Game.Protocol.Ride.AddRidesFromItemRequest			À_CLASSER	1098 candidats à égalité de forme dans Ankama.Dofus.Protocol.Game.dll — aucun élu sans preuve supplémentaire
		Com.Ankama.Dofus.Server.Game.Protocol.Ride.AddRidesFromItemResponse			À_CLASSER	1098 candidats à égalité de forme dans Ankama.Dofus.Protocol.Game.dll — aucun élu sans preuve supplémentaire
		Com.Ankama.Dofus.Server.Game.Protocol.Ride.ApplyPaddockGaugeBoostResponse			À_CLASSER	1098 candidats à égalité de forme dans Ankama.Dofus.Protocol.Game.dll — aucun élu sans preuve supplémentaire
		Com.Ankama.Dofus.Server.Game.Protocol.Ride.BreedRideRequest			À_CLASSER	1098 candidats à égalité de forme dans Ankama.Dofus.Protocol.Game.dll — aucun élu sans preuve supplémentaire
		Com.Ankama.Dofus.Server.Game.Protocol.Ride.BreedRideResponse			À_CLASSER	354 candidats à égalité de forme dans Ankama.Dofus.Protocol.Game.dll — aucun élu sans preuve supplémentaire
		Com.Ankama.Dofus.Server.Game.Protocol.Ride.BreedRideSimulationResponse			À_CLASSER	12 candidats à égalité de forme dans Ankama.Dofus.Protocol.Game.dll — aucun élu sans preuve supplémentaire
		Com.Ankama.Dofus.Server.Game.Protocol.Ride.CloneRidesResponse			À_CLASSER	1098 candidats à égalité de forme dans Ankama.Dofus.Protocol.Game.dll — aucun élu sans preuve supplémentaire
		Com.Ankama.Dofus.Server.Game.Protocol.Ride.DeactivatePaddockGaugeResponse			À_CLASSER	1098 candidats à égalité de forme dans Ankama.Dofus.Protocol.Game.dll — aucun élu sans preuve supplémentaire
		Com.Ankama.Dofus.Server.Game.Protocol.Ride.ExtractRidesResponse			À_CLASSER	1098 candidats à égalité de forme dans Ankama.Dofus.Protocol.Game.dll — aucun élu sans preuve supplémentaire
		Com.Ankama.Dofus.Server.Game.Protocol.Ride.GetRidesAsItemResponse			À_CLASSER	1098 candidats à égalité de forme dans Ankama.Dofus.Protocol.Game.dll — aucun élu sans preuve supplémentaire
		Com.Ankama.Dofus.Server.Game.Protocol.Ride.GetStableRidesResponse			À_CLASSER	1098 candidats à égalité de forme dans Ankama.Dofus.Protocol.Game.dll — aucun élu sans preuve supplémentaire
		Com.Ankama.Dofus.Server.Game.Protocol.Ride.MoveRidesRequest			À_CLASSER	1098 candidats à égalité de forme dans Ankama.Dofus.Protocol.Game.dll — aucun élu sans preuve supplémentaire
		Com.Ankama.Dofus.Server.Game.Protocol.Ride.MoveRidesResponse			À_CLASSER	1098 candidats à égalité de forme dans Ankama.Dofus.Protocol.Game.dll — aucun élu sans preuve supplémentaire
		Com.Ankama.Dofus.Server.Game.Protocol.Ride.PaddockAccessibilityRequest			À_CLASSER	1098 candidats à égalité de forme dans Ankama.Dofus.Protocol.Game.dll — aucun élu sans preuve supplémentaire
		Com.Ankama.Dofus.Server.Game.Protocol.Ride.PaddockAccessibilityUpdateEvent			À_CLASSER	1098 candidats à égalité de forme dans Ankama.Dofus.Protocol.Game.dll — aucun élu sans preuve supplémentaire
		Com.Ankama.Dofus.Server.Game.Protocol.Ride.PaddockOpenRequest			À_CLASSER	1098 candidats à égalité de forme dans Ankama.Dofus.Protocol.Game.dll — aucun élu sans preuve supplémentaire
		Com.Ankama.Dofus.Server.Game.Protocol.Ride.PaddockOpenResponse			À_CLASSER	1098 candidats à égalité de forme dans Ankama.Dofus.Protocol.Game.dll — aucun élu sans preuve supplémentaire
		Com.Ankama.Dofus.Server.Game.Protocol.Ride.Ride			À_CLASSER	1098 candidats à égalité de forme dans Ankama.Dofus.Protocol.Game.dll — aucun élu sans preuve supplémentaire
		Com.Ankama.Dofus.Server.Game.Protocol.Ride.RideRefreshEvent			À_CLASSER	1098 candidats à égalité de forme dans Ankama.Dofus.Protocol.Game.dll — aucun élu sans preuve supplémentaire
		Com.Ankama.Dofus.Server.Game.Protocol.Ride.RideRenameResponse			À_CLASSER	1098 candidats à égalité de forme dans Ankama.Dofus.Protocol.Game.dll — aucun élu sans preuve supplémentaire
		Com.Ankama.Dofus.Server.Game.Protocol.Ride.SimulatePaddockGaugeBoostRequest			À_CLASSER	1098 candidats à égalité de forme dans Ankama.Dofus.Protocol.Game.dll — aucun élu sans preuve supplémentaire
		Com.Ankama.Dofus.Server.Game.Protocol.Ride.SimulatePaddockGaugeBoostResponse			À_CLASSER	1098 candidats à égalité de forme dans Ankama.Dofus.Protocol.Game.dll — aucun élu sans preuve supplémentaire
		Com.Ankama.Dofus.Server.Game.Protocol.Roleplay.MonsterAngryAtPlayerEvent			À_CLASSER	1098 candidats à égalité de forme dans Ankama.Dofus.Protocol.Game.dll — aucun élu sans preuve supplémentaire
		Com.Ankama.Dofus.Server.Game.Protocol.Roleplay.ShowChallengeEvent			À_CLASSER	1098 candidats à égalité de forme dans Ankama.Dofus.Protocol.Game.dll — aucun élu sans preuve supplémentaire
		Com.Ankama.Dofus.Server.Game.Protocol.Social.MoodUpdateEvent			À_CLASSER	1098 candidats à égalité de forme dans Ankama.Dofus.Protocol.Game.dll — aucun élu sans preuve supplémentaire
		Com.Ankama.Dofus.Server.Game.Protocol.Social.PlayersMapAttackableStatusUpdateEvent			À_CLASSER	1098 candidats à égalité de forme dans Ankama.Dofus.Protocol.Game.dll — aucun élu sans preuve supplémentaire
		Com.Ankama.Dofus.Server.Game.Protocol.Social.SetMoodEvent			À_CLASSER	1098 candidats à égalité de forme dans Ankama.Dofus.Protocol.Game.dll — aucun élu sans preuve supplémentaire
		Com.Ankama.Dofus.Server.Game.Protocol.Social.SetMoodRequest			À_CLASSER	1098 candidats à égalité de forme dans Ankama.Dofus.Protocol.Game.dll — aucun élu sans preuve supplémentaire
		Com.Ankama.Dofus.Server.Game.Protocol.Social.SpouseInformationEvent			À_CLASSER	1098 candidats à égalité de forme dans Ankama.Dofus.Protocol.Game.dll — aucun élu sans preuve supplémentaire
		Com.Ankama.Dofus.Server.Game.Protocol.Spell.ForgettableSpellActionRequest			À_CLASSER	1098 candidats à égalité de forme dans Ankama.Dofus.Protocol.Game.dll — aucun élu sans preuve supplémentaire
		Com.Ankama.Dofus.Server.Game.Protocol.Spell.ForgettableSpellDeletionEvent			À_CLASSER	1098 candidats à égalité de forme dans Ankama.Dofus.Protocol.Game.dll — aucun élu sans preuve supplémentaire
		Com.Ankama.Dofus.Server.Game.Protocol.Spell.ForgettableSpellsEvent			À_CLASSER	1098 candidats à égalité de forme dans Ankama.Dofus.Protocol.Game.dll — aucun élu sans preuve supplémentaire
		Com.Ankama.Dofus.Server.Game.Protocol.Spell.RemoveSpellModifierEvent			À_CLASSER	1098 candidats à égalité de forme dans Ankama.Dofus.Protocol.Game.dll — aucun élu sans preuve supplémentaire
		Com.Ankama.Dofus.Server.Game.Protocol.Spell.SpellItem			À_CLASSER	1098 candidats à égalité de forme dans Ankama.Dofus.Protocol.Game.dll — aucun élu sans preuve supplémentaire
		Com.Ankama.Dofus.Server.Game.Protocol.Spell.SpellVariantActivationEvent			À_CLASSER	1098 candidats à égalité de forme dans Ankama.Dofus.Protocol.Game.dll — aucun élu sans preuve supplémentaire
		Com.Ankama.Dofus.Server.Game.Protocol.Tag.Storage.AddTagStorageResponse			À_CLASSER	1098 candidats à égalité de forme dans Ankama.Dofus.Protocol.Game.dll — aucun élu sans preuve supplémentaire
		Com.Ankama.Dofus.Server.Game.Protocol.Tag.Storage.RemoveTagObjectResponse			À_CLASSER	1098 candidats à égalité de forme dans Ankama.Dofus.Protocol.Game.dll — aucun élu sans preuve supplémentaire
		Com.Ankama.Dofus.Server.Game.Protocol.Tag.Storage.TagStoragesRefreshEvent			À_CLASSER	1098 candidats à égalité de forme dans Ankama.Dofus.Protocol.Game.dll — aucun élu sans preuve supplémentaire
		Com.Ankama.Dofus.Server.Game.Protocol.Taxcollector.TaxCollectorAttackResultEvent			À_CLASSER	1098 candidats à égalité de forme dans Ankama.Dofus.Protocol.Game.dll — aucun élu sans preuve supplémentaire
		Com.Ankama.Dofus.Server.Game.Protocol.Taxcollector.TaxCollectorEquipmentUpdateEvent			À_CLASSER	1098 candidats à égalité de forme dans Ankama.Dofus.Protocol.Game.dll — aucun élu sans preuve supplémentaire
		Com.Ankama.Dofus.Server.Game.Protocol.Taxcollector.TaxCollectorErrorEvent			À_CLASSER	1098 candidats à égalité de forme dans Ankama.Dofus.Protocol.Game.dll — aucun élu sans preuve supplémentaire
		Com.Ankama.Dofus.Server.Game.Protocol.Taxcollector.TaxCollectorHarvestedEvent			À_CLASSER	1098 candidats à égalité de forme dans Ankama.Dofus.Protocol.Game.dll — aucun élu sans preuve supplémentaire
		Com.Ankama.Dofus.Server.Game.Protocol.Taxcollector.TaxCollectorMovement			À_CLASSER	1098 candidats à égalité de forme dans Ankama.Dofus.Protocol.Game.dll — aucun élu sans preuve supplémentaire
		Com.Ankama.Dofus.Server.Game.Protocol.Taxcollector.TaxCollectorPresetSpellAddRequest			À_CLASSER	1098 candidats à égalité de forme dans Ankama.Dofus.Protocol.Game.dll — aucun élu sans preuve supplémentaire
		Com.Ankama.Dofus.Server.Game.Protocol.Taxcollector.TaxCollectorPresetSpellMoveRequest			À_CLASSER	1098 candidats à égalité de forme dans Ankama.Dofus.Protocol.Game.dll — aucun élu sans preuve supplémentaire
		Com.Ankama.Dofus.Server.Game.Protocol.Taxcollector.TaxCollectorPresetSpellUpdatedEvent			À_CLASSER	1098 candidats à égalité de forme dans Ankama.Dofus.Protocol.Game.dll — aucun élu sans preuve supplémentaire
		Com.Ankama.Dofus.Server.Game.Protocol.Taxcollector.TaxCollectorPresetsUpdatesListenStopRequest			À_CLASSER	1098 candidats à égalité de forme dans Ankama.Dofus.Protocol.Game.dll — aucun élu sans preuve supplémentaire
		Com.Ankama.Dofus.Server.Game.Protocol.Taxcollector.TaxCollectorTopListEvent			À_CLASSER	1098 candidats à égalité de forme dans Ankama.Dofus.Protocol.Game.dll — aucun élu sans preuve supplémentaire
		Com.Ankama.Dofus.Server.Game.Protocol.Taxcollector.TaxCollectorUpdatesListeningConfirmationEvent			À_CLASSER	1098 candidats à égalité de forme dans Ankama.Dofus.Protocol.Game.dll — aucun élu sans preuve supplémentaire
		Com.Ankama.Dofus.Server.Game.Protocol.Teleportation.TeleportBuddiesAnswerRequest			À_CLASSER	1098 candidats à égalité de forme dans Ankama.Dofus.Protocol.Game.dll — aucun élu sans preuve supplémentaire
		Com.Ankama.Dofus.Server.Game.Protocol.Teleportation.TeleportDestination			À_CLASSER	1098 candidats à égalité de forme dans Ankama.Dofus.Protocol.Game.dll — aucun élu sans preuve supplémentaire
		Com.Ankama.Dofus.Server.Game.Protocol.Teleportation.TeleportDestinationsEvent			À_CLASSER	1098 candidats à égalité de forme dans Ankama.Dofus.Protocol.Game.dll — aucun élu sans preuve supplémentaire
		Com.Ankama.Dofus.Server.Game.Protocol.Tinsel.OrnamentLostEvent			À_CLASSER	1098 candidats à égalité de forme dans Ankama.Dofus.Protocol.Game.dll — aucun élu sans preuve supplémentaire
		Com.Ankama.Dofus.Server.Game.Protocol.Treasure.Hunt.TreasureHuntAnswerEvent			À_CLASSER	1098 candidats à égalité de forme dans Ankama.Dofus.Protocol.Game.dll — aucun élu sans preuve supplémentaire
		Com.Ankama.Dofus.Server.Game.Protocol.Treasure.Hunt.TreasureHuntDigAnswerEvent			À_CLASSER	1098 candidats à égalité de forme dans Ankama.Dofus.Protocol.Game.dll — aucun élu sans preuve supplémentaire
knk	13153	Com.Ankama.Dofus.Server.Game.Protocol.Treasure.Hunt.TreasureHuntEvent	1.0	forme_imbriquee	DÉDUIT	forme exacte unique dans Ankama.Dofus.Protocol.Game.dll (0 autre candidat)
		Com.Ankama.Dofus.Server.Game.Protocol.Treasure.Hunt.TreasureHuntFinishedEvent			À_CLASSER	1098 candidats à égalité de forme dans Ankama.Dofus.Protocol.Game.dll — aucun élu sans preuve supplémentaire
		Com.Ankama.Dofus.Server.Game.Protocol.Treasure.Hunt.TreasureHuntFlagAnswerEvent			À_CLASSER	1098 candidats à égalité de forme dans Ankama.Dofus.Protocol.Game.dll — aucun élu sans preuve supplémentaire
		Com.Ankama.Dofus.Server.Game.Protocol.Treasure.Hunt.TreasureHuntLegendaryRequest			À_CLASSER	1098 candidats à égalité de forme dans Ankama.Dofus.Protocol.Game.dll — aucun élu sans preuve supplémentaire
		Com.Ankama.Dofus.Server.Game.Protocol.Ui.ClientUIOpenedEvent			À_CLASSER	1098 candidats à égalité de forme dans Ankama.Dofus.Protocol.Game.dll — aucun élu sans preuve supplémentaire
		Com.Ankama.Dofus.Server.Game.Protocol.World.Event.WorldEventLadderDetailsEvent			À_CLASSER	1098 candidats à égalité de forme dans Ankama.Dofus.Protocol.Game.dll — aucun élu sans preuve supplémentaire
		Com.Ankama.Dofus.Server.Game.Protocol.World.Event.WorldEventLadderRequest			À_CLASSER	1098 candidats à égalité de forme dans Ankama.Dofus.Protocol.Game.dll — aucun élu sans preuve supplémentaire
		Com.Ankama.Dofus.Server.Game.Protocol.World.Event.WorldEventLadderSearchRequest			À_CLASSER	1098 candidats à égalité de forme dans Ankama.Dofus.Protocol.Game.dll — aucun élu sans preuve supplémentaire
		Com.Ankama.Dofus.Server.Game.Protocol.World.Event.WorldEventRewardList			À_CLASSER	1098 candidats à égalité de forme dans Ankama.Dofus.Protocol.Game.dll — aucun élu sans preuve supplémentaire
		Com.Ankama.Dofus.Server.Game.Protocol.World.Event.WorldEventRewardObject			À_CLASSER	12 candidats à égalité de forme dans Ankama.Dofus.Protocol.Game.dll — aucun élu sans preuve supplémentaire
		Com.Ankama.Dofus.Server.Game.Protocol.World.Event.WorldEventRewardsStopListeningRequest			À_CLASSER	1098 candidats à égalité de forme dans Ankama.Dofus.Protocol.Game.dll — aucun élu sans preuve supplémentaire
		Com.Ankama.Dofus.Server.Game.Protocol.World.Event.WorldEventTeamAlteration			À_CLASSER	1098 candidats à égalité de forme dans Ankama.Dofus.Protocol.Game.dll — aucun élu sans preuve supplémentaire
kfn		Com.Ankama.Dofus.Server.Game.Protocol.Guild.Mission.GuildMission+Types+Objective	0.6	parent_drag	DÉDUIT	seul enfant de forme ((), ()) des deux côtés (parent kfp déjà proposé)
kni		Com.Ankama.Dofus.Server.Game.Protocol.Treasure.Hunt.TreasureHuntEvent+Types+TreasureHuntStep	0.6	parent_drag	DÉDUIT	seul enfant de forme ((),) des deux côtés (parent knk déjà proposé)
