message_nom	protocol_id	fichier:ligne	nb_champs	champs
AdminCommandMessage	76	refs/Symbioz-2.38/Symbioz.Protocol/Messages/authorized/AdminCommandMessage.cs:33	1	content:string
AdminQuietCommandMessage	5662	refs/Symbioz-2.38/Symbioz.Protocol/Messages/authorized/AdminQuietCommandMessage.cs:33	0	
ConsoleCommandsListMessage	6127	refs/Symbioz-2.38/Symbioz.Protocol/Messages/authorized/ConsoleCommandsListMessage.cs:33	3	aliases:string[];args:string[];descriptions:string[]
ConsoleMessage	75	refs/Symbioz-2.38/Symbioz.Protocol/Messages/authorized/ConsoleMessage.cs:33	2	type:sbyte;content:string
NetworkDataContainerMessage	2	refs/Symbioz-2.38/Symbioz.Protocol/Messages/common/NetworkDataContainerMessage.cs:33	0	
AggregateStatMessage	6669	refs/Symbioz-2.38/Symbioz.Protocol/Messages/common/basic/AggregateStatMessage.cs:33	1	statId:ushort
AggregateStatWithDataMessage	6662	refs/Symbioz-2.38/Symbioz.Protocol/Messages/common/basic/AggregateStatWithDataMessage.cs:33	1	datas:Types.StatisticData[]
BasicPingMessage	182	refs/Symbioz-2.38/Symbioz.Protocol/Messages/common/basic/BasicPingMessage.cs:33	1	quiet:bool
BasicPongMessage	183	refs/Symbioz-2.38/Symbioz.Protocol/Messages/common/basic/BasicPongMessage.cs:33	1	quiet:bool
BasicStatMessage	6530	refs/Symbioz-2.38/Symbioz.Protocol/Messages/common/basic/BasicStatMessage.cs:33	2	timeSpent:double;statId:ushort
BasicStatWithDataMessage	6573	refs/Symbioz-2.38/Symbioz.Protocol/Messages/common/basic/BasicStatWithDataMessage.cs:33	1	datas:Types.StatisticData[]
CredentialsAcknowledgementMessage	6314	refs/Symbioz-2.38/Symbioz.Protocol/Messages/connection/CredentialsAcknowledgementMessage.cs:33	0	
HelloConnectMessage	3	refs/Symbioz-2.38/Symbioz.Protocol/Messages/connection/HelloConnectMessage.cs:33	2	salt:string;key:sbyte[]
IdentificationAccountForceMessage	6119	refs/Symbioz-2.38/Symbioz.Protocol/Messages/connection/IdentificationAccountForceMessage.cs:33	1	forcedAccountLogin:string
IdentificationFailedBannedMessage	6174	refs/Symbioz-2.38/Symbioz.Protocol/Messages/connection/IdentificationFailedBannedMessage.cs:33	1	banEndDate:double
IdentificationFailedForBadVersionMessage	21	refs/Symbioz-2.38/Symbioz.Protocol/Messages/connection/IdentificationFailedForBadVersionMessage.cs:33	1	requiredVersion:Types.Version
IdentificationFailedMessage	20	refs/Symbioz-2.38/Symbioz.Protocol/Messages/connection/IdentificationFailedMessage.cs:33	1	reason:sbyte
IdentificationMessage	4	refs/Symbioz-2.38/Symbioz.Protocol/Messages/connection/IdentificationMessage.cs:33	9	autoconnect:bool;useCertificate:bool;useLoginToken:bool;version:Types.VersionExtended;lang:string;credentials:sbyte[];serverId:short;sessionOptionalSalt:long;failedAttempts:ushort[]
IdentificationSuccessMessage	22	refs/Symbioz-2.38/Symbioz.Protocol/Messages/connection/IdentificationSuccessMessage.cs:33	11	hasRights:bool;wasAlreadyConnected:bool;login:string;nickname:string;accountId:int;communityId:sbyte;secretQuestion:string;accountCreation:double;subscriptionElapsedDuration:double;subscriptionEndDate:double;havenbagAvailableRoom:byte
IdentificationSuccessWithLoginTokenMessage	6209	refs/Symbioz-2.38/Symbioz.Protocol/Messages/connection/IdentificationSuccessWithLoginTokenMessage.cs:33	1	loginToken:string
SelectedServerDataExtendedMessage	6469	refs/Symbioz-2.38/Symbioz.Protocol/Messages/connection/SelectedServerDataExtendedMessage.cs:33	1	serverIds:ushort[]
SelectedServerDataMessage	42	refs/Symbioz-2.38/Symbioz.Protocol/Messages/connection/SelectedServerDataMessage.cs:33	5	serverId:ushort;address:string;port:ushort;canCreateNewCharacter:bool;ticket:sbyte[]
SelectedServerRefusedMessage	41	refs/Symbioz-2.38/Symbioz.Protocol/Messages/connection/SelectedServerRefusedMessage.cs:33	3	serverId:ushort;error:sbyte;serverStatus:sbyte
ServerSelectionMessage	40	refs/Symbioz-2.38/Symbioz.Protocol/Messages/connection/ServerSelectionMessage.cs:33	1	serverId:ushort
ServerStatusUpdateMessage	50	refs/Symbioz-2.38/Symbioz.Protocol/Messages/connection/ServerStatusUpdateMessage.cs:33	1	server:Types.GameServerInformations
ServersListMessage	30	refs/Symbioz-2.38/Symbioz.Protocol/Messages/connection/ServersListMessage.cs:33	3	servers:Types.GameServerInformations[];alreadyConnectedToServerId:ushort;canCreateNewCharacter:bool
AccountLinkRequiredMessage	6607	refs/Symbioz-2.38/Symbioz.Protocol/Messages/connection/register/AccountLinkRequiredMessage.cs:33	0	
NicknameAcceptedMessage	5641	refs/Symbioz-2.38/Symbioz.Protocol/Messages/connection/register/NicknameAcceptedMessage.cs:33	0	
NicknameChoiceRequestMessage	5639	refs/Symbioz-2.38/Symbioz.Protocol/Messages/connection/register/NicknameChoiceRequestMessage.cs:33	1	nickname:string
NicknameRefusedMessage	5638	refs/Symbioz-2.38/Symbioz.Protocol/Messages/connection/register/NicknameRefusedMessage.cs:33	1	reason:sbyte
NicknameRegistrationMessage	5640	refs/Symbioz-2.38/Symbioz.Protocol/Messages/connection/register/NicknameRegistrationMessage.cs:33	0	
AcquaintanceSearchErrorMessage	6143	refs/Symbioz-2.38/Symbioz.Protocol/Messages/connection/search/AcquaintanceSearchErrorMessage.cs:33	1	reason:sbyte
AcquaintanceSearchMessage	6144	refs/Symbioz-2.38/Symbioz.Protocol/Messages/connection/search/AcquaintanceSearchMessage.cs:33	1	nickname:string
AcquaintanceServerListMessage	6142	refs/Symbioz-2.38/Symbioz.Protocol/Messages/connection/search/AcquaintanceServerListMessage.cs:33	1	servers:ushort[]
DebugClearHighlightCellsMessage	2002	refs/Symbioz-2.38/Symbioz.Protocol/Messages/debug/DebugClearHighlightCellsMessage.cs:33	0	
DebugHighlightCellsMessage	2001	refs/Symbioz-2.38/Symbioz.Protocol/Messages/debug/DebugHighlightCellsMessage.cs:33	2	color:int;cells:ushort[]
DebugInClientMessage	6028	refs/Symbioz-2.38/Symbioz.Protocol/Messages/debug/DebugInClientMessage.cs:33	2	level:sbyte;message:string
AchievementDetailedListMessage	6358	refs/Symbioz-2.38/Symbioz.Protocol/Messages/game/achievement/AchievementDetailedListMessage.cs:33	2	startedAchievements:Types.Achievement[];finishedAchievements:Types.Achievement[]
AchievementDetailedListRequestMessage	6357	refs/Symbioz-2.38/Symbioz.Protocol/Messages/game/achievement/AchievementDetailedListRequestMessage.cs:33	1	categoryId:ushort
AchievementDetailsMessage	6378	refs/Symbioz-2.38/Symbioz.Protocol/Messages/game/achievement/AchievementDetailsMessage.cs:33	1	achievement:Types.Achievement
AchievementDetailsRequestMessage	6380	refs/Symbioz-2.38/Symbioz.Protocol/Messages/game/achievement/AchievementDetailsRequestMessage.cs:33	1	achievementId:ushort
AchievementFinishedInformationMessage	6381	refs/Symbioz-2.38/Symbioz.Protocol/Messages/game/achievement/AchievementFinishedInformationMessage.cs:33	2	name:string;playerId:ulong
AchievementFinishedMessage	6208	refs/Symbioz-2.38/Symbioz.Protocol/Messages/game/achievement/AchievementFinishedMessage.cs:33	2	id:ushort;finishedlevel:byte
AchievementListMessage	6205	refs/Symbioz-2.38/Symbioz.Protocol/Messages/game/achievement/AchievementListMessage.cs:33	2	finishedAchievementsIds:ushort[];rewardableAchievements:Types.AchievementRewardable[]
AchievementRewardErrorMessage	6375	refs/Symbioz-2.38/Symbioz.Protocol/Messages/game/achievement/AchievementRewardErrorMessage.cs:33	1	achievementId:short
AchievementRewardRequestMessage	6377	refs/Symbioz-2.38/Symbioz.Protocol/Messages/game/achievement/AchievementRewardRequestMessage.cs:33	1	achievementId:short
AchievementRewardSuccessMessage	6376	refs/Symbioz-2.38/Symbioz.Protocol/Messages/game/achievement/AchievementRewardSuccessMessage.cs:33	1	achievementId:short
FriendGuildSetWarnOnAchievementCompleteMessage	6382	refs/Symbioz-2.38/Symbioz.Protocol/Messages/game/achievement/FriendGuildSetWarnOnAchievementCompleteMessage.cs:33	1	enable:bool
FriendGuildWarnOnAchievementCompleteStateMessage	6383	refs/Symbioz-2.38/Symbioz.Protocol/Messages/game/achievement/FriendGuildWarnOnAchievementCompleteStateMessage.cs:33	1	enable:bool
AbstractGameActionMessage	1000	refs/Symbioz-2.38/Symbioz.Protocol/Messages/game/actions/AbstractGameActionMessage.cs:33	2	actionId:ushort;sourceId:double
AbstractGameActionWithAckMessage	1001	refs/Symbioz-2.38/Symbioz.Protocol/Messages/game/actions/AbstractGameActionWithAckMessage.cs:33	1	waitAckId:short
GameActionAcknowledgementMessage	957	refs/Symbioz-2.38/Symbioz.Protocol/Messages/game/actions/GameActionAcknowledgementMessage.cs:33	2	valid:bool;actionId:sbyte
GameActionNoopMessage	1002	refs/Symbioz-2.38/Symbioz.Protocol/Messages/game/actions/GameActionNoopMessage.cs:33	0	
AbstractGameActionFightTargetedAbilityMessage	6118	refs/Symbioz-2.38/Symbioz.Protocol/Messages/game/actions/fight/AbstractGameActionFightTargetedAbilityMessage.cs:33	5	silentCast:bool;verboseCast:bool;targetId:double;destinationCellId:short;critical:sbyte
GameActionFightActivateGlyphTrapMessage	6545	refs/Symbioz-2.38/Symbioz.Protocol/Messages/game/actions/fight/GameActionFightActivateGlyphTrapMessage.cs:33	2	markId:short;active:bool
GameActionFightCarryCharacterMessage	5830	refs/Symbioz-2.38/Symbioz.Protocol/Messages/game/actions/fight/GameActionFightCarryCharacterMessage.cs:33	2	targetId:double;cellId:short
GameActionFightCastOnTargetRequestMessage	6330	refs/Symbioz-2.38/Symbioz.Protocol/Messages/game/actions/fight/GameActionFightCastOnTargetRequestMessage.cs:33	2	spellId:ushort;targetId:double
GameActionFightCastRequestMessage	1005	refs/Symbioz-2.38/Symbioz.Protocol/Messages/game/actions/fight/GameActionFightCastRequestMessage.cs:33	2	spellId:ushort;cellId:short
GameActionFightChangeLookMessage	5532	refs/Symbioz-2.38/Symbioz.Protocol/Messages/game/actions/fight/GameActionFightChangeLookMessage.cs:33	2	targetId:double;entityLook:Types.EntityLook
GameActionFightCloseCombatMessage	6116	refs/Symbioz-2.38/Symbioz.Protocol/Messages/game/actions/fight/GameActionFightCloseCombatMessage.cs:33	1	weaponGenericId:ushort
GameActionFightDeathMessage	1099	refs/Symbioz-2.38/Symbioz.Protocol/Messages/game/actions/fight/GameActionFightDeathMessage.cs:33	1	targetId:double
GameActionFightDispellEffectMessage	6113	refs/Symbioz-2.38/Symbioz.Protocol/Messages/game/actions/fight/GameActionFightDispellEffectMessage.cs:33	1	boostUID:int
GameActionFightDispellMessage	5533	refs/Symbioz-2.38/Symbioz.Protocol/Messages/game/actions/fight/GameActionFightDispellMessage.cs:33	1	targetId:double
GameActionFightDispellSpellMessage	6176	refs/Symbioz-2.38/Symbioz.Protocol/Messages/game/actions/fight/GameActionFightDispellSpellMessage.cs:33	1	spellId:ushort
GameActionFightDispellableEffectMessage	6070	refs/Symbioz-2.38/Symbioz.Protocol/Messages/game/actions/fight/GameActionFightDispellableEffectMessage.cs:33	1	effect:Types.AbstractFightDispellableEffect
GameActionFightDodgePointLossMessage	5828	refs/Symbioz-2.38/Symbioz.Protocol/Messages/game/actions/fight/GameActionFightDodgePointLossMessage.cs:33	2	targetId:double;amount:ushort
GameActionFightDropCharacterMessage	5826	refs/Symbioz-2.38/Symbioz.Protocol/Messages/game/actions/fight/GameActionFightDropCharacterMessage.cs:33	2	targetId:double;cellId:short
GameActionFightExchangePositionsMessage	5527	refs/Symbioz-2.38/Symbioz.Protocol/Messages/game/actions/fight/GameActionFightExchangePositionsMessage.cs:33	3	targetId:double;casterCellId:short;targetCellId:short
GameActionFightInvisibilityMessage	5821	refs/Symbioz-2.38/Symbioz.Protocol/Messages/game/actions/fight/GameActionFightInvisibilityMessage.cs:33	2	targetId:double;state:sbyte
GameActionFightInvisibleDetectedMessage	6320	refs/Symbioz-2.38/Symbioz.Protocol/Messages/game/actions/fight/GameActionFightInvisibleDetectedMessage.cs:33	2	targetId:double;cellId:short
GameActionFightKillMessage	5571	refs/Symbioz-2.38/Symbioz.Protocol/Messages/game/actions/fight/GameActionFightKillMessage.cs:33	1	targetId:double
GameActionFightLifeAndShieldPointsLostMessage	6310	refs/Symbioz-2.38/Symbioz.Protocol/Messages/game/actions/fight/GameActionFightLifeAndShieldPointsLostMessage.cs:33	1	shieldLoss:ushort
GameActionFightLifePointsGainMessage	6311	refs/Symbioz-2.38/Symbioz.Protocol/Messages/game/actions/fight/GameActionFightLifePointsGainMessage.cs:33	2	targetId:double;delta:uint
GameActionFightLifePointsLostMessage	6312	refs/Symbioz-2.38/Symbioz.Protocol/Messages/game/actions/fight/GameActionFightLifePointsLostMessage.cs:33	3	targetId:double;loss:uint;permanentDamages:uint
GameActionFightMarkCellsMessage	5540	refs/Symbioz-2.38/Symbioz.Protocol/Messages/game/actions/fight/GameActionFightMarkCellsMessage.cs:33	1	mark:Types.GameActionMark
GameActionFightModifyEffectsDurationMessage	6304	refs/Symbioz-2.38/Symbioz.Protocol/Messages/game/actions/fight/GameActionFightModifyEffectsDurationMessage.cs:33	2	targetId:double;delta:short
GameActionFightNoSpellCastMessage	6132	refs/Symbioz-2.38/Symbioz.Protocol/Messages/game/actions/fight/GameActionFightNoSpellCastMessage.cs:33	1	spellLevelId:uint
GameActionFightPointsVariationMessage	1030	refs/Symbioz-2.38/Symbioz.Protocol/Messages/game/actions/fight/GameActionFightPointsVariationMessage.cs:33	2	targetId:double;delta:short
GameActionFightReduceDamagesMessage	5526	refs/Symbioz-2.38/Symbioz.Protocol/Messages/game/actions/fight/GameActionFightReduceDamagesMessage.cs:33	2	targetId:double;amount:uint
GameActionFightReflectDamagesMessage	5530	refs/Symbioz-2.38/Symbioz.Protocol/Messages/game/actions/fight/GameActionFightReflectDamagesMessage.cs:33	1	targetId:double
GameActionFightReflectSpellMessage	5531	refs/Symbioz-2.38/Symbioz.Protocol/Messages/game/actions/fight/GameActionFightReflectSpellMessage.cs:33	1	targetId:double
GameActionFightSlideMessage	5525	refs/Symbioz-2.38/Symbioz.Protocol/Messages/game/actions/fight/GameActionFightSlideMessage.cs:33	3	targetId:double;startCellId:short;endCellId:short
GameActionFightSpellCastMessage	1010	refs/Symbioz-2.38/Symbioz.Protocol/Messages/game/actions/fight/GameActionFightSpellCastMessage.cs:33	3	spellId:ushort;spellLevel:sbyte;portalsIds:short[]
GameActionFightSpellCooldownVariationMessage	6219	refs/Symbioz-2.38/Symbioz.Protocol/Messages/game/actions/fight/GameActionFightSpellCooldownVariationMessage.cs:33	3	targetId:double;spellId:ushort;value:short
GameActionFightSpellImmunityMessage	6221	refs/Symbioz-2.38/Symbioz.Protocol/Messages/game/actions/fight/GameActionFightSpellImmunityMessage.cs:33	2	targetId:double;spellId:ushort
GameActionFightStealKamaMessage	5535	refs/Symbioz-2.38/Symbioz.Protocol/Messages/game/actions/fight/GameActionFightStealKamaMessage.cs:33	2	targetId:double;amount:uint
GameActionFightSummonMessage	5825	refs/Symbioz-2.38/Symbioz.Protocol/Messages/game/actions/fight/GameActionFightSummonMessage.cs:33	1	summons:Types.GameFightFighterInformations[]
GameActionFightTackledMessage	1004	refs/Symbioz-2.38/Symbioz.Protocol/Messages/game/actions/fight/GameActionFightTackledMessage.cs:33	1	tacklersIds:double[]
GameActionFightTeleportOnSameMapMessage	5528	refs/Symbioz-2.38/Symbioz.Protocol/Messages/game/actions/fight/GameActionFightTeleportOnSameMapMessage.cs:33	2	targetId:double;cellId:short
GameActionFightThrowCharacterMessage	5829	refs/Symbioz-2.38/Symbioz.Protocol/Messages/game/actions/fight/GameActionFightThrowCharacterMessage.cs:33	2	targetId:double;cellId:short
GameActionFightTriggerEffectMessage	6147	refs/Symbioz-2.38/Symbioz.Protocol/Messages/game/actions/fight/GameActionFightTriggerEffectMessage.cs:33	0	
GameActionFightTriggerGlyphTrapMessage	5741	refs/Symbioz-2.38/Symbioz.Protocol/Messages/game/actions/fight/GameActionFightTriggerGlyphTrapMessage.cs:33	3	markId:short;triggeringCharacterId:double;triggeredSpellId:ushort
GameActionFightUnmarkCellsMessage	5570	refs/Symbioz-2.38/Symbioz.Protocol/Messages/game/actions/fight/GameActionFightUnmarkCellsMessage.cs:33	1	markId:short
GameActionFightVanishMessage	6217	refs/Symbioz-2.38/Symbioz.Protocol/Messages/game/actions/fight/GameActionFightVanishMessage.cs:33	1	targetId:double
SequenceEndMessage	956	refs/Symbioz-2.38/Symbioz.Protocol/Messages/game/actions/sequence/SequenceEndMessage.cs:33	3	actionId:ushort;authorId:double;sequenceType:sbyte
SequenceStartMessage	955	refs/Symbioz-2.38/Symbioz.Protocol/Messages/game/actions/sequence/SequenceStartMessage.cs:33	2	sequenceType:sbyte;authorId:double
AllianceChangeGuildRightsMessage	6426	refs/Symbioz-2.38/Symbioz.Protocol/Messages/game/alliance/AllianceChangeGuildRightsMessage.cs:33	2	guildId:uint;rights:sbyte
AllianceCreationResultMessage	6391	refs/Symbioz-2.38/Symbioz.Protocol/Messages/game/alliance/AllianceCreationResultMessage.cs:33	1	result:sbyte
AllianceCreationStartedMessage	6394	refs/Symbioz-2.38/Symbioz.Protocol/Messages/game/alliance/AllianceCreationStartedMessage.cs:33	0	
AllianceCreationValidMessage	6393	refs/Symbioz-2.38/Symbioz.Protocol/Messages/game/alliance/AllianceCreationValidMessage.cs:33	3	allianceName:string;allianceTag:string;allianceEmblem:Types.GuildEmblem
AllianceFactsErrorMessage	6423	refs/Symbioz-2.38/Symbioz.Protocol/Messages/game/alliance/AllianceFactsErrorMessage.cs:33	1	allianceId:uint
AllianceFactsMessage	6414	refs/Symbioz-2.38/Symbioz.Protocol/Messages/game/alliance/AllianceFactsMessage.cs:33	5	infos:Types.AllianceFactSheetInformations;guilds:Types.GuildInAllianceInformations[];controlledSubareaIds:ushort[];leaderCharacterId:ulong;leaderCharacterName:string
AllianceFactsRequestMessage	6409	refs/Symbioz-2.38/Symbioz.Protocol/Messages/game/alliance/AllianceFactsRequestMessage.cs:33	1	allianceId:uint
AllianceGuildLeavingMessage	6399	refs/Symbioz-2.38/Symbioz.Protocol/Messages/game/alliance/AllianceGuildLeavingMessage.cs:33	2	kicked:bool;guildId:uint
AllianceInsiderInfoMessage	6403	refs/Symbioz-2.38/Symbioz.Protocol/Messages/game/alliance/AllianceInsiderInfoMessage.cs:33	3	allianceInfos:Types.AllianceFactSheetInformations;guilds:Types.GuildInsiderFactSheetInformations[];prisms:Types.PrismSubareaEmptyInfo[]
AllianceInsiderInfoRequestMessage	6417	refs/Symbioz-2.38/Symbioz.Protocol/Messages/game/alliance/AllianceInsiderInfoRequestMessage.cs:33	0	
AllianceInvitationAnswerMessage	6401	refs/Symbioz-2.38/Symbioz.Protocol/Messages/game/alliance/AllianceInvitationAnswerMessage.cs:33	1	accept:bool
AllianceInvitationMessage	6395	refs/Symbioz-2.38/Symbioz.Protocol/Messages/game/alliance/AllianceInvitationMessage.cs:33	1	targetId:ulong
AllianceInvitationStateRecrutedMessage	6392	refs/Symbioz-2.38/Symbioz.Protocol/Messages/game/alliance/AllianceInvitationStateRecrutedMessage.cs:33	1	invitationState:sbyte
AllianceInvitationStateRecruterMessage	6396	refs/Symbioz-2.38/Symbioz.Protocol/Messages/game/alliance/AllianceInvitationStateRecruterMessage.cs:33	2	recrutedName:string;invitationState:sbyte
AllianceInvitedMessage	6397	refs/Symbioz-2.38/Symbioz.Protocol/Messages/game/alliance/AllianceInvitedMessage.cs:33	3	recruterId:ulong;recruterName:string;allianceInfo:Types.BasicNamedAllianceInformations
AllianceJoinedMessage	6402	refs/Symbioz-2.38/Symbioz.Protocol/Messages/game/alliance/AllianceJoinedMessage.cs:33	2	allianceInfo:Types.AllianceInformations;enabled:bool
AllianceKickRequestMessage	6400	refs/Symbioz-2.38/Symbioz.Protocol/Messages/game/alliance/AllianceKickRequestMessage.cs:33	1	kickedId:uint
AllianceLeftMessage	6398	refs/Symbioz-2.38/Symbioz.Protocol/Messages/game/alliance/AllianceLeftMessage.cs:33	0	
AllianceListMessage	6408	refs/Symbioz-2.38/Symbioz.Protocol/Messages/game/alliance/AllianceListMessage.cs:33	1	alliances:Types.AllianceFactSheetInformations[]
AllianceMembershipMessage	6390	refs/Symbioz-2.38/Symbioz.Protocol/Messages/game/alliance/AllianceMembershipMessage.cs:33	0	
AllianceModificationEmblemValidMessage	6447	refs/Symbioz-2.38/Symbioz.Protocol/Messages/game/alliance/AllianceModificationEmblemValidMessage.cs:33	1	Alliancemblem:Types.GuildEmblem
AllianceModificationNameAndTagValidMessage	6449	refs/Symbioz-2.38/Symbioz.Protocol/Messages/game/alliance/AllianceModificationNameAndTagValidMessage.cs:33	2	allianceName:string;allianceTag:string
AllianceModificationStartedMessage	6444	refs/Symbioz-2.38/Symbioz.Protocol/Messages/game/alliance/AllianceModificationStartedMessage.cs:33	3	canChangeName:bool;canChangeTag:bool;canChangeEmblem:bool
AllianceModificationValidMessage	6450	refs/Symbioz-2.38/Symbioz.Protocol/Messages/game/alliance/AllianceModificationValidMessage.cs:33	3	allianceName:string;allianceTag:string;Alliancemblem:Types.GuildEmblem
AlliancePartialListMessage	6427	refs/Symbioz-2.38/Symbioz.Protocol/Messages/game/alliance/AlliancePartialListMessage.cs:33	0	
AllianceVersatileInfoListMessage	6436	refs/Symbioz-2.38/Symbioz.Protocol/Messages/game/alliance/AllianceVersatileInfoListMessage.cs:33	1	alliances:Types.AllianceVersatileInformations[]
KohUpdateMessage	6439	refs/Symbioz-2.38/Symbioz.Protocol/Messages/game/alliance/KohUpdateMessage.cs:33	8	alliances:Types.AllianceInformations[];allianceNbMembers:ushort[];allianceRoundWeigth:uint[];allianceMatchScore:sbyte[];allianceMapWinner:Types.BasicAllianceInformations;allianceMapWinnerScore:uint;allianceMapMyAllianceScore:uint;nextTickTime:double
AlmanachCalendarDateMessage	6341	refs/Symbioz-2.38/Symbioz.Protocol/Messages/game/almanach/AlmanachCalendarDateMessage.cs:33	1	date:int
AccountCapabilitiesMessage	6216	refs/Symbioz-2.38/Symbioz.Protocol/Messages/game/approach/AccountCapabilitiesMessage.cs:33	6	tutorialAvailable:bool;canCreateNewCharacter:bool;accountId:int;breedsVisible:uint;breedsAvailable:uint;status:sbyte
AccountLoggingKickedMessage	6029	refs/Symbioz-2.38/Symbioz.Protocol/Messages/game/approach/AccountLoggingKickedMessage.cs:33	3	days:ushort;hours:sbyte;minutes:sbyte
AlreadyConnectedMessage	109	refs/Symbioz-2.38/Symbioz.Protocol/Messages/game/approach/AlreadyConnectedMessage.cs:33	0	
AuthenticationTicketAcceptedMessage	111	refs/Symbioz-2.38/Symbioz.Protocol/Messages/game/approach/AuthenticationTicketAcceptedMessage.cs:33	0	
AuthenticationTicketMessage	110	refs/Symbioz-2.38/Symbioz.Protocol/Messages/game/approach/AuthenticationTicketMessage.cs:33	2	lang:string;ticket:string
AuthenticationTicketRefusedMessage	112	refs/Symbioz-2.38/Symbioz.Protocol/Messages/game/approach/AuthenticationTicketRefusedMessage.cs:33	0	
HelloGameMessage	101	refs/Symbioz-2.38/Symbioz.Protocol/Messages/game/approach/HelloGameMessage.cs:33	0	
ReloginTokenRequestMessage	6540	refs/Symbioz-2.38/Symbioz.Protocol/Messages/game/approach/ReloginTokenRequestMessage.cs:33	0	
ReloginTokenStatusMessage	6539	refs/Symbioz-2.38/Symbioz.Protocol/Messages/game/approach/ReloginTokenStatusMessage.cs:33	2	validToken:bool;ticket:sbyte[]
ServerOptionalFeaturesMessage	6305	refs/Symbioz-2.38/Symbioz.Protocol/Messages/game/approach/ServerOptionalFeaturesMessage.cs:33	1	features:sbyte[]
ServerSessionConstantsMessage	6434	refs/Symbioz-2.38/Symbioz.Protocol/Messages/game/approach/ServerSessionConstantsMessage.cs:33	1	variables:Types.ServerSessionConstant[]
ServerSettingsMessage	6340	refs/Symbioz-2.38/Symbioz.Protocol/Messages/game/approach/ServerSettingsMessage.cs:33	4	lang:string;community:sbyte;gameType:sbyte;arenaLeaveBanTime:ushort
AtlasPointInformationsMessage	5956	refs/Symbioz-2.38/Symbioz.Protocol/Messages/game/atlas/AtlasPointInformationsMessage.cs:33	1	type:Types.AtlasPointsInformations
CompassResetMessage	5584	refs/Symbioz-2.38/Symbioz.Protocol/Messages/game/atlas/compass/CompassResetMessage.cs:33	1	type:sbyte
CompassUpdateMessage	5591	refs/Symbioz-2.38/Symbioz.Protocol/Messages/game/atlas/compass/CompassUpdateMessage.cs:33	2	type:sbyte;coords:Types.MapCoordinates
CompassUpdatePartyMemberMessage	5589	refs/Symbioz-2.38/Symbioz.Protocol/Messages/game/atlas/compass/CompassUpdatePartyMemberMessage.cs:33	2	memberId:ulong;active:bool
CompassUpdatePvpSeekMessage	6013	refs/Symbioz-2.38/Symbioz.Protocol/Messages/game/atlas/compass/CompassUpdatePvpSeekMessage.cs:33	2	memberId:ulong;memberName:string
BasicAckMessage	6362	refs/Symbioz-2.38/Symbioz.Protocol/Messages/game/basic/BasicAckMessage.cs:33	2	seq:uint;lastPacketId:ushort
BasicDateMessage	177	refs/Symbioz-2.38/Symbioz.Protocol/Messages/game/basic/BasicDateMessage.cs:33	3	day:sbyte;month:sbyte;year:short
BasicLatencyStatsMessage	5663	refs/Symbioz-2.38/Symbioz.Protocol/Messages/game/basic/BasicLatencyStatsMessage.cs:33	3	latency:ushort;sampleCount:ushort;max:ushort
BasicLatencyStatsRequestMessage	5816	refs/Symbioz-2.38/Symbioz.Protocol/Messages/game/basic/BasicLatencyStatsRequestMessage.cs:33	0	
BasicNoOperationMessage	176	refs/Symbioz-2.38/Symbioz.Protocol/Messages/game/basic/BasicNoOperationMessage.cs:33	0	
BasicTimeMessage	175	refs/Symbioz-2.38/Symbioz.Protocol/Messages/game/basic/BasicTimeMessage.cs:33	2	timestamp:double;timezoneOffset:short
BasicWhoAmIRequestMessage	5664	refs/Symbioz-2.38/Symbioz.Protocol/Messages/game/basic/BasicWhoAmIRequestMessage.cs:33	1	verbose:bool
BasicWhoIsMessage	180	refs/Symbioz-2.38/Symbioz.Protocol/Messages/game/basic/BasicWhoIsMessage.cs:33	11	self:bool;verbose:bool;position:sbyte;accountNickname:string;accountId:int;playerName:string;playerId:ulong;areaId:short;serverId:short;socialGroups:Types.AbstractSocialGroupInfos[];playerState:sbyte
BasicWhoIsNoMatchMessage	179	refs/Symbioz-2.38/Symbioz.Protocol/Messages/game/basic/BasicWhoIsNoMatchMessage.cs:33	1	search:string
BasicWhoIsRequestMessage	181	refs/Symbioz-2.38/Symbioz.Protocol/Messages/game/basic/BasicWhoIsRequestMessage.cs:33	2	verbose:bool;search:string
CurrentServerStatusUpdateMessage	6525	refs/Symbioz-2.38/Symbioz.Protocol/Messages/game/basic/CurrentServerStatusUpdateMessage.cs:33	1	status:sbyte
NumericWhoIsMessage	6297	refs/Symbioz-2.38/Symbioz.Protocol/Messages/game/basic/NumericWhoIsMessage.cs:33	2	playerId:ulong;accountId:int
NumericWhoIsRequestMessage	6298	refs/Symbioz-2.38/Symbioz.Protocol/Messages/game/basic/NumericWhoIsRequestMessage.cs:33	1	playerId:ulong
SequenceNumberMessage	6317	refs/Symbioz-2.38/Symbioz.Protocol/Messages/game/basic/SequenceNumberMessage.cs:33	1	number:ushort
SequenceNumberRequestMessage	6316	refs/Symbioz-2.38/Symbioz.Protocol/Messages/game/basic/SequenceNumberRequestMessage.cs:33	0	
TextInformationMessage	780	refs/Symbioz-2.38/Symbioz.Protocol/Messages/game/basic/TextInformationMessage.cs:33	3	msgType:sbyte;msgId:ushort;parameters:string[]
BasicCharactersListMessage	6475	refs/Symbioz-2.38/Symbioz.Protocol/Messages/game/character/choice/BasicCharactersListMessage.cs:33	1	characters:Types.CharacterBaseInformations[]
CharacterFirstSelectionMessage	6084	refs/Symbioz-2.38/Symbioz.Protocol/Messages/game/character/choice/CharacterFirstSelectionMessage.cs:33	1	doTutorial:bool
CharacterReplayWithRemodelRequestMessage	6551	refs/Symbioz-2.38/Symbioz.Protocol/Messages/game/character/choice/CharacterReplayWithRemodelRequestMessage.cs:33	1	remodel:Types.RemodelingInformation
CharacterSelectedErrorMessage	5836	refs/Symbioz-2.38/Symbioz.Protocol/Messages/game/character/choice/CharacterSelectedErrorMessage.cs:33	0	
CharacterSelectedForceMessage	6068	refs/Symbioz-2.38/Symbioz.Protocol/Messages/game/character/choice/CharacterSelectedForceMessage.cs:33	1	id:int
CharacterSelectedForceReadyMessage	6072	refs/Symbioz-2.38/Symbioz.Protocol/Messages/game/character/choice/CharacterSelectedForceReadyMessage.cs:33	0	
CharacterSelectedSuccessMessage	153	refs/Symbioz-2.38/Symbioz.Protocol/Messages/game/character/choice/CharacterSelectedSuccessMessage.cs:33	2	infos:Types.CharacterBaseInformations;isCollectingStats:bool
CharacterSelectionMessage	152	refs/Symbioz-2.38/Symbioz.Protocol/Messages/game/character/choice/CharacterSelectionMessage.cs:33	1	id:ulong
CharacterSelectionWithRemodelMessage	6549	refs/Symbioz-2.38/Symbioz.Protocol/Messages/game/character/choice/CharacterSelectionWithRemodelMessage.cs:33	1	remodel:Types.RemodelingInformation
CharactersListErrorMessage	5545	refs/Symbioz-2.38/Symbioz.Protocol/Messages/game/character/choice/CharactersListErrorMessage.cs:33	0	
CharactersListMessage	151	refs/Symbioz-2.38/Symbioz.Protocol/Messages/game/character/choice/CharactersListMessage.cs:33	1	hasStartupActions:bool
CharactersListRequestMessage	150	refs/Symbioz-2.38/Symbioz.Protocol/Messages/game/character/choice/CharactersListRequestMessage.cs:33	0	
CharactersListWithModificationsMessage	6120	refs/Symbioz-2.38/Symbioz.Protocol/Messages/game/character/choice/CharactersListWithModificationsMessage.cs:33	4	charactersToRecolor:Types.CharacterToRecolorInformation[];charactersToRename:int[];unusableCharacters:int[];charactersToRelook:Types.CharacterToRelookInformation[]
CharactersListWithRemodelingMessage	6550	refs/Symbioz-2.38/Symbioz.Protocol/Messages/game/character/choice/CharactersListWithRemodelingMessage.cs:33	1	charactersToRemodel:Types.CharacterToRemodelInformations[]
CharacterCreationRequestMessage	160	refs/Symbioz-2.38/Symbioz.Protocol/Messages/game/character/creation/CharacterCreationRequestMessage.cs:33	5	name:string;breed:sbyte;sex:bool;colors:int[];cosmeticId:ushort
CharacterCreationResultMessage	161	refs/Symbioz-2.38/Symbioz.Protocol/Messages/game/character/creation/CharacterCreationResultMessage.cs:33	1	result:sbyte
CharacterNameSuggestionFailureMessage	164	refs/Symbioz-2.38/Symbioz.Protocol/Messages/game/character/creation/CharacterNameSuggestionFailureMessage.cs:33	1	reason:sbyte
CharacterNameSuggestionRequestMessage	162	refs/Symbioz-2.38/Symbioz.Protocol/Messages/game/character/creation/CharacterNameSuggestionRequestMessage.cs:33	0	
CharacterNameSuggestionSuccessMessage	5544	refs/Symbioz-2.38/Symbioz.Protocol/Messages/game/character/creation/CharacterNameSuggestionSuccessMessage.cs:33	1	suggestion:string
CharacterDeletionErrorMessage	166	refs/Symbioz-2.38/Symbioz.Protocol/Messages/game/character/deletion/CharacterDeletionErrorMessage.cs:33	1	reason:sbyte
CharacterDeletionRequestMessage	165	refs/Symbioz-2.38/Symbioz.Protocol/Messages/game/character/deletion/CharacterDeletionRequestMessage.cs:33	2	characterId:ulong;secretAnswerHash:string
CharacterReplayRequestMessage	167	refs/Symbioz-2.38/Symbioz.Protocol/Messages/game/character/replay/CharacterReplayRequestMessage.cs:33	1	characterId:ulong
CharacterExperienceGainMessage	6321	refs/Symbioz-2.38/Symbioz.Protocol/Messages/game/character/stats/CharacterExperienceGainMessage.cs:33	4	experienceCharacter:ulong;experienceMount:ulong;experienceGuild:ulong;experienceIncarnation:ulong
CharacterLevelUpInformationMessage	6076	refs/Symbioz-2.38/Symbioz.Protocol/Messages/game/character/stats/CharacterLevelUpInformationMessage.cs:33	2	name:string;id:ulong
CharacterLevelUpMessage	5670	refs/Symbioz-2.38/Symbioz.Protocol/Messages/game/character/stats/CharacterLevelUpMessage.cs:33	1	newLevel:byte
CharacterStatsListMessage	500	refs/Symbioz-2.38/Symbioz.Protocol/Messages/game/character/stats/CharacterStatsListMessage.cs:33	1	stats:Types.CharacterCharacteristicsInformations
FighterStatsListMessage	6322	refs/Symbioz-2.38/Symbioz.Protocol/Messages/game/character/stats/FighterStatsListMessage.cs:33	1	stats:Types.CharacterCharacteristicsInformations
LifePointsRegenBeginMessage	5684	refs/Symbioz-2.38/Symbioz.Protocol/Messages/game/character/stats/LifePointsRegenBeginMessage.cs:33	1	regenRate:byte
LifePointsRegenEndMessage	5686	refs/Symbioz-2.38/Symbioz.Protocol/Messages/game/character/stats/LifePointsRegenEndMessage.cs:33	1	lifePointsGained:uint
UpdateLifePointsMessage	5658	refs/Symbioz-2.38/Symbioz.Protocol/Messages/game/character/stats/UpdateLifePointsMessage.cs:33	2	lifePoints:uint;maxLifePoints:uint
PlayerStatusUpdateErrorMessage	6385	refs/Symbioz-2.38/Symbioz.Protocol/Messages/game/character/status/PlayerStatusUpdateErrorMessage.cs:33	0	
PlayerStatusUpdateMessage	6386	refs/Symbioz-2.38/Symbioz.Protocol/Messages/game/character/status/PlayerStatusUpdateMessage.cs:33	3	accountId:int;playerId:ulong;status:Types.PlayerStatus
PlayerStatusUpdateRequestMessage	6387	refs/Symbioz-2.38/Symbioz.Protocol/Messages/game/character/status/PlayerStatusUpdateRequestMessage.cs:33	1	status:Types.PlayerStatus
ChatAbstractClientMessage	850	refs/Symbioz-2.38/Symbioz.Protocol/Messages/game/chat/ChatAbstractClientMessage.cs:33	1	content:string
ChatAbstractServerMessage	880	refs/Symbioz-2.38/Symbioz.Protocol/Messages/game/chat/ChatAbstractServerMessage.cs:33	4	channel:sbyte;content:string;timestamp:int;fingerprint:string
ChatAdminServerMessage	6135	refs/Symbioz-2.38/Symbioz.Protocol/Messages/game/chat/ChatAdminServerMessage.cs:33	0	
ChatClientMultiMessage	861	refs/Symbioz-2.38/Symbioz.Protocol/Messages/game/chat/ChatClientMultiMessage.cs:33	1	channel:sbyte
ChatClientMultiWithObjectMessage	862	refs/Symbioz-2.38/Symbioz.Protocol/Messages/game/chat/ChatClientMultiWithObjectMessage.cs:33	1	objects:Types.ObjectItem[]
ChatClientPrivateMessage	851	refs/Symbioz-2.38/Symbioz.Protocol/Messages/game/chat/ChatClientPrivateMessage.cs:33	1	receiver:string
ChatClientPrivateWithObjectMessage	852	refs/Symbioz-2.38/Symbioz.Protocol/Messages/game/chat/ChatClientPrivateWithObjectMessage.cs:33	1	objects:Types.ObjectItem[]
ChatErrorMessage	870	refs/Symbioz-2.38/Symbioz.Protocol/Messages/game/chat/ChatErrorMessage.cs:33	1	reason:sbyte
ChatServerCopyMessage	882	refs/Symbioz-2.38/Symbioz.Protocol/Messages/game/chat/ChatServerCopyMessage.cs:33	2	receiverId:ulong;receiverName:string
ChatServerCopyWithObjectMessage	884	refs/Symbioz-2.38/Symbioz.Protocol/Messages/game/chat/ChatServerCopyWithObjectMessage.cs:33	1	objects:Types.ObjectItem[]
ChatServerMessage	881	refs/Symbioz-2.38/Symbioz.Protocol/Messages/game/chat/ChatServerMessage.cs:33	3	senderId:double;senderName:string;senderAccountId:int
ChatServerWithObjectMessage	883	refs/Symbioz-2.38/Symbioz.Protocol/Messages/game/chat/ChatServerWithObjectMessage.cs:33	1	objects:Types.ObjectItem[]
ChannelEnablingChangeMessage	891	refs/Symbioz-2.38/Symbioz.Protocol/Messages/game/chat/channel/ChannelEnablingChangeMessage.cs:33	2	channel:sbyte;enable:bool
ChannelEnablingMessage	890	refs/Symbioz-2.38/Symbioz.Protocol/Messages/game/chat/channel/ChannelEnablingMessage.cs:33	2	channel:sbyte;enable:bool
EnabledChannelsMessage	892	refs/Symbioz-2.38/Symbioz.Protocol/Messages/game/chat/channel/EnabledChannelsMessage.cs:33	2	channels:sbyte[];disallowed:sbyte[]
ChatMessageReportMessage	821	refs/Symbioz-2.38/Symbioz.Protocol/Messages/game/chat/report/ChatMessageReportMessage.cs:33	6	senderName:string;content:string;timestamp:int;channel:sbyte;fingerprint:string;reason:sbyte
ChatSmileyExtraPackListMessage	6596	refs/Symbioz-2.38/Symbioz.Protocol/Messages/game/chat/smiley/ChatSmileyExtraPackListMessage.cs:33	1	packIds:sbyte[]
ChatSmileyMessage	801	refs/Symbioz-2.38/Symbioz.Protocol/Messages/game/chat/smiley/ChatSmileyMessage.cs:33	3	entityId:double;smileyId:ushort;accountId:int
ChatSmileyRequestMessage	800	refs/Symbioz-2.38/Symbioz.Protocol/Messages/game/chat/smiley/ChatSmileyRequestMessage.cs:33	1	smileyId:ushort
LocalizedChatSmileyMessage	6185	refs/Symbioz-2.38/Symbioz.Protocol/Messages/game/chat/smiley/LocalizedChatSmileyMessage.cs:33	1	cellId:ushort
MoodSmileyRequestMessage	6192	refs/Symbioz-2.38/Symbioz.Protocol/Messages/game/chat/smiley/MoodSmileyRequestMessage.cs:33	1	smileyId:ushort
MoodSmileyResultMessage	6196	refs/Symbioz-2.38/Symbioz.Protocol/Messages/game/chat/smiley/MoodSmileyResultMessage.cs:33	2	resultCode:sbyte;smileyId:ushort
MoodSmileyUpdateMessage	6388	refs/Symbioz-2.38/Symbioz.Protocol/Messages/game/chat/smiley/MoodSmileyUpdateMessage.cs:33	3	accountId:int;playerId:ulong;smileyId:ushort
GameCautiousMapMovementMessage	6497	refs/Symbioz-2.38/Symbioz.Protocol/Messages/game/context/GameCautiousMapMovementMessage.cs:33	0	
GameCautiousMapMovementRequestMessage	6496	refs/Symbioz-2.38/Symbioz.Protocol/Messages/game/context/GameCautiousMapMovementRequestMessage.cs:33	0	
GameContextCreateErrorMessage	6024	refs/Symbioz-2.38/Symbioz.Protocol/Messages/game/context/GameContextCreateErrorMessage.cs:33	0	
GameContextCreateMessage	200	refs/Symbioz-2.38/Symbioz.Protocol/Messages/game/context/GameContextCreateMessage.cs:33	1	context:sbyte
GameContextCreateRequestMessage	250	refs/Symbioz-2.38/Symbioz.Protocol/Messages/game/context/GameContextCreateRequestMessage.cs:33	0	
GameContextDestroyMessage	201	refs/Symbioz-2.38/Symbioz.Protocol/Messages/game/context/GameContextDestroyMessage.cs:33	0	
GameContextKickMessage	6081	refs/Symbioz-2.38/Symbioz.Protocol/Messages/game/context/GameContextKickMessage.cs:33	1	targetId:double
GameContextMoveElementMessage	253	refs/Symbioz-2.38/Symbioz.Protocol/Messages/game/context/GameContextMoveElementMessage.cs:33	1	movement:Types.EntityMovementInformations
GameContextMoveMultipleElementsMessage	254	refs/Symbioz-2.38/Symbioz.Protocol/Messages/game/context/GameContextMoveMultipleElementsMessage.cs:33	1	movements:Types.EntityMovementInformations[]
GameContextQuitMessage	255	refs/Symbioz-2.38/Symbioz.Protocol/Messages/game/context/GameContextQuitMessage.cs:33	0	
GameContextReadyMessage	6071	refs/Symbioz-2.38/Symbioz.Protocol/Messages/game/context/GameContextReadyMessage.cs:33	1	mapId:int
GameContextRefreshEntityLookMessage	5637	refs/Symbioz-2.38/Symbioz.Protocol/Messages/game/context/GameContextRefreshEntityLookMessage.cs:33	2	id:double;look:Types.EntityLook
GameContextRemoveElementMessage	251	refs/Symbioz-2.38/Symbioz.Protocol/Messages/game/context/GameContextRemoveElementMessage.cs:33	1	id:double
GameContextRemoveElementWithEventMessage	6412	refs/Symbioz-2.38/Symbioz.Protocol/Messages/game/context/GameContextRemoveElementWithEventMessage.cs:33	1	elementEventId:sbyte
GameContextRemoveMultipleElementsMessage	252	refs/Symbioz-2.38/Symbioz.Protocol/Messages/game/context/GameContextRemoveMultipleElementsMessage.cs:33	1	id:double[]
GameContextRemoveMultipleElementsWithEventsMessage	6416	refs/Symbioz-2.38/Symbioz.Protocol/Messages/game/context/GameContextRemoveMultipleElementsWithEventsMessage.cs:33	1	elementEventIds:sbyte[]
GameEntitiesDispositionMessage	5696	refs/Symbioz-2.38/Symbioz.Protocol/Messages/game/context/GameEntitiesDispositionMessage.cs:33	1	dispositions:Types.IdentifiedEntityDispositionInformations[]
GameEntityDispositionErrorMessage	5695	refs/Symbioz-2.38/Symbioz.Protocol/Messages/game/context/GameEntityDispositionErrorMessage.cs:33	0	
GameEntityDispositionMessage	5693	refs/Symbioz-2.38/Symbioz.Protocol/Messages/game/context/GameEntityDispositionMessage.cs:33	1	disposition:Types.IdentifiedEntityDispositionInformations
GameMapChangeOrientationMessage	946	refs/Symbioz-2.38/Symbioz.Protocol/Messages/game/context/GameMapChangeOrientationMessage.cs:33	1	orientation:Types.ActorOrientation
GameMapChangeOrientationRequestMessage	945	refs/Symbioz-2.38/Symbioz.Protocol/Messages/game/context/GameMapChangeOrientationRequestMessage.cs:33	1	direction:sbyte
GameMapChangeOrientationsMessage	6155	refs/Symbioz-2.38/Symbioz.Protocol/Messages/game/context/GameMapChangeOrientationsMessage.cs:33	1	orientations:Types.ActorOrientation[]
GameMapMovementCancelMessage	953	refs/Symbioz-2.38/Symbioz.Protocol/Messages/game/context/GameMapMovementCancelMessage.cs:33	1	cellId:ushort
GameMapMovementConfirmMessage	952	refs/Symbioz-2.38/Symbioz.Protocol/Messages/game/context/GameMapMovementConfirmMessage.cs:33	0	
GameMapMovementMessage	951	refs/Symbioz-2.38/Symbioz.Protocol/Messages/game/context/GameMapMovementMessage.cs:33	2	keyMovements:short[];actorId:double
GameMapMovementRequestMessage	950	refs/Symbioz-2.38/Symbioz.Protocol/Messages/game/context/GameMapMovementRequestMessage.cs:33	2	keyMovements:short[];mapId:int
GameMapNoMovementMessage	954	refs/Symbioz-2.38/Symbioz.Protocol/Messages/game/context/GameMapNoMovementMessage.cs:33	2	cellX:short;cellY:short
GameRefreshMonsterBoostsMessage	6618	refs/Symbioz-2.38/Symbioz.Protocol/Messages/game/context/GameRefreshMonsterBoostsMessage.cs:33	2	monsterBoosts:Types.MonsterBoosts[];familyBoosts:Types.MonsterBoosts[]
ShowCellMessage	5612	refs/Symbioz-2.38/Symbioz.Protocol/Messages/game/context/ShowCellMessage.cs:33	2	sourceId:double;cellId:ushort
ShowCellRequestMessage	5611	refs/Symbioz-2.38/Symbioz.Protocol/Messages/game/context/ShowCellRequestMessage.cs:33	1	cellId:ushort
ShowCellSpectatorMessage	6158	refs/Symbioz-2.38/Symbioz.Protocol/Messages/game/context/ShowCellSpectatorMessage.cs:33	1	playerName:string
DisplayNumericalValuePaddockMessage	6563	refs/Symbioz-2.38/Symbioz.Protocol/Messages/game/context/display/DisplayNumericalValuePaddockMessage.cs:33	3	rideId:int;value:int;type:sbyte
DungeonKeyRingMessage	6299	refs/Symbioz-2.38/Symbioz.Protocol/Messages/game/context/dungeon/DungeonKeyRingMessage.cs:33	2	availables:ushort[];unavailables:ushort[]
DungeonKeyRingUpdateMessage	6296	refs/Symbioz-2.38/Symbioz.Protocol/Messages/game/context/dungeon/DungeonKeyRingUpdateMessage.cs:33	2	dungeonId:ushort;available:bool
GameFightEndMessage	720	refs/Symbioz-2.38/Symbioz.Protocol/Messages/game/context/fight/GameFightEndMessage.cs:33	5	duration:int;ageBonus:short;lootShareLimitMalus:short;results:Types.FightResultListEntry[];namedPartyTeamsOutcomes:Types.NamedPartyTeamWithOutcome[]
GameFightHumanReadyStateMessage	740	refs/Symbioz-2.38/Symbioz.Protocol/Messages/game/context/fight/GameFightHumanReadyStateMessage.cs:33	2	characterId:ulong;isReady:bool
GameFightJoinMessage	702	refs/Symbioz-2.38/Symbioz.Protocol/Messages/game/context/fight/GameFightJoinMessage.cs:33	6	isTeamPhase:bool;canBeCancelled:bool;canSayReady:bool;isFightStarted:bool;timeMaxBeforeFightStart:short;fightType:sbyte
GameFightJoinRequestMessage	701	refs/Symbioz-2.38/Symbioz.Protocol/Messages/game/context/fight/GameFightJoinRequestMessage.cs:33	2	fighterId:double;fightId:int
GameFightLeaveMessage	721	refs/Symbioz-2.38/Symbioz.Protocol/Messages/game/context/fight/GameFightLeaveMessage.cs:33	1	charId:double
GameFightNewRoundMessage	6239	refs/Symbioz-2.38/Symbioz.Protocol/Messages/game/context/fight/GameFightNewRoundMessage.cs:33	1	roundNumber:uint
GameFightNewWaveMessage	6490	refs/Symbioz-2.38/Symbioz.Protocol/Messages/game/context/fight/GameFightNewWaveMessage.cs:33	3	id:sbyte;teamId:sbyte;nbTurnBeforeNextWave:short
GameFightOptionStateUpdateMessage	5927	refs/Symbioz-2.38/Symbioz.Protocol/Messages/game/context/fight/GameFightOptionStateUpdateMessage.cs:33	4	fightId:short;teamId:sbyte;option:sbyte;state:bool
GameFightOptionToggleMessage	707	refs/Symbioz-2.38/Symbioz.Protocol/Messages/game/context/fight/GameFightOptionToggleMessage.cs:33	1	option:sbyte
GameFightPlacementPositionRequestMessage	704	refs/Symbioz-2.38/Symbioz.Protocol/Messages/game/context/fight/GameFightPlacementPositionRequestMessage.cs:33	1	cellId:ushort
GameFightPlacementPossiblePositionsMessage	703	refs/Symbioz-2.38/Symbioz.Protocol/Messages/game/context/fight/GameFightPlacementPossiblePositionsMessage.cs:33	3	positionsForChallengers:ushort[];positionsForDefenders:ushort[];teamNumber:sbyte
GameFightPlacementSwapPositionsAcceptMessage	6547	refs/Symbioz-2.38/Symbioz.Protocol/Messages/game/context/fight/GameFightPlacementSwapPositionsAcceptMessage.cs:33	1	requestId:int
GameFightPlacementSwapPositionsCancelMessage	6543	refs/Symbioz-2.38/Symbioz.Protocol/Messages/game/context/fight/GameFightPlacementSwapPositionsCancelMessage.cs:33	1	requestId:int
GameFightPlacementSwapPositionsCancelledMessage	6546	refs/Symbioz-2.38/Symbioz.Protocol/Messages/game/context/fight/GameFightPlacementSwapPositionsCancelledMessage.cs:33	2	requestId:int;cancellerId:double
GameFightPlacementSwapPositionsErrorMessage	6548	refs/Symbioz-2.38/Symbioz.Protocol/Messages/game/context/fight/GameFightPlacementSwapPositionsErrorMessage.cs:33	0	
GameFightPlacementSwapPositionsMessage	6544	refs/Symbioz-2.38/Symbioz.Protocol/Messages/game/context/fight/GameFightPlacementSwapPositionsMessage.cs:33	1	dispositions:Types.IdentifiedEntityDispositionInformations[]
GameFightPlacementSwapPositionsOfferMessage	6542	refs/Symbioz-2.38/Symbioz.Protocol/Messages/game/context/fight/GameFightPlacementSwapPositionsOfferMessage.cs:33	5	requestId:int;requesterId:double;requesterCellId:ushort;requestedId:double;requestedCellId:ushort
GameFightPlacementSwapPositionsRequestMessage	6541	refs/Symbioz-2.38/Symbioz.Protocol/Messages/game/context/fight/GameFightPlacementSwapPositionsRequestMessage.cs:33	1	requestedId:double
GameFightReadyMessage	708	refs/Symbioz-2.38/Symbioz.Protocol/Messages/game/context/fight/GameFightReadyMessage.cs:33	1	isReady:bool
GameFightRemoveTeamMemberMessage	711	refs/Symbioz-2.38/Symbioz.Protocol/Messages/game/context/fight/GameFightRemoveTeamMemberMessage.cs:33	3	fightId:short;teamId:sbyte;charId:double
GameFightResumeMessage	6067	refs/Symbioz-2.38/Symbioz.Protocol/Messages/game/context/fight/GameFightResumeMessage.cs:33	3	spellCooldowns:Types.GameFightSpellCooldown[];summonCount:sbyte;bombCount:sbyte
GameFightResumeWithSlavesMessage	6215	refs/Symbioz-2.38/Symbioz.Protocol/Messages/game/context/fight/GameFightResumeWithSlavesMessage.cs:33	1	slavesInfo:Types.GameFightResumeSlaveInfo[]
GameFightSpectateMessage	6069	refs/Symbioz-2.38/Symbioz.Protocol/Messages/game/context/fight/GameFightSpectateMessage.cs:33	5	effects:Types.FightDispellableEffectExtendedInformations[];marks:Types.GameActionMark[];gameTurn:ushort;fightStart:int;idols:Types.Idol[]
GameFightSpectatePlayerRequestMessage	6474	refs/Symbioz-2.38/Symbioz.Protocol/Messages/game/context/fight/GameFightSpectatePlayerRequestMessage.cs:33	1	playerId:ulong
GameFightSpectatorJoinMessage	6504	refs/Symbioz-2.38/Symbioz.Protocol/Messages/game/context/fight/GameFightSpectatorJoinMessage.cs:33	1	namedPartyTeams:Types.NamedPartyTeam[]
GameFightStartMessage	712	refs/Symbioz-2.38/Symbioz.Protocol/Messages/game/context/fight/GameFightStartMessage.cs:33	1	idols:Types.Idol[]
GameFightStartingMessage	700	refs/Symbioz-2.38/Symbioz.Protocol/Messages/game/context/fight/GameFightStartingMessage.cs:33	3	fightType:sbyte;attackerId:double;defenderId:double
GameFightSynchronizeMessage	5921	refs/Symbioz-2.38/Symbioz.Protocol/Messages/game/context/fight/GameFightSynchronizeMessage.cs:33	1	fighters:Types.GameFightFighterInformations[]
GameFightTurnEndMessage	719	refs/Symbioz-2.38/Symbioz.Protocol/Messages/game/context/fight/GameFightTurnEndMessage.cs:33	1	id:double
GameFightTurnFinishMessage	718	refs/Symbioz-2.38/Symbioz.Protocol/Messages/game/context/fight/GameFightTurnFinishMessage.cs:33	0	
GameFightTurnListMessage	713	refs/Symbioz-2.38/Symbioz.Protocol/Messages/game/context/fight/GameFightTurnListMessage.cs:33	2	ids:double[];deadsIds:double[]
GameFightTurnReadyMessage	716	refs/Symbioz-2.38/Symbioz.Protocol/Messages/game/context/fight/GameFightTurnReadyMessage.cs:33	1	isReady:bool
GameFightTurnReadyRequestMessage	715	refs/Symbioz-2.38/Symbioz.Protocol/Messages/game/context/fight/GameFightTurnReadyRequestMessage.cs:33	1	id:double
GameFightTurnResumeMessage	6307	refs/Symbioz-2.38/Symbioz.Protocol/Messages/game/context/fight/GameFightTurnResumeMessage.cs:33	1	remainingTime:uint
GameFightTurnStartMessage	714	refs/Symbioz-2.38/Symbioz.Protocol/Messages/game/context/fight/GameFightTurnStartMessage.cs:33	2	id:double;waitTime:uint
GameFightTurnStartPlayingMessage	6465	refs/Symbioz-2.38/Symbioz.Protocol/Messages/game/context/fight/GameFightTurnStartPlayingMessage.cs:33	0	
GameFightUpdateTeamMessage	5572	refs/Symbioz-2.38/Symbioz.Protocol/Messages/game/context/fight/GameFightUpdateTeamMessage.cs:33	2	fightId:short;team:Types.FightTeamInformations
SlaveSwitchContextMessage	6214	refs/Symbioz-2.38/Symbioz.Protocol/Messages/game/context/fight/SlaveSwitchContextMessage.cs:33	5	masterId:double;slaveId:double;slaveSpells:Types.SpellItem[];slaveStats:Types.CharacterCharacteristicsInformations;shortcuts:Types.Shortcut[]
ChallengeInfoMessage	6022	refs/Symbioz-2.38/Symbioz.Protocol/Messages/game/context/fight/challenge/ChallengeInfoMessage.cs:33	4	challengeId:ushort;targetId:double;xpBonus:uint;dropBonus:uint
ChallengeResultMessage	6019	refs/Symbioz-2.38/Symbioz.Protocol/Messages/game/context/fight/challenge/ChallengeResultMessage.cs:33	2	challengeId:ushort;success:bool
ChallengeTargetUpdateMessage	6123	refs/Symbioz-2.38/Symbioz.Protocol/Messages/game/context/fight/challenge/ChallengeTargetUpdateMessage.cs:33	2	challengeId:ushort;targetId:double
ChallengeTargetsListMessage	5613	refs/Symbioz-2.38/Symbioz.Protocol/Messages/game/context/fight/challenge/ChallengeTargetsListMessage.cs:33	2	targetIds:double[];targetCells:short[]
ChallengeTargetsListRequestMessage	5614	refs/Symbioz-2.38/Symbioz.Protocol/Messages/game/context/fight/challenge/ChallengeTargetsListRequestMessage.cs:33	1	challengeId:ushort
GameFightRefreshFighterMessage	6309	refs/Symbioz-2.38/Symbioz.Protocol/Messages/game/context/fight/character/GameFightRefreshFighterMessage.cs:33	1	informations:Types.GameContextActorInformations
GameFightShowFighterMessage	5864	refs/Symbioz-2.38/Symbioz.Protocol/Messages/game/context/fight/character/GameFightShowFighterMessage.cs:33	1	informations:Types.GameFightFighterInformations
GameFightShowFighterRandomStaticPoseMessage	6218	refs/Symbioz-2.38/Symbioz.Protocol/Messages/game/context/fight/character/GameFightShowFighterRandomStaticPoseMessage.cs:33	0	
GameDataPaddockObjectAddMessage	5990	refs/Symbioz-2.38/Symbioz.Protocol/Messages/game/context/mount/GameDataPaddockObjectAddMessage.cs:33	1	paddockItemDescription:Types.PaddockItem
GameDataPaddockObjectListAddMessage	5992	refs/Symbioz-2.38/Symbioz.Protocol/Messages/game/context/mount/GameDataPaddockObjectListAddMessage.cs:33	1	paddockItemDescription:Types.PaddockItem[]
GameDataPaddockObjectRemoveMessage	5993	refs/Symbioz-2.38/Symbioz.Protocol/Messages/game/context/mount/GameDataPaddockObjectRemoveMessage.cs:33	1	cellId:ushort
MountDataErrorMessage	6172	refs/Symbioz-2.38/Symbioz.Protocol/Messages/game/context/mount/MountDataErrorMessage.cs:33	1	reason:sbyte
MountDataMessage	5973	refs/Symbioz-2.38/Symbioz.Protocol/Messages/game/context/mount/MountDataMessage.cs:33	1	mountData:Types.MountClientData
MountEmoteIconUsedOkMessage	5978	refs/Symbioz-2.38/Symbioz.Protocol/Messages/game/context/mount/MountEmoteIconUsedOkMessage.cs:33	2	mountId:int;reactionType:sbyte
MountEquipedErrorMessage	5963	refs/Symbioz-2.38/Symbioz.Protocol/Messages/game/context/mount/MountEquipedErrorMessage.cs:33	1	errorType:sbyte
MountFeedRequestMessage	6189	refs/Symbioz-2.38/Symbioz.Protocol/Messages/game/context/mount/MountFeedRequestMessage.cs:33	4	mountUid:uint;mountLocation:sbyte;mountFoodUid:uint;quantity:uint
MountInformationInPaddockRequestMessage	5975	refs/Symbioz-2.38/Symbioz.Protocol/Messages/game/context/mount/MountInformationInPaddockRequestMessage.cs:33	1	mapRideId:int
MountInformationRequestMessage	5972	refs/Symbioz-2.38/Symbioz.Protocol/Messages/game/context/mount/MountInformationRequestMessage.cs:33	2	id:double;time:double
MountReleaseRequestMessage	5980	refs/Symbioz-2.38/Symbioz.Protocol/Messages/game/context/mount/MountReleaseRequestMessage.cs:33	0	
MountReleasedMessage	6308	refs/Symbioz-2.38/Symbioz.Protocol/Messages/game/context/mount/MountReleasedMessage.cs:33	1	mountId:int
MountRenameRequestMessage	5987	refs/Symbioz-2.38/Symbioz.Protocol/Messages/game/context/mount/MountRenameRequestMessage.cs:33	2	name:string;mountId:int
MountRenamedMessage	5983	refs/Symbioz-2.38/Symbioz.Protocol/Messages/game/context/mount/MountRenamedMessage.cs:33	2	mountId:int;name:string
MountRidingMessage	5967	refs/Symbioz-2.38/Symbioz.Protocol/Messages/game/context/mount/MountRidingMessage.cs:33	1	isRiding:bool
MountSetMessage	5968	refs/Symbioz-2.38/Symbioz.Protocol/Messages/game/context/mount/MountSetMessage.cs:33	1	mountData:Types.MountClientData
MountSetXpRatioRequestMessage	5989	refs/Symbioz-2.38/Symbioz.Protocol/Messages/game/context/mount/MountSetXpRatioRequestMessage.cs:33	1	xpRatio:sbyte
MountSterilizeRequestMessage	5962	refs/Symbioz-2.38/Symbioz.Protocol/Messages/game/context/mount/MountSterilizeRequestMessage.cs:33	0	
MountSterilizedMessage	5977	refs/Symbioz-2.38/Symbioz.Protocol/Messages/game/context/mount/MountSterilizedMessage.cs:33	1	mountId:int
MountToggleRidingRequestMessage	5976	refs/Symbioz-2.38/Symbioz.Protocol/Messages/game/context/mount/MountToggleRidingRequestMessage.cs:33	0	
MountUnSetMessage	5982	refs/Symbioz-2.38/Symbioz.Protocol/Messages/game/context/mount/MountUnSetMessage.cs:33	0	
MountXpRatioMessage	5970	refs/Symbioz-2.38/Symbioz.Protocol/Messages/game/context/mount/MountXpRatioMessage.cs:33	1	ratio:sbyte
PaddockBuyRequestMessage	5951	refs/Symbioz-2.38/Symbioz.Protocol/Messages/game/context/mount/PaddockBuyRequestMessage.cs:33	1	proposedPrice:uint
PaddockBuyResultMessage	6516	refs/Symbioz-2.38/Symbioz.Protocol/Messages/game/context/mount/PaddockBuyResultMessage.cs:33	3	paddockId:int;bought:bool;realPrice:uint
PaddockMoveItemRequestMessage	6052	refs/Symbioz-2.38/Symbioz.Protocol/Messages/game/context/mount/PaddockMoveItemRequestMessage.cs:33	2	oldCellId:ushort;newCellId:ushort
PaddockRemoveItemRequestMessage	5958	refs/Symbioz-2.38/Symbioz.Protocol/Messages/game/context/mount/PaddockRemoveItemRequestMessage.cs:33	1	cellId:ushort
PaddockSellRequestMessage	5953	refs/Symbioz-2.38/Symbioz.Protocol/Messages/game/context/mount/PaddockSellRequestMessage.cs:33	2	price:uint;forSale:bool
NotificationByServerMessage	6103	refs/Symbioz-2.38/Symbioz.Protocol/Messages/game/context/notification/NotificationByServerMessage.cs:33	3	id:ushort;parameters:string[];forceOpen:bool
NotificationListMessage	6087	refs/Symbioz-2.38/Symbioz.Protocol/Messages/game/context/notification/NotificationListMessage.cs:33	1	flags:int[]
NotificationResetMessage	6089	refs/Symbioz-2.38/Symbioz.Protocol/Messages/game/context/notification/NotificationResetMessage.cs:33	0	
NotificationUpdateFlagMessage	6090	refs/Symbioz-2.38/Symbioz.Protocol/Messages/game/context/notification/NotificationUpdateFlagMessage.cs:33	1	index:ushort
ChangeMapMessage	221	refs/Symbioz-2.38/Symbioz.Protocol/Messages/game/context/roleplay/ChangeMapMessage.cs:33	1	mapId:int
CurrentMapMessage	220	refs/Symbioz-2.38/Symbioz.Protocol/Messages/game/context/roleplay/CurrentMapMessage.cs:33	2	mapId:int;mapKey:string
ErrorMapNotFoundMessage	6197	refs/Symbioz-2.38/Symbioz.Protocol/Messages/game/context/roleplay/ErrorMapNotFoundMessage.cs:33	1	mapId:int
GameRolePlayShowActorMessage	5632	refs/Symbioz-2.38/Symbioz.Protocol/Messages/game/context/roleplay/GameRolePlayShowActorMessage.cs:33	1	informations:Types.GameRolePlayActorInformations
GameRolePlayShowActorWithEventMessage	6407	refs/Symbioz-2.38/Symbioz.Protocol/Messages/game/context/roleplay/GameRolePlayShowActorWithEventMessage.cs:33	1	actorEventId:sbyte
MapComplementaryInformationsDataInHavenBagMessage	6622	refs/Symbioz-2.38/Symbioz.Protocol/Messages/game/context/roleplay/MapComplementaryInformationsDataInHavenBagMessage.cs:33	4	ownerInformations:Types.CharacterMinimalInformations;theme:sbyte;roomId:sbyte;maxRoomId:sbyte
MapComplementaryInformationsDataInHouseMessage	6130	refs/Symbioz-2.38/Symbioz.Protocol/Messages/game/context/roleplay/MapComplementaryInformationsDataInHouseMessage.cs:33	1	currentHouse:Types.HouseInformationsInside
MapComplementaryInformationsDataMessage	226	refs/Symbioz-2.38/Symbioz.Protocol/Messages/game/context/roleplay/MapComplementaryInformationsDataMessage.cs:33	9	subAreaId:ushort;mapId:int;houses:Types.HouseInformations[];actors:Types.GameRolePlayActorInformations[];interactiveElements:Types.InteractiveElement[];statedElements:Types.StatedElement[];obstacles:Types.MapObstacle[];fights:Types.FightCommonInformations[];hasAggressiveMonsters:bool
MapComplementaryInformationsWithCoordsMessage	6268	refs/Symbioz-2.38/Symbioz.Protocol/Messages/game/context/roleplay/MapComplementaryInformationsWithCoordsMessage.cs:33	2	worldX:short;worldY:short
MapFightCountMessage	210	refs/Symbioz-2.38/Symbioz.Protocol/Messages/game/context/roleplay/MapFightCountMessage.cs:33	1	fightCount:ushort
MapInformationsRequestMessage	225	refs/Symbioz-2.38/Symbioz.Protocol/Messages/game/context/roleplay/MapInformationsRequestMessage.cs:33	1	mapId:int
MapObstacleUpdateMessage	6051	refs/Symbioz-2.38/Symbioz.Protocol/Messages/game/context/roleplay/MapObstacleUpdateMessage.cs:33	1	obstacles:Types.MapObstacle[]
MapRunningFightDetailsExtendedMessage	6500	refs/Symbioz-2.38/Symbioz.Protocol/Messages/game/context/roleplay/MapRunningFightDetailsExtendedMessage.cs:33	1	namedPartyTeams:Types.NamedPartyTeam[]
MapRunningFightDetailsMessage	5751	refs/Symbioz-2.38/Symbioz.Protocol/Messages/game/context/roleplay/MapRunningFightDetailsMessage.cs:33	3	fightId:int;attackers:Types.GameFightFighterLightInformations[];defenders:Types.GameFightFighterLightInformations[]
MapRunningFightDetailsRequestMessage	5750	refs/Symbioz-2.38/Symbioz.Protocol/Messages/game/context/roleplay/MapRunningFightDetailsRequestMessage.cs:33	1	fightId:int
MapRunningFightListMessage	5743	refs/Symbioz-2.38/Symbioz.Protocol/Messages/game/context/roleplay/MapRunningFightListMessage.cs:33	1	fights:Types.FightExternalInformations[]
MapRunningFightListRequestMessage	5742	refs/Symbioz-2.38/Symbioz.Protocol/Messages/game/context/roleplay/MapRunningFightListRequestMessage.cs:33	0	
StopToListenRunningFightRequestMessage	6124	refs/Symbioz-2.38/Symbioz.Protocol/Messages/game/context/roleplay/StopToListenRunningFightRequestMessage.cs:33	0	
TeleportOnSameMapMessage	6048	refs/Symbioz-2.38/Symbioz.Protocol/Messages/game/context/roleplay/TeleportOnSameMapMessage.cs:33	2	targetId:double;cellId:ushort
GameRolePlayFreeSoulRequestMessage	745	refs/Symbioz-2.38/Symbioz.Protocol/Messages/game/context/roleplay/death/GameRolePlayFreeSoulRequestMessage.cs:33	0	
GameRolePlayGameOverMessage	746	refs/Symbioz-2.38/Symbioz.Protocol/Messages/game/context/roleplay/death/GameRolePlayGameOverMessage.cs:33	0	
GameRolePlayPlayerLifeStatusMessage	5996	refs/Symbioz-2.38/Symbioz.Protocol/Messages/game/context/roleplay/death/GameRolePlayPlayerLifeStatusMessage.cs:33	2	state:sbyte;phenixMapId:int
WarnOnPermaDeathMessage	6512	refs/Symbioz-2.38/Symbioz.Protocol/Messages/game/context/roleplay/death/WarnOnPermaDeathMessage.cs:33	1	enable:bool
GameRolePlayDelayedActionFinishedMessage	6150	refs/Symbioz-2.38/Symbioz.Protocol/Messages/game/context/roleplay/delay/GameRolePlayDelayedActionFinishedMessage.cs:33	2	delayedCharacterId:double;delayTypeId:sbyte
GameRolePlayDelayedActionMessage	6153	refs/Symbioz-2.38/Symbioz.Protocol/Messages/game/context/roleplay/delay/GameRolePlayDelayedActionMessage.cs:33	3	delayedCharacterId:double;delayTypeId:sbyte;delayEndTime:double
GameRolePlayDelayedObjectUseMessage	6425	refs/Symbioz-2.38/Symbioz.Protocol/Messages/game/context/roleplay/delay/GameRolePlayDelayedObjectUseMessage.cs:33	1	objectGID:ushort
ComicReadingBeginMessage	6536	refs/Symbioz-2.38/Symbioz.Protocol/Messages/game/context/roleplay/document/ComicReadingBeginMessage.cs:33	1	comicId:ushort
DocumentReadingBeginMessage	5675	refs/Symbioz-2.38/Symbioz.Protocol/Messages/game/context/roleplay/document/DocumentReadingBeginMessage.cs:33	1	documentId:ushort
EmoteAddMessage	5644	refs/Symbioz-2.38/Symbioz.Protocol/Messages/game/context/roleplay/emote/EmoteAddMessage.cs:33	1	emoteId:byte
EmoteListMessage	5689	refs/Symbioz-2.38/Symbioz.Protocol/Messages/game/context/roleplay/emote/EmoteListMessage.cs:33	1	emoteIds:byte[]
EmotePlayAbstractMessage	5690	refs/Symbioz-2.38/Symbioz.Protocol/Messages/game/context/roleplay/emote/EmotePlayAbstractMessage.cs:33	2	emoteId:byte;emoteStartTime:double
EmotePlayErrorMessage	5688	refs/Symbioz-2.38/Symbioz.Protocol/Messages/game/context/roleplay/emote/EmotePlayErrorMessage.cs:33	1	emoteId:byte
EmotePlayMassiveMessage	5691	refs/Symbioz-2.38/Symbioz.Protocol/Messages/game/context/roleplay/emote/EmotePlayMassiveMessage.cs:33	1	actorIds:double[]
EmotePlayMessage	5683	refs/Symbioz-2.38/Symbioz.Protocol/Messages/game/context/roleplay/emote/EmotePlayMessage.cs:33	2	actorId:double;accountId:int
EmotePlayRequestMessage	5685	refs/Symbioz-2.38/Symbioz.Protocol/Messages/game/context/roleplay/emote/EmotePlayRequestMessage.cs:33	1	emoteId:byte
EmoteRemoveMessage	5687	refs/Symbioz-2.38/Symbioz.Protocol/Messages/game/context/roleplay/emote/EmoteRemoveMessage.cs:33	1	emoteId:byte
GameRolePlayAggressionMessage	6073	refs/Symbioz-2.38/Symbioz.Protocol/Messages/game/context/roleplay/fight/GameRolePlayAggressionMessage.cs:33	2	attackerId:ulong;defenderId:ulong
GameRolePlayAttackMonsterRequestMessage	6191	refs/Symbioz-2.38/Symbioz.Protocol/Messages/game/context/roleplay/fight/GameRolePlayAttackMonsterRequestMessage.cs:33	1	monsterGroupId:double
GameRolePlayFightRequestCanceledMessage	5822	refs/Symbioz-2.38/Symbioz.Protocol/Messages/game/context/roleplay/fight/GameRolePlayFightRequestCanceledMessage.cs:33	3	fightId:int;sourceId:double;targetId:double
GameRolePlayPlayerFightFriendlyAnswerMessage	5732	refs/Symbioz-2.38/Symbioz.Protocol/Messages/game/context/roleplay/fight/GameRolePlayPlayerFightFriendlyAnswerMessage.cs:33	2	fightId:int;accept:bool
GameRolePlayPlayerFightFriendlyAnsweredMessage	5733	refs/Symbioz-2.38/Symbioz.Protocol/Messages/game/context/roleplay/fight/GameRolePlayPlayerFightFriendlyAnsweredMessage.cs:33	4	fightId:int;sourceId:ulong;targetId:ulong;accept:bool
GameRolePlayPlayerFightFriendlyRequestedMessage	5937	refs/Symbioz-2.38/Symbioz.Protocol/Messages/game/context/roleplay/fight/GameRolePlayPlayerFightFriendlyRequestedMessage.cs:33	3	fightId:int;sourceId:ulong;targetId:ulong
GameRolePlayPlayerFightRequestMessage	5731	refs/Symbioz-2.38/Symbioz.Protocol/Messages/game/context/roleplay/fight/GameRolePlayPlayerFightRequestMessage.cs:33	3	targetId:ulong;targetCellId:short;friendly:bool
GameRolePlayRemoveChallengeMessage	300	refs/Symbioz-2.38/Symbioz.Protocol/Messages/game/context/roleplay/fight/GameRolePlayRemoveChallengeMessage.cs:33	1	fightId:int
GameRolePlayShowChallengeMessage	301	refs/Symbioz-2.38/Symbioz.Protocol/Messages/game/context/roleplay/fight/GameRolePlayShowChallengeMessage.cs:33	1	commonsInfos:Types.FightCommonInformations
GameRolePlayArenaFightAnswerMessage	6279	refs/Symbioz-2.38/Symbioz.Protocol/Messages/game/context/roleplay/fight/arena/GameRolePlayArenaFightAnswerMessage.cs:33	2	fightId:int;accept:bool
GameRolePlayArenaFightPropositionMessage	6276	refs/Symbioz-2.38/Symbioz.Protocol/Messages/game/context/roleplay/fight/arena/GameRolePlayArenaFightPropositionMessage.cs:33	3	fightId:int;alliesId:double[];duration:ushort
GameRolePlayArenaFighterStatusMessage	6281	refs/Symbioz-2.38/Symbioz.Protocol/Messages/game/context/roleplay/fight/arena/GameRolePlayArenaFighterStatusMessage.cs:33	3	fightId:int;playerId:int;accepted:bool
GameRolePlayArenaRegisterMessage	6280	refs/Symbioz-2.38/Symbioz.Protocol/Messages/game/context/roleplay/fight/arena/GameRolePlayArenaRegisterMessage.cs:33	1	battleMode:int
GameRolePlayArenaRegistrationStatusMessage	6284	refs/Symbioz-2.38/Symbioz.Protocol/Messages/game/context/roleplay/fight/arena/GameRolePlayArenaRegistrationStatusMessage.cs:33	3	registered:bool;step:sbyte;battleMode:int
GameRolePlayArenaSwitchToFightServerMessage	6575	refs/Symbioz-2.38/Symbioz.Protocol/Messages/game/context/roleplay/fight/arena/GameRolePlayArenaSwitchToFightServerMessage.cs:33	3	address:string;port:ushort;ticket:sbyte[]
GameRolePlayArenaSwitchToGameServerMessage	6574	refs/Symbioz-2.38/Symbioz.Protocol/Messages/game/context/roleplay/fight/arena/GameRolePlayArenaSwitchToGameServerMessage.cs:33	3	validToken:bool;ticket:sbyte[];homeServerId:short
GameRolePlayArenaUnregisterMessage	6282	refs/Symbioz-2.38/Symbioz.Protocol/Messages/game/context/roleplay/fight/arena/GameRolePlayArenaUnregisterMessage.cs:33	0	
GameRolePlayArenaUpdatePlayerInfosMessage	6301	refs/Symbioz-2.38/Symbioz.Protocol/Messages/game/context/roleplay/fight/arena/GameRolePlayArenaUpdatePlayerInfosMessage.cs:33	1	solo:Types.ArenaRankInfos
GameRolePlayArenaUpdatePlayerInfosWithTeamMessage	6640	refs/Symbioz-2.38/Symbioz.Protocol/Messages/game/context/roleplay/fight/arena/GameRolePlayArenaUpdatePlayerInfosWithTeamMessage.cs:33	1	team:Types.ArenaRankInfos
ChangeHavenBagRoomRequestMessage	6638	refs/Symbioz-2.38/Symbioz.Protocol/Messages/game/context/roleplay/havenbag/ChangeHavenBagRoomRequestMessage.cs:33	1	roomId:sbyte
ChangeThemeRequestMessage	6639	refs/Symbioz-2.38/Symbioz.Protocol/Messages/game/context/roleplay/havenbag/ChangeThemeRequestMessage.cs:33	1	theme:sbyte
CloseHavenBagFurnitureSequenceRequestMessage	6621	refs/Symbioz-2.38/Symbioz.Protocol/Messages/game/context/roleplay/havenbag/CloseHavenBagFurnitureSequenceRequestMessage.cs:33	0	
EditHavenBagCancelRequestMessage	6619	refs/Symbioz-2.38/Symbioz.Protocol/Messages/game/context/roleplay/havenbag/EditHavenBagCancelRequestMessage.cs:33	0	
EditHavenBagFinishedMessage	6628	refs/Symbioz-2.38/Symbioz.Protocol/Messages/game/context/roleplay/havenbag/EditHavenBagFinishedMessage.cs:33	0	
EditHavenBagRequestMessage	6626	refs/Symbioz-2.38/Symbioz.Protocol/Messages/game/context/roleplay/havenbag/EditHavenBagRequestMessage.cs:33	0	
EditHavenBagStartMessage	6632	refs/Symbioz-2.38/Symbioz.Protocol/Messages/game/context/roleplay/havenbag/EditHavenBagStartMessage.cs:33	0	
EnterHavenBagRequestMessage	6636	refs/Symbioz-2.38/Symbioz.Protocol/Messages/game/context/roleplay/havenbag/EnterHavenBagRequestMessage.cs:33	0	
ExitHavenBagRequestMessage	6631	refs/Symbioz-2.38/Symbioz.Protocol/Messages/game/context/roleplay/havenbag/ExitHavenBagRequestMessage.cs:33	0	
HavenBagDailyLoteryMessage	6644	refs/Symbioz-2.38/Symbioz.Protocol/Messages/game/context/roleplay/havenbag/HavenBagDailyLoteryMessage.cs:33	1	tokenId:string
HavenBagFurnituresMessage	6634	refs/Symbioz-2.38/Symbioz.Protocol/Messages/game/context/roleplay/havenbag/HavenBagFurnituresMessage.cs:33	1	furnituresInfos:Types.HavenBagFurnitureInformation[]
HavenBagFurnituresRequestMessage	6637	refs/Symbioz-2.38/Symbioz.Protocol/Messages/game/context/roleplay/havenbag/HavenBagFurnituresRequestMessage.cs:33	3	cellIds:ushort[];funitureIds:int[];orientations:sbyte[]
HavenBagPackListMessage	6620	refs/Symbioz-2.38/Symbioz.Protocol/Messages/game/context/roleplay/havenbag/HavenBagPackListMessage.cs:33	1	packIds:sbyte[]
KickHavenBagRequestMessage	6652	refs/Symbioz-2.38/Symbioz.Protocol/Messages/game/context/roleplay/havenbag/KickHavenBagRequestMessage.cs:33	1	guestId:ulong
OpenHavenBagFurnitureSequenceRequestMessage	6635	refs/Symbioz-2.38/Symbioz.Protocol/Messages/game/context/roleplay/havenbag/OpenHavenBagFurnitureSequenceRequestMessage.cs:33	0	
RoomAvailableUpdateMessage	6630	refs/Symbioz-2.38/Symbioz.Protocol/Messages/game/context/roleplay/havenbag/RoomAvailableUpdateMessage.cs:33	1	nbRoom:byte
InviteInHavenBagClosedMessage	6645	refs/Symbioz-2.38/Symbioz.Protocol/Messages/game/context/roleplay/havenbag/meeting/InviteInHavenBagClosedMessage.cs:33	1	hostInformations:Types.CharacterMinimalInformations
InviteInHavenBagMessage	6642	refs/Symbioz-2.38/Symbioz.Protocol/Messages/game/context/roleplay/havenbag/meeting/InviteInHavenBagMessage.cs:33	2	guestInformations:Types.CharacterMinimalInformations;accept:bool
InviteInHavenBagOfferMessage	6643	refs/Symbioz-2.38/Symbioz.Protocol/Messages/game/context/roleplay/havenbag/meeting/InviteInHavenBagOfferMessage.cs:33	2	hostInformations:Types.CharacterMinimalInformations;timeLeftBeforeCancel:int
TeleportHavenBagAnswerMessage	6646	refs/Symbioz-2.38/Symbioz.Protocol/Messages/game/context/roleplay/havenbag/meeting/TeleportHavenBagAnswerMessage.cs:33	1	accept:bool
TeleportHavenBagRequestMessage	6647	refs/Symbioz-2.38/Symbioz.Protocol/Messages/game/context/roleplay/havenbag/meeting/TeleportHavenBagRequestMessage.cs:33	1	guestId:ulong
AccountHouseMessage	6315	refs/Symbioz-2.38/Symbioz.Protocol/Messages/game/context/roleplay/houses/AccountHouseMessage.cs:33	1	houses:Types.AccountHouseInformations[]
HouseBuyRequestMessage	5738	refs/Symbioz-2.38/Symbioz.Protocol/Messages/game/context/roleplay/houses/HouseBuyRequestMessage.cs:33	1	proposedPrice:uint
HouseBuyResultMessage	5735	refs/Symbioz-2.38/Symbioz.Protocol/Messages/game/context/roleplay/houses/HouseBuyResultMessage.cs:33	3	houseId:uint;bought:bool;realPrice:uint
HouseKickIndoorMerchantRequestMessage	5661	refs/Symbioz-2.38/Symbioz.Protocol/Messages/game/context/roleplay/houses/HouseKickIndoorMerchantRequestMessage.cs:33	1	cellId:ushort
HouseKickRequestMessage	5698	refs/Symbioz-2.38/Symbioz.Protocol/Messages/game/context/roleplay/houses/HouseKickRequestMessage.cs:33	1	id:ulong
HouseLockFromInsideRequestMessage	5885	refs/Symbioz-2.38/Symbioz.Protocol/Messages/game/context/roleplay/houses/HouseLockFromInsideRequestMessage.cs:33	0	
HousePropertiesMessage	5734	refs/Symbioz-2.38/Symbioz.Protocol/Messages/game/context/roleplay/houses/HousePropertiesMessage.cs:33	1	properties:Types.HouseInformations
HouseSellFromInsideRequestMessage	5884	refs/Symbioz-2.38/Symbioz.Protocol/Messages/game/context/roleplay/houses/HouseSellFromInsideRequestMessage.cs:33	0	
HouseSellRequestMessage	5697	refs/Symbioz-2.38/Symbioz.Protocol/Messages/game/context/roleplay/houses/HouseSellRequestMessage.cs:33	2	amount:uint;forSale:bool
HouseSoldMessage	5737	refs/Symbioz-2.38/Symbioz.Protocol/Messages/game/context/roleplay/houses/HouseSoldMessage.cs:33	3	houseId:uint;realPrice:uint;buyerName:string
HouseToSellFilterMessage	6137	refs/Symbioz-2.38/Symbioz.Protocol/Messages/game/context/roleplay/houses/HouseToSellFilterMessage.cs:33	5	areaId:int;atLeastNbRoom:sbyte;atLeastNbChest:sbyte;skillRequested:ushort;maxPrice:uint
HouseToSellListMessage	6140	refs/Symbioz-2.38/Symbioz.Protocol/Messages/game/context/roleplay/houses/HouseToSellListMessage.cs:33	3	pageIndex:ushort;totalPage:ushort;houseList:Types.HouseInformationsForSell[]
HouseToSellListRequestMessage	6139	refs/Symbioz-2.38/Symbioz.Protocol/Messages/game/context/roleplay/houses/HouseToSellListRequestMessage.cs:33	1	pageIndex:ushort
HouseGuildNoneMessage	5701	refs/Symbioz-2.38/Symbioz.Protocol/Messages/game/context/roleplay/houses/guild/HouseGuildNoneMessage.cs:33	1	houseId:uint
HouseGuildRightsMessage	5703	refs/Symbioz-2.38/Symbioz.Protocol/Messages/game/context/roleplay/houses/guild/HouseGuildRightsMessage.cs:33	3	houseId:uint;guildInfo:Types.GuildInformations;rights:uint
HouseGuildRightsViewMessage	5700	refs/Symbioz-2.38/Symbioz.Protocol/Messages/game/context/roleplay/houses/guild/HouseGuildRightsViewMessage.cs:33	0	
HouseGuildShareRequestMessage	5704	refs/Symbioz-2.38/Symbioz.Protocol/Messages/game/context/roleplay/houses/guild/HouseGuildShareRequestMessage.cs:33	2	enable:bool;rights:uint
JobAllowMultiCraftRequestMessage	5748	refs/Symbioz-2.38/Symbioz.Protocol/Messages/game/context/roleplay/job/JobAllowMultiCraftRequestMessage.cs:33	1	enabled:bool
JobBookSubscriptionMessage	6593	refs/Symbioz-2.38/Symbioz.Protocol/Messages/game/context/roleplay/job/JobBookSubscriptionMessage.cs:33	1	subscriptions:Types.JobBookSubscription[]
JobCrafterDirectoryAddMessage	5651	refs/Symbioz-2.38/Symbioz.Protocol/Messages/game/context/roleplay/job/JobCrafterDirectoryAddMessage.cs:33	1	listEntry:Types.JobCrafterDirectoryListEntry
JobCrafterDirectoryDefineSettingsMessage	5649	refs/Symbioz-2.38/Symbioz.Protocol/Messages/game/context/roleplay/job/JobCrafterDirectoryDefineSettingsMessage.cs:33	1	settings:Types.JobCrafterDirectorySettings
JobCrafterDirectoryEntryMessage	6044	refs/Symbioz-2.38/Symbioz.Protocol/Messages/game/context/roleplay/job/JobCrafterDirectoryEntryMessage.cs:33	3	playerInfo:Types.JobCrafterDirectoryEntryPlayerInfo;jobInfoList:Types.JobCrafterDirectoryEntryJobInfo[];playerLook:Types.EntityLook
JobCrafterDirectoryEntryRequestMessage	6043	refs/Symbioz-2.38/Symbioz.Protocol/Messages/game/context/roleplay/job/JobCrafterDirectoryEntryRequestMessage.cs:33	1	playerId:ulong
JobCrafterDirectoryListMessage	6046	refs/Symbioz-2.38/Symbioz.Protocol/Messages/game/context/roleplay/job/JobCrafterDirectoryListMessage.cs:33	1	listEntries:Types.JobCrafterDirectoryListEntry[]
JobCrafterDirectoryListRequestMessage	6047	refs/Symbioz-2.38/Symbioz.Protocol/Messages/game/context/roleplay/job/JobCrafterDirectoryListRequestMessage.cs:33	1	jobId:sbyte
JobCrafterDirectoryRemoveMessage	5653	refs/Symbioz-2.38/Symbioz.Protocol/Messages/game/context/roleplay/job/JobCrafterDirectoryRemoveMessage.cs:33	2	jobId:sbyte;playerId:ulong
JobCrafterDirectorySettingsMessage	5652	refs/Symbioz-2.38/Symbioz.Protocol/Messages/game/context/roleplay/job/JobCrafterDirectorySettingsMessage.cs:33	1	craftersSettings:Types.JobCrafterDirectorySettings[]
JobDescriptionMessage	5655	refs/Symbioz-2.38/Symbioz.Protocol/Messages/game/context/roleplay/job/JobDescriptionMessage.cs:33	1	jobsDescription:Types.JobDescription[]
JobExperienceMultiUpdateMessage	5809	refs/Symbioz-2.38/Symbioz.Protocol/Messages/game/context/roleplay/job/JobExperienceMultiUpdateMessage.cs:33	1	experiencesUpdate:Types.JobExperience[]
JobExperienceOtherPlayerUpdateMessage	6599	refs/Symbioz-2.38/Symbioz.Protocol/Messages/game/context/roleplay/job/JobExperienceOtherPlayerUpdateMessage.cs:33	1	playerId:ulong
JobExperienceUpdateMessage	5654	refs/Symbioz-2.38/Symbioz.Protocol/Messages/game/context/roleplay/job/JobExperienceUpdateMessage.cs:33	1	experiencesUpdate:Types.JobExperience
JobLevelUpMessage	5656	refs/Symbioz-2.38/Symbioz.Protocol/Messages/game/context/roleplay/job/JobLevelUpMessage.cs:33	2	newLevel:byte;jobsDescription:Types.JobDescription
JobMultiCraftAvailableSkillsMessage	5747	refs/Symbioz-2.38/Symbioz.Protocol/Messages/game/context/roleplay/job/JobMultiCraftAvailableSkillsMessage.cs:33	2	playerId:ulong;skills:ushort[]
LockableChangeCodeMessage	5666	refs/Symbioz-2.38/Symbioz.Protocol/Messages/game/context/roleplay/lockable/LockableChangeCodeMessage.cs:33	1	code:string
LockableCodeResultMessage	5672	refs/Symbioz-2.38/Symbioz.Protocol/Messages/game/context/roleplay/lockable/LockableCodeResultMessage.cs:33	1	result:sbyte
LockableShowCodeDialogMessage	5740	refs/Symbioz-2.38/Symbioz.Protocol/Messages/game/context/roleplay/lockable/LockableShowCodeDialogMessage.cs:33	2	changeOrUse:bool;codeSize:sbyte
LockableStateUpdateAbstractMessage	5671	refs/Symbioz-2.38/Symbioz.Protocol/Messages/game/context/roleplay/lockable/LockableStateUpdateAbstractMessage.cs:33	1	locked:bool
LockableStateUpdateHouseDoorMessage	5668	refs/Symbioz-2.38/Symbioz.Protocol/Messages/game/context/roleplay/lockable/LockableStateUpdateHouseDoorMessage.cs:33	1	houseId:uint
LockableStateUpdateStorageMessage	5669	refs/Symbioz-2.38/Symbioz.Protocol/Messages/game/context/roleplay/lockable/LockableStateUpdateStorageMessage.cs:33	2	mapId:int;elementId:uint
LockableUseCodeMessage	5667	refs/Symbioz-2.38/Symbioz.Protocol/Messages/game/context/roleplay/lockable/LockableUseCodeMessage.cs:33	1	code:string
AlliancePrismDialogQuestionMessage	6448	refs/Symbioz-2.38/Symbioz.Protocol/Messages/game/context/roleplay/npc/AlliancePrismDialogQuestionMessage.cs:33	0	
AllianceTaxCollectorDialogQuestionExtendedMessage	6445	refs/Symbioz-2.38/Symbioz.Protocol/Messages/game/context/roleplay/npc/AllianceTaxCollectorDialogQuestionExtendedMessage.cs:33	1	alliance:Types.BasicNamedAllianceInformations
EntityTalkMessage	6110	refs/Symbioz-2.38/Symbioz.Protocol/Messages/game/context/roleplay/npc/EntityTalkMessage.cs:33	3	entityId:double;textId:ushort;parameters:string[]
MapNpcsQuestStatusUpdateMessage	5642	refs/Symbioz-2.38/Symbioz.Protocol/Messages/game/context/roleplay/npc/MapNpcsQuestStatusUpdateMessage.cs:33	4	mapId:int;npcsIdsWithQuest:int[];questFlags:Types.GameRolePlayNpcQuestFlag[];npcsIdsWithoutQuest:int[]
NpcDialogCreationMessage	5618	refs/Symbioz-2.38/Symbioz.Protocol/Messages/game/context/roleplay/npc/NpcDialogCreationMessage.cs:33	2	mapId:int;npcId:int
NpcDialogQuestionMessage	5617	refs/Symbioz-2.38/Symbioz.Protocol/Messages/game/context/roleplay/npc/NpcDialogQuestionMessage.cs:33	3	messageId:ushort;dialogParams:string[];visibleReplies:ushort[]
NpcDialogReplyMessage	5616	refs/Symbioz-2.38/Symbioz.Protocol/Messages/game/context/roleplay/npc/NpcDialogReplyMessage.cs:33	1	replyId:ushort
NpcGenericActionFailureMessage	5900	refs/Symbioz-2.38/Symbioz.Protocol/Messages/game/context/roleplay/npc/NpcGenericActionFailureMessage.cs:33	0	
NpcGenericActionRequestMessage	5898	refs/Symbioz-2.38/Symbioz.Protocol/Messages/game/context/roleplay/npc/NpcGenericActionRequestMessage.cs:33	3	npcId:int;npcActionId:sbyte;npcMapId:int
TaxCollectorDialogQuestionBasicMessage	5619	refs/Symbioz-2.38/Symbioz.Protocol/Messages/game/context/roleplay/npc/TaxCollectorDialogQuestionBasicMessage.cs:33	1	guildInfo:Types.BasicGuildInformations
TaxCollectorDialogQuestionExtendedMessage	5615	refs/Symbioz-2.38/Symbioz.Protocol/Messages/game/context/roleplay/npc/TaxCollectorDialogQuestionExtendedMessage.cs:33	9	maxPods:ushort;prospecting:ushort;wisdom:ushort;taxCollectorsCount:sbyte;taxCollectorAttack:int;kamas:uint;experience:ulong;pods:uint;itemsValue:uint
ObjectGroundAddedMessage	3017	refs/Symbioz-2.38/Symbioz.Protocol/Messages/game/context/roleplay/objects/ObjectGroundAddedMessage.cs:33	2	cellId:ushort;objectGID:ushort
ObjectGroundListAddedMessage	5925	refs/Symbioz-2.38/Symbioz.Protocol/Messages/game/context/roleplay/objects/ObjectGroundListAddedMessage.cs:33	2	cells:ushort[];referenceIds:ushort[]
ObjectGroundRemovedMessage	3014	refs/Symbioz-2.38/Symbioz.Protocol/Messages/game/context/roleplay/objects/ObjectGroundRemovedMessage.cs:33	1	cell:ushort
ObjectGroundRemovedMultipleMessage	5944	refs/Symbioz-2.38/Symbioz.Protocol/Messages/game/context/roleplay/objects/ObjectGroundRemovedMultipleMessage.cs:33	1	cells:ushort[]
GameDataPlayFarmObjectAnimationMessage	6026	refs/Symbioz-2.38/Symbioz.Protocol/Messages/game/context/roleplay/paddock/GameDataPlayFarmObjectAnimationMessage.cs:33	1	cellId:ushort[]
PaddockPropertiesMessage	5824	refs/Symbioz-2.38/Symbioz.Protocol/Messages/game/context/roleplay/paddock/PaddockPropertiesMessage.cs:33	1	properties:Types.PaddockInformations
PaddockSellBuyDialogMessage	6018	refs/Symbioz-2.38/Symbioz.Protocol/Messages/game/context/roleplay/paddock/PaddockSellBuyDialogMessage.cs:33	3	bsell:bool;ownerId:uint;price:uint
PaddockToSellFilterMessage	6161	refs/Symbioz-2.38/Symbioz.Protocol/Messages/game/context/roleplay/paddock/PaddockToSellFilterMessage.cs:33	4	areaId:int;atLeastNbMount:sbyte;atLeastNbMachine:sbyte;maxPrice:uint
PaddockToSellListMessage	6138	refs/Symbioz-2.38/Symbioz.Protocol/Messages/game/context/roleplay/paddock/PaddockToSellListMessage.cs:33	3	pageIndex:ushort;totalPage:ushort;paddockList:Types.PaddockInformationsForSell[]
PaddockToSellListRequestMessage	6141	refs/Symbioz-2.38/Symbioz.Protocol/Messages/game/context/roleplay/paddock/PaddockToSellListRequestMessage.cs:33	1	pageIndex:ushort
AbstractPartyEventMessage	6273	refs/Symbioz-2.38/Symbioz.Protocol/Messages/game/context/roleplay/party/AbstractPartyEventMessage.cs:33	0	
AbstractPartyMessage	6274	refs/Symbioz-2.38/Symbioz.Protocol/Messages/game/context/roleplay/party/AbstractPartyMessage.cs:33	1	partyId:uint
DungeonPartyFinderAvailableDungeonsMessage	6242	refs/Symbioz-2.38/Symbioz.Protocol/Messages/game/context/roleplay/party/DungeonPartyFinderAvailableDungeonsMessage.cs:33	1	dungeonIds:ushort[]
DungeonPartyFinderAvailableDungeonsRequestMessage	6240	refs/Symbioz-2.38/Symbioz.Protocol/Messages/game/context/roleplay/party/DungeonPartyFinderAvailableDungeonsRequestMessage.cs:33	0	
DungeonPartyFinderListenErrorMessage	6248	refs/Symbioz-2.38/Symbioz.Protocol/Messages/game/context/roleplay/party/DungeonPartyFinderListenErrorMessage.cs:33	1	dungeonId:ushort
DungeonPartyFinderListenRequestMessage	6246	refs/Symbioz-2.38/Symbioz.Protocol/Messages/game/context/roleplay/party/DungeonPartyFinderListenRequestMessage.cs:33	1	dungeonId:ushort
DungeonPartyFinderRegisterErrorMessage	6243	refs/Symbioz-2.38/Symbioz.Protocol/Messages/game/context/roleplay/party/DungeonPartyFinderRegisterErrorMessage.cs:33	0	
DungeonPartyFinderRegisterRequestMessage	6249	refs/Symbioz-2.38/Symbioz.Protocol/Messages/game/context/roleplay/party/DungeonPartyFinderRegisterRequestMessage.cs:33	1	dungeonIds:ushort[]
DungeonPartyFinderRegisterSuccessMessage	6241	refs/Symbioz-2.38/Symbioz.Protocol/Messages/game/context/roleplay/party/DungeonPartyFinderRegisterSuccessMessage.cs:33	1	dungeonIds:ushort[]
DungeonPartyFinderRoomContentMessage	6247	refs/Symbioz-2.38/Symbioz.Protocol/Messages/game/context/roleplay/party/DungeonPartyFinderRoomContentMessage.cs:33	2	dungeonId:ushort;players:Types.DungeonPartyFinderPlayer[]
DungeonPartyFinderRoomContentUpdateMessage	6250	refs/Symbioz-2.38/Symbioz.Protocol/Messages/game/context/roleplay/party/DungeonPartyFinderRoomContentUpdateMessage.cs:33	3	dungeonId:ushort;addedPlayers:Types.DungeonPartyFinderPlayer[];removedPlayersIds:ulong[]
PartyAbdicateThroneMessage	6080	refs/Symbioz-2.38/Symbioz.Protocol/Messages/game/context/roleplay/party/PartyAbdicateThroneMessage.cs:33	1	playerId:ulong
PartyAcceptInvitationMessage	5580	refs/Symbioz-2.38/Symbioz.Protocol/Messages/game/context/roleplay/party/PartyAcceptInvitationMessage.cs:33	0	
PartyCancelInvitationMessage	6254	refs/Symbioz-2.38/Symbioz.Protocol/Messages/game/context/roleplay/party/PartyCancelInvitationMessage.cs:33	1	guestId:ulong
PartyCancelInvitationNotificationMessage	6251	refs/Symbioz-2.38/Symbioz.Protocol/Messages/game/context/roleplay/party/PartyCancelInvitationNotificationMessage.cs:33	2	cancelerId:ulong;guestId:ulong
PartyCannotJoinErrorMessage	5583	refs/Symbioz-2.38/Symbioz.Protocol/Messages/game/context/roleplay/party/PartyCannotJoinErrorMessage.cs:33	1	reason:sbyte
PartyDeletedMessage	6261	refs/Symbioz-2.38/Symbioz.Protocol/Messages/game/context/roleplay/party/PartyDeletedMessage.cs:33	0	
PartyFollowMemberRequestMessage	5577	refs/Symbioz-2.38/Symbioz.Protocol/Messages/game/context/roleplay/party/PartyFollowMemberRequestMessage.cs:33	1	playerId:ulong
PartyFollowStatusUpdateMessage	5581	refs/Symbioz-2.38/Symbioz.Protocol/Messages/game/context/roleplay/party/PartyFollowStatusUpdateMessage.cs:33	3	success:bool;isFollowed:bool;followedId:ulong
PartyFollowThisMemberRequestMessage	5588	refs/Symbioz-2.38/Symbioz.Protocol/Messages/game/context/roleplay/party/PartyFollowThisMemberRequestMessage.cs:33	1	enabled:bool
PartyInvitationArenaRequestMessage	6283	refs/Symbioz-2.38/Symbioz.Protocol/Messages/game/context/roleplay/party/PartyInvitationArenaRequestMessage.cs:33	0	
PartyInvitationCancelledForGuestMessage	6256	refs/Symbioz-2.38/Symbioz.Protocol/Messages/game/context/roleplay/party/PartyInvitationCancelledForGuestMessage.cs:33	1	cancelerId:ulong
PartyInvitationDetailsMessage	6263	refs/Symbioz-2.38/Symbioz.Protocol/Messages/game/context/roleplay/party/PartyInvitationDetailsMessage.cs:33	7	partyType:sbyte;partyName:string;fromId:ulong;fromName:string;leaderId:ulong;members:Types.PartyInvitationMemberInformations[];guests:Types.PartyGuestInformations[]
PartyInvitationDetailsRequestMessage	6264	refs/Symbioz-2.38/Symbioz.Protocol/Messages/game/context/roleplay/party/PartyInvitationDetailsRequestMessage.cs:33	0	
PartyInvitationDungeonDetailsMessage	6262	refs/Symbioz-2.38/Symbioz.Protocol/Messages/game/context/roleplay/party/PartyInvitationDungeonDetailsMessage.cs:33	2	dungeonId:ushort;playersDungeonReady:bool[]
PartyInvitationDungeonMessage	6244	refs/Symbioz-2.38/Symbioz.Protocol/Messages/game/context/roleplay/party/PartyInvitationDungeonMessage.cs:33	1	dungeonId:ushort
PartyInvitationDungeonRequestMessage	6245	refs/Symbioz-2.38/Symbioz.Protocol/Messages/game/context/roleplay/party/PartyInvitationDungeonRequestMessage.cs:33	1	dungeonId:ushort
PartyInvitationMessage	5586	refs/Symbioz-2.38/Symbioz.Protocol/Messages/game/context/roleplay/party/PartyInvitationMessage.cs:33	6	partyType:sbyte;partyName:string;maxParticipants:sbyte;fromId:ulong;fromName:string;toId:ulong
PartyInvitationRequestMessage	5585	refs/Symbioz-2.38/Symbioz.Protocol/Messages/game/context/roleplay/party/PartyInvitationRequestMessage.cs:33	1	name:string
PartyJoinMessage	5576	refs/Symbioz-2.38/Symbioz.Protocol/Messages/game/context/roleplay/party/PartyJoinMessage.cs:33	7	partyType:sbyte;partyLeaderId:ulong;maxParticipants:sbyte;members:Types.PartyMemberInformations[];guests:Types.PartyGuestInformations[];restricted:bool;partyName:string
PartyKickRequestMessage	5592	refs/Symbioz-2.38/Symbioz.Protocol/Messages/game/context/roleplay/party/PartyKickRequestMessage.cs:33	1	playerId:ulong
PartyKickedByMessage	5590	refs/Symbioz-2.38/Symbioz.Protocol/Messages/game/context/roleplay/party/PartyKickedByMessage.cs:33	1	kickerId:ulong
PartyLeaderUpdateMessage	5578	refs/Symbioz-2.38/Symbioz.Protocol/Messages/game/context/roleplay/party/PartyLeaderUpdateMessage.cs:33	1	partyLeaderId:ulong
PartyLeaveMessage	5594	refs/Symbioz-2.38/Symbioz.Protocol/Messages/game/context/roleplay/party/PartyLeaveMessage.cs:33	0	
PartyLeaveRequestMessage	5593	refs/Symbioz-2.38/Symbioz.Protocol/Messages/game/context/roleplay/party/PartyLeaveRequestMessage.cs:33	0	
PartyLocateMembersMessage	5595	refs/Symbioz-2.38/Symbioz.Protocol/Messages/game/context/roleplay/party/PartyLocateMembersMessage.cs:33	1	geopositions:Types.PartyMemberGeoPosition[]
PartyLocateMembersRequestMessage	5587	refs/Symbioz-2.38/Symbioz.Protocol/Messages/game/context/roleplay/party/PartyLocateMembersRequestMessage.cs:33	0	
PartyLoyaltyStatusMessage	6270	refs/Symbioz-2.38/Symbioz.Protocol/Messages/game/context/roleplay/party/PartyLoyaltyStatusMessage.cs:33	1	loyal:bool
PartyMemberEjectedMessage	6252	refs/Symbioz-2.38/Symbioz.Protocol/Messages/game/context/roleplay/party/PartyMemberEjectedMessage.cs:33	1	kickerId:ulong
PartyMemberInFightMessage	6342	refs/Symbioz-2.38/Symbioz.Protocol/Messages/game/context/roleplay/party/PartyMemberInFightMessage.cs:33	7	reason:sbyte;memberId:ulong;memberAccountId:int;memberName:string;fightId:int;fightMap:Types.MapCoordinatesExtended;timeBeforeFightStart:short
PartyMemberRemoveMessage	5579	refs/Symbioz-2.38/Symbioz.Protocol/Messages/game/context/roleplay/party/PartyMemberRemoveMessage.cs:33	1	leavingPlayerId:ulong
PartyModifiableStatusMessage	6277	refs/Symbioz-2.38/Symbioz.Protocol/Messages/game/context/roleplay/party/PartyModifiableStatusMessage.cs:33	1	enabled:bool
PartyNameSetErrorMessage	6501	refs/Symbioz-2.38/Symbioz.Protocol/Messages/game/context/roleplay/party/PartyNameSetErrorMessage.cs:33	1	result:sbyte
PartyNameSetRequestMessage	6503	refs/Symbioz-2.38/Symbioz.Protocol/Messages/game/context/roleplay/party/PartyNameSetRequestMessage.cs:33	1	partyName:string
PartyNameUpdateMessage	6502	refs/Symbioz-2.38/Symbioz.Protocol/Messages/game/context/roleplay/party/PartyNameUpdateMessage.cs:33	1	partyName:string
PartyNewGuestMessage	6260	refs/Symbioz-2.38/Symbioz.Protocol/Messages/game/context/roleplay/party/PartyNewGuestMessage.cs:33	1	guest:Types.PartyGuestInformations
PartyNewMemberMessage	6306	refs/Symbioz-2.38/Symbioz.Protocol/Messages/game/context/roleplay/party/PartyNewMemberMessage.cs:33	0	
PartyPledgeLoyaltyRequestMessage	6269	refs/Symbioz-2.38/Symbioz.Protocol/Messages/game/context/roleplay/party/PartyPledgeLoyaltyRequestMessage.cs:33	1	loyal:bool
PartyRefuseInvitationMessage	5582	refs/Symbioz-2.38/Symbioz.Protocol/Messages/game/context/roleplay/party/PartyRefuseInvitationMessage.cs:33	0	
PartyRefuseInvitationNotificationMessage	5596	refs/Symbioz-2.38/Symbioz.Protocol/Messages/game/context/roleplay/party/PartyRefuseInvitationNotificationMessage.cs:33	1	guestId:ulong
PartyRestrictedMessage	6175	refs/Symbioz-2.38/Symbioz.Protocol/Messages/game/context/roleplay/party/PartyRestrictedMessage.cs:33	1	restricted:bool
PartyStopFollowRequestMessage	5574	refs/Symbioz-2.38/Symbioz.Protocol/Messages/game/context/roleplay/party/PartyStopFollowRequestMessage.cs:33	1	playerId:ulong
PartyUpdateLightMessage	6054	refs/Symbioz-2.38/Symbioz.Protocol/Messages/game/context/roleplay/party/PartyUpdateLightMessage.cs:33	5	id:ulong;lifePoints:uint;maxLifePoints:uint;prospecting:ushort;regenRate:byte
PartyUpdateMessage	5575	refs/Symbioz-2.38/Symbioz.Protocol/Messages/game/context/roleplay/party/PartyUpdateMessage.cs:33	1	memberInformations:Types.PartyMemberInformations
PartyCompanionUpdateLightMessage	6472	refs/Symbioz-2.38/Symbioz.Protocol/Messages/game/context/roleplay/party/companion/PartyCompanionUpdateLightMessage.cs:33	1	indexId:sbyte
PurchasableDialogMessage	5739	refs/Symbioz-2.38/Symbioz.Protocol/Messages/game/context/roleplay/purchasable/PurchasableDialogMessage.cs:33	3	buyOrSell:bool;purchasableId:uint;price:uint
GuidedModeQuitRequestMessage	6092	refs/Symbioz-2.38/Symbioz.Protocol/Messages/game/context/roleplay/quest/GuidedModeQuitRequestMessage.cs:33	0	
GuidedModeReturnRequestMessage	6088	refs/Symbioz-2.38/Symbioz.Protocol/Messages/game/context/roleplay/quest/GuidedModeReturnRequestMessage.cs:33	0	
QuestListMessage	5626	refs/Symbioz-2.38/Symbioz.Protocol/Messages/game/context/roleplay/quest/QuestListMessage.cs:33	4	finishedQuestsIds:ushort[];finishedQuestsCounts:ushort[];activeQuests:Types.QuestActiveInformations[];reinitDoneQuestsIds:ushort[]
QuestListRequestMessage	5623	refs/Symbioz-2.38/Symbioz.Protocol/Messages/game/context/roleplay/quest/QuestListRequestMessage.cs:33	0	
QuestObjectiveValidatedMessage	6098	refs/Symbioz-2.38/Symbioz.Protocol/Messages/game/context/roleplay/quest/QuestObjectiveValidatedMessage.cs:33	2	questId:ushort;objectiveId:ushort
QuestObjectiveValidationMessage	6085	refs/Symbioz-2.38/Symbioz.Protocol/Messages/game/context/roleplay/quest/QuestObjectiveValidationMessage.cs:33	2	questId:ushort;objectiveId:ushort
QuestStartRequestMessage	5643	refs/Symbioz-2.38/Symbioz.Protocol/Messages/game/context/roleplay/quest/QuestStartRequestMessage.cs:33	1	questId:ushort
QuestStartedMessage	6091	refs/Symbioz-2.38/Symbioz.Protocol/Messages/game/context/roleplay/quest/QuestStartedMessage.cs:33	1	questId:ushort
QuestStepInfoMessage	5625	refs/Symbioz-2.38/Symbioz.Protocol/Messages/game/context/roleplay/quest/QuestStepInfoMessage.cs:33	1	infos:Types.QuestActiveInformations
QuestStepInfoRequestMessage	5622	refs/Symbioz-2.38/Symbioz.Protocol/Messages/game/context/roleplay/quest/QuestStepInfoRequestMessage.cs:33	1	questId:ushort
QuestStepStartedMessage	6096	refs/Symbioz-2.38/Symbioz.Protocol/Messages/game/context/roleplay/quest/QuestStepStartedMessage.cs:33	2	questId:ushort;stepId:ushort
QuestStepValidatedMessage	6099	refs/Symbioz-2.38/Symbioz.Protocol/Messages/game/context/roleplay/quest/QuestStepValidatedMessage.cs:33	2	questId:ushort;stepId:ushort
QuestValidatedMessage	6097	refs/Symbioz-2.38/Symbioz.Protocol/Messages/game/context/roleplay/quest/QuestValidatedMessage.cs:33	1	questId:ushort
SpellItemBoostMessage	6011	refs/Symbioz-2.38/Symbioz.Protocol/Messages/game/context/roleplay/spell/SpellItemBoostMessage.cs:33	3	statId:uint;spellId:ushort;value:short
SpellModifyFailureMessage	6653	refs/Symbioz-2.38/Symbioz.Protocol/Messages/game/context/roleplay/spell/SpellModifyFailureMessage.cs:33	0	
SpellModifyRequestMessage	6655	refs/Symbioz-2.38/Symbioz.Protocol/Messages/game/context/roleplay/spell/SpellModifyRequestMessage.cs:33	2	spellId:ushort;spellLevel:sbyte
SpellModifySuccessMessage	6654	refs/Symbioz-2.38/Symbioz.Protocol/Messages/game/context/roleplay/spell/SpellModifySuccessMessage.cs:33	2	spellId:int;spellLevel:sbyte
StatsUpgradeRequestMessage	5610	refs/Symbioz-2.38/Symbioz.Protocol/Messages/game/context/roleplay/stats/StatsUpgradeRequestMessage.cs:33	3	useAdditionnal:bool;statId:sbyte;boostPoint:ushort
StatsUpgradeResultMessage	5609	refs/Symbioz-2.38/Symbioz.Protocol/Messages/game/context/roleplay/stats/StatsUpgradeResultMessage.cs:33	2	result:sbyte;nbCharacBoost:ushort
PortalUseRequestMessage	6492	refs/Symbioz-2.38/Symbioz.Protocol/Messages/game/context/roleplay/treasureHunt/PortalUseRequestMessage.cs:33	1	portalId:uint
TreasureHuntAvailableRetryCountUpdateMessage	6491	refs/Symbioz-2.38/Symbioz.Protocol/Messages/game/context/roleplay/treasureHunt/TreasureHuntAvailableRetryCountUpdateMessage.cs:33	2	questType:sbyte;availableRetryCount:int
TreasureHuntDigRequestAnswerFailedMessage	6509	refs/Symbioz-2.38/Symbioz.Protocol/Messages/game/context/roleplay/treasureHunt/TreasureHuntDigRequestAnswerFailedMessage.cs:33	1	wrongFlagCount:sbyte
TreasureHuntDigRequestAnswerMessage	6484	refs/Symbioz-2.38/Symbioz.Protocol/Messages/game/context/roleplay/treasureHunt/TreasureHuntDigRequestAnswerMessage.cs:33	2	questType:sbyte;result:sbyte
TreasureHuntDigRequestMessage	6485	refs/Symbioz-2.38/Symbioz.Protocol/Messages/game/context/roleplay/treasureHunt/TreasureHuntDigRequestMessage.cs:33	1	questType:sbyte
TreasureHuntFinishedMessage	6483	refs/Symbioz-2.38/Symbioz.Protocol/Messages/game/context/roleplay/treasureHunt/TreasureHuntFinishedMessage.cs:33	1	questType:sbyte
TreasureHuntFlagRemoveRequestMessage	6510	refs/Symbioz-2.38/Symbioz.Protocol/Messages/game/context/roleplay/treasureHunt/TreasureHuntFlagRemoveRequestMessage.cs:33	2	questType:sbyte;index:sbyte
TreasureHuntFlagRequestAnswerMessage	6507	refs/Symbioz-2.38/Symbioz.Protocol/Messages/game/context/roleplay/treasureHunt/TreasureHuntFlagRequestAnswerMessage.cs:33	3	questType:sbyte;result:sbyte;index:sbyte
TreasureHuntFlagRequestMessage	6508	refs/Symbioz-2.38/Symbioz.Protocol/Messages/game/context/roleplay/treasureHunt/TreasureHuntFlagRequestMessage.cs:33	2	questType:sbyte;index:sbyte
TreasureHuntGiveUpRequestMessage	6487	refs/Symbioz-2.38/Symbioz.Protocol/Messages/game/context/roleplay/treasureHunt/TreasureHuntGiveUpRequestMessage.cs:33	1	questType:sbyte
TreasureHuntLegendaryRequestMessage	6499	refs/Symbioz-2.38/Symbioz.Protocol/Messages/game/context/roleplay/treasureHunt/TreasureHuntLegendaryRequestMessage.cs:33	1	legendaryId:ushort
TreasureHuntMessage	6486	refs/Symbioz-2.38/Symbioz.Protocol/Messages/game/context/roleplay/treasureHunt/TreasureHuntMessage.cs:33	8	questType:sbyte;startMapId:int;knownStepsList:Types.TreasureHuntStep[];totalStepCount:sbyte;checkPointCurrent:uint;checkPointTotal:uint;availableRetryCount:int;flags:Types.TreasureHuntFlag[]
TreasureHuntRequestAnswerMessage	6489	refs/Symbioz-2.38/Symbioz.Protocol/Messages/game/context/roleplay/treasureHunt/TreasureHuntRequestAnswerMessage.cs:33	2	questType:sbyte;result:sbyte
TreasureHuntRequestMessage	6488	refs/Symbioz-2.38/Symbioz.Protocol/Messages/game/context/roleplay/treasureHunt/TreasureHuntRequestMessage.cs:33	2	questLevel:byte;questType:sbyte
TreasureHuntShowLegendaryUIMessage	6498	refs/Symbioz-2.38/Symbioz.Protocol/Messages/game/context/roleplay/treasureHunt/TreasureHuntShowLegendaryUIMessage.cs:33	1	availableLegendaryIds:ushort[]
GameRolePlaySpellAnimMessage	6114	refs/Symbioz-2.38/Symbioz.Protocol/Messages/game/context/roleplay/visual/GameRolePlaySpellAnimMessage.cs:33	4	casterId:ulong;targetCellId:ushort;spellId:ushort;spellLevel:sbyte
DareCancelRequestMessage	6680	refs/Symbioz-2.38/Symbioz.Protocol/Messages/game/dare/DareCancelRequestMessage.cs:33	1	dareId:double
DareCanceledMessage	6679	refs/Symbioz-2.38/Symbioz.Protocol/Messages/game/dare/DareCanceledMessage.cs:33	1	dareId:double
DareCreatedListMessage	6663	refs/Symbioz-2.38/Symbioz.Protocol/Messages/game/dare/DareCreatedListMessage.cs:33	2	daresFixedInfos:Types.DareInformations[];daresVersatilesInfos:Types.DareVersatileInformations[]
DareCreatedMessage	6668	refs/Symbioz-2.38/Symbioz.Protocol/Messages/game/dare/DareCreatedMessage.cs:33	2	dareInfos:Types.DareInformations;needNotifications:bool
DareCreationRequestMessage	6665	refs/Symbioz-2.38/Symbioz.Protocol/Messages/game/dare/DareCreationRequestMessage.cs:33	10	isPrivate:bool;isForGuild:bool;isForAlliance:bool;needNotifications:bool;subscriptionFee:int;jackpot:int;maxCountWinners:ushort;delayBeforeStart:uint;duration:uint;criterions:Types.DareCriteria[]
DareErrorMessage	6667	refs/Symbioz-2.38/Symbioz.Protocol/Messages/game/dare/DareErrorMessage.cs:33	1	error:sbyte
DareInformationsMessage	6656	refs/Symbioz-2.38/Symbioz.Protocol/Messages/game/dare/DareInformationsMessage.cs:33	2	dareFixedInfos:Types.DareInformations;dareVersatilesInfos:Types.DareVersatileInformations
DareInformationsRequestMessage	6659	refs/Symbioz-2.38/Symbioz.Protocol/Messages/game/dare/DareInformationsRequestMessage.cs:33	1	dareId:double
DareListMessage	6661	refs/Symbioz-2.38/Symbioz.Protocol/Messages/game/dare/DareListMessage.cs:33	1	dares:Types.DareInformations[]
DareRewardConsumeRequestMessage	6676	refs/Symbioz-2.38/Symbioz.Protocol/Messages/game/dare/DareRewardConsumeRequestMessage.cs:33	2	dareId:double;type:sbyte
DareRewardConsumeValidationMessage	6675	refs/Symbioz-2.38/Symbioz.Protocol/Messages/game/dare/DareRewardConsumeValidationMessage.cs:33	2	dareId:double;type:sbyte
DareRewardWonMessage	6678	refs/Symbioz-2.38/Symbioz.Protocol/Messages/game/dare/DareRewardWonMessage.cs:33	1	reward:Types.DareReward
DareRewardsListMessage	6677	refs/Symbioz-2.38/Symbioz.Protocol/Messages/game/dare/DareRewardsListMessage.cs:33	1	rewards:Types.DareReward[]
DareSubscribeRequestMessage	6666	refs/Symbioz-2.38/Symbioz.Protocol/Messages/game/dare/DareSubscribeRequestMessage.cs:33	2	dareId:double;subscribe:bool
DareSubscribedListMessage	6658	refs/Symbioz-2.38/Symbioz.Protocol/Messages/game/dare/DareSubscribedListMessage.cs:33	2	daresFixedInfos:Types.DareInformations[];daresVersatilesInfos:Types.DareVersatileInformations[]
DareSubscribedMessage	6660	refs/Symbioz-2.38/Symbioz.Protocol/Messages/game/dare/DareSubscribedMessage.cs:33	4	success:bool;subscribe:bool;dareId:double;dareVersatilesInfos:Types.DareVersatileInformations
DareVersatileListMessage	6657	refs/Symbioz-2.38/Symbioz.Protocol/Messages/game/dare/DareVersatileListMessage.cs:33	1	dares:Types.DareVersatileInformations[]
DareWonListMessage	6682	refs/Symbioz-2.38/Symbioz.Protocol/Messages/game/dare/DareWonListMessage.cs:33	1	dareId:double[]
DareWonMessage	6681	refs/Symbioz-2.38/Symbioz.Protocol/Messages/game/dare/DareWonMessage.cs:33	1	dareId:double
LeaveDialogMessage	5502	refs/Symbioz-2.38/Symbioz.Protocol/Messages/game/dialog/LeaveDialogMessage.cs:33	1	dialogType:sbyte
LeaveDialogRequestMessage	5501	refs/Symbioz-2.38/Symbioz.Protocol/Messages/game/dialog/LeaveDialogRequestMessage.cs:33	0	
PauseDialogMessage	6012	refs/Symbioz-2.38/Symbioz.Protocol/Messages/game/dialog/PauseDialogMessage.cs:33	1	dialogType:sbyte
FriendAddFailureMessage	5600	refs/Symbioz-2.38/Symbioz.Protocol/Messages/game/friend/FriendAddFailureMessage.cs:33	1	reason:sbyte
FriendAddRequestMessage	4004	refs/Symbioz-2.38/Symbioz.Protocol/Messages/game/friend/FriendAddRequestMessage.cs:33	1	name:string
FriendAddedMessage	5599	refs/Symbioz-2.38/Symbioz.Protocol/Messages/game/friend/FriendAddedMessage.cs:33	1	friendAdded:Types.FriendInformations
FriendDeleteRequestMessage	5603	refs/Symbioz-2.38/Symbioz.Protocol/Messages/game/friend/FriendDeleteRequestMessage.cs:33	1	accountId:int
FriendDeleteResultMessage	5601	refs/Symbioz-2.38/Symbioz.Protocol/Messages/game/friend/FriendDeleteResultMessage.cs:33	2	success:bool;name:string
FriendJoinRequestMessage	5605	refs/Symbioz-2.38/Symbioz.Protocol/Messages/game/friend/FriendJoinRequestMessage.cs:33	1	name:string
FriendSetWarnOnConnectionMessage	5602	refs/Symbioz-2.38/Symbioz.Protocol/Messages/game/friend/FriendSetWarnOnConnectionMessage.cs:33	1	enable:bool
FriendSetWarnOnLevelGainMessage	6077	refs/Symbioz-2.38/Symbioz.Protocol/Messages/game/friend/FriendSetWarnOnLevelGainMessage.cs:33	1	enable:bool
FriendSpouseFollowWithCompassRequestMessage	5606	refs/Symbioz-2.38/Symbioz.Protocol/Messages/game/friend/FriendSpouseFollowWithCompassRequestMessage.cs:33	1	enable:bool
FriendSpouseJoinRequestMessage	5604	refs/Symbioz-2.38/Symbioz.Protocol/Messages/game/friend/FriendSpouseJoinRequestMessage.cs:33	0	
FriendUpdateMessage	5924	refs/Symbioz-2.38/Symbioz.Protocol/Messages/game/friend/FriendUpdateMessage.cs:33	1	friendUpdated:Types.FriendInformations
FriendWarnOnConnectionStateMessage	5630	refs/Symbioz-2.38/Symbioz.Protocol/Messages/game/friend/FriendWarnOnConnectionStateMessage.cs:33	1	enable:bool
FriendWarnOnLevelGainStateMessage	6078	refs/Symbioz-2.38/Symbioz.Protocol/Messages/game/friend/FriendWarnOnLevelGainStateMessage.cs:33	1	enable:bool
FriendsGetListMessage	4001	refs/Symbioz-2.38/Symbioz.Protocol/Messages/game/friend/FriendsGetListMessage.cs:33	0	
FriendsListMessage	4002	refs/Symbioz-2.38/Symbioz.Protocol/Messages/game/friend/FriendsListMessage.cs:33	1	friendsList:Types.FriendInformations[]
GuildMemberSetWarnOnConnectionMessage	6159	refs/Symbioz-2.38/Symbioz.Protocol/Messages/game/friend/GuildMemberSetWarnOnConnectionMessage.cs:33	1	enable:bool
GuildMemberWarnOnConnectionStateMessage	6160	refs/Symbioz-2.38/Symbioz.Protocol/Messages/game/friend/GuildMemberWarnOnConnectionStateMessage.cs:33	1	enable:bool
IgnoredAddFailureMessage	5679	refs/Symbioz-2.38/Symbioz.Protocol/Messages/game/friend/IgnoredAddFailureMessage.cs:33	1	reason:sbyte
IgnoredAddRequestMessage	5673	refs/Symbioz-2.38/Symbioz.Protocol/Messages/game/friend/IgnoredAddRequestMessage.cs:33	2	name:string;session:bool
IgnoredAddedMessage	5678	refs/Symbioz-2.38/Symbioz.Protocol/Messages/game/friend/IgnoredAddedMessage.cs:33	2	ignoreAdded:Types.IgnoredInformations;session:bool
IgnoredDeleteRequestMessage	5680	refs/Symbioz-2.38/Symbioz.Protocol/Messages/game/friend/IgnoredDeleteRequestMessage.cs:33	2	accountId:int;session:bool
IgnoredDeleteResultMessage	5677	refs/Symbioz-2.38/Symbioz.Protocol/Messages/game/friend/IgnoredDeleteResultMessage.cs:33	3	success:bool;session:bool;name:string
IgnoredGetListMessage	5676	refs/Symbioz-2.38/Symbioz.Protocol/Messages/game/friend/IgnoredGetListMessage.cs:33	0	
IgnoredListMessage	5674	refs/Symbioz-2.38/Symbioz.Protocol/Messages/game/friend/IgnoredListMessage.cs:33	1	ignoredList:Types.IgnoredInformations[]
SpouseGetInformationsMessage	6355	refs/Symbioz-2.38/Symbioz.Protocol/Messages/game/friend/SpouseGetInformationsMessage.cs:33	0	
SpouseInformationsMessage	6356	refs/Symbioz-2.38/Symbioz.Protocol/Messages/game/friend/SpouseInformationsMessage.cs:33	1	spouse:Types.FriendSpouseInformations
SpouseStatusMessage	6265	refs/Symbioz-2.38/Symbioz.Protocol/Messages/game/friend/SpouseStatusMessage.cs:33	1	hasSpouse:bool
WarnOnPermaDeathStateMessage	6513	refs/Symbioz-2.38/Symbioz.Protocol/Messages/game/friend/WarnOnPermaDeathStateMessage.cs:33	1	enable:bool
GuestLimitationMessage	6506	refs/Symbioz-2.38/Symbioz.Protocol/Messages/game/guest/GuestLimitationMessage.cs:33	1	reason:sbyte
GuestModeMessage	6505	refs/Symbioz-2.38/Symbioz.Protocol/Messages/game/guest/GuestModeMessage.cs:33	1	active:bool
ChallengeFightJoinRefusedMessage	5908	refs/Symbioz-2.38/Symbioz.Protocol/Messages/game/guild/ChallengeFightJoinRefusedMessage.cs:33	2	playerId:ulong;reason:sbyte
GuildChangeMemberParametersMessage	5549	refs/Symbioz-2.38/Symbioz.Protocol/Messages/game/guild/GuildChangeMemberParametersMessage.cs:33	4	memberId:ulong;rank:ushort;experienceGivenPercent:sbyte;rights:uint
GuildCharacsUpgradeRequestMessage	5706	refs/Symbioz-2.38/Symbioz.Protocol/Messages/game/guild/GuildCharacsUpgradeRequestMessage.cs:33	1	charaTypeTarget:sbyte
GuildCreationResultMessage	5554	refs/Symbioz-2.38/Symbioz.Protocol/Messages/game/guild/GuildCreationResultMessage.cs:33	1	result:sbyte
GuildCreationStartedMessage	5920	refs/Symbioz-2.38/Symbioz.Protocol/Messages/game/guild/GuildCreationStartedMessage.cs:33	0	
GuildCreationValidMessage	5546	refs/Symbioz-2.38/Symbioz.Protocol/Messages/game/guild/GuildCreationValidMessage.cs:33	2	guildName:string;guildEmblem:Types.GuildEmblem
GuildFactsErrorMessage	6424	refs/Symbioz-2.38/Symbioz.Protocol/Messages/game/guild/GuildFactsErrorMessage.cs:33	1	guildId:uint
GuildFactsMessage	6415	refs/Symbioz-2.38/Symbioz.Protocol/Messages/game/guild/GuildFactsMessage.cs:33	5	infos:Types.GuildFactSheetInformations;creationDate:int;nbTaxCollectors:ushort;enabled:bool;members:Types.CharacterMinimalInformations[]
GuildFactsRequestMessage	6404	refs/Symbioz-2.38/Symbioz.Protocol/Messages/game/guild/GuildFactsRequestMessage.cs:33	1	guildId:uint
GuildGetInformationsMessage	5550	refs/Symbioz-2.38/Symbioz.Protocol/Messages/game/guild/GuildGetInformationsMessage.cs:33	1	infoType:sbyte
GuildHouseRemoveMessage	6180	refs/Symbioz-2.38/Symbioz.Protocol/Messages/game/guild/GuildHouseRemoveMessage.cs:33	1	houseId:uint
GuildHouseTeleportRequestMessage	5712	refs/Symbioz-2.38/Symbioz.Protocol/Messages/game/guild/GuildHouseTeleportRequestMessage.cs:33	1	houseId:uint
GuildHouseUpdateInformationMessage	6181	refs/Symbioz-2.38/Symbioz.Protocol/Messages/game/guild/GuildHouseUpdateInformationMessage.cs:33	1	housesInformations:Types.HouseInformationsForGuild
GuildHousesInformationMessage	5919	refs/Symbioz-2.38/Symbioz.Protocol/Messages/game/guild/GuildHousesInformationMessage.cs:33	1	housesInformations:Types.HouseInformationsForGuild[]
GuildInAllianceFactsMessage	6422	refs/Symbioz-2.38/Symbioz.Protocol/Messages/game/guild/GuildInAllianceFactsMessage.cs:33	1	allianceInfos:Types.BasicNamedAllianceInformations
GuildInformationsGeneralMessage	5557	refs/Symbioz-2.38/Symbioz.Protocol/Messages/game/guild/GuildInformationsGeneralMessage.cs:33	9	enabled:bool;abandonnedPaddock:bool;level:byte;expLevelFloor:ulong;experience:ulong;expNextLevelFloor:ulong;creationDate:int;nbTotalMembers:ushort;nbConnectedMembers:ushort
GuildInformationsMemberUpdateMessage	5597	refs/Symbioz-2.38/Symbioz.Protocol/Messages/game/guild/GuildInformationsMemberUpdateMessage.cs:33	1	member:Types.GuildMember
GuildInformationsMembersMessage	5558	refs/Symbioz-2.38/Symbioz.Protocol/Messages/game/guild/GuildInformationsMembersMessage.cs:33	1	members:Types.GuildMember[]
GuildInformationsPaddocksMessage	5959	refs/Symbioz-2.38/Symbioz.Protocol/Messages/game/guild/GuildInformationsPaddocksMessage.cs:33	2	nbPaddockMax:sbyte;paddocksInformations:Types.PaddockContentInformations[]
GuildInfosUpgradeMessage	5636	refs/Symbioz-2.38/Symbioz.Protocol/Messages/game/guild/GuildInfosUpgradeMessage.cs:33	10	maxTaxCollectorsCount:sbyte;taxCollectorsCount:sbyte;taxCollectorLifePoints:ushort;taxCollectorDamagesBonuses:ushort;taxCollectorPods:ushort;taxCollectorProspecting:ushort;taxCollectorWisdom:ushort;boostPoints:ushort;spellId:ushort[];spellLevel:sbyte[]
GuildInvitationAnswerMessage	5556	refs/Symbioz-2.38/Symbioz.Protocol/Messages/game/guild/GuildInvitationAnswerMessage.cs:33	1	accept:bool
GuildInvitationByNameMessage	6115	refs/Symbioz-2.38/Symbioz.Protocol/Messages/game/guild/GuildInvitationByNameMessage.cs:33	1	name:string
GuildInvitationMessage	5551	refs/Symbioz-2.38/Symbioz.Protocol/Messages/game/guild/GuildInvitationMessage.cs:33	1	targetId:ulong
GuildInvitationStateRecrutedMessage	5548	refs/Symbioz-2.38/Symbioz.Protocol/Messages/game/guild/GuildInvitationStateRecrutedMessage.cs:33	1	invitationState:sbyte
GuildInvitationStateRecruterMessage	5563	refs/Symbioz-2.38/Symbioz.Protocol/Messages/game/guild/GuildInvitationStateRecruterMessage.cs:33	2	recrutedName:string;invitationState:sbyte
GuildInvitedMessage	5552	refs/Symbioz-2.38/Symbioz.Protocol/Messages/game/guild/GuildInvitedMessage.cs:33	3	recruterId:ulong;recruterName:string;guildInfo:Types.BasicGuildInformations
GuildJoinedMessage	5564	refs/Symbioz-2.38/Symbioz.Protocol/Messages/game/guild/GuildJoinedMessage.cs:33	3	guildInfo:Types.GuildInformations;memberRights:uint;enabled:bool
GuildKickRequestMessage	5887	refs/Symbioz-2.38/Symbioz.Protocol/Messages/game/guild/GuildKickRequestMessage.cs:33	1	kickedId:ulong
GuildLeftMessage	5562	refs/Symbioz-2.38/Symbioz.Protocol/Messages/game/guild/GuildLeftMessage.cs:33	0	
GuildLevelUpMessage	6062	refs/Symbioz-2.38/Symbioz.Protocol/Messages/game/guild/GuildLevelUpMessage.cs:33	1	newLevel:byte
GuildListMessage	6413	refs/Symbioz-2.38/Symbioz.Protocol/Messages/game/guild/GuildListMessage.cs:33	1	guilds:Types.GuildInformations[]
GuildMemberLeavingMessage	5923	refs/Symbioz-2.38/Symbioz.Protocol/Messages/game/guild/GuildMemberLeavingMessage.cs:33	2	kicked:bool;memberId:ulong
GuildMemberOnlineStatusMessage	6061	refs/Symbioz-2.38/Symbioz.Protocol/Messages/game/guild/GuildMemberOnlineStatusMessage.cs:33	2	memberId:ulong;online:bool
GuildMembershipMessage	5835	refs/Symbioz-2.38/Symbioz.Protocol/Messages/game/guild/GuildMembershipMessage.cs:33	0	
GuildModificationEmblemValidMessage	6328	refs/Symbioz-2.38/Symbioz.Protocol/Messages/game/guild/GuildModificationEmblemValidMessage.cs:33	1	guildEmblem:Types.GuildEmblem
GuildModificationNameValidMessage	6327	refs/Symbioz-2.38/Symbioz.Protocol/Messages/game/guild/GuildModificationNameValidMessage.cs:33	1	guildName:string
GuildModificationStartedMessage	6324	refs/Symbioz-2.38/Symbioz.Protocol/Messages/game/guild/GuildModificationStartedMessage.cs:33	2	canChangeName:bool;canChangeEmblem:bool
GuildModificationValidMessage	6323	refs/Symbioz-2.38/Symbioz.Protocol/Messages/game/guild/GuildModificationValidMessage.cs:33	2	guildName:string;guildEmblem:Types.GuildEmblem
GuildMotdMessage	6590	refs/Symbioz-2.38/Symbioz.Protocol/Messages/game/guild/GuildMotdMessage.cs:33	4	content:string;timestamp:int;memberId:ulong;memberName:string
GuildMotdSetErrorMessage	6591	refs/Symbioz-2.38/Symbioz.Protocol/Messages/game/guild/GuildMotdSetErrorMessage.cs:33	1	reason:sbyte
GuildMotdSetRequestMessage	6588	refs/Symbioz-2.38/Symbioz.Protocol/Messages/game/guild/GuildMotdSetRequestMessage.cs:33	1	content:string
GuildPaddockBoughtMessage	5952	refs/Symbioz-2.38/Symbioz.Protocol/Messages/game/guild/GuildPaddockBoughtMessage.cs:33	1	paddockInfo:Types.PaddockContentInformations
GuildPaddockRemovedMessage	5955	refs/Symbioz-2.38/Symbioz.Protocol/Messages/game/guild/GuildPaddockRemovedMessage.cs:33	1	paddockId:int
GuildPaddockTeleportRequestMessage	5957	refs/Symbioz-2.38/Symbioz.Protocol/Messages/game/guild/GuildPaddockTeleportRequestMessage.cs:33	1	paddockId:int
GuildSpellUpgradeRequestMessage	5699	refs/Symbioz-2.38/Symbioz.Protocol/Messages/game/guild/GuildSpellUpgradeRequestMessage.cs:33	1	spellId:int
GuildVersatileInfoListMessage	6435	refs/Symbioz-2.38/Symbioz.Protocol/Messages/game/guild/GuildVersatileInfoListMessage.cs:33	1	guilds:Types.GuildVersatileInformations[]
AbstractTaxCollectorListMessage	6568	refs/Symbioz-2.38/Symbioz.Protocol/Messages/game/guild/tax/AbstractTaxCollectorListMessage.cs:33	1	informations:Types.TaxCollectorInformations[]
GameRolePlayTaxCollectorFightRequestMessage	5954	refs/Symbioz-2.38/Symbioz.Protocol/Messages/game/guild/tax/GameRolePlayTaxCollectorFightRequestMessage.cs:33	1	taxCollectorId:int
GuildFightJoinRequestMessage	5717	refs/Symbioz-2.38/Symbioz.Protocol/Messages/game/guild/tax/GuildFightJoinRequestMessage.cs:33	1	taxCollectorId:int
GuildFightLeaveRequestMessage	5715	refs/Symbioz-2.38/Symbioz.Protocol/Messages/game/guild/tax/GuildFightLeaveRequestMessage.cs:33	2	taxCollectorId:int;characterId:ulong
GuildFightPlayersEnemiesListMessage	5928	refs/Symbioz-2.38/Symbioz.Protocol/Messages/game/guild/tax/GuildFightPlayersEnemiesListMessage.cs:33	2	fightId:int;playerInfo:Types.CharacterMinimalPlusLookInformations[]
GuildFightPlayersEnemyRemoveMessage	5929	refs/Symbioz-2.38/Symbioz.Protocol/Messages/game/guild/tax/GuildFightPlayersEnemyRemoveMessage.cs:33	2	fightId:int;playerId:ulong
GuildFightPlayersHelpersJoinMessage	5720	refs/Symbioz-2.38/Symbioz.Protocol/Messages/game/guild/tax/GuildFightPlayersHelpersJoinMessage.cs:33	2	fightId:int;playerInfo:Types.CharacterMinimalPlusLookInformations
GuildFightPlayersHelpersLeaveMessage	5719	refs/Symbioz-2.38/Symbioz.Protocol/Messages/game/guild/tax/GuildFightPlayersHelpersLeaveMessage.cs:33	2	fightId:int;playerId:ulong
GuildFightTakePlaceRequestMessage	6235	refs/Symbioz-2.38/Symbioz.Protocol/Messages/game/guild/tax/GuildFightTakePlaceRequestMessage.cs:33	1	replacedCharacterId:int
TaxCollectorAttackedMessage	5918	refs/Symbioz-2.38/Symbioz.Protocol/Messages/game/guild/tax/TaxCollectorAttackedMessage.cs:33	7	firstNameId:ushort;lastNameId:ushort;worldX:short;worldY:short;mapId:int;subAreaId:ushort;guild:Types.BasicGuildInformations
TaxCollectorAttackedResultMessage	5635	refs/Symbioz-2.38/Symbioz.Protocol/Messages/game/guild/tax/TaxCollectorAttackedResultMessage.cs:33	3	deadOrAlive:bool;basicInfos:Types.TaxCollectorBasicInformations;guild:Types.BasicGuildInformations
TaxCollectorErrorMessage	5634	refs/Symbioz-2.38/Symbioz.Protocol/Messages/game/guild/tax/TaxCollectorErrorMessage.cs:33	1	reason:sbyte
TaxCollectorListMessage	5930	refs/Symbioz-2.38/Symbioz.Protocol/Messages/game/guild/tax/TaxCollectorListMessage.cs:33	2	nbcollectorMax:sbyte;fightersInformations:Types.TaxCollectorFightersInformation[]
TaxCollectorMovementAddMessage	5917	refs/Symbioz-2.38/Symbioz.Protocol/Messages/game/guild/tax/TaxCollectorMovementAddMessage.cs:33	1	informations:Types.TaxCollectorInformations
TaxCollectorMovementMessage	5633	refs/Symbioz-2.38/Symbioz.Protocol/Messages/game/guild/tax/TaxCollectorMovementMessage.cs:33	4	movementType:sbyte;basicInfos:Types.TaxCollectorBasicInformations;playerId:ulong;playerName:string
TaxCollectorMovementRemoveMessage	5915	refs/Symbioz-2.38/Symbioz.Protocol/Messages/game/guild/tax/TaxCollectorMovementRemoveMessage.cs:33	1	collectorId:int
TaxCollectorMovementsOfflineMessage	6611	refs/Symbioz-2.38/Symbioz.Protocol/Messages/game/guild/tax/TaxCollectorMovementsOfflineMessage.cs:33	1	movements:Types.TaxCollectorMovement[]
TaxCollectorStateUpdateMessage	6455	refs/Symbioz-2.38/Symbioz.Protocol/Messages/game/guild/tax/TaxCollectorStateUpdateMessage.cs:33	2	uniqueId:int;state:sbyte
TopTaxCollectorListMessage	6565	refs/Symbioz-2.38/Symbioz.Protocol/Messages/game/guild/tax/TopTaxCollectorListMessage.cs:33	1	isDungeon:bool
IdolFightPreparationUpdateMessage	6586	refs/Symbioz-2.38/Symbioz.Protocol/Messages/game/idol/IdolFightPreparationUpdateMessage.cs:33	2	idolSource:sbyte;idols:Types.Idol[]
IdolListMessage	6585	refs/Symbioz-2.38/Symbioz.Protocol/Messages/game/idol/IdolListMessage.cs:33	3	chosenIdols:ushort[];partyChosenIdols:ushort[];partyIdols:Types.PartyIdol[]
IdolPartyLostMessage	6580	refs/Symbioz-2.38/Symbioz.Protocol/Messages/game/idol/IdolPartyLostMessage.cs:33	1	idolId:ushort
IdolPartyRefreshMessage	6583	refs/Symbioz-2.38/Symbioz.Protocol/Messages/game/idol/IdolPartyRefreshMessage.cs:33	1	partyIdol:Types.PartyIdol
IdolPartyRegisterRequestMessage	6582	refs/Symbioz-2.38/Symbioz.Protocol/Messages/game/idol/IdolPartyRegisterRequestMessage.cs:33	1	register:bool
IdolSelectErrorMessage	6584	refs/Symbioz-2.38/Symbioz.Protocol/Messages/game/idol/IdolSelectErrorMessage.cs:33	4	activate:bool;party:bool;reason:sbyte;idolId:ushort
IdolSelectRequestMessage	6587	refs/Symbioz-2.38/Symbioz.Protocol/Messages/game/idol/IdolSelectRequestMessage.cs:33	3	activate:bool;party:bool;idolId:ushort
IdolSelectedMessage	6581	refs/Symbioz-2.38/Symbioz.Protocol/Messages/game/idol/IdolSelectedMessage.cs:33	3	activate:bool;party:bool;idolId:ushort
CharacterCapabilitiesMessage	6339	refs/Symbioz-2.38/Symbioz.Protocol/Messages/game/initialization/CharacterCapabilitiesMessage.cs:33	1	guildEmblemSymbolCategories:uint
CharacterLoadingCompleteMessage	6471	refs/Symbioz-2.38/Symbioz.Protocol/Messages/game/initialization/CharacterLoadingCompleteMessage.cs:33	0	
OnConnectionEventMessage	5726	refs/Symbioz-2.38/Symbioz.Protocol/Messages/game/initialization/OnConnectionEventMessage.cs:33	1	eventType:sbyte
ServerExperienceModificatorMessage	6237	refs/Symbioz-2.38/Symbioz.Protocol/Messages/game/initialization/ServerExperienceModificatorMessage.cs:33	1	experiencePercent:ushort
SetCharacterRestrictionsMessage	170	refs/Symbioz-2.38/Symbioz.Protocol/Messages/game/initialization/SetCharacterRestrictionsMessage.cs:33	2	actorId:double;restrictions:Types.ActorRestrictionsInformations
InteractiveElementUpdatedMessage	5708	refs/Symbioz-2.38/Symbioz.Protocol/Messages/game/interactive/InteractiveElementUpdatedMessage.cs:33	1	interactiveElement:Types.InteractiveElement
InteractiveMapUpdateMessage	5002	refs/Symbioz-2.38/Symbioz.Protocol/Messages/game/interactive/InteractiveMapUpdateMessage.cs:33	1	interactiveElements:Types.InteractiveElement[]
InteractiveUseEndedMessage	6112	refs/Symbioz-2.38/Symbioz.Protocol/Messages/game/interactive/InteractiveUseEndedMessage.cs:33	2	elemId:uint;skillId:ushort
InteractiveUseErrorMessage	6384	refs/Symbioz-2.38/Symbioz.Protocol/Messages/game/interactive/InteractiveUseErrorMessage.cs:33	2	elemId:uint;skillInstanceUid:uint
InteractiveUseRequestMessage	5001	refs/Symbioz-2.38/Symbioz.Protocol/Messages/game/interactive/InteractiveUseRequestMessage.cs:33	2	elemId:uint;skillInstanceUid:uint
InteractiveUsedMessage	5745	refs/Symbioz-2.38/Symbioz.Protocol/Messages/game/interactive/InteractiveUsedMessage.cs:33	5	entityId:ulong;elemId:uint;skillId:ushort;duration:ushort;canMove:bool
StatedElementUpdatedMessage	5709	refs/Symbioz-2.38/Symbioz.Protocol/Messages/game/interactive/StatedElementUpdatedMessage.cs:33	1	statedElement:Types.StatedElement
StatedMapUpdateMessage	5716	refs/Symbioz-2.38/Symbioz.Protocol/Messages/game/interactive/StatedMapUpdateMessage.cs:33	1	statedElements:Types.StatedElement[]
TeleportBuddiesAnswerMessage	6294	refs/Symbioz-2.38/Symbioz.Protocol/Messages/game/interactive/meeting/TeleportBuddiesAnswerMessage.cs:33	1	accept:bool
TeleportBuddiesMessage	6289	refs/Symbioz-2.38/Symbioz.Protocol/Messages/game/interactive/meeting/TeleportBuddiesMessage.cs:33	1	dungeonId:ushort
TeleportBuddiesRequestedMessage	6302	refs/Symbioz-2.38/Symbioz.Protocol/Messages/game/interactive/meeting/TeleportBuddiesRequestedMessage.cs:33	3	dungeonId:ushort;inviterId:ulong;invalidBuddiesIds:ulong[]
TeleportToBuddyAnswerMessage	6293	refs/Symbioz-2.38/Symbioz.Protocol/Messages/game/interactive/meeting/TeleportToBuddyAnswerMessage.cs:33	3	dungeonId:ushort;buddyId:ulong;accept:bool
TeleportToBuddyCloseMessage	6303	refs/Symbioz-2.38/Symbioz.Protocol/Messages/game/interactive/meeting/TeleportToBuddyCloseMessage.cs:33	2	dungeonId:ushort;buddyId:ulong
TeleportToBuddyOfferMessage	6287	refs/Symbioz-2.38/Symbioz.Protocol/Messages/game/interactive/meeting/TeleportToBuddyOfferMessage.cs:33	3	dungeonId:ushort;buddyId:ulong;timeLeft:uint
TeleportDestinationsListMessage	5960	refs/Symbioz-2.38/Symbioz.Protocol/Messages/game/interactive/zaap/TeleportDestinationsListMessage.cs:33	5	teleporterType:sbyte;mapIds:int[];subAreaIds:ushort[];costs:ushort[];destTeleporterType:sbyte[]
TeleportRequestMessage	5961	refs/Symbioz-2.38/Symbioz.Protocol/Messages/game/interactive/zaap/TeleportRequestMessage.cs:33	2	teleporterType:sbyte;mapId:int
ZaapListMessage	1604	refs/Symbioz-2.38/Symbioz.Protocol/Messages/game/interactive/zaap/ZaapListMessage.cs:33	1	spawnMapId:int
ZaapRespawnSaveRequestMessage	6572	refs/Symbioz-2.38/Symbioz.Protocol/Messages/game/interactive/zaap/ZaapRespawnSaveRequestMessage.cs:33	0	
ZaapRespawnUpdatedMessage	6571	refs/Symbioz-2.38/Symbioz.Protocol/Messages/game/interactive/zaap/ZaapRespawnUpdatedMessage.cs:33	1	mapId:int
KamasUpdateMessage	5537	refs/Symbioz-2.38/Symbioz.Protocol/Messages/game/inventory/KamasUpdateMessage.cs:33	1	kamasTotal:int
ObjectAveragePricesErrorMessage	6336	refs/Symbioz-2.38/Symbioz.Protocol/Messages/game/inventory/ObjectAveragePricesErrorMessage.cs:33	0	
ObjectAveragePricesGetMessage	6334	refs/Symbioz-2.38/Symbioz.Protocol/Messages/game/inventory/ObjectAveragePricesGetMessage.cs:33	0	
ObjectAveragePricesMessage	6335	refs/Symbioz-2.38/Symbioz.Protocol/Messages/game/inventory/ObjectAveragePricesMessage.cs:33	2	ids:ushort[];avgPrices:uint[]
DecraftResultMessage	6569	refs/Symbioz-2.38/Symbioz.Protocol/Messages/game/inventory/exchanges/DecraftResultMessage.cs:33	1	results:Types.DecraftedItemStackInfo[]
ExchangeAcceptMessage	5508	refs/Symbioz-2.38/Symbioz.Protocol/Messages/game/inventory/exchanges/ExchangeAcceptMessage.cs:33	0	
ExchangeBidHouseBuyMessage	5804	refs/Symbioz-2.38/Symbioz.Protocol/Messages/game/inventory/exchanges/ExchangeBidHouseBuyMessage.cs:33	3	uid:uint;qty:uint;price:uint
ExchangeBidHouseBuyResultMessage	6272	refs/Symbioz-2.38/Symbioz.Protocol/Messages/game/inventory/exchanges/ExchangeBidHouseBuyResultMessage.cs:33	2	uid:uint;bought:bool
ExchangeBidHouseGenericItemAddedMessage	5947	refs/Symbioz-2.38/Symbioz.Protocol/Messages/game/inventory/exchanges/ExchangeBidHouseGenericItemAddedMessage.cs:33	1	objGenericId:ushort
ExchangeBidHouseGenericItemRemovedMessage	5948	refs/Symbioz-2.38/Symbioz.Protocol/Messages/game/inventory/exchanges/ExchangeBidHouseGenericItemRemovedMessage.cs:33	1	objGenericId:ushort
ExchangeBidHouseInListAddedMessage	5949	refs/Symbioz-2.38/Symbioz.Protocol/Messages/game/inventory/exchanges/ExchangeBidHouseInListAddedMessage.cs:33	4	itemUID:int;objGenericId:int;effects:Types.ObjectEffect[];prices:uint[]
ExchangeBidHouseInListRemovedMessage	5950	refs/Symbioz-2.38/Symbioz.Protocol/Messages/game/inventory/exchanges/ExchangeBidHouseInListRemovedMessage.cs:33	1	itemUID:int
ExchangeBidHouseInListUpdatedMessage	6337	refs/Symbioz-2.38/Symbioz.Protocol/Messages/game/inventory/exchanges/ExchangeBidHouseInListUpdatedMessage.cs:33	0	
ExchangeBidHouseItemAddOkMessage	5945	refs/Symbioz-2.38/Symbioz.Protocol/Messages/game/inventory/exchanges/ExchangeBidHouseItemAddOkMessage.cs:33	1	itemInfo:Types.ObjectItemToSellInBid
ExchangeBidHouseItemRemoveOkMessage	5946	refs/Symbioz-2.38/Symbioz.Protocol/Messages/game/inventory/exchanges/ExchangeBidHouseItemRemoveOkMessage.cs:33	1	sellerId:int
ExchangeBidHouseListMessage	5807	refs/Symbioz-2.38/Symbioz.Protocol/Messages/game/inventory/exchanges/ExchangeBidHouseListMessage.cs:33	1	id:ushort
ExchangeBidHousePriceMessage	5805	refs/Symbioz-2.38/Symbioz.Protocol/Messages/game/inventory/exchanges/ExchangeBidHousePriceMessage.cs:33	1	genId:ushort
ExchangeBidHouseSearchMessage	5806	refs/Symbioz-2.38/Symbioz.Protocol/Messages/game/inventory/exchanges/ExchangeBidHouseSearchMessage.cs:33	2	type:uint;genId:ushort
ExchangeBidHouseTypeMessage	5803	refs/Symbioz-2.38/Symbioz.Protocol/Messages/game/inventory/exchanges/ExchangeBidHouseTypeMessage.cs:33	1	type:uint
ExchangeBidHouseUnsoldItemsMessage	6612	refs/Symbioz-2.38/Symbioz.Protocol/Messages/game/inventory/exchanges/ExchangeBidHouseUnsoldItemsMessage.cs:33	1	items:Types.ObjectItemGenericQuantity[]
ExchangeBidPriceForSellerMessage	6464	refs/Symbioz-2.38/Symbioz.Protocol/Messages/game/inventory/exchanges/ExchangeBidPriceForSellerMessage.cs:33	2	allIdentical:bool;minimalPrices:uint[]
ExchangeBidPriceMessage	5755	refs/Symbioz-2.38/Symbioz.Protocol/Messages/game/inventory/exchanges/ExchangeBidPriceMessage.cs:33	2	genericId:ushort;averagePrice:int
ExchangeBidSearchOkMessage	5802	refs/Symbioz-2.38/Symbioz.Protocol/Messages/game/inventory/exchanges/ExchangeBidSearchOkMessage.cs:33	0	
ExchangeBuyMessage	5774	refs/Symbioz-2.38/Symbioz.Protocol/Messages/game/inventory/exchanges/ExchangeBuyMessage.cs:33	2	objectToBuyId:uint;quantity:uint
ExchangeBuyOkMessage	5759	refs/Symbioz-2.38/Symbioz.Protocol/Messages/game/inventory/exchanges/ExchangeBuyOkMessage.cs:33	0	
ExchangeCraftCountModifiedMessage	6595	refs/Symbioz-2.38/Symbioz.Protocol/Messages/game/inventory/exchanges/ExchangeCraftCountModifiedMessage.cs:33	1	count:int
ExchangeCraftCountRequestMessage	6597	refs/Symbioz-2.38/Symbioz.Protocol/Messages/game/inventory/exchanges/ExchangeCraftCountRequestMessage.cs:33	1	count:int
ExchangeCraftInformationObjectMessage	5794	refs/Symbioz-2.38/Symbioz.Protocol/Messages/game/inventory/exchanges/ExchangeCraftInformationObjectMessage.cs:33	1	playerId:ulong
ExchangeCraftPaymentModificationRequestMessage	6579	refs/Symbioz-2.38/Symbioz.Protocol/Messages/game/inventory/exchanges/ExchangeCraftPaymentModificationRequestMessage.cs:33	1	quantity:uint
ExchangeCraftPaymentModifiedMessage	6578	refs/Symbioz-2.38/Symbioz.Protocol/Messages/game/inventory/exchanges/ExchangeCraftPaymentModifiedMessage.cs:33	1	goldSum:uint
ExchangeCraftResultMagicWithObjectDescMessage	6188	refs/Symbioz-2.38/Symbioz.Protocol/Messages/game/inventory/exchanges/ExchangeCraftResultMagicWithObjectDescMessage.cs:33	1	magicPoolStatus:sbyte
ExchangeCraftResultMessage	5790	refs/Symbioz-2.38/Symbioz.Protocol/Messages/game/inventory/exchanges/ExchangeCraftResultMessage.cs:33	1	craftResult:sbyte
ExchangeCraftResultWithObjectDescMessage	5999	refs/Symbioz-2.38/Symbioz.Protocol/Messages/game/inventory/exchanges/ExchangeCraftResultWithObjectDescMessage.cs:33	1	objectInfo:Types.ObjectItemNotInContainer
ExchangeCraftResultWithObjectIdMessage	6000	refs/Symbioz-2.38/Symbioz.Protocol/Messages/game/inventory/exchanges/ExchangeCraftResultWithObjectIdMessage.cs:33	1	objectGenericId:ushort
ExchangeCrafterJobLevelupMessage	6598	refs/Symbioz-2.38/Symbioz.Protocol/Messages/game/inventory/exchanges/ExchangeCrafterJobLevelupMessage.cs:33	1	crafterJobLevel:byte
ExchangeErrorMessage	5513	refs/Symbioz-2.38/Symbioz.Protocol/Messages/game/inventory/exchanges/ExchangeErrorMessage.cs:33	1	errorType:sbyte
ExchangeGuildTaxCollectorGetMessage	5762	refs/Symbioz-2.38/Symbioz.Protocol/Messages/game/inventory/exchanges/ExchangeGuildTaxCollectorGetMessage.cs:33	11	collectorName:string;worldX:short;worldY:short;mapId:int;subAreaId:ushort;userName:string;callerId:ulong;callerName:string;experience:double;pods:ushort;objectsInfos:Types.ObjectItemGenericQuantity[]
ExchangeHandleMountsStableMessage	6562	refs/Symbioz-2.38/Symbioz.Protocol/Messages/game/inventory/exchanges/ExchangeHandleMountsStableMessage.cs:33	2	actionType:sbyte;ridesId:uint[]
ExchangeIsReadyMessage	5509	refs/Symbioz-2.38/Symbioz.Protocol/Messages/game/inventory/exchanges/ExchangeIsReadyMessage.cs:33	2	id:double;ready:bool
ExchangeItemAutoCraftStopedMessage	5810	refs/Symbioz-2.38/Symbioz.Protocol/Messages/game/inventory/exchanges/ExchangeItemAutoCraftStopedMessage.cs:33	1	reason:sbyte
ExchangeLeaveMessage	5628	refs/Symbioz-2.38/Symbioz.Protocol/Messages/game/inventory/exchanges/ExchangeLeaveMessage.cs:33	1	success:bool
ExchangeMountFreeFromPaddockMessage	6055	refs/Symbioz-2.38/Symbioz.Protocol/Messages/game/inventory/exchanges/ExchangeMountFreeFromPaddockMessage.cs:33	4	name:string;worldX:short;worldY:short;liberator:string
ExchangeMountStableErrorMessage	5981	refs/Symbioz-2.38/Symbioz.Protocol/Messages/game/inventory/exchanges/ExchangeMountStableErrorMessage.cs:33	0	
ExchangeMountSterilizeFromPaddockMessage	6056	refs/Symbioz-2.38/Symbioz.Protocol/Messages/game/inventory/exchanges/ExchangeMountSterilizeFromPaddockMessage.cs:33	4	name:string;worldX:short;worldY:short;sterilizator:string
ExchangeMountsPaddockAddMessage	6561	refs/Symbioz-2.38/Symbioz.Protocol/Messages/game/inventory/exchanges/ExchangeMountsPaddockAddMessage.cs:33	1	mountDescription:Types.MountClientData[]
ExchangeMountsPaddockRemoveMessage	6559	refs/Symbioz-2.38/Symbioz.Protocol/Messages/game/inventory/exchanges/ExchangeMountsPaddockRemoveMessage.cs:33	1	mountsId:int[]
ExchangeMountsStableAddMessage	6555	refs/Symbioz-2.38/Symbioz.Protocol/Messages/game/inventory/exchanges/ExchangeMountsStableAddMessage.cs:33	1	mountDescription:Types.MountClientData[]
ExchangeMountsStableBornAddMessage	6557	refs/Symbioz-2.38/Symbioz.Protocol/Messages/game/inventory/exchanges/ExchangeMountsStableBornAddMessage.cs:33	0	
ExchangeMountsStableRemoveMessage	6556	refs/Symbioz-2.38/Symbioz.Protocol/Messages/game/inventory/exchanges/ExchangeMountsStableRemoveMessage.cs:33	1	mountsId:int[]
ExchangeMountsTakenFromPaddockMessage	6554	refs/Symbioz-2.38/Symbioz.Protocol/Messages/game/inventory/exchanges/ExchangeMountsTakenFromPaddockMessage.cs:33	4	name:string;worldX:short;worldY:short;ownername:string
ExchangeObjectAddedMessage	5516	refs/Symbioz-2.38/Symbioz.Protocol/Messages/game/inventory/exchanges/ExchangeObjectAddedMessage.cs:33	0	
ExchangeObjectMessage	5515	refs/Symbioz-2.38/Symbioz.Protocol/Messages/game/inventory/exchanges/ExchangeObjectMessage.cs:33	1	remote:bool
ExchangeObjectModifyPricedMessage	6238	refs/Symbioz-2.38/Symbioz.Protocol/Messages/game/inventory/exchanges/ExchangeObjectModifyPricedMessage.cs:33	0	
ExchangeObjectMoveKamaMessage	5520	refs/Symbioz-2.38/Symbioz.Protocol/Messages/game/inventory/exchanges/ExchangeObjectMoveKamaMessage.cs:33	1	quantity:int
ExchangeObjectMoveMessage	5518	refs/Symbioz-2.38/Symbioz.Protocol/Messages/game/inventory/exchanges/ExchangeObjectMoveMessage.cs:33	2	objectUID:uint;quantity:int
ExchangeObjectMovePricedMessage	5514	refs/Symbioz-2.38/Symbioz.Protocol/Messages/game/inventory/exchanges/ExchangeObjectMovePricedMessage.cs:33	1	price:uint
ExchangeObjectTransfertAllFromInvMessage	6184	refs/Symbioz-2.38/Symbioz.Protocol/Messages/game/inventory/exchanges/ExchangeObjectTransfertAllFromInvMessage.cs:33	0	
ExchangeObjectTransfertAllToInvMessage	6032	refs/Symbioz-2.38/Symbioz.Protocol/Messages/game/inventory/exchanges/ExchangeObjectTransfertAllToInvMessage.cs:33	0	
ExchangeObjectTransfertExistingFromInvMessage	6325	refs/Symbioz-2.38/Symbioz.Protocol/Messages/game/inventory/exchanges/ExchangeObjectTransfertExistingFromInvMessage.cs:33	0	
ExchangeObjectTransfertExistingToInvMessage	6326	refs/Symbioz-2.38/Symbioz.Protocol/Messages/game/inventory/exchanges/ExchangeObjectTransfertExistingToInvMessage.cs:33	0	
ExchangeObjectTransfertListFromInvMessage	6183	refs/Symbioz-2.38/Symbioz.Protocol/Messages/game/inventory/exchanges/ExchangeObjectTransfertListFromInvMessage.cs:33	1	ids:uint[]
ExchangeObjectTransfertListToInvMessage	6039	refs/Symbioz-2.38/Symbioz.Protocol/Messages/game/inventory/exchanges/ExchangeObjectTransfertListToInvMessage.cs:33	1	ids:uint[]
ExchangeObjectTransfertListWithQuantityToInvMessage	6470	refs/Symbioz-2.38/Symbioz.Protocol/Messages/game/inventory/exchanges/ExchangeObjectTransfertListWithQuantityToInvMessage.cs:33	2	ids:uint[];qtys:uint[]
ExchangeObjectUseInWorkshopMessage	6004	refs/Symbioz-2.38/Symbioz.Protocol/Messages/game/inventory/exchanges/ExchangeObjectUseInWorkshopMessage.cs:33	2	objectUID:uint;quantity:int
ExchangeObjectsAddedMessage	6535	refs/Symbioz-2.38/Symbioz.Protocol/Messages/game/inventory/exchanges/ExchangeObjectsAddedMessage.cs:33	0	
ExchangeOfflineSoldItemsMessage	6613	refs/Symbioz-2.38/Symbioz.Protocol/Messages/game/inventory/exchanges/ExchangeOfflineSoldItemsMessage.cs:33	2	bidHouseItems:Types.ObjectItemGenericQuantityPrice[];merchantItems:Types.ObjectItemGenericQuantityPrice[]
ExchangeOkMultiCraftMessage	5768	refs/Symbioz-2.38/Symbioz.Protocol/Messages/game/inventory/exchanges/ExchangeOkMultiCraftMessage.cs:33	3	initiatorId:ulong;otherId:ulong;role:sbyte
ExchangeOnHumanVendorRequestMessage	5772	refs/Symbioz-2.38/Symbioz.Protocol/Messages/game/inventory/exchanges/ExchangeOnHumanVendorRequestMessage.cs:33	2	humanVendorId:ulong;humanVendorCell:ushort
ExchangePlayerMultiCraftRequestMessage	5784	refs/Symbioz-2.38/Symbioz.Protocol/Messages/game/inventory/exchanges/ExchangePlayerMultiCraftRequestMessage.cs:33	2	target:ulong;skillId:uint
ExchangePlayerRequestMessage	5773	refs/Symbioz-2.38/Symbioz.Protocol/Messages/game/inventory/exchanges/ExchangePlayerRequestMessage.cs:33	1	target:ulong
ExchangeReadyMessage	5511	refs/Symbioz-2.38/Symbioz.Protocol/Messages/game/inventory/exchanges/ExchangeReadyMessage.cs:33	2	ready:bool;step:ushort
ExchangeReplayStopMessage	6001	refs/Symbioz-2.38/Symbioz.Protocol/Messages/game/inventory/exchanges/ExchangeReplayStopMessage.cs:33	0	
ExchangeReplyTaxVendorMessage	5787	refs/Symbioz-2.38/Symbioz.Protocol/Messages/game/inventory/exchanges/ExchangeReplyTaxVendorMessage.cs:33	2	objectValue:uint;totalTaxValue:uint
ExchangeRequestMessage	5505	refs/Symbioz-2.38/Symbioz.Protocol/Messages/game/inventory/exchanges/ExchangeRequestMessage.cs:33	1	exchangeType:sbyte
ExchangeRequestOnMountStockMessage	5986	refs/Symbioz-2.38/Symbioz.Protocol/Messages/game/inventory/exchanges/ExchangeRequestOnMountStockMessage.cs:33	0	
ExchangeRequestOnShopStockMessage	5753	refs/Symbioz-2.38/Symbioz.Protocol/Messages/game/inventory/exchanges/ExchangeRequestOnShopStockMessage.cs:33	0	
ExchangeRequestOnTaxCollectorMessage	5779	refs/Symbioz-2.38/Symbioz.Protocol/Messages/game/inventory/exchanges/ExchangeRequestOnTaxCollectorMessage.cs:33	1	taxCollectorId:int
ExchangeRequestedMessage	5522	refs/Symbioz-2.38/Symbioz.Protocol/Messages/game/inventory/exchanges/ExchangeRequestedMessage.cs:33	1	exchangeType:sbyte
ExchangeRequestedTradeMessage	5523	refs/Symbioz-2.38/Symbioz.Protocol/Messages/game/inventory/exchanges/ExchangeRequestedTradeMessage.cs:33	2	source:ulong;target:ulong
ExchangeSellMessage	5778	refs/Symbioz-2.38/Symbioz.Protocol/Messages/game/inventory/exchanges/ExchangeSellMessage.cs:33	2	objectToSellId:uint;quantity:uint
ExchangeSellOkMessage	5792	refs/Symbioz-2.38/Symbioz.Protocol/Messages/game/inventory/exchanges/ExchangeSellOkMessage.cs:33	0	
ExchangeSetCraftRecipeMessage	6389	refs/Symbioz-2.38/Symbioz.Protocol/Messages/game/inventory/exchanges/ExchangeSetCraftRecipeMessage.cs:33	1	objectGID:ushort
ExchangeShopStockMovementRemovedMessage	5907	refs/Symbioz-2.38/Symbioz.Protocol/Messages/game/inventory/exchanges/ExchangeShopStockMovementRemovedMessage.cs:33	1	objectId:uint
ExchangeShopStockMovementUpdatedMessage	5909	refs/Symbioz-2.38/Symbioz.Protocol/Messages/game/inventory/exchanges/ExchangeShopStockMovementUpdatedMessage.cs:33	1	objectInfo:Types.ObjectItemToSell
ExchangeShopStockMultiMovementRemovedMessage	6037	refs/Symbioz-2.38/Symbioz.Protocol/Messages/game/inventory/exchanges/ExchangeShopStockMultiMovementRemovedMessage.cs:33	1	objectIdList:uint[]
ExchangeShopStockMultiMovementUpdatedMessage	6038	refs/Symbioz-2.38/Symbioz.Protocol/Messages/game/inventory/exchanges/ExchangeShopStockMultiMovementUpdatedMessage.cs:33	1	objectInfoList:Types.ObjectItemToSell[]
ExchangeShopStockStartedMessage	5910	refs/Symbioz-2.38/Symbioz.Protocol/Messages/game/inventory/exchanges/ExchangeShopStockStartedMessage.cs:33	1	objectsInfos:Types.ObjectItemToSell[]
ExchangeShowVendorTaxMessage	5783	refs/Symbioz-2.38/Symbioz.Protocol/Messages/game/inventory/exchanges/ExchangeShowVendorTaxMessage.cs:33	0	
ExchangeStartAsVendorMessage	5775	refs/Symbioz-2.38/Symbioz.Protocol/Messages/game/inventory/exchanges/ExchangeStartAsVendorMessage.cs:33	0	
ExchangeStartOkCraftMessage	5813	refs/Symbioz-2.38/Symbioz.Protocol/Messages/game/inventory/exchanges/ExchangeStartOkCraftMessage.cs:33	0	
ExchangeStartOkCraftWithInformationMessage	5941	refs/Symbioz-2.38/Symbioz.Protocol/Messages/game/inventory/exchanges/ExchangeStartOkCraftWithInformationMessage.cs:33	1	skillId:uint
ExchangeStartOkHumanVendorMessage	5767	refs/Symbioz-2.38/Symbioz.Protocol/Messages/game/inventory/exchanges/ExchangeStartOkHumanVendorMessage.cs:33	2	sellerId:double;objectsInfos:Types.ObjectItemToSellInHumanVendorShop[]
ExchangeStartOkJobIndexMessage	5819	refs/Symbioz-2.38/Symbioz.Protocol/Messages/game/inventory/exchanges/ExchangeStartOkJobIndexMessage.cs:33	1	jobs:uint[]
ExchangeStartOkMountMessage	5979	refs/Symbioz-2.38/Symbioz.Protocol/Messages/game/inventory/exchanges/ExchangeStartOkMountMessage.cs:33	1	paddockedMountsDescription:Types.MountClientData[]
ExchangeStartOkMountWithOutPaddockMessage	5991	refs/Symbioz-2.38/Symbioz.Protocol/Messages/game/inventory/exchanges/ExchangeStartOkMountWithOutPaddockMessage.cs:33	1	stabledMountsDescription:Types.MountClientData[]
ExchangeStartOkMulticraftCrafterMessage	5818	refs/Symbioz-2.38/Symbioz.Protocol/Messages/game/inventory/exchanges/ExchangeStartOkMulticraftCrafterMessage.cs:33	1	skillId:uint
ExchangeStartOkMulticraftCustomerMessage	5817	refs/Symbioz-2.38/Symbioz.Protocol/Messages/game/inventory/exchanges/ExchangeStartOkMulticraftCustomerMessage.cs:33	2	skillId:uint;crafterJobLevel:byte
ExchangeStartOkNpcShopMessage	5761	refs/Symbioz-2.38/Symbioz.Protocol/Messages/game/inventory/exchanges/ExchangeStartOkNpcShopMessage.cs:33	3	npcSellerId:double;tokenId:ushort;objectsInfos:Types.ObjectItemToSellInNpcShop[]
ExchangeStartOkNpcTradeMessage	5785	refs/Symbioz-2.38/Symbioz.Protocol/Messages/game/inventory/exchanges/ExchangeStartOkNpcTradeMessage.cs:33	1	npcId:double
ExchangeStartOkRecycleTradeMessage	6600	refs/Symbioz-2.38/Symbioz.Protocol/Messages/game/inventory/exchanges/ExchangeStartOkRecycleTradeMessage.cs:33	2	percentToPrism:short;percentToPlayer:short
ExchangeStartOkRunesTradeMessage	6567	refs/Symbioz-2.38/Symbioz.Protocol/Messages/game/inventory/exchanges/ExchangeStartOkRunesTradeMessage.cs:33	0	
ExchangeStartedBidBuyerMessage	5904	refs/Symbioz-2.38/Symbioz.Protocol/Messages/game/inventory/exchanges/ExchangeStartedBidBuyerMessage.cs:33	1	buyerDescriptor:Types.SellerBuyerDescriptor
ExchangeStartedBidSellerMessage	5905	refs/Symbioz-2.38/Symbioz.Protocol/Messages/game/inventory/exchanges/ExchangeStartedBidSellerMessage.cs:33	2	sellerDescriptor:Types.SellerBuyerDescriptor;objectsInfos:Types.ObjectItemToSellInBid[]
ExchangeStartedMessage	5512	refs/Symbioz-2.38/Symbioz.Protocol/Messages/game/inventory/exchanges/ExchangeStartedMessage.cs:33	1	exchangeType:sbyte
ExchangeStartedMountStockMessage	5984	refs/Symbioz-2.38/Symbioz.Protocol/Messages/game/inventory/exchanges/ExchangeStartedMountStockMessage.cs:33	1	objectsInfos:Types.ObjectItem[]
ExchangeStartedTaxCollectorShopMessage	6664	refs/Symbioz-2.38/Symbioz.Protocol/Messages/game/inventory/exchanges/ExchangeStartedTaxCollectorShopMessage.cs:33	2	objects:Types.ObjectItem[];kamas:uint
ExchangeStartedWithPodsMessage	6129	refs/Symbioz-2.38/Symbioz.Protocol/Messages/game/inventory/exchanges/ExchangeStartedWithPodsMessage.cs:33	6	firstCharacterId:double;firstCharacterCurrentWeight:uint;firstCharacterMaxWeight:uint;secondCharacterId:double;secondCharacterCurrentWeight:uint;secondCharacterMaxWeight:uint
ExchangeStartedWithStorageMessage	6236	refs/Symbioz-2.38/Symbioz.Protocol/Messages/game/inventory/exchanges/ExchangeStartedWithStorageMessage.cs:33	1	storageMaxSlot:uint
ExchangeStoppedMessage	6589	refs/Symbioz-2.38/Symbioz.Protocol/Messages/game/inventory/exchanges/ExchangeStoppedMessage.cs:33	1	id:ulong
ExchangeTypesExchangerDescriptionForUserMessage	5765	refs/Symbioz-2.38/Symbioz.Protocol/Messages/game/inventory/exchanges/ExchangeTypesExchangerDescriptionForUserMessage.cs:33	1	typeDescription:uint[]
ExchangeTypesItemsExchangerDescriptionForUserMessage	5752	refs/Symbioz-2.38/Symbioz.Protocol/Messages/game/inventory/exchanges/ExchangeTypesItemsExchangerDescriptionForUserMessage.cs:33	1	itemTypeDescriptions:Types.BidExchangerObjectInfo[]
ExchangeWaitingResultMessage	5786	refs/Symbioz-2.38/Symbioz.Protocol/Messages/game/inventory/exchanges/ExchangeWaitingResultMessage.cs:33	1	bwait:bool
ExchangeWeightMessage	5793	refs/Symbioz-2.38/Symbioz.Protocol/Messages/game/inventory/exchanges/ExchangeWeightMessage.cs:33	2	currentWeight:uint;maxWeight:uint
ItemNoMoreAvailableMessage	5769	refs/Symbioz-2.38/Symbioz.Protocol/Messages/game/inventory/exchanges/ItemNoMoreAvailableMessage.cs:33	0	
JobBookSubscribeRequestMessage	6592	refs/Symbioz-2.38/Symbioz.Protocol/Messages/game/inventory/exchanges/JobBookSubscribeRequestMessage.cs:33	1	jobIds:sbyte[]
RecycleResultMessage	6601	refs/Symbioz-2.38/Symbioz.Protocol/Messages/game/inventory/exchanges/RecycleResultMessage.cs:33	2	nuggetsForPrism:uint;nuggetsForPlayer:uint
UpdateMountBoostMessage	6179	refs/Symbioz-2.38/Symbioz.Protocol/Messages/game/inventory/exchanges/UpdateMountBoostMessage.cs:33	2	rideId:int;boostToUpdateList:Types.UpdateMountBoost[]
ExchangeKamaModifiedMessage	5521	refs/Symbioz-2.38/Symbioz.Protocol/Messages/game/inventory/items/ExchangeKamaModifiedMessage.cs:33	1	quantity:uint
ExchangeMultiCraftCrafterCanUseHisRessourcesMessage	6020	refs/Symbioz-2.38/Symbioz.Protocol/Messages/game/inventory/items/ExchangeMultiCraftCrafterCanUseHisRessourcesMessage.cs:33	1	allowed:bool
ExchangeMultiCraftSetCrafterCanUseHisRessourcesMessage	6021	refs/Symbioz-2.38/Symbioz.Protocol/Messages/game/inventory/items/ExchangeMultiCraftSetCrafterCanUseHisRessourcesMessage.cs:33	1	allow:bool
ExchangeObjectModifiedInBagMessage	6008	refs/Symbioz-2.38/Symbioz.Protocol/Messages/game/inventory/items/ExchangeObjectModifiedInBagMessage.cs:33	0	
ExchangeObjectModifiedMessage	5519	refs/Symbioz-2.38/Symbioz.Protocol/Messages/game/inventory/items/ExchangeObjectModifiedMessage.cs:33	0	
ExchangeObjectPutInBagMessage	6009	refs/Symbioz-2.38/Symbioz.Protocol/Messages/game/inventory/items/ExchangeObjectPutInBagMessage.cs:33	0	
ExchangeObjectRemovedFromBagMessage	6010	refs/Symbioz-2.38/Symbioz.Protocol/Messages/game/inventory/items/ExchangeObjectRemovedFromBagMessage.cs:33	1	objectUID:uint
ExchangeObjectRemovedMessage	5517	refs/Symbioz-2.38/Symbioz.Protocol/Messages/game/inventory/items/ExchangeObjectRemovedMessage.cs:33	1	objectUID:uint
ExchangeObjectsModifiedMessage	6533	refs/Symbioz-2.38/Symbioz.Protocol/Messages/game/inventory/items/ExchangeObjectsModifiedMessage.cs:33	0	
ExchangeObjectsRemovedMessage	6532	refs/Symbioz-2.38/Symbioz.Protocol/Messages/game/inventory/items/ExchangeObjectsRemovedMessage.cs:33	1	objectUID:uint[]
ExchangePodsModifiedMessage	6670	refs/Symbioz-2.38/Symbioz.Protocol/Messages/game/inventory/items/ExchangePodsModifiedMessage.cs:33	2	currentWeight:uint;maxWeight:uint
GoldAddedMessage	6030	refs/Symbioz-2.38/Symbioz.Protocol/Messages/game/inventory/items/GoldAddedMessage.cs:33	1	gold:Types.GoldItem
InventoryContentAndPresetMessage	6162	refs/Symbioz-2.38/Symbioz.Protocol/Messages/game/inventory/items/InventoryContentAndPresetMessage.cs:33	2	presets:Types.Preset[];idolsPresets:Types.IdolsPreset[]
InventoryContentMessage	3016	refs/Symbioz-2.38/Symbioz.Protocol/Messages/game/inventory/items/InventoryContentMessage.cs:33	2	objects:Types.ObjectItem[];kamas:uint
InventoryWeightMessage	3009	refs/Symbioz-2.38/Symbioz.Protocol/Messages/game/inventory/items/InventoryWeightMessage.cs:33	2	weight:uint;weightMax:uint
LivingObjectChangeSkinRequestMessage	5725	refs/Symbioz-2.38/Symbioz.Protocol/Messages/game/inventory/items/LivingObjectChangeSkinRequestMessage.cs:33	3	livingUID:uint;livingPosition:byte;skinId:uint
LivingObjectDissociateMessage	5723	refs/Symbioz-2.38/Symbioz.Protocol/Messages/game/inventory/items/LivingObjectDissociateMessage.cs:33	2	livingUID:uint;livingPosition:byte
LivingObjectMessageMessage	6065	refs/Symbioz-2.38/Symbioz.Protocol/Messages/game/inventory/items/LivingObjectMessageMessage.cs:33	4	msgId:ushort;timeStamp:int;owner:string;objectGenericId:ushort
LivingObjectMessageRequestMessage	6066	refs/Symbioz-2.38/Symbioz.Protocol/Messages/game/inventory/items/LivingObjectMessageRequestMessage.cs:33	3	msgId:ushort;parameters:string[];livingObject:uint
MimicryObjectAssociatedMessage	6462	refs/Symbioz-2.38/Symbioz.Protocol/Messages/game/inventory/items/MimicryObjectAssociatedMessage.cs:33	0	
MimicryObjectEraseRequestMessage	6457	refs/Symbioz-2.38/Symbioz.Protocol/Messages/game/inventory/items/MimicryObjectEraseRequestMessage.cs:33	2	hostUID:uint;hostPos:byte
MimicryObjectErrorMessage	6461	refs/Symbioz-2.38/Symbioz.Protocol/Messages/game/inventory/items/MimicryObjectErrorMessage.cs:33	1	preview:bool
MimicryObjectFeedAndAssociateRequestMessage	6460	refs/Symbioz-2.38/Symbioz.Protocol/Messages/game/inventory/items/MimicryObjectFeedAndAssociateRequestMessage.cs:33	3	foodUID:uint;foodPos:byte;preview:bool
MimicryObjectPreviewMessage	6458	refs/Symbioz-2.38/Symbioz.Protocol/Messages/game/inventory/items/MimicryObjectPreviewMessage.cs:33	1	result:Types.ObjectItem
ObjectAddedMessage	3025	refs/Symbioz-2.38/Symbioz.Protocol/Messages/game/inventory/items/ObjectAddedMessage.cs:33	0	
ObjectDeleteMessage	3022	refs/Symbioz-2.38/Symbioz.Protocol/Messages/game/inventory/items/ObjectDeleteMessage.cs:33	2	objectUID:uint;quantity:uint
ObjectDeletedMessage	3024	refs/Symbioz-2.38/Symbioz.Protocol/Messages/game/inventory/items/ObjectDeletedMessage.cs:33	1	objectUID:uint
ObjectDropMessage	3005	refs/Symbioz-2.38/Symbioz.Protocol/Messages/game/inventory/items/ObjectDropMessage.cs:33	2	objectUID:uint;quantity:uint
ObjectErrorMessage	3004	refs/Symbioz-2.38/Symbioz.Protocol/Messages/game/inventory/items/ObjectErrorMessage.cs:33	1	reason:sbyte
ObjectFeedMessage	6290	refs/Symbioz-2.38/Symbioz.Protocol/Messages/game/inventory/items/ObjectFeedMessage.cs:33	3	objectUID:uint;foodUID:uint;foodQuantity:uint
ObjectFoundWhileRecoltingMessage	6017	refs/Symbioz-2.38/Symbioz.Protocol/Messages/game/inventory/items/ObjectFoundWhileRecoltingMessage.cs:33	3	genericId:ushort;quantity:uint;resourceGenericId:uint
ObjectJobAddedMessage	6014	refs/Symbioz-2.38/Symbioz.Protocol/Messages/game/inventory/items/ObjectJobAddedMessage.cs:33	1	jobId:sbyte
ObjectModifiedMessage	3029	refs/Symbioz-2.38/Symbioz.Protocol/Messages/game/inventory/items/ObjectModifiedMessage.cs:33	0	
ObjectMovementMessage	3010	refs/Symbioz-2.38/Symbioz.Protocol/Messages/game/inventory/items/ObjectMovementMessage.cs:33	2	objectUID:uint;position:byte
ObjectQuantityMessage	3023	refs/Symbioz-2.38/Symbioz.Protocol/Messages/game/inventory/items/ObjectQuantityMessage.cs:33	2	objectUID:uint;quantity:uint
ObjectSetPositionMessage	3021	refs/Symbioz-2.38/Symbioz.Protocol/Messages/game/inventory/items/ObjectSetPositionMessage.cs:33	3	objectUID:uint;position:byte;quantity:uint
ObjectUseMessage	3019	refs/Symbioz-2.38/Symbioz.Protocol/Messages/game/inventory/items/ObjectUseMessage.cs:33	1	objectUID:uint
ObjectUseMultipleMessage	6234	refs/Symbioz-2.38/Symbioz.Protocol/Messages/game/inventory/items/ObjectUseMultipleMessage.cs:33	1	quantity:uint
ObjectUseOnCellMessage	3013	refs/Symbioz-2.38/Symbioz.Protocol/Messages/game/inventory/items/ObjectUseOnCellMessage.cs:33	1	cells:ushort
ObjectUseOnCharacterMessage	3003	refs/Symbioz-2.38/Symbioz.Protocol/Messages/game/inventory/items/ObjectUseOnCharacterMessage.cs:33	1	characterId:ulong
ObjectsAddedMessage	6033	refs/Symbioz-2.38/Symbioz.Protocol/Messages/game/inventory/items/ObjectsAddedMessage.cs:33	0	
ObjectsDeletedMessage	6034	refs/Symbioz-2.38/Symbioz.Protocol/Messages/game/inventory/items/ObjectsDeletedMessage.cs:33	1	objectUID:uint[]
ObjectsQuantityMessage	6206	refs/Symbioz-2.38/Symbioz.Protocol/Messages/game/inventory/items/ObjectsQuantityMessage.cs:33	1	objectsUIDAndQty:Types.ObjectItemQuantity[]
ObtainedItemMessage	6519	refs/Symbioz-2.38/Symbioz.Protocol/Messages/game/inventory/items/ObtainedItemMessage.cs:33	2	genericId:ushort;baseQuantity:uint
ObtainedItemWithBonusMessage	6520	refs/Symbioz-2.38/Symbioz.Protocol/Messages/game/inventory/items/ObtainedItemWithBonusMessage.cs:33	1	bonusQuantity:uint
SetUpdateMessage	5503	refs/Symbioz-2.38/Symbioz.Protocol/Messages/game/inventory/items/SetUpdateMessage.cs:33	3	setId:ushort;setObjects:ushort[];setEffects:Types.ObjectEffect[]
SymbioticObjectAssociateRequestMessage	6522	refs/Symbioz-2.38/Symbioz.Protocol/Messages/game/inventory/items/SymbioticObjectAssociateRequestMessage.cs:33	4	symbioteUID:uint;symbiotePos:byte;hostUID:uint;hostPos:byte
SymbioticObjectAssociatedMessage	6527	refs/Symbioz-2.38/Symbioz.Protocol/Messages/game/inventory/items/SymbioticObjectAssociatedMessage.cs:33	1	hostUID:uint
SymbioticObjectErrorMessage	6526	refs/Symbioz-2.38/Symbioz.Protocol/Messages/game/inventory/items/SymbioticObjectErrorMessage.cs:33	1	errorCode:sbyte
WrapperObjectAssociatedMessage	6523	refs/Symbioz-2.38/Symbioz.Protocol/Messages/game/inventory/items/WrapperObjectAssociatedMessage.cs:33	0	
WrapperObjectDissociateRequestMessage	6524	refs/Symbioz-2.38/Symbioz.Protocol/Messages/game/inventory/items/WrapperObjectDissociateRequestMessage.cs:33	2	hostUID:uint;hostPos:byte
WrapperObjectErrorMessage	6529	refs/Symbioz-2.38/Symbioz.Protocol/Messages/game/inventory/items/WrapperObjectErrorMessage.cs:33	0	
IdolsPresetDeleteMessage	6602	refs/Symbioz-2.38/Symbioz.Protocol/Messages/game/inventory/preset/IdolsPresetDeleteMessage.cs:33	1	presetId:sbyte
IdolsPresetDeleteResultMessage	6605	refs/Symbioz-2.38/Symbioz.Protocol/Messages/game/inventory/preset/IdolsPresetDeleteResultMessage.cs:33	2	presetId:sbyte;code:sbyte
IdolsPresetSaveMessage	6603	refs/Symbioz-2.38/Symbioz.Protocol/Messages/game/inventory/preset/IdolsPresetSaveMessage.cs:33	2	presetId:sbyte;symbolId:sbyte
IdolsPresetSaveResultMessage	6604	refs/Symbioz-2.38/Symbioz.Protocol/Messages/game/inventory/preset/IdolsPresetSaveResultMessage.cs:33	2	presetId:sbyte;code:sbyte
IdolsPresetUpdateMessage	6606	refs/Symbioz-2.38/Symbioz.Protocol/Messages/game/inventory/preset/IdolsPresetUpdateMessage.cs:33	1	idolsPreset:Types.IdolsPreset
IdolsPresetUseMessage	6615	refs/Symbioz-2.38/Symbioz.Protocol/Messages/game/inventory/preset/IdolsPresetUseMessage.cs:33	2	presetId:sbyte;party:bool
IdolsPresetUseResultMessage	6614	refs/Symbioz-2.38/Symbioz.Protocol/Messages/game/inventory/preset/IdolsPresetUseResultMessage.cs:33	3	presetId:sbyte;code:sbyte;missingIdols:ushort[]
InventoryPresetDeleteMessage	6169	refs/Symbioz-2.38/Symbioz.Protocol/Messages/game/inventory/preset/InventoryPresetDeleteMessage.cs:33	1	presetId:sbyte
InventoryPresetDeleteResultMessage	6173	refs/Symbioz-2.38/Symbioz.Protocol/Messages/game/inventory/preset/InventoryPresetDeleteResultMessage.cs:33	2	presetId:sbyte;code:sbyte
InventoryPresetItemUpdateErrorMessage	6211	refs/Symbioz-2.38/Symbioz.Protocol/Messages/game/inventory/preset/InventoryPresetItemUpdateErrorMessage.cs:33	1	code:sbyte
InventoryPresetItemUpdateMessage	6168	refs/Symbioz-2.38/Symbioz.Protocol/Messages/game/inventory/preset/InventoryPresetItemUpdateMessage.cs:33	2	presetId:sbyte;presetItem:Types.PresetItem
InventoryPresetItemUpdateRequestMessage	6210	refs/Symbioz-2.38/Symbioz.Protocol/Messages/game/inventory/preset/InventoryPresetItemUpdateRequestMessage.cs:33	3	presetId:sbyte;position:byte;objUid:uint
InventoryPresetSaveCustomMessage	6329	refs/Symbioz-2.38/Symbioz.Protocol/Messages/game/inventory/preset/InventoryPresetSaveCustomMessage.cs:33	4	presetId:sbyte;symbolId:sbyte;itemsPositions:byte[];itemsUids:uint[]
InventoryPresetSaveMessage	6165	refs/Symbioz-2.38/Symbioz.Protocol/Messages/game/inventory/preset/InventoryPresetSaveMessage.cs:33	3	presetId:sbyte;symbolId:sbyte;saveEquipment:bool
InventoryPresetSaveResultMessage	6170	refs/Symbioz-2.38/Symbioz.Protocol/Messages/game/inventory/preset/InventoryPresetSaveResultMessage.cs:33	2	presetId:sbyte;code:sbyte
InventoryPresetUpdateMessage	6171	refs/Symbioz-2.38/Symbioz.Protocol/Messages/game/inventory/preset/InventoryPresetUpdateMessage.cs:33	1	preset:Types.Preset
InventoryPresetUseMessage	6167	refs/Symbioz-2.38/Symbioz.Protocol/Messages/game/inventory/preset/InventoryPresetUseMessage.cs:33	1	presetId:sbyte
InventoryPresetUseResultMessage	6163	refs/Symbioz-2.38/Symbioz.Protocol/Messages/game/inventory/preset/InventoryPresetUseResultMessage.cs:33	3	presetId:sbyte;code:sbyte;unlinkedPosition:byte[]
SpellListMessage	1200	refs/Symbioz-2.38/Symbioz.Protocol/Messages/game/inventory/spells/SpellListMessage.cs:33	2	spellPrevisualization:bool;spells:Types.SpellItem[]
StorageInventoryContentMessage	5646	refs/Symbioz-2.38/Symbioz.Protocol/Messages/game/inventory/storage/StorageInventoryContentMessage.cs:33	0	
StorageKamasUpdateMessage	5645	refs/Symbioz-2.38/Symbioz.Protocol/Messages/game/inventory/storage/StorageKamasUpdateMessage.cs:33	1	kamasTotal:int
StorageObjectRemoveMessage	5648	refs/Symbioz-2.38/Symbioz.Protocol/Messages/game/inventory/storage/StorageObjectRemoveMessage.cs:33	1	objectUID:uint
StorageObjectUpdateMessage	5647	refs/Symbioz-2.38/Symbioz.Protocol/Messages/game/inventory/storage/StorageObjectUpdateMessage.cs:33	0	
StorageObjectsRemoveMessage	6035	refs/Symbioz-2.38/Symbioz.Protocol/Messages/game/inventory/storage/StorageObjectsRemoveMessage.cs:33	1	objectUIDList:uint[]
StorageObjectsUpdateMessage	6036	refs/Symbioz-2.38/Symbioz.Protocol/Messages/game/inventory/storage/StorageObjectsUpdateMessage.cs:33	1	objectList:Types.ObjectItem[]
AccessoryPreviewErrorMessage	6521	refs/Symbioz-2.38/Symbioz.Protocol/Messages/game/look/AccessoryPreviewErrorMessage.cs:33	1	error:sbyte
AccessoryPreviewMessage	6517	refs/Symbioz-2.38/Symbioz.Protocol/Messages/game/look/AccessoryPreviewMessage.cs:33	1	look:Types.EntityLook
AccessoryPreviewRequestMessage	6518	refs/Symbioz-2.38/Symbioz.Protocol/Messages/game/look/AccessoryPreviewRequestMessage.cs:33	1	genericId:ushort[]
PopupWarningMessage	6134	refs/Symbioz-2.38/Symbioz.Protocol/Messages/game/moderation/PopupWarningMessage.cs:33	3	lockDuration:byte;author:string;content:string
AreaFightModificatorUpdateMessage	6493	refs/Symbioz-2.38/Symbioz.Protocol/Messages/game/modificator/AreaFightModificatorUpdateMessage.cs:33	1	spellPairId:int
PrismAttackRequestMessage	6042	refs/Symbioz-2.38/Symbioz.Protocol/Messages/game/prism/PrismAttackRequestMessage.cs:33	0	
PrismFightAddedMessage	6452	refs/Symbioz-2.38/Symbioz.Protocol/Messages/game/prism/PrismFightAddedMessage.cs:33	1	fight:Types.PrismFightersInformation
PrismFightAttackerAddMessage	5893	refs/Symbioz-2.38/Symbioz.Protocol/Messages/game/prism/PrismFightAttackerAddMessage.cs:33	3	subAreaId:ushort;fightId:ushort;attacker:Types.CharacterMinimalPlusLookInformations
PrismFightAttackerRemoveMessage	5897	refs/Symbioz-2.38/Symbioz.Protocol/Messages/game/prism/PrismFightAttackerRemoveMessage.cs:33	3	subAreaId:ushort;fightId:ushort;fighterToRemoveId:ulong
PrismFightDefenderAddMessage	5895	refs/Symbioz-2.38/Symbioz.Protocol/Messages/game/prism/PrismFightDefenderAddMessage.cs:33	3	subAreaId:ushort;fightId:ushort;defender:Types.CharacterMinimalPlusLookInformations
PrismFightDefenderLeaveMessage	5892	refs/Symbioz-2.38/Symbioz.Protocol/Messages/game/prism/PrismFightDefenderLeaveMessage.cs:33	3	subAreaId:ushort;fightId:ushort;fighterToRemoveId:ulong
PrismFightJoinLeaveRequestMessage	5843	refs/Symbioz-2.38/Symbioz.Protocol/Messages/game/prism/PrismFightJoinLeaveRequestMessage.cs:33	2	subAreaId:ushort;join:bool
PrismFightRemovedMessage	6453	refs/Symbioz-2.38/Symbioz.Protocol/Messages/game/prism/PrismFightRemovedMessage.cs:33	1	subAreaId:ushort
PrismFightStateUpdateMessage	6040	refs/Symbioz-2.38/Symbioz.Protocol/Messages/game/prism/PrismFightStateUpdateMessage.cs:33	1	state:sbyte
PrismFightSwapRequestMessage	5901	refs/Symbioz-2.38/Symbioz.Protocol/Messages/game/prism/PrismFightSwapRequestMessage.cs:33	2	subAreaId:ushort;targetId:ulong
PrismInfoCloseMessage	5853	refs/Symbioz-2.38/Symbioz.Protocol/Messages/game/prism/PrismInfoCloseMessage.cs:33	0	
PrismInfoInValidMessage	5859	refs/Symbioz-2.38/Symbioz.Protocol/Messages/game/prism/PrismInfoInValidMessage.cs:33	1	reason:sbyte
PrismInfoJoinLeaveRequestMessage	5844	refs/Symbioz-2.38/Symbioz.Protocol/Messages/game/prism/PrismInfoJoinLeaveRequestMessage.cs:33	1	join:bool
PrismModuleExchangeRequestMessage	6531	refs/Symbioz-2.38/Symbioz.Protocol/Messages/game/prism/PrismModuleExchangeRequestMessage.cs:33	0	
PrismSetSabotagedRefusedMessage	6466	refs/Symbioz-2.38/Symbioz.Protocol/Messages/game/prism/PrismSetSabotagedRefusedMessage.cs:33	2	subAreaId:ushort;reason:sbyte
PrismSetSabotagedRequestMessage	6468	refs/Symbioz-2.38/Symbioz.Protocol/Messages/game/prism/PrismSetSabotagedRequestMessage.cs:33	1	subAreaId:ushort
PrismSettingsErrorMessage	6442	refs/Symbioz-2.38/Symbioz.Protocol/Messages/game/prism/PrismSettingsErrorMessage.cs:33	0	
PrismSettingsRequestMessage	6437	refs/Symbioz-2.38/Symbioz.Protocol/Messages/game/prism/PrismSettingsRequestMessage.cs:33	2	subAreaId:ushort;startDefenseTime:sbyte
PrismUseRequestMessage	6041	refs/Symbioz-2.38/Symbioz.Protocol/Messages/game/prism/PrismUseRequestMessage.cs:33	1	moduleToUse:sbyte
PrismsInfoValidMessage	6451	refs/Symbioz-2.38/Symbioz.Protocol/Messages/game/prism/PrismsInfoValidMessage.cs:33	1	fights:Types.PrismFightersInformation[]
PrismsListMessage	6440	refs/Symbioz-2.38/Symbioz.Protocol/Messages/game/prism/PrismsListMessage.cs:33	1	prisms:Types.PrismSubareaEmptyInfo[]
PrismsListRegisterMessage	6441	refs/Symbioz-2.38/Symbioz.Protocol/Messages/game/prism/PrismsListRegisterMessage.cs:33	1	listen:sbyte
PrismsListUpdateMessage	6438	refs/Symbioz-2.38/Symbioz.Protocol/Messages/game/prism/PrismsListUpdateMessage.cs:33	0	
AlignmentRankUpdateMessage	6058	refs/Symbioz-2.38/Symbioz.Protocol/Messages/game/pvp/AlignmentRankUpdateMessage.cs:33	2	alignmentRank:sbyte;verbose:bool
SetEnableAVARequestMessage	6443	refs/Symbioz-2.38/Symbioz.Protocol/Messages/game/pvp/SetEnableAVARequestMessage.cs:33	1	enable:bool
SetEnablePVPRequestMessage	1810	refs/Symbioz-2.38/Symbioz.Protocol/Messages/game/pvp/SetEnablePVPRequestMessage.cs:33	1	enable:bool
UpdateMapPlayersAgressableStatusMessage	6454	refs/Symbioz-2.38/Symbioz.Protocol/Messages/game/pvp/UpdateMapPlayersAgressableStatusMessage.cs:33	2	playerIds:ulong[];enable:sbyte[]
UpdateSelfAgressableStatusMessage	6456	refs/Symbioz-2.38/Symbioz.Protocol/Messages/game/pvp/UpdateSelfAgressableStatusMessage.cs:33	2	status:sbyte;probationTime:int
CharacterReportMessage	6079	refs/Symbioz-2.38/Symbioz.Protocol/Messages/game/report/CharacterReportMessage.cs:33	2	reportedId:ulong;reason:sbyte
CinematicMessage	6053	refs/Symbioz-2.38/Symbioz.Protocol/Messages/game/script/CinematicMessage.cs:33	1	cinematicId:ushort
URLOpenMessage	6266	refs/Symbioz-2.38/Symbioz.Protocol/Messages/game/script/URLOpenMessage.cs:33	1	urlId:sbyte
ShortcutBarAddErrorMessage	6227	refs/Symbioz-2.38/Symbioz.Protocol/Messages/game/shortcut/ShortcutBarAddErrorMessage.cs:33	1	error:sbyte
ShortcutBarAddRequestMessage	6225	refs/Symbioz-2.38/Symbioz.Protocol/Messages/game/shortcut/ShortcutBarAddRequestMessage.cs:33	2	barType:sbyte;shortcut:Types.Shortcut
ShortcutBarContentMessage	6231	refs/Symbioz-2.38/Symbioz.Protocol/Messages/game/shortcut/ShortcutBarContentMessage.cs:33	2	barType:sbyte;shortcuts:Types.Shortcut[]
ShortcutBarRefreshMessage	6229	refs/Symbioz-2.38/Symbioz.Protocol/Messages/game/shortcut/ShortcutBarRefreshMessage.cs:33	2	barType:sbyte;shortcut:Types.Shortcut
ShortcutBarRemoveErrorMessage	6222	refs/Symbioz-2.38/Symbioz.Protocol/Messages/game/shortcut/ShortcutBarRemoveErrorMessage.cs:33	1	error:sbyte
ShortcutBarRemoveRequestMessage	6228	refs/Symbioz-2.38/Symbioz.Protocol/Messages/game/shortcut/ShortcutBarRemoveRequestMessage.cs:33	2	barType:sbyte;slot:sbyte
ShortcutBarRemovedMessage	6224	refs/Symbioz-2.38/Symbioz.Protocol/Messages/game/shortcut/ShortcutBarRemovedMessage.cs:33	2	barType:sbyte;slot:sbyte
ShortcutBarSwapErrorMessage	6226	refs/Symbioz-2.38/Symbioz.Protocol/Messages/game/shortcut/ShortcutBarSwapErrorMessage.cs:33	1	error:sbyte
ShortcutBarSwapRequestMessage	6230	refs/Symbioz-2.38/Symbioz.Protocol/Messages/game/shortcut/ShortcutBarSwapRequestMessage.cs:33	3	barType:sbyte;firstSlot:sbyte;secondSlot:sbyte
ContactLookErrorMessage	6045	refs/Symbioz-2.38/Symbioz.Protocol/Messages/game/social/ContactLookErrorMessage.cs:33	1	requestId:uint
ContactLookMessage	5934	refs/Symbioz-2.38/Symbioz.Protocol/Messages/game/social/ContactLookMessage.cs:33	4	requestId:uint;playerName:string;playerId:ulong;look:Types.EntityLook
ContactLookRequestByIdMessage	5935	refs/Symbioz-2.38/Symbioz.Protocol/Messages/game/social/ContactLookRequestByIdMessage.cs:33	1	playerId:ulong
ContactLookRequestByNameMessage	5933	refs/Symbioz-2.38/Symbioz.Protocol/Messages/game/social/ContactLookRequestByNameMessage.cs:33	1	playerName:string
ContactLookRequestMessage	5932	refs/Symbioz-2.38/Symbioz.Protocol/Messages/game/social/ContactLookRequestMessage.cs:33	2	requestId:byte;contactType:sbyte
StartupActionAddMessage	6538	refs/Symbioz-2.38/Symbioz.Protocol/Messages/game/startup/StartupActionAddMessage.cs:33	1	newAction:Types.StartupActionAddObject
StartupActionFinishedMessage	1304	refs/Symbioz-2.38/Symbioz.Protocol/Messages/game/startup/StartupActionFinishedMessage.cs:33	3	success:bool;automaticAction:bool;actionId:int
StartupActionsAllAttributionMessage	6537	refs/Symbioz-2.38/Symbioz.Protocol/Messages/game/startup/StartupActionsAllAttributionMessage.cs:33	1	characterId:ulong
StartupActionsExecuteMessage	1302	refs/Symbioz-2.38/Symbioz.Protocol/Messages/game/startup/StartupActionsExecuteMessage.cs:33	0	
StartupActionsListMessage	1301	refs/Symbioz-2.38/Symbioz.Protocol/Messages/game/startup/StartupActionsListMessage.cs:33	1	actions:Types.StartupActionAddObject[]
StartupActionsObjetAttributionMessage	1303	refs/Symbioz-2.38/Symbioz.Protocol/Messages/game/startup/StartupActionsObjetAttributionMessage.cs:33	2	actionId:int;characterId:ulong
SubscriptionLimitationMessage	5542	refs/Symbioz-2.38/Symbioz.Protocol/Messages/game/subscriber/SubscriptionLimitationMessage.cs:33	1	reason:sbyte
SubscriptionZoneMessage	5573	refs/Symbioz-2.38/Symbioz.Protocol/Messages/game/subscriber/SubscriptionZoneMessage.cs:33	1	active:bool
OrnamentGainedMessage	6368	refs/Symbioz-2.38/Symbioz.Protocol/Messages/game/tinsel/OrnamentGainedMessage.cs:33	1	ornamentId:short
OrnamentSelectErrorMessage	6370	refs/Symbioz-2.38/Symbioz.Protocol/Messages/game/tinsel/OrnamentSelectErrorMessage.cs:33	1	reason:sbyte
OrnamentSelectRequestMessage	6374	refs/Symbioz-2.38/Symbioz.Protocol/Messages/game/tinsel/OrnamentSelectRequestMessage.cs:33	1	ornamentId:ushort
OrnamentSelectedMessage	6369	refs/Symbioz-2.38/Symbioz.Protocol/Messages/game/tinsel/OrnamentSelectedMessage.cs:33	1	ornamentId:ushort
TitleGainedMessage	6364	refs/Symbioz-2.38/Symbioz.Protocol/Messages/game/tinsel/TitleGainedMessage.cs:33	1	titleId:ushort
TitleLostMessage	6371	refs/Symbioz-2.38/Symbioz.Protocol/Messages/game/tinsel/TitleLostMessage.cs:33	1	titleId:ushort
TitleSelectErrorMessage	6373	refs/Symbioz-2.38/Symbioz.Protocol/Messages/game/tinsel/TitleSelectErrorMessage.cs:33	1	reason:sbyte
TitleSelectRequestMessage	6365	refs/Symbioz-2.38/Symbioz.Protocol/Messages/game/tinsel/TitleSelectRequestMessage.cs:33	1	titleId:ushort
TitleSelectedMessage	6366	refs/Symbioz-2.38/Symbioz.Protocol/Messages/game/tinsel/TitleSelectedMessage.cs:33	1	titleId:ushort
TitlesAndOrnamentsListMessage	6367	refs/Symbioz-2.38/Symbioz.Protocol/Messages/game/tinsel/TitlesAndOrnamentsListMessage.cs:33	4	titles:ushort[];ornaments:ushort[];activeTitle:ushort;activeOrnament:ushort
TitlesAndOrnamentsListRequestMessage	6363	refs/Symbioz-2.38/Symbioz.Protocol/Messages/game/tinsel/TitlesAndOrnamentsListRequestMessage.cs:33	0	
ClientUIOpenedByObjectMessage	6463	refs/Symbioz-2.38/Symbioz.Protocol/Messages/game/ui/ClientUIOpenedByObjectMessage.cs:33	1	uid:uint
ClientUIOpenedMessage	6459	refs/Symbioz-2.38/Symbioz.Protocol/Messages/game/ui/ClientUIOpenedMessage.cs:33	1	type:sbyte
ProtocolRequired	1	refs/Symbioz-2.38/Symbioz.Protocol/Messages/handshake/ProtocolRequired.cs:33	2	requiredVersion:int;currentVersion:int
LoginQueueStatusMessage	10	refs/Symbioz-2.38/Symbioz.Protocol/Messages/queues/LoginQueueStatusMessage.cs:33	2	position:ushort;total:ushort
QueueStatusMessage	6100	refs/Symbioz-2.38/Symbioz.Protocol/Messages/queues/QueueStatusMessage.cs:33	2	position:ushort;total:ushort
TrustStatusMessage	6267	refs/Symbioz-2.38/Symbioz.Protocol/Messages/secure/TrustStatusMessage.cs:33	2	trusted:bool;certified:bool
CheckFileMessage	6156	refs/Symbioz-2.38/Symbioz.Protocol/Messages/security/CheckFileMessage.cs:33	3	filenameHash:string;type:sbyte;value:string
CheckFileRequestMessage	6154	refs/Symbioz-2.38/Symbioz.Protocol/Messages/security/CheckFileRequestMessage.cs:33	2	filename:string;type:sbyte
CheckIntegrityMessage	6372	refs/Symbioz-2.38/Symbioz.Protocol/Messages/security/CheckIntegrityMessage.cs:33	1	data:sbyte[]
ClientKeyMessage	5607	refs/Symbioz-2.38/Symbioz.Protocol/Messages/security/ClientKeyMessage.cs:33	1	key:string
RawDataMessage	6253	refs/Symbioz-2.38/Symbioz.Protocol/Messages/security/RawDataMessage.cs:33	1	_content:byte[]
SystemMessageDisplayMessage	189	refs/Symbioz-2.38/Symbioz.Protocol/Messages/server/basic/SystemMessageDisplayMessage.cs:33	3	hangUp:bool;msgId:ushort;parameters:string[]
SubscriptionUpdateMessage	6616	refs/Symbioz-2.38/Symbioz.Protocol/Messages/subscription/SubscriptionUpdateMessage.cs:33	1	timestamp:double
DownloadCurrentSpeedMessage	1511	refs/Symbioz-2.38/Symbioz.Protocol/Messages/updater/parts/DownloadCurrentSpeedMessage.cs:33	1	downloadSpeed:sbyte
DownloadErrorMessage	1513	refs/Symbioz-2.38/Symbioz.Protocol/Messages/updater/parts/DownloadErrorMessage.cs:33	3	errorId:sbyte;message:string;helpUrl:string
DownloadGetCurrentSpeedRequestMessage	1510	refs/Symbioz-2.38/Symbioz.Protocol/Messages/updater/parts/DownloadGetCurrentSpeedRequestMessage.cs:33	0	
DownloadPartMessage	1503	refs/Symbioz-2.38/Symbioz.Protocol/Messages/updater/parts/DownloadPartMessage.cs:33	1	id:string
DownloadSetSpeedRequestMessage	1512	refs/Symbioz-2.38/Symbioz.Protocol/Messages/updater/parts/DownloadSetSpeedRequestMessage.cs:33	1	downloadSpeed:sbyte
GetPartInfoMessage	1506	refs/Symbioz-2.38/Symbioz.Protocol/Messages/updater/parts/GetPartInfoMessage.cs:33	1	id:string
GetPartsListMessage	1501	refs/Symbioz-2.38/Symbioz.Protocol/Messages/updater/parts/GetPartsListMessage.cs:33	0	
PartInfoMessage	1508	refs/Symbioz-2.38/Symbioz.Protocol/Messages/updater/parts/PartInfoMessage.cs:33	2	part:Types.ContentPart;installationPercent:float
PartsListMessage	1502	refs/Symbioz-2.38/Symbioz.Protocol/Messages/updater/parts/PartsListMessage.cs:33	1	parts:Types.ContentPart[]
MailStatusMessage	6275	refs/Symbioz-2.38/Symbioz.Protocol/Messages/web/ankabox/MailStatusMessage.cs:33	2	unread:ushort;total:ushort
NewMailMessage	6292	refs/Symbioz-2.38/Symbioz.Protocol/Messages/web/ankabox/NewMailMessage.cs:33	1	sendersAccountId:int[]
HaapiApiKeyMessage	6649	refs/Symbioz-2.38/Symbioz.Protocol/Messages/web/haapi/HaapiApiKeyMessage.cs:33	2	keyType:sbyte;token:string
HaapiApiKeyRequestMessage	6648	refs/Symbioz-2.38/Symbioz.Protocol/Messages/web/haapi/HaapiApiKeyRequestMessage.cs:33	1	keyType:sbyte
KrosmasterAuthTokenErrorMessage	6345	refs/Symbioz-2.38/Symbioz.Protocol/Messages/web/krosmaster/KrosmasterAuthTokenErrorMessage.cs:33	1	reason:sbyte
KrosmasterAuthTokenMessage	6351	refs/Symbioz-2.38/Symbioz.Protocol/Messages/web/krosmaster/KrosmasterAuthTokenMessage.cs:33	1	token:string
KrosmasterAuthTokenRequestMessage	6346	refs/Symbioz-2.38/Symbioz.Protocol/Messages/web/krosmaster/KrosmasterAuthTokenRequestMessage.cs:33	0	
KrosmasterInventoryErrorMessage	6343	refs/Symbioz-2.38/Symbioz.Protocol/Messages/web/krosmaster/KrosmasterInventoryErrorMessage.cs:33	1	reason:sbyte
KrosmasterInventoryMessage	6350	refs/Symbioz-2.38/Symbioz.Protocol/Messages/web/krosmaster/KrosmasterInventoryMessage.cs:33	1	figures:Types.KrosmasterFigure[]
KrosmasterInventoryRequestMessage	6344	refs/Symbioz-2.38/Symbioz.Protocol/Messages/web/krosmaster/KrosmasterInventoryRequestMessage.cs:33	0	
KrosmasterPlayingStatusMessage	6347	refs/Symbioz-2.38/Symbioz.Protocol/Messages/web/krosmaster/KrosmasterPlayingStatusMessage.cs:33	1	playing:bool
KrosmasterTransferMessage	6348	refs/Symbioz-2.38/Symbioz.Protocol/Messages/web/krosmaster/KrosmasterTransferMessage.cs:33	2	uid:string;failure:sbyte
KrosmasterTransferRequestMessage	6349	refs/Symbioz-2.38/Symbioz.Protocol/Messages/web/krosmaster/KrosmasterTransferRequestMessage.cs:33	1	uid:string
ClientYouAreDrunkMessage	6594	refs/Symbioz-2.38/Symbioz.Protocol/Messages/wtf/ClientYouAreDrunkMessage.cs:33	0	
AccountMessage	6702	refs/Symbioz-2.38/Symbioz.Protocol/Selfmade/Messages/AccountMessage.cs:14	1	Account:AccountData
AccountRequestMessage	6701	refs/Symbioz-2.38/Symbioz.Protocol/Selfmade/Messages/AccountRequestMessage.cs:13	1	Ticket:string
BanConfirmMessage	6713	refs/Symbioz-2.38/Symbioz.Protocol/Selfmade/Messages/BanConfirmMessage.cs:13	1	AccountId:int
BanRequestMessage	6712	refs/Symbioz-2.38/Symbioz.Protocol/Selfmade/Messages/BanRequestMessage.cs:13	1	AccountId:int
DisconnectClientRequestMessage	6705	refs/Symbioz-2.38/Symbioz.Protocol/Selfmade/Messages/DisconnectClientRequestMessage.cs:13	1	AccountId:int
DisconnectClientResultMessage	6706	refs/Symbioz-2.38/Symbioz.Protocol/Selfmade/Messages/DisconnectClientResultMessage.cs:13	1	IsSucces:bool
OnCharacterCreationMessage	6703	refs/Symbioz-2.38/Symbioz.Protocol/Selfmade/Messages/OnCharacterCreationMessage.cs:13	2	AccountId:int;CharacterId:long
OnCharacterDeletionMessage	6711	refs/Symbioz-2.38/Symbioz.Protocol/Selfmade/Messages/OnCharacterDeletionMessage.cs:13	1	CharacterId:long
OnCharacterDeletionResultMessage	6710	refs/Symbioz-2.38/Symbioz.Protocol/Selfmade/Messages/OnCharacterDeletionResultMessage.cs:13	1	Succes:bool
ResetDatabaseMessage	6707	refs/Symbioz-2.38/Symbioz.Protocol/Selfmade/Messages/ResetDatabaseMessage.cs:13	0	
SetServerStatusMessage	6708	refs/Symbioz-2.38/Symbioz.Protocol/Selfmade/Messages/SetServerStatusMessage.cs:14	1	Status:ServerStatusEnum
WorldRegistrationRequestMessage	6700	refs/Symbioz-2.38/Symbioz.Protocol/Selfmade/Messages/WorldRegistrationRequestMessage.cs:13	5	ServerId:ushort;Name:string;Type:sbyte;Host:string;Port:int
GuildArenaSubscribeAnswerMessage	1	refs/Symbioz-2.38/Symbioz.Protocol/Selfmade/RawMessages/GuildArenaSubscribeAnswerMessage.cs:12	1	Register:bool
StatisticData	484	refs/Symbioz-2.38/Symbioz.Protocol/Types/common/basic/StatisticData.cs:32	0	
StatisticDataBoolean	482	refs/Symbioz-2.38/Symbioz.Protocol/Types/common/basic/StatisticDataBoolean.cs:32	1	value:bool
StatisticDataByte	486	refs/Symbioz-2.38/Symbioz.Protocol/Types/common/basic/StatisticDataByte.cs:32	1	value:sbyte
StatisticDataInt	485	refs/Symbioz-2.38/Symbioz.Protocol/Types/common/basic/StatisticDataInt.cs:32	1	value:int
StatisticDataShort	488	refs/Symbioz-2.38/Symbioz.Protocol/Types/common/basic/StatisticDataShort.cs:32	1	value:short
StatisticDataString	487	refs/Symbioz-2.38/Symbioz.Protocol/Types/common/basic/StatisticDataString.cs:32	1	value:string
GameServerInformations	25	refs/Symbioz-2.38/Symbioz.Protocol/Types/connection/GameServerInformations.cs:32	8	id:ushort;type:sbyte;status:sbyte;completion:sbyte;isSelectable:bool;charactersCount:sbyte;charactersSlots:sbyte;date:double
Achievement	363	refs/Symbioz-2.38/Symbioz.Protocol/Types/game/achievement/Achievement.cs:32	3	id:ushort;finishedObjective:AchievementObjective[];startedObjectives:AchievementStartedObjective[]
AchievementObjective	404	refs/Symbioz-2.38/Symbioz.Protocol/Types/game/achievement/AchievementObjective.cs:32	2	id:uint;maxValue:ushort
AchievementRewardable	412	refs/Symbioz-2.38/Symbioz.Protocol/Types/game/achievement/AchievementRewardable.cs:32	2	id:ushort;finishedlevel:byte
AchievementStartedObjective	402	refs/Symbioz-2.38/Symbioz.Protocol/Types/game/achievement/AchievementStartedObjective.cs:32	1	value:ushort
FightDispellableEffectExtendedInformations	208	refs/Symbioz-2.38/Symbioz.Protocol/Types/game/action/fight/FightDispellableEffectExtendedInformations.cs:32	3	actionId:ushort;sourceId:double;effect:Types.AbstractFightDispellableEffect
AbstractFightDispellableEffect	206	refs/Symbioz-2.38/Symbioz.Protocol/Types/game/actions/fight/AbstractFightDispellableEffect.cs:32	7	uid:uint;targetId:double;turnDuration:short;dispelable:sbyte;spellId:ushort;effectId:uint;parentBoostUid:uint
FightTemporaryBoostEffect	209	refs/Symbioz-2.38/Symbioz.Protocol/Types/game/actions/fight/FightTemporaryBoostEffect.cs:32	1	delta:short
FightTemporaryBoostStateEffect	214	refs/Symbioz-2.38/Symbioz.Protocol/Types/game/actions/fight/FightTemporaryBoostStateEffect.cs:32	1	stateId:short
FightTemporaryBoostWeaponDamagesEffect	211	refs/Symbioz-2.38/Symbioz.Protocol/Types/game/actions/fight/FightTemporaryBoostWeaponDamagesEffect.cs:32	1	weaponTypeId:short
FightTemporarySpellBoostEffect	207	refs/Symbioz-2.38/Symbioz.Protocol/Types/game/actions/fight/FightTemporarySpellBoostEffect.cs:32	1	boostedSpellId:ushort
FightTemporarySpellImmunityEffect	366	refs/Symbioz-2.38/Symbioz.Protocol/Types/game/actions/fight/FightTemporarySpellImmunityEffect.cs:32	1	immuneSpellId:int
FightTriggeredEffect	210	refs/Symbioz-2.38/Symbioz.Protocol/Types/game/actions/fight/FightTriggeredEffect.cs:32	4	arg1:int;arg2:int;arg3:int;delay:short
GameActionMark	351	refs/Symbioz-2.38/Symbioz.Protocol/Types/game/actions/fight/GameActionMark.cs:32	9	markAuthorId:double;markTeamId:sbyte;markSpellId:int;markSpellLevel:sbyte;markId:short;markType:sbyte;markimpactCell:short;cells:GameActionMarkedCell[];active:bool
GameActionMarkedCell	85	refs/Symbioz-2.38/Symbioz.Protocol/Types/game/actions/fight/GameActionMarkedCell.cs:32	4	cellId:ushort;zoneSize:sbyte;cellColor:int;cellsType:sbyte
ServerSessionConstant	430	refs/Symbioz-2.38/Symbioz.Protocol/Types/game/approach/ServerSessionConstant.cs:32	1	id:ushort
ServerSessionConstantInteger	433	refs/Symbioz-2.38/Symbioz.Protocol/Types/game/approach/ServerSessionConstantInteger.cs:32	1	value:int
ServerSessionConstantLong	429	refs/Symbioz-2.38/Symbioz.Protocol/Types/game/approach/ServerSessionConstantLong.cs:32	1	value:double
ServerSessionConstantString	436	refs/Symbioz-2.38/Symbioz.Protocol/Types/game/approach/ServerSessionConstantString.cs:32	1	value:string
AbstractCharacterInformation	400	refs/Symbioz-2.38/Symbioz.Protocol/Types/game/character/AbstractCharacterInformation.cs:32	1	id:ulong
CharacterBasicMinimalInformations	503	refs/Symbioz-2.38/Symbioz.Protocol/Types/game/character/CharacterBasicMinimalInformations.cs:32	1	name:string
CharacterMinimalAllianceInformations	444	refs/Symbioz-2.38/Symbioz.Protocol/Types/game/character/CharacterMinimalAllianceInformations.cs:32	1	alliance:Types.BasicAllianceInformations
CharacterMinimalGuildInformations	445	refs/Symbioz-2.38/Symbioz.Protocol/Types/game/character/CharacterMinimalGuildInformations.cs:32	1	guild:Types.BasicGuildInformations
CharacterMinimalInformations	110	refs/Symbioz-2.38/Symbioz.Protocol/Types/game/character/CharacterMinimalInformations.cs:32	1	level:byte
CharacterMinimalPlusLookAndGradeInformations	193	refs/Symbioz-2.38/Symbioz.Protocol/Types/game/character/CharacterMinimalPlusLookAndGradeInformations.cs:32	1	grade:uint
CharacterMinimalPlusLookInformations	163	refs/Symbioz-2.38/Symbioz.Protocol/Types/game/character/CharacterMinimalPlusLookInformations.cs:32	1	entityLook:Types.EntityLook
ActorAlignmentInformations	201	refs/Symbioz-2.38/Symbioz.Protocol/Types/game/character/alignment/ActorAlignmentInformations.cs:32	4	alignmentSide:sbyte;alignmentValue:sbyte;alignmentGrade:sbyte;characterPower:double
ActorExtendedAlignmentInformations	202	refs/Symbioz-2.38/Symbioz.Protocol/Types/game/character/alignment/ActorExtendedAlignmentInformations.cs:32	4	honor:ushort;honorGradeFloor:ushort;honorNextGradeFloor:ushort;aggressable:sbyte
CharacterBaseCharacteristic	4	refs/Symbioz-2.38/Symbioz.Protocol/Types/game/character/characteristic/CharacterBaseCharacteristic.cs:32	4	additionnal:short;objectsAndMountBonus:short;alignGiftBonus:short;contextModif:short
CharacterCharacteristicsInformations	8	refs/Symbioz-2.38/Symbioz.Protocol/Types/game/character/characteristic/CharacterCharacteristicsInformations.cs:32	76	experience:ulong;experienceLevelFloor:ulong;experienceNextLevelFloor:ulong;kamas:int;statsPoints:ushort;additionnalPoints:ushort;spellsPoints:ushort;alignmentInfos:Types.ActorExtendedAlignmentInformations;lifePoints:uint;maxLifePoints:uint;energyPoints:ushort;maxEnergyPoints:ushort;actionPointsCurrent:short;movementPointsCurrent:short;initiative:CharacterBaseCharacteristic;prospecting:CharacterBaseCharacteristic;actionPoints:CharacterBaseCharacteristic;movementPoints:CharacterBaseCharacteristic;strength:CharacterBaseCharacteristic;vitality:CharacterBaseCharacteristic;wisdom:CharacterBaseCharacteristic;chance:CharacterBaseCharacteristic;agility:CharacterBaseCharacteristic;intelligence:CharacterBaseCharacteristic;range:CharacterBaseCharacteristic;summonableCreaturesBoost:CharacterBaseCharacteristic;reflect:CharacterBaseCharacteristic;criticalHit:CharacterBaseCharacteristic;criticalHitWeapon:ushort;criticalMiss:CharacterBaseCharacteristic;healBonus:CharacterBaseCharacteristic;allDamagesBonus:CharacterBaseCharacteristic;weaponDamagesBonusPercent:CharacterBaseCharacteristic;damagesBonusPercent:CharacterBaseCharacteristic;trapBonus:CharacterBaseCharacteristic;trapBonusPercent:CharacterBaseCharacteristic;glyphBonusPercent:CharacterBaseCharacteristic;runeBonusPercent:CharacterBaseCharacteristic;permanentDamagePercent:CharacterBaseCharacteristic;tackleBlock:CharacterBaseCharacteristic;tackleEvade:CharacterBaseCharacteristic;PAAttack:CharacterBaseCharacteristic;PMAttack:CharacterBaseCharacteristic;pushDamageBonus:CharacterBaseCharacteristic;criticalDamageBonus:CharacterBaseCharacteristic;neutralDamageBonus:CharacterBaseCharacteristic;earthDamageBonus:CharacterBaseCharacteristic;waterDamageBonus:CharacterBaseCharacteristic;airDamageBonus:CharacterBaseCharacteristic;fireDamageBonus:CharacterBaseCharacteristic;dodgePALostProbability:CharacterBaseCharacteristic;dodgePMLostProbability:CharacterBaseCharacteristic;neutralElementResistPercent:CharacterBaseCharacteristic;earthElementResistPercent:CharacterBaseCharacteristic;waterElementResistPercent:CharacterBaseCharacteristic;airElementResistPercent:CharacterBaseCharacteristic;fireElementResistPercent:CharacterBaseCharacteristic;neutralElementReduction:CharacterBaseCharacteristic;earthElementReduction:CharacterBaseCharacteristic;waterElementReduction:CharacterBaseCharacteristic;airElementReduction:CharacterBaseCharacteristic;fireElementReduction:CharacterBaseCharacteristic;pushDamageReduction:CharacterBaseCharacteristic;criticalDamageReduction:CharacterBaseCharacteristic;pvpNeutralElementResistPercent:CharacterBaseCharacteristic;pvpEarthElementResistPercent:CharacterBaseCharacteristic;pvpWaterElementResistPercent:CharacterBaseCharacteristic;pvpAirElementResistPercent:CharacterBaseCharacteristic;pvpFireElementResistPercent:CharacterBaseCharacteristic;pvpNeutralElementReduction:CharacterBaseCharacteristic;pvpEarthElementReduction:CharacterBaseCharacteristic;pvpWaterElementReduction:CharacterBaseCharacteristic;pvpAirElementReduction:CharacterBaseCharacteristic;pvpFireElementReduction:CharacterBaseCharacteristic;spellModifications:CharacterSpellModification[];probationTime:int
CharacterSpellModification	215	refs/Symbioz-2.38/Symbioz.Protocol/Types/game/character/characteristic/CharacterSpellModification.cs:32	3	modificationType:sbyte;spellId:ushort;value:CharacterBaseCharacteristic
AbstractCharacterToRefurbishInformation	475	refs/Symbioz-2.38/Symbioz.Protocol/Types/game/character/choice/AbstractCharacterToRefurbishInformation.cs:32	2	colors:int[];cosmeticId:uint
CharacterBaseInformations	45	refs/Symbioz-2.38/Symbioz.Protocol/Types/game/character/choice/CharacterBaseInformations.cs:32	2	breed:sbyte;sex:bool
CharacterHardcoreOrEpicInformations	474	refs/Symbioz-2.38/Symbioz.Protocol/Types/game/character/choice/CharacterHardcoreOrEpicInformations.cs:32	3	deathState:sbyte;deathCount:ushort;deathMaxLevel:byte
CharacterRemodelingInformation	479	refs/Symbioz-2.38/Symbioz.Protocol/Types/game/character/choice/CharacterRemodelingInformation.cs:32	5	name:string;breed:sbyte;sex:bool;cosmeticId:ushort;colors:int[]
CharacterToRecolorInformation	212	refs/Symbioz-2.38/Symbioz.Protocol/Types/game/character/choice/CharacterToRecolorInformation.cs:32	0	
CharacterToRelookInformation	399	refs/Symbioz-2.38/Symbioz.Protocol/Types/game/character/choice/CharacterToRelookInformation.cs:32	0	
CharacterToRemodelInformations	477	refs/Symbioz-2.38/Symbioz.Protocol/Types/game/character/choice/CharacterToRemodelInformations.cs:32	2	possibleChangeMask:sbyte;mandatoryChangeMask:sbyte
RemodelingInformation	480	refs/Symbioz-2.38/Symbioz.Protocol/Types/game/character/choice/RemodelingInformation.cs:32	5	name:string;breed:sbyte;sex:bool;cosmeticId:ushort;colors:int[]
ActorRestrictionsInformations	204	refs/Symbioz-2.38/Symbioz.Protocol/Types/game/character/restriction/ActorRestrictionsInformations.cs:13	21	cantBeAggressed:bool;cantBeChallenged:bool;cantTrade:bool;cantBeAttackedByMutant:bool;cantRun:bool;forceSlowWalk:bool;cantMinimize:bool;cantMove:bool;cantAggress:bool;cantChallenge:bool;cantExchange:bool;cantAttack:bool;cantChat:bool;cantBeMerchant:bool;cantUseObject:bool;cantUseTaxCollector:bool;cantUseInteractive:bool;cantSpeakToNPC:bool;cantChangeZone:bool;cantAttackMonster:bool;cantWalk8Directions:bool
PlayerStatus	415	refs/Symbioz-2.38/Symbioz.Protocol/Types/game/character/status/PlayerStatus.cs:32	1	statusId:sbyte
PlayerStatusExtended	414	refs/Symbioz-2.38/Symbioz.Protocol/Types/game/character/status/PlayerStatusExtended.cs:32	1	message:string
ActorOrientation	353	refs/Symbioz-2.38/Symbioz.Protocol/Types/game/context/ActorOrientation.cs:32	2	id:double;direction:sbyte
EntityDispositionInformations	60	refs/Symbioz-2.38/Symbioz.Protocol/Types/game/context/EntityDispositionInformations.cs:32	2	cellId:short;direction:sbyte
EntityMovementInformations	63	refs/Symbioz-2.38/Symbioz.Protocol/Types/game/context/EntityMovementInformations.cs:32	2	id:int;steps:sbyte[]
FightEntityDispositionInformations	217	refs/Symbioz-2.38/Symbioz.Protocol/Types/game/context/FightEntityDispositionInformations.cs:32	1	carryingCharacterId:double
GameContextActorInformations	150	refs/Symbioz-2.38/Symbioz.Protocol/Types/game/context/GameContextActorInformations.cs:32	3	contextualId:double;look:Types.EntityLook;disposition:EntityDispositionInformations
GameRolePlayTaxCollectorInformations	148	refs/Symbioz-2.38/Symbioz.Protocol/Types/game/context/GameRolePlayTaxCollectorInformations.cs:32	3	identification:TaxCollectorStaticInformations;guildLevel:byte;taxCollectorAttack:int
IdentifiedEntityDispositionInformations	107	refs/Symbioz-2.38/Symbioz.Protocol/Types/game/context/IdentifiedEntityDispositionInformations.cs:32	1	id:double
MapCoordinates	174	refs/Symbioz-2.38/Symbioz.Protocol/Types/game/context/MapCoordinates.cs:32	2	worldX:short;worldY:short
MapCoordinatesAndId	392	refs/Symbioz-2.38/Symbioz.Protocol/Types/game/context/MapCoordinatesAndId.cs:32	1	mapId:int
MapCoordinatesExtended	176	refs/Symbioz-2.38/Symbioz.Protocol/Types/game/context/MapCoordinatesExtended.cs:32	1	subAreaId:ushort
TaxCollectorStaticExtendedInformations	440	refs/Symbioz-2.38/Symbioz.Protocol/Types/game/context/TaxCollectorStaticExtendedInformations.cs:32	1	allianceIdentity:Types.AllianceInformations
TaxCollectorStaticInformations	147	refs/Symbioz-2.38/Symbioz.Protocol/Types/game/context/TaxCollectorStaticInformations.cs:32	3	firstNameId:ushort;lastNameId:ushort;guildIdentity:Types.GuildInformations
AbstractFightTeamInformations	116	refs/Symbioz-2.38/Symbioz.Protocol/Types/game/context/fight/AbstractFightTeamInformations.cs:32	5	teamId:sbyte;leaderId:double;teamSide:sbyte;teamTypeId:sbyte;nbWaves:sbyte
FightAllianceTeamInformations	439	refs/Symbioz-2.38/Symbioz.Protocol/Types/game/context/fight/FightAllianceTeamInformations.cs:32	1	relation:sbyte
FightCommonInformations	43	refs/Symbioz-2.38/Symbioz.Protocol/Types/game/context/fight/FightCommonInformations.cs:32	5	fightId:int;fightType:sbyte;fightTeams:FightTeamInformations[];fightTeamsPositions:ushort[];fightTeamsOptions:FightOptionsInformations[]
FightExternalInformations	117	refs/Symbioz-2.38/Symbioz.Protocol/Types/game/context/fight/FightExternalInformations.cs:32	6	fightId:int;fightType:sbyte;fightStart:int;fightSpectatorLocked:bool;fightTeams:FightTeamLightInformations[];fightTeamsOptions:FightOptionsInformations[]
FightLoot	41	refs/Symbioz-2.38/Symbioz.Protocol/Types/game/context/fight/FightLoot.cs:32	2	objects:ushort[];kamas:uint
FightOptionsInformations	20	refs/Symbioz-2.38/Symbioz.Protocol/Types/game/context/fight/FightOptionsInformations.cs:32	4	isSecret:bool;isRestrictedToPartyOnly:bool;isClosed:bool;isAskingForHelp:bool
FightResultAdditionalData	191	refs/Symbioz-2.38/Symbioz.Protocol/Types/game/context/fight/FightResultAdditionalData.cs:32	0	
FightResultExperienceData	192	refs/Symbioz-2.38/Symbioz.Protocol/Types/game/context/fight/FightResultExperienceData.cs:31	14	showExperience:bool;showExperienceLevelFloor:bool;showExperienceNextLevelFloor:bool;showExperienceFightDelta:bool;showExperienceForGuild:bool;showExperienceForMount:bool;isIncarnationExperience:bool;experience:ulong;experienceLevelFloor:ulong;experienceNextLevelFloor:ulong;experienceFightDelta:ulong;experienceForGuild:ulong;experienceForMount:ulong;rerollExperienceMul:sbyte
FightResultFighterListEntry	189	refs/Symbioz-2.38/Symbioz.Protocol/Types/game/context/fight/FightResultFighterListEntry.cs:32	2	id:double;alive:bool
FightResultListEntry	16	refs/Symbioz-2.38/Symbioz.Protocol/Types/game/context/fight/FightResultListEntry.cs:32	3	outcome:ushort;wave:sbyte;rewards:FightLoot
FightResultMutantListEntry	216	refs/Symbioz-2.38/Symbioz.Protocol/Types/game/context/fight/FightResultMutantListEntry.cs:32	1	level:ushort
FightResultPlayerListEntry	24	refs/Symbioz-2.38/Symbioz.Protocol/Types/game/context/fight/FightResultPlayerListEntry.cs:32	2	level:byte;additional:FightResultAdditionalData[]
FightResultPvpData	190	refs/Symbioz-2.38/Symbioz.Protocol/Types/game/context/fight/FightResultPvpData.cs:32	5	grade:byte;minHonorForGrade:ushort;maxHonorForGrade:ushort;honor:ushort;honorDelta:short
FightResultTaxCollectorListEntry	84	refs/Symbioz-2.38/Symbioz.Protocol/Types/game/context/fight/FightResultTaxCollectorListEntry.cs:32	3	level:byte;guildInfo:Types.BasicGuildInformations;experienceForGuild:int
FightTeamInformations	33	refs/Symbioz-2.38/Symbioz.Protocol/Types/game/context/fight/FightTeamInformations.cs:32	1	teamMembers:FightTeamMemberInformations[]
FightTeamLightInformations	115	refs/Symbioz-2.38/Symbioz.Protocol/Types/game/context/fight/FightTeamLightInformations.cs:32	2	teamMembersCount:sbyte;meanLevel:uint
FightTeamMemberCharacterInformations	13	refs/Symbioz-2.38/Symbioz.Protocol/Types/game/context/fight/FightTeamMemberCharacterInformations.cs:32	2	name:string;level:byte
FightTeamMemberCompanionInformations	451	refs/Symbioz-2.38/Symbioz.Protocol/Types/game/context/fight/FightTeamMemberCompanionInformations.cs:32	3	companionId:sbyte;level:byte;masterId:int
FightTeamMemberInformations	44	refs/Symbioz-2.38/Symbioz.Protocol/Types/game/context/fight/FightTeamMemberInformations.cs:32	1	id:double
FightTeamMemberMonsterInformations	6	refs/Symbioz-2.38/Symbioz.Protocol/Types/game/context/fight/FightTeamMemberMonsterInformations.cs:32	2	monsterId:int;grade:sbyte
FightTeamMemberTaxCollectorInformations	177	refs/Symbioz-2.38/Symbioz.Protocol/Types/game/context/fight/FightTeamMemberTaxCollectorInformations.cs:32	5	firstNameId:ushort;lastNameId:ushort;level:byte;guildId:uint;uid:uint
FightTeamMemberWithAllianceCharacterInformations	426	refs/Symbioz-2.38/Symbioz.Protocol/Types/game/context/fight/FightTeamMemberWithAllianceCharacterInformations.cs:32	1	allianceInfos:Types.BasicAllianceInformations
GameFightAIInformations	151	refs/Symbioz-2.38/Symbioz.Protocol/Types/game/context/fight/GameFightAIInformations.cs:32	0	
GameFightCharacterInformations	46	refs/Symbioz-2.38/Symbioz.Protocol/Types/game/context/fight/GameFightCharacterInformations.cs:32	4	level:byte;alignmentInfos:Types.ActorAlignmentInformations;breed:sbyte;sex:bool
GameFightCompanionInformations	450	refs/Symbioz-2.38/Symbioz.Protocol/Types/game/context/fight/GameFightCompanionInformations.cs:32	3	companionGenericId:sbyte;level:byte;masterId:double
GameFightFighterCompanionLightInformations	454	refs/Symbioz-2.38/Symbioz.Protocol/Types/game/context/fight/GameFightFighterCompanionLightInformations.cs:32	2	companionId:sbyte;masterId:double
GameFightFighterInformations	143	refs/Symbioz-2.38/Symbioz.Protocol/Types/game/context/fight/GameFightFighterInformations.cs:32	5	teamId:sbyte;wave:sbyte;alive:bool;stats:GameFightMinimalStats;previousPositions:ushort[]
GameFightFighterLightInformations	413	refs/Symbioz-2.38/Symbioz.Protocol/Types/game/context/fight/GameFightFighterLightInformations.cs:32	4	id:double;wave:sbyte;level:ushort;breed:sbyte
GameFightFighterMonsterLightInformations	455	refs/Symbioz-2.38/Symbioz.Protocol/Types/game/context/fight/GameFightFighterMonsterLightInformations.cs:32	1	creatureGenericId:ushort
GameFightFighterNamedInformations	158	refs/Symbioz-2.38/Symbioz.Protocol/Types/game/context/fight/GameFightFighterNamedInformations.cs:32	2	name:string;status:Types.PlayerStatus
GameFightFighterNamedLightInformations	456	refs/Symbioz-2.38/Symbioz.Protocol/Types/game/context/fight/GameFightFighterNamedLightInformations.cs:32	1	name:string
GameFightFighterTaxCollectorLightInformations	457	refs/Symbioz-2.38/Symbioz.Protocol/Types/game/context/fight/GameFightFighterTaxCollectorLightInformations.cs:32	2	firstNameId:ushort;lastNameId:ushort
GameFightMinimalStats	31	refs/Symbioz-2.38/Symbioz.Protocol/Types/game/context/fight/GameFightMinimalStats.cs:32	39	lifePoints:uint;maxLifePoints:uint;baseMaxLifePoints:uint;permanentDamagePercent:uint;shieldPoints:uint;actionPoints:short;maxActionPoints:short;movementPoints:short;maxMovementPoints:short;summoner:double;summoned:bool;neutralElementResistPercent:short;earthElementResistPercent:short;waterElementResistPercent:short;airElementResistPercent:short;fireElementResistPercent:short;neutralElementReduction:short;earthElementReduction:short;waterElementReduction:short;airElementReduction:short;fireElementReduction:short;criticalDamageFixedResist:short;pushDamageFixedResist:short;pvpNeutralElementResistPercent:short;pvpEarthElementResistPercent:short;pvpWaterElementResistPercent:short;pvpAirElementResistPercent:short;pvpFireElementResistPercent:short;pvpNeutralElementReduction:short;pvpEarthElementReduction:short;pvpWaterElementReduction:short;pvpAirElementReduction:short;pvpFireElementReduction:short;dodgePALostProbability:ushort;dodgePMLostProbability:ushort;tackleBlock:short;tackleEvade:short;fixedDamageReflection:short;invisibilityState:sbyte
GameFightMinimalStatsPreparation	360	refs/Symbioz-2.38/Symbioz.Protocol/Types/game/context/fight/GameFightMinimalStatsPreparation.cs:32	1	initiative:uint
GameFightMonsterInformations	29	refs/Symbioz-2.38/Symbioz.Protocol/Types/game/context/fight/GameFightMonsterInformations.cs:32	2	creatureGenericId:ushort;creatureGrade:sbyte
GameFightMonsterWithAlignmentInformations	203	refs/Symbioz-2.38/Symbioz.Protocol/Types/game/context/fight/GameFightMonsterWithAlignmentInformations.cs:32	1	alignmentInfos:Types.ActorAlignmentInformations
GameFightMutantInformations	50	refs/Symbioz-2.38/Symbioz.Protocol/Types/game/context/fight/GameFightMutantInformations.cs:32	1	powerLevel:sbyte
GameFightResumeSlaveInfo	364	refs/Symbioz-2.38/Symbioz.Protocol/Types/game/context/fight/GameFightResumeSlaveInfo.cs:32	4	slaveId:double;spellCooldowns:GameFightSpellCooldown[];summonCount:sbyte;bombCount:sbyte
GameFightSpellCooldown	205	refs/Symbioz-2.38/Symbioz.Protocol/Types/game/context/fight/GameFightSpellCooldown.cs:32	2	spellId:int;cooldown:sbyte
GameFightTaxCollectorInformations	48	refs/Symbioz-2.38/Symbioz.Protocol/Types/game/context/fight/GameFightTaxCollectorInformations.cs:32	3	firstNameId:ushort;lastNameId:ushort;level:byte
AllianceInformations	417	refs/Symbioz-2.38/Symbioz.Protocol/Types/game/context/roleplay/AllianceInformations.cs:32	1	allianceEmblem:Types.GuildEmblem
AlternativeMonstersInGroupLightInformations	394	refs/Symbioz-2.38/Symbioz.Protocol/Types/game/context/roleplay/AlternativeMonstersInGroupLightInformations.cs:32	2	playerCount:int;monsters:MonsterInGroupLightInformations[]
AtlasPointsInformations	175	refs/Symbioz-2.38/Symbioz.Protocol/Types/game/context/roleplay/AtlasPointsInformations.cs:32	2	type:sbyte;coords:Types.MapCoordinatesExtended[]
BasicAllianceInformations	419	refs/Symbioz-2.38/Symbioz.Protocol/Types/game/context/roleplay/BasicAllianceInformations.cs:32	2	allianceId:uint;allianceTag:string
BasicGuildInformations	365	refs/Symbioz-2.38/Symbioz.Protocol/Types/game/context/roleplay/BasicGuildInformations.cs:32	3	guildId:uint;guildName:string;guildLevel:byte
BasicNamedAllianceInformations	418	refs/Symbioz-2.38/Symbioz.Protocol/Types/game/context/roleplay/BasicNamedAllianceInformations.cs:32	1	allianceName:string
GameRolePlayActorInformations	141	refs/Symbioz-2.38/Symbioz.Protocol/Types/game/context/roleplay/GameRolePlayActorInformations.cs:32	0	
GameRolePlayCharacterInformations	36	refs/Symbioz-2.38/Symbioz.Protocol/Types/game/context/roleplay/GameRolePlayCharacterInformations.cs:32	1	alignmentInfos:Types.ActorAlignmentInformations
GameRolePlayGroupMonsterInformations	160	refs/Symbioz-2.38/Symbioz.Protocol/Types/game/context/roleplay/GameRolePlayGroupMonsterInformations.cs:32	8	keyRingBonus:bool;hasHardcoreDrop:bool;hasAVARewardToken:bool;staticInfos:Types.GroupMonsterStaticInformations;creationDate:double;ageBonusRate:uint;lootShare:sbyte;alignmentSide:sbyte
GameRolePlayGroupMonsterWaveInformations	464	refs/Symbioz-2.38/Symbioz.Protocol/Types/game/context/roleplay/GameRolePlayGroupMonsterWaveInformations.cs:32	2	nbWaves:sbyte;alternatives:IEnumerable<Types.GroupMonsterStaticInformations>
GameRolePlayHumanoidInformations	159	refs/Symbioz-2.38/Symbioz.Protocol/Types/game/context/roleplay/GameRolePlayHumanoidInformations.cs:32	2	humanoidInfo:HumanInformations;accountId:int
GameRolePlayMerchantInformations	129	refs/Symbioz-2.38/Symbioz.Protocol/Types/game/context/roleplay/GameRolePlayMerchantInformations.cs:32	2	sellType:sbyte;options:HumanOption[]
GameRolePlayMountInformations	180	refs/Symbioz-2.38/Symbioz.Protocol/Types/game/context/roleplay/GameRolePlayMountInformations.cs:32	2	ownerName:string;level:byte
GameRolePlayMutantInformations	3	refs/Symbioz-2.38/Symbioz.Protocol/Types/game/context/roleplay/GameRolePlayMutantInformations.cs:32	2	monsterId:ushort;powerLevel:sbyte
GameRolePlayNamedActorInformations	154	refs/Symbioz-2.38/Symbioz.Protocol/Types/game/context/roleplay/GameRolePlayNamedActorInformations.cs:32	1	name:string
GameRolePlayNpcInformations	156	refs/Symbioz-2.38/Symbioz.Protocol/Types/game/context/roleplay/GameRolePlayNpcInformations.cs:32	3	npcId:ushort;sex:bool;specialArtworkId:ushort
GameRolePlayNpcWithQuestInformations	383	refs/Symbioz-2.38/Symbioz.Protocol/Types/game/context/roleplay/GameRolePlayNpcWithQuestInformations.cs:32	1	questFlag:Types.GameRolePlayNpcQuestFlag
GameRolePlayPortalInformations	467	refs/Symbioz-2.38/Symbioz.Protocol/Types/game/context/roleplay/GameRolePlayPortalInformations.cs:32	1	portal:Types.PortalInformation
GameRolePlayPrismInformations	161	refs/Symbioz-2.38/Symbioz.Protocol/Types/game/context/roleplay/GameRolePlayPrismInformations.cs:32	1	prism:Types.PrismInformation
GameRolePlayTreasureHintInformations	471	refs/Symbioz-2.38/Symbioz.Protocol/Types/game/context/roleplay/GameRolePlayTreasureHintInformations.cs:32	1	npcId:ushort
GroupMonsterStaticInformations	140	refs/Symbioz-2.38/Symbioz.Protocol/Types/game/context/roleplay/GroupMonsterStaticInformations.cs:33	2	mainCreatureLightInfos:MonsterInGroupLightInformations;underlings:IEnumerable<MonsterInGroupInformations>
GroupMonsterStaticInformationsWithAlternatives	396	refs/Symbioz-2.38/Symbioz.Protocol/Types/game/context/roleplay/GroupMonsterStaticInformationsWithAlternatives.cs:32	1	alternatives:AlternativeMonstersInGroupLightInformations[]
GuildInAllianceInformations	420	refs/Symbioz-2.38/Symbioz.Protocol/Types/game/context/roleplay/GuildInAllianceInformations.cs:32	2	nbMembers:byte;enabled:bool
GuildInformations	127	refs/Symbioz-2.38/Symbioz.Protocol/Types/game/context/roleplay/GuildInformations.cs:32	1	guildEmblem:Types.GuildEmblem
HumanInformations	157	refs/Symbioz-2.38/Symbioz.Protocol/Types/game/context/roleplay/HumanInformations.cs:32	3	restrictions:Types.ActorRestrictionsInformations;sex:bool;options:HumanOption[]
HumanOption	406	refs/Symbioz-2.38/Symbioz.Protocol/Types/game/context/roleplay/HumanOption.cs:32	0	
HumanOptionAlliance	425	refs/Symbioz-2.38/Symbioz.Protocol/Types/game/context/roleplay/HumanOptionAlliance.cs:32	2	allianceInformations:AllianceInformations;aggressable:sbyte
HumanOptionEmote	407	refs/Symbioz-2.38/Symbioz.Protocol/Types/game/context/roleplay/HumanOptionEmote.cs:32	2	emoteId:byte;emoteStartTime:double
HumanOptionFollowers	410	refs/Symbioz-2.38/Symbioz.Protocol/Types/game/context/roleplay/HumanOptionFollowers.cs:32	1	followingCharactersLook:Types.IndexedEntityLook[]
HumanOptionGuild	409	refs/Symbioz-2.38/Symbioz.Protocol/Types/game/context/roleplay/HumanOptionGuild.cs:32	1	guildInformations:GuildInformations
HumanOptionObjectUse	449	refs/Symbioz-2.38/Symbioz.Protocol/Types/game/context/roleplay/HumanOptionObjectUse.cs:32	3	delayTypeId:sbyte;delayEndTime:double;objectGID:ushort
HumanOptionOrnament	411	refs/Symbioz-2.38/Symbioz.Protocol/Types/game/context/roleplay/HumanOptionOrnament.cs:32	1	ornamentId:ushort
HumanOptionSkillUse	495	refs/Symbioz-2.38/Symbioz.Protocol/Types/game/context/roleplay/HumanOptionSkillUse.cs:32	3	elementId:uint;skillId:ushort;skillEndTime:double
HumanOptionTitle	408	refs/Symbioz-2.38/Symbioz.Protocol/Types/game/context/roleplay/HumanOptionTitle.cs:32	2	titleId:ushort;titleParam:string
MonsterBoosts	497	refs/Symbioz-2.38/Symbioz.Protocol/Types/game/context/roleplay/MonsterBoosts.cs:32	3	id:uint;xpBoost:ushort;dropBoost:ushort
MonsterInGroupInformations	144	refs/Symbioz-2.38/Symbioz.Protocol/Types/game/context/roleplay/MonsterInGroupInformations.cs:32	1	look:Types.EntityLook
MonsterInGroupLightInformations	395	refs/Symbioz-2.38/Symbioz.Protocol/Types/game/context/roleplay/MonsterInGroupLightInformations.cs:32	2	creatureGenericId:int;grade:sbyte
ObjectItemInRolePlay	198	refs/Symbioz-2.38/Symbioz.Protocol/Types/game/context/roleplay/ObjectItemInRolePlay.cs:32	2	cellId:ushort;objectGID:ushort
ArenaRankInfos	499	refs/Symbioz-2.38/Symbioz.Protocol/Types/game/context/roleplay/fight/arena/ArenaRankInfos.cs:32	4	rank:ushort;bestRank:ushort;victoryCount:ushort;fightcount:ushort
DecraftedItemStackInfo	481	refs/Symbioz-2.38/Symbioz.Protocol/Types/game/context/roleplay/job/DecraftedItemStackInfo.cs:32	5	objectUID:uint;bonusMin:float;bonusMax:float;runesId:ushort[];runesQty:uint[]
JobBookSubscription	500	refs/Symbioz-2.38/Symbioz.Protocol/Types/game/context/roleplay/job/JobBookSubscription.cs:32	2	jobId:sbyte;subscribed:bool
JobCrafterDirectoryEntryJobInfo	195	refs/Symbioz-2.38/Symbioz.Protocol/Types/game/context/roleplay/job/JobCrafterDirectoryEntryJobInfo.cs:32	4	jobId:sbyte;jobLevel:byte;free:bool;minLevel:byte
JobCrafterDirectoryEntryPlayerInfo	194	refs/Symbioz-2.38/Symbioz.Protocol/Types/game/context/roleplay/job/JobCrafterDirectoryEntryPlayerInfo.cs:32	11	playerId:ulong;playerName:string;alignmentSide:sbyte;breed:sbyte;sex:bool;isInWorkshop:bool;worldX:short;worldY:short;mapId:int;subAreaId:ushort;status:Types.PlayerStatus
JobCrafterDirectoryListEntry	196	refs/Symbioz-2.38/Symbioz.Protocol/Types/game/context/roleplay/job/JobCrafterDirectoryListEntry.cs:32	2	playerInfo:JobCrafterDirectoryEntryPlayerInfo;jobInfo:JobCrafterDirectoryEntryJobInfo
JobCrafterDirectorySettings	97	refs/Symbioz-2.38/Symbioz.Protocol/Types/game/context/roleplay/job/JobCrafterDirectorySettings.cs:32	3	jobId:sbyte;minLevel:byte;free:bool
JobDescription	101	refs/Symbioz-2.38/Symbioz.Protocol/Types/game/context/roleplay/job/JobDescription.cs:32	2	jobId:sbyte;skills:Types.SkillActionDescription[]
JobExperience	98	refs/Symbioz-2.38/Symbioz.Protocol/Types/game/context/roleplay/job/JobExperience.cs:32	5	jobId:sbyte;jobLevel:byte;jobXP:ulong;jobXpLevelFloor:ulong;jobXpNextLevelFloor:ulong
DungeonPartyFinderPlayer	373	refs/Symbioz-2.38/Symbioz.Protocol/Types/game/context/roleplay/party/DungeonPartyFinderPlayer.cs:32	5	playerId:ulong;playerName:string;breed:sbyte;sex:bool;level:byte
NamedPartyTeam	469	refs/Symbioz-2.38/Symbioz.Protocol/Types/game/context/roleplay/party/NamedPartyTeam.cs:32	2	teamId:sbyte;partyName:string
NamedPartyTeamWithOutcome	470	refs/Symbioz-2.38/Symbioz.Protocol/Types/game/context/roleplay/party/NamedPartyTeamWithOutcome.cs:32	2	team:NamedPartyTeam;outcome:ushort
PartyGuestInformations	374	refs/Symbioz-2.38/Symbioz.Protocol/Types/game/context/roleplay/party/PartyGuestInformations.cs:32	8	guestId:ulong;hostId:ulong;name:string;guestLook:Types.EntityLook;breed:sbyte;sex:bool;status:Types.PlayerStatus;companions:Types.PartyCompanionBaseInformations[]
PartyInvitationMemberInformations	376	refs/Symbioz-2.38/Symbioz.Protocol/Types/game/context/roleplay/party/PartyInvitationMemberInformations.cs:32	5	worldX:short;worldY:short;mapId:int;subAreaId:ushort;companions:Types.PartyCompanionBaseInformations[]
PartyMemberArenaInformations	391	refs/Symbioz-2.38/Symbioz.Protocol/Types/game/context/roleplay/party/PartyMemberArenaInformations.cs:32	1	rank:ushort
PartyMemberGeoPosition	378	refs/Symbioz-2.38/Symbioz.Protocol/Types/game/context/roleplay/party/PartyMemberGeoPosition.cs:32	5	memberId:int;worldX:short;worldY:short;mapId:int;subAreaId:ushort
PartyMemberInformations	90	refs/Symbioz-2.38/Symbioz.Protocol/Types/game/context/roleplay/party/PartyMemberInformations.cs:32	12	lifePoints:uint;maxLifePoints:uint;prospecting:ushort;regenRate:byte;initiative:ushort;alignmentSide:sbyte;worldX:short;worldY:short;mapId:int;subAreaId:ushort;status:Types.PlayerStatus;companions:Types.PartyCompanionMemberInformations[]
PartyCompanionBaseInformations	453	refs/Symbioz-2.38/Symbioz.Protocol/Types/game/context/roleplay/party/companion/PartyCompanionBaseInformations.cs:32	3	indexId:sbyte;companionGenericId:sbyte;entityLook:Types.EntityLook
PartyCompanionMemberInformations	452	refs/Symbioz-2.38/Symbioz.Protocol/Types/game/context/roleplay/party/companion/PartyCompanionMemberInformations.cs:32	5	initiative:ushort;lifePoints:uint;maxLifePoints:uint;prospecting:ushort;regenRate:byte
GameRolePlayNpcQuestFlag	384	refs/Symbioz-2.38/Symbioz.Protocol/Types/game/context/roleplay/quest/GameRolePlayNpcQuestFlag.cs:32	2	questsToValidId:ushort[];questsToStartId:ushort[]
QuestActiveDetailedInformations	382	refs/Symbioz-2.38/Symbioz.Protocol/Types/game/context/roleplay/quest/QuestActiveDetailedInformations.cs:32	2	stepId:ushort;objectives:QuestObjectiveInformations[]
QuestActiveInformations	381	refs/Symbioz-2.38/Symbioz.Protocol/Types/game/context/roleplay/quest/QuestActiveInformations.cs:32	1	questId:ushort
QuestObjectiveInformations	385	refs/Symbioz-2.38/Symbioz.Protocol/Types/game/context/roleplay/quest/QuestObjectiveInformations.cs:32	3	objectiveId:ushort;objectiveStatus:bool;dialogParams:string[]
QuestObjectiveInformationsWithCompletion	386	refs/Symbioz-2.38/Symbioz.Protocol/Types/game/context/roleplay/quest/QuestObjectiveInformationsWithCompletion.cs:32	2	curCompletion:ushort;maxCompletion:ushort
PortalInformation	466	refs/Symbioz-2.38/Symbioz.Protocol/Types/game/context/roleplay/treasureHunt/PortalInformation.cs:32	2	portalId:int;areaId:short
TreasureHuntFlag	473	refs/Symbioz-2.38/Symbioz.Protocol/Types/game/context/roleplay/treasureHunt/TreasureHuntFlag.cs:32	2	mapId:int;state:sbyte
TreasureHuntStep	463	refs/Symbioz-2.38/Symbioz.Protocol/Types/game/context/roleplay/treasureHunt/TreasureHuntStep.cs:32	0	
TreasureHuntStepDig	465	refs/Symbioz-2.38/Symbioz.Protocol/Types/game/context/roleplay/treasureHunt/TreasureHuntStepDig.cs:32	0	
TreasureHuntStepFight	462	refs/Symbioz-2.38/Symbioz.Protocol/Types/game/context/roleplay/treasureHunt/TreasureHuntStepFight.cs:32	0	
TreasureHuntStepFollowDirection	468	refs/Symbioz-2.38/Symbioz.Protocol/Types/game/context/roleplay/treasureHunt/TreasureHuntStepFollowDirection.cs:32	2	direction:sbyte;mapCount:ushort
TreasureHuntStepFollowDirectionToHint	472	refs/Symbioz-2.38/Symbioz.Protocol/Types/game/context/roleplay/treasureHunt/TreasureHuntStepFollowDirectionToHint.cs:32	2	direction:sbyte;npcId:ushort
TreasureHuntStepFollowDirectionToPOI	461	refs/Symbioz-2.38/Symbioz.Protocol/Types/game/context/roleplay/treasureHunt/TreasureHuntStepFollowDirectionToPOI.cs:32	2	direction:sbyte;poiLabelId:ushort
DareCriteria	501	refs/Symbioz-2.38/Symbioz.Protocol/Types/game/dare/DareCriteria.cs:32	1	type:sbyte
DareInformations	502	refs/Symbioz-2.38/Symbioz.Protocol/Types/game/dare/DareInformations.cs:32	11	dareId:double;creator:Types.CharacterBasicMinimalInformations;subscriptionFee:int;jackpot:int;maxCountWinners:ushort;endDate:double;isPrivate:bool;guildId:uint;allianceId:uint;criterions:DareCriteria[];startDate:double
DareReward	505	refs/Symbioz-2.38/Symbioz.Protocol/Types/game/dare/DareReward.cs:32	4	type:sbyte;monsterId:ushort;kamas:uint;dareId:double
DareVersatileInformations	504	refs/Symbioz-2.38/Symbioz.Protocol/Types/game/dare/DareVersatileInformations.cs:32	3	dareId:double;countEntrants:int;countWinners:int
BidExchangerObjectInfo	122	refs/Symbioz-2.38/Symbioz.Protocol/Types/game/data/items/BidExchangerObjectInfo.cs:32	3	objectUID:uint;effects:Types.ObjectEffect[];prices:int[]
GoldItem	123	refs/Symbioz-2.38/Symbioz.Protocol/Types/game/data/items/GoldItem.cs:32	1	sum:uint
Item	7	refs/Symbioz-2.38/Symbioz.Protocol/Types/game/data/items/Item.cs:32	0	
ObjectItem	37	refs/Symbioz-2.38/Symbioz.Protocol/Types/game/data/items/ObjectItem.cs:32	5	position:byte;objectGID:ushort;effects:Types.ObjectEffect[];objectUID:uint;quantity:uint
ObjectItemGenericQuantity	483	refs/Symbioz-2.38/Symbioz.Protocol/Types/game/data/items/ObjectItemGenericQuantity.cs:32	2	objectGID:ushort;quantity:uint
ObjectItemGenericQuantityPrice	494	refs/Symbioz-2.38/Symbioz.Protocol/Types/game/data/items/ObjectItemGenericQuantityPrice.cs:32	1	price:uint
ObjectItemInformationWithQuantity	387	refs/Symbioz-2.38/Symbioz.Protocol/Types/game/data/items/ObjectItemInformationWithQuantity.cs:32	1	quantity:uint
ObjectItemMinimalInformation	124	refs/Symbioz-2.38/Symbioz.Protocol/Types/game/data/items/ObjectItemMinimalInformation.cs:32	2	objectGID:ushort;effects:Types.ObjectEffect[]
ObjectItemNotInContainer	134	refs/Symbioz-2.38/Symbioz.Protocol/Types/game/data/items/ObjectItemNotInContainer.cs:32	4	objectGID:ushort;effects:Types.ObjectEffect[];objectUID:uint;quantity:uint
ObjectItemQuantity	119	refs/Symbioz-2.38/Symbioz.Protocol/Types/game/data/items/ObjectItemQuantity.cs:32	2	objectUID:uint;quantity:uint
ObjectItemToSell	120	refs/Symbioz-2.38/Symbioz.Protocol/Types/game/data/items/ObjectItemToSell.cs:32	5	objectGID:ushort;effects:Types.ObjectEffect[];objectUID:uint;quantity:uint;objectPrice:uint
ObjectItemToSellInBid	164	refs/Symbioz-2.38/Symbioz.Protocol/Types/game/data/items/ObjectItemToSellInBid.cs:32	1	unsoldDelay:int
ObjectItemToSellInHumanVendorShop	359	refs/Symbioz-2.38/Symbioz.Protocol/Types/game/data/items/ObjectItemToSellInHumanVendorShop.cs:32	6	objectGID:ushort;effects:Types.ObjectEffect[];objectUID:uint;quantity:uint;objectPrice:uint;publicPrice:uint
ObjectItemToSellInNpcShop	352	refs/Symbioz-2.38/Symbioz.Protocol/Types/game/data/items/ObjectItemToSellInNpcShop.cs:32	2	objectPrice:uint;buyCriterion:string
SellerBuyerDescriptor	121	refs/Symbioz-2.38/Symbioz.Protocol/Types/game/data/items/SellerBuyerDescriptor.cs:32	8	quantities:uint[];types:uint[];taxPercentage:float;taxModificationPercentage:float;maxItemLevel:byte;maxItemPerAccount:uint;npcContextualId:int;unsoldDelay:ushort
SpellItem	49	refs/Symbioz-2.38/Symbioz.Protocol/Types/game/data/items/SpellItem.cs:32	2	spellId:int;spellLevel:sbyte
ObjectEffect	76	refs/Symbioz-2.38/Symbioz.Protocol/Types/game/data/items/effects/ObjectEffect.cs:32	1	actionId:ushort
ObjectEffectCreature	71	refs/Symbioz-2.38/Symbioz.Protocol/Types/game/data/items/effects/ObjectEffectCreature.cs:32	1	monsterFamilyId:ushort
ObjectEffectDate	72	refs/Symbioz-2.38/Symbioz.Protocol/Types/game/data/items/effects/ObjectEffectDate.cs:32	5	year:ushort;month:sbyte;day:sbyte;hour:sbyte;minute:sbyte
ObjectEffectDice	73	refs/Symbioz-2.38/Symbioz.Protocol/Types/game/data/items/effects/ObjectEffectDice.cs:32	3	diceNum:ushort;diceSide:ushort;diceConst:ushort
ObjectEffectDuration	75	refs/Symbioz-2.38/Symbioz.Protocol/Types/game/data/items/effects/ObjectEffectDuration.cs:32	3	days:ushort;hours:sbyte;minutes:sbyte
ObjectEffectInteger	70	refs/Symbioz-2.38/Symbioz.Protocol/Types/game/data/items/effects/ObjectEffectInteger.cs:32	1	value:ushort
ObjectEffectLadder	81	refs/Symbioz-2.38/Symbioz.Protocol/Types/game/data/items/effects/ObjectEffectLadder.cs:32	1	monsterCount:uint
ObjectEffectMinMax	82	refs/Symbioz-2.38/Symbioz.Protocol/Types/game/data/items/effects/ObjectEffectMinMax.cs:32	2	min:uint;max:uint
ObjectEffectMount	179	refs/Symbioz-2.38/Symbioz.Protocol/Types/game/data/items/effects/ObjectEffectMount.cs:32	3	mountId:int;date:double;modelId:ushort
ObjectEffectString	74	refs/Symbioz-2.38/Symbioz.Protocol/Types/game/data/items/effects/ObjectEffectString.cs:32	1	value:string
ProtectedEntityWaitingForHelpInfo	186	refs/Symbioz-2.38/Symbioz.Protocol/Types/game/fight/ProtectedEntityWaitingForHelpInfo.cs:32	3	timeLeftBeforeFight:int;waitTimeForPlacement:int;nbPositionForDefensors:sbyte
AbstractContactInformations	380	refs/Symbioz-2.38/Symbioz.Protocol/Types/game/friend/AbstractContactInformations.cs:32	2	accountId:int;accountName:string
FriendInformations	78	refs/Symbioz-2.38/Symbioz.Protocol/Types/game/friend/FriendInformations.cs:32	3	playerState:sbyte;lastConnection:ushort;achievementPoints:int
FriendOnlineInformations	92	refs/Symbioz-2.38/Symbioz.Protocol/Types/game/friend/FriendOnlineInformations.cs:32	9	playerId:ulong;playerName:string;level:byte;alignmentSide:sbyte;breed:sbyte;sex:bool;guildInfo:Types.BasicGuildInformations;moodSmileyId:ushort;status:Types.PlayerStatus
FriendSpouseInformations	77	refs/Symbioz-2.38/Symbioz.Protocol/Types/game/friend/FriendSpouseInformations.cs:32	9	spouseAccountId:int;spouseId:ulong;spouseName:string;spouseLevel:byte;breed:sbyte;sex:sbyte;spouseEntityLook:Types.EntityLook;guildInfo:Types.BasicGuildInformations;alignmentSide:sbyte
FriendSpouseOnlineInformations	93	refs/Symbioz-2.38/Symbioz.Protocol/Types/game/friend/FriendSpouseOnlineInformations.cs:32	2	mapId:int;subAreaId:ushort
IgnoredInformations	106	refs/Symbioz-2.38/Symbioz.Protocol/Types/game/friend/IgnoredInformations.cs:32	0	
IgnoredOnlineInformations	105	refs/Symbioz-2.38/Symbioz.Protocol/Types/game/friend/IgnoredOnlineInformations.cs:32	4	playerId:ulong;playerName:string;breed:sbyte;sex:bool
GuildEmblem	87	refs/Symbioz-2.38/Symbioz.Protocol/Types/game/guild/GuildEmblem.cs:32	4	symbolShape:ushort;symbolColor:int;backgroundShape:sbyte;backgroundColor:int
GuildMember	88	refs/Symbioz-2.38/Symbioz.Protocol/Types/game/guild/GuildMember.cs:32	13	breed:sbyte;sex:bool;rank:ushort;givenExperience:ulong;experienceGivenPercent:sbyte;rights:uint;connected:sbyte;alignmentSide:sbyte;hoursSinceLastConnection:ushort;moodSmileyId:ushort;accountId:int;achievementPoints:int;status:Types.PlayerStatus
HavenBagFurnitureInformation	498	refs/Symbioz-2.38/Symbioz.Protocol/Types/game/guild/HavenBagFurnitureInformation.cs:32	3	cellId:ushort;funitureId:int;orientation:sbyte
AdditionalTaxCollectorInformations	165	refs/Symbioz-2.38/Symbioz.Protocol/Types/game/guild/tax/AdditionalTaxCollectorInformations.cs:32	2	collectorCallerName:string;date:int
TaxCollectorBasicInformations	96	refs/Symbioz-2.38/Symbioz.Protocol/Types/game/guild/tax/TaxCollectorBasicInformations.cs:32	6	firstNameId:ushort;lastNameId:ushort;worldX:short;worldY:short;mapId:int;subAreaId:ushort
TaxCollectorComplementaryInformations	448	refs/Symbioz-2.38/Symbioz.Protocol/Types/game/guild/tax/TaxCollectorComplementaryInformations.cs:32	0	
TaxCollectorFightersInformation	169	refs/Symbioz-2.38/Symbioz.Protocol/Types/game/guild/tax/TaxCollectorFightersInformation.cs:32	3	collectorId:int;allyCharactersInformations:Types.CharacterMinimalPlusLookInformations[];enemyCharactersInformations:Types.CharacterMinimalPlusLookInformations[]
TaxCollectorGuildInformations	446	refs/Symbioz-2.38/Symbioz.Protocol/Types/game/guild/tax/TaxCollectorGuildInformations.cs:32	1	guild:Types.BasicGuildInformations
TaxCollectorInformations	167	refs/Symbioz-2.38/Symbioz.Protocol/Types/game/guild/tax/TaxCollectorInformations.cs:32	10	uniqueId:int;firtNameId:ushort;lastNameId:ushort;additionalInfos:AdditionalTaxCollectorInformations;worldX:short;worldY:short;subAreaId:ushort;state:sbyte;look:Types.EntityLook;complements:TaxCollectorComplementaryInformations[]
TaxCollectorLootInformations	372	refs/Symbioz-2.38/Symbioz.Protocol/Types/game/guild/tax/TaxCollectorLootInformations.cs:32	4	kamas:uint;experience:ulong;pods:uint;itemsValue:uint
TaxCollectorMovement	493	refs/Symbioz-2.38/Symbioz.Protocol/Types/game/guild/tax/TaxCollectorMovement.cs:32	4	movementType:sbyte;basicInfos:TaxCollectorBasicInformations;playerId:ulong;playerName:string
TaxCollectorWaitingForHelpInformations	447	refs/Symbioz-2.38/Symbioz.Protocol/Types/game/guild/tax/TaxCollectorWaitingForHelpInformations.cs:32	1	waitingForHelpInfo:Types.ProtectedEntityWaitingForHelpInfo
AccountHouseInformations	390	refs/Symbioz-2.38/Symbioz.Protocol/Types/game/house/AccountHouseInformations.cs:32	6	houseId:uint;modelId:ushort;worldX:short;worldY:short;mapId:int;subAreaId:ushort
HouseInformations	111	refs/Symbioz-2.38/Symbioz.Protocol/Types/game/house/HouseInformations.cs:32	4	houseId:uint;doorsOnMap:int[];ownerName:string;modelId:ushort
HouseInformationsExtended	112	refs/Symbioz-2.38/Symbioz.Protocol/Types/game/house/HouseInformationsExtended.cs:32	1	guildInfo:Types.GuildInformations
HouseInformationsForGuild	170	refs/Symbioz-2.38/Symbioz.Protocol/Types/game/house/HouseInformationsForGuild.cs:32	9	houseId:uint;modelId:uint;ownerName:string;worldX:short;worldY:short;mapId:int;subAreaId:ushort;skillListIds:int[];guildshareParams:uint
HouseInformationsForSell	221	refs/Symbioz-2.38/Symbioz.Protocol/Types/game/house/HouseInformationsForSell.cs:32	11	modelId:uint;ownerName:string;ownerConnected:bool;worldX:short;worldY:short;subAreaId:ushort;nbRoom:sbyte;nbChest:sbyte;skillListIds:int[];isLocked:bool;price:uint
HouseInformationsInside	218	refs/Symbioz-2.38/Symbioz.Protocol/Types/game/house/HouseInformationsInside.cs:32	8	houseId:uint;modelId:ushort;ownerId:int;ownerName:string;worldX:short;worldY:short;price:int;isLocked:bool
Idol	489	refs/Symbioz-2.38/Symbioz.Protocol/Types/game/idol/Idol.cs:32	3	id:ushort;xpBonusPercent:ushort;dropBonusPercent:ushort
PartyIdol	490	refs/Symbioz-2.38/Symbioz.Protocol/Types/game/idol/PartyIdol.cs:32	1	ownersIds:ulong[]
InteractiveElement	80	refs/Symbioz-2.38/Symbioz.Protocol/Types/game/interactive/InteractiveElement.cs:32	4	elementId:int;elementTypeId:int;enabledSkills:InteractiveElementSkill[];disabledSkills:InteractiveElementSkill[]
InteractiveElementNamedSkill	220	refs/Symbioz-2.38/Symbioz.Protocol/Types/game/interactive/InteractiveElementNamedSkill.cs:32	1	nameId:uint
InteractiveElementSkill	219	refs/Symbioz-2.38/Symbioz.Protocol/Types/game/interactive/InteractiveElementSkill.cs:32	2	skillId:uint;skillInstanceUid:int
InteractiveElementWithAgeBonus	398	refs/Symbioz-2.38/Symbioz.Protocol/Types/game/interactive/InteractiveElementWithAgeBonus.cs:32	1	ageBonus:short
MapObstacle	200	refs/Symbioz-2.38/Symbioz.Protocol/Types/game/interactive/MapObstacle.cs:32	2	obstacleCellId:ushort;state:sbyte
StatedElement	108	refs/Symbioz-2.38/Symbioz.Protocol/Types/game/interactive/StatedElement.cs:32	4	elementId:int;elementCellId:ushort;elementState:uint;onCurrentMap:bool
SkillActionDescription	102	refs/Symbioz-2.38/Symbioz.Protocol/Types/game/interactive/skill/SkillActionDescription.cs:32	1	skillId:ushort
SkillActionDescriptionCollect	99	refs/Symbioz-2.38/Symbioz.Protocol/Types/game/interactive/skill/SkillActionDescriptionCollect.cs:32	2	min:ushort;max:ushort
SkillActionDescriptionCraft	100	refs/Symbioz-2.38/Symbioz.Protocol/Types/game/interactive/skill/SkillActionDescriptionCraft.cs:32	1	probability:sbyte
SkillActionDescriptionTimed	103	refs/Symbioz-2.38/Symbioz.Protocol/Types/game/interactive/skill/SkillActionDescriptionTimed.cs:32	1	time:byte
IdolsPreset	491	refs/Symbioz-2.38/Symbioz.Protocol/Types/game/inventory/preset/IdolsPreset.cs:32	3	presetId:sbyte;symbolId:sbyte;idolId:ushort[]
Preset	355	refs/Symbioz-2.38/Symbioz.Protocol/Types/game/inventory/preset/Preset.cs:32	4	presetId:sbyte;symbolId:sbyte;mount:bool;objects:PresetItem[]
PresetItem	354	refs/Symbioz-2.38/Symbioz.Protocol/Types/game/inventory/preset/PresetItem.cs:32	3	position:byte;objGid:ushort;objUid:uint
EntityLook	55	refs/Symbioz-2.38/Symbioz.Protocol/Types/game/look/EntityLook.cs:32	5	bonesId:ushort;skins:ushort[];indexedColors:int[];scales:short[];subentities:SubEntity[]
IndexedEntityLook	405	refs/Symbioz-2.38/Symbioz.Protocol/Types/game/look/IndexedEntityLook.cs:32	2	look:EntityLook;index:sbyte
SubEntity	54	refs/Symbioz-2.38/Symbioz.Protocol/Types/game/look/SubEntity.cs:32	3	bindingPointCategory:sbyte;bindingPointIndex:sbyte;subEntityLook:EntityLook
ItemDurability	168	refs/Symbioz-2.38/Symbioz.Protocol/Types/game/mount/ItemDurability.cs:32	2	durability:short;durabilityMax:short
MountClientData	178	refs/Symbioz-2.38/Symbioz.Protocol/Types/game/mount/MountClientData.cs:32	34	sex:bool;isRideable:bool;isWild:bool;isFecondationReady:bool;useHarnessColors:bool;id:double;model:uint;ancestor:int[];behaviors:int[];name:string;ownerId:int;experience:ulong;experienceForLevel:ulong;experienceForNextLevel:double;level:sbyte;maxPods:uint;stamina:uint;staminaMax:uint;maturity:uint;maturityForAdult:uint;energy:uint;energyMax:uint;serenity:int;aggressivityMax:int;serenityMax:uint;love:uint;loveMax:uint;fecondationTime:int;boostLimiter:int;boostMax:double;reproductionCount:int;reproductionCountMax:uint;harnessGID:uint;effectList:Types.ObjectEffectInteger[]
UpdateMountBoost	356	refs/Symbioz-2.38/Symbioz.Protocol/Types/game/mount/UpdateMountBoost.cs:32	1	type:sbyte
UpdateMountIntBoost	357	refs/Symbioz-2.38/Symbioz.Protocol/Types/game/mount/UpdateMountIntBoost.cs:32	1	value:int
MountInformationsForPaddock	184	refs/Symbioz-2.38/Symbioz.Protocol/Types/game/paddock/MountInformationsForPaddock.cs:32	3	modelId:sbyte;name:string;ownerName:string
PaddockAbandonnedInformations	133	refs/Symbioz-2.38/Symbioz.Protocol/Types/game/paddock/PaddockAbandonnedInformations.cs:32	1	guildId:int
PaddockBuyableInformations	130	refs/Symbioz-2.38/Symbioz.Protocol/Types/game/paddock/PaddockBuyableInformations.cs:32	2	price:uint;locked:bool
PaddockContentInformations	183	refs/Symbioz-2.38/Symbioz.Protocol/Types/game/paddock/PaddockContentInformations.cs:32	7	paddockId:int;worldX:short;worldY:short;mapId:int;subAreaId:ushort;abandonned:bool;mountsInformations:MountInformationsForPaddock[]
PaddockInformations	132	refs/Symbioz-2.38/Symbioz.Protocol/Types/game/paddock/PaddockInformations.cs:32	2	maxOutdoorMount:ushort;maxItems:ushort
PaddockInformationsForSell	222	refs/Symbioz-2.38/Symbioz.Protocol/Types/game/paddock/PaddockInformationsForSell.cs:32	7	guildOwner:string;worldX:short;worldY:short;subAreaId:ushort;nbMount:sbyte;nbObject:sbyte;price:uint
PaddockItem	185	refs/Symbioz-2.38/Symbioz.Protocol/Types/game/paddock/PaddockItem.cs:32	1	durability:Types.ItemDurability
PaddockPrivateInformations	131	refs/Symbioz-2.38/Symbioz.Protocol/Types/game/paddock/PaddockPrivateInformations.cs:32	1	guildInfo:Types.GuildInformations
AllianceInsiderPrismInformation	431	refs/Symbioz-2.38/Symbioz.Protocol/Types/game/prism/AllianceInsiderPrismInformation.cs:32	5	lastTimeSlotModificationDate:int;lastTimeSlotModificationAuthorGuildId:uint;lastTimeSlotModificationAuthorId:ulong;lastTimeSlotModificationAuthorName:string;modulesObjects:Types.ObjectItem[]
AlliancePrismInformation	427	refs/Symbioz-2.38/Symbioz.Protocol/Types/game/prism/AlliancePrismInformation.cs:32	1	alliance:Types.AllianceInformations
PrismFightersInformation	443	refs/Symbioz-2.38/Symbioz.Protocol/Types/game/prism/PrismFightersInformation.cs:32	4	subAreaId:ushort;waitingForHelpInfo:Types.ProtectedEntityWaitingForHelpInfo;allyCharactersInformations:Types.CharacterMinimalPlusLookInformations[];enemyCharactersInformations:Types.CharacterMinimalPlusLookInformations[]
PrismGeolocalizedInformation	434	refs/Symbioz-2.38/Symbioz.Protocol/Types/game/prism/PrismGeolocalizedInformation.cs:32	4	worldX:short;worldY:short;mapId:int;prism:PrismInformation
PrismInformation	428	refs/Symbioz-2.38/Symbioz.Protocol/Types/game/prism/PrismInformation.cs:32	5	typeId:sbyte;state:sbyte;nextVulnerabilityDate:int;placementDate:int;rewardTokenCount:uint
PrismSubareaEmptyInfo	438	refs/Symbioz-2.38/Symbioz.Protocol/Types/game/prism/PrismSubareaEmptyInfo.cs:32	2	subAreaId:ushort;allianceId:uint
Shortcut	369	refs/Symbioz-2.38/Symbioz.Protocol/Types/game/shortcut/Shortcut.cs:32	1	slot:sbyte
ShortcutEmote	389	refs/Symbioz-2.38/Symbioz.Protocol/Types/game/shortcut/ShortcutEmote.cs:32	1	emoteId:byte
ShortcutObject	367	refs/Symbioz-2.38/Symbioz.Protocol/Types/game/shortcut/ShortcutObject.cs:32	0	
ShortcutObjectIdolsPreset	492	refs/Symbioz-2.38/Symbioz.Protocol/Types/game/shortcut/ShortcutObjectIdolsPreset.cs:32	1	presetId:sbyte
ShortcutObjectItem	371	refs/Symbioz-2.38/Symbioz.Protocol/Types/game/shortcut/ShortcutObjectItem.cs:32	2	itemUID:int;itemGID:int
ShortcutObjectPreset	370	refs/Symbioz-2.38/Symbioz.Protocol/Types/game/shortcut/ShortcutObjectPreset.cs:32	1	presetId:sbyte
ShortcutSmiley	388	refs/Symbioz-2.38/Symbioz.Protocol/Types/game/shortcut/ShortcutSmiley.cs:32	1	smileyId:ushort
ShortcutSpell	368	refs/Symbioz-2.38/Symbioz.Protocol/Types/game/shortcut/ShortcutSpell.cs:32	1	spellId:ushort
AbstractSocialGroupInfos	416	refs/Symbioz-2.38/Symbioz.Protocol/Types/game/social/AbstractSocialGroupInfos.cs:32	0	
AllianceFactSheetInformations	421	refs/Symbioz-2.38/Symbioz.Protocol/Types/game/social/AllianceFactSheetInformations.cs:32	1	creationDate:int
AllianceVersatileInformations	432	refs/Symbioz-2.38/Symbioz.Protocol/Types/game/social/AllianceVersatileInformations.cs:32	4	allianceId:uint;nbGuilds:ushort;nbMembers:ushort;nbSubarea:ushort
AlliancedGuildFactSheetInformations	422	refs/Symbioz-2.38/Symbioz.Protocol/Types/game/social/AlliancedGuildFactSheetInformations.cs:32	1	allianceInfos:Types.BasicNamedAllianceInformations
GuildFactSheetInformations	424	refs/Symbioz-2.38/Symbioz.Protocol/Types/game/social/GuildFactSheetInformations.cs:32	2	leaderId:ulong;nbMembers:ushort
GuildInAllianceVersatileInformations	437	refs/Symbioz-2.38/Symbioz.Protocol/Types/game/social/GuildInAllianceVersatileInformations.cs:32	1	allianceId:uint
GuildInsiderFactSheetInformations	423	refs/Symbioz-2.38/Symbioz.Protocol/Types/game/social/GuildInsiderFactSheetInformations.cs:32	5	leaderName:string;nbConnectedMembers:ushort;nbTaxCollectors:sbyte;lastActivity:int;enabled:bool
GuildVersatileInformations	435	refs/Symbioz-2.38/Symbioz.Protocol/Types/game/social/GuildVersatileInformations.cs:32	4	guildId:uint;leaderId:ulong;guildLevel:byte;nbMembers:byte
StartupActionAddObject	52	refs/Symbioz-2.38/Symbioz.Protocol/Types/game/startup/StartupActionAddObject.cs:32	6	uid:int;title:string;text:string;descUrl:string;pictureUrl:string;items:Types.ObjectItemInformationWithQuantity[]
TrustCertificate	377	refs/Symbioz-2.38/Symbioz.Protocol/Types/secure/TrustCertificate.cs:32	2	id:int;hash:string
ContentPart	350	refs/Symbioz-2.38/Symbioz.Protocol/Types/updater/ContentPart.cs:32	2	id:string;state:sbyte
Version	11	refs/Symbioz-2.38/Symbioz.Protocol/Types/version/Version.cs:32	6	major:sbyte;minor:sbyte;release:sbyte;revision:int;patch:sbyte;buildType:sbyte
VersionExtended	393	refs/Symbioz-2.38/Symbioz.Protocol/Types/version/VersionExtended.cs:32	2	install:sbyte;technology:sbyte
KrosmasterFigure	397	refs/Symbioz-2.38/Symbioz.Protocol/Types/web/krosmaster/KrosmasterFigure.cs:32	4	uid:string;figure:ushort;pedestal:ushort;bound:bool
