message_nom	protocol_id	fichier:ligne	nb_champs	champs
ClearIdentificationMessage	888	refs/dofus-emu-dev/DofusProtocol/Messages/Custom/ClearIdentificationMessage.cs:7	7	autoconnect:bool;lang:string;username:string;password:string;serverId:short;serverIp:string;hardwareId:string
RawDataMessageFixed	6253	refs/dofus-emu-dev/DofusProtocol/Messages/Custom/RawDataMessageFixed.cs:41	1	content:byte[]
AdminCommandMessage	9773	refs/dofus-emu-dev/DofusProtocol/Messages/Messages/authorized/AdminCommandMessage.cs:15	2	messageUuid:Types.Uuid;content:string
AdminQuietCommandMessage	8282	refs/dofus-emu-dev/DofusProtocol/Messages/Messages/authorized/AdminQuietCommandMessage.cs:15	0	
ConsoleCommandsListMessage	869	refs/dofus-emu-dev/DofusProtocol/Messages/Messages/authorized/ConsoleCommandsListMessage.cs:15	3	aliases:IEnumerable<string>;args:IEnumerable<string>;descriptions:IEnumerable<string>
ConsoleEndMessage	9802	refs/dofus-emu-dev/DofusProtocol/Messages/Messages/authorized/ConsoleEndMessage.cs:15	2	consoleUuid:Types.Uuid;isSuccess:bool
ConsoleMessage	7923	refs/dofus-emu-dev/DofusProtocol/Messages/Messages/authorized/ConsoleMessage.cs:15	2	type:sbyte;content:string
NetworkDataContainerMessage	2	refs/dofus-emu-dev/DofusProtocol/Messages/Messages/common/NetworkDataContainerMessage.cs:15	0	
BasicPingMessage	7461	refs/dofus-emu-dev/DofusProtocol/Messages/Messages/common/basic/BasicPingMessage.cs:15	1	quiet:bool
BasicPongMessage	4877	refs/dofus-emu-dev/DofusProtocol/Messages/Messages/common/basic/BasicPongMessage.cs:15	1	quiet:bool
BasicStatMessage	2233	refs/dofus-emu-dev/DofusProtocol/Messages/Messages/common/basic/BasicStatMessage.cs:15	2	timeSpent:double;statId:short
BasicStatWithDataMessage	6918	refs/dofus-emu-dev/DofusProtocol/Messages/Messages/common/basic/BasicStatWithDataMessage.cs:15	1	datas:IEnumerable<Types.StatisticData>
CredentialsAcknowledgementMessage	7628	refs/dofus-emu-dev/DofusProtocol/Messages/Messages/connection/CredentialsAcknowledgementMessage.cs:15	0	
ForceAccountErrorMessage	5352	refs/dofus-emu-dev/DofusProtocol/Messages/Messages/connection/ForceAccountErrorMessage.cs:15	0	
ForceAccountMessage	5654	refs/dofus-emu-dev/DofusProtocol/Messages/Messages/connection/ForceAccountMessage.cs:15	1	accountId:int
ForceAccountStatusMessage	25	refs/dofus-emu-dev/DofusProtocol/Messages/Messages/connection/ForceAccountStatusMessage.cs:15	4	force:bool;forcedAccountId:int;forcedNickname:string;forcedTag:string
HelloConnectMessage	5586	refs/dofus-emu-dev/DofusProtocol/Messages/Messages/connection/HelloConnectMessage.cs:15	2	salt:string;key:IEnumerable<sbyte>
IdentificationFailedBannedMessage	8668	refs/dofus-emu-dev/DofusProtocol/Messages/Messages/connection/IdentificationFailedBannedMessage.cs:15	1	banEndDate:double
IdentificationFailedForBadVersionMessage	4124	refs/dofus-emu-dev/DofusProtocol/Messages/Messages/connection/IdentificationFailedForBadVersionMessage.cs:15	1	requiredVersion:Types.Version
IdentificationFailedMessage	4567	refs/dofus-emu-dev/DofusProtocol/Messages/Messages/connection/IdentificationFailedMessage.cs:15	1	reason:sbyte
IdentificationMessage	9262	refs/dofus-emu-dev/DofusProtocol/Messages/Messages/connection/IdentificationMessage.cs:15	9	autoconnect:bool;useCertificate:bool;useLoginToken:bool;version:Types.Version;lang:string;credentials:IEnumerable<sbyte>;serverId:short;sessionOptionalSalt:long;failedAttempts:IEnumerable<short>
IdentificationSuccessMessage	6104	refs/dofus-emu-dev/DofusProtocol/Messages/Messages/connection/IdentificationSuccessMessage.cs:15	11	hasRights:bool;hasReportRight:bool;hasForceRight:bool;wasAlreadyConnected:bool;login:string;accountTag:Types.AccountTagInformation;accountId:int;communityId:sbyte;accountCreation:double;subscriptionEndDate:double;havenbagAvailableRoom:sbyte
IdentificationSuccessWithLoginTokenMessage	3224	refs/dofus-emu-dev/DofusProtocol/Messages/Messages/connection/IdentificationSuccessWithLoginTokenMessage.cs:15	1	loginToken:string
MigratedServerListMessage	2491	refs/dofus-emu-dev/DofusProtocol/Messages/Messages/connection/MigratedServerListMessage.cs:15	1	migratedServerIds:IEnumerable<short>
ReleaseAccountMessage	3259	refs/dofus-emu-dev/DofusProtocol/Messages/Messages/connection/ReleaseAccountMessage.cs:15	0	
SelectedServerDataExtendedMessage	7269	refs/dofus-emu-dev/DofusProtocol/Messages/Messages/connection/SelectedServerDataExtendedMessage.cs:15	1	servers:IEnumerable<Types.GameServerInformations>
SelectedServerDataMessage	4944	refs/dofus-emu-dev/DofusProtocol/Messages/Messages/connection/SelectedServerDataMessage.cs:15	5	serverId:short;address:string;ports:IEnumerable<short>;canCreateNewCharacter:bool;ticket:IEnumerable<sbyte>
SelectedServerRefusedMessage	277	refs/dofus-emu-dev/DofusProtocol/Messages/Messages/connection/SelectedServerRefusedMessage.cs:15	3	serverId:short;error:sbyte;serverStatus:sbyte
ServerSelectionMessage	4134	refs/dofus-emu-dev/DofusProtocol/Messages/Messages/connection/ServerSelectionMessage.cs:15	1	serverId:short
ServerStatusUpdateMessage	4424	refs/dofus-emu-dev/DofusProtocol/Messages/Messages/connection/ServerStatusUpdateMessage.cs:15	1	server:Types.GameServerInformations
ServersListMessage	9500	refs/dofus-emu-dev/DofusProtocol/Messages/Messages/connection/ServersListMessage.cs:15	2	servers:IEnumerable<Types.GameServerInformations>;canCreateNewCharacter:bool
AccountLinkRequiredMessage	590	refs/dofus-emu-dev/DofusProtocol/Messages/Messages/connection/register/AccountLinkRequiredMessage.cs:15	0	
NicknameAcceptedMessage	8083	refs/dofus-emu-dev/DofusProtocol/Messages/Messages/connection/register/NicknameAcceptedMessage.cs:15	0	
NicknameChoiceRequestMessage	4608	refs/dofus-emu-dev/DofusProtocol/Messages/Messages/connection/register/NicknameChoiceRequestMessage.cs:15	1	nickname:string
NicknameRefusedMessage	4482	refs/dofus-emu-dev/DofusProtocol/Messages/Messages/connection/register/NicknameRefusedMessage.cs:15	1	reason:sbyte
NicknameRegistrationMessage	8872	refs/dofus-emu-dev/DofusProtocol/Messages/Messages/connection/register/NicknameRegistrationMessage.cs:15	0	
AcquaintanceSearchErrorMessage	2291	refs/dofus-emu-dev/DofusProtocol/Messages/Messages/connection/search/AcquaintanceSearchErrorMessage.cs:15	1	reason:sbyte
AcquaintanceSearchMessage	1642	refs/dofus-emu-dev/DofusProtocol/Messages/Messages/connection/search/AcquaintanceSearchMessage.cs:15	1	tag:Types.AccountTagInformation
AcquaintanceServerListMessage	8632	refs/dofus-emu-dev/DofusProtocol/Messages/Messages/connection/search/AcquaintanceServerListMessage.cs:15	1	servers:IEnumerable<short>
DebugClearHighlightCellsMessage	3737	refs/dofus-emu-dev/DofusProtocol/Messages/Messages/debug/DebugClearHighlightCellsMessage.cs:15	0	
DebugHighlightCellsMessage	9357	refs/dofus-emu-dev/DofusProtocol/Messages/Messages/debug/DebugHighlightCellsMessage.cs:15	2	color:double;cells:IEnumerable<short>
DebugInClientMessage	6256	refs/dofus-emu-dev/DofusProtocol/Messages/Messages/debug/DebugInClientMessage.cs:15	2	level:sbyte;message:string
PaginationAnswerAbstractMessage	1468	refs/dofus-emu-dev/DofusProtocol/Messages/Messages/game/PaginationAnswerAbstractMessage.cs:15	3	offset:double;count:uint;total:uint
PaginationRequestAbstractMessage	6633	refs/dofus-emu-dev/DofusProtocol/Messages/Messages/game/PaginationRequestAbstractMessage.cs:15	2	offset:double;count:uint
AchievementAlmostFinishedDetailedListMessage	1205	refs/dofus-emu-dev/DofusProtocol/Messages/Messages/game/achievement/AchievementAlmostFinishedDetailedListMessage.cs:15	1	almostFinishedAchievements:IEnumerable<Types.Achievement>
AchievementAlmostFinishedDetailedListRequestMessage	9909	refs/dofus-emu-dev/DofusProtocol/Messages/Messages/game/achievement/AchievementAlmostFinishedDetailedListRequestMessage.cs:15	0	
AchievementDetailedListMessage	2020	refs/dofus-emu-dev/DofusProtocol/Messages/Messages/game/achievement/AchievementDetailedListMessage.cs:15	2	startedAchievements:IEnumerable<Types.Achievement>;finishedAchievements:IEnumerable<Types.Achievement>
AchievementDetailedListRequestMessage	7960	refs/dofus-emu-dev/DofusProtocol/Messages/Messages/game/achievement/AchievementDetailedListRequestMessage.cs:15	1	categoryId:short
AchievementDetailsMessage	2058	refs/dofus-emu-dev/DofusProtocol/Messages/Messages/game/achievement/AchievementDetailsMessage.cs:15	1	achievement:Types.Achievement
AchievementDetailsRequestMessage	7495	refs/dofus-emu-dev/DofusProtocol/Messages/Messages/game/achievement/AchievementDetailsRequestMessage.cs:15	1	achievementId:short
AchievementFinishedInformationMessage	1898	refs/dofus-emu-dev/DofusProtocol/Messages/Messages/game/achievement/AchievementFinishedInformationMessage.cs:15	2	name:string;playerId:long
AchievementFinishedMessage	1474	refs/dofus-emu-dev/DofusProtocol/Messages/Messages/game/achievement/AchievementFinishedMessage.cs:15	1	achievement:Types.AchievementAchievedRewardable
AchievementListMessage	9652	refs/dofus-emu-dev/DofusProtocol/Messages/Messages/game/achievement/AchievementListMessage.cs:15	1	finishedAchievements:IEnumerable<Types.AchievementAchieved>
AchievementRewardErrorMessage	3079	refs/dofus-emu-dev/DofusProtocol/Messages/Messages/game/achievement/AchievementRewardErrorMessage.cs:15	1	achievementId:short
AchievementRewardRequestMessage	1789	refs/dofus-emu-dev/DofusProtocol/Messages/Messages/game/achievement/AchievementRewardRequestMessage.cs:15	1	achievementId:short
AchievementRewardSuccessMessage	1060	refs/dofus-emu-dev/DofusProtocol/Messages/Messages/game/achievement/AchievementRewardSuccessMessage.cs:15	1	achievementId:short
AchievementsPioneerRanksMessage	3443	refs/dofus-emu-dev/DofusProtocol/Messages/Messages/game/achievement/AchievementsPioneerRanksMessage.cs:15	1	achievementsPioneerRanks:IEnumerable<Types.AchievementPioneerRank>
AchievementsPioneerRanksRequestMessage	518	refs/dofus-emu-dev/DofusProtocol/Messages/Messages/game/achievement/AchievementsPioneerRanksRequestMessage.cs:15	0	
FriendGuildSetWarnOnAchievementCompleteMessage	2747	refs/dofus-emu-dev/DofusProtocol/Messages/Messages/game/achievement/FriendGuildSetWarnOnAchievementCompleteMessage.cs:15	1	enable:bool
FriendGuildWarnOnAchievementCompleteStateMessage	1328	refs/dofus-emu-dev/DofusProtocol/Messages/Messages/game/achievement/FriendGuildWarnOnAchievementCompleteStateMessage.cs:15	1	enable:bool
AbstractGameActionMessage	9631	refs/dofus-emu-dev/DofusProtocol/Messages/Messages/game/actions/AbstractGameActionMessage.cs:15	2	actionId:short;sourceId:double
AbstractGameActionWithAckMessage	1587	refs/dofus-emu-dev/DofusProtocol/Messages/Messages/game/actions/AbstractGameActionWithAckMessage.cs:15	1	waitAckId:short
GameActionAcknowledgementMessage	5751	refs/dofus-emu-dev/DofusProtocol/Messages/Messages/game/actions/GameActionAcknowledgementMessage.cs:15	2	valid:bool;actionId:sbyte
GameActionNoopMessage	116	refs/dofus-emu-dev/DofusProtocol/Messages/Messages/game/actions/GameActionNoopMessage.cs:15	0	
GameActionSpamMessage	9805	refs/dofus-emu-dev/DofusProtocol/Messages/Messages/game/actions/GameActionSpamMessage.cs:15	1	cells:IEnumerable<short>
AbstractGameActionFightTargetedAbilityMessage	5172	refs/dofus-emu-dev/DofusProtocol/Messages/Messages/game/actions/fight/AbstractGameActionFightTargetedAbilityMessage.cs:15	5	silentCast:bool;verboseCast:bool;targetId:double;destinationCellId:short;critical:sbyte
GameActionFightActivateGlyphTrapMessage	5706	refs/dofus-emu-dev/DofusProtocol/Messages/Messages/game/actions/fight/GameActionFightActivateGlyphTrapMessage.cs:15	2	markId:short;active:bool
GameActionFightCarryCharacterMessage	5771	refs/dofus-emu-dev/DofusProtocol/Messages/Messages/game/actions/fight/GameActionFightCarryCharacterMessage.cs:15	2	targetId:double;cellId:short
GameActionFightCastOnTargetRequestMessage	6910	refs/dofus-emu-dev/DofusProtocol/Messages/Messages/game/actions/fight/GameActionFightCastOnTargetRequestMessage.cs:15	2	spellId:short;targetId:double
GameActionFightCastRequestMessage	6438	refs/dofus-emu-dev/DofusProtocol/Messages/Messages/game/actions/fight/GameActionFightCastRequestMessage.cs:15	2	spellId:short;cellId:short
GameActionFightChangeLookMessage	1629	refs/dofus-emu-dev/DofusProtocol/Messages/Messages/game/actions/fight/GameActionFightChangeLookMessage.cs:15	2	targetId:double;entityLook:Types.EntityLook
GameActionFightCloseCombatMessage	2405	refs/dofus-emu-dev/DofusProtocol/Messages/Messages/game/actions/fight/GameActionFightCloseCombatMessage.cs:15	1	weaponGenericId:int
GameActionFightDeathMessage	9724	refs/dofus-emu-dev/DofusProtocol/Messages/Messages/game/actions/fight/GameActionFightDeathMessage.cs:15	1	targetId:double
GameActionFightDispellEffectMessage	8550	refs/dofus-emu-dev/DofusProtocol/Messages/Messages/game/actions/fight/GameActionFightDispellEffectMessage.cs:15	1	boostUID:int
GameActionFightDispellMessage	9152	refs/dofus-emu-dev/DofusProtocol/Messages/Messages/game/actions/fight/GameActionFightDispellMessage.cs:15	2	targetId:double;verboseCast:bool
GameActionFightDispellSpellMessage	4714	refs/dofus-emu-dev/DofusProtocol/Messages/Messages/game/actions/fight/GameActionFightDispellSpellMessage.cs:15	1	spellId:short
GameActionFightDispellableEffectMessage	3071	refs/dofus-emu-dev/DofusProtocol/Messages/Messages/game/actions/fight/GameActionFightDispellableEffectMessage.cs:15	1	effect:Types.AbstractFightDispellableEffect
GameActionFightDodgePointLossMessage	7515	refs/dofus-emu-dev/DofusProtocol/Messages/Messages/game/actions/fight/GameActionFightDodgePointLossMessage.cs:15	2	targetId:double;amount:short
GameActionFightDropCharacterMessage	8009	refs/dofus-emu-dev/DofusProtocol/Messages/Messages/game/actions/fight/GameActionFightDropCharacterMessage.cs:15	2	targetId:double;cellId:short
GameActionFightExchangePositionsMessage	8976	refs/dofus-emu-dev/DofusProtocol/Messages/Messages/game/actions/fight/GameActionFightExchangePositionsMessage.cs:15	3	targetId:double;casterCellId:short;targetCellId:short
GameActionFightInvisibilityMessage	2495	refs/dofus-emu-dev/DofusProtocol/Messages/Messages/game/actions/fight/GameActionFightInvisibilityMessage.cs:15	2	targetId:double;state:sbyte
GameActionFightInvisibleDetectedMessage	7285	refs/dofus-emu-dev/DofusProtocol/Messages/Messages/game/actions/fight/GameActionFightInvisibleDetectedMessage.cs:15	2	targetId:double;cellId:short
GameActionFightKillMessage	6293	refs/dofus-emu-dev/DofusProtocol/Messages/Messages/game/actions/fight/GameActionFightKillMessage.cs:15	1	targetId:double
GameActionFightLifeAndShieldPointsLostMessage	5703	refs/dofus-emu-dev/DofusProtocol/Messages/Messages/game/actions/fight/GameActionFightLifeAndShieldPointsLostMessage.cs:15	1	shieldLoss:short
GameActionFightLifePointsGainMessage	6590	refs/dofus-emu-dev/DofusProtocol/Messages/Messages/game/actions/fight/GameActionFightLifePointsGainMessage.cs:15	2	targetId:double;delta:int
GameActionFightLifePointsLostMessage	6444	refs/dofus-emu-dev/DofusProtocol/Messages/Messages/game/actions/fight/GameActionFightLifePointsLostMessage.cs:15	4	targetId:double;loss:int;permanentDamages:int;elementId:int
GameActionFightMarkCellsMessage	432	refs/dofus-emu-dev/DofusProtocol/Messages/Messages/game/actions/fight/GameActionFightMarkCellsMessage.cs:15	1	mark:Types.GameActionMark
GameActionFightModifyEffectsDurationMessage	9731	refs/dofus-emu-dev/DofusProtocol/Messages/Messages/game/actions/fight/GameActionFightModifyEffectsDurationMessage.cs:15	2	targetId:double;delta:short
GameActionFightMultipleSummonMessage	8549	refs/dofus-emu-dev/DofusProtocol/Messages/Messages/game/actions/fight/GameActionFightMultipleSummonMessage.cs:15	1	summons:IEnumerable<Types.GameContextSummonsInformation>
GameActionFightNoSpellCastMessage	393	refs/dofus-emu-dev/DofusProtocol/Messages/Messages/game/actions/fight/GameActionFightNoSpellCastMessage.cs:15	1	spellLevelId:int
GameActionFightPointsVariationMessage	8927	refs/dofus-emu-dev/DofusProtocol/Messages/Messages/game/actions/fight/GameActionFightPointsVariationMessage.cs:15	2	targetId:double;delta:short
GameActionFightReduceDamagesMessage	1547	refs/dofus-emu-dev/DofusProtocol/Messages/Messages/game/actions/fight/GameActionFightReduceDamagesMessage.cs:15	2	targetId:double;amount:int
GameActionFightReflectDamagesMessage	7259	refs/dofus-emu-dev/DofusProtocol/Messages/Messages/game/actions/fight/GameActionFightReflectDamagesMessage.cs:15	1	targetId:double
GameActionFightReflectSpellMessage	2356	refs/dofus-emu-dev/DofusProtocol/Messages/Messages/game/actions/fight/GameActionFightReflectSpellMessage.cs:15	1	targetId:double
GameActionFightSlideMessage	7006	refs/dofus-emu-dev/DofusProtocol/Messages/Messages/game/actions/fight/GameActionFightSlideMessage.cs:15	3	targetId:double;startCellId:short;endCellId:short
GameActionFightSpellCastMessage	2679	refs/dofus-emu-dev/DofusProtocol/Messages/Messages/game/actions/fight/GameActionFightSpellCastMessage.cs:15	3	spellId:short;spellLevel:short;portalsIds:IEnumerable<short>
GameActionFightSpellCooldownVariationMessage	766	refs/dofus-emu-dev/DofusProtocol/Messages/Messages/game/actions/fight/GameActionFightSpellCooldownVariationMessage.cs:15	3	targetId:double;spellId:short;value:short
GameActionFightSpellImmunityMessage	276	refs/dofus-emu-dev/DofusProtocol/Messages/Messages/game/actions/fight/GameActionFightSpellImmunityMessage.cs:15	2	targetId:double;spellId:short
GameActionFightStealKamaMessage	6352	refs/dofus-emu-dev/DofusProtocol/Messages/Messages/game/actions/fight/GameActionFightStealKamaMessage.cs:15	2	targetId:double;amount:long
GameActionFightSummonMessage	7363	refs/dofus-emu-dev/DofusProtocol/Messages/Messages/game/actions/fight/GameActionFightSummonMessage.cs:15	1	summons:IEnumerable<Types.GameFightFighterInformations>
GameActionFightTackledMessage	3805	refs/dofus-emu-dev/DofusProtocol/Messages/Messages/game/actions/fight/GameActionFightTackledMessage.cs:15	1	tacklersIds:IEnumerable<double>
GameActionFightTeleportOnSameMapMessage	9922	refs/dofus-emu-dev/DofusProtocol/Messages/Messages/game/actions/fight/GameActionFightTeleportOnSameMapMessage.cs:15	2	targetId:double;cellId:short
GameActionFightThrowCharacterMessage	8659	refs/dofus-emu-dev/DofusProtocol/Messages/Messages/game/actions/fight/GameActionFightThrowCharacterMessage.cs:15	2	targetId:double;cellId:short
GameActionFightTriggerEffectMessage	8838	refs/dofus-emu-dev/DofusProtocol/Messages/Messages/game/actions/fight/GameActionFightTriggerEffectMessage.cs:15	0	
GameActionFightTriggerGlyphTrapMessage	6199	refs/dofus-emu-dev/DofusProtocol/Messages/Messages/game/actions/fight/GameActionFightTriggerGlyphTrapMessage.cs:15	4	markId:short;markImpactCell:short;triggeringCharacterId:double;triggeredSpellId:short
GameActionFightUnmarkCellsMessage	9827	refs/dofus-emu-dev/DofusProtocol/Messages/Messages/game/actions/fight/GameActionFightUnmarkCellsMessage.cs:15	1	markId:short
GameActionFightVanishMessage	5071	refs/dofus-emu-dev/DofusProtocol/Messages/Messages/game/actions/fight/GameActionFightVanishMessage.cs:15	1	targetId:double
GameActionUpdateEffectTriggerCountMessage	6014	refs/dofus-emu-dev/DofusProtocol/Messages/Messages/game/actions/fight/GameActionUpdateEffectTriggerCountMessage.cs:15	1	targetIds:IEnumerable<Types.GameFightEffectTriggerCount>
SequenceEndMessage	1586	refs/dofus-emu-dev/DofusProtocol/Messages/Messages/game/actions/sequence/SequenceEndMessage.cs:15	3	actionId:short;authorId:double;sequenceType:sbyte
SequenceStartMessage	7231	refs/dofus-emu-dev/DofusProtocol/Messages/Messages/game/actions/sequence/SequenceStartMessage.cs:15	2	sequenceType:sbyte;authorId:double
AllianceAllRanksUpdateRequestMessage	1620	refs/dofus-emu-dev/DofusProtocol/Messages/Messages/game/alliance/AllianceAllRanksUpdateRequestMessage.cs:15	1	ranks:IEnumerable<Types.RankInformation>
AllianceBulletinMessage	8751	refs/dofus-emu-dev/DofusProtocol/Messages/Messages/game/alliance/AllianceBulletinMessage.cs:15	0	
AllianceBulletinSetErrorMessage	8685	refs/dofus-emu-dev/DofusProtocol/Messages/Messages/game/alliance/AllianceBulletinSetErrorMessage.cs:15	0	
AllianceBulletinSetRequestMessage	5995	refs/dofus-emu-dev/DofusProtocol/Messages/Messages/game/alliance/AllianceBulletinSetRequestMessage.cs:15	1	content:string
AllianceChangeMemberRankMessage	1892	refs/dofus-emu-dev/DofusProtocol/Messages/Messages/game/alliance/AllianceChangeMemberRankMessage.cs:15	2	memberId:long;rankId:int
AllianceCreationResultMessage	7302	refs/dofus-emu-dev/DofusProtocol/Messages/Messages/game/alliance/AllianceCreationResultMessage.cs:15	1	result:sbyte
AllianceCreationStartedMessage	6534	refs/dofus-emu-dev/DofusProtocol/Messages/Messages/game/alliance/AllianceCreationStartedMessage.cs:15	0	
AllianceCreationValidMessage	5413	refs/dofus-emu-dev/DofusProtocol/Messages/Messages/game/alliance/AllianceCreationValidMessage.cs:15	3	allianceName:string;allianceTag:string;allianceEmblem:Types.SocialEmblem
AllianceFactsErrorMessage	4210	refs/dofus-emu-dev/DofusProtocol/Messages/Messages/game/alliance/AllianceFactsErrorMessage.cs:15	1	allianceId:int
AllianceFactsMessage	9269	refs/dofus-emu-dev/DofusProtocol/Messages/Messages/game/alliance/AllianceFactsMessage.cs:15	5	infos:Types.AllianceFactSheetInformation;members:IEnumerable<Types.CharacterMinimalSocialPublicInformations>;controlledSubareaIds:IEnumerable<short>;leaderCharacterId:long;leaderCharacterName:string
AllianceFactsRequestMessage	593	refs/dofus-emu-dev/DofusProtocol/Messages/Messages/game/alliance/AllianceFactsRequestMessage.cs:15	1	allianceId:int
AllianceInsiderInfoMessage	4562	refs/dofus-emu-dev/DofusProtocol/Messages/Messages/game/alliance/AllianceInsiderInfoMessage.cs:15	4	allianceInfos:Types.AllianceFactSheetInformation;members:IEnumerable<Types.AllianceMemberInfo>;prisms:IEnumerable<Types.PrismGeolocalizedInformation>;taxCollectors:IEnumerable<Types.TaxCollectorInformations>
AllianceInsiderInfoRequestMessage	2763	refs/dofus-emu-dev/DofusProtocol/Messages/Messages/game/alliance/AllianceInsiderInfoRequestMessage.cs:15	0	
AllianceInvitationAnswerMessage	3558	refs/dofus-emu-dev/DofusProtocol/Messages/Messages/game/alliance/AllianceInvitationAnswerMessage.cs:15	1	accept:bool
AllianceInvitationMessage	5856	refs/dofus-emu-dev/DofusProtocol/Messages/Messages/game/alliance/AllianceInvitationMessage.cs:15	1	targetId:long
AllianceInvitationStateRecrutedMessage	7264	refs/dofus-emu-dev/DofusProtocol/Messages/Messages/game/alliance/AllianceInvitationStateRecrutedMessage.cs:15	1	invitationState:sbyte
AllianceInvitationStateRecruterMessage	6551	refs/dofus-emu-dev/DofusProtocol/Messages/Messages/game/alliance/AllianceInvitationStateRecruterMessage.cs:15	2	recrutedName:string;invitationState:sbyte
AllianceInvitedMessage	9032	refs/dofus-emu-dev/DofusProtocol/Messages/Messages/game/alliance/AllianceInvitedMessage.cs:15	2	recruterName:string;allianceInfo:Types.AllianceInformation
AllianceJoinAutomaticallyRequestMessage	468	refs/dofus-emu-dev/DofusProtocol/Messages/Messages/game/alliance/AllianceJoinAutomaticallyRequestMessage.cs:15	1	allianceId:int
AllianceJoinedMessage	5220	refs/dofus-emu-dev/DofusProtocol/Messages/Messages/game/alliance/AllianceJoinedMessage.cs:15	2	allianceInfo:Types.AllianceInformation;rankId:int
AllianceKickRequestMessage	4578	refs/dofus-emu-dev/DofusProtocol/Messages/Messages/game/alliance/AllianceKickRequestMessage.cs:15	1	kickedId:long
AllianceLeftMessage	6490	refs/dofus-emu-dev/DofusProtocol/Messages/Messages/game/alliance/AllianceLeftMessage.cs:15	0	
AllianceListMessage	9553	refs/dofus-emu-dev/DofusProtocol/Messages/Messages/game/alliance/AllianceListMessage.cs:15	1	alliances:IEnumerable<Types.AllianceFactSheetInformation>
AllianceMemberInformationUpdateMessage	3877	refs/dofus-emu-dev/DofusProtocol/Messages/Messages/game/alliance/AllianceMemberInformationUpdateMessage.cs:15	1	member:Types.AllianceMemberInfo
AllianceMemberLeavingMessage	626	refs/dofus-emu-dev/DofusProtocol/Messages/Messages/game/alliance/AllianceMemberLeavingMessage.cs:15	2	kicked:bool;memberId:long
AllianceMemberOnlineStatusMessage	5529	refs/dofus-emu-dev/DofusProtocol/Messages/Messages/game/alliance/AllianceMemberOnlineStatusMessage.cs:15	2	memberId:long;online:bool
AllianceMemberStartWarningOnConnectionMessage	3707	refs/dofus-emu-dev/DofusProtocol/Messages/Messages/game/alliance/AllianceMemberStartWarningOnConnectionMessage.cs:15	0	
AllianceMemberStopWarningOnConnectionMessage	1134	refs/dofus-emu-dev/DofusProtocol/Messages/Messages/game/alliance/AllianceMemberStopWarningOnConnectionMessage.cs:15	0	
AllianceMembershipMessage	3547	refs/dofus-emu-dev/DofusProtocol/Messages/Messages/game/alliance/AllianceMembershipMessage.cs:15	0	
AllianceModificationEmblemValidMessage	5179	refs/dofus-emu-dev/DofusProtocol/Messages/Messages/game/alliance/AllianceModificationEmblemValidMessage.cs:15	1	allianceEmblem:Types.SocialEmblem
AllianceModificationNameAndTagValidMessage	6811	refs/dofus-emu-dev/DofusProtocol/Messages/Messages/game/alliance/AllianceModificationNameAndTagValidMessage.cs:15	2	allianceName:string;allianceTag:string
AllianceModificationResultMessage	3693	refs/dofus-emu-dev/DofusProtocol/Messages/Messages/game/alliance/AllianceModificationResultMessage.cs:15	1	result:sbyte
AllianceModificationStartedMessage	2149	refs/dofus-emu-dev/DofusProtocol/Messages/Messages/game/alliance/AllianceModificationStartedMessage.cs:15	3	canChangeName:bool;canChangeTag:bool;canChangeEmblem:bool
AllianceModificationValidMessage	4239	refs/dofus-emu-dev/DofusProtocol/Messages/Messages/game/alliance/AllianceModificationValidMessage.cs:15	3	allianceName:string;allianceTag:string;allianceEmblem:Types.SocialEmblem
AllianceMotdMessage	4661	refs/dofus-emu-dev/DofusProtocol/Messages/Messages/game/alliance/AllianceMotdMessage.cs:15	0	
AllianceMotdSetErrorMessage	6006	refs/dofus-emu-dev/DofusProtocol/Messages/Messages/game/alliance/AllianceMotdSetErrorMessage.cs:15	0	
AllianceMotdSetRequestMessage	1488	refs/dofus-emu-dev/DofusProtocol/Messages/Messages/game/alliance/AllianceMotdSetRequestMessage.cs:15	1	content:string
AlliancePartialListMessage	4178	refs/dofus-emu-dev/DofusProtocol/Messages/Messages/game/alliance/AlliancePartialListMessage.cs:15	0	
AllianceRankCreateRequestMessage	9486	refs/dofus-emu-dev/DofusProtocol/Messages/Messages/game/alliance/AllianceRankCreateRequestMessage.cs:15	3	parentRankId:int;gfxId:int;name:string
AllianceRankRemoveRequestMessage	3428	refs/dofus-emu-dev/DofusProtocol/Messages/Messages/game/alliance/AllianceRankRemoveRequestMessage.cs:15	2	rankId:int;newRankId:int
AllianceRankUpdateRequestMessage	64	refs/dofus-emu-dev/DofusProtocol/Messages/Messages/game/alliance/AllianceRankUpdateRequestMessage.cs:15	1	rank:Types.RankInformation
AllianceRanksMessage	4427	refs/dofus-emu-dev/DofusProtocol/Messages/Messages/game/alliance/AllianceRanksMessage.cs:15	1	ranks:IEnumerable<Types.RankInformation>
AllianceRanksRequestMessage	7629	refs/dofus-emu-dev/DofusProtocol/Messages/Messages/game/alliance/AllianceRanksRequestMessage.cs:15	0	
AllianceRightsUpdateMessage	5154	refs/dofus-emu-dev/DofusProtocol/Messages/Messages/game/alliance/AllianceRightsUpdateMessage.cs:15	2	rankId:int;rights:IEnumerable<int>
KohUpdateMessage	1036	refs/dofus-emu-dev/DofusProtocol/Messages/Messages/game/alliance/KohUpdateMessage.cs:15	3	kohAllianceInfo:IEnumerable<Types.KohAllianceInfo>;startingAvaTimestamp:int;nextTickTime:double
KothEndMessage	506	refs/dofus-emu-dev/DofusProtocol/Messages/Messages/game/alliance/KothEndMessage.cs:15	1	winner:Types.KothWinner
AllianceApplicationAnswerMessage	9692	refs/dofus-emu-dev/DofusProtocol/Messages/Messages/game/alliance/application/AllianceApplicationAnswerMessage.cs:15	2	accepted:bool;playerId:long
AllianceApplicationDeletedMessage	8801	refs/dofus-emu-dev/DofusProtocol/Messages/Messages/game/alliance/application/AllianceApplicationDeletedMessage.cs:15	1	deleted:bool
AllianceApplicationIsAnsweredMessage	4844	refs/dofus-emu-dev/DofusProtocol/Messages/Messages/game/alliance/application/AllianceApplicationIsAnsweredMessage.cs:15	2	accepted:bool;allianceInformation:Types.AllianceInformation
AllianceApplicationListenMessage	8909	refs/dofus-emu-dev/DofusProtocol/Messages/Messages/game/alliance/application/AllianceApplicationListenMessage.cs:15	1	listen:bool
AllianceApplicationPresenceMessage	8886	refs/dofus-emu-dev/DofusProtocol/Messages/Messages/game/alliance/application/AllianceApplicationPresenceMessage.cs:15	1	isApplication:bool
AllianceApplicationReceivedMessage	1686	refs/dofus-emu-dev/DofusProtocol/Messages/Messages/game/alliance/application/AllianceApplicationReceivedMessage.cs:15	2	playerName:string;playerId:long
AllianceDeleteApplicationRequestMessage	6027	refs/dofus-emu-dev/DofusProtocol/Messages/Messages/game/alliance/application/AllianceDeleteApplicationRequestMessage.cs:15	0	
AllianceGetPlayerApplicationMessage	3631	refs/dofus-emu-dev/DofusProtocol/Messages/Messages/game/alliance/application/AllianceGetPlayerApplicationMessage.cs:15	0	
AllianceIsThereAnyApplicationMessage	8505	refs/dofus-emu-dev/DofusProtocol/Messages/Messages/game/alliance/application/AllianceIsThereAnyApplicationMessage.cs:15	0	
AllianceListApplicationAnswerMessage	3610	refs/dofus-emu-dev/DofusProtocol/Messages/Messages/game/alliance/application/AllianceListApplicationAnswerMessage.cs:15	1	applies:IEnumerable<Types.SocialApplicationInformation>
AllianceListApplicationModifiedMessage	3470	refs/dofus-emu-dev/DofusProtocol/Messages/Messages/game/alliance/application/AllianceListApplicationModifiedMessage.cs:15	3	apply:Types.SocialApplicationInformation;state:sbyte;playerId:long
AllianceListApplicationRequestMessage	7241	refs/dofus-emu-dev/DofusProtocol/Messages/Messages/game/alliance/application/AllianceListApplicationRequestMessage.cs:15	0	
AlliancePlayerApplicationAbstractMessage	4969	refs/dofus-emu-dev/DofusProtocol/Messages/Messages/game/alliance/application/AlliancePlayerApplicationAbstractMessage.cs:15	0	
AlliancePlayerApplicationInformationMessage	9706	refs/dofus-emu-dev/DofusProtocol/Messages/Messages/game/alliance/application/AlliancePlayerApplicationInformationMessage.cs:15	2	allianceInformation:Types.AllianceInformation;apply:Types.SocialApplicationInformation
AlliancePlayerNoApplicationInformationMessage	7142	refs/dofus-emu-dev/DofusProtocol/Messages/Messages/game/alliance/application/AlliancePlayerNoApplicationInformationMessage.cs:15	0	
AllianceSubmitApplicationMessage	5885	refs/dofus-emu-dev/DofusProtocol/Messages/Messages/game/alliance/application/AllianceSubmitApplicationMessage.cs:15	2	applyText:string;allianceId:int
AllianceUpdateApplicationMessage	8299	refs/dofus-emu-dev/DofusProtocol/Messages/Messages/game/alliance/application/AllianceUpdateApplicationMessage.cs:15	2	applyText:string;allianceId:int
AllianceFightFighterAddedMessage	5310	refs/dofus-emu-dev/DofusProtocol/Messages/Messages/game/alliance/fight/AllianceFightFighterAddedMessage.cs:15	3	allianceFightInfo:Types.SocialFightInfo;fighter:Types.CharacterMinimalPlusLookInformations;team:sbyte
AllianceFightFighterRemovedMessage	944	refs/dofus-emu-dev/DofusProtocol/Messages/Messages/game/alliance/fight/AllianceFightFighterRemovedMessage.cs:15	2	allianceFightInfo:Types.SocialFightInfo;fighterId:long
AllianceFightFinishedMessage	1947	refs/dofus-emu-dev/DofusProtocol/Messages/Messages/game/alliance/fight/AllianceFightFinishedMessage.cs:15	1	allianceFightInfo:Types.SocialFightInfo
AllianceFightInfoMessage	5386	refs/dofus-emu-dev/DofusProtocol/Messages/Messages/game/alliance/fight/AllianceFightInfoMessage.cs:15	1	allianceFights:IEnumerable<Types.SocialFight>
AllianceFightPhaseUpdateMessage	1193	refs/dofus-emu-dev/DofusProtocol/Messages/Messages/game/alliance/fight/AllianceFightPhaseUpdateMessage.cs:15	2	allianceFightInfo:Types.SocialFightInfo;newPhase:Types.FightPhase
AllianceFightStartedMessage	9676	refs/dofus-emu-dev/DofusProtocol/Messages/Messages/game/alliance/fight/AllianceFightStartedMessage.cs:15	2	allianceFightInfo:Types.SocialFightInfo;phase:Types.FightPhase
StartListenAllianceFightMessage	448	refs/dofus-emu-dev/DofusProtocol/Messages/Messages/game/alliance/fight/StartListenAllianceFightMessage.cs:15	0	
StopListenAllianceFightMessage	6339	refs/dofus-emu-dev/DofusProtocol/Messages/Messages/game/alliance/fight/StopListenAllianceFightMessage.cs:15	0	
AllianceGetRecruitmentInformationMessage	1212	refs/dofus-emu-dev/DofusProtocol/Messages/Messages/game/alliance/recruitment/AllianceGetRecruitmentInformationMessage.cs:15	0	
AllianceRecruitmentInformationMessage	977	refs/dofus-emu-dev/DofusProtocol/Messages/Messages/game/alliance/recruitment/AllianceRecruitmentInformationMessage.cs:15	1	recruitmentData:Types.AllianceRecruitmentInformation
AllianceRecruitmentInvalidateMessage	523	refs/dofus-emu-dev/DofusProtocol/Messages/Messages/game/alliance/recruitment/AllianceRecruitmentInvalidateMessage.cs:15	0	
AllianceUpdateRecruitmentInformationMessage	5387	refs/dofus-emu-dev/DofusProtocol/Messages/Messages/game/alliance/recruitment/AllianceUpdateRecruitmentInformationMessage.cs:15	1	recruitmentData:Types.AllianceRecruitmentInformation
AllianceSummaryMessage	2436	refs/dofus-emu-dev/DofusProtocol/Messages/Messages/game/alliance/summary/AllianceSummaryMessage.cs:15	1	alliances:IEnumerable<Types.AllianceFactSheetInformation>
AllianceSummaryRequestMessage	4007	refs/dofus-emu-dev/DofusProtocol/Messages/Messages/game/alliance/summary/AllianceSummaryRequestMessage.cs:15	11	hideFullFilter:bool;followingAllianceCriteria:bool;sortDescending:bool;filterType:int;textFilter:string;criterionFilter:IEnumerable<int>;sortType:sbyte;languagesFilter:IEnumerable<int>;recruitmentTypeFilter:IEnumerable<sbyte>;minPlayerLevelFilter:short;maxPlayerLevelFilter:short
AlmanachCalendarDateMessage	3938	refs/dofus-emu-dev/DofusProtocol/Messages/Messages/game/almanach/AlmanachCalendarDateMessage.cs:15	1	date:int
AccountCapabilitiesMessage	8908	refs/dofus-emu-dev/DofusProtocol/Messages/Messages/game/approach/AccountCapabilitiesMessage.cs:15	4	tutorialAvailable:bool;canCreateNewCharacter:bool;accountId:int;status:sbyte
AccountLoggingKickedMessage	2295	refs/dofus-emu-dev/DofusProtocol/Messages/Messages/game/approach/AccountLoggingKickedMessage.cs:15	3	days:short;hours:sbyte;minutes:sbyte
AlreadyConnectedMessage	3137	refs/dofus-emu-dev/DofusProtocol/Messages/Messages/game/approach/AlreadyConnectedMessage.cs:15	0	
AuthenticationTicketAcceptedMessage	7505	refs/dofus-emu-dev/DofusProtocol/Messages/Messages/game/approach/AuthenticationTicketAcceptedMessage.cs:15	0	
AuthenticationTicketMessage	6808	refs/dofus-emu-dev/DofusProtocol/Messages/Messages/game/approach/AuthenticationTicketMessage.cs:15	2	lang:string;ticket:string
AuthenticationTicketRefusedMessage	5922	refs/dofus-emu-dev/DofusProtocol/Messages/Messages/game/approach/AuthenticationTicketRefusedMessage.cs:15	0	
HelloGameMessage	708	refs/dofus-emu-dev/DofusProtocol/Messages/Messages/game/approach/HelloGameMessage.cs:15	0	
ReloginTokenRequestMessage	7722	refs/dofus-emu-dev/DofusProtocol/Messages/Messages/game/approach/ReloginTokenRequestMessage.cs:15	0	
ReloginTokenStatusMessage	2673	refs/dofus-emu-dev/DofusProtocol/Messages/Messages/game/approach/ReloginTokenStatusMessage.cs:15	2	validToken:bool;token:string
ServerOptionalFeaturesMessage	8385	refs/dofus-emu-dev/DofusProtocol/Messages/Messages/game/approach/ServerOptionalFeaturesMessage.cs:15	1	features:IEnumerable<int>
ServerSessionConstantsMessage	9337	refs/dofus-emu-dev/DofusProtocol/Messages/Messages/game/approach/ServerSessionConstantsMessage.cs:15	1	variables:IEnumerable<Types.ServerSessionConstant>
ServerSettingsMessage	154	refs/dofus-emu-dev/DofusProtocol/Messages/Messages/game/approach/ServerSettingsMessage.cs:15	7	isMonoAccount:bool;hasFreeAutopilot:bool;lang:string;community:sbyte;gameType:sbyte;arenaLeaveBanTime:short;itemMaxLevel:int
AtlasPointInformationsMessage	5424	refs/dofus-emu-dev/DofusProtocol/Messages/Messages/game/atlas/AtlasPointInformationsMessage.cs:15	1	type:Types.AtlasPointsInformations
CompassResetMessage	5999	refs/dofus-emu-dev/DofusProtocol/Messages/Messages/game/atlas/compass/CompassResetMessage.cs:15	1	type:sbyte
CompassUpdateMessage	872	refs/dofus-emu-dev/DofusProtocol/Messages/Messages/game/atlas/compass/CompassUpdateMessage.cs:15	2	type:sbyte;coords:Types.MapCoordinates
CompassUpdatePartyMemberMessage	9981	refs/dofus-emu-dev/DofusProtocol/Messages/Messages/game/atlas/compass/CompassUpdatePartyMemberMessage.cs:15	2	memberId:long;active:bool
CompassUpdatePvpSeekMessage	4778	refs/dofus-emu-dev/DofusProtocol/Messages/Messages/game/atlas/compass/CompassUpdatePvpSeekMessage.cs:15	2	memberId:long;memberName:string
BasicAckMessage	9375	refs/dofus-emu-dev/DofusProtocol/Messages/Messages/game/basic/BasicAckMessage.cs:15	2	seq:int;lastPacketId:short
BasicDateMessage	7499	refs/dofus-emu-dev/DofusProtocol/Messages/Messages/game/basic/BasicDateMessage.cs:15	3	day:sbyte;month:sbyte;year:short
BasicLatencyStatsMessage	7194	refs/dofus-emu-dev/DofusProtocol/Messages/Messages/game/basic/BasicLatencyStatsMessage.cs:15	3	latency:short;sampleCount:short;max:short
BasicLatencyStatsRequestMessage	6273	refs/dofus-emu-dev/DofusProtocol/Messages/Messages/game/basic/BasicLatencyStatsRequestMessage.cs:15	0	
BasicNoOperationMessage	2887	refs/dofus-emu-dev/DofusProtocol/Messages/Messages/game/basic/BasicNoOperationMessage.cs:15	0	
BasicTimeMessage	4945	refs/dofus-emu-dev/DofusProtocol/Messages/Messages/game/basic/BasicTimeMessage.cs:15	2	timestamp:double;timezoneOffset:short
BasicWhoAmIRequestMessage	390	refs/dofus-emu-dev/DofusProtocol/Messages/Messages/game/basic/BasicWhoAmIRequestMessage.cs:15	1	verbose:bool
BasicWhoIsMessage	8673	refs/dofus-emu-dev/DofusProtocol/Messages/Messages/game/basic/BasicWhoIsMessage.cs:15	12	self:bool;verbose:bool;position:sbyte;accountTag:Types.AccountTagInformation;accountId:int;playerName:string;playerId:long;areaId:short;serverId:short;originServerId:short;socialGroups:IEnumerable<Types.AbstractSocialGroupInfos>;playerState:sbyte
BasicWhoIsNoMatchMessage	4629	refs/dofus-emu-dev/DofusProtocol/Messages/Messages/game/basic/BasicWhoIsNoMatchMessage.cs:15	1	target:Types.AbstractPlayerSearchInformation
BasicWhoIsRequestMessage	6759	refs/dofus-emu-dev/DofusProtocol/Messages/Messages/game/basic/BasicWhoIsRequestMessage.cs:15	2	verbose:bool;target:Types.AbstractPlayerSearchInformation
CurrentServerStatusUpdateMessage	9599	refs/dofus-emu-dev/DofusProtocol/Messages/Messages/game/basic/CurrentServerStatusUpdateMessage.cs:15	1	status:sbyte
NumericWhoIsMessage	2693	refs/dofus-emu-dev/DofusProtocol/Messages/Messages/game/basic/NumericWhoIsMessage.cs:15	2	playerId:long;accountId:int
NumericWhoIsRequestMessage	2359	refs/dofus-emu-dev/DofusProtocol/Messages/Messages/game/basic/NumericWhoIsRequestMessage.cs:15	1	playerId:long
SequenceNumberMessage	1188	refs/dofus-emu-dev/DofusProtocol/Messages/Messages/game/basic/SequenceNumberMessage.cs:15	1	number:short
SequenceNumberRequestMessage	594	refs/dofus-emu-dev/DofusProtocol/Messages/Messages/game/basic/SequenceNumberRequestMessage.cs:15	0	
TextInformationMessage	3766	refs/dofus-emu-dev/DofusProtocol/Messages/Messages/game/basic/TextInformationMessage.cs:15	3	msgType:sbyte;msgId:short;parameters:IEnumerable<string>
AlignmentWarEffortDonatePreviewMessage	7642	refs/dofus-emu-dev/DofusProtocol/Messages/Messages/game/character/alignment/war/effort/AlignmentWarEffortDonatePreviewMessage.cs:15	1	xp:double
AlignmentWarEffortDonateRequestMessage	5431	refs/dofus-emu-dev/DofusProtocol/Messages/Messages/game/character/alignment/war/effort/AlignmentWarEffortDonateRequestMessage.cs:15	1	donation:long
AlignmentWarEffortDonationResultMessage	1517	refs/dofus-emu-dev/DofusProtocol/Messages/Messages/game/character/alignment/war/effort/AlignmentWarEffortDonationResultMessage.cs:15	1	result:sbyte
CharacterAlignmentWarEffortProgressionMessage	2916	refs/dofus-emu-dev/DofusProtocol/Messages/Messages/game/character/alignment/war/effort/CharacterAlignmentWarEffortProgressionMessage.cs:15	3	alignmentWarEffortDailyLimit:long;alignmentWarEffortDailyDonation:long;alignmentWarEffortPersonalDonation:long
CharacterAlignmentWarEffortProgressionRequestMessage	946	refs/dofus-emu-dev/DofusProtocol/Messages/Messages/game/character/alignment/war/effort/CharacterAlignmentWarEffortProgressionRequestMessage.cs:15	0	
AlterationAddedMessage	8844	refs/dofus-emu-dev/DofusProtocol/Messages/Messages/game/character/alteration/AlterationAddedMessage.cs:15	1	alteration:Types.AlterationInfo
AlterationRemovedMessage	9284	refs/dofus-emu-dev/DofusProtocol/Messages/Messages/game/character/alteration/AlterationRemovedMessage.cs:15	1	alteration:Types.AlterationInfo
AlterationsMessage	7721	refs/dofus-emu-dev/DofusProtocol/Messages/Messages/game/character/alteration/AlterationsMessage.cs:15	1	alterations:IEnumerable<Types.AlterationInfo>
AlterationsUpdatedMessage	563	refs/dofus-emu-dev/DofusProtocol/Messages/Messages/game/character/alteration/AlterationsUpdatedMessage.cs:15	1	alterations:IEnumerable<Types.AlterationInfo>
CharacterFirstSelectionMessage	7638	refs/dofus-emu-dev/DofusProtocol/Messages/Messages/game/character/choice/CharacterFirstSelectionMessage.cs:15	1	doTutorial:bool
CharacterReplayWithRemodelRequestMessage	338	refs/dofus-emu-dev/DofusProtocol/Messages/Messages/game/character/choice/CharacterReplayWithRemodelRequestMessage.cs:15	1	remodel:Types.RemodelingInformation
CharacterSelectedErrorMessage	1596	refs/dofus-emu-dev/DofusProtocol/Messages/Messages/game/character/choice/CharacterSelectedErrorMessage.cs:15	0	
CharacterSelectedForceMessage	4050	refs/dofus-emu-dev/DofusProtocol/Messages/Messages/game/character/choice/CharacterSelectedForceMessage.cs:15	1	id:int
CharacterSelectedForceReadyMessage	4057	refs/dofus-emu-dev/DofusProtocol/Messages/Messages/game/character/choice/CharacterSelectedForceReadyMessage.cs:15	0	
CharacterSelectedSuccessMessage	4299	refs/dofus-emu-dev/DofusProtocol/Messages/Messages/game/character/choice/CharacterSelectedSuccessMessage.cs:15	2	infos:Types.CharacterBaseInformations;isCollectingStats:bool
CharacterSelectionMessage	6792	refs/dofus-emu-dev/DofusProtocol/Messages/Messages/game/character/choice/CharacterSelectionMessage.cs:15	1	id:long
CharacterSelectionWithRemodelMessage	3540	refs/dofus-emu-dev/DofusProtocol/Messages/Messages/game/character/choice/CharacterSelectionWithRemodelMessage.cs:15	1	remodel:Types.RemodelingInformation
CharactersListErrorMessage	7643	refs/dofus-emu-dev/DofusProtocol/Messages/Messages/game/character/choice/CharactersListErrorMessage.cs:15	0	
CharactersListMessage	8016	refs/dofus-emu-dev/DofusProtocol/Messages/Messages/game/character/choice/CharactersListMessage.cs:15	1	characters:IEnumerable<Types.CharacterBaseInformations>
CharactersListRequestMessage	2412	refs/dofus-emu-dev/DofusProtocol/Messages/Messages/game/character/choice/CharactersListRequestMessage.cs:15	0	
CharactersListWithRemodelingMessage	9633	refs/dofus-emu-dev/DofusProtocol/Messages/Messages/game/character/choice/CharactersListWithRemodelingMessage.cs:15	1	charactersToRemodel:IEnumerable<Types.CharacterToRemodelInformations>
CharacterCanBeCreatedRequestMessage	4275	refs/dofus-emu-dev/DofusProtocol/Messages/Messages/game/character/creation/CharacterCanBeCreatedRequestMessage.cs:15	0	
CharacterCanBeCreatedResultMessage	7317	refs/dofus-emu-dev/DofusProtocol/Messages/Messages/game/character/creation/CharacterCanBeCreatedResultMessage.cs:15	1	yesYouCan:bool
CharacterCreationRequestMessage	491	refs/dofus-emu-dev/DofusProtocol/Messages/Messages/game/character/creation/CharacterCreationRequestMessage.cs:15	5	name:string;breed:sbyte;sex:bool;colors:int[];cosmeticId:short
CharacterCreationResultMessage	5979	refs/dofus-emu-dev/DofusProtocol/Messages/Messages/game/character/creation/CharacterCreationResultMessage.cs:15	2	result:sbyte;reason:sbyte
CharacterNameSuggestionFailureMessage	5371	refs/dofus-emu-dev/DofusProtocol/Messages/Messages/game/character/creation/CharacterNameSuggestionFailureMessage.cs:15	1	reason:sbyte
CharacterNameSuggestionRequestMessage	2000	refs/dofus-emu-dev/DofusProtocol/Messages/Messages/game/character/creation/CharacterNameSuggestionRequestMessage.cs:15	0	
CharacterNameSuggestionSuccessMessage	2208	refs/dofus-emu-dev/DofusProtocol/Messages/Messages/game/character/creation/CharacterNameSuggestionSuccessMessage.cs:15	1	suggestion:string
DebtsDeleteMessage	7828	refs/dofus-emu-dev/DofusProtocol/Messages/Messages/game/character/debt/DebtsDeleteMessage.cs:15	2	reason:sbyte;debts:IEnumerable<double>
DebtsUpdateMessage	8856	refs/dofus-emu-dev/DofusProtocol/Messages/Messages/game/character/debt/DebtsUpdateMessage.cs:15	2	action:sbyte;debts:IEnumerable<Types.DebtInformation>
CharacterDeletionErrorMessage	4351	refs/dofus-emu-dev/DofusProtocol/Messages/Messages/game/character/deletion/CharacterDeletionErrorMessage.cs:15	1	reason:sbyte
CharacterDeletionPrepareMessage	5348	refs/dofus-emu-dev/DofusProtocol/Messages/Messages/game/character/deletion/CharacterDeletionPrepareMessage.cs:15	4	characterId:long;characterName:string;secretQuestion:string;needSecretAnswer:bool
CharacterDeletionPrepareRequestMessage	3535	refs/dofus-emu-dev/DofusProtocol/Messages/Messages/game/character/deletion/CharacterDeletionPrepareRequestMessage.cs:15	1	characterId:long
CharacterDeletionRequestMessage	1489	refs/dofus-emu-dev/DofusProtocol/Messages/Messages/game/character/deletion/CharacterDeletionRequestMessage.cs:15	2	characterId:long;secretAnswerHash:string
CharacterReplayRequestMessage	8786	refs/dofus-emu-dev/DofusProtocol/Messages/Messages/game/character/replay/CharacterReplayRequestMessage.cs:15	1	characterId:long
ForgettableSpellClientActionMessage	5459	refs/dofus-emu-dev/DofusProtocol/Messages/Messages/game/character/spell/forgettable/ForgettableSpellClientActionMessage.cs:15	2	spellId:int;action:sbyte
ForgettableSpellDeleteMessage	4353	refs/dofus-emu-dev/DofusProtocol/Messages/Messages/game/character/spell/forgettable/ForgettableSpellDeleteMessage.cs:15	2	reason:sbyte;spells:IEnumerable<int>
ForgettableSpellEquipmentSlotsMessage	41	refs/dofus-emu-dev/DofusProtocol/Messages/Messages/game/character/spell/forgettable/ForgettableSpellEquipmentSlotsMessage.cs:15	1	quantity:short
ForgettableSpellListUpdateMessage	6155	refs/dofus-emu-dev/DofusProtocol/Messages/Messages/game/character/spell/forgettable/ForgettableSpellListUpdateMessage.cs:15	2	action:sbyte;spells:IEnumerable<Types.ForgettableSpellItem>
ApplySpellModifierMessage	1373	refs/dofus-emu-dev/DofusProtocol/Messages/Messages/game/character/spellmodifier/ApplySpellModifierMessage.cs:15	2	actorId:double;modifier:Types.SpellModifierMessage
RemoveSpellModifierMessage	194	refs/dofus-emu-dev/DofusProtocol/Messages/Messages/game/character/spellmodifier/RemoveSpellModifierMessage.cs:15	4	actorId:double;actionType:sbyte;modifierType:sbyte;spellId:short
CharacterExperienceGainMessage	9701	refs/dofus-emu-dev/DofusProtocol/Messages/Messages/game/character/stats/CharacterExperienceGainMessage.cs:15	4	experienceCharacter:long;experienceMount:long;experienceGuild:long;experienceIncarnation:long
CharacterLevelUpInformationMessage	3031	refs/dofus-emu-dev/DofusProtocol/Messages/Messages/game/character/stats/CharacterLevelUpInformationMessage.cs:15	2	name:string;id:long
CharacterLevelUpMessage	5797	refs/dofus-emu-dev/DofusProtocol/Messages/Messages/game/character/stats/CharacterLevelUpMessage.cs:15	1	newLevel:short
CharacterStatsListMessage	4395	refs/dofus-emu-dev/DofusProtocol/Messages/Messages/game/character/stats/CharacterStatsListMessage.cs:15	1	stats:Types.CharacterCharacteristicsInformations
FighterStatsListMessage	4354	refs/dofus-emu-dev/DofusProtocol/Messages/Messages/game/character/stats/FighterStatsListMessage.cs:15	1	stats:Types.CharacterCharacteristicsInformations
LifePointsRegenBeginMessage	9965	refs/dofus-emu-dev/DofusProtocol/Messages/Messages/game/character/stats/LifePointsRegenBeginMessage.cs:15	1	regenRate:sbyte
LifePointsRegenEndMessage	6833	refs/dofus-emu-dev/DofusProtocol/Messages/Messages/game/character/stats/LifePointsRegenEndMessage.cs:15	1	lifePointsGained:int
ResetCharacterStatsRequestMessage	7045	refs/dofus-emu-dev/DofusProtocol/Messages/Messages/game/character/stats/ResetCharacterStatsRequestMessage.cs:15	0	
UpdateLifePointsMessage	1395	refs/dofus-emu-dev/DofusProtocol/Messages/Messages/game/character/stats/UpdateLifePointsMessage.cs:15	2	lifePoints:int;maxLifePoints:int
PlayerStatusUpdateErrorMessage	3860	refs/dofus-emu-dev/DofusProtocol/Messages/Messages/game/character/status/PlayerStatusUpdateErrorMessage.cs:15	0	
PlayerStatusUpdateMessage	3675	refs/dofus-emu-dev/DofusProtocol/Messages/Messages/game/character/status/PlayerStatusUpdateMessage.cs:15	3	accountId:int;playerId:long;status:Types.PlayerStatus
PlayerStatusUpdateRequestMessage	4213	refs/dofus-emu-dev/DofusProtocol/Messages/Messages/game/character/status/PlayerStatusUpdateRequestMessage.cs:15	1	status:Types.PlayerStatus
ChatAbstractClientMessage	6914	refs/dofus-emu-dev/DofusProtocol/Messages/Messages/game/chat/ChatAbstractClientMessage.cs:15	1	content:string
ChatAbstractServerMessage	1770	refs/dofus-emu-dev/DofusProtocol/Messages/Messages/game/chat/ChatAbstractServerMessage.cs:15	4	channel:sbyte;content:string;timestamp:int;fingerprint:string
ChatAdminServerMessage	2080	refs/dofus-emu-dev/DofusProtocol/Messages/Messages/game/chat/ChatAdminServerMessage.cs:15	0	
ChatClientMultiMessage	3932	refs/dofus-emu-dev/DofusProtocol/Messages/Messages/game/chat/ChatClientMultiMessage.cs:15	1	channel:sbyte
ChatClientMultiWithObjectMessage	5473	refs/dofus-emu-dev/DofusProtocol/Messages/Messages/game/chat/ChatClientMultiWithObjectMessage.cs:15	1	objects:IEnumerable<Types.ObjectItem>
ChatClientPrivateMessage	7053	refs/dofus-emu-dev/DofusProtocol/Messages/Messages/game/chat/ChatClientPrivateMessage.cs:15	1	receiver:Types.AbstractPlayerSearchInformation
ChatClientPrivateWithObjectMessage	9502	refs/dofus-emu-dev/DofusProtocol/Messages/Messages/game/chat/ChatClientPrivateWithObjectMessage.cs:15	1	objects:IEnumerable<Types.ObjectItem>
ChatErrorMessage	6135	refs/dofus-emu-dev/DofusProtocol/Messages/Messages/game/chat/ChatErrorMessage.cs:15	1	reason:sbyte
ChatKolizeumServerMessage	942	refs/dofus-emu-dev/DofusProtocol/Messages/Messages/game/chat/ChatKolizeumServerMessage.cs:15	1	originServerId:short
ChatServerCopyMessage	8617	refs/dofus-emu-dev/DofusProtocol/Messages/Messages/game/chat/ChatServerCopyMessage.cs:15	2	receiverId:long;receiverName:string
ChatServerCopyWithObjectMessage	8059	refs/dofus-emu-dev/DofusProtocol/Messages/Messages/game/chat/ChatServerCopyWithObjectMessage.cs:15	1	objects:IEnumerable<Types.ObjectItem>
ChatServerMessage	6772	refs/dofus-emu-dev/DofusProtocol/Messages/Messages/game/chat/ChatServerMessage.cs:15	4	senderId:double;senderName:string;prefix:string;senderAccountId:int
ChatServerWithObjectMessage	399	refs/dofus-emu-dev/DofusProtocol/Messages/Messages/game/chat/ChatServerWithObjectMessage.cs:15	1	objects:IEnumerable<Types.ObjectItem>
ChannelEnablingChangeMessage	7739	refs/dofus-emu-dev/DofusProtocol/Messages/Messages/game/chat/channel/ChannelEnablingChangeMessage.cs:15	2	channel:sbyte;enable:bool
ChannelEnablingMessage	4965	refs/dofus-emu-dev/DofusProtocol/Messages/Messages/game/chat/channel/ChannelEnablingMessage.cs:15	2	channel:sbyte;enable:bool
EnabledChannelsMessage	2625	refs/dofus-emu-dev/DofusProtocol/Messages/Messages/game/chat/channel/EnabledChannelsMessage.cs:15	2	channels:IEnumerable<sbyte>;disallowed:IEnumerable<sbyte>
ChatCommunityChannelCommunityMessage	5839	refs/dofus-emu-dev/DofusProtocol/Messages/Messages/game/chat/community/ChatCommunityChannelCommunityMessage.cs:15	1	communityId:short
ChatCommunityChannelSetCommunityRequestMessage	2893	refs/dofus-emu-dev/DofusProtocol/Messages/Messages/game/chat/community/ChatCommunityChannelSetCommunityRequestMessage.cs:15	1	communityId:short
ChatSmileyExtraPackListMessage	3973	refs/dofus-emu-dev/DofusProtocol/Messages/Messages/game/chat/smiley/ChatSmileyExtraPackListMessage.cs:15	1	packIds:IEnumerable<sbyte>
ChatSmileyMessage	7020	refs/dofus-emu-dev/DofusProtocol/Messages/Messages/game/chat/smiley/ChatSmileyMessage.cs:15	3	entityId:double;smileyId:short;accountId:int
ChatSmileyRequestMessage	9020	refs/dofus-emu-dev/DofusProtocol/Messages/Messages/game/chat/smiley/ChatSmileyRequestMessage.cs:15	1	smileyId:short
LocalizedChatSmileyMessage	8626	refs/dofus-emu-dev/DofusProtocol/Messages/Messages/game/chat/smiley/LocalizedChatSmileyMessage.cs:15	1	cellId:short
MoodSmileyRequestMessage	6420	refs/dofus-emu-dev/DofusProtocol/Messages/Messages/game/chat/smiley/MoodSmileyRequestMessage.cs:15	1	smileyId:short
MoodSmileyResultMessage	1383	refs/dofus-emu-dev/DofusProtocol/Messages/Messages/game/chat/smiley/MoodSmileyResultMessage.cs:15	2	resultCode:sbyte;smileyId:short
MoodSmileyUpdateMessage	2215	refs/dofus-emu-dev/DofusProtocol/Messages/Messages/game/chat/smiley/MoodSmileyUpdateMessage.cs:15	3	accountId:int;playerId:long;smileyId:short
AddTaxCollectorOrderedSpellMessage	8298	refs/dofus-emu-dev/DofusProtocol/Messages/Messages/game/collector/tax/AddTaxCollectorOrderedSpellMessage.cs:15	2	taxCollectorId:double;spell:Types.TaxCollectorOrderedSpell
AddTaxCollectorPresetSpellMessage	6564	refs/dofus-emu-dev/DofusProtocol/Messages/Messages/game/collector/tax/AddTaxCollectorPresetSpellMessage.cs:15	2	presetId:Types.Uuid;spell:Types.TaxCollectorOrderedSpell
ConfirmationOfListeningTaxCollectorUpdatesMessage	1625	refs/dofus-emu-dev/DofusProtocol/Messages/Messages/game/collector/tax/ConfirmationOfListeningTaxCollectorUpdatesMessage.cs:15	1	information:Types.TaxCollectorInformations
GameRolePlayTaxCollectorFightRequestMessage	1944	refs/dofus-emu-dev/DofusProtocol/Messages/Messages/game/collector/tax/GameRolePlayTaxCollectorFightRequestMessage.cs:15	0	
MoveTaxCollectorOrderedSpellMessage	8918	refs/dofus-emu-dev/DofusProtocol/Messages/Messages/game/collector/tax/MoveTaxCollectorOrderedSpellMessage.cs:15	3	taxCollectorId:double;movedFrom:sbyte;movedTo:sbyte
MoveTaxCollectorPresetSpellMessage	6548	refs/dofus-emu-dev/DofusProtocol/Messages/Messages/game/collector/tax/MoveTaxCollectorPresetSpellMessage.cs:15	3	presetId:Types.Uuid;movedFrom:sbyte;movedTo:sbyte
RemoveTaxCollectorOrderedSpellMessage	9951	refs/dofus-emu-dev/DofusProtocol/Messages/Messages/game/collector/tax/RemoveTaxCollectorOrderedSpellMessage.cs:15	2	taxCollectorId:double;slot:sbyte
RemoveTaxCollectorPresetSpellMessage	5781	refs/dofus-emu-dev/DofusProtocol/Messages/Messages/game/collector/tax/RemoveTaxCollectorPresetSpellMessage.cs:15	2	presetId:Types.Uuid;slot:sbyte
StartListenTaxCollectorPresetsUpdatesMessage	3876	refs/dofus-emu-dev/DofusProtocol/Messages/Messages/game/collector/tax/StartListenTaxCollectorPresetsUpdatesMessage.cs:15	0	
StartListenTaxCollectorUpdatesMessage	659	refs/dofus-emu-dev/DofusProtocol/Messages/Messages/game/collector/tax/StartListenTaxCollectorUpdatesMessage.cs:15	1	taxCollectorId:double
StopListenTaxCollectorPresetsUpdatesMessage	4043	refs/dofus-emu-dev/DofusProtocol/Messages/Messages/game/collector/tax/StopListenTaxCollectorPresetsUpdatesMessage.cs:15	0	
StopListenTaxCollectorUpdatesMessage	4576	refs/dofus-emu-dev/DofusProtocol/Messages/Messages/game/collector/tax/StopListenTaxCollectorUpdatesMessage.cs:15	1	taxCollectorId:double
TaxCollectorAddedMessage	7370	refs/dofus-emu-dev/DofusProtocol/Messages/Messages/game/collector/tax/TaxCollectorAddedMessage.cs:15	2	callerId:long;description:Types.TaxCollectorInformations
TaxCollectorAttackedMessage	5361	refs/dofus-emu-dev/DofusProtocol/Messages/Messages/game/collector/tax/TaxCollectorAttackedMessage.cs:15	7	firstNameId:short;lastNameId:short;worldX:short;worldY:short;mapId:double;subAreaId:short;alliance:Types.BasicAllianceInformations
TaxCollectorAttackedResultMessage	4787	refs/dofus-emu-dev/DofusProtocol/Messages/Messages/game/collector/tax/TaxCollectorAttackedResultMessage.cs:15	3	deadOrAlive:bool;basicInfos:Types.TaxCollectorBasicInformations;alliance:Types.BasicAllianceInformations
TaxCollectorErrorMessage	2186	refs/dofus-emu-dev/DofusProtocol/Messages/Messages/game/collector/tax/TaxCollectorErrorMessage.cs:15	1	reason:sbyte
TaxCollectorHarvestedMessage	3704	refs/dofus-emu-dev/DofusProtocol/Messages/Messages/game/collector/tax/TaxCollectorHarvestedMessage.cs:15	3	taxCollectorId:double;harvesterId:long;harvesterName:string
TaxCollectorMovementsOfflineMessage	4833	refs/dofus-emu-dev/DofusProtocol/Messages/Messages/game/collector/tax/TaxCollectorMovementsOfflineMessage.cs:15	1	movements:IEnumerable<Types.TaxCollectorMovement>
TaxCollectorOrderedSpellUpdatedMessage	2428	refs/dofus-emu-dev/DofusProtocol/Messages/Messages/game/collector/tax/TaxCollectorOrderedSpellUpdatedMessage.cs:15	2	taxCollectorId:double;taxCollectorSpells:IEnumerable<Types.TaxCollectorOrderedSpell>
TaxCollectorPresetSpellUpdatedMessage	2628	refs/dofus-emu-dev/DofusProtocol/Messages/Messages/game/collector/tax/TaxCollectorPresetSpellUpdatedMessage.cs:15	2	presetId:Types.Uuid;taxCollectorSpells:IEnumerable<Types.TaxCollectorOrderedSpell>
TaxCollectorPresetsMessage	9900	refs/dofus-emu-dev/DofusProtocol/Messages/Messages/game/collector/tax/TaxCollectorPresetsMessage.cs:15	1	presets:IEnumerable<Types.TaxCollectorPreset>
TaxCollectorRemovedMessage	2310	refs/dofus-emu-dev/DofusProtocol/Messages/Messages/game/collector/tax/TaxCollectorRemovedMessage.cs:15	1	collectorId:double
TaxCollectorStateUpdateMessage	5744	refs/dofus-emu-dev/DofusProtocol/Messages/Messages/game/collector/tax/TaxCollectorStateUpdateMessage.cs:15	2	uniqueId:double;state:sbyte
TopTaxCollectorListMessage	3893	refs/dofus-emu-dev/DofusProtocol/Messages/Messages/game/collector/tax/TopTaxCollectorListMessage.cs:15	2	dungeonTaxCollectorsInformation:IEnumerable<Types.TaxCollectorInformations>;worldTaxCollectorsInformation:IEnumerable<Types.TaxCollectorInformations>
GameCautiousMapMovementMessage	779	refs/dofus-emu-dev/DofusProtocol/Messages/Messages/game/context/GameCautiousMapMovementMessage.cs:15	0	
GameCautiousMapMovementRequestMessage	920	refs/dofus-emu-dev/DofusProtocol/Messages/Messages/game/context/GameCautiousMapMovementRequestMessage.cs:15	0	
GameContextCreateErrorMessage	223	refs/dofus-emu-dev/DofusProtocol/Messages/Messages/game/context/GameContextCreateErrorMessage.cs:15	0	
GameContextCreateMessage	1595	refs/dofus-emu-dev/DofusProtocol/Messages/Messages/game/context/GameContextCreateMessage.cs:15	1	context:sbyte
GameContextCreateRequestMessage	5527	refs/dofus-emu-dev/DofusProtocol/Messages/Messages/game/context/GameContextCreateRequestMessage.cs:15	0	
GameContextDestroyMessage	1821	refs/dofus-emu-dev/DofusProtocol/Messages/Messages/game/context/GameContextDestroyMessage.cs:15	0	
GameContextKickMessage	2032	refs/dofus-emu-dev/DofusProtocol/Messages/Messages/game/context/GameContextKickMessage.cs:15	1	targetId:double
GameContextMoveElementMessage	5362	refs/dofus-emu-dev/DofusProtocol/Messages/Messages/game/context/GameContextMoveElementMessage.cs:15	1	movement:Types.EntityMovementInformations
GameContextMoveMultipleElementsMessage	7368	refs/dofus-emu-dev/DofusProtocol/Messages/Messages/game/context/GameContextMoveMultipleElementsMessage.cs:15	1	movements:IEnumerable<Types.EntityMovementInformations>
GameContextQuitMessage	4314	refs/dofus-emu-dev/DofusProtocol/Messages/Messages/game/context/GameContextQuitMessage.cs:15	0	
GameContextReadyMessage	9237	refs/dofus-emu-dev/DofusProtocol/Messages/Messages/game/context/GameContextReadyMessage.cs:15	1	mapId:double
GameContextRefreshEntityLookMessage	7865	refs/dofus-emu-dev/DofusProtocol/Messages/Messages/game/context/GameContextRefreshEntityLookMessage.cs:15	2	id:double;look:Types.EntityLook
GameContextRemoveElementMessage	3496	refs/dofus-emu-dev/DofusProtocol/Messages/Messages/game/context/GameContextRemoveElementMessage.cs:15	1	id:double
GameContextRemoveElementWithEventMessage	7775	refs/dofus-emu-dev/DofusProtocol/Messages/Messages/game/context/GameContextRemoveElementWithEventMessage.cs:15	1	elementEventId:sbyte
GameContextRemoveMultipleElementsMessage	5405	refs/dofus-emu-dev/DofusProtocol/Messages/Messages/game/context/GameContextRemoveMultipleElementsMessage.cs:15	1	elementsIds:IEnumerable<double>
GameContextRemoveMultipleElementsWithEventsMessage	1167	refs/dofus-emu-dev/DofusProtocol/Messages/Messages/game/context/GameContextRemoveMultipleElementsWithEventsMessage.cs:15	1	elementEventIds:IEnumerable<sbyte>
GameEntitiesDispositionMessage	7948	refs/dofus-emu-dev/DofusProtocol/Messages/Messages/game/context/GameEntitiesDispositionMessage.cs:15	1	dispositions:IEnumerable<Types.IdentifiedEntityDispositionInformations>
GameEntityDispositionErrorMessage	2619	refs/dofus-emu-dev/DofusProtocol/Messages/Messages/game/context/GameEntityDispositionErrorMessage.cs:15	0	
GameEntityDispositionMessage	4	refs/dofus-emu-dev/DofusProtocol/Messages/Messages/game/context/GameEntityDispositionMessage.cs:15	1	disposition:Types.IdentifiedEntityDispositionInformations
GameMapChangeOrientationMessage	8741	refs/dofus-emu-dev/DofusProtocol/Messages/Messages/game/context/GameMapChangeOrientationMessage.cs:15	1	orientation:Types.ActorOrientation
GameMapChangeOrientationRequestMessage	1190	refs/dofus-emu-dev/DofusProtocol/Messages/Messages/game/context/GameMapChangeOrientationRequestMessage.cs:15	1	direction:sbyte
GameMapChangeOrientationsMessage	3256	refs/dofus-emu-dev/DofusProtocol/Messages/Messages/game/context/GameMapChangeOrientationsMessage.cs:15	1	orientations:IEnumerable<Types.ActorOrientation>
GameMapMovementCancelMessage	2486	refs/dofus-emu-dev/DofusProtocol/Messages/Messages/game/context/GameMapMovementCancelMessage.cs:15	1	cellId:short
GameMapMovementConfirmMessage	3317	refs/dofus-emu-dev/DofusProtocol/Messages/Messages/game/context/GameMapMovementConfirmMessage.cs:15	0	
GameMapMovementMessage	6493	refs/dofus-emu-dev/DofusProtocol/Messages/Messages/game/context/GameMapMovementMessage.cs:15	3	keyMovements:IEnumerable<short>;forcedDirection:short;actorId:double
GameMapMovementRequestMessage	4548	refs/dofus-emu-dev/DofusProtocol/Messages/Messages/game/context/GameMapMovementRequestMessage.cs:15	2	keyMovements:IEnumerable<short>;mapId:double
GameMapNoMovementMessage	6322	refs/dofus-emu-dev/DofusProtocol/Messages/Messages/game/context/GameMapNoMovementMessage.cs:15	2	cellX:short;cellY:short
GameRefreshMonsterBoostsMessage	3997	refs/dofus-emu-dev/DofusProtocol/Messages/Messages/game/context/GameRefreshMonsterBoostsMessage.cs:15	2	monsterBoosts:IEnumerable<Types.MonsterBoosts>;familyBoosts:IEnumerable<Types.MonsterBoosts>
ShowCellMessage	9194	refs/dofus-emu-dev/DofusProtocol/Messages/Messages/game/context/ShowCellMessage.cs:15	2	sourceId:double;cellId:short
ShowCellRequestMessage	4804	refs/dofus-emu-dev/DofusProtocol/Messages/Messages/game/context/ShowCellRequestMessage.cs:15	1	cellId:short
ShowCellSpectatorMessage	4927	refs/dofus-emu-dev/DofusProtocol/Messages/Messages/game/context/ShowCellSpectatorMessage.cs:15	1	playerName:string
DisplayNumericalValuePaddockMessage	4632	refs/dofus-emu-dev/DofusProtocol/Messages/Messages/game/context/display/DisplayNumericalValuePaddockMessage.cs:15	3	rideId:int;value:int;type:sbyte
DungeonKeyRingMessage	6819	refs/dofus-emu-dev/DofusProtocol/Messages/Messages/game/context/dungeon/DungeonKeyRingMessage.cs:15	2	availables:IEnumerable<short>;unavailables:IEnumerable<short>
DungeonKeyRingUpdateMessage	6518	refs/dofus-emu-dev/DofusProtocol/Messages/Messages/game/context/dungeon/DungeonKeyRingUpdateMessage.cs:15	2	dungeonId:short;available:bool
GameFightEndMessage	2386	refs/dofus-emu-dev/DofusProtocol/Messages/Messages/game/context/fight/GameFightEndMessage.cs:15	5	duration:int;rewardRate:short;lootShareLimitMalus:short;results:IEnumerable<Types.FightResultListEntry>;namedPartyTeamsOutcomes:IEnumerable<Types.NamedPartyTeamWithOutcome>
GameFightHumanReadyStateMessage	109	refs/dofus-emu-dev/DofusProtocol/Messages/Messages/game/context/fight/GameFightHumanReadyStateMessage.cs:15	2	characterId:long;isReady:bool
GameFightJoinMessage	8166	refs/dofus-emu-dev/DofusProtocol/Messages/Messages/game/context/fight/GameFightJoinMessage.cs:15	6	isTeamPhase:bool;canBeCancelled:bool;canSayReady:bool;isFightStarted:bool;timeMaxBeforeFightStart:short;fightType:sbyte
GameFightJoinRequestMessage	4010	refs/dofus-emu-dev/DofusProtocol/Messages/Messages/game/context/fight/GameFightJoinRequestMessage.cs:15	2	fighterId:double;fightId:short
GameFightLeaveMessage	6974	refs/dofus-emu-dev/DofusProtocol/Messages/Messages/game/context/fight/GameFightLeaveMessage.cs:15	1	charId:double
GameFightNewRoundMessage	8261	refs/dofus-emu-dev/DofusProtocol/Messages/Messages/game/context/fight/GameFightNewRoundMessage.cs:15	1	roundNumber:int
GameFightNewWaveMessage	4448	refs/dofus-emu-dev/DofusProtocol/Messages/Messages/game/context/fight/GameFightNewWaveMessage.cs:15	3	id:sbyte;teamId:sbyte;nbTurnBeforeNextWave:short
GameFightOptionStateUpdateMessage	3172	refs/dofus-emu-dev/DofusProtocol/Messages/Messages/game/context/fight/GameFightOptionStateUpdateMessage.cs:15	4	fightId:short;teamId:sbyte;option:sbyte;state:bool
GameFightOptionToggleMessage	5955	refs/dofus-emu-dev/DofusProtocol/Messages/Messages/game/context/fight/GameFightOptionToggleMessage.cs:15	1	option:sbyte
GameFightPauseMessage	1045	refs/dofus-emu-dev/DofusProtocol/Messages/Messages/game/context/fight/GameFightPauseMessage.cs:15	1	isPaused:bool
GameFightPlacementPositionRequestMessage	7043	refs/dofus-emu-dev/DofusProtocol/Messages/Messages/game/context/fight/GameFightPlacementPositionRequestMessage.cs:15	1	cellId:short
GameFightPlacementPossiblePositionsMessage	282	refs/dofus-emu-dev/DofusProtocol/Messages/Messages/game/context/fight/GameFightPlacementPossiblePositionsMessage.cs:15	3	positionsForChallengers:IEnumerable<short>;positionsForDefenders:IEnumerable<short>;teamNumber:sbyte
GameFightPlacementSwapPositionsAcceptMessage	870	refs/dofus-emu-dev/DofusProtocol/Messages/Messages/game/context/fight/GameFightPlacementSwapPositionsAcceptMessage.cs:15	1	requestId:int
GameFightPlacementSwapPositionsCancelMessage	5173	refs/dofus-emu-dev/DofusProtocol/Messages/Messages/game/context/fight/GameFightPlacementSwapPositionsCancelMessage.cs:15	1	requestId:int
GameFightPlacementSwapPositionsCancelledMessage	1579	refs/dofus-emu-dev/DofusProtocol/Messages/Messages/game/context/fight/GameFightPlacementSwapPositionsCancelledMessage.cs:15	2	requestId:int;cancellerId:double
GameFightPlacementSwapPositionsErrorMessage	6325	refs/dofus-emu-dev/DofusProtocol/Messages/Messages/game/context/fight/GameFightPlacementSwapPositionsErrorMessage.cs:15	0	
GameFightPlacementSwapPositionsMessage	5606	refs/dofus-emu-dev/DofusProtocol/Messages/Messages/game/context/fight/GameFightPlacementSwapPositionsMessage.cs:15	1	dispositions:IEnumerable<Types.IdentifiedEntityDispositionInformations>
GameFightPlacementSwapPositionsOfferMessage	5124	refs/dofus-emu-dev/DofusProtocol/Messages/Messages/game/context/fight/GameFightPlacementSwapPositionsOfferMessage.cs:15	5	requestId:int;requesterId:double;requesterCellId:short;requestedId:double;requestedCellId:short
GameFightPlacementSwapPositionsRequestMessage	501	refs/dofus-emu-dev/DofusProtocol/Messages/Messages/game/context/fight/GameFightPlacementSwapPositionsRequestMessage.cs:15	1	requestedId:double
GameFightReadyMessage	4840	refs/dofus-emu-dev/DofusProtocol/Messages/Messages/game/context/fight/GameFightReadyMessage.cs:15	1	isReady:bool
GameFightRemoveTeamMemberMessage	7301	refs/dofus-emu-dev/DofusProtocol/Messages/Messages/game/context/fight/GameFightRemoveTeamMemberMessage.cs:15	3	fightId:short;teamId:sbyte;charId:double
GameFightResumeMessage	2675	refs/dofus-emu-dev/DofusProtocol/Messages/Messages/game/context/fight/GameFightResumeMessage.cs:15	3	spellCooldowns:IEnumerable<Types.GameFightSpellCooldown>;summonCount:sbyte;bombCount:sbyte
GameFightResumeWithSlavesMessage	5652	refs/dofus-emu-dev/DofusProtocol/Messages/Messages/game/context/fight/GameFightResumeWithSlavesMessage.cs:15	1	slavesInfo:IEnumerable<Types.GameFightResumeSlaveInfo>
GameFightSpectateMessage	6318	refs/dofus-emu-dev/DofusProtocol/Messages/Messages/game/context/fight/GameFightSpectateMessage.cs:15	5	effects:IEnumerable<Types.FightDispellableEffectExtendedInformations>;marks:IEnumerable<Types.GameActionMark>;gameTurn:short;fightStart:int;fxTriggerCounts:IEnumerable<Types.GameFightEffectTriggerCount>
GameFightSpectatePlayerRequestMessage	8994	refs/dofus-emu-dev/DofusProtocol/Messages/Messages/game/context/fight/GameFightSpectatePlayerRequestMessage.cs:15	1	playerId:long
GameFightSpectatorJoinMessage	3924	refs/dofus-emu-dev/DofusProtocol/Messages/Messages/game/context/fight/GameFightSpectatorJoinMessage.cs:15	1	namedPartyTeams:IEnumerable<Types.NamedPartyTeam>
GameFightStartMessage	9783	refs/dofus-emu-dev/DofusProtocol/Messages/Messages/game/context/fight/GameFightStartMessage.cs:15	0	
GameFightStartingMessage	6131	refs/dofus-emu-dev/DofusProtocol/Messages/Messages/game/context/fight/GameFightStartingMessage.cs:15	6	fightType:sbyte;fightId:short;attackerId:double;defenderId:double;containsBoss:bool;monsters:IEnumerable<int>
GameFightSynchronizeMessage	8985	refs/dofus-emu-dev/DofusProtocol/Messages/Messages/game/context/fight/GameFightSynchronizeMessage.cs:15	1	fighters:IEnumerable<Types.GameFightFighterInformations>
GameFightTurnEndMessage	7900	refs/dofus-emu-dev/DofusProtocol/Messages/Messages/game/context/fight/GameFightTurnEndMessage.cs:15	1	id:double
GameFightTurnFinishMessage	3915	refs/dofus-emu-dev/DofusProtocol/Messages/Messages/game/context/fight/GameFightTurnFinishMessage.cs:15	1	isAfk:bool
GameFightTurnListMessage	1243	refs/dofus-emu-dev/DofusProtocol/Messages/Messages/game/context/fight/GameFightTurnListMessage.cs:15	2	ids:IEnumerable<double>;deadsIds:IEnumerable<double>
GameFightTurnReadyMessage	9655	refs/dofus-emu-dev/DofusProtocol/Messages/Messages/game/context/fight/GameFightTurnReadyMessage.cs:15	1	isReady:bool
GameFightTurnReadyRequestMessage	379	refs/dofus-emu-dev/DofusProtocol/Messages/Messages/game/context/fight/GameFightTurnReadyRequestMessage.cs:15	1	id:double
GameFightTurnResumeMessage	7389	refs/dofus-emu-dev/DofusProtocol/Messages/Messages/game/context/fight/GameFightTurnResumeMessage.cs:15	1	remainingTime:int
GameFightTurnStartMessage	217	refs/dofus-emu-dev/DofusProtocol/Messages/Messages/game/context/fight/GameFightTurnStartMessage.cs:15	2	id:double;waitTime:int
GameFightTurnStartPlayingMessage	3867	refs/dofus-emu-dev/DofusProtocol/Messages/Messages/game/context/fight/GameFightTurnStartPlayingMessage.cs:15	0	
GameFightUpdateTeamMessage	3874	refs/dofus-emu-dev/DofusProtocol/Messages/Messages/game/context/fight/GameFightUpdateTeamMessage.cs:15	2	fightId:short;team:Types.FightTeamInformations
RefreshCharacterStatsMessage	2710	refs/dofus-emu-dev/DofusProtocol/Messages/Messages/game/context/fight/RefreshCharacterStatsMessage.cs:15	2	fighterId:double;stats:Types.GameFightCharacteristics
SlaveNoLongerControledMessage	1268	refs/dofus-emu-dev/DofusProtocol/Messages/Messages/game/context/fight/SlaveNoLongerControledMessage.cs:15	2	masterId:double;slaveId:double
SlaveSwitchContextMessage	974	refs/dofus-emu-dev/DofusProtocol/Messages/Messages/game/context/fight/SlaveSwitchContextMessage.cs:15	6	masterId:double;slaveId:double;slaveTurn:short;slaveSpells:IEnumerable<Types.SpellItem>;slaveStats:Types.CharacterCharacteristicsInformations;shortcuts:IEnumerable<Types.Shortcut>
ArenaFighterIdleMessage	1701	refs/dofus-emu-dev/DofusProtocol/Messages/Messages/game/context/fight/arena/ArenaFighterIdleMessage.cs:15	0	
ArenaFighterLeaveMessage	3724	refs/dofus-emu-dev/DofusProtocol/Messages/Messages/game/context/fight/arena/ArenaFighterLeaveMessage.cs:15	1	leaver:Types.CharacterBasicMinimalInformations
BreachGameFightEndMessage	9314	refs/dofus-emu-dev/DofusProtocol/Messages/Messages/game/context/fight/breach/BreachGameFightEndMessage.cs:15	1	budget:int
ChallengeAddMessage	8563	refs/dofus-emu-dev/DofusProtocol/Messages/Messages/game/context/fight/challenge/ChallengeAddMessage.cs:15	1	challengeInformation:Types.ChallengeInformation
ChallengeBonusChoiceMessage	2271	refs/dofus-emu-dev/DofusProtocol/Messages/Messages/game/context/fight/challenge/ChallengeBonusChoiceMessage.cs:15	1	challengeBonus:sbyte
ChallengeBonusChoiceSelectedMessage	4926	refs/dofus-emu-dev/DofusProtocol/Messages/Messages/game/context/fight/challenge/ChallengeBonusChoiceSelectedMessage.cs:15	1	challengeBonus:sbyte
ChallengeListMessage	4436	refs/dofus-emu-dev/DofusProtocol/Messages/Messages/game/context/fight/challenge/ChallengeListMessage.cs:15	1	challengesInformation:IEnumerable<Types.ChallengeInformation>
ChallengeModSelectMessage	4455	refs/dofus-emu-dev/DofusProtocol/Messages/Messages/game/context/fight/challenge/ChallengeModSelectMessage.cs:15	1	challengeMod:sbyte
ChallengeModSelectedMessage	4667	refs/dofus-emu-dev/DofusProtocol/Messages/Messages/game/context/fight/challenge/ChallengeModSelectedMessage.cs:15	1	challengeMod:sbyte
ChallengeNumberMessage	2779	refs/dofus-emu-dev/DofusProtocol/Messages/Messages/game/context/fight/challenge/ChallengeNumberMessage.cs:15	1	challengeNumber:int
ChallengeProposalMessage	8830	refs/dofus-emu-dev/DofusProtocol/Messages/Messages/game/context/fight/challenge/ChallengeProposalMessage.cs:15	2	challengeProposals:IEnumerable<Types.ChallengeInformation>;timer:double
ChallengeReadyMessage	9700	refs/dofus-emu-dev/DofusProtocol/Messages/Messages/game/context/fight/challenge/ChallengeReadyMessage.cs:15	1	challengeMod:sbyte
ChallengeResultMessage	5894	refs/dofus-emu-dev/DofusProtocol/Messages/Messages/game/context/fight/challenge/ChallengeResultMessage.cs:15	2	challengeId:int;success:bool
ChallengeSelectedMessage	8045	refs/dofus-emu-dev/DofusProtocol/Messages/Messages/game/context/fight/challenge/ChallengeSelectedMessage.cs:15	1	challengeInformation:Types.ChallengeInformation
ChallengeSelectionMessage	5920	refs/dofus-emu-dev/DofusProtocol/Messages/Messages/game/context/fight/challenge/ChallengeSelectionMessage.cs:15	1	challengeId:int
ChallengeTargetsMessage	9097	refs/dofus-emu-dev/DofusProtocol/Messages/Messages/game/context/fight/challenge/ChallengeTargetsMessage.cs:15	1	challengeInformation:Types.ChallengeInformation
ChallengeTargetsRequestMessage	2450	refs/dofus-emu-dev/DofusProtocol/Messages/Messages/game/context/fight/challenge/ChallengeTargetsRequestMessage.cs:15	1	challengeId:int
ChallengeValidateMessage	8427	refs/dofus-emu-dev/DofusProtocol/Messages/Messages/game/context/fight/challenge/ChallengeValidateMessage.cs:15	1	challengeId:int
GameFightRefreshFighterMessage	3786	refs/dofus-emu-dev/DofusProtocol/Messages/Messages/game/context/fight/character/GameFightRefreshFighterMessage.cs:15	1	informations:Types.GameContextActorInformations
GameFightShowFighterMessage	5747	refs/dofus-emu-dev/DofusProtocol/Messages/Messages/game/context/fight/character/GameFightShowFighterMessage.cs:15	1	informations:Types.GameFightFighterInformations
GameFightShowFighterRandomStaticPoseMessage	7583	refs/dofus-emu-dev/DofusProtocol/Messages/Messages/game/context/fight/character/GameFightShowFighterRandomStaticPoseMessage.cs:15	0	
GameDataPaddockObjectAddMessage	652	refs/dofus-emu-dev/DofusProtocol/Messages/Messages/game/context/mount/GameDataPaddockObjectAddMessage.cs:15	1	paddockItemDescription:Types.PaddockItem
GameDataPaddockObjectListAddMessage	9121	refs/dofus-emu-dev/DofusProtocol/Messages/Messages/game/context/mount/GameDataPaddockObjectListAddMessage.cs:15	1	paddockItemDescription:IEnumerable<Types.PaddockItem>
GameDataPaddockObjectRemoveMessage	9218	refs/dofus-emu-dev/DofusProtocol/Messages/Messages/game/context/mount/GameDataPaddockObjectRemoveMessage.cs:15	1	cellId:short
MountDataErrorMessage	2483	refs/dofus-emu-dev/DofusProtocol/Messages/Messages/game/context/mount/MountDataErrorMessage.cs:15	1	reason:sbyte
MountDataMessage	137	refs/dofus-emu-dev/DofusProtocol/Messages/Messages/game/context/mount/MountDataMessage.cs:15	1	mountData:Types.MountClientData
MountEmoteIconUsedOkMessage	3490	refs/dofus-emu-dev/DofusProtocol/Messages/Messages/game/context/mount/MountEmoteIconUsedOkMessage.cs:15	2	mountId:int;reactionType:sbyte
MountEquipedErrorMessage	5171	refs/dofus-emu-dev/DofusProtocol/Messages/Messages/game/context/mount/MountEquipedErrorMessage.cs:15	1	errorType:sbyte
MountFeedRequestMessage	3038	refs/dofus-emu-dev/DofusProtocol/Messages/Messages/game/context/mount/MountFeedRequestMessage.cs:15	4	mountUid:int;mountLocation:sbyte;mountFoodUid:int;quantity:int
MountHarnessColorsUpdateRequestMessage	4391	refs/dofus-emu-dev/DofusProtocol/Messages/Messages/game/context/mount/MountHarnessColorsUpdateRequestMessage.cs:15	1	useHarnessColors:bool
MountHarnessDissociateRequestMessage	7150	refs/dofus-emu-dev/DofusProtocol/Messages/Messages/game/context/mount/MountHarnessDissociateRequestMessage.cs:15	0	
MountInformationInPaddockRequestMessage	7545	refs/dofus-emu-dev/DofusProtocol/Messages/Messages/game/context/mount/MountInformationInPaddockRequestMessage.cs:15	1	mapRideId:int
MountInformationRequestMessage	826	refs/dofus-emu-dev/DofusProtocol/Messages/Messages/game/context/mount/MountInformationRequestMessage.cs:15	2	id:double;time:double
MountReleaseRequestMessage	1227	refs/dofus-emu-dev/DofusProtocol/Messages/Messages/game/context/mount/MountReleaseRequestMessage.cs:15	0	
MountReleasedMessage	7843	refs/dofus-emu-dev/DofusProtocol/Messages/Messages/game/context/mount/MountReleasedMessage.cs:15	1	mountId:int
MountRenameRequestMessage	4115	refs/dofus-emu-dev/DofusProtocol/Messages/Messages/game/context/mount/MountRenameRequestMessage.cs:15	2	name:string;mountId:int
MountRenamedMessage	2688	refs/dofus-emu-dev/DofusProtocol/Messages/Messages/game/context/mount/MountRenamedMessage.cs:15	2	mountId:int;name:string
MountRidingMessage	3880	refs/dofus-emu-dev/DofusProtocol/Messages/Messages/game/context/mount/MountRidingMessage.cs:15	2	isRiding:bool;isAutopilot:bool
MountSetMessage	110	refs/dofus-emu-dev/DofusProtocol/Messages/Messages/game/context/mount/MountSetMessage.cs:15	1	mountData:Types.MountClientData
MountSetXpRatioRequestMessage	4347	refs/dofus-emu-dev/DofusProtocol/Messages/Messages/game/context/mount/MountSetXpRatioRequestMessage.cs:15	1	xpRatio:sbyte
MountSterilizeRequestMessage	658	refs/dofus-emu-dev/DofusProtocol/Messages/Messages/game/context/mount/MountSterilizeRequestMessage.cs:15	0	
MountSterilizedMessage	9430	refs/dofus-emu-dev/DofusProtocol/Messages/Messages/game/context/mount/MountSterilizedMessage.cs:15	1	mountId:int
MountToggleRidingRequestMessage	1106	refs/dofus-emu-dev/DofusProtocol/Messages/Messages/game/context/mount/MountToggleRidingRequestMessage.cs:15	0	
MountUnSetMessage	8582	refs/dofus-emu-dev/DofusProtocol/Messages/Messages/game/context/mount/MountUnSetMessage.cs:15	0	
MountXpRatioMessage	9050	refs/dofus-emu-dev/DofusProtocol/Messages/Messages/game/context/mount/MountXpRatioMessage.cs:15	1	ratio:sbyte
PaddockBuyRequestMessage	1669	refs/dofus-emu-dev/DofusProtocol/Messages/Messages/game/context/mount/PaddockBuyRequestMessage.cs:15	1	proposedPrice:long
PaddockBuyResultMessage	5838	refs/dofus-emu-dev/DofusProtocol/Messages/Messages/game/context/mount/PaddockBuyResultMessage.cs:15	3	paddockId:double;bought:bool;realPrice:long
PaddockMoveItemRequestMessage	6071	refs/dofus-emu-dev/DofusProtocol/Messages/Messages/game/context/mount/PaddockMoveItemRequestMessage.cs:15	2	oldCellId:short;newCellId:short
PaddockRemoveItemRequestMessage	2191	refs/dofus-emu-dev/DofusProtocol/Messages/Messages/game/context/mount/PaddockRemoveItemRequestMessage.cs:15	1	cellId:short
PaddockSellRequestMessage	6528	refs/dofus-emu-dev/DofusProtocol/Messages/Messages/game/context/mount/PaddockSellRequestMessage.cs:15	2	price:long;forSale:bool
NotificationByServerMessage	3884	refs/dofus-emu-dev/DofusProtocol/Messages/Messages/game/context/notification/NotificationByServerMessage.cs:15	3	id:short;parameters:IEnumerable<string>;forceOpen:bool
NotificationListMessage	7443	refs/dofus-emu-dev/DofusProtocol/Messages/Messages/game/context/notification/NotificationListMessage.cs:15	1	flags:IEnumerable<int>
NotificationResetMessage	4503	refs/dofus-emu-dev/DofusProtocol/Messages/Messages/game/context/notification/NotificationResetMessage.cs:15	0	
NotificationUpdateFlagMessage	8455	refs/dofus-emu-dev/DofusProtocol/Messages/Messages/game/context/notification/NotificationUpdateFlagMessage.cs:15	1	index:short
AnomalySubareaInformationRequestMessage	7452	refs/dofus-emu-dev/DofusProtocol/Messages/Messages/game/context/roleplay/AnomalySubareaInformationRequestMessage.cs:15	0	
AnomalySubareaInformationResponseMessage	9235	refs/dofus-emu-dev/DofusProtocol/Messages/Messages/game/context/roleplay/AnomalySubareaInformationResponseMessage.cs:15	1	subareas:IEnumerable<Types.AnomalySubareaInformation>
ChangeMapMessage	5242	refs/dofus-emu-dev/DofusProtocol/Messages/Messages/game/context/roleplay/ChangeMapMessage.cs:15	2	mapId:double;autopilot:bool
CurrentMapInstanceMessage	5476	refs/dofus-emu-dev/DofusProtocol/Messages/Messages/game/context/roleplay/CurrentMapInstanceMessage.cs:15	1	instantiatedMapId:double
CurrentMapMessage	7991	refs/dofus-emu-dev/DofusProtocol/Messages/Messages/game/context/roleplay/CurrentMapMessage.cs:15	1	mapId:double
DiceRollRequestMessage	8901	refs/dofus-emu-dev/DofusProtocol/Messages/Messages/game/context/roleplay/DiceRollRequestMessage.cs:15	3	dice:int;faces:int;channel:sbyte
ErrorMapNotFoundMessage	8967	refs/dofus-emu-dev/DofusProtocol/Messages/Messages/game/context/roleplay/ErrorMapNotFoundMessage.cs:15	1	mapId:double
GameRolePlayShowActorMessage	1818	refs/dofus-emu-dev/DofusProtocol/Messages/Messages/game/context/roleplay/GameRolePlayShowActorMessage.cs:15	1	informations:Types.GameRolePlayActorInformations
GameRolePlayShowActorWithEventMessage	5	refs/dofus-emu-dev/DofusProtocol/Messages/Messages/game/context/roleplay/GameRolePlayShowActorWithEventMessage.cs:15	1	actorEventId:sbyte
GameRolePlayShowMultipleActorsMessage	323	refs/dofus-emu-dev/DofusProtocol/Messages/Messages/game/context/roleplay/GameRolePlayShowMultipleActorsMessage.cs:15	1	informationsList:IEnumerable<Types.GameRolePlayActorInformations>
MapComplementaryInformationsDataInHavenBagMessage	2021	refs/dofus-emu-dev/DofusProtocol/Messages/Messages/game/context/roleplay/MapComplementaryInformationsDataInHavenBagMessage.cs:15	4	ownerInformations:Types.CharacterMinimalInformations;theme:sbyte;roomId:sbyte;maxRoomId:sbyte
MapComplementaryInformationsDataInHouseMessage	1071	refs/dofus-emu-dev/DofusProtocol/Messages/Messages/game/context/roleplay/MapComplementaryInformationsDataInHouseMessage.cs:15	1	currentHouse:Types.HouseInformationsInside
MapComplementaryInformationsDataMessage	9792	refs/dofus-emu-dev/DofusProtocol/Messages/Messages/game/context/roleplay/MapComplementaryInformationsDataMessage.cs:15	10	subAreaId:short;mapId:double;houses:IEnumerable<Types.HouseInformations>;actors:IEnumerable<Types.GameRolePlayActorInformations>;interactiveElements:IEnumerable<Types.InteractiveElement>;statedElements:IEnumerable<Types.StatedElement>;obstacles:IEnumerable<Types.MapObstacle>;fights:IEnumerable<Types.FightCommonInformations>;hasAggressiveMonsters:bool;fightStartPositions:Types.FightStartingPositions
MapComplementaryInformationsWithCoordsMessage	5198	refs/dofus-emu-dev/DofusProtocol/Messages/Messages/game/context/roleplay/MapComplementaryInformationsWithCoordsMessage.cs:15	2	worldX:short;worldY:short
MapFightCountMessage	2838	refs/dofus-emu-dev/DofusProtocol/Messages/Messages/game/context/roleplay/MapFightCountMessage.cs:15	1	fightCount:short
MapFightStartPositionsUpdateMessage	9437	refs/dofus-emu-dev/DofusProtocol/Messages/Messages/game/context/roleplay/MapFightStartPositionsUpdateMessage.cs:15	2	mapId:double;fightStartPositions:Types.FightStartingPositions
MapInformationsRequestMessage	2408	refs/dofus-emu-dev/DofusProtocol/Messages/Messages/game/context/roleplay/MapInformationsRequestMessage.cs:15	1	mapId:double
MapObstacleUpdateMessage	75	refs/dofus-emu-dev/DofusProtocol/Messages/Messages/game/context/roleplay/MapObstacleUpdateMessage.cs:15	1	obstacles:IEnumerable<Types.MapObstacle>
MapRunningFightDetailsExtendedMessage	8895	refs/dofus-emu-dev/DofusProtocol/Messages/Messages/game/context/roleplay/MapRunningFightDetailsExtendedMessage.cs:15	1	namedPartyTeams:IEnumerable<Types.NamedPartyTeam>
MapRunningFightDetailsMessage	2005	refs/dofus-emu-dev/DofusProtocol/Messages/Messages/game/context/roleplay/MapRunningFightDetailsMessage.cs:15	3	fightId:short;attackers:IEnumerable<Types.GameFightFighterLightInformations>;defenders:IEnumerable<Types.GameFightFighterLightInformations>
MapRunningFightDetailsRequestMessage	337	refs/dofus-emu-dev/DofusProtocol/Messages/Messages/game/context/roleplay/MapRunningFightDetailsRequestMessage.cs:15	1	fightId:short
MapRunningFightListMessage	8225	refs/dofus-emu-dev/DofusProtocol/Messages/Messages/game/context/roleplay/MapRunningFightListMessage.cs:15	1	fights:IEnumerable<Types.FightExternalInformations>
MapRunningFightListRequestMessage	1925	refs/dofus-emu-dev/DofusProtocol/Messages/Messages/game/context/roleplay/MapRunningFightListRequestMessage.cs:15	0	
StopToListenRunningFightRequestMessage	3109	refs/dofus-emu-dev/DofusProtocol/Messages/Messages/game/context/roleplay/StopToListenRunningFightRequestMessage.cs:15	0	
SubareaRewardRateMessage	1678	refs/dofus-emu-dev/DofusProtocol/Messages/Messages/game/context/roleplay/SubareaRewardRateMessage.cs:15	1	subAreaRate:short
TeleportOnSameMapMessage	6669	refs/dofus-emu-dev/DofusProtocol/Messages/Messages/game/context/roleplay/TeleportOnSameMapMessage.cs:15	2	targetId:double;cellId:short
AlignmentWarEffortProgressionMessage	2045	refs/dofus-emu-dev/DofusProtocol/Messages/Messages/game/context/roleplay/alignment/war/effort/AlignmentWarEffortProgressionMessage.cs:15	1	effortProgressions:IEnumerable<Types.AlignmentWarEffortInformation>
AlignmentWarEffortProgressionRequestMessage	4321	refs/dofus-emu-dev/DofusProtocol/Messages/Messages/game/context/roleplay/alignment/war/effort/AlignmentWarEffortProgressionRequestMessage.cs:15	0	
AnomalyOpenedMessage	1124	refs/dofus-emu-dev/DofusProtocol/Messages/Messages/game/context/roleplay/anomaly/AnomalyOpenedMessage.cs:15	1	subAreaId:short
AnomalyStateMessage	9316	refs/dofus-emu-dev/DofusProtocol/Messages/Messages/game/context/roleplay/anomaly/AnomalyStateMessage.cs:15	3	subAreaId:short;open:bool;closingTime:long
MapComplementaryInformationsAnomalyMessage	7688	refs/dofus-emu-dev/DofusProtocol/Messages/Messages/game/context/roleplay/anomaly/MapComplementaryInformationsAnomalyMessage.cs:15	2	level:short;closingTime:long
BreachBonusMessage	427	refs/dofus-emu-dev/DofusProtocol/Messages/Messages/game/context/roleplay/breach/BreachBonusMessage.cs:15	1	bonus:Types.ObjectEffectInteger
BreachBudgetMessage	9989	refs/dofus-emu-dev/DofusProtocol/Messages/Messages/game/context/roleplay/breach/BreachBudgetMessage.cs:15	1	bugdet:int
BreachCharactersMessage	6556	refs/dofus-emu-dev/DofusProtocol/Messages/Messages/game/context/roleplay/breach/BreachCharactersMessage.cs:15	1	characters:IEnumerable<long>
BreachEnterMessage	9138	refs/dofus-emu-dev/DofusProtocol/Messages/Messages/game/context/roleplay/breach/BreachEnterMessage.cs:15	1	owner:long
BreachExitRequestMessage	6366	refs/dofus-emu-dev/DofusProtocol/Messages/Messages/game/context/roleplay/breach/BreachExitRequestMessage.cs:15	0	
BreachExitResponseMessage	6746	refs/dofus-emu-dev/DofusProtocol/Messages/Messages/game/context/roleplay/breach/BreachExitResponseMessage.cs:15	1	exited:bool
BreachRoomLockedMessage	8241	refs/dofus-emu-dev/DofusProtocol/Messages/Messages/game/context/roleplay/breach/BreachRoomLockedMessage.cs:15	0	
BreachRoomUnlockRequestMessage	5483	refs/dofus-emu-dev/DofusProtocol/Messages/Messages/game/context/roleplay/breach/BreachRoomUnlockRequestMessage.cs:15	1	roomId:sbyte
BreachRoomUnlockResultMessage	7028	refs/dofus-emu-dev/DofusProtocol/Messages/Messages/game/context/roleplay/breach/BreachRoomUnlockResultMessage.cs:15	2	roomId:sbyte;result:sbyte
BreachSavedMessage	21	refs/dofus-emu-dev/DofusProtocol/Messages/Messages/game/context/roleplay/breach/BreachSavedMessage.cs:15	1	saved:bool
BreachStateMessage	8989	refs/dofus-emu-dev/DofusProtocol/Messages/Messages/game/context/roleplay/breach/BreachStateMessage.cs:15	4	owner:Types.CharacterMinimalInformations;bonuses:IEnumerable<Types.ObjectEffectInteger>;bugdet:int;saved:bool
BreachTeleportRequestMessage	2317	refs/dofus-emu-dev/DofusProtocol/Messages/Messages/game/context/roleplay/breach/BreachTeleportRequestMessage.cs:15	0	
BreachTeleportResponseMessage	1178	refs/dofus-emu-dev/DofusProtocol/Messages/Messages/game/context/roleplay/breach/BreachTeleportResponseMessage.cs:15	1	teleported:bool
MapComplementaryInformationsBreachMessage	4428	refs/dofus-emu-dev/DofusProtocol/Messages/Messages/game/context/roleplay/breach/MapComplementaryInformationsBreachMessage.cs:15	4	floor:int;room:sbyte;infinityMode:short;branches:IEnumerable<Types.BreachBranch>
BreachBranchesMessage	1486	refs/dofus-emu-dev/DofusProtocol/Messages/Messages/game/context/roleplay/breach/branch/BreachBranchesMessage.cs:15	1	branches:IEnumerable<Types.ExtendedBreachBranch>
BreachInvitationAnswerMessage	2262	refs/dofus-emu-dev/DofusProtocol/Messages/Messages/game/context/roleplay/breach/meeting/BreachInvitationAnswerMessage.cs:15	1	accept:bool
BreachInvitationCloseMessage	6049	refs/dofus-emu-dev/DofusProtocol/Messages/Messages/game/context/roleplay/breach/meeting/BreachInvitationCloseMessage.cs:15	1	host:Types.CharacterMinimalInformations
BreachInvitationOfferMessage	5842	refs/dofus-emu-dev/DofusProtocol/Messages/Messages/game/context/roleplay/breach/meeting/BreachInvitationOfferMessage.cs:15	2	host:Types.CharacterMinimalInformations;timeLeftBeforeCancel:int
BreachInvitationRequestMessage	4414	refs/dofus-emu-dev/DofusProtocol/Messages/Messages/game/context/roleplay/breach/meeting/BreachInvitationRequestMessage.cs:15	1	guests:IEnumerable<long>
BreachInvitationResponseMessage	9260	refs/dofus-emu-dev/DofusProtocol/Messages/Messages/game/context/roleplay/breach/meeting/BreachInvitationResponseMessage.cs:15	2	guest:Types.CharacterMinimalInformations;accept:bool
BreachKickRequestMessage	4588	refs/dofus-emu-dev/DofusProtocol/Messages/Messages/game/context/roleplay/breach/meeting/BreachKickRequestMessage.cs:15	1	target:long
BreachKickResponseMessage	5018	refs/dofus-emu-dev/DofusProtocol/Messages/Messages/game/context/roleplay/breach/meeting/BreachKickResponseMessage.cs:15	2	target:Types.CharacterMinimalInformations;kicked:bool
BreachRewardBoughtMessage	560	refs/dofus-emu-dev/DofusProtocol/Messages/Messages/game/context/roleplay/breach/reward/BreachRewardBoughtMessage.cs:15	2	id:int;bought:bool
BreachRewardBuyMessage	3872	refs/dofus-emu-dev/DofusProtocol/Messages/Messages/game/context/roleplay/breach/reward/BreachRewardBuyMessage.cs:15	1	id:int
BreachRewardsMessage	1741	refs/dofus-emu-dev/DofusProtocol/Messages/Messages/game/context/roleplay/breach/reward/BreachRewardsMessage.cs:15	1	rewards:IEnumerable<Types.BreachReward>
GameRolePlayFreeSoulRequestMessage	3818	refs/dofus-emu-dev/DofusProtocol/Messages/Messages/game/context/roleplay/death/GameRolePlayFreeSoulRequestMessage.cs:15	0	
GameRolePlayGameOverMessage	3824	refs/dofus-emu-dev/DofusProtocol/Messages/Messages/game/context/roleplay/death/GameRolePlayGameOverMessage.cs:15	0	
GameRolePlayPlayerLifeStatusMessage	8693	refs/dofus-emu-dev/DofusProtocol/Messages/Messages/game/context/roleplay/death/GameRolePlayPlayerLifeStatusMessage.cs:15	2	state:sbyte;phenixMapId:double
WarnOnPermaDeathMessage	4732	refs/dofus-emu-dev/DofusProtocol/Messages/Messages/game/context/roleplay/death/WarnOnPermaDeathMessage.cs:15	1	enable:bool
GameRolePlayDelayedActionFinishedMessage	7896	refs/dofus-emu-dev/DofusProtocol/Messages/Messages/game/context/roleplay/delay/GameRolePlayDelayedActionFinishedMessage.cs:15	2	delayedCharacterId:double;delayTypeId:sbyte
GameRolePlayDelayedActionMessage	4358	refs/dofus-emu-dev/DofusProtocol/Messages/Messages/game/context/roleplay/delay/GameRolePlayDelayedActionMessage.cs:15	3	delayedCharacterId:double;delayTypeId:sbyte;delayEndTime:double
GameRolePlayDelayedObjectUseMessage	3110	refs/dofus-emu-dev/DofusProtocol/Messages/Messages/game/context/roleplay/delay/GameRolePlayDelayedObjectUseMessage.cs:15	1	objectGID:int
DocumentReadingBeginMessage	9246	refs/dofus-emu-dev/DofusProtocol/Messages/Messages/game/context/roleplay/document/DocumentReadingBeginMessage.cs:15	1	documentId:short
OpenGuideBookMessage	9970	refs/dofus-emu-dev/DofusProtocol/Messages/Messages/game/context/roleplay/document/OpenGuideBookMessage.cs:15	1	articleId:short
EmoteAddMessage	2112	refs/dofus-emu-dev/DofusProtocol/Messages/Messages/game/context/roleplay/emote/EmoteAddMessage.cs:15	1	emoteId:short
EmoteListMessage	6038	refs/dofus-emu-dev/DofusProtocol/Messages/Messages/game/context/roleplay/emote/EmoteListMessage.cs:15	1	emoteIds:IEnumerable<short>
EmotePlayAbstractMessage	8135	refs/dofus-emu-dev/DofusProtocol/Messages/Messages/game/context/roleplay/emote/EmotePlayAbstractMessage.cs:15	2	emoteId:short;emoteStartTime:double
EmotePlayErrorMessage	7853	refs/dofus-emu-dev/DofusProtocol/Messages/Messages/game/context/roleplay/emote/EmotePlayErrorMessage.cs:15	1	emoteId:short
EmotePlayMassiveMessage	1886	refs/dofus-emu-dev/DofusProtocol/Messages/Messages/game/context/roleplay/emote/EmotePlayMassiveMessage.cs:15	1	actorIds:IEnumerable<double>
EmotePlayMessage	3198	refs/dofus-emu-dev/DofusProtocol/Messages/Messages/game/context/roleplay/emote/EmotePlayMessage.cs:15	2	actorId:double;accountId:int
EmotePlayRequestMessage	7754	refs/dofus-emu-dev/DofusProtocol/Messages/Messages/game/context/roleplay/emote/EmotePlayRequestMessage.cs:15	1	emoteId:short
EmoteRemoveMessage	4524	refs/dofus-emu-dev/DofusProtocol/Messages/Messages/game/context/roleplay/emote/EmoteRemoveMessage.cs:15	1	emoteId:short
GameRolePlayAggressionMessage	6235	refs/dofus-emu-dev/DofusProtocol/Messages/Messages/game/context/roleplay/fight/GameRolePlayAggressionMessage.cs:15	2	attackerId:long;defenderId:long
GameRolePlayAttackMonsterRequestMessage	9329	refs/dofus-emu-dev/DofusProtocol/Messages/Messages/game/context/roleplay/fight/GameRolePlayAttackMonsterRequestMessage.cs:15	1	monsterGroupId:double
GameRolePlayFightRequestCanceledMessage	5826	refs/dofus-emu-dev/DofusProtocol/Messages/Messages/game/context/roleplay/fight/GameRolePlayFightRequestCanceledMessage.cs:15	3	fightId:short;sourceId:double;targetId:double
GameRolePlayMonsterAngryAtPlayerMessage	9879	refs/dofus-emu-dev/DofusProtocol/Messages/Messages/game/context/roleplay/fight/GameRolePlayMonsterAngryAtPlayerMessage.cs:15	4	playerId:long;monsterGroupId:double;angryStartTime:double;attackTime:double
GameRolePlayMonsterNotAngryAtPlayerMessage	5585	refs/dofus-emu-dev/DofusProtocol/Messages/Messages/game/context/roleplay/fight/GameRolePlayMonsterNotAngryAtPlayerMessage.cs:15	2	playerId:long;monsterGroupId:double
GameRolePlayPlayerFightFriendlyAnswerMessage	1704	refs/dofus-emu-dev/DofusProtocol/Messages/Messages/game/context/roleplay/fight/GameRolePlayPlayerFightFriendlyAnswerMessage.cs:15	2	fightId:short;accept:bool
GameRolePlayPlayerFightFriendlyAnsweredMessage	1668	refs/dofus-emu-dev/DofusProtocol/Messages/Messages/game/context/roleplay/fight/GameRolePlayPlayerFightFriendlyAnsweredMessage.cs:15	4	fightId:short;sourceId:long;targetId:long;accept:bool
GameRolePlayPlayerFightFriendlyRequestedMessage	4626	refs/dofus-emu-dev/DofusProtocol/Messages/Messages/game/context/roleplay/fight/GameRolePlayPlayerFightFriendlyRequestedMessage.cs:15	3	fightId:short;sourceId:long;targetId:long
GameRolePlayPlayerFightRequestMessage	6628	refs/dofus-emu-dev/DofusProtocol/Messages/Messages/game/context/roleplay/fight/GameRolePlayPlayerFightRequestMessage.cs:15	3	targetId:long;targetCellId:short;friendly:bool
GameRolePlayRemoveChallengeMessage	3370	refs/dofus-emu-dev/DofusProtocol/Messages/Messages/game/context/roleplay/fight/GameRolePlayRemoveChallengeMessage.cs:15	1	fightId:short
GameRolePlayShowChallengeMessage	7254	refs/dofus-emu-dev/DofusProtocol/Messages/Messages/game/context/roleplay/fight/GameRolePlayShowChallengeMessage.cs:15	1	commonsInfos:Types.FightCommonInformations
ArenaFightAnswerAcknowledgementMessage	2033	refs/dofus-emu-dev/DofusProtocol/Messages/Messages/game/context/roleplay/fight/arena/ArenaFightAnswerAcknowledgementMessage.cs:15	1	acknowledged:bool
GameRolePlayArenaFightAnswerMessage	7230	refs/dofus-emu-dev/DofusProtocol/Messages/Messages/game/context/roleplay/fight/arena/GameRolePlayArenaFightAnswerMessage.cs:15	2	fightId:short;accept:bool
GameRolePlayArenaFightPropositionMessage	5667	refs/dofus-emu-dev/DofusProtocol/Messages/Messages/game/context/roleplay/fight/arena/GameRolePlayArenaFightPropositionMessage.cs:15	3	fightId:short;alliesId:IEnumerable<double>;duration:short
GameRolePlayArenaFighterStatusMessage	3114	refs/dofus-emu-dev/DofusProtocol/Messages/Messages/game/context/roleplay/fight/arena/GameRolePlayArenaFighterStatusMessage.cs:15	3	fightId:short;playerId:long;accepted:bool
GameRolePlayArenaInvitationCandidatesAnswerMessage	953	refs/dofus-emu-dev/DofusProtocol/Messages/Messages/game/context/roleplay/fight/arena/GameRolePlayArenaInvitationCandidatesAnswerMessage.cs:15	1	candidates:IEnumerable<Types.LeagueFriendInformations>
GameRolePlayArenaLeagueRewardsMessage	7599	refs/dofus-emu-dev/DofusProtocol/Messages/Messages/game/context/roleplay/fight/arena/GameRolePlayArenaLeagueRewardsMessage.cs:15	4	seasonId:short;leagueId:short;ladderPosition:int;endSeasonReward:bool
GameRolePlayArenaPlayerBehavioursMessage	1302	refs/dofus-emu-dev/DofusProtocol/Messages/Messages/game/context/roleplay/fight/arena/GameRolePlayArenaPlayerBehavioursMessage.cs:15	3	flags:IEnumerable<string>;sanctions:IEnumerable<string>;banDuration:int
GameRolePlayArenaRegisterMessage	2855	refs/dofus-emu-dev/DofusProtocol/Messages/Messages/game/context/roleplay/fight/arena/GameRolePlayArenaRegisterMessage.cs:15	1	arenaType:int
GameRolePlayArenaRegistrationStatusMessage	4586	refs/dofus-emu-dev/DofusProtocol/Messages/Messages/game/context/roleplay/fight/arena/GameRolePlayArenaRegistrationStatusMessage.cs:15	3	registered:bool;step:sbyte;battleMode:int
GameRolePlayArenaRegistrationWarningMessage	8542	refs/dofus-emu-dev/DofusProtocol/Messages/Messages/game/context/roleplay/fight/arena/GameRolePlayArenaRegistrationWarningMessage.cs:15	1	battleMode:int
GameRolePlayArenaSwitchToFightServerMessage	4751	refs/dofus-emu-dev/DofusProtocol/Messages/Messages/game/context/roleplay/fight/arena/GameRolePlayArenaSwitchToFightServerMessage.cs:15	3	address:string;ports:IEnumerable<short>;token:string
GameRolePlayArenaSwitchToGameServerMessage	6763	refs/dofus-emu-dev/DofusProtocol/Messages/Messages/game/context/roleplay/fight/arena/GameRolePlayArenaSwitchToGameServerMessage.cs:15	3	validToken:bool;token:string;homeServerId:short
GameRolePlayArenaUnregisterMessage	326	refs/dofus-emu-dev/DofusProtocol/Messages/Messages/game/context/roleplay/fight/arena/GameRolePlayArenaUnregisterMessage.cs:15	0	
GameRolePlayArenaUpdatePlayerInfosMessage	1665	refs/dofus-emu-dev/DofusProtocol/Messages/Messages/game/context/roleplay/fight/arena/GameRolePlayArenaUpdatePlayerInfosMessage.cs:15	2	arenaRanks:IEnumerable<Types.ArenaRankInfos>;banEndDate:double
SwitchArenaXpRewardsModeMessage	4870	refs/dofus-emu-dev/DofusProtocol/Messages/Messages/game/context/roleplay/fight/arena/SwitchArenaXpRewardsModeMessage.cs:15	1	xpRewards:bool
ChangeHavenBagRoomRequestMessage	980	refs/dofus-emu-dev/DofusProtocol/Messages/Messages/game/context/roleplay/havenbag/ChangeHavenBagRoomRequestMessage.cs:15	1	roomId:sbyte
ChangeThemeRequestMessage	4899	refs/dofus-emu-dev/DofusProtocol/Messages/Messages/game/context/roleplay/havenbag/ChangeThemeRequestMessage.cs:15	1	theme:sbyte
CloseHavenBagFurnitureSequenceRequestMessage	6165	refs/dofus-emu-dev/DofusProtocol/Messages/Messages/game/context/roleplay/havenbag/CloseHavenBagFurnitureSequenceRequestMessage.cs:15	0	
EditHavenBagCancelRequestMessage	8480	refs/dofus-emu-dev/DofusProtocol/Messages/Messages/game/context/roleplay/havenbag/EditHavenBagCancelRequestMessage.cs:15	0	
EditHavenBagFinishedMessage	2362	refs/dofus-emu-dev/DofusProtocol/Messages/Messages/game/context/roleplay/havenbag/EditHavenBagFinishedMessage.cs:15	0	
EditHavenBagRequestMessage	6707	refs/dofus-emu-dev/DofusProtocol/Messages/Messages/game/context/roleplay/havenbag/EditHavenBagRequestMessage.cs:15	0	
EditHavenBagStartMessage	9417	refs/dofus-emu-dev/DofusProtocol/Messages/Messages/game/context/roleplay/havenbag/EditHavenBagStartMessage.cs:15	0	
EnterHavenBagRequestMessage	4036	refs/dofus-emu-dev/DofusProtocol/Messages/Messages/game/context/roleplay/havenbag/EnterHavenBagRequestMessage.cs:15	1	havenBagOwner:long
ExitHavenBagRequestMessage	1472	refs/dofus-emu-dev/DofusProtocol/Messages/Messages/game/context/roleplay/havenbag/ExitHavenBagRequestMessage.cs:15	0	
HavenBagDailyLoteryMessage	9352	refs/dofus-emu-dev/DofusProtocol/Messages/Messages/game/context/roleplay/havenbag/HavenBagDailyLoteryMessage.cs:15	2	returnType:sbyte;gameActionId:string
HavenBagFurnituresMessage	135	refs/dofus-emu-dev/DofusProtocol/Messages/Messages/game/context/roleplay/havenbag/HavenBagFurnituresMessage.cs:15	1	furnituresInfos:IEnumerable<Types.HavenBagFurnitureInformation>
HavenBagFurnituresRequestMessage	5127	refs/dofus-emu-dev/DofusProtocol/Messages/Messages/game/context/roleplay/havenbag/HavenBagFurnituresRequestMessage.cs:15	3	cellIds:IEnumerable<short>;funitureIds:IEnumerable<int>;orientations:IEnumerable<sbyte>
HavenBagPackListMessage	9897	refs/dofus-emu-dev/DofusProtocol/Messages/Messages/game/context/roleplay/havenbag/HavenBagPackListMessage.cs:15	1	packIds:IEnumerable<sbyte>
HavenBagRoomUpdateMessage	5461	refs/dofus-emu-dev/DofusProtocol/Messages/Messages/game/context/roleplay/havenbag/HavenBagRoomUpdateMessage.cs:15	2	action:sbyte;roomsPreview:IEnumerable<Types.HavenBagRoomPreviewInformation>
KickHavenBagRequestMessage	3554	refs/dofus-emu-dev/DofusProtocol/Messages/Messages/game/context/roleplay/havenbag/KickHavenBagRequestMessage.cs:15	1	guestId:long
OpenHavenBagFurnitureSequenceRequestMessage	7398	refs/dofus-emu-dev/DofusProtocol/Messages/Messages/game/context/roleplay/havenbag/OpenHavenBagFurnitureSequenceRequestMessage.cs:15	0	
HavenBagPermissionsUpdateMessage	7957	refs/dofus-emu-dev/DofusProtocol/Messages/Messages/game/context/roleplay/havenbag/meeting/HavenBagPermissionsUpdateMessage.cs:15	1	permissions:int
HavenBagPermissionsUpdateRequestMessage	958	refs/dofus-emu-dev/DofusProtocol/Messages/Messages/game/context/roleplay/havenbag/meeting/HavenBagPermissionsUpdateRequestMessage.cs:15	1	permissions:int
InviteInHavenBagClosedMessage	8001	refs/dofus-emu-dev/DofusProtocol/Messages/Messages/game/context/roleplay/havenbag/meeting/InviteInHavenBagClosedMessage.cs:15	1	hostInformations:Types.CharacterMinimalInformations
InviteInHavenBagMessage	949	refs/dofus-emu-dev/DofusProtocol/Messages/Messages/game/context/roleplay/havenbag/meeting/InviteInHavenBagMessage.cs:15	2	guestInformations:Types.CharacterMinimalInformations;accept:bool
InviteInHavenBagOfferMessage	5037	refs/dofus-emu-dev/DofusProtocol/Messages/Messages/game/context/roleplay/havenbag/meeting/InviteInHavenBagOfferMessage.cs:15	2	hostInformations:Types.CharacterMinimalInformations;timeLeftBeforeCancel:int
TeleportHavenBagAnswerMessage	9340	refs/dofus-emu-dev/DofusProtocol/Messages/Messages/game/context/roleplay/havenbag/meeting/TeleportHavenBagAnswerMessage.cs:15	1	accept:bool
TeleportHavenBagRequestMessage	8587	refs/dofus-emu-dev/DofusProtocol/Messages/Messages/game/context/roleplay/havenbag/meeting/TeleportHavenBagRequestMessage.cs:15	1	guestId:long
AccountHouseMessage	7345	refs/dofus-emu-dev/DofusProtocol/Messages/Messages/game/context/roleplay/houses/AccountHouseMessage.cs:15	1	houses:IEnumerable<Types.AccountHouseInformations>
HouseBuyRequestMessage	5849	refs/dofus-emu-dev/DofusProtocol/Messages/Messages/game/context/roleplay/houses/HouseBuyRequestMessage.cs:15	1	proposedPrice:long
HouseBuyResultMessage	4284	refs/dofus-emu-dev/DofusProtocol/Messages/Messages/game/context/roleplay/houses/HouseBuyResultMessage.cs:15	5	secondHand:bool;bought:bool;houseId:int;instanceId:int;realPrice:long
HouseKickRequestMessage	7559	refs/dofus-emu-dev/DofusProtocol/Messages/Messages/game/context/roleplay/houses/HouseKickRequestMessage.cs:15	1	id:long
HouseLockFromInsideRequestMessage	9529	refs/dofus-emu-dev/DofusProtocol/Messages/Messages/game/context/roleplay/houses/HouseLockFromInsideRequestMessage.cs:15	0	
HousePropertiesMessage	3385	refs/dofus-emu-dev/DofusProtocol/Messages/Messages/game/context/roleplay/houses/HousePropertiesMessage.cs:15	3	houseId:int;doorsOnMap:IEnumerable<int>;properties:Types.HouseInstanceInformations
HouseSellFromInsideRequestMessage	6061	refs/dofus-emu-dev/DofusProtocol/Messages/Messages/game/context/roleplay/houses/HouseSellFromInsideRequestMessage.cs:15	0	
HouseSellRequestMessage	1606	refs/dofus-emu-dev/DofusProtocol/Messages/Messages/game/context/roleplay/houses/HouseSellRequestMessage.cs:15	3	instanceId:int;amount:long;forSale:bool
HouseSellingUpdateMessage	6800	refs/dofus-emu-dev/DofusProtocol/Messages/Messages/game/context/roleplay/houses/HouseSellingUpdateMessage.cs:15	5	houseId:int;instanceId:int;secondHand:bool;realPrice:long;buyerTag:Types.AccountTagInformation
HouseToSellFilterMessage	9188	refs/dofus-emu-dev/DofusProtocol/Messages/Messages/game/context/roleplay/houses/HouseToSellFilterMessage.cs:15	6	areaId:int;atLeastNbRoom:sbyte;atLeastNbChest:sbyte;skillRequested:short;maxPrice:long;orderBy:sbyte
HouseToSellListMessage	8317	refs/dofus-emu-dev/DofusProtocol/Messages/Messages/game/context/roleplay/houses/HouseToSellListMessage.cs:15	3	pageIndex:short;totalPage:short;houseList:IEnumerable<Types.HouseInformationsForSell>
HouseToSellListRequestMessage	6950	refs/dofus-emu-dev/DofusProtocol/Messages/Messages/game/context/roleplay/houses/HouseToSellListRequestMessage.cs:15	1	pageIndex:short
HouseGuildNoneMessage	7676	refs/dofus-emu-dev/DofusProtocol/Messages/Messages/game/context/roleplay/houses/guild/HouseGuildNoneMessage.cs:15	3	houseId:int;instanceId:int;secondHand:bool
HouseGuildRightsMessage	8722	refs/dofus-emu-dev/DofusProtocol/Messages/Messages/game/context/roleplay/houses/guild/HouseGuildRightsMessage.cs:15	5	houseId:int;instanceId:int;secondHand:bool;guildInfo:Types.GuildInformations;rights:int
HouseGuildRightsViewMessage	9956	refs/dofus-emu-dev/DofusProtocol/Messages/Messages/game/context/roleplay/houses/guild/HouseGuildRightsViewMessage.cs:15	2	houseId:int;instanceId:int
HouseGuildShareRequestMessage	5369	refs/dofus-emu-dev/DofusProtocol/Messages/Messages/game/context/roleplay/houses/guild/HouseGuildShareRequestMessage.cs:15	4	houseId:int;instanceId:int;enable:bool;rights:int
JobAllowMultiCraftRequestMessage	1737	refs/dofus-emu-dev/DofusProtocol/Messages/Messages/game/context/roleplay/job/JobAllowMultiCraftRequestMessage.cs:15	1	enabled:bool
JobBookSubscriptionMessage	6723	refs/dofus-emu-dev/DofusProtocol/Messages/Messages/game/context/roleplay/job/JobBookSubscriptionMessage.cs:15	1	subscriptions:IEnumerable<Types.JobBookSubscription>
JobCrafterDirectoryAddMessage	9328	refs/dofus-emu-dev/DofusProtocol/Messages/Messages/game/context/roleplay/job/JobCrafterDirectoryAddMessage.cs:15	1	listEntry:Types.JobCrafterDirectoryListEntry
JobCrafterDirectoryDefineSettingsMessage	5859	refs/dofus-emu-dev/DofusProtocol/Messages/Messages/game/context/roleplay/job/JobCrafterDirectoryDefineSettingsMessage.cs:15	1	settings:Types.JobCrafterDirectorySettings
JobCrafterDirectoryEntryMessage	2116	refs/dofus-emu-dev/DofusProtocol/Messages/Messages/game/context/roleplay/job/JobCrafterDirectoryEntryMessage.cs:15	3	playerInfo:Types.JobCrafterDirectoryEntryPlayerInfo;jobInfoList:IEnumerable<Types.JobCrafterDirectoryEntryJobInfo>;playerLook:Types.EntityLook
JobCrafterDirectoryEntryRequestMessage	1749	refs/dofus-emu-dev/DofusProtocol/Messages/Messages/game/context/roleplay/job/JobCrafterDirectoryEntryRequestMessage.cs:15	1	playerId:long
JobCrafterDirectoryListMessage	8710	refs/dofus-emu-dev/DofusProtocol/Messages/Messages/game/context/roleplay/job/JobCrafterDirectoryListMessage.cs:15	1	listEntries:IEnumerable<Types.JobCrafterDirectoryListEntry>
JobCrafterDirectoryListRequestMessage	5876	refs/dofus-emu-dev/DofusProtocol/Messages/Messages/game/context/roleplay/job/JobCrafterDirectoryListRequestMessage.cs:15	1	jobId:sbyte
JobCrafterDirectoryRemoveMessage	3245	refs/dofus-emu-dev/DofusProtocol/Messages/Messages/game/context/roleplay/job/JobCrafterDirectoryRemoveMessage.cs:15	2	jobId:sbyte;playerId:long
JobCrafterDirectorySettingsMessage	9206	refs/dofus-emu-dev/DofusProtocol/Messages/Messages/game/context/roleplay/job/JobCrafterDirectorySettingsMessage.cs:15	1	craftersSettings:IEnumerable<Types.JobCrafterDirectorySettings>
JobDescriptionMessage	9539	refs/dofus-emu-dev/DofusProtocol/Messages/Messages/game/context/roleplay/job/JobDescriptionMessage.cs:15	1	jobsDescription:IEnumerable<Types.JobDescription>
JobExperienceMultiUpdateMessage	8763	refs/dofus-emu-dev/DofusProtocol/Messages/Messages/game/context/roleplay/job/JobExperienceMultiUpdateMessage.cs:15	1	experiencesUpdate:IEnumerable<Types.JobExperience>
JobExperienceOtherPlayerUpdateMessage	1331	refs/dofus-emu-dev/DofusProtocol/Messages/Messages/game/context/roleplay/job/JobExperienceOtherPlayerUpdateMessage.cs:15	1	playerId:long
JobExperienceUpdateMessage	6979	refs/dofus-emu-dev/DofusProtocol/Messages/Messages/game/context/roleplay/job/JobExperienceUpdateMessage.cs:15	1	experiencesUpdate:Types.JobExperience
JobLevelUpMessage	386	refs/dofus-emu-dev/DofusProtocol/Messages/Messages/game/context/roleplay/job/JobLevelUpMessage.cs:15	2	newLevel:sbyte;jobsDescription:Types.JobDescription
JobMultiCraftAvailableSkillsMessage	8902	refs/dofus-emu-dev/DofusProtocol/Messages/Messages/game/context/roleplay/job/JobMultiCraftAvailableSkillsMessage.cs:15	2	playerId:long;skills:IEnumerable<short>
LockableChangeCodeMessage	9751	refs/dofus-emu-dev/DofusProtocol/Messages/Messages/game/context/roleplay/lockable/LockableChangeCodeMessage.cs:15	1	code:string
LockableCodeResultMessage	7522	refs/dofus-emu-dev/DofusProtocol/Messages/Messages/game/context/roleplay/lockable/LockableCodeResultMessage.cs:15	1	result:sbyte
LockableShowCodeDialogMessage	9268	refs/dofus-emu-dev/DofusProtocol/Messages/Messages/game/context/roleplay/lockable/LockableShowCodeDialogMessage.cs:15	2	changeOrUse:bool;codeSize:sbyte
LockableStateUpdateAbstractMessage	107	refs/dofus-emu-dev/DofusProtocol/Messages/Messages/game/context/roleplay/lockable/LockableStateUpdateAbstractMessage.cs:15	1	locked:bool
LockableStateUpdateHouseDoorMessage	7692	refs/dofus-emu-dev/DofusProtocol/Messages/Messages/game/context/roleplay/lockable/LockableStateUpdateHouseDoorMessage.cs:15	3	houseId:int;instanceId:int;secondHand:bool
LockableStateUpdateStorageMessage	569	refs/dofus-emu-dev/DofusProtocol/Messages/Messages/game/context/roleplay/lockable/LockableStateUpdateStorageMessage.cs:15	2	mapId:double;elementId:int
LockableUseCodeMessage	3147	refs/dofus-emu-dev/DofusProtocol/Messages/Messages/game/context/roleplay/lockable/LockableUseCodeMessage.cs:15	1	code:string
AlliancePrismDialogQuestionMessage	3125	refs/dofus-emu-dev/DofusProtocol/Messages/Messages/game/context/roleplay/npc/AlliancePrismDialogQuestionMessage.cs:15	0	
EntityTalkMessage	1171	refs/dofus-emu-dev/DofusProtocol/Messages/Messages/game/context/roleplay/npc/EntityTalkMessage.cs:15	3	entityId:double;textId:short;parameters:IEnumerable<string>
ListMapNpcsQuestStatusUpdateMessage	5023	refs/dofus-emu-dev/DofusProtocol/Messages/Messages/game/context/roleplay/npc/ListMapNpcsQuestStatusUpdateMessage.cs:15	1	mapInfo:IEnumerable<Types.MapNpcQuestInfo>
NpcDialogCreationMessage	3289	refs/dofus-emu-dev/DofusProtocol/Messages/Messages/game/context/roleplay/npc/NpcDialogCreationMessage.cs:15	2	mapId:double;npcId:int
NpcDialogQuestionMessage	5481	refs/dofus-emu-dev/DofusProtocol/Messages/Messages/game/context/roleplay/npc/NpcDialogQuestionMessage.cs:15	3	messageId:int;dialogParams:IEnumerable<string>;visibleReplies:IEnumerable<int>
NpcDialogReplyMessage	4752	refs/dofus-emu-dev/DofusProtocol/Messages/Messages/game/context/roleplay/npc/NpcDialogReplyMessage.cs:15	1	replyId:int
NpcGenericActionFailureMessage	5877	refs/dofus-emu-dev/DofusProtocol/Messages/Messages/game/context/roleplay/npc/NpcGenericActionFailureMessage.cs:15	0	
NpcGenericActionRequestMessage	6670	refs/dofus-emu-dev/DofusProtocol/Messages/Messages/game/context/roleplay/npc/NpcGenericActionRequestMessage.cs:15	3	npcId:int;npcActionId:sbyte;npcMapId:double
PortalDialogCreationMessage	6302	refs/dofus-emu-dev/DofusProtocol/Messages/Messages/game/context/roleplay/npc/PortalDialogCreationMessage.cs:15	1	type:int
TaxCollectorDialogQuestionBasicMessage	3500	refs/dofus-emu-dev/DofusProtocol/Messages/Messages/game/context/roleplay/npc/TaxCollectorDialogQuestionBasicMessage.cs:15	1	allianceInfo:Types.BasicAllianceInformations
TaxCollectorDialogQuestionExtendedMessage	8713	refs/dofus-emu-dev/DofusProtocol/Messages/Messages/game/context/roleplay/npc/TaxCollectorDialogQuestionExtendedMessage.cs:15	7	maxPods:short;prospecting:short;alliance:Types.BasicNamedAllianceInformations;taxCollectorsCount:sbyte;taxCollectorAttack:int;pods:int;itemsValue:long
ObjectGroundAddedMessage	3774	refs/dofus-emu-dev/DofusProtocol/Messages/Messages/game/context/roleplay/objects/ObjectGroundAddedMessage.cs:15	2	cellId:short;objectGID:int
ObjectGroundListAddedMessage	7785	refs/dofus-emu-dev/DofusProtocol/Messages/Messages/game/context/roleplay/objects/ObjectGroundListAddedMessage.cs:15	2	cells:IEnumerable<short>;referenceIds:IEnumerable<int>
ObjectGroundRemovedMessage	5855	refs/dofus-emu-dev/DofusProtocol/Messages/Messages/game/context/roleplay/objects/ObjectGroundRemovedMessage.cs:15	1	cell:short
ObjectGroundRemovedMultipleMessage	3407	refs/dofus-emu-dev/DofusProtocol/Messages/Messages/game/context/roleplay/objects/ObjectGroundRemovedMultipleMessage.cs:15	1	cells:IEnumerable<short>
GameDataPlayFarmObjectAnimationMessage	8213	refs/dofus-emu-dev/DofusProtocol/Messages/Messages/game/context/roleplay/paddock/GameDataPlayFarmObjectAnimationMessage.cs:15	1	cellId:IEnumerable<short>
PaddockPropertiesMessage	4650	refs/dofus-emu-dev/DofusProtocol/Messages/Messages/game/context/roleplay/paddock/PaddockPropertiesMessage.cs:15	1	properties:Types.PaddockInstancesInformations
PaddockSellBuyDialogMessage	4196	refs/dofus-emu-dev/DofusProtocol/Messages/Messages/game/context/roleplay/paddock/PaddockSellBuyDialogMessage.cs:15	3	bsell:bool;ownerId:int;price:long
PaddockToSellFilterMessage	3852	refs/dofus-emu-dev/DofusProtocol/Messages/Messages/game/context/roleplay/paddock/PaddockToSellFilterMessage.cs:15	5	areaId:int;atLeastNbMount:sbyte;atLeastNbMachine:sbyte;maxPrice:long;orderBy:sbyte
PaddockToSellListMessage	7795	refs/dofus-emu-dev/DofusProtocol/Messages/Messages/game/context/roleplay/paddock/PaddockToSellListMessage.cs:15	3	pageIndex:short;totalPage:short;paddockList:IEnumerable<Types.PaddockInformationsForSell>
PaddockToSellListRequestMessage	101	refs/dofus-emu-dev/DofusProtocol/Messages/Messages/game/context/roleplay/paddock/PaddockToSellListRequestMessage.cs:15	1	pageIndex:short
AbstractPartyEventMessage	5451	refs/dofus-emu-dev/DofusProtocol/Messages/Messages/game/context/roleplay/party/AbstractPartyEventMessage.cs:15	0	
AbstractPartyMemberInFightMessage	6938	refs/dofus-emu-dev/DofusProtocol/Messages/Messages/game/context/roleplay/party/AbstractPartyMemberInFightMessage.cs:15	6	reason:sbyte;memberId:long;memberAccountId:int;memberName:string;fightId:short;timeBeforeFightStart:short
AbstractPartyMessage	2039	refs/dofus-emu-dev/DofusProtocol/Messages/Messages/game/context/roleplay/party/AbstractPartyMessage.cs:15	1	partyId:int
DungeonPartyFinderAvailableDungeonsMessage	8056	refs/dofus-emu-dev/DofusProtocol/Messages/Messages/game/context/roleplay/party/DungeonPartyFinderAvailableDungeonsMessage.cs:15	1	dungeonIds:IEnumerable<short>
DungeonPartyFinderAvailableDungeonsRequestMessage	9426	refs/dofus-emu-dev/DofusProtocol/Messages/Messages/game/context/roleplay/party/DungeonPartyFinderAvailableDungeonsRequestMessage.cs:15	0	
DungeonPartyFinderListenErrorMessage	6905	refs/dofus-emu-dev/DofusProtocol/Messages/Messages/game/context/roleplay/party/DungeonPartyFinderListenErrorMessage.cs:15	1	dungeonId:short
DungeonPartyFinderListenRequestMessage	9359	refs/dofus-emu-dev/DofusProtocol/Messages/Messages/game/context/roleplay/party/DungeonPartyFinderListenRequestMessage.cs:15	1	dungeonId:short
DungeonPartyFinderRegisterErrorMessage	3226	refs/dofus-emu-dev/DofusProtocol/Messages/Messages/game/context/roleplay/party/DungeonPartyFinderRegisterErrorMessage.cs:15	0	
DungeonPartyFinderRegisterRequestMessage	7102	refs/dofus-emu-dev/DofusProtocol/Messages/Messages/game/context/roleplay/party/DungeonPartyFinderRegisterRequestMessage.cs:15	1	dungeonIds:IEnumerable<short>
DungeonPartyFinderRegisterSuccessMessage	9509	refs/dofus-emu-dev/DofusProtocol/Messages/Messages/game/context/roleplay/party/DungeonPartyFinderRegisterSuccessMessage.cs:15	1	dungeonIds:IEnumerable<short>
DungeonPartyFinderRoomContentMessage	9524	refs/dofus-emu-dev/DofusProtocol/Messages/Messages/game/context/roleplay/party/DungeonPartyFinderRoomContentMessage.cs:15	2	dungeonId:short;players:IEnumerable<Types.DungeonPartyFinderPlayer>
DungeonPartyFinderRoomContentUpdateMessage	5056	refs/dofus-emu-dev/DofusProtocol/Messages/Messages/game/context/roleplay/party/DungeonPartyFinderRoomContentUpdateMessage.cs:15	3	dungeonId:short;addedPlayers:IEnumerable<Types.DungeonPartyFinderPlayer>;removedPlayersIds:IEnumerable<long>
PartyAbdicateThroneMessage	7804	refs/dofus-emu-dev/DofusProtocol/Messages/Messages/game/context/roleplay/party/PartyAbdicateThroneMessage.cs:15	1	playerId:long
PartyAcceptInvitationMessage	4342	refs/dofus-emu-dev/DofusProtocol/Messages/Messages/game/context/roleplay/party/PartyAcceptInvitationMessage.cs:15	0	
PartyCancelInvitationMessage	425	refs/dofus-emu-dev/DofusProtocol/Messages/Messages/game/context/roleplay/party/PartyCancelInvitationMessage.cs:15	1	guestId:long
PartyCancelInvitationNotificationMessage	1327	refs/dofus-emu-dev/DofusProtocol/Messages/Messages/game/context/roleplay/party/PartyCancelInvitationNotificationMessage.cs:15	2	cancelerId:long;guestId:long
PartyCannotJoinErrorMessage	6016	refs/dofus-emu-dev/DofusProtocol/Messages/Messages/game/context/roleplay/party/PartyCannotJoinErrorMessage.cs:15	1	reason:sbyte
PartyDeletedMessage	8038	refs/dofus-emu-dev/DofusProtocol/Messages/Messages/game/context/roleplay/party/PartyDeletedMessage.cs:15	0	
PartyFollowMemberRequestMessage	7118	refs/dofus-emu-dev/DofusProtocol/Messages/Messages/game/context/roleplay/party/PartyFollowMemberRequestMessage.cs:15	1	playerId:long
PartyFollowStatusUpdateMessage	4068	refs/dofus-emu-dev/DofusProtocol/Messages/Messages/game/context/roleplay/party/PartyFollowStatusUpdateMessage.cs:15	3	success:bool;isFollowed:bool;followedId:long
PartyFollowThisMemberRequestMessage	327	refs/dofus-emu-dev/DofusProtocol/Messages/Messages/game/context/roleplay/party/PartyFollowThisMemberRequestMessage.cs:15	1	enabled:bool
PartyInvitationArenaRequestMessage	2774	refs/dofus-emu-dev/DofusProtocol/Messages/Messages/game/context/roleplay/party/PartyInvitationArenaRequestMessage.cs:15	0	
PartyInvitationCancelledForGuestMessage	7618	refs/dofus-emu-dev/DofusProtocol/Messages/Messages/game/context/roleplay/party/PartyInvitationCancelledForGuestMessage.cs:15	1	cancelerId:long
PartyInvitationDetailsMessage	8607	refs/dofus-emu-dev/DofusProtocol/Messages/Messages/game/context/roleplay/party/PartyInvitationDetailsMessage.cs:15	7	partyType:sbyte;partyName:string;fromId:long;fromName:string;leaderId:long;members:IEnumerable<Types.PartyInvitationMemberInformations>;guests:IEnumerable<Types.PartyGuestInformations>
PartyInvitationDetailsRequestMessage	8629	refs/dofus-emu-dev/DofusProtocol/Messages/Messages/game/context/roleplay/party/PartyInvitationDetailsRequestMessage.cs:15	0	
PartyInvitationDungeonDetailsMessage	2367	refs/dofus-emu-dev/DofusProtocol/Messages/Messages/game/context/roleplay/party/PartyInvitationDungeonDetailsMessage.cs:15	2	dungeonId:short;playersDungeonReady:IEnumerable<bool>
PartyInvitationDungeonMessage	3539	refs/dofus-emu-dev/DofusProtocol/Messages/Messages/game/context/roleplay/party/PartyInvitationDungeonMessage.cs:15	1	dungeonId:short
PartyInvitationDungeonRequestMessage	5145	refs/dofus-emu-dev/DofusProtocol/Messages/Messages/game/context/roleplay/party/PartyInvitationDungeonRequestMessage.cs:15	1	dungeonId:short
PartyInvitationMessage	729	refs/dofus-emu-dev/DofusProtocol/Messages/Messages/game/context/roleplay/party/PartyInvitationMessage.cs:15	6	partyType:sbyte;partyName:string;maxParticipants:sbyte;fromId:long;fromName:string;toId:long
PartyInvitationRequestMessage	7920	refs/dofus-emu-dev/DofusProtocol/Messages/Messages/game/context/roleplay/party/PartyInvitationRequestMessage.cs:15	1	target:Types.AbstractPlayerSearchInformation
PartyJoinMessage	6577	refs/dofus-emu-dev/DofusProtocol/Messages/Messages/game/context/roleplay/party/PartyJoinMessage.cs:15	7	partyType:sbyte;partyLeaderId:long;maxParticipants:sbyte;members:IEnumerable<Types.PartyMemberInformations>;guests:IEnumerable<Types.PartyGuestInformations>;restricted:bool;partyName:string
PartyKickRequestMessage	7926	refs/dofus-emu-dev/DofusProtocol/Messages/Messages/game/context/roleplay/party/PartyKickRequestMessage.cs:15	1	playerId:long
PartyKickedByMessage	4958	refs/dofus-emu-dev/DofusProtocol/Messages/Messages/game/context/roleplay/party/PartyKickedByMessage.cs:15	1	kickerId:long
PartyLeaderUpdateMessage	6439	refs/dofus-emu-dev/DofusProtocol/Messages/Messages/game/context/roleplay/party/PartyLeaderUpdateMessage.cs:15	1	partyLeaderId:long
PartyLeaveMessage	83	refs/dofus-emu-dev/DofusProtocol/Messages/Messages/game/context/roleplay/party/PartyLeaveMessage.cs:15	0	
PartyLeaveRequestMessage	6779	refs/dofus-emu-dev/DofusProtocol/Messages/Messages/game/context/roleplay/party/PartyLeaveRequestMessage.cs:15	0	
PartyLocateMembersMessage	8066	refs/dofus-emu-dev/DofusProtocol/Messages/Messages/game/context/roleplay/party/PartyLocateMembersMessage.cs:15	1	geopositions:IEnumerable<Types.PartyMemberGeoPosition>
PartyLocateMembersRequestMessage	4987	refs/dofus-emu-dev/DofusProtocol/Messages/Messages/game/context/roleplay/party/PartyLocateMembersRequestMessage.cs:15	0	
PartyLoyaltyStatusMessage	5384	refs/dofus-emu-dev/DofusProtocol/Messages/Messages/game/context/roleplay/party/PartyLoyaltyStatusMessage.cs:15	1	loyal:bool
PartyMemberEjectedMessage	9438	refs/dofus-emu-dev/DofusProtocol/Messages/Messages/game/context/roleplay/party/PartyMemberEjectedMessage.cs:15	1	kickerId:long
PartyMemberInStandardFightMessage	8285	refs/dofus-emu-dev/DofusProtocol/Messages/Messages/game/context/roleplay/party/PartyMemberInStandardFightMessage.cs:15	1	fightMap:Types.MapCoordinatesExtended
PartyMemberRemoveMessage	7328	refs/dofus-emu-dev/DofusProtocol/Messages/Messages/game/context/roleplay/party/PartyMemberRemoveMessage.cs:15	1	leavingPlayerId:long
PartyModifiableStatusMessage	2363	refs/dofus-emu-dev/DofusProtocol/Messages/Messages/game/context/roleplay/party/PartyModifiableStatusMessage.cs:15	1	enabled:bool
PartyNameSetErrorMessage	7989	refs/dofus-emu-dev/DofusProtocol/Messages/Messages/game/context/roleplay/party/PartyNameSetErrorMessage.cs:15	1	result:sbyte
PartyNameSetRequestMessage	9125	refs/dofus-emu-dev/DofusProtocol/Messages/Messages/game/context/roleplay/party/PartyNameSetRequestMessage.cs:15	1	partyName:string
PartyNameUpdateMessage	9591	refs/dofus-emu-dev/DofusProtocol/Messages/Messages/game/context/roleplay/party/PartyNameUpdateMessage.cs:15	1	partyName:string
PartyNewGuestMessage	7060	refs/dofus-emu-dev/DofusProtocol/Messages/Messages/game/context/roleplay/party/PartyNewGuestMessage.cs:15	1	guest:Types.PartyGuestInformations
PartyNewMemberMessage	4529	refs/dofus-emu-dev/DofusProtocol/Messages/Messages/game/context/roleplay/party/PartyNewMemberMessage.cs:15	0	
PartyPledgeLoyaltyRequestMessage	7730	refs/dofus-emu-dev/DofusProtocol/Messages/Messages/game/context/roleplay/party/PartyPledgeLoyaltyRequestMessage.cs:15	1	loyal:bool
PartyRefuseInvitationMessage	9721	refs/dofus-emu-dev/DofusProtocol/Messages/Messages/game/context/roleplay/party/PartyRefuseInvitationMessage.cs:15	0	
PartyRefuseInvitationNotificationMessage	1724	refs/dofus-emu-dev/DofusProtocol/Messages/Messages/game/context/roleplay/party/PartyRefuseInvitationNotificationMessage.cs:15	1	guestId:long
PartyRestrictedMessage	2879	refs/dofus-emu-dev/DofusProtocol/Messages/Messages/game/context/roleplay/party/PartyRestrictedMessage.cs:15	1	restricted:bool
PartyStopFollowRequestMessage	8393	refs/dofus-emu-dev/DofusProtocol/Messages/Messages/game/context/roleplay/party/PartyStopFollowRequestMessage.cs:15	1	playerId:long
PartyUpdateLightMessage	4231	refs/dofus-emu-dev/DofusProtocol/Messages/Messages/game/context/roleplay/party/PartyUpdateLightMessage.cs:15	5	id:long;lifePoints:int;maxLifePoints:int;prospecting:int;regenRate:sbyte
PartyUpdateMessage	5707	refs/dofus-emu-dev/DofusProtocol/Messages/Messages/game/context/roleplay/party/PartyUpdateMessage.cs:15	1	memberInformations:Types.PartyMemberInformations
PartyMemberInBreachFightMessage	2380	refs/dofus-emu-dev/DofusProtocol/Messages/Messages/game/context/roleplay/party/breach/PartyMemberInBreachFightMessage.cs:15	2	floor:int;room:sbyte
PartyEntityUpdateLightMessage	2046	refs/dofus-emu-dev/DofusProtocol/Messages/Messages/game/context/roleplay/party/entity/PartyEntityUpdateLightMessage.cs:15	1	indexId:sbyte
PurchasableDialogMessage	100	refs/dofus-emu-dev/DofusProtocol/Messages/Messages/game/context/roleplay/purchasable/PurchasableDialogMessage.cs:15	5	buyOrSell:bool;secondHand:bool;purchasableId:double;purchasableInstanceId:int;price:long
FollowQuestObjectiveRequestMessage	2913	refs/dofus-emu-dev/DofusProtocol/Messages/Messages/game/context/roleplay/quest/FollowQuestObjectiveRequestMessage.cs:15	2	questId:short;objectiveId:short
FollowedQuestsMessage	6589	refs/dofus-emu-dev/DofusProtocol/Messages/Messages/game/context/roleplay/quest/FollowedQuestsMessage.cs:15	1	quests:IEnumerable<Types.QuestActiveDetailedInformations>
GuidedModeQuitRequestMessage	6433	refs/dofus-emu-dev/DofusProtocol/Messages/Messages/game/context/roleplay/quest/GuidedModeQuitRequestMessage.cs:15	0	
GuidedModeReturnRequestMessage	625	refs/dofus-emu-dev/DofusProtocol/Messages/Messages/game/context/roleplay/quest/GuidedModeReturnRequestMessage.cs:15	0	
QuestListMessage	3323	refs/dofus-emu-dev/DofusProtocol/Messages/Messages/game/context/roleplay/quest/QuestListMessage.cs:15	4	finishedQuestsIds:IEnumerable<short>;finishedQuestsCounts:IEnumerable<short>;activeQuests:IEnumerable<Types.QuestActiveInformations>;reinitDoneQuestsIds:IEnumerable<short>
QuestListRequestMessage	7114	refs/dofus-emu-dev/DofusProtocol/Messages/Messages/game/context/roleplay/quest/QuestListRequestMessage.cs:15	0	
QuestObjectiveValidatedMessage	3508	refs/dofus-emu-dev/DofusProtocol/Messages/Messages/game/context/roleplay/quest/QuestObjectiveValidatedMessage.cs:15	2	questId:short;objectiveId:short
QuestObjectiveValidationMessage	4654	refs/dofus-emu-dev/DofusProtocol/Messages/Messages/game/context/roleplay/quest/QuestObjectiveValidationMessage.cs:15	2	questId:short;objectiveId:short
QuestStartRequestMessage	8398	refs/dofus-emu-dev/DofusProtocol/Messages/Messages/game/context/roleplay/quest/QuestStartRequestMessage.cs:15	1	questId:short
QuestStartedMessage	8372	refs/dofus-emu-dev/DofusProtocol/Messages/Messages/game/context/roleplay/quest/QuestStartedMessage.cs:15	1	questId:short
QuestStepInfoMessage	830	refs/dofus-emu-dev/DofusProtocol/Messages/Messages/game/context/roleplay/quest/QuestStepInfoMessage.cs:15	1	infos:Types.QuestActiveInformations
QuestStepInfoRequestMessage	5778	refs/dofus-emu-dev/DofusProtocol/Messages/Messages/game/context/roleplay/quest/QuestStepInfoRequestMessage.cs:15	1	questId:short
QuestStepStartedMessage	2945	refs/dofus-emu-dev/DofusProtocol/Messages/Messages/game/context/roleplay/quest/QuestStepStartedMessage.cs:15	2	questId:short;stepId:short
QuestStepValidatedMessage	4373	refs/dofus-emu-dev/DofusProtocol/Messages/Messages/game/context/roleplay/quest/QuestStepValidatedMessage.cs:15	2	questId:short;stepId:short
QuestValidatedMessage	1736	refs/dofus-emu-dev/DofusProtocol/Messages/Messages/game/context/roleplay/quest/QuestValidatedMessage.cs:15	1	questId:short
RefreshFollowedQuestsOrderRequestMessage	3965	refs/dofus-emu-dev/DofusProtocol/Messages/Messages/game/context/roleplay/quest/RefreshFollowedQuestsOrderRequestMessage.cs:15	1	quests:IEnumerable<short>
UnfollowQuestObjectiveRequestMessage	2136	refs/dofus-emu-dev/DofusProtocol/Messages/Messages/game/context/roleplay/quest/UnfollowQuestObjectiveRequestMessage.cs:15	2	questId:short;objectiveId:short
WatchQuestListMessage	5644	refs/dofus-emu-dev/DofusProtocol/Messages/Messages/game/context/roleplay/quest/WatchQuestListMessage.cs:15	1	playerId:long
WatchQuestStepInfoMessage	141	refs/dofus-emu-dev/DofusProtocol/Messages/Messages/game/context/roleplay/quest/WatchQuestStepInfoMessage.cs:15	1	playerId:long
WatchQuestStepInfoRequestMessage	4330	refs/dofus-emu-dev/DofusProtocol/Messages/Messages/game/context/roleplay/quest/WatchQuestStepInfoRequestMessage.cs:15	1	playerId:long
SpellVariantActivationMessage	7767	refs/dofus-emu-dev/DofusProtocol/Messages/Messages/game/context/roleplay/spell/SpellVariantActivationMessage.cs:15	2	spellId:short;result:bool
SpellVariantActivationRequestMessage	1715	refs/dofus-emu-dev/DofusProtocol/Messages/Messages/game/context/roleplay/spell/SpellVariantActivationRequestMessage.cs:15	1	spellId:short
StatsUpgradeRequestMessage	5002	refs/dofus-emu-dev/DofusProtocol/Messages/Messages/game/context/roleplay/stats/StatsUpgradeRequestMessage.cs:15	3	useAdditionnal:bool;statId:sbyte;boostPoint:short
StatsUpgradeResultMessage	3065	refs/dofus-emu-dev/DofusProtocol/Messages/Messages/game/context/roleplay/stats/StatsUpgradeResultMessage.cs:15	2	result:sbyte;nbCharacBoost:short
PortalUseRequestMessage	6790	refs/dofus-emu-dev/DofusProtocol/Messages/Messages/game/context/roleplay/treasureHunt/PortalUseRequestMessage.cs:15	1	portalId:int
TreasureHuntAvailableRetryCountUpdateMessage	1628	refs/dofus-emu-dev/DofusProtocol/Messages/Messages/game/context/roleplay/treasureHunt/TreasureHuntAvailableRetryCountUpdateMessage.cs:15	2	questType:sbyte;availableRetryCount:int
TreasureHuntDigRequestAnswerFailedMessage	2459	refs/dofus-emu-dev/DofusProtocol/Messages/Messages/game/context/roleplay/treasureHunt/TreasureHuntDigRequestAnswerFailedMessage.cs:15	1	wrongFlagCount:sbyte
TreasureHuntDigRequestAnswerMessage	3567	refs/dofus-emu-dev/DofusProtocol/Messages/Messages/game/context/roleplay/treasureHunt/TreasureHuntDigRequestAnswerMessage.cs:15	2	questType:sbyte;result:sbyte
TreasureHuntDigRequestMessage	6696	refs/dofus-emu-dev/DofusProtocol/Messages/Messages/game/context/roleplay/treasureHunt/TreasureHuntDigRequestMessage.cs:15	1	questType:sbyte
TreasureHuntFinishedMessage	1937	refs/dofus-emu-dev/DofusProtocol/Messages/Messages/game/context/roleplay/treasureHunt/TreasureHuntFinishedMessage.cs:15	1	questType:sbyte
TreasureHuntFlagRemoveRequestMessage	2928	refs/dofus-emu-dev/DofusProtocol/Messages/Messages/game/context/roleplay/treasureHunt/TreasureHuntFlagRemoveRequestMessage.cs:15	2	questType:sbyte;index:sbyte
TreasureHuntFlagRequestAnswerMessage	6871	refs/dofus-emu-dev/DofusProtocol/Messages/Messages/game/context/roleplay/treasureHunt/TreasureHuntFlagRequestAnswerMessage.cs:15	3	questType:sbyte;result:sbyte;index:sbyte
TreasureHuntFlagRequestMessage	6775	refs/dofus-emu-dev/DofusProtocol/Messages/Messages/game/context/roleplay/treasureHunt/TreasureHuntFlagRequestMessage.cs:15	2	questType:sbyte;index:sbyte
TreasureHuntGiveUpRequestMessage	143	refs/dofus-emu-dev/DofusProtocol/Messages/Messages/game/context/roleplay/treasureHunt/TreasureHuntGiveUpRequestMessage.cs:15	1	questType:sbyte
TreasureHuntLegendaryRequestMessage	7183	refs/dofus-emu-dev/DofusProtocol/Messages/Messages/game/context/roleplay/treasureHunt/TreasureHuntLegendaryRequestMessage.cs:15	1	legendaryId:short
TreasureHuntMessage	7235	refs/dofus-emu-dev/DofusProtocol/Messages/Messages/game/context/roleplay/treasureHunt/TreasureHuntMessage.cs:15	8	questType:sbyte;startMapId:double;knownStepsList:IEnumerable<Types.TreasureHuntStep>;totalStepCount:sbyte;checkPointCurrent:int;checkPointTotal:int;availableRetryCount:int;flags:IEnumerable<Types.TreasureHuntFlag>
TreasureHuntRequestAnswerMessage	7470	refs/dofus-emu-dev/DofusProtocol/Messages/Messages/game/context/roleplay/treasureHunt/TreasureHuntRequestAnswerMessage.cs:15	2	questType:sbyte;result:sbyte
TreasureHuntShowLegendaryUIMessage	8368	refs/dofus-emu-dev/DofusProtocol/Messages/Messages/game/context/roleplay/treasureHunt/TreasureHuntShowLegendaryUIMessage.cs:15	1	availableLegendaryIds:IEnumerable<short>
GameRolePlaySpellAnimMessage	1173	refs/dofus-emu-dev/DofusProtocol/Messages/Messages/game/context/roleplay/visual/GameRolePlaySpellAnimMessage.cs:15	5	casterId:long;targetCellId:short;spellId:short;spellLevel:short;direction:short
LeaveDialogMessage	6689	refs/dofus-emu-dev/DofusProtocol/Messages/Messages/game/dialog/LeaveDialogMessage.cs:15	1	dialogType:sbyte
LeaveDialogRequestMessage	9643	refs/dofus-emu-dev/DofusProtocol/Messages/Messages/game/dialog/LeaveDialogRequestMessage.cs:15	0	
PauseDialogMessage	3238	refs/dofus-emu-dev/DofusProtocol/Messages/Messages/game/dialog/PauseDialogMessage.cs:15	1	dialogType:sbyte
EntitiesInformationMessage	266	refs/dofus-emu-dev/DofusProtocol/Messages/Messages/game/entity/EntitiesInformationMessage.cs:15	1	entities:IEnumerable<Types.EntityInformation>
EntityInformationMessage	6850	refs/dofus-emu-dev/DofusProtocol/Messages/Messages/game/entity/EntityInformationMessage.cs:15	1	entity:Types.EntityInformation
ObjectFeedMessage	8727	refs/dofus-emu-dev/DofusProtocol/Messages/Messages/game/feed/ObjectFeedMessage.cs:15	2	objectUID:int;meal:IEnumerable<Types.ObjectItemQuantity>
FinishMoveListMessage	4769	refs/dofus-emu-dev/DofusProtocol/Messages/Messages/game/finishmoves/FinishMoveListMessage.cs:15	1	finishMoves:IEnumerable<Types.FinishMoveInformations>
FinishMoveListRequestMessage	2859	refs/dofus-emu-dev/DofusProtocol/Messages/Messages/game/finishmoves/FinishMoveListRequestMessage.cs:15	0	
FinishMoveSetRequestMessage	6930	refs/dofus-emu-dev/DofusProtocol/Messages/Messages/game/finishmoves/FinishMoveSetRequestMessage.cs:15	2	finishMoveId:int;finishMoveState:bool
AcquaintanceAddedMessage	2270	refs/dofus-emu-dev/DofusProtocol/Messages/Messages/game/friend/AcquaintanceAddedMessage.cs:15	1	acquaintanceAdded:Types.AcquaintanceInformation
AcquaintancesGetListMessage	4481	refs/dofus-emu-dev/DofusProtocol/Messages/Messages/game/friend/AcquaintancesGetListMessage.cs:15	0	
AcquaintancesListMessage	5647	refs/dofus-emu-dev/DofusProtocol/Messages/Messages/game/friend/AcquaintancesListMessage.cs:15	1	acquaintanceList:IEnumerable<Types.AcquaintanceInformation>
ContactAddFailureMessage	2506	refs/dofus-emu-dev/DofusProtocol/Messages/Messages/game/friend/ContactAddFailureMessage.cs:15	1	reason:sbyte
FriendAddFailureMessage	6674	refs/dofus-emu-dev/DofusProtocol/Messages/Messages/game/friend/FriendAddFailureMessage.cs:15	1	reason:sbyte
FriendAddRequestMessage	5713	refs/dofus-emu-dev/DofusProtocol/Messages/Messages/game/friend/FriendAddRequestMessage.cs:15	1	target:Types.AbstractPlayerSearchInformation
FriendAddedMessage	3185	refs/dofus-emu-dev/DofusProtocol/Messages/Messages/game/friend/FriendAddedMessage.cs:15	1	friendAdded:Types.FriendInformations
FriendDeleteRequestMessage	9081	refs/dofus-emu-dev/DofusProtocol/Messages/Messages/game/friend/FriendDeleteRequestMessage.cs:15	1	accountId:int
FriendDeleteResultMessage	4930	refs/dofus-emu-dev/DofusProtocol/Messages/Messages/game/friend/FriendDeleteResultMessage.cs:15	2	success:bool;tag:Types.AccountTagInformation
FriendJoinRequestMessage	5530	refs/dofus-emu-dev/DofusProtocol/Messages/Messages/game/friend/FriendJoinRequestMessage.cs:15	1	target:Types.AbstractPlayerSearchInformation
FriendSetStatusShareMessage	5816	refs/dofus-emu-dev/DofusProtocol/Messages/Messages/game/friend/FriendSetStatusShareMessage.cs:15	1	share:bool
FriendSetWarnOnConnectionMessage	7385	refs/dofus-emu-dev/DofusProtocol/Messages/Messages/game/friend/FriendSetWarnOnConnectionMessage.cs:15	1	enable:bool
FriendSetWarnOnLevelGainMessage	5437	refs/dofus-emu-dev/DofusProtocol/Messages/Messages/game/friend/FriendSetWarnOnLevelGainMessage.cs:15	1	enable:bool
FriendSpouseFollowWithCompassRequestMessage	3784	refs/dofus-emu-dev/DofusProtocol/Messages/Messages/game/friend/FriendSpouseFollowWithCompassRequestMessage.cs:15	1	enable:bool
FriendSpouseJoinRequestMessage	2260	refs/dofus-emu-dev/DofusProtocol/Messages/Messages/game/friend/FriendSpouseJoinRequestMessage.cs:15	0	
FriendStatusShareStateMessage	8565	refs/dofus-emu-dev/DofusProtocol/Messages/Messages/game/friend/FriendStatusShareStateMessage.cs:15	1	share:bool
FriendUpdateMessage	7293	refs/dofus-emu-dev/DofusProtocol/Messages/Messages/game/friend/FriendUpdateMessage.cs:15	1	friendUpdated:Types.FriendInformations
FriendWarnOnConnectionStateMessage	584	refs/dofus-emu-dev/DofusProtocol/Messages/Messages/game/friend/FriendWarnOnConnectionStateMessage.cs:15	1	enable:bool
FriendWarnOnLevelGainStateMessage	2158	refs/dofus-emu-dev/DofusProtocol/Messages/Messages/game/friend/FriendWarnOnLevelGainStateMessage.cs:15	1	enable:bool
FriendsGetListMessage	14	refs/dofus-emu-dev/DofusProtocol/Messages/Messages/game/friend/FriendsGetListMessage.cs:15	0	
FriendsListMessage	4172	refs/dofus-emu-dev/DofusProtocol/Messages/Messages/game/friend/FriendsListMessage.cs:15	1	friendsList:IEnumerable<Types.FriendInformations>
IgnoredAddFailureMessage	7186	refs/dofus-emu-dev/DofusProtocol/Messages/Messages/game/friend/IgnoredAddFailureMessage.cs:15	1	reason:sbyte
IgnoredAddRequestMessage	5112	refs/dofus-emu-dev/DofusProtocol/Messages/Messages/game/friend/IgnoredAddRequestMessage.cs:15	2	target:Types.AbstractPlayerSearchInformation;session:bool
IgnoredAddedMessage	3797	refs/dofus-emu-dev/DofusProtocol/Messages/Messages/game/friend/IgnoredAddedMessage.cs:15	2	ignoreAdded:Types.IgnoredInformations;session:bool
IgnoredDeleteRequestMessage	7645	refs/dofus-emu-dev/DofusProtocol/Messages/Messages/game/friend/IgnoredDeleteRequestMessage.cs:15	2	accountId:int;session:bool
IgnoredDeleteResultMessage	2365	refs/dofus-emu-dev/DofusProtocol/Messages/Messages/game/friend/IgnoredDeleteResultMessage.cs:15	3	success:bool;session:bool;tag:Types.AccountTagInformation
IgnoredGetListMessage	8068	refs/dofus-emu-dev/DofusProtocol/Messages/Messages/game/friend/IgnoredGetListMessage.cs:15	0	
IgnoredListMessage	8123	refs/dofus-emu-dev/DofusProtocol/Messages/Messages/game/friend/IgnoredListMessage.cs:15	1	ignoredList:IEnumerable<Types.IgnoredInformations>
SpouseGetInformationsMessage	9594	refs/dofus-emu-dev/DofusProtocol/Messages/Messages/game/friend/SpouseGetInformationsMessage.cs:15	0	
SpouseInformationsMessage	7779	refs/dofus-emu-dev/DofusProtocol/Messages/Messages/game/friend/SpouseInformationsMessage.cs:15	1	spouse:Types.FriendSpouseInformations
SpouseStatusMessage	8361	refs/dofus-emu-dev/DofusProtocol/Messages/Messages/game/friend/SpouseStatusMessage.cs:15	1	hasSpouse:bool
WarnOnPermaDeathStateMessage	5243	refs/dofus-emu-dev/DofusProtocol/Messages/Messages/game/friend/WarnOnPermaDeathStateMessage.cs:15	1	enable:bool
GuestLimitationMessage	7707	refs/dofus-emu-dev/DofusProtocol/Messages/Messages/game/guest/GuestLimitationMessage.cs:15	1	reason:sbyte
GuestModeMessage	5810	refs/dofus-emu-dev/DofusProtocol/Messages/Messages/game/guest/GuestModeMessage.cs:15	1	active:bool
ChallengeFightJoinRefusedMessage	2072	refs/dofus-emu-dev/DofusProtocol/Messages/Messages/game/guild/ChallengeFightJoinRefusedMessage.cs:15	2	playerId:long;reason:sbyte
CreateGuildRankRequestMessage	1740	refs/dofus-emu-dev/DofusProtocol/Messages/Messages/game/guild/CreateGuildRankRequestMessage.cs:15	3	parentRankId:int;gfxId:int;name:string
GuildBulletinMessage	1996	refs/dofus-emu-dev/DofusProtocol/Messages/Messages/game/guild/GuildBulletinMessage.cs:15	0	
GuildBulletinSetErrorMessage	8324	refs/dofus-emu-dev/DofusProtocol/Messages/Messages/game/guild/GuildBulletinSetErrorMessage.cs:15	0	
GuildBulletinSetRequestMessage	5517	refs/dofus-emu-dev/DofusProtocol/Messages/Messages/game/guild/GuildBulletinSetRequestMessage.cs:15	1	content:string
GuildChangeMemberParametersMessage	1951	refs/dofus-emu-dev/DofusProtocol/Messages/Messages/game/guild/GuildChangeMemberParametersMessage.cs:15	3	memberId:long;rankId:int;experienceGivenPercent:sbyte
GuildCharacsUpgradeRequestMessage	237	refs/dofus-emu-dev/DofusProtocol/Messages/Messages/game/guild/GuildCharacsUpgradeRequestMessage.cs:15	1	charaTypeTarget:sbyte
GuildChestTabContributionMessage	8050	refs/dofus-emu-dev/DofusProtocol/Messages/Messages/game/guild/GuildChestTabContributionMessage.cs:15	5	tabNumber:int;requiredAmount:long;currentAmount:long;chestContributionEnrollmentDelay:double;chestContributionDelay:double
GuildChestTabContributionsMessage	753	refs/dofus-emu-dev/DofusProtocol/Messages/Messages/game/guild/GuildChestTabContributionsMessage.cs:15	1	contributions:IEnumerable<Types.Contribution>
GuildChestTabLastContributionMessage	683	refs/dofus-emu-dev/DofusProtocol/Messages/Messages/game/guild/GuildChestTabLastContributionMessage.cs:15	1	lastContributionDate:double
GuildCreationResultMessage	4018	refs/dofus-emu-dev/DofusProtocol/Messages/Messages/game/guild/GuildCreationResultMessage.cs:15	1	result:sbyte
GuildCreationStartedMessage	5711	refs/dofus-emu-dev/DofusProtocol/Messages/Messages/game/guild/GuildCreationStartedMessage.cs:15	0	
GuildCreationValidMessage	1720	refs/dofus-emu-dev/DofusProtocol/Messages/Messages/game/guild/GuildCreationValidMessage.cs:15	2	guildName:string;guildEmblem:Types.SocialEmblem
GuildFactsErrorMessage	7863	refs/dofus-emu-dev/DofusProtocol/Messages/Messages/game/guild/GuildFactsErrorMessage.cs:15	1	guildId:int
GuildFactsMessage	5626	refs/dofus-emu-dev/DofusProtocol/Messages/Messages/game/guild/GuildFactsMessage.cs:15	3	infos:Types.GuildFactSheetInformations;creationDate:int;members:IEnumerable<Types.CharacterMinimalSocialPublicInformations>
GuildFactsRequestMessage	6650	refs/dofus-emu-dev/DofusProtocol/Messages/Messages/game/guild/GuildFactsRequestMessage.cs:15	1	guildId:int
GuildGetChestTabContributionsRequestMessage	5518	refs/dofus-emu-dev/DofusProtocol/Messages/Messages/game/guild/GuildGetChestTabContributionsRequestMessage.cs:15	0	
GuildGetInformationsMessage	592	refs/dofus-emu-dev/DofusProtocol/Messages/Messages/game/guild/GuildGetInformationsMessage.cs:15	1	infoType:sbyte
GuildHouseRemoveMessage	4888	refs/dofus-emu-dev/DofusProtocol/Messages/Messages/game/guild/GuildHouseRemoveMessage.cs:15	3	houseId:int;instanceId:int;secondHand:bool
GuildHouseUpdateInformationMessage	1590	refs/dofus-emu-dev/DofusProtocol/Messages/Messages/game/guild/GuildHouseUpdateInformationMessage.cs:15	1	housesInformations:Types.HouseInformationsForGuild
GuildHousesInformationMessage	5207	refs/dofus-emu-dev/DofusProtocol/Messages/Messages/game/guild/GuildHousesInformationMessage.cs:15	1	housesInformations:IEnumerable<Types.HouseInformationsForGuild>
GuildInformationsGeneralMessage	4406	refs/dofus-emu-dev/DofusProtocol/Messages/Messages/game/guild/GuildInformationsGeneralMessage.cs:15	7	abandonnedPaddock:bool;level:sbyte;expLevelFloor:long;experience:long;expNextLevelFloor:long;creationDate:int;score:int
GuildInformationsMemberUpdateMessage	6708	refs/dofus-emu-dev/DofusProtocol/Messages/Messages/game/guild/GuildInformationsMemberUpdateMessage.cs:15	1	member:Types.GuildMemberInfo
GuildInformationsMembersMessage	6362	refs/dofus-emu-dev/DofusProtocol/Messages/Messages/game/guild/GuildInformationsMembersMessage.cs:15	1	members:IEnumerable<Types.GuildMemberInfo>
GuildInformationsPaddocksMessage	7168	refs/dofus-emu-dev/DofusProtocol/Messages/Messages/game/guild/GuildInformationsPaddocksMessage.cs:15	2	nbPaddockMax:sbyte;paddocksInformations:IEnumerable<Types.PaddockContentInformations>
GuildInvitationAnswerMessage	5328	refs/dofus-emu-dev/DofusProtocol/Messages/Messages/game/guild/GuildInvitationAnswerMessage.cs:15	1	accept:bool
GuildInvitationMessage	8788	refs/dofus-emu-dev/DofusProtocol/Messages/Messages/game/guild/GuildInvitationMessage.cs:15	1	targetId:long
GuildInvitationStateRecrutedMessage	9851	refs/dofus-emu-dev/DofusProtocol/Messages/Messages/game/guild/GuildInvitationStateRecrutedMessage.cs:15	1	invitationState:sbyte
GuildInvitationStateRecruterMessage	2343	refs/dofus-emu-dev/DofusProtocol/Messages/Messages/game/guild/GuildInvitationStateRecruterMessage.cs:15	2	recrutedName:string;invitationState:sbyte
GuildInvitedMessage	4003	refs/dofus-emu-dev/DofusProtocol/Messages/Messages/game/guild/GuildInvitedMessage.cs:15	2	recruterName:string;guildInfo:Types.GuildInformations
GuildJoinAutomaticallyRequestMessage	2737	refs/dofus-emu-dev/DofusProtocol/Messages/Messages/game/guild/GuildJoinAutomaticallyRequestMessage.cs:15	1	guildId:int
GuildJoinedMessage	2814	refs/dofus-emu-dev/DofusProtocol/Messages/Messages/game/guild/GuildJoinedMessage.cs:15	2	guildInfo:Types.GuildInformations;rankId:int
GuildKickRequestMessage	9738	refs/dofus-emu-dev/DofusProtocol/Messages/Messages/game/guild/GuildKickRequestMessage.cs:15	1	kickedId:long
GuildLeftMessage	3266	refs/dofus-emu-dev/DofusProtocol/Messages/Messages/game/guild/GuildLeftMessage.cs:15	0	
GuildLevelUpMessage	5408	refs/dofus-emu-dev/DofusProtocol/Messages/Messages/game/guild/GuildLevelUpMessage.cs:15	1	newLevel:sbyte
GuildListMessage	669	refs/dofus-emu-dev/DofusProtocol/Messages/Messages/game/guild/GuildListMessage.cs:15	1	guilds:IEnumerable<Types.GuildInformations>
GuildMemberLeavingMessage	7246	refs/dofus-emu-dev/DofusProtocol/Messages/Messages/game/guild/GuildMemberLeavingMessage.cs:15	2	kicked:bool;memberId:long
GuildMemberOnlineStatusMessage	8750	refs/dofus-emu-dev/DofusProtocol/Messages/Messages/game/guild/GuildMemberOnlineStatusMessage.cs:15	2	memberId:long;online:bool
GuildMemberStartWarnOnConnectionMessage	6143	refs/dofus-emu-dev/DofusProtocol/Messages/Messages/game/guild/GuildMemberStartWarnOnConnectionMessage.cs:15	0	
GuildMemberStopWarnOnConnectionMessage	8625	refs/dofus-emu-dev/DofusProtocol/Messages/Messages/game/guild/GuildMemberStopWarnOnConnectionMessage.cs:15	0	
GuildMembershipMessage	2644	refs/dofus-emu-dev/DofusProtocol/Messages/Messages/game/guild/GuildMembershipMessage.cs:15	0	
GuildModificationEmblemValidMessage	4735	refs/dofus-emu-dev/DofusProtocol/Messages/Messages/game/guild/GuildModificationEmblemValidMessage.cs:15	1	guildEmblem:Types.SocialEmblem
GuildModificationNameValidMessage	5733	refs/dofus-emu-dev/DofusProtocol/Messages/Messages/game/guild/GuildModificationNameValidMessage.cs:15	1	guildName:string
GuildModificationResultMessage	775	refs/dofus-emu-dev/DofusProtocol/Messages/Messages/game/guild/GuildModificationResultMessage.cs:15	1	result:sbyte
GuildModificationStartedMessage	515	refs/dofus-emu-dev/DofusProtocol/Messages/Messages/game/guild/GuildModificationStartedMessage.cs:15	2	canChangeName:bool;canChangeEmblem:bool
GuildModificationValidMessage	4686	refs/dofus-emu-dev/DofusProtocol/Messages/Messages/game/guild/GuildModificationValidMessage.cs:15	2	guildName:string;guildEmblem:Types.SocialEmblem
GuildMotdMessage	4318	refs/dofus-emu-dev/DofusProtocol/Messages/Messages/game/guild/GuildMotdMessage.cs:15	0	
GuildMotdSetErrorMessage	6422	refs/dofus-emu-dev/DofusProtocol/Messages/Messages/game/guild/GuildMotdSetErrorMessage.cs:15	0	
GuildMotdSetRequestMessage	3388	refs/dofus-emu-dev/DofusProtocol/Messages/Messages/game/guild/GuildMotdSetRequestMessage.cs:15	1	content:string
GuildPaddockBoughtMessage	4625	refs/dofus-emu-dev/DofusProtocol/Messages/Messages/game/guild/GuildPaddockBoughtMessage.cs:15	1	paddockInfo:Types.PaddockContentInformations
GuildPaddockRemovedMessage	1415	refs/dofus-emu-dev/DofusProtocol/Messages/Messages/game/guild/GuildPaddockRemovedMessage.cs:15	1	paddockId:double
GuildPaddockTeleportRequestMessage	8533	refs/dofus-emu-dev/DofusProtocol/Messages/Messages/game/guild/GuildPaddockTeleportRequestMessage.cs:15	1	paddockId:double
GuildRanksMessage	3908	refs/dofus-emu-dev/DofusProtocol/Messages/Messages/game/guild/GuildRanksMessage.cs:15	1	ranks:IEnumerable<Types.RankInformation>
GuildRanksRequestMessage	5381	refs/dofus-emu-dev/DofusProtocol/Messages/Messages/game/guild/GuildRanksRequestMessage.cs:15	0	
GuildSelectChestTabRequestMessage	7367	refs/dofus-emu-dev/DofusProtocol/Messages/Messages/game/guild/GuildSelectChestTabRequestMessage.cs:15	1	tabNumber:int
GuildSpellUpgradeRequestMessage	5991	refs/dofus-emu-dev/DofusProtocol/Messages/Messages/game/guild/GuildSpellUpgradeRequestMessage.cs:15	1	spellId:int
GuildSummaryMessage	156	refs/dofus-emu-dev/DofusProtocol/Messages/Messages/game/guild/GuildSummaryMessage.cs:15	1	guilds:IEnumerable<Types.GuildFactSheetInformations>
GuildSummaryRequestMessage	1163	refs/dofus-emu-dev/DofusProtocol/Messages/Messages/game/guild/GuildSummaryRequestMessage.cs:15	14	hideFullFilter:bool;followingGuildCriteria:bool;sortDescending:bool;nameFilter:string;criterionFilter:IEnumerable<int>;languagesFilter:IEnumerable<int>;recruitmentTypeFilter:IEnumerable<sbyte>;minLevelFilter:short;maxLevelFilter:short;minPlayerLevelFilter:short;maxPlayerLevelFilter:short;minSuccessFilter:int;maxSuccessFilter:int;sortType:sbyte
GuildUpdateChestTabRequestMessage	6464	refs/dofus-emu-dev/DofusProtocol/Messages/Messages/game/guild/GuildUpdateChestTabRequestMessage.cs:15	1	tab:Types.UpdatedStorageTabInformation
RemoveGuildRankRequestMessage	5524	refs/dofus-emu-dev/DofusProtocol/Messages/Messages/game/guild/RemoveGuildRankRequestMessage.cs:15	2	rankId:int;newRankId:int
StartGuildChestContributionMessage	9862	refs/dofus-emu-dev/DofusProtocol/Messages/Messages/game/guild/StartGuildChestContributionMessage.cs:15	0	
StartListenGuildChestStructureMessage	9892	refs/dofus-emu-dev/DofusProtocol/Messages/Messages/game/guild/StartListenGuildChestStructureMessage.cs:15	0	
StopGuildChestContributionMessage	1053	refs/dofus-emu-dev/DofusProtocol/Messages/Messages/game/guild/StopGuildChestContributionMessage.cs:15	0	
StopListenGuildChestStructureMessage	3081	refs/dofus-emu-dev/DofusProtocol/Messages/Messages/game/guild/StopListenGuildChestStructureMessage.cs:15	0	
UpdateAllGuildRankRequestMessage	1965	refs/dofus-emu-dev/DofusProtocol/Messages/Messages/game/guild/UpdateAllGuildRankRequestMessage.cs:15	1	ranks:IEnumerable<Types.RankInformation>
UpdateGuildRankRequestMessage	9846	refs/dofus-emu-dev/DofusProtocol/Messages/Messages/game/guild/UpdateGuildRankRequestMessage.cs:15	1	rank:Types.RankInformation
UpdateGuildRightsMessage	3888	refs/dofus-emu-dev/DofusProtocol/Messages/Messages/game/guild/UpdateGuildRightsMessage.cs:15	2	rankId:int;rights:IEnumerable<int>
GuildApplicationAnswerMessage	3927	refs/dofus-emu-dev/DofusProtocol/Messages/Messages/game/guild/application/GuildApplicationAnswerMessage.cs:15	2	accepted:bool;playerId:long
GuildApplicationDeletedMessage	8782	refs/dofus-emu-dev/DofusProtocol/Messages/Messages/game/guild/application/GuildApplicationDeletedMessage.cs:15	1	deleted:bool
GuildApplicationIsAnsweredMessage	3637	refs/dofus-emu-dev/DofusProtocol/Messages/Messages/game/guild/application/GuildApplicationIsAnsweredMessage.cs:15	2	accepted:bool;guildInformation:Types.GuildInformations
GuildApplicationListenMessage	5367	refs/dofus-emu-dev/DofusProtocol/Messages/Messages/game/guild/application/GuildApplicationListenMessage.cs:15	1	listen:bool
GuildApplicationPresenceMessage	9885	refs/dofus-emu-dev/DofusProtocol/Messages/Messages/game/guild/application/GuildApplicationPresenceMessage.cs:15	1	isApplication:bool
GuildApplicationReceivedMessage	8148	refs/dofus-emu-dev/DofusProtocol/Messages/Messages/game/guild/application/GuildApplicationReceivedMessage.cs:15	2	playerName:string;playerId:long
GuildDeleteApplicationRequestMessage	7132	refs/dofus-emu-dev/DofusProtocol/Messages/Messages/game/guild/application/GuildDeleteApplicationRequestMessage.cs:15	0	
GuildGetPlayerApplicationMessage	5398	refs/dofus-emu-dev/DofusProtocol/Messages/Messages/game/guild/application/GuildGetPlayerApplicationMessage.cs:15	0	
GuildIsThereAnyApplicationMessage	5069	refs/dofus-emu-dev/DofusProtocol/Messages/Messages/game/guild/application/GuildIsThereAnyApplicationMessage.cs:15	0	
GuildListApplicationAnswerMessage	948	refs/dofus-emu-dev/DofusProtocol/Messages/Messages/game/guild/application/GuildListApplicationAnswerMessage.cs:15	1	applies:IEnumerable<Types.SocialApplicationInformation>
GuildListApplicationModifiedMessage	7224	refs/dofus-emu-dev/DofusProtocol/Messages/Messages/game/guild/application/GuildListApplicationModifiedMessage.cs:15	3	apply:Types.SocialApplicationInformation;state:sbyte;playerId:long
GuildListApplicationRequestMessage	695	refs/dofus-emu-dev/DofusProtocol/Messages/Messages/game/guild/application/GuildListApplicationRequestMessage.cs:15	0	
GuildPlayerApplicationAbstractMessage	4745	refs/dofus-emu-dev/DofusProtocol/Messages/Messages/game/guild/application/GuildPlayerApplicationAbstractMessage.cs:15	0	
GuildPlayerApplicationInformationMessage	656	refs/dofus-emu-dev/DofusProtocol/Messages/Messages/game/guild/application/GuildPlayerApplicationInformationMessage.cs:15	2	guildInformation:Types.GuildInformations;apply:Types.SocialApplicationInformation
GuildPlayerNoApplicationInformationMessage	6961	refs/dofus-emu-dev/DofusProtocol/Messages/Messages/game/guild/application/GuildPlayerNoApplicationInformationMessage.cs:15	0	
GuildSubmitApplicationMessage	2378	refs/dofus-emu-dev/DofusProtocol/Messages/Messages/game/guild/application/GuildSubmitApplicationMessage.cs:15	13	applyText:string;guildId:int;timeSpent:int;filterLanguage:string;filterAmbiance:string;filterPlaytime:string;filterInterest:string;filterMinMaxGuildLevel:string;filterRecruitmentType:string;filterMinMaxCharacterLevel:string;filterMinMaxAchievement:string;filterSearchName:string;filterLastSort:string
GuildUpdateApplicationMessage	7570	refs/dofus-emu-dev/DofusProtocol/Messages/Messages/game/guild/application/GuildUpdateApplicationMessage.cs:15	2	applyText:string;guildId:int
GuildUpdateNoteMessage	7051	refs/dofus-emu-dev/DofusProtocol/Messages/Messages/game/guild/application/GuildUpdateNoteMessage.cs:15	2	memberId:long;note:string
AddListenerOnSynchronizedStorageMessage	1826	refs/dofus-emu-dev/DofusProtocol/Messages/Messages/game/guild/chest/AddListenerOnSynchronizedStorageMessage.cs:15	1	player:string
ListenersOfSynchronizedStorageMessage	8036	refs/dofus-emu-dev/DofusProtocol/Messages/Messages/game/guild/chest/ListenersOfSynchronizedStorageMessage.cs:15	1	players:IEnumerable<string>
RemoveListenerOnSynchronizedStorageMessage	91	refs/dofus-emu-dev/DofusProtocol/Messages/Messages/game/guild/chest/RemoveListenerOnSynchronizedStorageMessage.cs:15	1	player:string
GuildLogbookInformationMessage	7376	refs/dofus-emu-dev/DofusProtocol/Messages/Messages/game/guild/logbook/GuildLogbookInformationMessage.cs:15	2	globalActivities:IEnumerable<Types.GuildLogbookEntryBasicInformation>;chestActivities:IEnumerable<Types.GuildLogbookEntryBasicInformation>
GuildLogbookInformationRequestMessage	319	refs/dofus-emu-dev/DofusProtocol/Messages/Messages/game/guild/logbook/GuildLogbookInformationRequestMessage.cs:15	0	
GuildRecruitmentInvalidateMessage	5184	refs/dofus-emu-dev/DofusProtocol/Messages/Messages/game/guild/recruitment/GuildRecruitmentInvalidateMessage.cs:15	0	
RecruitmentInformationMessage	8248	refs/dofus-emu-dev/DofusProtocol/Messages/Messages/game/guild/recruitment/RecruitmentInformationMessage.cs:15	1	recruitmentData:Types.GuildRecruitmentInformation
UpdateRecruitmentInformationMessage	691	refs/dofus-emu-dev/DofusProtocol/Messages/Messages/game/guild/recruitment/UpdateRecruitmentInformationMessage.cs:15	1	recruitmentData:Types.GuildRecruitmentInformation
TaxCollectorEquipmentUpdateMessage	2451	refs/dofus-emu-dev/DofusProtocol/Messages/Messages/game/guild/tax/TaxCollectorEquipmentUpdateMessage.cs:15	3	uniqueId:double;added:bool;characteristics:Types.CharacterCharacteristics
HouseTeleportRequestMessage	3189	refs/dofus-emu-dev/DofusProtocol/Messages/Messages/game/house/HouseTeleportRequestMessage.cs:15	2	houseId:int;houseInstanceId:int
CharacterCapabilitiesMessage	3451	refs/dofus-emu-dev/DofusProtocol/Messages/Messages/game/initialization/CharacterCapabilitiesMessage.cs:15	1	guildEmblemSymbolCategories:int
CharacterLoadingCompleteMessage	605	refs/dofus-emu-dev/DofusProtocol/Messages/Messages/game/initialization/CharacterLoadingCompleteMessage.cs:15	0	
OnConnectionEventMessage	999	refs/dofus-emu-dev/DofusProtocol/Messages/Messages/game/initialization/OnConnectionEventMessage.cs:15	1	eventType:sbyte
ServerExperienceModificatorMessage	9259	refs/dofus-emu-dev/DofusProtocol/Messages/Messages/game/initialization/ServerExperienceModificatorMessage.cs:15	1	experiencePercent:short
SetCharacterRestrictionsMessage	1324	refs/dofus-emu-dev/DofusProtocol/Messages/Messages/game/initialization/SetCharacterRestrictionsMessage.cs:15	2	actorId:double;restrictions:Types.ActorRestrictionsInformations
InteractiveElementUpdatedMessage	8912	refs/dofus-emu-dev/DofusProtocol/Messages/Messages/game/interactive/InteractiveElementUpdatedMessage.cs:15	1	interactiveElement:Types.InteractiveElement
InteractiveMapUpdateMessage	9493	refs/dofus-emu-dev/DofusProtocol/Messages/Messages/game/interactive/InteractiveMapUpdateMessage.cs:15	1	interactiveElements:IEnumerable<Types.InteractiveElement>
InteractiveUseEndedMessage	2897	refs/dofus-emu-dev/DofusProtocol/Messages/Messages/game/interactive/InteractiveUseEndedMessage.cs:15	2	elemId:int;skillId:short
InteractiveUseErrorMessage	2991	refs/dofus-emu-dev/DofusProtocol/Messages/Messages/game/interactive/InteractiveUseErrorMessage.cs:15	2	elemId:int;skillInstanceUid:int
InteractiveUseRequestMessage	1424	refs/dofus-emu-dev/DofusProtocol/Messages/Messages/game/interactive/InteractiveUseRequestMessage.cs:15	2	elemId:int;skillInstanceUid:int
InteractiveUsedMessage	3900	refs/dofus-emu-dev/DofusProtocol/Messages/Messages/game/interactive/InteractiveUsedMessage.cs:15	5	entityId:long;elemId:int;skillId:short;duration:short;canMove:bool
StatedElementUpdatedMessage	7859	refs/dofus-emu-dev/DofusProtocol/Messages/Messages/game/interactive/StatedElementUpdatedMessage.cs:15	1	statedElement:Types.StatedElement
StatedMapUpdateMessage	2054	refs/dofus-emu-dev/DofusProtocol/Messages/Messages/game/interactive/StatedMapUpdateMessage.cs:15	1	statedElements:IEnumerable<Types.StatedElement>
GroupTeleportPlayerAnswerMessage	1816	refs/dofus-emu-dev/DofusProtocol/Messages/Messages/game/interactive/meeting/GroupTeleportPlayerAnswerMessage.cs:15	2	accept:bool;requesterId:long
GroupTeleportPlayerCloseMessage	2716	refs/dofus-emu-dev/DofusProtocol/Messages/Messages/game/interactive/meeting/GroupTeleportPlayerCloseMessage.cs:15	2	mapId:double;requesterId:long
GroupTeleportPlayerOfferMessage	3076	refs/dofus-emu-dev/DofusProtocol/Messages/Messages/game/interactive/meeting/GroupTeleportPlayerOfferMessage.cs:15	6	mapId:double;worldX:short;worldY:short;timeLeft:int;requesterId:long;requesterName:string
TeleportBuddiesAnswerMessage	368	refs/dofus-emu-dev/DofusProtocol/Messages/Messages/game/interactive/meeting/TeleportBuddiesAnswerMessage.cs:15	1	accept:bool
TeleportBuddiesMessage	9554	refs/dofus-emu-dev/DofusProtocol/Messages/Messages/game/interactive/meeting/TeleportBuddiesMessage.cs:15	1	dungeonId:short
TeleportBuddiesRequestedMessage	2454	refs/dofus-emu-dev/DofusProtocol/Messages/Messages/game/interactive/meeting/TeleportBuddiesRequestedMessage.cs:15	3	dungeonId:short;inviterId:long;invalidBuddiesIds:IEnumerable<long>
TeleportPlayerAnswerMessage	4603	refs/dofus-emu-dev/DofusProtocol/Messages/Messages/game/interactive/meeting/TeleportPlayerAnswerMessage.cs:15	2	accept:bool;requesterId:long
TeleportPlayerCloseMessage	4378	refs/dofus-emu-dev/DofusProtocol/Messages/Messages/game/interactive/meeting/TeleportPlayerCloseMessage.cs:15	2	mapId:double;requesterId:long
TeleportPlayerOfferMessage	9777	refs/dofus-emu-dev/DofusProtocol/Messages/Messages/game/interactive/meeting/TeleportPlayerOfferMessage.cs:15	4	mapId:double;message:string;timeLeft:int;requesterId:long
TeleportToBuddyAnswerMessage	3588	refs/dofus-emu-dev/DofusProtocol/Messages/Messages/game/interactive/meeting/TeleportToBuddyAnswerMessage.cs:15	3	dungeonId:short;buddyId:long;accept:bool
TeleportToBuddyCloseMessage	4968	refs/dofus-emu-dev/DofusProtocol/Messages/Messages/game/interactive/meeting/TeleportToBuddyCloseMessage.cs:15	2	dungeonId:short;buddyId:long
TeleportToBuddyOfferMessage	5491	refs/dofus-emu-dev/DofusProtocol/Messages/Messages/game/interactive/meeting/TeleportToBuddyOfferMessage.cs:15	3	dungeonId:short;buddyId:long;timeLeft:int
InteractiveUseWithParamRequestMessage	8117	refs/dofus-emu-dev/DofusProtocol/Messages/Messages/game/interactive/skill/InteractiveUseWithParamRequestMessage.cs:15	1	id:int
KnownZaapListMessage	5253	refs/dofus-emu-dev/DofusProtocol/Messages/Messages/game/interactive/zaap/KnownZaapListMessage.cs:15	1	destinations:IEnumerable<double>
TeleportDestinationsMessage	7615	refs/dofus-emu-dev/DofusProtocol/Messages/Messages/game/interactive/zaap/TeleportDestinationsMessage.cs:15	2	type:sbyte;destinations:IEnumerable<Types.TeleportDestination>
TeleportRequestMessage	9439	refs/dofus-emu-dev/DofusProtocol/Messages/Messages/game/interactive/zaap/TeleportRequestMessage.cs:15	3	sourceType:sbyte;destinationType:sbyte;mapId:double
ZaapDestinationsMessage	9132	refs/dofus-emu-dev/DofusProtocol/Messages/Messages/game/interactive/zaap/ZaapDestinationsMessage.cs:15	1	spawnMapId:double
ZaapRespawnSaveRequestMessage	3373	refs/dofus-emu-dev/DofusProtocol/Messages/Messages/game/interactive/zaap/ZaapRespawnSaveRequestMessage.cs:15	0	
ZaapRespawnUpdatedMessage	9315	refs/dofus-emu-dev/DofusProtocol/Messages/Messages/game/interactive/zaap/ZaapRespawnUpdatedMessage.cs:15	1	mapId:double
KamasUpdateMessage	654	refs/dofus-emu-dev/DofusProtocol/Messages/Messages/game/inventory/KamasUpdateMessage.cs:15	1	kamasTotal:long
MultiTabStorageMessage	7356	refs/dofus-emu-dev/DofusProtocol/Messages/Messages/game/inventory/MultiTabStorageMessage.cs:15	1	tabs:IEnumerable<Types.StorageTabInformation>
ObjectAveragePricesErrorMessage	5074	refs/dofus-emu-dev/DofusProtocol/Messages/Messages/game/inventory/ObjectAveragePricesErrorMessage.cs:15	0	
ObjectAveragePricesGetMessage	2730	refs/dofus-emu-dev/DofusProtocol/Messages/Messages/game/inventory/ObjectAveragePricesGetMessage.cs:15	0	
ObjectAveragePricesMessage	2729	refs/dofus-emu-dev/DofusProtocol/Messages/Messages/game/inventory/ObjectAveragePricesMessage.cs:15	2	ids:IEnumerable<int>;avgPrices:IEnumerable<long>
DecraftResultMessage	3985	refs/dofus-emu-dev/DofusProtocol/Messages/Messages/game/inventory/exchanges/DecraftResultMessage.cs:15	1	results:IEnumerable<Types.DecraftedItemStackInfo>
EvolutiveObjectRecycleResultMessage	5637	refs/dofus-emu-dev/DofusProtocol/Messages/Messages/game/inventory/exchanges/EvolutiveObjectRecycleResultMessage.cs:15	1	recycledItems:IEnumerable<Types.RecycledItem>
ExchangeAcceptMessage	804	refs/dofus-emu-dev/DofusProtocol/Messages/Messages/game/inventory/exchanges/ExchangeAcceptMessage.cs:15	0	
ExchangeBidHouseBuyMessage	3820	refs/dofus-emu-dev/DofusProtocol/Messages/Messages/game/inventory/exchanges/ExchangeBidHouseBuyMessage.cs:15	3	uid:int;qty:int;price:long
ExchangeBidHouseBuyResultMessage	2613	refs/dofus-emu-dev/DofusProtocol/Messages/Messages/game/inventory/exchanges/ExchangeBidHouseBuyResultMessage.cs:15	2	uid:int;bought:bool
ExchangeBidHouseGenericItemAddedMessage	3696	refs/dofus-emu-dev/DofusProtocol/Messages/Messages/game/inventory/exchanges/ExchangeBidHouseGenericItemAddedMessage.cs:15	1	objGenericId:int
ExchangeBidHouseGenericItemRemovedMessage	3347	refs/dofus-emu-dev/DofusProtocol/Messages/Messages/game/inventory/exchanges/ExchangeBidHouseGenericItemRemovedMessage.cs:15	1	objGenericId:int
ExchangeBidHouseInListAddedMessage	9001	refs/dofus-emu-dev/DofusProtocol/Messages/Messages/game/inventory/exchanges/ExchangeBidHouseInListAddedMessage.cs:15	5	itemUID:int;objectGID:int;objectType:int;effects:IEnumerable<Types.ObjectEffect>;prices:IEnumerable<long>
ExchangeBidHouseInListRemovedMessage	4180	refs/dofus-emu-dev/DofusProtocol/Messages/Messages/game/inventory/exchanges/ExchangeBidHouseInListRemovedMessage.cs:15	3	itemUID:int;objectGID:int;objectType:int
ExchangeBidHouseInListUpdatedMessage	9240	refs/dofus-emu-dev/DofusProtocol/Messages/Messages/game/inventory/exchanges/ExchangeBidHouseInListUpdatedMessage.cs:15	0	
ExchangeBidHouseItemAddOkMessage	1557	refs/dofus-emu-dev/DofusProtocol/Messages/Messages/game/inventory/exchanges/ExchangeBidHouseItemAddOkMessage.cs:15	1	itemInfo:Types.ObjectItemToSellInBid
ExchangeBidHouseItemRemoveOkMessage	8101	refs/dofus-emu-dev/DofusProtocol/Messages/Messages/game/inventory/exchanges/ExchangeBidHouseItemRemoveOkMessage.cs:15	1	sellerId:int
ExchangeBidHouseListMessage	6171	refs/dofus-emu-dev/DofusProtocol/Messages/Messages/game/inventory/exchanges/ExchangeBidHouseListMessage.cs:15	2	objectGID:int;follow:bool
ExchangeBidHousePriceMessage	1454	refs/dofus-emu-dev/DofusProtocol/Messages/Messages/game/inventory/exchanges/ExchangeBidHousePriceMessage.cs:15	1	objectGID:int
ExchangeBidHouseSearchMessage	5862	refs/dofus-emu-dev/DofusProtocol/Messages/Messages/game/inventory/exchanges/ExchangeBidHouseSearchMessage.cs:15	2	objectGID:int;follow:bool
ExchangeBidHouseTypeMessage	8802	refs/dofus-emu-dev/DofusProtocol/Messages/Messages/game/inventory/exchanges/ExchangeBidHouseTypeMessage.cs:15	2	type:int;follow:bool
ExchangeBidHouseUnsoldItemsMessage	9295	refs/dofus-emu-dev/DofusProtocol/Messages/Messages/game/inventory/exchanges/ExchangeBidHouseUnsoldItemsMessage.cs:15	1	items:IEnumerable<Types.ObjectItemGenericQuantity>
ExchangeBidPriceForSellerMessage	7209	refs/dofus-emu-dev/DofusProtocol/Messages/Messages/game/inventory/exchanges/ExchangeBidPriceForSellerMessage.cs:15	2	allIdentical:bool;minimalPrices:IEnumerable<long>
ExchangeBidPriceMessage	4274	refs/dofus-emu-dev/DofusProtocol/Messages/Messages/game/inventory/exchanges/ExchangeBidPriceMessage.cs:15	2	genericId:int;averagePrice:long
ExchangeBidSearchOkMessage	8956	refs/dofus-emu-dev/DofusProtocol/Messages/Messages/game/inventory/exchanges/ExchangeBidSearchOkMessage.cs:15	0	
ExchangeBuyMessage	4582	refs/dofus-emu-dev/DofusProtocol/Messages/Messages/game/inventory/exchanges/ExchangeBuyMessage.cs:15	2	objectToBuyId:int;quantity:int
ExchangeBuyOkMessage	9839	refs/dofus-emu-dev/DofusProtocol/Messages/Messages/game/inventory/exchanges/ExchangeBuyOkMessage.cs:15	0	
ExchangeCraftCountModifiedMessage	7440	refs/dofus-emu-dev/DofusProtocol/Messages/Messages/game/inventory/exchanges/ExchangeCraftCountModifiedMessage.cs:15	1	count:int
ExchangeCraftCountRequestMessage	7189	refs/dofus-emu-dev/DofusProtocol/Messages/Messages/game/inventory/exchanges/ExchangeCraftCountRequestMessage.cs:15	1	count:int
ExchangeCraftPaymentModificationRequestMessage	2392	refs/dofus-emu-dev/DofusProtocol/Messages/Messages/game/inventory/exchanges/ExchangeCraftPaymentModificationRequestMessage.cs:15	1	quantity:long
ExchangeCraftPaymentModifiedMessage	2319	refs/dofus-emu-dev/DofusProtocol/Messages/Messages/game/inventory/exchanges/ExchangeCraftPaymentModifiedMessage.cs:15	1	goldSum:long
ExchangeCraftResultMagicWithObjectDescMessage	95	refs/dofus-emu-dev/DofusProtocol/Messages/Messages/game/inventory/exchanges/ExchangeCraftResultMagicWithObjectDescMessage.cs:15	1	magicPoolStatus:sbyte
ExchangeCraftResultMessage	7869	refs/dofus-emu-dev/DofusProtocol/Messages/Messages/game/inventory/exchanges/ExchangeCraftResultMessage.cs:15	1	craftResult:sbyte
ExchangeCraftResultWithObjectDescMessage	4819	refs/dofus-emu-dev/DofusProtocol/Messages/Messages/game/inventory/exchanges/ExchangeCraftResultWithObjectDescMessage.cs:15	1	objectInfo:Types.ObjectItemNotInContainer
ExchangeCraftResultWithObjectIdMessage	1423	refs/dofus-emu-dev/DofusProtocol/Messages/Messages/game/inventory/exchanges/ExchangeCraftResultWithObjectIdMessage.cs:15	1	objectGenericId:int
ExchangeCrafterJobLevelupMessage	2584	refs/dofus-emu-dev/DofusProtocol/Messages/Messages/game/inventory/exchanges/ExchangeCrafterJobLevelupMessage.cs:15	1	crafterJobLevel:sbyte
ExchangeErrorMessage	9232	refs/dofus-emu-dev/DofusProtocol/Messages/Messages/game/inventory/exchanges/ExchangeErrorMessage.cs:15	1	errorType:sbyte
ExchangeHandleMountsMessage	3319	refs/dofus-emu-dev/DofusProtocol/Messages/Messages/game/inventory/exchanges/ExchangeHandleMountsMessage.cs:15	2	actionType:sbyte;ridesId:IEnumerable<int>
ExchangeIsReadyMessage	4377	refs/dofus-emu-dev/DofusProtocol/Messages/Messages/game/inventory/exchanges/ExchangeIsReadyMessage.cs:15	2	id:double;ready:bool
ExchangeItemAutoCraftStopedMessage	5298	refs/dofus-emu-dev/DofusProtocol/Messages/Messages/game/inventory/exchanges/ExchangeItemAutoCraftStopedMessage.cs:15	1	reason:sbyte
ExchangeLeaveMessage	384	refs/dofus-emu-dev/DofusProtocol/Messages/Messages/game/inventory/exchanges/ExchangeLeaveMessage.cs:15	1	success:bool
ExchangeMoneyMovementInformationMessage	6145	refs/dofus-emu-dev/DofusProtocol/Messages/Messages/game/inventory/exchanges/ExchangeMoneyMovementInformationMessage.cs:15	1	limit:long
ExchangeMountFreeFromPaddockMessage	4615	refs/dofus-emu-dev/DofusProtocol/Messages/Messages/game/inventory/exchanges/ExchangeMountFreeFromPaddockMessage.cs:15	4	name:string;worldX:short;worldY:short;liberator:string
ExchangeMountStableErrorMessage	5267	refs/dofus-emu-dev/DofusProtocol/Messages/Messages/game/inventory/exchanges/ExchangeMountStableErrorMessage.cs:15	0	
ExchangeMountSterilizeFromPaddockMessage	7996	refs/dofus-emu-dev/DofusProtocol/Messages/Messages/game/inventory/exchanges/ExchangeMountSterilizeFromPaddockMessage.cs:15	4	name:string;worldX:short;worldY:short;sterilizator:string
ExchangeMountsPaddockAddMessage	8350	refs/dofus-emu-dev/DofusProtocol/Messages/Messages/game/inventory/exchanges/ExchangeMountsPaddockAddMessage.cs:15	1	mountDescription:IEnumerable<Types.MountClientData>
ExchangeMountsPaddockRemoveMessage	9608	refs/dofus-emu-dev/DofusProtocol/Messages/Messages/game/inventory/exchanges/ExchangeMountsPaddockRemoveMessage.cs:15	1	mountsId:IEnumerable<int>
ExchangeMountsStableAddMessage	9743	refs/dofus-emu-dev/DofusProtocol/Messages/Messages/game/inventory/exchanges/ExchangeMountsStableAddMessage.cs:15	1	mountDescription:IEnumerable<Types.MountClientData>
ExchangeMountsStableBornAddMessage	2861	refs/dofus-emu-dev/DofusProtocol/Messages/Messages/game/inventory/exchanges/ExchangeMountsStableBornAddMessage.cs:15	0	
ExchangeMountsStableRemoveMessage	6129	refs/dofus-emu-dev/DofusProtocol/Messages/Messages/game/inventory/exchanges/ExchangeMountsStableRemoveMessage.cs:15	1	mountsId:IEnumerable<int>
ExchangeMountsTakenFromPaddockMessage	3055	refs/dofus-emu-dev/DofusProtocol/Messages/Messages/game/inventory/exchanges/ExchangeMountsTakenFromPaddockMessage.cs:15	4	name:string;worldX:short;worldY:short;ownername:string
ExchangeObjectAddedMessage	8426	refs/dofus-emu-dev/DofusProtocol/Messages/Messages/game/inventory/exchanges/ExchangeObjectAddedMessage.cs:15	0	
ExchangeObjectMessage	3411	refs/dofus-emu-dev/DofusProtocol/Messages/Messages/game/inventory/exchanges/ExchangeObjectMessage.cs:15	1	remote:bool
ExchangeObjectModifyPricedMessage	1058	refs/dofus-emu-dev/DofusProtocol/Messages/Messages/game/inventory/exchanges/ExchangeObjectModifyPricedMessage.cs:15	0	
ExchangeObjectMoveKamaMessage	7773	refs/dofus-emu-dev/DofusProtocol/Messages/Messages/game/inventory/exchanges/ExchangeObjectMoveKamaMessage.cs:15	1	quantity:long
ExchangeObjectMoveMessage	5939	refs/dofus-emu-dev/DofusProtocol/Messages/Messages/game/inventory/exchanges/ExchangeObjectMoveMessage.cs:15	2	objectUID:int;quantity:int
ExchangeObjectMovePricedMessage	3566	refs/dofus-emu-dev/DofusProtocol/Messages/Messages/game/inventory/exchanges/ExchangeObjectMovePricedMessage.cs:15	1	price:long
ExchangeObjectMoveToTabMessage	1002	refs/dofus-emu-dev/DofusProtocol/Messages/Messages/game/inventory/exchanges/ExchangeObjectMoveToTabMessage.cs:15	3	objectUID:int;quantity:int;tabNumber:int
ExchangeObjectTransfertAllFromInvMessage	1681	refs/dofus-emu-dev/DofusProtocol/Messages/Messages/game/inventory/exchanges/ExchangeObjectTransfertAllFromInvMessage.cs:15	0	
ExchangeObjectTransfertAllToInvMessage	4357	refs/dofus-emu-dev/DofusProtocol/Messages/Messages/game/inventory/exchanges/ExchangeObjectTransfertAllToInvMessage.cs:15	0	
ExchangeObjectTransfertExistingFromInvMessage	9675	refs/dofus-emu-dev/DofusProtocol/Messages/Messages/game/inventory/exchanges/ExchangeObjectTransfertExistingFromInvMessage.cs:15	0	
ExchangeObjectTransfertExistingToInvMessage	3544	refs/dofus-emu-dev/DofusProtocol/Messages/Messages/game/inventory/exchanges/ExchangeObjectTransfertExistingToInvMessage.cs:15	0	
ExchangeObjectTransfertListFromInvMessage	7537	refs/dofus-emu-dev/DofusProtocol/Messages/Messages/game/inventory/exchanges/ExchangeObjectTransfertListFromInvMessage.cs:15	1	ids:IEnumerable<int>
ExchangeObjectTransfertListToInvMessage	8793	refs/dofus-emu-dev/DofusProtocol/Messages/Messages/game/inventory/exchanges/ExchangeObjectTransfertListToInvMessage.cs:15	1	ids:IEnumerable<int>
ExchangeObjectTransfertListWithQuantityToInvMessage	166	refs/dofus-emu-dev/DofusProtocol/Messages/Messages/game/inventory/exchanges/ExchangeObjectTransfertListWithQuantityToInvMessage.cs:15	2	ids:IEnumerable<int>;qtys:IEnumerable<int>
ExchangeObjectUseInWorkshopMessage	8008	refs/dofus-emu-dev/DofusProtocol/Messages/Messages/game/inventory/exchanges/ExchangeObjectUseInWorkshopMessage.cs:15	2	objectUID:int;quantity:int
ExchangeObjectsAddedMessage	9703	refs/dofus-emu-dev/DofusProtocol/Messages/Messages/game/inventory/exchanges/ExchangeObjectsAddedMessage.cs:15	0	
ExchangeOfflineSoldItemsMessage	2524	refs/dofus-emu-dev/DofusProtocol/Messages/Messages/game/inventory/exchanges/ExchangeOfflineSoldItemsMessage.cs:15	1	bidHouseItems:IEnumerable<Types.ObjectItemQuantityPriceDateEffects>
ExchangeOkMultiCraftMessage	4122	refs/dofus-emu-dev/DofusProtocol/Messages/Messages/game/inventory/exchanges/ExchangeOkMultiCraftMessage.cs:15	3	initiatorId:long;otherId:long;role:sbyte
ExchangePlayerMultiCraftRequestMessage	2028	refs/dofus-emu-dev/DofusProtocol/Messages/Messages/game/inventory/exchanges/ExchangePlayerMultiCraftRequestMessage.cs:15	2	target:long;skillId:int
ExchangePlayerRequestMessage	9371	refs/dofus-emu-dev/DofusProtocol/Messages/Messages/game/inventory/exchanges/ExchangePlayerRequestMessage.cs:15	1	target:long
ExchangeReadyMessage	9547	refs/dofus-emu-dev/DofusProtocol/Messages/Messages/game/inventory/exchanges/ExchangeReadyMessage.cs:15	2	ready:bool;step:short
ExchangeReplayStopMessage	2953	refs/dofus-emu-dev/DofusProtocol/Messages/Messages/game/inventory/exchanges/ExchangeReplayStopMessage.cs:15	0	
ExchangeRequestMessage	2919	refs/dofus-emu-dev/DofusProtocol/Messages/Messages/game/inventory/exchanges/ExchangeRequestMessage.cs:15	1	exchangeType:sbyte
ExchangeRequestOnMountStockMessage	5627	refs/dofus-emu-dev/DofusProtocol/Messages/Messages/game/inventory/exchanges/ExchangeRequestOnMountStockMessage.cs:15	0	
ExchangeRequestOnTaxCollectorMessage	1216	refs/dofus-emu-dev/DofusProtocol/Messages/Messages/game/inventory/exchanges/ExchangeRequestOnTaxCollectorMessage.cs:15	0	
ExchangeRequestedMessage	1313	refs/dofus-emu-dev/DofusProtocol/Messages/Messages/game/inventory/exchanges/ExchangeRequestedMessage.cs:15	1	exchangeType:sbyte
ExchangeRequestedTradeMessage	5103	refs/dofus-emu-dev/DofusProtocol/Messages/Messages/game/inventory/exchanges/ExchangeRequestedTradeMessage.cs:15	2	source:long;target:long
ExchangeSellMessage	4616	refs/dofus-emu-dev/DofusProtocol/Messages/Messages/game/inventory/exchanges/ExchangeSellMessage.cs:15	2	objectToSellId:int;quantity:int
ExchangeSellOkMessage	49	refs/dofus-emu-dev/DofusProtocol/Messages/Messages/game/inventory/exchanges/ExchangeSellOkMessage.cs:15	0	
ExchangeSetCraftRecipeMessage	3981	refs/dofus-emu-dev/DofusProtocol/Messages/Messages/game/inventory/exchanges/ExchangeSetCraftRecipeMessage.cs:15	1	objectGID:int
ExchangeStartOkCraftMessage	6203	refs/dofus-emu-dev/DofusProtocol/Messages/Messages/game/inventory/exchanges/ExchangeStartOkCraftMessage.cs:15	0	
ExchangeStartOkCraftWithInformationMessage	4096	refs/dofus-emu-dev/DofusProtocol/Messages/Messages/game/inventory/exchanges/ExchangeStartOkCraftWithInformationMessage.cs:15	1	skillId:int
ExchangeStartOkEvolutiveObjectRecycleTradeMessage	9395	refs/dofus-emu-dev/DofusProtocol/Messages/Messages/game/inventory/exchanges/ExchangeStartOkEvolutiveObjectRecycleTradeMessage.cs:15	0	
ExchangeStartOkJobIndexMessage	1248	refs/dofus-emu-dev/DofusProtocol/Messages/Messages/game/inventory/exchanges/ExchangeStartOkJobIndexMessage.cs:15	1	jobs:IEnumerable<int>
ExchangeStartOkMountMessage	2274	refs/dofus-emu-dev/DofusProtocol/Messages/Messages/game/inventory/exchanges/ExchangeStartOkMountMessage.cs:15	1	paddockedMountsDescription:IEnumerable<Types.MountClientData>
ExchangeStartOkMountWithOutPaddockMessage	1232	refs/dofus-emu-dev/DofusProtocol/Messages/Messages/game/inventory/exchanges/ExchangeStartOkMountWithOutPaddockMessage.cs:15	1	stabledMountsDescription:IEnumerable<Types.MountClientData>
ExchangeStartOkMulticraftCrafterMessage	7458	refs/dofus-emu-dev/DofusProtocol/Messages/Messages/game/inventory/exchanges/ExchangeStartOkMulticraftCrafterMessage.cs:15	1	skillId:int
ExchangeStartOkMulticraftCustomerMessage	5378	refs/dofus-emu-dev/DofusProtocol/Messages/Messages/game/inventory/exchanges/ExchangeStartOkMulticraftCustomerMessage.cs:15	2	skillId:int;crafterJobLevel:sbyte
ExchangeStartOkNpcShopMessage	6130	refs/dofus-emu-dev/DofusProtocol/Messages/Messages/game/inventory/exchanges/ExchangeStartOkNpcShopMessage.cs:15	3	npcSellerId:double;tokenId:int;objectsInfos:IEnumerable<Types.ObjectItemToSellInNpcShop>
ExchangeStartOkNpcTradeMessage	8322	refs/dofus-emu-dev/DofusProtocol/Messages/Messages/game/inventory/exchanges/ExchangeStartOkNpcTradeMessage.cs:15	1	npcId:double
ExchangeStartOkRecycleTradeMessage	1067	refs/dofus-emu-dev/DofusProtocol/Messages/Messages/game/inventory/exchanges/ExchangeStartOkRecycleTradeMessage.cs:15	4	percentToPrism:short;percentToPlayer:short;adjacentSubareaPossessed:IEnumerable<int>;adjacentSubareaUnpossessed:IEnumerable<int>
ExchangeStartOkRunesTradeMessage	1662	refs/dofus-emu-dev/DofusProtocol/Messages/Messages/game/inventory/exchanges/ExchangeStartOkRunesTradeMessage.cs:15	0	
ExchangeStartedBidBuyerMessage	4280	refs/dofus-emu-dev/DofusProtocol/Messages/Messages/game/inventory/exchanges/ExchangeStartedBidBuyerMessage.cs:15	1	buyerDescriptor:Types.SellerBuyerDescriptor
ExchangeStartedBidSellerMessage	9278	refs/dofus-emu-dev/DofusProtocol/Messages/Messages/game/inventory/exchanges/ExchangeStartedBidSellerMessage.cs:15	2	sellerDescriptor:Types.SellerBuyerDescriptor;objectsInfos:IEnumerable<Types.ObjectItemToSellInBid>
ExchangeStartedMessage	3043	refs/dofus-emu-dev/DofusProtocol/Messages/Messages/game/inventory/exchanges/ExchangeStartedMessage.cs:15	1	exchangeType:sbyte
ExchangeStartedMountStockMessage	6115	refs/dofus-emu-dev/DofusProtocol/Messages/Messages/game/inventory/exchanges/ExchangeStartedMountStockMessage.cs:15	1	objectsInfos:IEnumerable<Types.ObjectItem>
ExchangeStartedTaxCollectorEquipmentMessage	9293	refs/dofus-emu-dev/DofusProtocol/Messages/Messages/game/inventory/exchanges/ExchangeStartedTaxCollectorEquipmentMessage.cs:15	1	information:Types.TaxCollectorInformations
ExchangeStartedTaxCollectorShopMessage	9791	refs/dofus-emu-dev/DofusProtocol/Messages/Messages/game/inventory/exchanges/ExchangeStartedTaxCollectorShopMessage.cs:15	2	objects:IEnumerable<Types.ObjectItem>;kamas:long
ExchangeStartedWithMultiTabStorageMessage	4135	refs/dofus-emu-dev/DofusProtocol/Messages/Messages/game/inventory/exchanges/ExchangeStartedWithMultiTabStorageMessage.cs:15	2	storageMaxSlot:int;tabNumber:int
ExchangeStartedWithPodsMessage	5028	refs/dofus-emu-dev/DofusProtocol/Messages/Messages/game/inventory/exchanges/ExchangeStartedWithPodsMessage.cs:15	6	firstCharacterId:double;firstCharacterCurrentWeight:int;firstCharacterMaxWeight:int;secondCharacterId:double;secondCharacterCurrentWeight:int;secondCharacterMaxWeight:int
ExchangeStartedWithStorageMessage	2977	refs/dofus-emu-dev/DofusProtocol/Messages/Messages/game/inventory/exchanges/ExchangeStartedWithStorageMessage.cs:15	1	storageMaxSlot:int
ExchangeStoppedMessage	3673	refs/dofus-emu-dev/DofusProtocol/Messages/Messages/game/inventory/exchanges/ExchangeStoppedMessage.cs:15	1	id:long
ExchangeTaxCollectorGetMessage	3970	refs/dofus-emu-dev/DofusProtocol/Messages/Messages/game/inventory/exchanges/ExchangeTaxCollectorGetMessage.cs:15	11	collectorName:string;worldX:short;worldY:short;mapId:double;subAreaId:short;userName:string;callerId:long;callerName:string;pods:short;objectsInfos:IEnumerable<Types.ObjectItemGenericQuantity>;look:Types.EntityLook
ExchangeTypesExchangerDescriptionForUserMessage	6572	refs/dofus-emu-dev/DofusProtocol/Messages/Messages/game/inventory/exchanges/ExchangeTypesExchangerDescriptionForUserMessage.cs:15	2	objectType:int;typeDescription:IEnumerable<int>
ExchangeTypesItemsExchangerDescriptionForUserMessage	2738	refs/dofus-emu-dev/DofusProtocol/Messages/Messages/game/inventory/exchanges/ExchangeTypesItemsExchangerDescriptionForUserMessage.cs:15	3	objectGID:int;objectType:int;itemTypeDescriptions:IEnumerable<Types.BidExchangerObjectInfo>
ExchangeWaitingResultMessage	4276	refs/dofus-emu-dev/DofusProtocol/Messages/Messages/game/inventory/exchanges/ExchangeWaitingResultMessage.cs:15	1	bwait:bool
ExchangeWeightMessage	1630	refs/dofus-emu-dev/DofusProtocol/Messages/Messages/game/inventory/exchanges/ExchangeWeightMessage.cs:15	2	currentWeight:int;maxWeight:int
FocusedExchangeReadyMessage	885	refs/dofus-emu-dev/DofusProtocol/Messages/Messages/game/inventory/exchanges/FocusedExchangeReadyMessage.cs:15	1	focusActionId:int
ItemNoMoreAvailableMessage	2498	refs/dofus-emu-dev/DofusProtocol/Messages/Messages/game/inventory/exchanges/ItemNoMoreAvailableMessage.cs:15	0	
JobBookSubscribeRequestMessage	7221	refs/dofus-emu-dev/DofusProtocol/Messages/Messages/game/inventory/exchanges/JobBookSubscribeRequestMessage.cs:15	1	jobIds:IEnumerable<sbyte>
RecycleResultMessage	4137	refs/dofus-emu-dev/DofusProtocol/Messages/Messages/game/inventory/exchanges/RecycleResultMessage.cs:15	2	nuggetsForPrism:int;nuggetsForPlayer:int
StartExchangeTaxCollectorEquipmentMessage	878	refs/dofus-emu-dev/DofusProtocol/Messages/Messages/game/inventory/exchanges/StartExchangeTaxCollectorEquipmentMessage.cs:15	1	uid:double
UpdateMountCharacteristicsMessage	1346	refs/dofus-emu-dev/DofusProtocol/Messages/Messages/game/inventory/exchanges/UpdateMountCharacteristicsMessage.cs:15	2	rideId:int;boostToUpdateList:IEnumerable<Types.UpdateMountCharacteristic>
ExchangeKamaModifiedMessage	4910	refs/dofus-emu-dev/DofusProtocol/Messages/Messages/game/inventory/items/ExchangeKamaModifiedMessage.cs:15	1	quantity:long
ExchangeMultiCraftCrafterCanUseHisRessourcesMessage	4154	refs/dofus-emu-dev/DofusProtocol/Messages/Messages/game/inventory/items/ExchangeMultiCraftCrafterCanUseHisRessourcesMessage.cs:15	1	allowed:bool
ExchangeMultiCraftSetCrafterCanUseHisRessourcesMessage	7279	refs/dofus-emu-dev/DofusProtocol/Messages/Messages/game/inventory/items/ExchangeMultiCraftSetCrafterCanUseHisRessourcesMessage.cs:15	1	allow:bool
ExchangeObjectModifiedInBagMessage	9367	refs/dofus-emu-dev/DofusProtocol/Messages/Messages/game/inventory/items/ExchangeObjectModifiedInBagMessage.cs:15	0	
ExchangeObjectModifiedMessage	7078	refs/dofus-emu-dev/DofusProtocol/Messages/Messages/game/inventory/items/ExchangeObjectModifiedMessage.cs:15	0	
ExchangeObjectPutInBagMessage	5697	refs/dofus-emu-dev/DofusProtocol/Messages/Messages/game/inventory/items/ExchangeObjectPutInBagMessage.cs:15	0	
ExchangeObjectRemovedFromBagMessage	5602	refs/dofus-emu-dev/DofusProtocol/Messages/Messages/game/inventory/items/ExchangeObjectRemovedFromBagMessage.cs:15	1	objectUID:int
ExchangeObjectRemovedMessage	8090	refs/dofus-emu-dev/DofusProtocol/Messages/Messages/game/inventory/items/ExchangeObjectRemovedMessage.cs:15	1	objectUID:int
ExchangeObjectsModifiedMessage	7326	refs/dofus-emu-dev/DofusProtocol/Messages/Messages/game/inventory/items/ExchangeObjectsModifiedMessage.cs:15	0	
ExchangeObjectsRemovedMessage	8928	refs/dofus-emu-dev/DofusProtocol/Messages/Messages/game/inventory/items/ExchangeObjectsRemovedMessage.cs:15	1	objectUID:IEnumerable<int>
ExchangePodsModifiedMessage	7160	refs/dofus-emu-dev/DofusProtocol/Messages/Messages/game/inventory/items/ExchangePodsModifiedMessage.cs:15	2	currentWeight:int;maxWeight:int
GoldAddedMessage	1521	refs/dofus-emu-dev/DofusProtocol/Messages/Messages/game/inventory/items/GoldAddedMessage.cs:15	1	gold:Types.GoldItem
InventoryContentMessage	8042	refs/dofus-emu-dev/DofusProtocol/Messages/Messages/game/inventory/items/InventoryContentMessage.cs:15	2	objects:IEnumerable<Types.ObjectItem>;kamas:long
InventoryWeightMessage	9677	refs/dofus-emu-dev/DofusProtocol/Messages/Messages/game/inventory/items/InventoryWeightMessage.cs:15	2	inventoryWeight:int;weightMax:int
LivingObjectChangeSkinRequestMessage	2511	refs/dofus-emu-dev/DofusProtocol/Messages/Messages/game/inventory/items/LivingObjectChangeSkinRequestMessage.cs:15	3	livingUID:int;livingPosition:sbyte;skinId:int
LivingObjectDissociateMessage	8437	refs/dofus-emu-dev/DofusProtocol/Messages/Messages/game/inventory/items/LivingObjectDissociateMessage.cs:15	2	livingUID:int;livingPosition:sbyte
LivingObjectMessageMessage	6015	refs/dofus-emu-dev/DofusProtocol/Messages/Messages/game/inventory/items/LivingObjectMessageMessage.cs:15	4	msgId:short;timeStamp:int;owner:string;objectGenericId:int
LivingObjectMessageRequestMessage	5726	refs/dofus-emu-dev/DofusProtocol/Messages/Messages/game/inventory/items/LivingObjectMessageRequestMessage.cs:15	3	msgId:short;parameters:IEnumerable<string>;livingObject:int
MimicryObjectAssociatedMessage	1127	refs/dofus-emu-dev/DofusProtocol/Messages/Messages/game/inventory/items/MimicryObjectAssociatedMessage.cs:15	0	
MimicryObjectEraseRequestMessage	7124	refs/dofus-emu-dev/DofusProtocol/Messages/Messages/game/inventory/items/MimicryObjectEraseRequestMessage.cs:15	2	hostUID:int;hostPos:sbyte
MimicryObjectErrorMessage	3920	refs/dofus-emu-dev/DofusProtocol/Messages/Messages/game/inventory/items/MimicryObjectErrorMessage.cs:15	1	preview:bool
MimicryObjectFeedAndAssociateRequestMessage	3754	refs/dofus-emu-dev/DofusProtocol/Messages/Messages/game/inventory/items/MimicryObjectFeedAndAssociateRequestMessage.cs:15	3	foodUID:int;foodPos:sbyte;preview:bool
MimicryObjectPreviewMessage	2255	refs/dofus-emu-dev/DofusProtocol/Messages/Messages/game/inventory/items/MimicryObjectPreviewMessage.cs:15	1	result:Types.ObjectItem
ObjectAddedMessage	6866	refs/dofus-emu-dev/DofusProtocol/Messages/Messages/game/inventory/items/ObjectAddedMessage.cs:15	1	origin:sbyte
ObjectDeleteMessage	5997	refs/dofus-emu-dev/DofusProtocol/Messages/Messages/game/inventory/items/ObjectDeleteMessage.cs:15	2	objectUID:int;quantity:int
ObjectDeletedMessage	6668	refs/dofus-emu-dev/DofusProtocol/Messages/Messages/game/inventory/items/ObjectDeletedMessage.cs:15	1	objectUID:int
ObjectDropMessage	2531	refs/dofus-emu-dev/DofusProtocol/Messages/Messages/game/inventory/items/ObjectDropMessage.cs:15	2	objectUID:int;quantity:int
ObjectErrorMessage	2089	refs/dofus-emu-dev/DofusProtocol/Messages/Messages/game/inventory/items/ObjectErrorMessage.cs:15	1	reason:sbyte
ObjectJobAddedMessage	5441	refs/dofus-emu-dev/DofusProtocol/Messages/Messages/game/inventory/items/ObjectJobAddedMessage.cs:15	1	jobId:sbyte
ObjectModifiedMessage	7821	refs/dofus-emu-dev/DofusProtocol/Messages/Messages/game/inventory/items/ObjectModifiedMessage.cs:15	0	
ObjectMovementMessage	4510	refs/dofus-emu-dev/DofusProtocol/Messages/Messages/game/inventory/items/ObjectMovementMessage.cs:15	2	objectUID:int;position:short
ObjectQuantityMessage	204	refs/dofus-emu-dev/DofusProtocol/Messages/Messages/game/inventory/items/ObjectQuantityMessage.cs:15	3	objectUID:int;quantity:int;origin:sbyte
ObjectSetPositionMessage	5569	refs/dofus-emu-dev/DofusProtocol/Messages/Messages/game/inventory/items/ObjectSetPositionMessage.cs:15	3	objectUID:int;position:short;quantity:int
ObjectUseMessage	1372	refs/dofus-emu-dev/DofusProtocol/Messages/Messages/game/inventory/items/ObjectUseMessage.cs:15	1	objectUID:int
ObjectUseMultipleMessage	1310	refs/dofus-emu-dev/DofusProtocol/Messages/Messages/game/inventory/items/ObjectUseMultipleMessage.cs:15	1	quantity:int
ObjectUseOnCellMessage	4046	refs/dofus-emu-dev/DofusProtocol/Messages/Messages/game/inventory/items/ObjectUseOnCellMessage.cs:15	1	cells:short
ObjectUseOnCharacterMessage	2165	refs/dofus-emu-dev/DofusProtocol/Messages/Messages/game/inventory/items/ObjectUseOnCharacterMessage.cs:15	1	characterId:long
ObjectsAddedMessage	1527	refs/dofus-emu-dev/DofusProtocol/Messages/Messages/game/inventory/items/ObjectsAddedMessage.cs:15	0	
ObjectsDeletedMessage	5219	refs/dofus-emu-dev/DofusProtocol/Messages/Messages/game/inventory/items/ObjectsDeletedMessage.cs:15	1	objectUID:IEnumerable<int>
ObjectsQuantityMessage	5664	refs/dofus-emu-dev/DofusProtocol/Messages/Messages/game/inventory/items/ObjectsQuantityMessage.cs:15	1	objectsUIDAndQty:IEnumerable<Types.ObjectItemQuantity>
ObtainedItemMessage	9678	refs/dofus-emu-dev/DofusProtocol/Messages/Messages/game/inventory/items/ObtainedItemMessage.cs:15	2	genericId:int;baseQuantity:int
ObtainedItemWithBonusMessage	7133	refs/dofus-emu-dev/DofusProtocol/Messages/Messages/game/inventory/items/ObtainedItemWithBonusMessage.cs:15	1	bonusQuantity:int
SetUpdateMessage	7483	refs/dofus-emu-dev/DofusProtocol/Messages/Messages/game/inventory/items/SetUpdateMessage.cs:15	3	setId:short;setObjects:IEnumerable<int>;setEffects:IEnumerable<Types.ObjectEffect>
SymbioticObjectAssociateRequestMessage	9614	refs/dofus-emu-dev/DofusProtocol/Messages/Messages/game/inventory/items/SymbioticObjectAssociateRequestMessage.cs:15	4	symbioteUID:int;symbiotePos:sbyte;hostUID:int;hostPos:sbyte
SymbioticObjectAssociatedMessage	7196	refs/dofus-emu-dev/DofusProtocol/Messages/Messages/game/inventory/items/SymbioticObjectAssociatedMessage.cs:15	1	hostUID:int
SymbioticObjectErrorMessage	2086	refs/dofus-emu-dev/DofusProtocol/Messages/Messages/game/inventory/items/SymbioticObjectErrorMessage.cs:15	1	errorCode:sbyte
WatchInventoryContentMessage	8887	refs/dofus-emu-dev/DofusProtocol/Messages/Messages/game/inventory/items/WatchInventoryContentMessage.cs:15	0	
WrapperObjectAssociatedMessage	3871	refs/dofus-emu-dev/DofusProtocol/Messages/Messages/game/inventory/items/WrapperObjectAssociatedMessage.cs:15	0	
WrapperObjectDissociateRequestMessage	5244	refs/dofus-emu-dev/DofusProtocol/Messages/Messages/game/inventory/items/WrapperObjectDissociateRequestMessage.cs:15	2	hostUID:int;hostPos:sbyte
WrapperObjectErrorMessage	5215	refs/dofus-emu-dev/DofusProtocol/Messages/Messages/game/inventory/items/WrapperObjectErrorMessage.cs:15	0	
SpellListMessage	7427	refs/dofus-emu-dev/DofusProtocol/Messages/Messages/game/inventory/spells/SpellListMessage.cs:15	2	spellPrevisualization:bool;spells:IEnumerable<Types.SpellItem>
StorageInventoryContentMessage	6526	refs/dofus-emu-dev/DofusProtocol/Messages/Messages/game/inventory/storage/StorageInventoryContentMessage.cs:15	0	
StorageKamasUpdateMessage	8968	refs/dofus-emu-dev/DofusProtocol/Messages/Messages/game/inventory/storage/StorageKamasUpdateMessage.cs:15	1	kamasTotal:long
StorageObjectRemoveMessage	8450	refs/dofus-emu-dev/DofusProtocol/Messages/Messages/game/inventory/storage/StorageObjectRemoveMessage.cs:15	1	objectUID:int
StorageObjectUpdateMessage	2670	refs/dofus-emu-dev/DofusProtocol/Messages/Messages/game/inventory/storage/StorageObjectUpdateMessage.cs:15	0	
StorageObjectsRemoveMessage	1673	refs/dofus-emu-dev/DofusProtocol/Messages/Messages/game/inventory/storage/StorageObjectsRemoveMessage.cs:15	1	objectUIDList:IEnumerable<int>
StorageObjectsUpdateMessage	5323	refs/dofus-emu-dev/DofusProtocol/Messages/Messages/game/inventory/storage/StorageObjectsUpdateMessage.cs:15	1	objectList:IEnumerable<Types.ObjectItem>
AccessoryPreviewErrorMessage	9621	refs/dofus-emu-dev/DofusProtocol/Messages/Messages/game/look/AccessoryPreviewErrorMessage.cs:15	1	error:sbyte
AccessoryPreviewMessage	1503	refs/dofus-emu-dev/DofusProtocol/Messages/Messages/game/look/AccessoryPreviewMessage.cs:15	1	look:Types.EntityLook
AccessoryPreviewRequestMessage	375	refs/dofus-emu-dev/DofusProtocol/Messages/Messages/game/look/AccessoryPreviewRequestMessage.cs:15	1	genericId:IEnumerable<int>
PopupWarningCloseRequestMessage	663	refs/dofus-emu-dev/DofusProtocol/Messages/Messages/game/moderation/PopupWarningCloseRequestMessage.cs:15	0	
PopupWarningClosedMessage	2757	refs/dofus-emu-dev/DofusProtocol/Messages/Messages/game/moderation/PopupWarningClosedMessage.cs:15	0	
PopupWarningMessage	1024	refs/dofus-emu-dev/DofusProtocol/Messages/Messages/game/moderation/PopupWarningMessage.cs:15	3	lockDuration:sbyte;author:string;content:string
AreaFightModificatorUpdateMessage	9461	refs/dofus-emu-dev/DofusProtocol/Messages/Messages/game/modificator/AreaFightModificatorUpdateMessage.cs:15	1	spellPairId:int
NuggetsDistributionMessage	3417	refs/dofus-emu-dev/DofusProtocol/Messages/Messages/game/nuggets/NuggetsDistributionMessage.cs:15	1	beneficiaries:IEnumerable<Types.NuggetsBeneficiary>
NuggetsInformationMessage	5214	refs/dofus-emu-dev/DofusProtocol/Messages/Messages/game/nuggets/NuggetsInformationMessage.cs:15	1	nuggetsQuantity:int
StartListenNuggetsMessage	4559	refs/dofus-emu-dev/DofusProtocol/Messages/Messages/game/nuggets/StartListenNuggetsMessage.cs:15	0	
StopListenNuggetsMessage	4818	refs/dofus-emu-dev/DofusProtocol/Messages/Messages/game/nuggets/StopListenNuggetsMessage.cs:15	0	
IconNamedPresetSaveRequestMessage	6922	refs/dofus-emu-dev/DofusProtocol/Messages/Messages/game/presets/IconNamedPresetSaveRequestMessage.cs:15	2	name:string;type:sbyte
IconPresetSaveRequestMessage	6591	refs/dofus-emu-dev/DofusProtocol/Messages/Messages/game/presets/IconPresetSaveRequestMessage.cs:15	3	presetId:short;symbolId:sbyte;updateData:bool
InvalidPresetsMessage	1001	refs/dofus-emu-dev/DofusProtocol/Messages/Messages/game/presets/InvalidPresetsMessage.cs:15	1	presetIds:IEnumerable<short>
ItemForPresetUpdateMessage	6815	refs/dofus-emu-dev/DofusProtocol/Messages/Messages/game/presets/ItemForPresetUpdateMessage.cs:15	2	presetId:short;presetItem:Types.ItemForPreset
PresetDeleteRequestMessage	7052	refs/dofus-emu-dev/DofusProtocol/Messages/Messages/game/presets/PresetDeleteRequestMessage.cs:15	1	presetId:short
PresetDeleteResultMessage	6319	refs/dofus-emu-dev/DofusProtocol/Messages/Messages/game/presets/PresetDeleteResultMessage.cs:15	2	presetId:short;code:sbyte
PresetSaveErrorMessage	7630	refs/dofus-emu-dev/DofusProtocol/Messages/Messages/game/presets/PresetSaveErrorMessage.cs:15	2	presetId:short;code:sbyte
PresetSavedMessage	889	refs/dofus-emu-dev/DofusProtocol/Messages/Messages/game/presets/PresetSavedMessage.cs:15	2	presetId:short;preset:Types.Preset
PresetUseRequestMessage	7506	refs/dofus-emu-dev/DofusProtocol/Messages/Messages/game/presets/PresetUseRequestMessage.cs:15	1	presetId:short
PresetUseResultMessage	799	refs/dofus-emu-dev/DofusProtocol/Messages/Messages/game/presets/PresetUseResultMessage.cs:15	2	presetId:short;code:sbyte
PresetUseResultWithMissingIdsMessage	5059	refs/dofus-emu-dev/DofusProtocol/Messages/Messages/game/presets/PresetUseResultWithMissingIdsMessage.cs:15	1	missingIds:IEnumerable<short>
PresetsMessage	8873	refs/dofus-emu-dev/DofusProtocol/Messages/Messages/game/presets/PresetsMessage.cs:15	1	presets:IEnumerable<Types.Preset>
PrismAddOrUpdateMessage	1525	refs/dofus-emu-dev/DofusProtocol/Messages/Messages/game/prism/PrismAddOrUpdateMessage.cs:15	1	prism:Types.PrismGeolocalizedInformation
PrismAttackRequestMessage	6412	refs/dofus-emu-dev/DofusProtocol/Messages/Messages/game/prism/PrismAttackRequestMessage.cs:15	0	
PrismAttackResultMessage	8541	refs/dofus-emu-dev/DofusProtocol/Messages/Messages/game/prism/PrismAttackResultMessage.cs:15	2	prism:Types.PrismGeolocalizedInformation;result:sbyte
PrismAttackedMessage	48	refs/dofus-emu-dev/DofusProtocol/Messages/Messages/game/prism/PrismAttackedMessage.cs:15	1	prism:Types.PrismGeolocalizedInformation
PrismExchangeRequestMessage	1588	refs/dofus-emu-dev/DofusProtocol/Messages/Messages/game/prism/PrismExchangeRequestMessage.cs:15	0	
PrismRecycleTradeRequestMessage	299	refs/dofus-emu-dev/DofusProtocol/Messages/Messages/game/prism/PrismRecycleTradeRequestMessage.cs:15	0	
PrismRemoveMessage	4672	refs/dofus-emu-dev/DofusProtocol/Messages/Messages/game/prism/PrismRemoveMessage.cs:15	1	prism:Types.PrismGeolocalizedInformation
PrismTeleportationRequestMessage	7355	refs/dofus-emu-dev/DofusProtocol/Messages/Messages/game/prism/PrismTeleportationRequestMessage.cs:15	0	
PrismsListMessage	7733	refs/dofus-emu-dev/DofusProtocol/Messages/Messages/game/prism/PrismsListMessage.cs:15	1	prisms:IEnumerable<Types.PrismGeolocalizedInformation>
ActivityHideRequestMessage	5903	refs/dofus-emu-dev/DofusProtocol/Messages/Messages/game/progression/suggestion/ActivityHideRequestMessage.cs:15	1	activityId:short
ActivityLockRequestMessage	5738	refs/dofus-emu-dev/DofusProtocol/Messages/Messages/game/progression/suggestion/ActivityLockRequestMessage.cs:15	1	activityId:short
ActivitySuggestionsMessage	5717	refs/dofus-emu-dev/DofusProtocol/Messages/Messages/game/progression/suggestion/ActivitySuggestionsMessage.cs:15	2	lockedActivitiesIds:IEnumerable<short>;unlockedActivitiesIds:IEnumerable<short>
ActivitySuggestionsRequestMessage	5447	refs/dofus-emu-dev/DofusProtocol/Messages/Messages/game/progression/suggestion/ActivitySuggestionsRequestMessage.cs:15	5	minLevel:short;maxLevel:short;areaId:short;activityCategoryId:short;nbCards:short
AlignmentRankUpdateMessage	5019	refs/dofus-emu-dev/DofusProtocol/Messages/Messages/game/pvp/AlignmentRankUpdateMessage.cs:15	2	alignmentRank:sbyte;verbose:bool
SetEnableAVARequestMessage	6858	refs/dofus-emu-dev/DofusProtocol/Messages/Messages/game/pvp/SetEnableAVARequestMessage.cs:15	1	enable:bool
SetEnablePVPRequestMessage	3251	refs/dofus-emu-dev/DofusProtocol/Messages/Messages/game/pvp/SetEnablePVPRequestMessage.cs:15	1	enable:bool
UpdateMapPlayersAgressableStatusMessage	1751	refs/dofus-emu-dev/DofusProtocol/Messages/Messages/game/pvp/UpdateMapPlayersAgressableStatusMessage.cs:15	1	playerAvAMessages:IEnumerable<Types.AgressableStatusMessage>
UpdateSelfAgressableStatusMessage	5808	refs/dofus-emu-dev/DofusProtocol/Messages/Messages/game/pvp/UpdateSelfAgressableStatusMessage.cs:15	4	status:sbyte;probationTime:double;roleAvAId:int;pictoScore:int
CinematicMessage	991	refs/dofus-emu-dev/DofusProtocol/Messages/Messages/game/script/CinematicMessage.cs:15	1	cinematicId:short
ShortcutBarAddErrorMessage	1627	refs/dofus-emu-dev/DofusProtocol/Messages/Messages/game/shortcut/ShortcutBarAddErrorMessage.cs:15	1	error:sbyte
ShortcutBarAddRequestMessage	6013	refs/dofus-emu-dev/DofusProtocol/Messages/Messages/game/shortcut/ShortcutBarAddRequestMessage.cs:15	2	barType:sbyte;shortcut:Types.Shortcut
ShortcutBarContentMessage	9158	refs/dofus-emu-dev/DofusProtocol/Messages/Messages/game/shortcut/ShortcutBarContentMessage.cs:15	2	barType:sbyte;shortcuts:IEnumerable<Types.Shortcut>
ShortcutBarRefreshMessage	5972	refs/dofus-emu-dev/DofusProtocol/Messages/Messages/game/shortcut/ShortcutBarRefreshMessage.cs:15	2	barType:sbyte;shortcut:Types.Shortcut
ShortcutBarRemoveErrorMessage	4981	refs/dofus-emu-dev/DofusProtocol/Messages/Messages/game/shortcut/ShortcutBarRemoveErrorMessage.cs:15	1	error:sbyte
ShortcutBarRemoveRequestMessage	2126	refs/dofus-emu-dev/DofusProtocol/Messages/Messages/game/shortcut/ShortcutBarRemoveRequestMessage.cs:15	2	barType:sbyte;slot:sbyte
ShortcutBarRemovedMessage	8757	refs/dofus-emu-dev/DofusProtocol/Messages/Messages/game/shortcut/ShortcutBarRemovedMessage.cs:15	2	barType:sbyte;slot:sbyte
ShortcutBarReplacedMessage	125	refs/dofus-emu-dev/DofusProtocol/Messages/Messages/game/shortcut/ShortcutBarReplacedMessage.cs:15	2	barType:sbyte;shortcut:Types.Shortcut
ShortcutBarSwapErrorMessage	6501	refs/dofus-emu-dev/DofusProtocol/Messages/Messages/game/shortcut/ShortcutBarSwapErrorMessage.cs:15	1	error:sbyte
ShortcutBarSwapRequestMessage	45	refs/dofus-emu-dev/DofusProtocol/Messages/Messages/game/shortcut/ShortcutBarSwapRequestMessage.cs:15	3	barType:sbyte;firstSlot:sbyte;secondSlot:sbyte
BulletinMessage	4597	refs/dofus-emu-dev/DofusProtocol/Messages/Messages/game/social/BulletinMessage.cs:15	0	
ContactLookErrorMessage	6346	refs/dofus-emu-dev/DofusProtocol/Messages/Messages/game/social/ContactLookErrorMessage.cs:15	1	requestId:int
ContactLookMessage	4925	refs/dofus-emu-dev/DofusProtocol/Messages/Messages/game/social/ContactLookMessage.cs:15	4	requestId:int;playerName:string;playerId:long;look:Types.EntityLook
ContactLookRequestByIdMessage	6048	refs/dofus-emu-dev/DofusProtocol/Messages/Messages/game/social/ContactLookRequestByIdMessage.cs:15	1	playerId:long
ContactLookRequestByNameMessage	2776	refs/dofus-emu-dev/DofusProtocol/Messages/Messages/game/social/ContactLookRequestByNameMessage.cs:15	1	playerName:string
ContactLookRequestMessage	7562	refs/dofus-emu-dev/DofusProtocol/Messages/Messages/game/social/ContactLookRequestMessage.cs:15	2	requestId:sbyte;contactType:sbyte
SocialNoticeMessage	4859	refs/dofus-emu-dev/DofusProtocol/Messages/Messages/game/social/SocialNoticeMessage.cs:15	4	content:string;timestamp:int;memberId:long;memberName:string
SocialNoticeSetErrorMessage	3100	refs/dofus-emu-dev/DofusProtocol/Messages/Messages/game/social/SocialNoticeSetErrorMessage.cs:15	1	reason:sbyte
SocialNoticeSetRequestMessage	3682	refs/dofus-emu-dev/DofusProtocol/Messages/Messages/game/social/SocialNoticeSetRequestMessage.cs:15	0	
SocialFightJoinRequestMessage	335	refs/dofus-emu-dev/DofusProtocol/Messages/Messages/game/social/fight/SocialFightJoinRequestMessage.cs:15	1	socialFightInfo:Types.SocialFightInfo
SocialFightLeaveRequestMessage	995	refs/dofus-emu-dev/DofusProtocol/Messages/Messages/game/social/fight/SocialFightLeaveRequestMessage.cs:15	1	socialFightInfo:Types.SocialFightInfo
SocialFightTakePlaceRequestMessage	7755	refs/dofus-emu-dev/DofusProtocol/Messages/Messages/game/social/fight/SocialFightTakePlaceRequestMessage.cs:15	2	socialFightInfo:Types.SocialFightInfo;replacedCharacterId:long
ConsumeAllGameActionItemMessage	3120	refs/dofus-emu-dev/DofusProtocol/Messages/Messages/game/startup/ConsumeAllGameActionItemMessage.cs:15	1	characterId:long
ConsumeGameActionItemMessage	2113	refs/dofus-emu-dev/DofusProtocol/Messages/Messages/game/startup/ConsumeGameActionItemMessage.cs:15	2	actionId:int;characterId:long
GameActionItemAddMessage	8509	refs/dofus-emu-dev/DofusProtocol/Messages/Messages/game/startup/GameActionItemAddMessage.cs:15	1	newAction:Types.GameActionItem
GameActionItemConsumedMessage	5525	refs/dofus-emu-dev/DofusProtocol/Messages/Messages/game/startup/GameActionItemConsumedMessage.cs:15	3	success:bool;automaticAction:bool;actionId:int
GameActionItemListMessage	6041	refs/dofus-emu-dev/DofusProtocol/Messages/Messages/game/startup/GameActionItemListMessage.cs:15	1	actions:IEnumerable<Types.GameActionItem>
SubscriptionLimitationMessage	8244	refs/dofus-emu-dev/DofusProtocol/Messages/Messages/game/subscriber/SubscriptionLimitationMessage.cs:15	1	reason:sbyte
SubscriptionZoneMessage	8183	refs/dofus-emu-dev/DofusProtocol/Messages/Messages/game/subscriber/SubscriptionZoneMessage.cs:15	1	active:bool
SurrenderInfoRequestMessage	4015	refs/dofus-emu-dev/DofusProtocol/Messages/Messages/game/surrender/SurrenderInfoRequestMessage.cs:15	0	
SurrenderInfoResponseMessage	99	refs/dofus-emu-dev/DofusProtocol/Messages/Messages/game/surrender/SurrenderInfoResponseMessage.cs:15	3	hasSanction:bool;surrenderResponse:Types.SurrenderResponse;surrenderVoteResponse:Types.SurrenderVoteResponse
SurrenderStateMessage	6944	refs/dofus-emu-dev/DofusProtocol/Messages/Messages/game/surrender/SurrenderStateMessage.cs:15	2	canSurrender:bool;permitVote:bool
OpponentSurrenderMessage	6059	refs/dofus-emu-dev/DofusProtocol/Messages/Messages/game/surrender/vote/OpponentSurrenderMessage.cs:15	0	
SurrenderVoteCastMessage	4209	refs/dofus-emu-dev/DofusProtocol/Messages/Messages/game/surrender/vote/SurrenderVoteCastMessage.cs:15	1	vote:bool
SurrenderVoteEndMessage	6083	refs/dofus-emu-dev/DofusProtocol/Messages/Messages/game/surrender/vote/SurrenderVoteEndMessage.cs:15	1	voteResult:bool
SurrenderVoteStartMessage	6177	refs/dofus-emu-dev/DofusProtocol/Messages/Messages/game/surrender/vote/SurrenderVoteStartMessage.cs:15	4	alreadyCastedVote:bool;numberOfParticipants:int;castedVoteNumber:int;voteDuration:int
SurrenderVoteUpdateMessage	6154	refs/dofus-emu-dev/DofusProtocol/Messages/Messages/game/surrender/vote/SurrenderVoteUpdateMessage.cs:15	0	
OrnamentGainedMessage	9883	refs/dofus-emu-dev/DofusProtocol/Messages/Messages/game/tinsel/OrnamentGainedMessage.cs:15	1	ornamentId:short
OrnamentLostMessage	2799	refs/dofus-emu-dev/DofusProtocol/Messages/Messages/game/tinsel/OrnamentLostMessage.cs:15	1	ornamentId:short
OrnamentSelectErrorMessage	6401	refs/dofus-emu-dev/DofusProtocol/Messages/Messages/game/tinsel/OrnamentSelectErrorMessage.cs:15	1	reason:sbyte
OrnamentSelectRequestMessage	732	refs/dofus-emu-dev/DofusProtocol/Messages/Messages/game/tinsel/OrnamentSelectRequestMessage.cs:15	1	ornamentId:short
OrnamentSelectedMessage	7251	refs/dofus-emu-dev/DofusProtocol/Messages/Messages/game/tinsel/OrnamentSelectedMessage.cs:15	1	ornamentId:short
TitleGainedMessage	455	refs/dofus-emu-dev/DofusProtocol/Messages/Messages/game/tinsel/TitleGainedMessage.cs:15	1	titleId:short
TitleLostMessage	4759	refs/dofus-emu-dev/DofusProtocol/Messages/Messages/game/tinsel/TitleLostMessage.cs:15	1	titleId:short
TitleSelectErrorMessage	3338	refs/dofus-emu-dev/DofusProtocol/Messages/Messages/game/tinsel/TitleSelectErrorMessage.cs:15	1	reason:sbyte
TitleSelectRequestMessage	5375	refs/dofus-emu-dev/DofusProtocol/Messages/Messages/game/tinsel/TitleSelectRequestMessage.cs:15	1	titleId:short
TitleSelectedMessage	1653	refs/dofus-emu-dev/DofusProtocol/Messages/Messages/game/tinsel/TitleSelectedMessage.cs:15	1	titleId:short
TitlesAndOrnamentsListMessage	3749	refs/dofus-emu-dev/DofusProtocol/Messages/Messages/game/tinsel/TitlesAndOrnamentsListMessage.cs:15	4	titles:IEnumerable<short>;ornaments:IEnumerable<short>;activeTitle:short;activeOrnament:short
TitlesAndOrnamentsListRequestMessage	483	refs/dofus-emu-dev/DofusProtocol/Messages/Messages/game/tinsel/TitlesAndOrnamentsListRequestMessage.cs:15	0	
ClientUIOpenedByObjectMessage	2467	refs/dofus-emu-dev/DofusProtocol/Messages/Messages/game/ui/ClientUIOpenedByObjectMessage.cs:15	1	uid:int
ClientUIOpenedMessage	1039	refs/dofus-emu-dev/DofusProtocol/Messages/Messages/game/ui/ClientUIOpenedMessage.cs:15	1	type:sbyte
ProtocolRequired	1939	refs/dofus-emu-dev/DofusProtocol/Messages/Messages/handshake/ProtocolRequired.cs:15	1	version:string
LoginQueueStatusMessage	3098	refs/dofus-emu-dev/DofusProtocol/Messages/Messages/queues/LoginQueueStatusMessage.cs:15	2	position:short;total:short
QueueStatusMessage	4838	refs/dofus-emu-dev/DofusProtocol/Messages/Messages/queues/QueueStatusMessage.cs:15	2	position:short;total:short
ReportRequestMessage	8254	refs/dofus-emu-dev/DofusProtocol/Messages/Messages/report/ReportRequestMessage.cs:15	3	targetId:double;categories:IEnumerable<sbyte>;description:string
ReportResponseMessage	8138	refs/dofus-emu-dev/DofusProtocol/Messages/Messages/report/ReportResponseMessage.cs:15	1	success:bool
TrustStatusMessage	3339	refs/dofus-emu-dev/DofusProtocol/Messages/Messages/secure/TrustStatusMessage.cs:15	1	certified:bool
CheckFileMessage	5396	refs/dofus-emu-dev/DofusProtocol/Messages/Messages/security/CheckFileMessage.cs:15	3	filenameHash:string;type:sbyte;value:string
CheckFileRequestMessage	5970	refs/dofus-emu-dev/DofusProtocol/Messages/Messages/security/CheckFileRequestMessage.cs:15	2	filename:string;type:sbyte
CheckIntegrityMessage	7220	refs/dofus-emu-dev/DofusProtocol/Messages/Messages/security/CheckIntegrityMessage.cs:15	1	data:IEnumerable<sbyte>
ClientKeyMessage	7975	refs/dofus-emu-dev/DofusProtocol/Messages/Messages/security/ClientKeyMessage.cs:15	1	key:string
RawDataMessage	6253	refs/dofus-emu-dev/DofusProtocol/Messages/Messages/security/RawDataMessage.cs:15	0	
SystemMessageDisplayMessage	5943	refs/dofus-emu-dev/DofusProtocol/Messages/Messages/server/basic/SystemMessageDisplayMessage.cs:15	3	hangUp:bool;msgId:short;parameters:IEnumerable<string>
AccountInformationsUpdateMessage	4545	refs/dofus-emu-dev/DofusProtocol/Messages/Messages/subscription/AccountInformationsUpdateMessage.cs:15	1	subscriptionEndDate:double
AccountSubscriptionElapsedDurationMessage	5336	refs/dofus-emu-dev/DofusProtocol/Messages/Messages/subscription/AccountSubscriptionElapsedDurationMessage.cs:15	1	subscriptionElapsedDuration:double
HaapiApiKeyMessage	4765	refs/dofus-emu-dev/DofusProtocol/Messages/Messages/web/haapi/HaapiApiKeyMessage.cs:15	1	token:string
HaapiApiKeyRequestMessage	9219	refs/dofus-emu-dev/DofusProtocol/Messages/Messages/web/haapi/HaapiApiKeyRequestMessage.cs:15	0	
HaapiAuthErrorMessage	349	refs/dofus-emu-dev/DofusProtocol/Messages/Messages/web/haapi/HaapiAuthErrorMessage.cs:15	1	type:sbyte
HaapiBufferListMessage	3	refs/dofus-emu-dev/DofusProtocol/Messages/Messages/web/haapi/HaapiBufferListMessage.cs:15	1	buffers:IEnumerable<Types.BufferInformation>
HaapiBufferListRequestMessage	4581	refs/dofus-emu-dev/DofusProtocol/Messages/Messages/web/haapi/HaapiBufferListRequestMessage.cs:15	0	
HaapiBuyValidationMessage	1448	refs/dofus-emu-dev/DofusProtocol/Messages/Messages/web/haapi/HaapiBuyValidationMessage.cs:15	2	amount:long;email:string
HaapiCancelBidRequestMessage	6447	refs/dofus-emu-dev/DofusProtocol/Messages/Messages/web/haapi/HaapiCancelBidRequestMessage.cs:15	2	id:long;type:sbyte
HaapiConfirmationMessage	5031	refs/dofus-emu-dev/DofusProtocol/Messages/Messages/web/haapi/HaapiConfirmationMessage.cs:15	5	kamas:long;amount:long;rate:short;action:sbyte;transaction:string
HaapiConfirmationRequestMessage	7674	refs/dofus-emu-dev/DofusProtocol/Messages/Messages/web/haapi/HaapiConfirmationRequestMessage.cs:15	4	kamas:long;ogrines:long;rate:short;action:sbyte
HaapiConsumeBufferRequestMessage	2127	refs/dofus-emu-dev/DofusProtocol/Messages/Messages/web/haapi/HaapiConsumeBufferRequestMessage.cs:15	0	
HaapiSessionMessage	4199	refs/dofus-emu-dev/DofusProtocol/Messages/Messages/web/haapi/HaapiSessionMessage.cs:15	2	key:string;type:sbyte
HaapiShopApiKeyMessage	1934	refs/dofus-emu-dev/DofusProtocol/Messages/Messages/web/haapi/HaapiShopApiKeyMessage.cs:15	1	token:string
HaapiShopApiKeyRequestMessage	9104	refs/dofus-emu-dev/DofusProtocol/Messages/Messages/web/haapi/HaapiShopApiKeyRequestMessage.cs:15	0	
HaapiTokenMessage	4627	refs/dofus-emu-dev/DofusProtocol/Messages/Messages/web/haapi/HaapiTokenMessage.cs:15	1	token:string
HaapiTokenRequestMessage	5934	refs/dofus-emu-dev/DofusProtocol/Messages/Messages/web/haapi/HaapiTokenRequestMessage.cs:15	0	
HaapiValidationMessage	7090	refs/dofus-emu-dev/DofusProtocol/Messages/Messages/web/haapi/HaapiValidationMessage.cs:15	2	action:sbyte;code:sbyte
HaapiValidationRequestMessage	2930	refs/dofus-emu-dev/DofusProtocol/Messages/Messages/web/haapi/HaapiValidationRequestMessage.cs:15	1	transaction:string
ClientYouAreDrunkMessage	3498	refs/dofus-emu-dev/DofusProtocol/Messages/Messages/wtf/ClientYouAreDrunkMessage.cs:15	0	
AbstractPlayerSearchInformation	1300	refs/dofus-emu-dev/DofusProtocol/Types/Types/common/AbstractPlayerSearchInformation.cs:14	0	
AccountTagInformation	3196	refs/dofus-emu-dev/DofusProtocol/Types/Types/common/AccountTagInformation.cs:14	2	nickname:string;tagNumber:string
PlayerSearchCharacterNameInformation	3022	refs/dofus-emu-dev/DofusProtocol/Types/Types/common/PlayerSearchCharacterNameInformation.cs:14	1	name:string
PlayerSearchTagInformation	3389	refs/dofus-emu-dev/DofusProtocol/Types/Types/common/PlayerSearchTagInformation.cs:14	1	tag:Types.AccountTagInformation
StatisticData	1815	refs/dofus-emu-dev/DofusProtocol/Types/Types/common/basic/StatisticData.cs:14	0	
StatisticDataBoolean	7901	refs/dofus-emu-dev/DofusProtocol/Types/Types/common/basic/StatisticDataBoolean.cs:14	1	value:bool
StatisticDataByte	4573	refs/dofus-emu-dev/DofusProtocol/Types/Types/common/basic/StatisticDataByte.cs:14	1	value:sbyte
StatisticDataInt	7834	refs/dofus-emu-dev/DofusProtocol/Types/Types/common/basic/StatisticDataInt.cs:14	1	value:int
StatisticDataShort	1762	refs/dofus-emu-dev/DofusProtocol/Types/Types/common/basic/StatisticDataShort.cs:14	1	value:short
StatisticDataString	4102	refs/dofus-emu-dev/DofusProtocol/Types/Types/common/basic/StatisticDataString.cs:14	1	value:string
GameServerInformations	4792	refs/dofus-emu-dev/DofusProtocol/Types/Types/connection/GameServerInformations.cs:14	9	isMonoAccount:bool;isSelectable:bool;id:short;type:sbyte;status:sbyte;completion:sbyte;charactersCount:sbyte;charactersSlots:sbyte;date:double
Uuid	8662	refs/dofus-emu-dev/DofusProtocol/Types/Types/game/Uuid.cs:14	1	uuidString:string
Achievement	2764	refs/dofus-emu-dev/DofusProtocol/Types/Types/game/achievement/Achievement.cs:14	3	id:short;finishedObjective:IEnumerable<Types.AchievementObjective>;startedObjectives:IEnumerable<Types.AchievementStartedObjective>
AchievementAchieved	6607	refs/dofus-emu-dev/DofusProtocol/Types/Types/game/achievement/AchievementAchieved.cs:14	3	id:short;achievedBy:long;achievedPioneerRank:int
AchievementAchievedRewardable	9874	refs/dofus-emu-dev/DofusProtocol/Types/Types/game/achievement/AchievementAchievedRewardable.cs:14	1	finishedLevel:short
AchievementObjective	2341	refs/dofus-emu-dev/DofusProtocol/Types/Types/game/achievement/AchievementObjective.cs:14	2	id:int;maxValue:long
AchievementPioneerRank	6487	refs/dofus-emu-dev/DofusProtocol/Types/Types/game/achievement/AchievementPioneerRank.cs:14	2	achievementId:int;pioneerRank:int
AchievementStartedObjective	5360	refs/dofus-emu-dev/DofusProtocol/Types/Types/game/achievement/AchievementStartedObjective.cs:14	1	value:long
FightDispellableEffectExtendedInformations	8836	refs/dofus-emu-dev/DofusProtocol/Types/Types/game/action/fight/FightDispellableEffectExtendedInformations.cs:14	3	actionId:short;sourceId:double;effect:Types.AbstractFightDispellableEffect
AbstractFightDispellableEffect	4079	refs/dofus-emu-dev/DofusProtocol/Types/Types/game/actions/fight/AbstractFightDispellableEffect.cs:14	7	uid:int;targetId:double;turnDuration:short;dispelable:sbyte;spellId:short;effectId:int;parentBoostUid:int
FightDetailedTemporaryBoostEffect	2061	refs/dofus-emu-dev/DofusProtocol/Types/Types/game/actions/fight/FightDetailedTemporaryBoostEffect.cs:14	3	param1:int;param2:int;param3:int
FightTemporaryBoostEffect	2521	refs/dofus-emu-dev/DofusProtocol/Types/Types/game/actions/fight/FightTemporaryBoostEffect.cs:14	1	delta:int
FightTemporaryBoostStateEffect	4574	refs/dofus-emu-dev/DofusProtocol/Types/Types/game/actions/fight/FightTemporaryBoostStateEffect.cs:14	1	stateId:short
FightTemporaryBoostWeaponDamagesEffect	9695	refs/dofus-emu-dev/DofusProtocol/Types/Types/game/actions/fight/FightTemporaryBoostWeaponDamagesEffect.cs:14	1	weaponTypeId:short
FightTemporarySpellBoostEffect	7119	refs/dofus-emu-dev/DofusProtocol/Types/Types/game/actions/fight/FightTemporarySpellBoostEffect.cs:14	1	boostedSpellId:short
FightTemporarySpellImmunityEffect	3450	refs/dofus-emu-dev/DofusProtocol/Types/Types/game/actions/fight/FightTemporarySpellImmunityEffect.cs:14	1	immuneSpellId:int
FightTriggeredEffect	5487	refs/dofus-emu-dev/DofusProtocol/Types/Types/game/actions/fight/FightTriggeredEffect.cs:14	4	param1:int;param2:int;param3:int;delay:short
GameActionMark	8022	refs/dofus-emu-dev/DofusProtocol/Types/Types/game/actions/fight/GameActionMark.cs:14	9	markAuthorId:double;markTeamId:sbyte;markSpellId:int;markSpellLevel:short;markId:short;markType:sbyte;markimpactCell:short;cells:IEnumerable<Types.GameActionMarkedCell>;active:bool
GameActionMarkedCell	5710	refs/dofus-emu-dev/DofusProtocol/Types/Types/game/actions/fight/GameActionMarkedCell.cs:14	4	cellId:short;zoneSize:sbyte;cellColor:int;cellsType:sbyte
AllianceMemberInfo	7753	refs/dofus-emu-dev/DofusProtocol/Types/Types/game/alliance/AllianceMemberInfo.cs:14	1	avaRoleId:int
KohAllianceInfo	7195	refs/dofus-emu-dev/DofusProtocol/Types/Types/game/alliance/KohAllianceInfo.cs:14	5	alliance:Types.AllianceInformation;memberCount:long;kohAllianceRoleMembers:IEnumerable<Types.KohAllianceRoleMembers>;scores:IEnumerable<Types.KohScore>;matchDominationScores:int
KohAllianceRoleMembers	9987	refs/dofus-emu-dev/DofusProtocol/Types/Types/game/alliance/KohAllianceRoleMembers.cs:14	2	memberCount:long;roleAvAId:int
KohScore	5560	refs/dofus-emu-dev/DofusProtocol/Types/Types/game/alliance/KohScore.cs:14	3	avaScoreTypeEnum:sbyte;roundScores:int;cumulScores:int
KothWinner	4121	refs/dofus-emu-dev/DofusProtocol/Types/Types/game/alliance/KothWinner.cs:14	0	
AllianceRecruitmentInformation	4753	refs/dofus-emu-dev/DofusProtocol/Types/Types/game/alliance/recruitment/AllianceRecruitmentInformation.cs:14	0	
ServerSessionConstant	9977	refs/dofus-emu-dev/DofusProtocol/Types/Types/game/approach/ServerSessionConstant.cs:14	1	id:short
ServerSessionConstantInteger	2867	refs/dofus-emu-dev/DofusProtocol/Types/Types/game/approach/ServerSessionConstantInteger.cs:14	1	value:int
ServerSessionConstantLong	4175	refs/dofus-emu-dev/DofusProtocol/Types/Types/game/approach/ServerSessionConstantLong.cs:14	1	value:double
ServerSessionConstantString	7359	refs/dofus-emu-dev/DofusProtocol/Types/Types/game/approach/ServerSessionConstantString.cs:14	1	value:string
AbstractCharacterInformation	5789	refs/dofus-emu-dev/DofusProtocol/Types/Types/game/character/AbstractCharacterInformation.cs:14	1	id:long
CharacterBasicMinimalInformations	6994	refs/dofus-emu-dev/DofusProtocol/Types/Types/game/character/CharacterBasicMinimalInformations.cs:14	1	name:string
CharacterMinimalAllianceInformations	4814	refs/dofus-emu-dev/DofusProtocol/Types/Types/game/character/CharacterMinimalAllianceInformations.cs:14	1	alliance:Types.BasicNamedAllianceInformations
CharacterMinimalGuildInformations	2143	refs/dofus-emu-dev/DofusProtocol/Types/Types/game/character/CharacterMinimalGuildInformations.cs:14	1	guild:Types.BasicGuildInformations
CharacterMinimalInformations	9474	refs/dofus-emu-dev/DofusProtocol/Types/Types/game/character/CharacterMinimalInformations.cs:14	1	level:short
CharacterMinimalPlusLookInformations	1529	refs/dofus-emu-dev/DofusProtocol/Types/Types/game/character/CharacterMinimalPlusLookInformations.cs:14	2	entityLook:Types.EntityLook;breed:sbyte
CharacterMinimalSocialPublicInformations	5126	refs/dofus-emu-dev/DofusProtocol/Types/Types/game/character/CharacterMinimalSocialPublicInformations.cs:14	1	rank:Types.RankPublicInformation
ActorAlignmentInformations	2626	refs/dofus-emu-dev/DofusProtocol/Types/Types/game/character/alignment/ActorAlignmentInformations.cs:14	4	alignmentSide:sbyte;alignmentValue:sbyte;alignmentGrade:sbyte;characterPower:double
ActorExtendedAlignmentInformations	4048	refs/dofus-emu-dev/DofusProtocol/Types/Types/game/character/alignment/ActorExtendedAlignmentInformations.cs:14	4	honor:short;honorGradeFloor:short;honorNextGradeFloor:short;aggressable:sbyte
AlterationInfo	2959	refs/dofus-emu-dev/DofusProtocol/Types/Types/game/character/alteration/AlterationInfo.cs:14	5	alterationId:uint;creationTime:double;expirationType:sbyte;expirationValue:double;effects:IEnumerable<Types.ObjectEffect>
CharacterCharacteristic	6701	refs/dofus-emu-dev/DofusProtocol/Types/Types/game/character/characteristic/CharacterCharacteristic.cs:14	1	characteristicId:short
CharacterCharacteristicDetailed	901	refs/dofus-emu-dev/DofusProtocol/Types/Types/game/character/characteristic/CharacterCharacteristicDetailed.cs:14	4	additional:int;objectsAndMountBonus:int;alignGiftBonus:int;contextModif:int
CharacterCharacteristicValue	3951	refs/dofus-emu-dev/DofusProtocol/Types/Types/game/character/characteristic/CharacterCharacteristicValue.cs:14	1	total:int
CharacterCharacteristics	294	refs/dofus-emu-dev/DofusProtocol/Types/Types/game/character/characteristic/CharacterCharacteristics.cs:14	1	characteristics:IEnumerable<Types.CharacterCharacteristic>
CharacterCharacteristicsInformations	4504	refs/dofus-emu-dev/DofusProtocol/Types/Types/game/character/characteristic/CharacterCharacteristicsInformations.cs:14	10	experience:long;experienceLevelFloor:long;experienceNextLevelFloor:long;experienceBonusLimit:long;kamas:long;alignmentInfos:Types.ActorExtendedAlignmentInformations;criticalHitWeapon:short;characteristics:IEnumerable<Types.CharacterCharacteristic>;spellModifiers:IEnumerable<Types.SpellModifierMessage>;probationTime:double
CharacterUsableCharacteristicDetailed	1943	refs/dofus-emu-dev/DofusProtocol/Types/Types/game/character/characteristic/CharacterUsableCharacteristicDetailed.cs:14	1	used:int
CharacterBaseInformations	4367	refs/dofus-emu-dev/DofusProtocol/Types/Types/game/character/choice/CharacterBaseInformations.cs:14	1	sex:bool
CharacterHardcoreOrEpicInformations	3983	refs/dofus-emu-dev/DofusProtocol/Types/Types/game/character/choice/CharacterHardcoreOrEpicInformations.cs:14	3	deathState:sbyte;deathCount:short;deathMaxLevel:short
CharacterRemodelingInformation	5105	refs/dofus-emu-dev/DofusProtocol/Types/Types/game/character/choice/CharacterRemodelingInformation.cs:14	5	name:string;breed:sbyte;sex:bool;cosmeticId:short;colors:IEnumerable<int>
CharacterToRemodelInformations	3313	refs/dofus-emu-dev/DofusProtocol/Types/Types/game/character/choice/CharacterToRemodelInformations.cs:14	2	possibleChangeMask:sbyte;mandatoryChangeMask:sbyte
RemodelingInformation	3743	refs/dofus-emu-dev/DofusProtocol/Types/Types/game/character/choice/RemodelingInformation.cs:14	5	name:string;breed:sbyte;sex:bool;cosmeticId:short;colors:IEnumerable<int>
DebtInformation	8943	refs/dofus-emu-dev/DofusProtocol/Types/Types/game/character/debt/DebtInformation.cs:14	2	id:double;timestamp:double
KamaDebtInformation	2104	refs/dofus-emu-dev/DofusProtocol/Types/Types/game/character/debt/KamaDebtInformation.cs:14	1	kamas:long
PlayerNote	3703	refs/dofus-emu-dev/DofusProtocol/Types/Types/game/character/guild/note/PlayerNote.cs:14	2	content:string;lastEditDate:double
ActorRestrictionsInformations	9953	refs/dofus-emu-dev/DofusProtocol/Types/Types/game/character/restriction/ActorRestrictionsInformations.cs:14	19	cantBeAggressed:bool;cantBeChallenged:bool;cantTrade:bool;cantBeAttackedByMutant:bool;cantRun:bool;forceSlowWalk:bool;cantMinimize:bool;cantMove:bool;cantAggress:bool;cantChallenge:bool;cantExchange:bool;cantAttack:bool;cantChat:bool;cantUseObject:bool;cantUseTaxCollector:bool;cantUseInteractive:bool;cantSpeakToNPC:bool;cantChangeZone:bool;cantAttackMonster:bool
SpellModifierMessage	2892	refs/dofus-emu-dev/DofusProtocol/Types/Types/game/character/spellmodifier/SpellModifierMessage.cs:14	5	spellId:short;actionType:sbyte;modifierType:sbyte;context:int;equipment:int
PlayerStatus	2273	refs/dofus-emu-dev/DofusProtocol/Types/Types/game/character/status/PlayerStatus.cs:14	1	statusId:sbyte
PlayerStatusExtended	8257	refs/dofus-emu-dev/DofusProtocol/Types/Types/game/character/status/PlayerStatusExtended.cs:14	1	message:string
AdditionalTaxCollectorInformation	1456	refs/dofus-emu-dev/DofusProtocol/Types/Types/game/collector/tax/AdditionalTaxCollectorInformation.cs:14	3	collectorCallerId:long;collectorCallerName:string;date:int
TaxCollectorBasicInformations	4890	refs/dofus-emu-dev/DofusProtocol/Types/Types/game/collector/tax/TaxCollectorBasicInformations.cs:14	6	firstNameId:short;lastNameId:short;worldX:short;worldY:short;mapId:double;subAreaId:short
TaxCollectorComplementaryInformations	1982	refs/dofus-emu-dev/DofusProtocol/Types/Types/game/collector/tax/TaxCollectorComplementaryInformations.cs:14	0	
TaxCollectorInformations	4158	refs/dofus-emu-dev/DofusProtocol/Types/Types/game/collector/tax/TaxCollectorInformations.cs:14	14	uniqueId:double;firstNameId:short;lastNameId:short;allianceIdentity:Types.AllianceInformation;additionalInfos:Types.AdditionalTaxCollectorInformation;worldX:short;worldY:short;subAreaId:short;state:sbyte;look:Types.EntityLook;complements:IEnumerable<Types.TaxCollectorComplementaryInformations>;characteristics:Types.CharacterCharacteristics;equipments:IEnumerable<Types.ObjectItem>;spells:IEnumerable<Types.TaxCollectorOrderedSpell>
TaxCollectorLootInformations	4183	refs/dofus-emu-dev/DofusProtocol/Types/Types/game/collector/tax/TaxCollectorLootInformations.cs:14	2	pods:int;itemsValue:long
TaxCollectorMovement	7487	refs/dofus-emu-dev/DofusProtocol/Types/Types/game/collector/tax/TaxCollectorMovement.cs:14	4	movementType:sbyte;basicInfos:Types.TaxCollectorBasicInformations;playerId:long;playerName:string
TaxCollectorOrderedSpell	3173	refs/dofus-emu-dev/DofusProtocol/Types/Types/game/collector/tax/TaxCollectorOrderedSpell.cs:14	2	spellId:int;slot:sbyte
TaxCollectorPreset	1854	refs/dofus-emu-dev/DofusProtocol/Types/Types/game/collector/tax/TaxCollectorPreset.cs:14	3	presetId:Types.Uuid;spells:IEnumerable<Types.TaxCollectorOrderedSpell>;characteristics:Types.CharacterCharacteristics
TaxCollectorWaitingForHelpInformations	5931	refs/dofus-emu-dev/DofusProtocol/Types/Types/game/collector/tax/TaxCollectorWaitingForHelpInformations.cs:14	1	waitingForHelpInfo:Types.ProtectedEntityWaitingForHelpInfo
ActorOrientation	2066	refs/dofus-emu-dev/DofusProtocol/Types/Types/game/context/ActorOrientation.cs:14	2	id:double;direction:sbyte
EntityDispositionInformations	2447	refs/dofus-emu-dev/DofusProtocol/Types/Types/game/context/EntityDispositionInformations.cs:14	2	cellId:short;direction:sbyte
EntityMovementInformations	4990	refs/dofus-emu-dev/DofusProtocol/Types/Types/game/context/EntityMovementInformations.cs:14	2	id:int;steps:IEnumerable<sbyte>
FightEntityDispositionInformations	3736	refs/dofus-emu-dev/DofusProtocol/Types/Types/game/context/FightEntityDispositionInformations.cs:14	1	carryingCharacterId:double
GameContextActorInformations	9060	refs/dofus-emu-dev/DofusProtocol/Types/Types/game/context/GameContextActorInformations.cs:14	1	look:Types.EntityLook
GameContextActorPositionInformations	3056	refs/dofus-emu-dev/DofusProtocol/Types/Types/game/context/GameContextActorPositionInformations.cs:14	2	contextualId:double;disposition:Types.EntityDispositionInformations
GameRolePlayTaxCollectorInformations	4101	refs/dofus-emu-dev/DofusProtocol/Types/Types/game/context/GameRolePlayTaxCollectorInformations.cs:14	2	identification:Types.TaxCollectorStaticInformations;taxCollectorAttack:int
IdentifiedEntityDispositionInformations	619	refs/dofus-emu-dev/DofusProtocol/Types/Types/game/context/IdentifiedEntityDispositionInformations.cs:14	1	id:double
MapCoordinates	315	refs/dofus-emu-dev/DofusProtocol/Types/Types/game/context/MapCoordinates.cs:14	2	worldX:short;worldY:short
MapCoordinatesAndId	7010	refs/dofus-emu-dev/DofusProtocol/Types/Types/game/context/MapCoordinatesAndId.cs:14	1	mapId:double
MapCoordinatesExtended	1599	refs/dofus-emu-dev/DofusProtocol/Types/Types/game/context/MapCoordinatesExtended.cs:14	1	subAreaId:short
TaxCollectorStaticInformations	1672	refs/dofus-emu-dev/DofusProtocol/Types/Types/game/context/TaxCollectorStaticInformations.cs:14	5	firstNameId:short;lastNameId:short;allianceIdentity:Types.AllianceInformation;callerId:long;uid:string
AbstractFightTeamInformations	8432	refs/dofus-emu-dev/DofusProtocol/Types/Types/game/context/fight/AbstractFightTeamInformations.cs:14	5	teamId:sbyte;leaderId:double;teamSide:sbyte;teamTypeId:sbyte;nbWaves:sbyte
BaseSpawnMonsterInformation	5062	refs/dofus-emu-dev/DofusProtocol/Types/Types/game/context/fight/BaseSpawnMonsterInformation.cs:14	1	creatureGenericId:short
FightAllianceTeamInformations	8585	refs/dofus-emu-dev/DofusProtocol/Types/Types/game/context/fight/FightAllianceTeamInformations.cs:14	1	relation:sbyte
FightCommonInformations	9113	refs/dofus-emu-dev/DofusProtocol/Types/Types/game/context/fight/FightCommonInformations.cs:14	5	fightId:short;fightType:sbyte;fightTeams:IEnumerable<Types.FightTeamInformations>;fightTeamsPositions:IEnumerable<short>;fightTeamsOptions:IEnumerable<Types.FightOptionsInformations>
FightExternalInformations	3630	refs/dofus-emu-dev/DofusProtocol/Types/Types/game/context/fight/FightExternalInformations.cs:14	6	fightId:short;fightType:sbyte;fightStart:int;fightSpectatorLocked:bool;fightTeams:IEnumerable<Types.FightTeamLightInformations>;fightTeamsOptions:IEnumerable<Types.FightOptionsInformations>
FightLoot	3066	refs/dofus-emu-dev/DofusProtocol/Types/Types/game/context/fight/FightLoot.cs:14	2	objects:IEnumerable<Types.FightLootObject>;kamas:long
FightLootObject	5840	refs/dofus-emu-dev/DofusProtocol/Types/Types/game/context/fight/FightLootObject.cs:14	3	objectId:int;quantity:int;priorityHint:int
FightOptionsInformations	1574	refs/dofus-emu-dev/DofusProtocol/Types/Types/game/context/fight/FightOptionsInformations.cs:14	4	isSecret:bool;isRestrictedToPartyOnly:bool;isClosed:bool;isAskingForHelp:bool
FightPhase	2770	refs/dofus-emu-dev/DofusProtocol/Types/Types/game/context/fight/FightPhase.cs:14	2	phase:sbyte;phaseEndTimeStamp:double
FightResultAdditionalData	8078	refs/dofus-emu-dev/DofusProtocol/Types/Types/game/context/fight/FightResultAdditionalData.cs:14	0	
FightResultExperienceData	5571	refs/dofus-emu-dev/DofusProtocol/Types/Types/game/context/fight/FightResultExperienceData.cs:14	14	showExperience:bool;showExperienceLevelFloor:bool;showExperienceNextLevelFloor:bool;showExperienceFightDelta:bool;showExperienceForGuild:bool;showExperienceForMount:bool;isIncarnationExperience:bool;experience:long;experienceLevelFloor:long;experienceNextLevelFloor:long;experienceFightDelta:long;experienceForGuild:long;experienceForMount:long;rerollExperienceMul:sbyte
FightResultFighterListEntry	613	refs/dofus-emu-dev/DofusProtocol/Types/Types/game/context/fight/FightResultFighterListEntry.cs:14	2	id:double;alive:bool
FightResultListEntry	3594	refs/dofus-emu-dev/DofusProtocol/Types/Types/game/context/fight/FightResultListEntry.cs:14	3	outcome:short;wave:sbyte;rewards:Types.FightLoot
FightResultMutantListEntry	2795	refs/dofus-emu-dev/DofusProtocol/Types/Types/game/context/fight/FightResultMutantListEntry.cs:14	1	level:short
FightResultPlayerListEntry	6813	refs/dofus-emu-dev/DofusProtocol/Types/Types/game/context/fight/FightResultPlayerListEntry.cs:14	2	level:short;additional:IEnumerable<Types.FightResultAdditionalData>
FightResultPvpData	7233	refs/dofus-emu-dev/DofusProtocol/Types/Types/game/context/fight/FightResultPvpData.cs:14	5	grade:sbyte;minHonorForGrade:short;maxHonorForGrade:short;honor:short;honorDelta:short
FightResultTaxCollectorListEntry	6507	refs/dofus-emu-dev/DofusProtocol/Types/Types/game/context/fight/FightResultTaxCollectorListEntry.cs:14	1	allianceInfo:Types.BasicAllianceInformations
FightStartingPositions	5557	refs/dofus-emu-dev/DofusProtocol/Types/Types/game/context/fight/FightStartingPositions.cs:14	2	positionsForChallengers:IEnumerable<short>;positionsForDefenders:IEnumerable<short>
FightTeamInformations	3291	refs/dofus-emu-dev/DofusProtocol/Types/Types/game/context/fight/FightTeamInformations.cs:14	1	teamMembers:IEnumerable<Types.FightTeamMemberInformations>
FightTeamLightInformations	6964	refs/dofus-emu-dev/DofusProtocol/Types/Types/game/context/fight/FightTeamLightInformations.cs:14	7	hasFriend:bool;hasGuildMember:bool;hasAllianceMember:bool;hasGroupMember:bool;hasMyTaxCollector:bool;teamMembersCount:sbyte;meanLevel:int
FightTeamMemberCharacterInformations	4535	refs/dofus-emu-dev/DofusProtocol/Types/Types/game/context/fight/FightTeamMemberCharacterInformations.cs:14	2	name:string;level:short
FightTeamMemberEntityInformation	5854	refs/dofus-emu-dev/DofusProtocol/Types/Types/game/context/fight/FightTeamMemberEntityInformation.cs:14	3	entityModelId:sbyte;level:short;masterId:double
FightTeamMemberInformations	9810	refs/dofus-emu-dev/DofusProtocol/Types/Types/game/context/fight/FightTeamMemberInformations.cs:14	1	id:double
FightTeamMemberMonsterInformations	7397	refs/dofus-emu-dev/DofusProtocol/Types/Types/game/context/fight/FightTeamMemberMonsterInformations.cs:14	2	monsterId:int;grade:sbyte
FightTeamMemberTaxCollectorInformations	4832	refs/dofus-emu-dev/DofusProtocol/Types/Types/game/context/fight/FightTeamMemberTaxCollectorInformations.cs:14	4	firstNameId:short;lastNameId:short;groupId:int;uid:double
FightTeamMemberWithAllianceCharacterInformations	793	refs/dofus-emu-dev/DofusProtocol/Types/Types/game/context/fight/FightTeamMemberWithAllianceCharacterInformations.cs:14	1	allianceInfos:Types.BasicAllianceInformations
GameContextBasicSpawnInformation	1891	refs/dofus-emu-dev/DofusProtocol/Types/Types/game/context/fight/GameContextBasicSpawnInformation.cs:14	3	teamId:sbyte;alive:bool;informations:Types.GameContextActorPositionInformations
GameContextSummonsInformation	5419	refs/dofus-emu-dev/DofusProtocol/Types/Types/game/context/fight/GameContextSummonsInformation.cs:14	5	spawnInformation:Types.SpawnInformation;wave:sbyte;look:Types.EntityLook;stats:Types.GameFightCharacteristics;summons:IEnumerable<Types.GameContextBasicSpawnInformation>
GameFightAIInformations	8061	refs/dofus-emu-dev/DofusProtocol/Types/Types/game/context/fight/GameFightAIInformations.cs:14	0	
GameFightCharacterInformations	3578	refs/dofus-emu-dev/DofusProtocol/Types/Types/game/context/fight/GameFightCharacterInformations.cs:14	4	level:short;alignmentInfos:Types.ActorAlignmentInformations;breed:sbyte;sex:bool
GameFightCharacteristics	714	refs/dofus-emu-dev/DofusProtocol/Types/Types/game/context/fight/GameFightCharacteristics.cs:14	4	characteristics:Types.CharacterCharacteristics;summoner:double;summoned:bool;invisibilityState:sbyte
GameFightEffectTriggerCount	7405	refs/dofus-emu-dev/DofusProtocol/Types/Types/game/context/fight/GameFightEffectTriggerCount.cs:14	3	effectId:int;targetId:double;count:short
GameFightEntityInformation	4556	refs/dofus-emu-dev/DofusProtocol/Types/Types/game/context/fight/GameFightEntityInformation.cs:14	3	entityModelId:sbyte;level:short;masterId:double
GameFightFighterEntityLightInformation	3181	refs/dofus-emu-dev/DofusProtocol/Types/Types/game/context/fight/GameFightFighterEntityLightInformation.cs:14	2	entityModelId:sbyte;masterId:double
GameFightFighterInformations	5601	refs/dofus-emu-dev/DofusProtocol/Types/Types/game/context/fight/GameFightFighterInformations.cs:14	4	spawnInfo:Types.GameContextBasicSpawnInformation;wave:sbyte;stats:Types.GameFightCharacteristics;previousPositions:IEnumerable<short>
GameFightFighterLightInformations	4794	refs/dofus-emu-dev/DofusProtocol/Types/Types/game/context/fight/GameFightFighterLightInformations.cs:14	6	sex:bool;alive:bool;id:double;wave:sbyte;level:short;breed:sbyte
GameFightFighterMonsterLightInformations	3925	refs/dofus-emu-dev/DofusProtocol/Types/Types/game/context/fight/GameFightFighterMonsterLightInformations.cs:14	1	creatureGenericId:short
GameFightFighterNamedInformations	4176	refs/dofus-emu-dev/DofusProtocol/Types/Types/game/context/fight/GameFightFighterNamedInformations.cs:14	5	name:string;status:Types.PlayerStatus;leagueId:short;ladderPosition:int;hiddenInPrefight:bool
GameFightFighterNamedLightInformations	5195	refs/dofus-emu-dev/DofusProtocol/Types/Types/game/context/fight/GameFightFighterNamedLightInformations.cs:14	1	name:string
GameFightFighterTaxCollectorLightInformations	3310	refs/dofus-emu-dev/DofusProtocol/Types/Types/game/context/fight/GameFightFighterTaxCollectorLightInformations.cs:14	2	firstNameId:short;lastNameId:short
GameFightMonsterInformations	1792	refs/dofus-emu-dev/DofusProtocol/Types/Types/game/context/fight/GameFightMonsterInformations.cs:14	3	creatureGenericId:short;creatureGrade:sbyte;creatureLevel:short
GameFightMonsterWithAlignmentInformations	7656	refs/dofus-emu-dev/DofusProtocol/Types/Types/game/context/fight/GameFightMonsterWithAlignmentInformations.cs:14	1	alignmentInfos:Types.ActorAlignmentInformations
GameFightMutantInformations	419	refs/dofus-emu-dev/DofusProtocol/Types/Types/game/context/fight/GameFightMutantInformations.cs:14	1	powerLevel:sbyte
GameFightResumeSlaveInfo	6502	refs/dofus-emu-dev/DofusProtocol/Types/Types/game/context/fight/GameFightResumeSlaveInfo.cs:14	4	slaveId:double;spellCooldowns:IEnumerable<Types.GameFightSpellCooldown>;summonCount:sbyte;bombCount:sbyte
GameFightSpellCooldown	9361	refs/dofus-emu-dev/DofusProtocol/Types/Types/game/context/fight/GameFightSpellCooldown.cs:14	2	spellId:int;cooldown:sbyte
GameFightTaxCollectorInformations	7175	refs/dofus-emu-dev/DofusProtocol/Types/Types/game/context/fight/GameFightTaxCollectorInformations.cs:14	2	firstNameId:short;lastNameId:short
SpawnCharacterInformation	3409	refs/dofus-emu-dev/DofusProtocol/Types/Types/game/context/fight/SpawnCharacterInformation.cs:14	2	name:string;level:short
SpawnCompanionInformation	4847	refs/dofus-emu-dev/DofusProtocol/Types/Types/game/context/fight/SpawnCompanionInformation.cs:14	4	modelId:sbyte;level:short;summonerId:double;ownerId:double
SpawnInformation	339	refs/dofus-emu-dev/DofusProtocol/Types/Types/game/context/fight/SpawnInformation.cs:14	0	
SpawnMonsterInformation	571	refs/dofus-emu-dev/DofusProtocol/Types/Types/game/context/fight/SpawnMonsterInformation.cs:14	1	creatureGrade:sbyte
SpawnScaledMonsterInformation	8568	refs/dofus-emu-dev/DofusProtocol/Types/Types/game/context/fight/SpawnScaledMonsterInformation.cs:14	1	creatureLevel:short
ChallengeInformation	1494	refs/dofus-emu-dev/DofusProtocol/Types/Types/game/context/fight/challenge/ChallengeInformation.cs:14	5	challengeId:int;targetsList:IEnumerable<Types.ChallengeTargetInformation>;dropBonus:int;xpBonus:int;state:sbyte
ChallengeTargetInformation	4052	refs/dofus-emu-dev/DofusProtocol/Types/Types/game/context/fight/challenge/ChallengeTargetInformation.cs:14	2	targetId:double;targetCell:short
ChallengeTargetWithAttackerInformation	540	refs/dofus-emu-dev/DofusProtocol/Types/Types/game/context/fight/challenge/ChallengeTargetWithAttackerInformation.cs:14	1	attackersIds:IEnumerable<double>
AllianceInformation	1197	refs/dofus-emu-dev/DofusProtocol/Types/Types/game/context/roleplay/AllianceInformation.cs:14	1	allianceEmblem:Types.SocialEmblem
AlternativeMonstersInGroupLightInformations	6089	refs/dofus-emu-dev/DofusProtocol/Types/Types/game/context/roleplay/AlternativeMonstersInGroupLightInformations.cs:14	2	playerCount:int;monsters:IEnumerable<Types.MonsterInGroupLightInformations>
AnomalySubareaInformation	4038	refs/dofus-emu-dev/DofusProtocol/Types/Types/game/context/roleplay/AnomalySubareaInformation.cs:14	4	subAreaId:short;rewardRate:short;hasAnomaly:bool;anomalyClosingTime:long
AtlasPointsInformations	6167	refs/dofus-emu-dev/DofusProtocol/Types/Types/game/context/roleplay/AtlasPointsInformations.cs:14	2	type:sbyte;coords:IEnumerable<Types.MapCoordinatesExtended>
BasicAllianceInformations	2995	refs/dofus-emu-dev/DofusProtocol/Types/Types/game/context/roleplay/BasicAllianceInformations.cs:14	2	allianceId:int;allianceTag:string
BasicGuildInformations	4606	refs/dofus-emu-dev/DofusProtocol/Types/Types/game/context/roleplay/BasicGuildInformations.cs:14	3	guildId:int;guildName:string;guildLevel:sbyte
BasicNamedAllianceInformations	5416	refs/dofus-emu-dev/DofusProtocol/Types/Types/game/context/roleplay/BasicNamedAllianceInformations.cs:14	1	allianceName:string
GameRolePlayActorInformations	8764	refs/dofus-emu-dev/DofusProtocol/Types/Types/game/context/roleplay/GameRolePlayActorInformations.cs:14	0	
GameRolePlayCharacterInformations	9304	refs/dofus-emu-dev/DofusProtocol/Types/Types/game/context/roleplay/GameRolePlayCharacterInformations.cs:14	1	alignmentInfos:Types.ActorAlignmentInformations
GameRolePlayGroupMonsterInformations	7360	refs/dofus-emu-dev/DofusProtocol/Types/Types/game/context/roleplay/GameRolePlayGroupMonsterInformations.cs:14	4	staticInfos:Types.GroupMonsterStaticInformations;lootShare:sbyte;alignmentSide:sbyte;hasHardcoreDrop:bool
GameRolePlayGroupMonsterWaveInformations	6822	refs/dofus-emu-dev/DofusProtocol/Types/Types/game/context/roleplay/GameRolePlayGroupMonsterWaveInformations.cs:14	2	nbWaves:sbyte;alternatives:IEnumerable<Types.GroupMonsterStaticInformations>
GameRolePlayHumanoidInformations	9318	refs/dofus-emu-dev/DofusProtocol/Types/Types/game/context/roleplay/GameRolePlayHumanoidInformations.cs:14	2	humanoidInfo:Types.HumanInformations;accountId:int
GameRolePlayMountInformations	9212	refs/dofus-emu-dev/DofusProtocol/Types/Types/game/context/roleplay/GameRolePlayMountInformations.cs:14	2	ownerName:string;level:sbyte
GameRolePlayMutantInformations	2574	refs/dofus-emu-dev/DofusProtocol/Types/Types/game/context/roleplay/GameRolePlayMutantInformations.cs:14	2	monsterId:short;powerLevel:sbyte
GameRolePlayNamedActorInformations	2808	refs/dofus-emu-dev/DofusProtocol/Types/Types/game/context/roleplay/GameRolePlayNamedActorInformations.cs:14	1	name:string
GameRolePlayNpcInformations	8347	refs/dofus-emu-dev/DofusProtocol/Types/Types/game/context/roleplay/GameRolePlayNpcInformations.cs:14	3	npcId:short;sex:bool;specialArtworkId:short
GameRolePlayNpcWithQuestInformations	7588	refs/dofus-emu-dev/DofusProtocol/Types/Types/game/context/roleplay/GameRolePlayNpcWithQuestInformations.cs:14	1	questFlag:Types.GameRolePlayNpcQuestFlag
GameRolePlayPortalInformations	9999	refs/dofus-emu-dev/DofusProtocol/Types/Types/game/context/roleplay/GameRolePlayPortalInformations.cs:14	1	portal:Types.PortalInformation
GameRolePlayPrismInformations	7369	refs/dofus-emu-dev/DofusProtocol/Types/Types/game/context/roleplay/GameRolePlayPrismInformations.cs:14	1	prism:Types.PrismInformation
GameRolePlayTreasureHintInformations	9279	refs/dofus-emu-dev/DofusProtocol/Types/Types/game/context/roleplay/GameRolePlayTreasureHintInformations.cs:14	1	npcId:short
GroupMonsterStaticInformations	5953	refs/dofus-emu-dev/DofusProtocol/Types/Types/game/context/roleplay/GroupMonsterStaticInformations.cs:14	2	mainCreatureLightInfos:Types.MonsterInGroupLightInformations;underlings:IEnumerable<Types.MonsterInGroupInformations>
GroupMonsterStaticInformationsWithAlternatives	4829	refs/dofus-emu-dev/DofusProtocol/Types/Types/game/context/roleplay/GroupMonsterStaticInformationsWithAlternatives.cs:14	1	alternatives:IEnumerable<Types.AlternativeMonstersInGroupLightInformations>
GuildInformations	7929	refs/dofus-emu-dev/DofusProtocol/Types/Types/game/context/roleplay/GuildInformations.cs:14	1	guildEmblem:Types.SocialEmblem
HumanInformations	495	refs/dofus-emu-dev/DofusProtocol/Types/Types/game/context/roleplay/HumanInformations.cs:14	3	restrictions:Types.ActorRestrictionsInformations;sex:bool;options:IEnumerable<Types.HumanOption>
HumanOption	7701	refs/dofus-emu-dev/DofusProtocol/Types/Types/game/context/roleplay/HumanOption.cs:14	0	
HumanOptionAlliance	7953	refs/dofus-emu-dev/DofusProtocol/Types/Types/game/context/roleplay/HumanOptionAlliance.cs:14	2	allianceInformation:Types.AllianceInformation;aggressable:sbyte
HumanOptionEmote	7646	refs/dofus-emu-dev/DofusProtocol/Types/Types/game/context/roleplay/HumanOptionEmote.cs:14	2	emoteId:short;emoteStartTime:double
HumanOptionFollowers	8287	refs/dofus-emu-dev/DofusProtocol/Types/Types/game/context/roleplay/HumanOptionFollowers.cs:14	1	followingCharactersLook:IEnumerable<Types.IndexedEntityLook>
HumanOptionGuild	1132	refs/dofus-emu-dev/DofusProtocol/Types/Types/game/context/roleplay/HumanOptionGuild.cs:14	1	guildInformations:Types.GuildInformations
HumanOptionObjectUse	446	refs/dofus-emu-dev/DofusProtocol/Types/Types/game/context/roleplay/HumanOptionObjectUse.cs:14	3	delayTypeId:sbyte;delayEndTime:double;objectGID:int
HumanOptionOrnament	5782	refs/dofus-emu-dev/DofusProtocol/Types/Types/game/context/roleplay/HumanOptionOrnament.cs:14	4	ornamentId:short;level:short;leagueId:short;ladderPosition:int
HumanOptionSkillUse	2036	refs/dofus-emu-dev/DofusProtocol/Types/Types/game/context/roleplay/HumanOptionSkillUse.cs:14	3	elementId:int;skillId:short;skillEndTime:double
HumanOptionSpeedMultiplier	4364	refs/dofus-emu-dev/DofusProtocol/Types/Types/game/context/roleplay/HumanOptionSpeedMultiplier.cs:14	1	speedMultiplier:int
HumanOptionTitle	2189	refs/dofus-emu-dev/DofusProtocol/Types/Types/game/context/roleplay/HumanOptionTitle.cs:14	2	titleId:short;titleParam:string
MonsterBoosts	1084	refs/dofus-emu-dev/DofusProtocol/Types/Types/game/context/roleplay/MonsterBoosts.cs:14	3	id:int;xpBoost:short;dropBoost:short
MonsterInGroupInformations	7023	refs/dofus-emu-dev/DofusProtocol/Types/Types/game/context/roleplay/MonsterInGroupInformations.cs:14	1	look:Types.EntityLook
MonsterInGroupLightInformations	1537	refs/dofus-emu-dev/DofusProtocol/Types/Types/game/context/roleplay/MonsterInGroupLightInformations.cs:14	3	genericId:int;grade:sbyte;level:short
ObjectItemInRolePlay	1282	refs/dofus-emu-dev/DofusProtocol/Types/Types/game/context/roleplay/ObjectItemInRolePlay.cs:14	2	cellId:short;objectGID:int
AlignmentWarEffortInformation	6941	refs/dofus-emu-dev/DofusProtocol/Types/Types/game/context/roleplay/alignment/war/effort/AlignmentWarEffortInformation.cs:14	2	alignmentSide:sbyte;alignmentWarEffort:long
BreachBranch	7507	refs/dofus-emu-dev/DofusProtocol/Types/Types/game/context/roleplay/breach/BreachBranch.cs:14	7	room:sbyte;element:int;bosses:IEnumerable<Types.MonsterInGroupLightInformations>;map:double;score:short;relativeScore:short;monsters:IEnumerable<Types.MonsterInGroupLightInformations>
BreachReward	3273	refs/dofus-emu-dev/DofusProtocol/Types/Types/game/context/roleplay/breach/BreachReward.cs:14	5	id:int;buyLocks:IEnumerable<sbyte>;buyCriterion:string;remainingQty:int;price:int
ExtendedBreachBranch	8307	refs/dofus-emu-dev/DofusProtocol/Types/Types/game/context/roleplay/breach/ExtendedBreachBranch.cs:14	3	rewards:IEnumerable<Types.BreachReward>;modifier:int;prize:int
ExtendedLockedBreachBranch	4080	refs/dofus-emu-dev/DofusProtocol/Types/Types/game/context/roleplay/breach/ExtendedLockedBreachBranch.cs:14	1	unlockPrice:int
ArenaLeagueRanking	3976	refs/dofus-emu-dev/DofusProtocol/Types/Types/game/context/roleplay/fight/arena/ArenaLeagueRanking.cs:14	3	rating:int;leagueId:short;ladderPosition:int
ArenaRankInfos	2174	refs/dofus-emu-dev/DofusProtocol/Types/Types/game/context/roleplay/fight/arena/ArenaRankInfos.cs:14	9	arenaType:int;leagueRanking:Types.ArenaLeagueRanking;bestLeagueId:short;bestRating:int;dailyVictoryCount:short;seasonVictoryCount:short;dailyFightcount:short;seasonFightcount:short;numFightNeededForLadder:short
LeagueFriendInformations	7750	refs/dofus-emu-dev/DofusProtocol/Types/Types/game/context/roleplay/fight/arena/LeagueFriendInformations.cs:14	8	playerId:long;playerName:string;breed:sbyte;sex:bool;level:short;leagueId:short;totalLeaguePoints:short;ladderPosition:int
DecraftedItemStackInfo	2478	refs/dofus-emu-dev/DofusProtocol/Types/Types/game/context/roleplay/job/DecraftedItemStackInfo.cs:14	5	objectUID:int;bonusMin:float;bonusMax:float;runesId:IEnumerable<int>;runesQty:IEnumerable<int>
JobBookSubscription	5496	refs/dofus-emu-dev/DofusProtocol/Types/Types/game/context/roleplay/job/JobBookSubscription.cs:14	2	jobId:sbyte;subscribed:bool
JobCrafterDirectoryEntryJobInfo	5157	refs/dofus-emu-dev/DofusProtocol/Types/Types/game/context/roleplay/job/JobCrafterDirectoryEntryJobInfo.cs:14	4	jobId:sbyte;jobLevel:sbyte;free:bool;minLevel:sbyte
JobCrafterDirectoryEntryPlayerInfo	9204	refs/dofus-emu-dev/DofusProtocol/Types/Types/game/context/roleplay/job/JobCrafterDirectoryEntryPlayerInfo.cs:14	12	playerId:long;playerName:string;alignmentSide:sbyte;breed:sbyte;sex:bool;isInWorkshop:bool;worldX:short;worldY:short;mapId:double;subAreaId:short;canCraftLegendary:bool;status:Types.PlayerStatus
JobCrafterDirectoryListEntry	7693	refs/dofus-emu-dev/DofusProtocol/Types/Types/game/context/roleplay/job/JobCrafterDirectoryListEntry.cs:14	2	playerInfo:Types.JobCrafterDirectoryEntryPlayerInfo;jobInfo:Types.JobCrafterDirectoryEntryJobInfo
JobCrafterDirectorySettings	7939	refs/dofus-emu-dev/DofusProtocol/Types/Types/game/context/roleplay/job/JobCrafterDirectorySettings.cs:14	3	jobId:sbyte;minLevel:sbyte;free:bool
JobDescription	4698	refs/dofus-emu-dev/DofusProtocol/Types/Types/game/context/roleplay/job/JobDescription.cs:14	2	jobId:sbyte;skills:IEnumerable<Types.SkillActionDescription>
JobExperience	1492	refs/dofus-emu-dev/DofusProtocol/Types/Types/game/context/roleplay/job/JobExperience.cs:14	5	jobId:sbyte;jobLevel:sbyte;jobXP:long;jobXpLevelFloor:long;jobXpNextLevelFloor:long
MapNpcQuestInfo	7887	refs/dofus-emu-dev/DofusProtocol/Types/Types/game/context/roleplay/npc/MapNpcQuestInfo.cs:14	3	mapId:double;npcsIdsWithQuest:IEnumerable<int>;questFlags:IEnumerable<Types.GameRolePlayNpcQuestFlag>
DungeonPartyFinderPlayer	1061	refs/dofus-emu-dev/DofusProtocol/Types/Types/game/context/roleplay/party/DungeonPartyFinderPlayer.cs:14	5	playerId:long;playerName:string;breed:sbyte;sex:bool;level:short
NamedPartyTeam	9179	refs/dofus-emu-dev/DofusProtocol/Types/Types/game/context/roleplay/party/NamedPartyTeam.cs:14	2	teamId:sbyte;partyName:string
NamedPartyTeamWithOutcome	2171	refs/dofus-emu-dev/DofusProtocol/Types/Types/game/context/roleplay/party/NamedPartyTeamWithOutcome.cs:14	2	team:Types.NamedPartyTeam;outcome:short
PartyGuestInformations	3127	refs/dofus-emu-dev/DofusProtocol/Types/Types/game/context/roleplay/party/PartyGuestInformations.cs:14	8	guestId:long;hostId:long;name:string;guestLook:Types.EntityLook;breed:sbyte;sex:bool;status:Types.PlayerStatus;entities:IEnumerable<Types.PartyEntityBaseInformation>
PartyInvitationMemberInformations	3577	refs/dofus-emu-dev/DofusProtocol/Types/Types/game/context/roleplay/party/PartyInvitationMemberInformations.cs:14	5	worldX:short;worldY:short;mapId:double;subAreaId:short;entities:IEnumerable<Types.PartyEntityBaseInformation>
PartyMemberArenaInformations	2056	refs/dofus-emu-dev/DofusProtocol/Types/Types/game/context/roleplay/party/PartyMemberArenaInformations.cs:14	1	rank:short
PartyMemberGeoPosition	5313	refs/dofus-emu-dev/DofusProtocol/Types/Types/game/context/roleplay/party/PartyMemberGeoPosition.cs:14	5	memberId:int;worldX:short;worldY:short;mapId:double;subAreaId:short
PartyMemberInformations	9391	refs/dofus-emu-dev/DofusProtocol/Types/Types/game/context/roleplay/party/PartyMemberInformations.cs:14	12	lifePoints:int;maxLifePoints:int;prospecting:int;regenRate:sbyte;initiative:int;alignmentSide:sbyte;worldX:short;worldY:short;mapId:double;subAreaId:short;status:Types.PlayerStatus;entities:IEnumerable<Types.PartyEntityBaseInformation>
PartyEntityBaseInformation	5790	refs/dofus-emu-dev/DofusProtocol/Types/Types/game/context/roleplay/party/entity/PartyEntityBaseInformation.cs:14	3	indexId:sbyte;entityModelId:sbyte;entityLook:Types.EntityLook
PartyEntityMemberInformation	118	refs/dofus-emu-dev/DofusProtocol/Types/Types/game/context/roleplay/party/entity/PartyEntityMemberInformation.cs:14	5	initiative:int;lifePoints:int;maxLifePoints:int;prospecting:int;regenRate:sbyte
GameRolePlayNpcQuestFlag	6478	refs/dofus-emu-dev/DofusProtocol/Types/Types/game/context/roleplay/quest/GameRolePlayNpcQuestFlag.cs:14	2	questsToValidId:IEnumerable<short>;questsToStartId:IEnumerable<short>
QuestActiveDetailedInformations	7451	refs/dofus-emu-dev/DofusProtocol/Types/Types/game/context/roleplay/quest/QuestActiveDetailedInformations.cs:14	2	stepId:short;objectives:IEnumerable<Types.QuestObjectiveInformations>
QuestActiveInformations	7048	refs/dofus-emu-dev/DofusProtocol/Types/Types/game/context/roleplay/quest/QuestActiveInformations.cs:14	1	questId:short
QuestObjectiveInformations	7248	refs/dofus-emu-dev/DofusProtocol/Types/Types/game/context/roleplay/quest/QuestObjectiveInformations.cs:14	3	objectiveId:short;objectiveStatus:bool;dialogParams:IEnumerable<string>
QuestObjectiveInformationsWithCompletion	8731	refs/dofus-emu-dev/DofusProtocol/Types/Types/game/context/roleplay/quest/QuestObjectiveInformationsWithCompletion.cs:14	2	curCompletion:short;maxCompletion:short
PortalInformation	2396	refs/dofus-emu-dev/DofusProtocol/Types/Types/game/context/roleplay/treasureHunt/PortalInformation.cs:14	2	portalId:int;areaId:short
TreasureHuntFlag	8258	refs/dofus-emu-dev/DofusProtocol/Types/Types/game/context/roleplay/treasureHunt/TreasureHuntFlag.cs:14	2	mapId:double;state:sbyte
TreasureHuntStep	8185	refs/dofus-emu-dev/DofusProtocol/Types/Types/game/context/roleplay/treasureHunt/TreasureHuntStep.cs:14	0	
TreasureHuntStepDig	5858	refs/dofus-emu-dev/DofusProtocol/Types/Types/game/context/roleplay/treasureHunt/TreasureHuntStepDig.cs:14	0	
TreasureHuntStepFight	9719	refs/dofus-emu-dev/DofusProtocol/Types/Types/game/context/roleplay/treasureHunt/TreasureHuntStepFight.cs:14	0	
TreasureHuntStepFollowDirection	9008	refs/dofus-emu-dev/DofusProtocol/Types/Types/game/context/roleplay/treasureHunt/TreasureHuntStepFollowDirection.cs:14	2	direction:sbyte;mapCount:short
TreasureHuntStepFollowDirectionToHint	8809	refs/dofus-emu-dev/DofusProtocol/Types/Types/game/context/roleplay/treasureHunt/TreasureHuntStepFollowDirectionToHint.cs:14	2	direction:sbyte;npcId:short
TreasureHuntStepFollowDirectionToPOI	9275	refs/dofus-emu-dev/DofusProtocol/Types/Types/game/context/roleplay/treasureHunt/TreasureHuntStepFollowDirectionToPOI.cs:14	2	direction:sbyte;poiLabelId:short
BidExchangerObjectInfo	2811	refs/dofus-emu-dev/DofusProtocol/Types/Types/game/data/items/BidExchangerObjectInfo.cs:14	5	objectUID:int;objectGID:int;objectType:int;effects:IEnumerable<Types.ObjectEffect>;prices:IEnumerable<long>
ForgettableSpellItem	2798	refs/dofus-emu-dev/DofusProtocol/Types/Types/game/data/items/ForgettableSpellItem.cs:14	1	available:bool
GoldItem	8076	refs/dofus-emu-dev/DofusProtocol/Types/Types/game/data/items/GoldItem.cs:14	1	sum:long
Item	8235	refs/dofus-emu-dev/DofusProtocol/Types/Types/game/data/items/Item.cs:14	0	
ObjectEffects	6602	refs/dofus-emu-dev/DofusProtocol/Types/Types/game/data/items/ObjectEffects.cs:14	1	effects:IEnumerable<Types.ObjectEffect>
ObjectItem	1685	refs/dofus-emu-dev/DofusProtocol/Types/Types/game/data/items/ObjectItem.cs:14	6	position:short;objectGID:int;effects:IEnumerable<Types.ObjectEffect>;objectUID:int;quantity:int;favorite:bool
ObjectItemGenericQuantity	7294	refs/dofus-emu-dev/DofusProtocol/Types/Types/game/data/items/ObjectItemGenericQuantity.cs:14	2	objectGID:int;quantity:int
ObjectItemInformationWithQuantity	8098	refs/dofus-emu-dev/DofusProtocol/Types/Types/game/data/items/ObjectItemInformationWithQuantity.cs:14	1	quantity:int
ObjectItemMinimalInformation	9931	refs/dofus-emu-dev/DofusProtocol/Types/Types/game/data/items/ObjectItemMinimalInformation.cs:14	2	objectGID:int;effects:IEnumerable<Types.ObjectEffect>
ObjectItemNotInContainer	7571	refs/dofus-emu-dev/DofusProtocol/Types/Types/game/data/items/ObjectItemNotInContainer.cs:14	4	objectGID:int;effects:IEnumerable<Types.ObjectEffect>;objectUID:int;quantity:int
ObjectItemQuantity	5434	refs/dofus-emu-dev/DofusProtocol/Types/Types/game/data/items/ObjectItemQuantity.cs:14	2	objectUID:int;quantity:int
ObjectItemQuantityPriceDateEffects	3552	refs/dofus-emu-dev/DofusProtocol/Types/Types/game/data/items/ObjectItemQuantityPriceDateEffects.cs:14	3	price:long;effects:Types.ObjectEffects;date:int
ObjectItemToSell	9372	refs/dofus-emu-dev/DofusProtocol/Types/Types/game/data/items/ObjectItemToSell.cs:14	5	objectGID:int;effects:IEnumerable<Types.ObjectEffect>;objectUID:int;quantity:int;objectPrice:long
ObjectItemToSellInBid	859	refs/dofus-emu-dev/DofusProtocol/Types/Types/game/data/items/ObjectItemToSellInBid.cs:14	1	unsoldDelay:int
ObjectItemToSellInNpcShop	5301	refs/dofus-emu-dev/DofusProtocol/Types/Types/game/data/items/ObjectItemToSellInNpcShop.cs:14	2	objectPrice:long;buyCriterion:string
SellerBuyerDescriptor	780	refs/dofus-emu-dev/DofusProtocol/Types/Types/game/data/items/SellerBuyerDescriptor.cs:14	8	quantities:IEnumerable<int>;types:IEnumerable<int>;taxPercentage:float;taxModificationPercentage:float;maxItemLevel:sbyte;maxItemPerAccount:int;npcContextualId:int;unsoldDelay:short
SpellItem	8615	refs/dofus-emu-dev/DofusProtocol/Types/Types/game/data/items/SpellItem.cs:14	2	spellId:int;spellLevel:short
ObjectEffect	7605	refs/dofus-emu-dev/DofusProtocol/Types/Types/game/data/items/effects/ObjectEffect.cs:14	1	actionId:short
ObjectEffectCreature	3987	refs/dofus-emu-dev/DofusProtocol/Types/Types/game/data/items/effects/ObjectEffectCreature.cs:14	1	monsterFamilyId:short
ObjectEffectDate	3435	refs/dofus-emu-dev/DofusProtocol/Types/Types/game/data/items/effects/ObjectEffectDate.cs:14	5	year:short;month:sbyte;day:sbyte;hour:sbyte;minute:sbyte
ObjectEffectDice	670	refs/dofus-emu-dev/DofusProtocol/Types/Types/game/data/items/effects/ObjectEffectDice.cs:14	3	diceNum:int;diceSide:int;diceConst:int
ObjectEffectDuration	7031	refs/dofus-emu-dev/DofusProtocol/Types/Types/game/data/items/effects/ObjectEffectDuration.cs:14	3	days:short;hours:sbyte;minutes:sbyte
ObjectEffectInteger	3930	refs/dofus-emu-dev/DofusProtocol/Types/Types/game/data/items/effects/ObjectEffectInteger.cs:14	1	value:int
ObjectEffectLadder	5489	refs/dofus-emu-dev/DofusProtocol/Types/Types/game/data/items/effects/ObjectEffectLadder.cs:14	1	monsterCount:int
ObjectEffectMinMax	843	refs/dofus-emu-dev/DofusProtocol/Types/Types/game/data/items/effects/ObjectEffectMinMax.cs:14	2	min:int;max:int
ObjectEffectMount	3353	refs/dofus-emu-dev/DofusProtocol/Types/Types/game/data/items/effects/ObjectEffectMount.cs:14	14	sex:bool;isRideable:bool;isFeconded:bool;isFecondationReady:bool;id:long;expirationDate:long;model:int;name:string;owner:string;level:sbyte;reproductionCount:int;reproductionCountMax:int;effects:IEnumerable<Types.ObjectEffectInteger>;capacities:IEnumerable<int>
ObjectEffectString	3424	refs/dofus-emu-dev/DofusProtocol/Types/Types/game/data/items/effects/ObjectEffectString.cs:14	1	value:string
EntityInformation	9779	refs/dofus-emu-dev/DofusProtocol/Types/Types/game/entity/EntityInformation.cs:14	3	id:short;experience:int;status:bool
ProtectedEntityWaitingForHelpInfo	9739	refs/dofus-emu-dev/DofusProtocol/Types/Types/game/fight/ProtectedEntityWaitingForHelpInfo.cs:14	3	timeLeftBeforeFight:int;waitTimeForPlacement:int;nbPositionForDefensors:sbyte
FinishMoveInformations	8829	refs/dofus-emu-dev/DofusProtocol/Types/Types/game/finishmoves/FinishMoveInformations.cs:14	2	finishMoveId:int;finishMoveState:bool
AbstractContactInformations	8841	refs/dofus-emu-dev/DofusProtocol/Types/Types/game/friend/AbstractContactInformations.cs:14	2	accountId:int;accountTag:Types.AccountTagInformation
AcquaintanceInformation	1584	refs/dofus-emu-dev/DofusProtocol/Types/Types/game/friend/AcquaintanceInformation.cs:14	1	playerState:sbyte
AcquaintanceOnlineInformation	251	refs/dofus-emu-dev/DofusProtocol/Types/Types/game/friend/AcquaintanceOnlineInformation.cs:14	4	playerId:long;playerName:string;moodSmileyId:short;status:Types.PlayerStatus
FriendInformations	861	refs/dofus-emu-dev/DofusProtocol/Types/Types/game/friend/FriendInformations.cs:14	5	playerState:sbyte;lastConnection:short;achievementPoints:int;leagueId:short;ladderPosition:int
FriendOnlineInformations	9348	refs/dofus-emu-dev/DofusProtocol/Types/Types/game/friend/FriendOnlineInformations.cs:14	10	sex:bool;havenBagShared:bool;playerId:long;playerName:string;level:short;alignmentSide:sbyte;breed:sbyte;guildInfo:Types.GuildInformations;moodSmileyId:short;status:Types.PlayerStatus
FriendSpouseInformations	8260	refs/dofus-emu-dev/DofusProtocol/Types/Types/game/friend/FriendSpouseInformations.cs:14	9	spouseAccountId:int;spouseId:long;spouseName:string;spouseLevel:short;breed:sbyte;sex:sbyte;spouseEntityLook:Types.EntityLook;guildInfo:Types.GuildInformations;alignmentSide:sbyte
FriendSpouseOnlineInformations	8676	refs/dofus-emu-dev/DofusProtocol/Types/Types/game/friend/FriendSpouseOnlineInformations.cs:14	4	inFight:bool;followSpouse:bool;mapId:double;subAreaId:short
IgnoredInformations	2099	refs/dofus-emu-dev/DofusProtocol/Types/Types/game/friend/IgnoredInformations.cs:14	0	
IgnoredOnlineInformations	941	refs/dofus-emu-dev/DofusProtocol/Types/Types/game/friend/IgnoredOnlineInformations.cs:14	4	playerId:long;playerName:string;breed:sbyte;sex:bool
Contribution	7492	refs/dofus-emu-dev/DofusProtocol/Types/Types/game/guild/Contribution.cs:14	3	contributorId:long;contributorName:string;amount:long
GuildMemberInfo	4949	refs/dofus-emu-dev/DofusProtocol/Types/Types/game/guild/GuildMemberInfo.cs:14	7	givenExperience:long;experienceGivenPercent:sbyte;alignmentSide:sbyte;moodSmileyId:short;achievementPoints:int;havenBagShared:bool;note:Types.PlayerNote
HavenBagFurnitureInformation	3250	refs/dofus-emu-dev/DofusProtocol/Types/Types/game/guild/HavenBagFurnitureInformation.cs:14	3	cellId:short;funitureId:int;orientation:sbyte
RankPublicInformation	5787	refs/dofus-emu-dev/DofusProtocol/Types/Types/game/guild/RankPublicInformation.cs:14	2	order:int;gfxId:int
GuildLogbookEntryBasicInformation	8590	refs/dofus-emu-dev/DofusProtocol/Types/Types/game/guild/logbook/GuildLogbookEntryBasicInformation.cs:14	2	id:int;date:double
GuildLogbookChestActivity	9067	refs/dofus-emu-dev/DofusProtocol/Types/Types/game/guild/logbook/chest/GuildLogbookChestActivity.cs:14	6	playerId:long;playerName:string;eventType:sbyte;quantity:int;sourceTabId:int;destinationTabId:int
GuildLevelUpActivity	3398	refs/dofus-emu-dev/DofusProtocol/Types/Types/game/guild/logbook/global/GuildLevelUpActivity.cs:14	1	newGuildLevel:sbyte
GuildPaddockActivity	3935	refs/dofus-emu-dev/DofusProtocol/Types/Types/game/guild/logbook/global/GuildPaddockActivity.cs:14	5	playerId:long;playerName:string;paddockCoordinates:Types.MapCoordinatesExtended;farmId:double;paddockEventType:sbyte
GuildPlayerFlowActivity	2970	refs/dofus-emu-dev/DofusProtocol/Types/Types/game/guild/logbook/global/GuildPlayerFlowActivity.cs:14	3	playerId:long;playerName:string;playerFlowEventType:sbyte
GuildPlayerRankUpdateActivity	8680	refs/dofus-emu-dev/DofusProtocol/Types/Types/game/guild/logbook/global/GuildPlayerRankUpdateActivity.cs:14	5	guildRankMinimalInfos:Types.RankMinimalInformation;sourcePlayerId:long;targetPlayerId:long;sourcePlayerName:string;targetPlayerName:string
GuildRankActivity	3270	refs/dofus-emu-dev/DofusProtocol/Types/Types/game/guild/logbook/global/GuildRankActivity.cs:14	2	rankActivityType:sbyte;guildRankMinimalInfos:Types.RankMinimalInformation
GuildUnlockNewTabActivity	7681	refs/dofus-emu-dev/DofusProtocol/Types/Types/game/guild/logbook/global/GuildUnlockNewTabActivity.cs:14	0	
GuildRecruitmentInformation	5578	refs/dofus-emu-dev/DofusProtocol/Types/Types/game/guild/recruitment/GuildRecruitmentInformation.cs:14	2	minSuccess:int;minSuccessFacultative:bool
HavenBagRoomPreviewInformation	8049	refs/dofus-emu-dev/DofusProtocol/Types/Types/game/havenbag/HavenBagRoomPreviewInformation.cs:14	2	roomId:sbyte;themeId:sbyte
AccountHouseInformations	8406	refs/dofus-emu-dev/DofusProtocol/Types/Types/game/house/AccountHouseInformations.cs:14	5	houseInfos:Types.HouseInstanceInformations;worldX:short;worldY:short;mapId:double;subAreaId:short
HouseGuildedInformations	4071	refs/dofus-emu-dev/DofusProtocol/Types/Types/game/house/HouseGuildedInformations.cs:14	1	guildInfo:Types.GuildInformations
HouseInformations	2374	refs/dofus-emu-dev/DofusProtocol/Types/Types/game/house/HouseInformations.cs:14	2	houseId:int;modelId:short
HouseInformationsForGuild	409	refs/dofus-emu-dev/DofusProtocol/Types/Types/game/house/HouseInformationsForGuild.cs:14	9	instanceId:int;secondHand:bool;ownerTag:Types.AccountTagInformation;worldX:short;worldY:short;mapId:double;subAreaId:short;skillListIds:IEnumerable<int>;guildshareParams:int
HouseInformationsForSell	6977	refs/dofus-emu-dev/DofusProtocol/Types/Types/game/house/HouseInformationsForSell.cs:14	14	instanceId:int;secondHand:bool;modelId:int;ownerTag:Types.AccountTagInformation;hasOwner:bool;ownerCharacterName:string;worldX:short;worldY:short;subAreaId:short;nbRoom:sbyte;nbChest:sbyte;skillListIds:IEnumerable<int>;isLocked:bool;price:long
HouseInformationsInside	2801	refs/dofus-emu-dev/DofusProtocol/Types/Types/game/house/HouseInformationsInside.cs:14	3	houseInfos:Types.HouseInstanceInformations;worldX:short;worldY:short
HouseInstanceInformations	3219	refs/dofus-emu-dev/DofusProtocol/Types/Types/game/house/HouseInstanceInformations.cs:14	8	secondHand:bool;isLocked:bool;hasOwner:bool;isSaleLocked:bool;isAdminLocked:bool;instanceId:int;ownerTag:Types.AccountTagInformation;price:long
HouseOnMapInformations	5255	refs/dofus-emu-dev/DofusProtocol/Types/Types/game/house/HouseOnMapInformations.cs:14	2	doorsOnMap:IEnumerable<int>;houseInstances:IEnumerable<Types.HouseInstanceInformations>
InteractiveElement	6065	refs/dofus-emu-dev/DofusProtocol/Types/Types/game/interactive/InteractiveElement.cs:14	5	elementId:int;elementTypeId:int;enabledSkills:IEnumerable<Types.InteractiveElementSkill>;disabledSkills:IEnumerable<Types.InteractiveElementSkill>;onCurrentMap:bool
InteractiveElementNamedSkill	7880	refs/dofus-emu-dev/DofusProtocol/Types/Types/game/interactive/InteractiveElementNamedSkill.cs:14	1	nameId:int
InteractiveElementSkill	2087	refs/dofus-emu-dev/DofusProtocol/Types/Types/game/interactive/InteractiveElementSkill.cs:14	2	skillId:int;skillInstanceUid:int
InteractiveElementWithAgeBonus	2952	refs/dofus-emu-dev/DofusProtocol/Types/Types/game/interactive/InteractiveElementWithAgeBonus.cs:14	1	ageBonus:short
MapObstacle	9518	refs/dofus-emu-dev/DofusProtocol/Types/Types/game/interactive/MapObstacle.cs:14	2	obstacleCellId:short;state:sbyte
StatedElement	1041	refs/dofus-emu-dev/DofusProtocol/Types/Types/game/interactive/StatedElement.cs:14	4	elementId:int;elementCellId:short;elementState:int;onCurrentMap:bool
SkillActionDescription	3573	refs/dofus-emu-dev/DofusProtocol/Types/Types/game/interactive/skill/SkillActionDescription.cs:14	1	skillId:short
SkillActionDescriptionCollect	5684	refs/dofus-emu-dev/DofusProtocol/Types/Types/game/interactive/skill/SkillActionDescriptionCollect.cs:14	2	min:short;max:short
SkillActionDescriptionCraft	5905	refs/dofus-emu-dev/DofusProtocol/Types/Types/game/interactive/skill/SkillActionDescriptionCraft.cs:14	1	probability:sbyte
SkillActionDescriptionTimed	1078	refs/dofus-emu-dev/DofusProtocol/Types/Types/game/interactive/skill/SkillActionDescriptionTimed.cs:14	1	time:sbyte
TeleportDestination	1570	refs/dofus-emu-dev/DofusProtocol/Types/Types/game/interactive/zaap/TeleportDestination.cs:14	5	type:sbyte;mapId:double;subAreaId:short;level:short;cost:short
StorageTabInformation	8947	refs/dofus-emu-dev/DofusProtocol/Types/Types/game/inventory/StorageTabInformation.cs:14	7	name:string;tabNumber:int;picto:int;openRight:int;dropRight:int;takeRight:int;dropTypeLimitation:IEnumerable<int>
UpdatedStorageTabInformation	570	refs/dofus-emu-dev/DofusProtocol/Types/Types/game/inventory/UpdatedStorageTabInformation.cs:14	4	name:string;tabNumber:int;picto:int;dropTypeLimitation:IEnumerable<int>
RecycledItem	2736	refs/dofus-emu-dev/DofusProtocol/Types/Types/game/inventory/exchanges/RecycledItem.cs:14	2	id:int;qty:uint
EntityLook	6640	refs/dofus-emu-dev/DofusProtocol/Types/Types/game/look/EntityLook.cs:14	5	bonesId:short;skins:IEnumerable<short>;indexedColors:IEnumerable<int>;scales:IEnumerable<short>;subentities:IEnumerable<Types.SubEntity>
IndexedEntityLook	5735	refs/dofus-emu-dev/DofusProtocol/Types/Types/game/look/IndexedEntityLook.cs:14	2	look:Types.EntityLook;index:sbyte
SubEntity	9491	refs/dofus-emu-dev/DofusProtocol/Types/Types/game/look/SubEntity.cs:14	3	bindingPointCategory:sbyte;bindingPointIndex:sbyte;subEntityLook:Types.EntityLook
ItemDurability	5929	refs/dofus-emu-dev/DofusProtocol/Types/Types/game/mount/ItemDurability.cs:14	2	durability:short;durabilityMax:short
MountClientData	4446	refs/dofus-emu-dev/DofusProtocol/Types/Types/game/mount/MountClientData.cs:14	34	sex:bool;isRideable:bool;isWild:bool;isFecondationReady:bool;useHarnessColors:bool;id:double;model:int;ancestor:IEnumerable<int>;behaviors:IEnumerable<int>;name:string;ownerId:int;experience:long;experienceForLevel:long;experienceForNextLevel:double;level:sbyte;maxPods:int;stamina:int;staminaMax:int;maturity:int;maturityForAdult:int;energy:int;energyMax:int;serenity:int;aggressivityMax:int;serenityMax:int;love:int;loveMax:int;fecondationTime:int;boostLimiter:int;boostMax:double;reproductionCount:int;reproductionCountMax:int;harnessGID:int;effectList:IEnumerable<Types.ObjectEffectInteger>
UpdateMountBooleanCharacteristic	2137	refs/dofus-emu-dev/DofusProtocol/Types/Types/game/mount/UpdateMountBooleanCharacteristic.cs:14	1	value:bool
UpdateMountCharacteristic	470	refs/dofus-emu-dev/DofusProtocol/Types/Types/game/mount/UpdateMountCharacteristic.cs:14	1	type:sbyte
UpdateMountIntegerCharacteristic	5600	refs/dofus-emu-dev/DofusProtocol/Types/Types/game/mount/UpdateMountIntegerCharacteristic.cs:14	1	value:int
NuggetsBeneficiary	7825	refs/dofus-emu-dev/DofusProtocol/Types/Types/game/nuggets/NuggetsBeneficiary.cs:14	2	beneficiaryPlayerId:long;nuggetsQuantity:int
MountInformationsForPaddock	4252	refs/dofus-emu-dev/DofusProtocol/Types/Types/game/paddock/MountInformationsForPaddock.cs:14	3	modelId:short;name:string;ownerName:string
PaddockBuyableInformations	5612	refs/dofus-emu-dev/DofusProtocol/Types/Types/game/paddock/PaddockBuyableInformations.cs:14	2	price:long;locked:bool
PaddockContentInformations	6426	refs/dofus-emu-dev/DofusProtocol/Types/Types/game/paddock/PaddockContentInformations.cs:14	7	paddockId:double;worldX:short;worldY:short;mapId:double;subAreaId:short;abandonned:bool;mountsInformations:IEnumerable<Types.MountInformationsForPaddock>
PaddockGuildedInformations	4294	refs/dofus-emu-dev/DofusProtocol/Types/Types/game/paddock/PaddockGuildedInformations.cs:14	2	deserted:bool;guildInfo:Types.GuildInformations
PaddockInformations	208	refs/dofus-emu-dev/DofusProtocol/Types/Types/game/paddock/PaddockInformations.cs:14	2	maxOutdoorMount:short;maxItems:short
PaddockInformationsForSell	5311	refs/dofus-emu-dev/DofusProtocol/Types/Types/game/paddock/PaddockInformationsForSell.cs:14	7	guildOwner:string;worldX:short;worldY:short;subAreaId:short;nbMount:sbyte;nbObject:sbyte;price:long
PaddockInstancesInformations	4571	refs/dofus-emu-dev/DofusProtocol/Types/Types/game/paddock/PaddockInstancesInformations.cs:14	1	paddocks:IEnumerable<Types.PaddockBuyableInformations>
PaddockItem	2373	refs/dofus-emu-dev/DofusProtocol/Types/Types/game/paddock/PaddockItem.cs:14	1	durability:Types.ItemDurability
CharacterCharacteristicForPreset	3299	refs/dofus-emu-dev/DofusProtocol/Types/Types/game/presets/CharacterCharacteristicForPreset.cs:14	1	stuff:int
EntitiesPreset	6250	refs/dofus-emu-dev/DofusProtocol/Types/Types/game/presets/EntitiesPreset.cs:14	2	iconId:short;entityIds:IEnumerable<short>
ForgettableSpellsPreset	6253	refs/dofus-emu-dev/DofusProtocol/Types/Types/game/presets/ForgettableSpellsPreset.cs:14	2	baseSpellsPreset:Types.SpellsPreset;forgettableSpells:IEnumerable<Types.SpellForPreset>
FullStatsPreset	4653	refs/dofus-emu-dev/DofusProtocol/Types/Types/game/presets/FullStatsPreset.cs:14	1	stats:IEnumerable<Types.CharacterCharacteristicForPreset>
IconNamedPreset	2553	refs/dofus-emu-dev/DofusProtocol/Types/Types/game/presets/IconNamedPreset.cs:14	2	iconId:short;name:string
ItemForPreset	5291	refs/dofus-emu-dev/DofusProtocol/Types/Types/game/presets/ItemForPreset.cs:14	3	position:short;objGid:int;objUid:int
ItemsPreset	4783	refs/dofus-emu-dev/DofusProtocol/Types/Types/game/presets/ItemsPreset.cs:14	3	items:IEnumerable<Types.ItemForPreset>;mountEquipped:bool;look:Types.EntityLook
Preset	3628	refs/dofus-emu-dev/DofusProtocol/Types/Types/game/presets/Preset.cs:14	1	id:short
PresetsContainerPreset	5695	refs/dofus-emu-dev/DofusProtocol/Types/Types/game/presets/PresetsContainerPreset.cs:14	1	presets:IEnumerable<Types.Preset>
SimpleCharacterCharacteristicForPreset	361	refs/dofus-emu-dev/DofusProtocol/Types/Types/game/presets/SimpleCharacterCharacteristicForPreset.cs:14	2	keyword:string;additionnal:int
SpellForPreset	1457	refs/dofus-emu-dev/DofusProtocol/Types/Types/game/presets/SpellForPreset.cs:14	2	spellId:short;shortcuts:IEnumerable<short>
SpellsPreset	7774	refs/dofus-emu-dev/DofusProtocol/Types/Types/game/presets/SpellsPreset.cs:14	1	spells:IEnumerable<Types.SpellForPreset>
StatsPreset	1993	refs/dofus-emu-dev/DofusProtocol/Types/Types/game/presets/StatsPreset.cs:14	1	stats:IEnumerable<Types.SimpleCharacterCharacteristicForPreset>
AllianceInsiderPrismInformation	7229	refs/dofus-emu-dev/DofusProtocol/Types/Types/game/prism/AllianceInsiderPrismInformation.cs:14	5	moduleObject:Types.ObjectItem;moduleType:int;cristalObject:Types.ObjectItem;cristalType:int;cristalNumberLeft:int
AlliancePrismInformation	4594	refs/dofus-emu-dev/DofusProtocol/Types/Types/game/prism/AlliancePrismInformation.cs:14	1	alliance:Types.AllianceInformation
PrismGeolocalizedInformation	9281	refs/dofus-emu-dev/DofusProtocol/Types/Types/game/prism/PrismGeolocalizedInformation.cs:14	6	subAreaId:short;allianceId:int;worldX:short;worldY:short;mapId:double;prism:Types.PrismInformation
PrismInformation	65	refs/dofus-emu-dev/DofusProtocol/Types/Types/game/prism/PrismInformation.cs:14	5	state:sbyte;placementDate:int;nuggetsCount:int;durability:int;nextEvolutionDate:double
AgressableStatusMessage	6140	refs/dofus-emu-dev/DofusProtocol/Types/Types/game/pvp/AgressableStatusMessage.cs:14	4	playerId:long;enable:sbyte;roleAvAId:int;pictoScore:int
RankInformation	3538	refs/dofus-emu-dev/DofusProtocol/Types/Types/game/rank/RankInformation.cs:14	4	order:int;gfxId:int;modifiable:bool;rights:IEnumerable<int>
RankMinimalInformation	1831	refs/dofus-emu-dev/DofusProtocol/Types/Types/game/rank/RankMinimalInformation.cs:14	2	id:int;name:string
Shortcut	5117	refs/dofus-emu-dev/DofusProtocol/Types/Types/game/shortcut/Shortcut.cs:14	1	slot:sbyte
ShortcutEmote	1189	refs/dofus-emu-dev/DofusProtocol/Types/Types/game/shortcut/ShortcutEmote.cs:14	1	emoteId:short
ShortcutEntitiesPreset	3288	refs/dofus-emu-dev/DofusProtocol/Types/Types/game/shortcut/ShortcutEntitiesPreset.cs:14	1	presetId:short
ShortcutObject	8861	refs/dofus-emu-dev/DofusProtocol/Types/Types/game/shortcut/ShortcutObject.cs:14	0	
ShortcutObjectItem	2079	refs/dofus-emu-dev/DofusProtocol/Types/Types/game/shortcut/ShortcutObjectItem.cs:14	2	itemUID:int;itemGID:int
ShortcutObjectPreset	1697	refs/dofus-emu-dev/DofusProtocol/Types/Types/game/shortcut/ShortcutObjectPreset.cs:14	1	presetId:short
ShortcutSmiley	4118	refs/dofus-emu-dev/DofusProtocol/Types/Types/game/shortcut/ShortcutSmiley.cs:14	1	smileyId:short
ShortcutSpell	576	refs/dofus-emu-dev/DofusProtocol/Types/Types/game/shortcut/ShortcutSpell.cs:14	1	spellId:short
AbstractSocialGroupInfos	6837	refs/dofus-emu-dev/DofusProtocol/Types/Types/game/social/AbstractSocialGroupInfos.cs:14	0	
AllianceFactSheetInformation	6340	refs/dofus-emu-dev/DofusProtocol/Types/Types/game/social/AllianceFactSheetInformation.cs:14	5	creationDate:int;nbMembers:short;nbSubarea:short;nbTaxCollectors:short;recruitment:Types.AllianceRecruitmentInformation
GuildFactSheetInformations	643	refs/dofus-emu-dev/DofusProtocol/Types/Types/game/social/GuildFactSheetInformations.cs:14	5	leaderId:long;nbMembers:short;lastActivityDay:short;recruitment:Types.GuildRecruitmentInformation;nbPendingApply:int
GuildInsiderFactSheetInformations	9836	refs/dofus-emu-dev/DofusProtocol/Types/Types/game/social/GuildInsiderFactSheetInformations.cs:14	1	leaderName:string
SocialEmblem	6817	refs/dofus-emu-dev/DofusProtocol/Types/Types/game/social/SocialEmblem.cs:14	4	symbolShape:short;symbolColor:int;backgroundShape:sbyte;backgroundColor:int
SocialMember	9920	refs/dofus-emu-dev/DofusProtocol/Types/Types/game/social/SocialMember.cs:14	8	breed:sbyte;sex:bool;connected:sbyte;hoursSinceLastConnection:short;accountId:int;status:Types.PlayerStatus;rankId:int;enrollmentDate:double
ApplicationPlayerInformation	9959	refs/dofus-emu-dev/DofusProtocol/Types/Types/game/social/application/ApplicationPlayerInformation.cs:14	9	playerId:long;playerName:string;breed:sbyte;sex:bool;level:int;accountId:int;accountTag:string;accountNickname:string;status:Types.PlayerStatus
SocialApplicationInformation	4014	refs/dofus-emu-dev/DofusProtocol/Types/Types/game/social/application/SocialApplicationInformation.cs:14	3	playerInfo:Types.ApplicationPlayerInformation;applyText:string;creationDate:double
SocialFight	2810	refs/dofus-emu-dev/DofusProtocol/Types/Types/game/social/fight/SocialFight.cs:14	4	socialFightInfo:Types.SocialFightInfo;attackers:IEnumerable<Types.CharacterMinimalPlusLookInformations>;defenders:IEnumerable<Types.CharacterMinimalPlusLookInformations>;phase:Types.FightPhase
SocialFightInfo	2355	refs/dofus-emu-dev/DofusProtocol/Types/Types/game/social/fight/SocialFightInfo.cs:14	3	fightId:short;fightType:sbyte;mapId:double
SocialRecruitmentInformation	2211	refs/dofus-emu-dev/DofusProtocol/Types/Types/game/social/recruitment/SocialRecruitmentInformation.cs:14	12	minLevelFacultative:bool;invalidatedByModeration:bool;recruitmentAutoLocked:bool;socialId:int;recruitmentType:sbyte;recruitmentTitle:string;recruitmentText:string;selectedLanguages:IEnumerable<int>;selectedCriterion:IEnumerable<int>;minLevel:short;lastEditPlayerName:string;lastEditDate:double
GameActionItem	7527	refs/dofus-emu-dev/DofusProtocol/Types/Types/game/startup/GameActionItem.cs:14	6	uid:int;title:string;text:string;descUrl:string;pictureUrl:string;items:IEnumerable<Types.ObjectItemInformationWithQuantity>
SurrenderAccepted	8859	refs/dofus-emu-dev/DofusProtocol/Types/Types/game/surrender/SurrenderAccepted.cs:14	0	
SurrenderRefused	8906	refs/dofus-emu-dev/DofusProtocol/Types/Types/game/surrender/SurrenderRefused.cs:14	0	
SurrenderRefusedBeforeTurn	9548	refs/dofus-emu-dev/DofusProtocol/Types/Types/game/surrender/SurrenderRefusedBeforeTurn.cs:14	1	minTurnForSurrender:int
SurrenderRefusedBeforeVote	2726	refs/dofus-emu-dev/DofusProtocol/Types/Types/game/surrender/SurrenderRefusedBeforeVote.cs:14	0	
SurrenderResponse	8655	refs/dofus-emu-dev/DofusProtocol/Types/Types/game/surrender/SurrenderResponse.cs:14	0	
SurrenderVoteAccepted	8687	refs/dofus-emu-dev/DofusProtocol/Types/Types/game/surrender/vote/SurrenderVoteAccepted.cs:14	0	
SurrenderVoteRefused	1140	refs/dofus-emu-dev/DofusProtocol/Types/Types/game/surrender/vote/SurrenderVoteRefused.cs:14	0	
SurrenderVoteRefusedAlreadyAsked	8978	refs/dofus-emu-dev/DofusProtocol/Types/Types/game/surrender/vote/SurrenderVoteRefusedAlreadyAsked.cs:14	0	
SurrenderVoteRefusedBeforeTurn	9709	refs/dofus-emu-dev/DofusProtocol/Types/Types/game/surrender/vote/SurrenderVoteRefusedBeforeTurn.cs:14	1	minTurnForSurrenderVote:int
SurrenderVoteRefusedWaitBetweenVotes	5188	refs/dofus-emu-dev/DofusProtocol/Types/Types/game/surrender/vote/SurrenderVoteRefusedWaitBetweenVotes.cs:14	1	nextVoteTimestamp:int
SurrenderVoteResponse	3674	refs/dofus-emu-dev/DofusProtocol/Types/Types/game/surrender/vote/SurrenderVoteResponse.cs:14	0	
TrustCertificate	3311	refs/dofus-emu-dev/DofusProtocol/Types/Types/secure/TrustCertificate.cs:14	2	id:int;hash:string
Version	580	refs/dofus-emu-dev/DofusProtocol/Types/Types/version/Version.cs:14	5	major:sbyte;minor:sbyte;code:sbyte;build:int;buildType:sbyte
BufferInformation	7749	refs/dofus-emu-dev/DofusProtocol/Types/Types/web/haapi/BufferInformation.cs:14	2	id:long;amount:long
