message_nom	protocol_id	fichier:ligne	nb_champs	champs
AccountMessage	2	refs/GinyCore/Giny.Protocol/IPC/Messages/AccountMessage.cs:14	1	Account:Account
AccountRequestMessage	3	refs/GinyCore/Giny.Protocol/IPC/Messages/AccountRequestMessage.cs:13	1	ticket:string
DisconnectClientRequestMessage	4	refs/GinyCore/Giny.Protocol/IPC/Messages/DisconnectClientRequestMessage.cs:13	1	accountId:int
DisconnectClientResultMessage	5	refs/GinyCore/Giny.Protocol/IPC/Messages/DisconnectClientResultMessage.cs:14	1	sucess:bool
HandshakeMessage	6	refs/GinyCore/Giny.Protocol/IPC/Messages/HandshakeMessage.cs:14	1	serverId:short
IPCCharacterCreationRequestMessage	7	refs/GinyCore/Giny.Protocol/IPC/Messages/IPCCharacterCreationRequestMessage.cs:13	2	accountId:int;characterId:long
IPCCharacterDeletionRequestMessage	9	refs/GinyCore/Giny.Protocol/IPC/Messages/IPCCharacterDeletionRequestMessage.cs:13	2	accountId:int;characterId:long
IPCServerStatusUpdateMessage	12	refs/GinyCore/Giny.Protocol/IPC/Messages/IPCServerStatusUpdateMessage.cs:15	1	status:ServerStatusEnum
IsIpConnectedMessage	13	refs/GinyCore/Giny.Protocol/IPC/Messages/IsIpConnectedMessage.cs:13	1	connected:bool
IsIpConnectedRequestMessage	14	refs/GinyCore/Giny.Protocol/IPC/Messages/IsIpConnectedRequestMessage.cs:13	1	ip:string
ResetWorldRequestMessage	15	refs/GinyCore/Giny.Protocol/IPC/Messages/ResetWorldRequestMessage.cs:13	0	
ResetWorldResultMessage	17	refs/GinyCore/Giny.Protocol/IPC/Messages/ResetWorldResultMessage.cs:13	1	success:bool
AdminCommandMessage	3581	refs/GinyCore/Giny.Protocol/Messages/Authorized/AdminCommandMessage.cs:12	1	content:string
AdminQuietCommandMessage	2793	refs/GinyCore/Giny.Protocol/Messages/Authorized/AdminQuietCommandMessage.cs:12	0	
ConsoleCommandsListMessage	6227	refs/GinyCore/Giny.Protocol/Messages/Authorized/ConsoleCommandsListMessage.cs:12	3	aliases:string[];args:string[];descriptions:string[]
ConsoleMessage	806	refs/GinyCore/Giny.Protocol/Messages/Authorized/ConsoleMessage.cs:12	2	type:byte;content:string
BasicPingMessage	398	refs/GinyCore/Giny.Protocol/Messages/Common/Basic/BasicPingMessage.cs:12	1	quiet:bool
BasicPongMessage	5303	refs/GinyCore/Giny.Protocol/Messages/Common/Basic/BasicPongMessage.cs:12	1	quiet:bool
BasicStatMessage	2297	refs/GinyCore/Giny.Protocol/Messages/Common/Basic/BasicStatMessage.cs:12	2	timeSpent:double;statId:short
BasicStatWithDataMessage	5377	refs/GinyCore/Giny.Protocol/Messages/Common/Basic/BasicStatWithDataMessage.cs:12	1	datas:StatisticData[]
CredentialsAcknowledgementMessage	3514	refs/GinyCore/Giny.Protocol/Messages/Connection/CredentialsAcknowledgementMessage.cs:12	0	
HelloConnectMessage	6424	refs/GinyCore/Giny.Protocol/Messages/Connection/HelloConnectMessage.cs:12	2	salt:string;key:byte[]
IdentificationAccountForceMessage	247	refs/GinyCore/Giny.Protocol/Messages/Connection/IdentificationAccountForceMessage.cs:13	1	forcerAccountLogin:string
IdentificationFailedBannedMessage	4724	refs/GinyCore/Giny.Protocol/Messages/Connection/IdentificationFailedBannedMessage.cs:12	1	banEndDate:double
IdentificationFailedForBadVersionMessage	6103	refs/GinyCore/Giny.Protocol/Messages/Connection/IdentificationFailedForBadVersionMessage.cs:13	1	requiredVersion:Version
IdentificationFailedMessage	5766	refs/GinyCore/Giny.Protocol/Messages/Connection/IdentificationFailedMessage.cs:12	1	reason:byte
IdentificationMessage	7907	refs/GinyCore/Giny.Protocol/Messages/Connection/IdentificationMessage.cs:13	9	version:Version;lang:string;credentials:byte[];serverId:short;autoconnect:bool;useCertificate:bool;useLoginToken:bool;sessionOptionalSalt:long;failedAttempts:short[]
IdentificationSuccessMessage	6384	refs/GinyCore/Giny.Protocol/Messages/Connection/IdentificationSuccessMessage.cs:12	13	login:string;accountTag:AccountTagInformation;accountId:int;communityId:byte;hasRights:bool;hasConsoleRight:bool;secretQuestion:string;accountCreation:double;subscriptionElapsedDuration:double;subscriptionEndDate:double;wasAlreadyConnected:bool;havenbagAvailableRoom:byte;isAccountForced:bool
IdentificationSuccessWithLoginTokenMessage	427	refs/GinyCore/Giny.Protocol/Messages/Connection/IdentificationSuccessWithLoginTokenMessage.cs:12	1	loginToken:string
MigratedServerListMessage	664	refs/GinyCore/Giny.Protocol/Messages/Connection/MigratedServerListMessage.cs:12	1	migratedServerIds:short[]
AccountLinkRequiredMessage	4034	refs/GinyCore/Giny.Protocol/Messages/Connection/Register/AccountLinkRequiredMessage.cs:12	0	
NicknameAcceptedMessage	6684	refs/GinyCore/Giny.Protocol/Messages/Connection/Register/NicknameAcceptedMessage.cs:12	0	
NicknameChoiceRequestMessage	8378	refs/GinyCore/Giny.Protocol/Messages/Connection/Register/NicknameChoiceRequestMessage.cs:12	1	nickname:string
NicknameRefusedMessage	7996	refs/GinyCore/Giny.Protocol/Messages/Connection/Register/NicknameRefusedMessage.cs:12	1	reason:byte
NicknameRegistrationMessage	9929	refs/GinyCore/Giny.Protocol/Messages/Connection/Register/NicknameRegistrationMessage.cs:12	0	
AcquaintanceSearchErrorMessage	8412	refs/GinyCore/Giny.Protocol/Messages/Connection/Search/AcquaintanceSearchErrorMessage.cs:12	1	reason:byte
AcquaintanceSearchMessage	2520	refs/GinyCore/Giny.Protocol/Messages/Connection/Search/AcquaintanceSearchMessage.cs:12	1	tag:AccountTagInformation
AcquaintanceServerListMessage	2372	refs/GinyCore/Giny.Protocol/Messages/Connection/Search/AcquaintanceServerListMessage.cs:12	1	servers:short[]
SelectedServerDataExtendedMessage	7776	refs/GinyCore/Giny.Protocol/Messages/Connection/SelectedServerDataExtendedMessage.cs:12	1	servers:GameServerInformations[]
SelectedServerDataMessage	9579	refs/GinyCore/Giny.Protocol/Messages/Connection/SelectedServerDataMessage.cs:12	5	serverId:short;address:string;ports:short[];canCreateNewCharacter:bool;ticket:byte[]
SelectedServerRefusedMessage	2315	refs/GinyCore/Giny.Protocol/Messages/Connection/SelectedServerRefusedMessage.cs:12	3	serverId:short;error:byte;serverStatus:byte
ServerSelectionMessage	8531	refs/GinyCore/Giny.Protocol/Messages/Connection/ServerSelectionMessage.cs:12	1	serverId:short
ServerStatusUpdateMessage	7668	refs/GinyCore/Giny.Protocol/Messages/Connection/ServerStatusUpdateMessage.cs:12	1	server:GameServerInformations
ServersListMessage	4863	refs/GinyCore/Giny.Protocol/Messages/Connection/ServersListMessage.cs:12	2	servers:GameServerInformations[];canCreateNewCharacter:bool
DebugClearHighlightCellsMessage	3285	refs/GinyCore/Giny.Protocol/Messages/Debug/DebugClearHighlightCellsMessage.cs:12	0	
DebugHighlightCellsMessage	7356	refs/GinyCore/Giny.Protocol/Messages/Debug/DebugHighlightCellsMessage.cs:12	2	color:double;cells:short[]
DebugInClientMessage	2158	refs/GinyCore/Giny.Protocol/Messages/Debug/DebugInClientMessage.cs:12	2	level:byte;message:string
DumpedEntityStatsMessage	120	refs/GinyCore/Giny.Protocol/Messages/Debug/DumpedEntityStatsMessage.cs:12	2	actorId:double;stats:CharacterCharacteristics
AchievementAlmostFinishedDetailedListMessage	133	refs/GinyCore/Giny.Protocol/Messages/Game/Achievement/AchievementAlmostFinishedDetailedListMessage.cs:12	1	almostFinishedAchievements:Achievement[]
AchievementAlmostFinishedDetailedListRequestMessage	7726	refs/GinyCore/Giny.Protocol/Messages/Game/Achievement/AchievementAlmostFinishedDetailedListRequestMessage.cs:12	0	
AchievementDetailedListMessage	8447	refs/GinyCore/Giny.Protocol/Messages/Game/Achievement/AchievementDetailedListMessage.cs:12	2	startedAchievements:Achievement[];finishedAchievements:Achievement[]
AchievementDetailedListRequestMessage	6918	refs/GinyCore/Giny.Protocol/Messages/Game/Achievement/AchievementDetailedListRequestMessage.cs:12	1	categoryId:short
AchievementDetailsMessage	7443	refs/GinyCore/Giny.Protocol/Messages/Game/Achievement/AchievementDetailsMessage.cs:12	1	achievement:Achievement
AchievementDetailsRequestMessage	4293	refs/GinyCore/Giny.Protocol/Messages/Game/Achievement/AchievementDetailsRequestMessage.cs:12	1	achievementId:short
AchievementFinishedInformationMessage	7708	refs/GinyCore/Giny.Protocol/Messages/Game/Achievement/AchievementFinishedInformationMessage.cs:12	2	name:string;playerId:long
AchievementFinishedMessage	6489	refs/GinyCore/Giny.Protocol/Messages/Game/Achievement/AchievementFinishedMessage.cs:12	1	achievement:AchievementAchievedRewardable
AchievementListMessage	9613	refs/GinyCore/Giny.Protocol/Messages/Game/Achievement/AchievementListMessage.cs:12	1	finishedAchievements:AchievementAchieved[]
AchievementRewardErrorMessage	5763	refs/GinyCore/Giny.Protocol/Messages/Game/Achievement/AchievementRewardErrorMessage.cs:12	1	achievementId:short
AchievementRewardRequestMessage	2838	refs/GinyCore/Giny.Protocol/Messages/Game/Achievement/AchievementRewardRequestMessage.cs:12	1	achievementId:short
AchievementRewardSuccessMessage	6364	refs/GinyCore/Giny.Protocol/Messages/Game/Achievement/AchievementRewardSuccessMessage.cs:12	1	achievementId:short
FriendGuildSetWarnOnAchievementCompleteMessage	5935	refs/GinyCore/Giny.Protocol/Messages/Game/Achievement/FriendGuildSetWarnOnAchievementCompleteMessage.cs:12	1	enable:bool
FriendGuildWarnOnAchievementCompleteStateMessage	7354	refs/GinyCore/Giny.Protocol/Messages/Game/Achievement/FriendGuildWarnOnAchievementCompleteStateMessage.cs:12	1	enable:bool
AbstractGameActionMessage	9188	refs/GinyCore/Giny.Protocol/Messages/Game/Actions/AbstractGameActionMessage.cs:12	2	actionId:short;sourceId:double
AbstractGameActionWithAckMessage	8218	refs/GinyCore/Giny.Protocol/Messages/Game/Actions/AbstractGameActionWithAckMessage.cs:12	1	waitAckId:short
AbstractGameActionFightTargetedAbilityMessage	1710	refs/GinyCore/Giny.Protocol/Messages/Game/Actions/Fight/AbstractGameActionFightTargetedAbilityMessage.cs:12	5	targetId:double;destinationCellId:short;critical:byte;silentCast:bool;verboseCast:bool
GameActionFightActivateGlyphTrapMessage	6444	refs/GinyCore/Giny.Protocol/Messages/Game/Actions/Fight/GameActionFightActivateGlyphTrapMessage.cs:12	2	markId:short;active:bool
GameActionFightCarryCharacterMessage	3830	refs/GinyCore/Giny.Protocol/Messages/Game/Actions/Fight/GameActionFightCarryCharacterMessage.cs:12	2	targetId:double;cellId:short
GameActionFightCastOnTargetRequestMessage	6062	refs/GinyCore/Giny.Protocol/Messages/Game/Actions/Fight/GameActionFightCastOnTargetRequestMessage.cs:12	2	spellId:short;targetId:double
GameActionFightCastRequestMessage	1857	refs/GinyCore/Giny.Protocol/Messages/Game/Actions/Fight/GameActionFightCastRequestMessage.cs:12	2	spellId:short;cellId:short
GameActionFightChangeLookMessage	250	refs/GinyCore/Giny.Protocol/Messages/Game/Actions/Fight/GameActionFightChangeLookMessage.cs:12	2	targetId:double;entityLook:EntityLook
GameActionFightCloseCombatMessage	8107	refs/GinyCore/Giny.Protocol/Messages/Game/Actions/Fight/GameActionFightCloseCombatMessage.cs:12	1	weaponGenericId:short
GameActionFightDeathMessage	5191	refs/GinyCore/Giny.Protocol/Messages/Game/Actions/Fight/GameActionFightDeathMessage.cs:12	1	targetId:double
GameActionFightDispellEffectMessage	3255	refs/GinyCore/Giny.Protocol/Messages/Game/Actions/Fight/GameActionFightDispellEffectMessage.cs:12	1	boostUID:int
GameActionFightDispellMessage	8988	refs/GinyCore/Giny.Protocol/Messages/Game/Actions/Fight/GameActionFightDispellMessage.cs:12	2	targetId:double;verboseCast:bool
GameActionFightDispellSpellMessage	6072	refs/GinyCore/Giny.Protocol/Messages/Game/Actions/Fight/GameActionFightDispellSpellMessage.cs:12	1	spellId:short
GameActionFightDispellableEffectMessage	1706	refs/GinyCore/Giny.Protocol/Messages/Game/Actions/Fight/GameActionFightDispellableEffectMessage.cs:12	1	effect:AbstractFightDispellableEffect
GameActionFightDodgePointLossMessage	948	refs/GinyCore/Giny.Protocol/Messages/Game/Actions/Fight/GameActionFightDodgePointLossMessage.cs:12	2	targetId:double;amount:short
GameActionFightDropCharacterMessage	249	refs/GinyCore/Giny.Protocol/Messages/Game/Actions/Fight/GameActionFightDropCharacterMessage.cs:12	2	targetId:double;cellId:short
GameActionFightExchangePositionsMessage	7475	refs/GinyCore/Giny.Protocol/Messages/Game/Actions/Fight/GameActionFightExchangePositionsMessage.cs:12	3	targetId:double;casterCellId:short;targetCellId:short
GameActionFightInvisibilityMessage	2092	refs/GinyCore/Giny.Protocol/Messages/Game/Actions/Fight/GameActionFightInvisibilityMessage.cs:12	2	targetId:double;state:byte
GameActionFightInvisibleDetectedMessage	7986	refs/GinyCore/Giny.Protocol/Messages/Game/Actions/Fight/GameActionFightInvisibleDetectedMessage.cs:12	2	targetId:double;cellId:short
GameActionFightKillMessage	5733	refs/GinyCore/Giny.Protocol/Messages/Game/Actions/Fight/GameActionFightKillMessage.cs:12	1	targetId:double
GameActionFightLifeAndShieldPointsLostMessage	894	refs/GinyCore/Giny.Protocol/Messages/Game/Actions/Fight/GameActionFightLifeAndShieldPointsLostMessage.cs:12	1	shieldLoss:short
GameActionFightLifePointsGainMessage	5194	refs/GinyCore/Giny.Protocol/Messages/Game/Actions/Fight/GameActionFightLifePointsGainMessage.cs:12	2	targetId:double;delta:int
GameActionFightLifePointsLostMessage	3628	refs/GinyCore/Giny.Protocol/Messages/Game/Actions/Fight/GameActionFightLifePointsLostMessage.cs:12	4	targetId:double;loss:int;permanentDamages:int;elementId:int
GameActionFightMarkCellsMessage	6848	refs/GinyCore/Giny.Protocol/Messages/Game/Actions/Fight/GameActionFightMarkCellsMessage.cs:12	1	mark:GameActionMark
GameActionFightModifyEffectsDurationMessage	6083	refs/GinyCore/Giny.Protocol/Messages/Game/Actions/Fight/GameActionFightModifyEffectsDurationMessage.cs:12	2	targetId:double;delta:short
GameActionFightMultipleSummonMessage	6695	refs/GinyCore/Giny.Protocol/Messages/Game/Actions/Fight/GameActionFightMultipleSummonMessage.cs:12	1	summons:GameContextSummonsInformation[]
GameActionFightNoSpellCastMessage	5692	refs/GinyCore/Giny.Protocol/Messages/Game/Actions/Fight/GameActionFightNoSpellCastMessage.cs:12	1	spellLevelId:int
GameActionFightPointsVariationMessage	272	refs/GinyCore/Giny.Protocol/Messages/Game/Actions/Fight/GameActionFightPointsVariationMessage.cs:12	2	targetId:double;delta:short
GameActionFightReduceDamagesMessage	6282	refs/GinyCore/Giny.Protocol/Messages/Game/Actions/Fight/GameActionFightReduceDamagesMessage.cs:12	2	targetId:double;amount:int
GameActionFightReflectDamagesMessage	9762	refs/GinyCore/Giny.Protocol/Messages/Game/Actions/Fight/GameActionFightReflectDamagesMessage.cs:12	1	targetId:double
GameActionFightReflectSpellMessage	7760	refs/GinyCore/Giny.Protocol/Messages/Game/Actions/Fight/GameActionFightReflectSpellMessage.cs:12	1	targetId:double
GameActionFightSlideMessage	2323	refs/GinyCore/Giny.Protocol/Messages/Game/Actions/Fight/GameActionFightSlideMessage.cs:12	3	targetId:double;startCellId:short;endCellId:short
GameActionFightSpellCastMessage	65	refs/GinyCore/Giny.Protocol/Messages/Game/Actions/Fight/GameActionFightSpellCastMessage.cs:12	3	spellId:short;spellLevel:short;portalsIds:short[]
GameActionFightSpellCooldownVariationMessage	1571	refs/GinyCore/Giny.Protocol/Messages/Game/Actions/Fight/GameActionFightSpellCooldownVariationMessage.cs:12	3	targetId:double;spellId:short;value:short
GameActionFightSpellImmunityMessage	7073	refs/GinyCore/Giny.Protocol/Messages/Game/Actions/Fight/GameActionFightSpellImmunityMessage.cs:12	2	targetId:double;spellId:short
GameActionFightStealKamaMessage	5660	refs/GinyCore/Giny.Protocol/Messages/Game/Actions/Fight/GameActionFightStealKamaMessage.cs:12	2	targetId:double;amount:long
GameActionFightSummonMessage	2897	refs/GinyCore/Giny.Protocol/Messages/Game/Actions/Fight/GameActionFightSummonMessage.cs:12	1	summons:GameFightFighterInformations[]
GameActionFightTackledMessage	3891	refs/GinyCore/Giny.Protocol/Messages/Game/Actions/Fight/GameActionFightTackledMessage.cs:12	1	tacklersIds:double[]
GameActionFightTeleportOnSameMapMessage	3745	refs/GinyCore/Giny.Protocol/Messages/Game/Actions/Fight/GameActionFightTeleportOnSameMapMessage.cs:12	2	targetId:double;cellId:short
GameActionFightThrowCharacterMessage	7724	refs/GinyCore/Giny.Protocol/Messages/Game/Actions/Fight/GameActionFightThrowCharacterMessage.cs:12	2	targetId:double;cellId:short
GameActionFightTriggerEffectMessage	6678	refs/GinyCore/Giny.Protocol/Messages/Game/Actions/Fight/GameActionFightTriggerEffectMessage.cs:12	0	
GameActionFightTriggerGlyphTrapMessage	7749	refs/GinyCore/Giny.Protocol/Messages/Game/Actions/Fight/GameActionFightTriggerGlyphTrapMessage.cs:12	4	markId:short;markImpactCell:short;triggeringCharacterId:double;triggeredSpellId:short
GameActionFightUnmarkCellsMessage	8111	refs/GinyCore/Giny.Protocol/Messages/Game/Actions/Fight/GameActionFightUnmarkCellsMessage.cs:12	1	markId:short
GameActionFightVanishMessage	7630	refs/GinyCore/Giny.Protocol/Messages/Game/Actions/Fight/GameActionFightVanishMessage.cs:12	1	targetId:double
GameActionUpdateEffectTriggerCountMessage	5582	refs/GinyCore/Giny.Protocol/Messages/Game/Actions/Fight/GameActionUpdateEffectTriggerCountMessage.cs:12	1	targetIds:GameFightEffectTriggerCount[]
GameActionAcknowledgementMessage	2893	refs/GinyCore/Giny.Protocol/Messages/Game/Actions/GameActionAcknowledgementMessage.cs:12	2	valid:bool;actionId:byte
GameActionNoopMessage	1148	refs/GinyCore/Giny.Protocol/Messages/Game/Actions/GameActionNoopMessage.cs:12	0	
GameActionSpamMessage	9175	refs/GinyCore/Giny.Protocol/Messages/Game/Actions/GameActionSpamMessage.cs:12	1	cells:short[]
SequenceEndMessage	280	refs/GinyCore/Giny.Protocol/Messages/Game/Actions/Sequence/SequenceEndMessage.cs:12	3	actionId:short;authorId:double;sequenceType:byte
SequenceStartMessage	1744	refs/GinyCore/Giny.Protocol/Messages/Game/Actions/Sequence/SequenceStartMessage.cs:12	2	sequenceType:byte;authorId:double
AllianceBulletinMessage	661	refs/GinyCore/Giny.Protocol/Messages/Game/Alliance/AllianceBulletinMessage.cs:12	0	
AllianceBulletinSetErrorMessage	3851	refs/GinyCore/Giny.Protocol/Messages/Game/Alliance/AllianceBulletinSetErrorMessage.cs:12	0	
AllianceBulletinSetRequestMessage	8339	refs/GinyCore/Giny.Protocol/Messages/Game/Alliance/AllianceBulletinSetRequestMessage.cs:12	2	content:string;notifyMembers:bool
AllianceChangeGuildRightsMessage	6091	refs/GinyCore/Giny.Protocol/Messages/Game/Alliance/AllianceChangeGuildRightsMessage.cs:12	2	guildId:int;rights:byte
AllianceCreationResultMessage	5159	refs/GinyCore/Giny.Protocol/Messages/Game/Alliance/AllianceCreationResultMessage.cs:12	1	result:byte
AllianceCreationStartedMessage	5968	refs/GinyCore/Giny.Protocol/Messages/Game/Alliance/AllianceCreationStartedMessage.cs:12	0	
AllianceCreationValidMessage	6054	refs/GinyCore/Giny.Protocol/Messages/Game/Alliance/AllianceCreationValidMessage.cs:12	3	allianceName:string;allianceTag:string;allianceEmblem:GuildEmblem
AllianceFactsErrorMessage	6181	refs/GinyCore/Giny.Protocol/Messages/Game/Alliance/AllianceFactsErrorMessage.cs:12	1	allianceId:int
AllianceFactsMessage	7769	refs/GinyCore/Giny.Protocol/Messages/Game/Alliance/AllianceFactsMessage.cs:12	5	infos:AllianceFactSheetInformations;guilds:GuildInAllianceInformations[];controlledSubareaIds:short[];leaderCharacterId:long;leaderCharacterName:string
AllianceFactsRequestMessage	1439	refs/GinyCore/Giny.Protocol/Messages/Game/Alliance/AllianceFactsRequestMessage.cs:12	1	allianceId:int
AllianceGuildLeavingMessage	5586	refs/GinyCore/Giny.Protocol/Messages/Game/Alliance/AllianceGuildLeavingMessage.cs:12	2	kicked:bool;guildId:int
AllianceInsiderInfoMessage	1950	refs/GinyCore/Giny.Protocol/Messages/Game/Alliance/AllianceInsiderInfoMessage.cs:12	3	allianceInfos:AllianceFactSheetInformations;guilds:GuildInsiderFactSheetInformations[];prisms:PrismSubareaEmptyInfo[]
AllianceInsiderInfoRequestMessage	5839	refs/GinyCore/Giny.Protocol/Messages/Game/Alliance/AllianceInsiderInfoRequestMessage.cs:12	0	
AllianceInvitationAnswerMessage	4127	refs/GinyCore/Giny.Protocol/Messages/Game/Alliance/AllianceInvitationAnswerMessage.cs:12	1	accept:bool
AllianceInvitationMessage	9860	refs/GinyCore/Giny.Protocol/Messages/Game/Alliance/AllianceInvitationMessage.cs:12	1	targetId:long
AllianceInvitationStateRecrutedMessage	9943	refs/GinyCore/Giny.Protocol/Messages/Game/Alliance/AllianceInvitationStateRecrutedMessage.cs:12	1	invitationState:byte
AllianceInvitationStateRecruterMessage	5885	refs/GinyCore/Giny.Protocol/Messages/Game/Alliance/AllianceInvitationStateRecruterMessage.cs:12	2	recrutedName:string;invitationState:byte
AllianceInvitedMessage	4726	refs/GinyCore/Giny.Protocol/Messages/Game/Alliance/AllianceInvitedMessage.cs:12	3	recruterId:long;recruterName:string;allianceInfo:BasicNamedAllianceInformations
AllianceJoinedMessage	8742	refs/GinyCore/Giny.Protocol/Messages/Game/Alliance/AllianceJoinedMessage.cs:12	3	allianceInfo:AllianceInformations;enabled:bool;leadingGuildId:int
AllianceKickRequestMessage	2717	refs/GinyCore/Giny.Protocol/Messages/Game/Alliance/AllianceKickRequestMessage.cs:12	1	kickedId:int
AllianceLeftMessage	6833	refs/GinyCore/Giny.Protocol/Messages/Game/Alliance/AllianceLeftMessage.cs:12	0	
AllianceListMessage	8557	refs/GinyCore/Giny.Protocol/Messages/Game/Alliance/AllianceListMessage.cs:12	1	alliances:AllianceFactSheetInformations[]
AllianceMembershipMessage	4163	refs/GinyCore/Giny.Protocol/Messages/Game/Alliance/AllianceMembershipMessage.cs:12	0	
AllianceModificationEmblemValidMessage	7588	refs/GinyCore/Giny.Protocol/Messages/Game/Alliance/AllianceModificationEmblemValidMessage.cs:12	1	Alliancemblem:GuildEmblem
AllianceModificationNameAndTagValidMessage	1131	refs/GinyCore/Giny.Protocol/Messages/Game/Alliance/AllianceModificationNameAndTagValidMessage.cs:12	2	allianceName:string;allianceTag:string
AllianceModificationStartedMessage	8279	refs/GinyCore/Giny.Protocol/Messages/Game/Alliance/AllianceModificationStartedMessage.cs:12	3	canChangeName:bool;canChangeTag:bool;canChangeEmblem:bool
AllianceModificationValidMessage	2712	refs/GinyCore/Giny.Protocol/Messages/Game/Alliance/AllianceModificationValidMessage.cs:12	3	allianceName:string;allianceTag:string;Alliancemblem:GuildEmblem
AllianceMotdMessage	9564	refs/GinyCore/Giny.Protocol/Messages/Game/Alliance/AllianceMotdMessage.cs:12	0	
AllianceMotdSetErrorMessage	2004	refs/GinyCore/Giny.Protocol/Messages/Game/Alliance/AllianceMotdSetErrorMessage.cs:12	0	
AllianceMotdSetRequestMessage	1591	refs/GinyCore/Giny.Protocol/Messages/Game/Alliance/AllianceMotdSetRequestMessage.cs:12	1	content:string
AlliancePartialListMessage	822	refs/GinyCore/Giny.Protocol/Messages/Game/Alliance/AlliancePartialListMessage.cs:12	0	
KohUpdateMessage	8188	refs/GinyCore/Giny.Protocol/Messages/Game/Alliance/KohUpdateMessage.cs:12	8	alliances:AllianceInformations[];allianceNbMembers:short[];allianceRoundWeigth:int[];allianceMatchScore:byte[];allianceMapWinners:BasicAllianceInformations[];allianceMapWinnerScore:int;allianceMapMyAllianceScore:int;nextTickTime:double
AllianceSummaryMessage	172	refs/GinyCore/Giny.Protocol/Messages/Game/Alliance/Summary/AllianceSummaryMessage.cs:12	1	alliances:AllianceFactSheetInformations[]
AllianceSummaryRequestMessage	4135	refs/GinyCore/Giny.Protocol/Messages/Game/Alliance/Summary/AllianceSummaryRequestMessage.cs:12	5	nameFilter:string;tagFilter:string;playerNameFilter:string;sortType:byte;sortDescending:bool
AlmanachCalendarDateMessage	8752	refs/GinyCore/Giny.Protocol/Messages/Game/Almanach/AlmanachCalendarDateMessage.cs:12	1	date:int
AccountCapabilitiesMessage	4667	refs/GinyCore/Giny.Protocol/Messages/Game/Approach/AccountCapabilitiesMessage.cs:12	6	accountId:int;tutorialAvailable:bool;breedsVisible:int;breedsAvailable:int;status:byte;canCreateNewCharacter:bool
AccountLoggingKickedMessage	3647	refs/GinyCore/Giny.Protocol/Messages/Game/Approach/AccountLoggingKickedMessage.cs:12	3	days:short;hours:byte;minutes:byte
AlreadyConnectedMessage	6242	refs/GinyCore/Giny.Protocol/Messages/Game/Approach/AlreadyConnectedMessage.cs:12	0	
AuthenticationTicketAcceptedMessage	3733	refs/GinyCore/Giny.Protocol/Messages/Game/Approach/AuthenticationTicketAcceptedMessage.cs:12	0	
AuthenticationTicketMessage	6334	refs/GinyCore/Giny.Protocol/Messages/Game/Approach/AuthenticationTicketMessage.cs:12	2	lang:string;ticket:string
AuthenticationTicketRefusedMessage	7611	refs/GinyCore/Giny.Protocol/Messages/Game/Approach/AuthenticationTicketRefusedMessage.cs:12	0	
HelloGameMessage	8427	refs/GinyCore/Giny.Protocol/Messages/Game/Approach/HelloGameMessage.cs:12	0	
ReloginTokenRequestMessage	9853	refs/GinyCore/Giny.Protocol/Messages/Game/Approach/ReloginTokenRequestMessage.cs:12	0	
ReloginTokenStatusMessage	6325	refs/GinyCore/Giny.Protocol/Messages/Game/Approach/ReloginTokenStatusMessage.cs:12	2	validToken:bool;ticket:byte[]
ServerOptionalFeaturesMessage	7447	refs/GinyCore/Giny.Protocol/Messages/Game/Approach/ServerOptionalFeaturesMessage.cs:12	1	features:int[]
ServerSessionConstantsMessage	8249	refs/GinyCore/Giny.Protocol/Messages/Game/Approach/ServerSessionConstantsMessage.cs:12	1	variables:ServerSessionConstant[]
ServerSettingsMessage	1715	refs/GinyCore/Giny.Protocol/Messages/Game/Approach/ServerSettingsMessage.cs:12	7	lang:string;community:byte;gameType:byte;isMonoAccount:bool;arenaLeaveBanTime:short;itemMaxLevel:int;hasFreeAutopilot:bool
AtlasPointInformationsMessage	5051	refs/GinyCore/Giny.Protocol/Messages/Game/Atlas/AtlasPointInformationsMessage.cs:12	1	type:AtlasPointsInformations
CompassResetMessage	8958	refs/GinyCore/Giny.Protocol/Messages/Game/Atlas/Compass/CompassResetMessage.cs:12	1	type:byte
CompassUpdateMessage	1473	refs/GinyCore/Giny.Protocol/Messages/Game/Atlas/Compass/CompassUpdateMessage.cs:12	2	type:byte;coords:MapCoordinates
CompassUpdatePartyMemberMessage	598	refs/GinyCore/Giny.Protocol/Messages/Game/Atlas/Compass/CompassUpdatePartyMemberMessage.cs:12	2	memberId:long;active:bool
CompassUpdatePvpSeekMessage	8299	refs/GinyCore/Giny.Protocol/Messages/Game/Atlas/Compass/CompassUpdatePvpSeekMessage.cs:12	2	memberId:long;memberName:string
BasicAckMessage	8655	refs/GinyCore/Giny.Protocol/Messages/Game/Basic/BasicAckMessage.cs:12	2	seq:int;lastPacketId:short
BasicDateMessage	4573	refs/GinyCore/Giny.Protocol/Messages/Game/Basic/BasicDateMessage.cs:12	3	day:byte;month:byte;year:short
BasicLatencyStatsMessage	7345	refs/GinyCore/Giny.Protocol/Messages/Game/Basic/BasicLatencyStatsMessage.cs:12	3	latency:short;sampleCount:short;max:short
BasicLatencyStatsRequestMessage	1347	refs/GinyCore/Giny.Protocol/Messages/Game/Basic/BasicLatencyStatsRequestMessage.cs:12	0	
BasicNoOperationMessage	6422	refs/GinyCore/Giny.Protocol/Messages/Game/Basic/BasicNoOperationMessage.cs:12	0	
BasicTimeMessage	430	refs/GinyCore/Giny.Protocol/Messages/Game/Basic/BasicTimeMessage.cs:12	2	timestamp:double;timezoneOffset:short
BasicWhoAmIRequestMessage	3187	refs/GinyCore/Giny.Protocol/Messages/Game/Basic/BasicWhoAmIRequestMessage.cs:12	1	verbose:bool
BasicWhoIsMessage	3406	refs/GinyCore/Giny.Protocol/Messages/Game/Basic/BasicWhoIsMessage.cs:12	12	self:bool;position:byte;accountTag:AccountTagInformation;accountId:int;playerName:string;playerId:long;areaId:short;serverId:short;originServerId:short;socialGroups:AbstractSocialGroupInfos[];verbose:bool;playerState:byte
BasicWhoIsNoMatchMessage	8285	refs/GinyCore/Giny.Protocol/Messages/Game/Basic/BasicWhoIsNoMatchMessage.cs:12	1	target:AbstractPlayerSearchInformation
BasicWhoIsRequestMessage	3721	refs/GinyCore/Giny.Protocol/Messages/Game/Basic/BasicWhoIsRequestMessage.cs:12	2	verbose:bool;target:AbstractPlayerSearchInformation
CurrentServerStatusUpdateMessage	38	refs/GinyCore/Giny.Protocol/Messages/Game/Basic/CurrentServerStatusUpdateMessage.cs:12	1	status:byte
NumericWhoIsMessage	7063	refs/GinyCore/Giny.Protocol/Messages/Game/Basic/NumericWhoIsMessage.cs:12	2	playerId:long;accountId:int
NumericWhoIsRequestMessage	6502	refs/GinyCore/Giny.Protocol/Messages/Game/Basic/NumericWhoIsRequestMessage.cs:12	1	playerId:long
SequenceNumberMessage	116	refs/GinyCore/Giny.Protocol/Messages/Game/Basic/SequenceNumberMessage.cs:12	1	number:short
SequenceNumberRequestMessage	3240	refs/GinyCore/Giny.Protocol/Messages/Game/Basic/SequenceNumberRequestMessage.cs:12	0	
TextInformationMessage	6875	refs/GinyCore/Giny.Protocol/Messages/Game/Basic/TextInformationMessage.cs:12	3	msgType:byte;msgId:short;parameters:string[]
AlignmentWarEffortDonatePreviewMessage	9897	refs/GinyCore/Giny.Protocol/Messages/Game/Character/Alignment/War/Effort/AlignmentWarEffortDonatePreviewMessage.cs:12	1	xp:double
AlignmentWarEffortDonateRequestMessage	6956	refs/GinyCore/Giny.Protocol/Messages/Game/Character/Alignment/War/Effort/AlignmentWarEffortDonateRequestMessage.cs:12	1	donation:long
AlignmentWarEffortDonationResultMessage	9607	refs/GinyCore/Giny.Protocol/Messages/Game/Character/Alignment/War/Effort/AlignmentWarEffortDonationResultMessage.cs:12	1	result:byte
CharacterAlignmentWarEffortProgressionMessage	3065	refs/GinyCore/Giny.Protocol/Messages/Game/Character/Alignment/War/Effort/CharacterAlignmentWarEffortProgressionMessage.cs:12	3	alignmentWarEffortDailyLimit:long;alignmentWarEffortDailyDonation:long;alignmentWarEffortPersonalDonation:long
CharacterAlignmentWarEffortProgressionRequestMessage	6884	refs/GinyCore/Giny.Protocol/Messages/Game/Character/Alignment/War/Effort/CharacterAlignmentWarEffortProgressionRequestMessage.cs:12	0	
BasicCharactersListMessage	3971	refs/GinyCore/Giny.Protocol/Messages/Game/Character/Choice/BasicCharactersListMessage.cs:12	1	characters:CharacterBaseInformations[]
CharacterFirstSelectionMessage	3427	refs/GinyCore/Giny.Protocol/Messages/Game/Character/Choice/CharacterFirstSelectionMessage.cs:12	1	doTutorial:bool
CharacterReplayWithRemodelRequestMessage	9757	refs/GinyCore/Giny.Protocol/Messages/Game/Character/Choice/CharacterReplayWithRemodelRequestMessage.cs:12	1	remodel:RemodelingInformation
CharacterSelectedErrorMessage	9040	refs/GinyCore/Giny.Protocol/Messages/Game/Character/Choice/CharacterSelectedErrorMessage.cs:12	0	
CharacterSelectedForceMessage	3302	refs/GinyCore/Giny.Protocol/Messages/Game/Character/Choice/CharacterSelectedForceMessage.cs:12	1	id:int
CharacterSelectedForceReadyMessage	7044	refs/GinyCore/Giny.Protocol/Messages/Game/Character/Choice/CharacterSelectedForceReadyMessage.cs:12	0	
CharacterSelectedSuccessMessage	2878	refs/GinyCore/Giny.Protocol/Messages/Game/Character/Choice/CharacterSelectedSuccessMessage.cs:12	2	infos:CharacterBaseInformations;isCollectingStats:bool
CharacterSelectionMessage	5833	refs/GinyCore/Giny.Protocol/Messages/Game/Character/Choice/CharacterSelectionMessage.cs:12	1	id:long
CharacterSelectionWithRemodelMessage	772	refs/GinyCore/Giny.Protocol/Messages/Game/Character/Choice/CharacterSelectionWithRemodelMessage.cs:12	1	remodel:RemodelingInformation
CharactersListErrorMessage	6788	refs/GinyCore/Giny.Protocol/Messages/Game/Character/Choice/CharactersListErrorMessage.cs:12	0	
CharactersListMessage	7382	refs/GinyCore/Giny.Protocol/Messages/Game/Character/Choice/CharactersListMessage.cs:12	1	hasStartupActions:bool
CharactersListRequestMessage	9128	refs/GinyCore/Giny.Protocol/Messages/Game/Character/Choice/CharactersListRequestMessage.cs:12	0	
CharactersListWithRemodelingMessage	6666	refs/GinyCore/Giny.Protocol/Messages/Game/Character/Choice/CharactersListWithRemodelingMessage.cs:12	1	charactersToRemodel:CharacterToRemodelInformations[]
CharacterCanBeCreatedRequestMessage	7455	refs/GinyCore/Giny.Protocol/Messages/Game/Character/Creation/CharacterCanBeCreatedRequestMessage.cs:12	0	
CharacterCanBeCreatedResultMessage	6756	refs/GinyCore/Giny.Protocol/Messages/Game/Character/Creation/CharacterCanBeCreatedResultMessage.cs:12	1	yesYouCan:bool
CharacterCreationRequestMessage	9740	refs/GinyCore/Giny.Protocol/Messages/Game/Character/Creation/CharacterCreationRequestMessage.cs:12	5	name:string;breed:byte;sex:bool;colors:int[];cosmeticId:short
CharacterCreationResultMessage	8035	refs/GinyCore/Giny.Protocol/Messages/Game/Character/Creation/CharacterCreationResultMessage.cs:12	1	result:byte
CharacterNameSuggestionFailureMessage	527	refs/GinyCore/Giny.Protocol/Messages/Game/Character/Creation/CharacterNameSuggestionFailureMessage.cs:12	1	reason:byte
CharacterNameSuggestionRequestMessage	3953	refs/GinyCore/Giny.Protocol/Messages/Game/Character/Creation/CharacterNameSuggestionRequestMessage.cs:12	0	
CharacterNameSuggestionSuccessMessage	9366	refs/GinyCore/Giny.Protocol/Messages/Game/Character/Creation/CharacterNameSuggestionSuccessMessage.cs:12	1	suggestion:string
DebtsDeleteMessage	9246	refs/GinyCore/Giny.Protocol/Messages/Game/Character/Debt/DebtsDeleteMessage.cs:12	2	reason:byte;debts:double[]
DebtsUpdateMessage	7615	refs/GinyCore/Giny.Protocol/Messages/Game/Character/Debt/DebtsUpdateMessage.cs:12	2	action:byte;debts:DebtInformation[]
CharacterDeletionErrorMessage	3567	refs/GinyCore/Giny.Protocol/Messages/Game/Character/Deletion/CharacterDeletionErrorMessage.cs:12	1	reason:byte
CharacterDeletionRequestMessage	4005	refs/GinyCore/Giny.Protocol/Messages/Game/Character/Deletion/CharacterDeletionRequestMessage.cs:12	2	characterId:long;secretAnswerHash:string
CharacterReplayRequestMessage	3168	refs/GinyCore/Giny.Protocol/Messages/Game/Character/Replay/CharacterReplayRequestMessage.cs:12	1	characterId:long
ForgettableSpellClientActionMessage	1079	refs/GinyCore/Giny.Protocol/Messages/Game/Character/Spell/Forgettable/ForgettableSpellClientActionMessage.cs:12	2	spellId:int;action:byte
ForgettableSpellDeleteMessage	3832	refs/GinyCore/Giny.Protocol/Messages/Game/Character/Spell/Forgettable/ForgettableSpellDeleteMessage.cs:12	2	reason:byte;spells:int[]
ForgettableSpellEquipmentSlotsMessage	5735	refs/GinyCore/Giny.Protocol/Messages/Game/Character/Spell/Forgettable/ForgettableSpellEquipmentSlotsMessage.cs:12	1	quantity:short
ForgettableSpellListUpdateMessage	584	refs/GinyCore/Giny.Protocol/Messages/Game/Character/Spell/Forgettable/ForgettableSpellListUpdateMessage.cs:12	2	action:byte;spells:ForgettableSpellItem[]
CharacterExperienceGainMessage	1383	refs/GinyCore/Giny.Protocol/Messages/Game/Character/Stats/CharacterExperienceGainMessage.cs:12	4	experienceCharacter:long;experienceMount:long;experienceGuild:long;experienceIncarnation:long
CharacterLevelUpInformationMessage	9230	refs/GinyCore/Giny.Protocol/Messages/Game/Character/Stats/CharacterLevelUpInformationMessage.cs:12	2	name:string;id:long
CharacterLevelUpMessage	2813	refs/GinyCore/Giny.Protocol/Messages/Game/Character/Stats/CharacterLevelUpMessage.cs:12	1	newLevel:short
CharacterStatsListMessage	5547	refs/GinyCore/Giny.Protocol/Messages/Game/Character/Stats/CharacterStatsListMessage.cs:12	1	stats:CharacterCharacteristicsInformations
FighterStatsListMessage	2371	refs/GinyCore/Giny.Protocol/Messages/Game/Character/Stats/FighterStatsListMessage.cs:12	1	stats:CharacterCharacteristicsInformations
LifePointsRegenBeginMessage	2365	refs/GinyCore/Giny.Protocol/Messages/Game/Character/Stats/LifePointsRegenBeginMessage.cs:12	1	regenRate:byte
LifePointsRegenEndMessage	494	refs/GinyCore/Giny.Protocol/Messages/Game/Character/Stats/LifePointsRegenEndMessage.cs:12	1	lifePointsGained:int
ResetCharacterStatsRequestMessage	9712	refs/GinyCore/Giny.Protocol/Messages/Game/Character/Stats/ResetCharacterStatsRequestMessage.cs:12	0	
UpdateLifePointsMessage	8920	refs/GinyCore/Giny.Protocol/Messages/Game/Character/Stats/UpdateLifePointsMessage.cs:12	2	lifePoints:int;maxLifePoints:int
UpdateSpellModifierMessage	9587	refs/GinyCore/Giny.Protocol/Messages/Game/Character/Stats/UpdateSpellModifierMessage.cs:12	2	actorId:double;spellModifier:CharacterSpellModification
PlayerStatusUpdateErrorMessage	1170	refs/GinyCore/Giny.Protocol/Messages/Game/Character/Status/PlayerStatusUpdateErrorMessage.cs:12	0	
PlayerStatusUpdateMessage	6964	refs/GinyCore/Giny.Protocol/Messages/Game/Character/Status/PlayerStatusUpdateMessage.cs:12	3	accountId:int;playerId:long;status:PlayerStatus
PlayerStatusUpdateRequestMessage	27	refs/GinyCore/Giny.Protocol/Messages/Game/Character/Status/PlayerStatusUpdateRequestMessage.cs:12	1	status:PlayerStatus
ChannelEnablingChangeMessage	9894	refs/GinyCore/Giny.Protocol/Messages/Game/Chat/Channel/ChannelEnablingChangeMessage.cs:12	2	channel:byte;enable:bool
ChannelEnablingMessage	5157	refs/GinyCore/Giny.Protocol/Messages/Game/Chat/Channel/ChannelEnablingMessage.cs:12	2	channel:byte;enable:bool
EnabledChannelsMessage	9741	refs/GinyCore/Giny.Protocol/Messages/Game/Chat/Channel/EnabledChannelsMessage.cs:12	2	channels:byte[];disallowed:byte[]
ChatAbstractClientMessage	9074	refs/GinyCore/Giny.Protocol/Messages/Game/Chat/ChatAbstractClientMessage.cs:12	1	content:string
ChatAbstractServerMessage	8034	refs/GinyCore/Giny.Protocol/Messages/Game/Chat/ChatAbstractServerMessage.cs:12	4	channel:byte;content:string;timestamp:int;fingerprint:string
ChatAdminServerMessage	6906	refs/GinyCore/Giny.Protocol/Messages/Game/Chat/ChatAdminServerMessage.cs:12	0	
ChatClientMultiMessage	9499	refs/GinyCore/Giny.Protocol/Messages/Game/Chat/ChatClientMultiMessage.cs:12	1	channel:byte
ChatClientMultiWithObjectMessage	4323	refs/GinyCore/Giny.Protocol/Messages/Game/Chat/ChatClientMultiWithObjectMessage.cs:12	1	objects:ObjectItem[]
ChatClientPrivateMessage	9337	refs/GinyCore/Giny.Protocol/Messages/Game/Chat/ChatClientPrivateMessage.cs:12	1	receiver:AbstractPlayerSearchInformation
ChatClientPrivateWithObjectMessage	1998	refs/GinyCore/Giny.Protocol/Messages/Game/Chat/ChatClientPrivateWithObjectMessage.cs:12	1	objects:ObjectItem[]
ChatErrorMessage	3972	refs/GinyCore/Giny.Protocol/Messages/Game/Chat/ChatErrorMessage.cs:12	1	reason:byte
ChatKolizeumServerMessage	1773	refs/GinyCore/Giny.Protocol/Messages/Game/Chat/ChatKolizeumServerMessage.cs:12	1	originServerId:short
ChatServerCopyMessage	5300	refs/GinyCore/Giny.Protocol/Messages/Game/Chat/ChatServerCopyMessage.cs:12	2	receiverId:long;receiverName:string
ChatServerCopyWithObjectMessage	500	refs/GinyCore/Giny.Protocol/Messages/Game/Chat/ChatServerCopyWithObjectMessage.cs:12	1	objects:ObjectItem[]
ChatServerMessage	373	refs/GinyCore/Giny.Protocol/Messages/Game/Chat/ChatServerMessage.cs:12	4	senderId:double;senderName:string;prefix:string;senderAccountId:int
ChatServerWithObjectMessage	3160	refs/GinyCore/Giny.Protocol/Messages/Game/Chat/ChatServerWithObjectMessage.cs:12	1	objects:ObjectItem[]
ChatCommunityChannelCommunityMessage	7168	refs/GinyCore/Giny.Protocol/Messages/Game/Chat/Community/ChatCommunityChannelCommunityMessage.cs:12	1	communityId:short
ChatCommunityChannelSetCommunityRequestMessage	4907	refs/GinyCore/Giny.Protocol/Messages/Game/Chat/Community/ChatCommunityChannelSetCommunityRequestMessage.cs:12	1	communityId:short
ChatSmileyExtraPackListMessage	1279	refs/GinyCore/Giny.Protocol/Messages/Game/Chat/Smiley/ChatSmileyExtraPackListMessage.cs:12	1	packIds:byte[]
ChatSmileyMessage	1197	refs/GinyCore/Giny.Protocol/Messages/Game/Chat/Smiley/ChatSmileyMessage.cs:12	3	entityId:double;smileyId:short;accountId:int
ChatSmileyRequestMessage	943	refs/GinyCore/Giny.Protocol/Messages/Game/Chat/Smiley/ChatSmileyRequestMessage.cs:12	1	smileyId:short
LocalizedChatSmileyMessage	5993	refs/GinyCore/Giny.Protocol/Messages/Game/Chat/Smiley/LocalizedChatSmileyMessage.cs:12	1	cellId:short
MoodSmileyRequestMessage	8203	refs/GinyCore/Giny.Protocol/Messages/Game/Chat/Smiley/MoodSmileyRequestMessage.cs:12	1	smileyId:short
MoodSmileyResultMessage	6863	refs/GinyCore/Giny.Protocol/Messages/Game/Chat/Smiley/MoodSmileyResultMessage.cs:12	2	resultCode:byte;smileyId:short
MoodSmileyUpdateMessage	6990	refs/GinyCore/Giny.Protocol/Messages/Game/Chat/Smiley/MoodSmileyUpdateMessage.cs:12	3	accountId:int;playerId:long;smileyId:short
DisplayNumericalValuePaddockMessage	5321	refs/GinyCore/Giny.Protocol/Messages/Game/Context/Display/DisplayNumericalValuePaddockMessage.cs:12	3	rideId:int;value:int;type:byte
DungeonKeyRingMessage	8007	refs/GinyCore/Giny.Protocol/Messages/Game/Context/Dungeon/DungeonKeyRingMessage.cs:12	2	availables:short[];unavailables:short[]
DungeonKeyRingUpdateMessage	6572	refs/GinyCore/Giny.Protocol/Messages/Game/Context/Dungeon/DungeonKeyRingUpdateMessage.cs:12	2	dungeonId:short;available:bool
ArenaFighterIdleMessage	5129	refs/GinyCore/Giny.Protocol/Messages/Game/Context/Fight/Arena/ArenaFighterIdleMessage.cs:12	0	
ArenaFighterLeaveMessage	8201	refs/GinyCore/Giny.Protocol/Messages/Game/Context/Fight/Arena/ArenaFighterLeaveMessage.cs:12	1	leaver:CharacterBasicMinimalInformations
BreachGameFightEndMessage	1483	refs/GinyCore/Giny.Protocol/Messages/Game/Context/Fight/Breach/BreachGameFightEndMessage.cs:12	1	budget:int
ChallengeInfoMessage	5420	refs/GinyCore/Giny.Protocol/Messages/Game/Context/Fight/Challenge/ChallengeInfoMessage.cs:12	4	challengeId:short;targetId:double;xpBonus:int;dropBonus:int
ChallengeResultMessage	7931	refs/GinyCore/Giny.Protocol/Messages/Game/Context/Fight/Challenge/ChallengeResultMessage.cs:12	2	challengeId:short;success:bool
ChallengeTargetUpdateMessage	748	refs/GinyCore/Giny.Protocol/Messages/Game/Context/Fight/Challenge/ChallengeTargetUpdateMessage.cs:12	2	challengeId:short;targetId:double
ChallengeTargetsListMessage	1506	refs/GinyCore/Giny.Protocol/Messages/Game/Context/Fight/Challenge/ChallengeTargetsListMessage.cs:12	2	targetIds:double[];targetCells:short[]
ChallengeTargetsListRequestMessage	8620	refs/GinyCore/Giny.Protocol/Messages/Game/Context/Fight/Challenge/ChallengeTargetsListRequestMessage.cs:12	1	challengeId:short
GameFightRefreshFighterMessage	8487	refs/GinyCore/Giny.Protocol/Messages/Game/Context/Fight/Character/GameFightRefreshFighterMessage.cs:12	1	informations:GameContextActorInformations
GameFightShowFighterMessage	3785	refs/GinyCore/Giny.Protocol/Messages/Game/Context/Fight/Character/GameFightShowFighterMessage.cs:12	1	informations:GameFightFighterInformations
GameFightShowFighterRandomStaticPoseMessage	3166	refs/GinyCore/Giny.Protocol/Messages/Game/Context/Fight/Character/GameFightShowFighterRandomStaticPoseMessage.cs:12	0	
GameFightEndMessage	1798	refs/GinyCore/Giny.Protocol/Messages/Game/Context/Fight/GameFightEndMessage.cs:12	5	duration:int;rewardRate:short;lootShareLimitMalus:short;results:FightResultListEntry[];namedPartyTeamsOutcomes:NamedPartyTeamWithOutcome[]
GameFightHumanReadyStateMessage	2605	refs/GinyCore/Giny.Protocol/Messages/Game/Context/Fight/GameFightHumanReadyStateMessage.cs:12	2	characterId:long;isReady:bool
GameFightJoinMessage	3603	refs/GinyCore/Giny.Protocol/Messages/Game/Context/Fight/GameFightJoinMessage.cs:12	6	isTeamPhase:bool;canBeCancelled:bool;canSayReady:bool;isFightStarted:bool;timeMaxBeforeFightStart:short;fightType:byte
GameFightJoinRequestMessage	8671	refs/GinyCore/Giny.Protocol/Messages/Game/Context/Fight/GameFightJoinRequestMessage.cs:12	2	fighterId:double;fightId:short
GameFightLeaveMessage	141	refs/GinyCore/Giny.Protocol/Messages/Game/Context/Fight/GameFightLeaveMessage.cs:12	1	charId:double
GameFightNewRoundMessage	9360	refs/GinyCore/Giny.Protocol/Messages/Game/Context/Fight/GameFightNewRoundMessage.cs:12	1	roundNumber:int
GameFightNewWaveMessage	283	refs/GinyCore/Giny.Protocol/Messages/Game/Context/Fight/GameFightNewWaveMessage.cs:12	3	id:byte;teamId:byte;nbTurnBeforeNextWave:short
GameFightOptionStateUpdateMessage	2151	refs/GinyCore/Giny.Protocol/Messages/Game/Context/Fight/GameFightOptionStateUpdateMessage.cs:12	4	fightId:short;teamId:byte;option:byte;state:bool
GameFightOptionToggleMessage	1236	refs/GinyCore/Giny.Protocol/Messages/Game/Context/Fight/GameFightOptionToggleMessage.cs:12	1	option:byte
GameFightPauseMessage	9521	refs/GinyCore/Giny.Protocol/Messages/Game/Context/Fight/GameFightPauseMessage.cs:12	1	isPaused:bool
GameFightPlacementPositionRequestMessage	1752	refs/GinyCore/Giny.Protocol/Messages/Game/Context/Fight/GameFightPlacementPositionRequestMessage.cs:12	1	cellId:short
GameFightPlacementPossiblePositionsMessage	3107	refs/GinyCore/Giny.Protocol/Messages/Game/Context/Fight/GameFightPlacementPossiblePositionsMessage.cs:12	3	positionsForChallengers:short[];positionsForDefenders:short[];teamNumber:byte
GameFightPlacementSwapPositionsAcceptMessage	1149	refs/GinyCore/Giny.Protocol/Messages/Game/Context/Fight/GameFightPlacementSwapPositionsAcceptMessage.cs:12	1	requestId:int
GameFightPlacementSwapPositionsCancelMessage	4914	refs/GinyCore/Giny.Protocol/Messages/Game/Context/Fight/GameFightPlacementSwapPositionsCancelMessage.cs:12	1	requestId:int
GameFightPlacementSwapPositionsCancelledMessage	5655	refs/GinyCore/Giny.Protocol/Messages/Game/Context/Fight/GameFightPlacementSwapPositionsCancelledMessage.cs:12	2	requestId:int;cancellerId:double
GameFightPlacementSwapPositionsErrorMessage	7219	refs/GinyCore/Giny.Protocol/Messages/Game/Context/Fight/GameFightPlacementSwapPositionsErrorMessage.cs:12	0	
GameFightPlacementSwapPositionsMessage	8732	refs/GinyCore/Giny.Protocol/Messages/Game/Context/Fight/GameFightPlacementSwapPositionsMessage.cs:12	1	dispositions:IdentifiedEntityDispositionInformations[]
GameFightPlacementSwapPositionsOfferMessage	8968	refs/GinyCore/Giny.Protocol/Messages/Game/Context/Fight/GameFightPlacementSwapPositionsOfferMessage.cs:12	5	requestId:int;requesterId:double;requesterCellId:short;requestedId:double;requestedCellId:short
GameFightPlacementSwapPositionsRequestMessage	8289	refs/GinyCore/Giny.Protocol/Messages/Game/Context/Fight/GameFightPlacementSwapPositionsRequestMessage.cs:12	1	requestedId:double
GameFightReadyMessage	6127	refs/GinyCore/Giny.Protocol/Messages/Game/Context/Fight/GameFightReadyMessage.cs:12	1	isReady:bool
GameFightRemoveTeamMemberMessage	6771	refs/GinyCore/Giny.Protocol/Messages/Game/Context/Fight/GameFightRemoveTeamMemberMessage.cs:12	3	fightId:short;teamId:byte;charId:double
GameFightResumeMessage	6953	refs/GinyCore/Giny.Protocol/Messages/Game/Context/Fight/GameFightResumeMessage.cs:12	3	spellCooldowns:GameFightSpellCooldown[];summonCount:byte;bombCount:byte
GameFightResumeWithSlavesMessage	1683	refs/GinyCore/Giny.Protocol/Messages/Game/Context/Fight/GameFightResumeWithSlavesMessage.cs:12	1	slavesInfo:GameFightResumeSlaveInfo[]
GameFightSpectateMessage	6763	refs/GinyCore/Giny.Protocol/Messages/Game/Context/Fight/GameFightSpectateMessage.cs:12	6	effects:FightDispellableEffectExtendedInformations[];marks:GameActionMark[];gameTurn:short;fightStart:int;idols:Idol[];fxTriggerCounts:GameFightEffectTriggerCount[]
GameFightSpectatePlayerRequestMessage	5659	refs/GinyCore/Giny.Protocol/Messages/Game/Context/Fight/GameFightSpectatePlayerRequestMessage.cs:12	1	playerId:long
GameFightSpectatorJoinMessage	4519	refs/GinyCore/Giny.Protocol/Messages/Game/Context/Fight/GameFightSpectatorJoinMessage.cs:12	1	namedPartyTeams:NamedPartyTeam[]
GameFightStartMessage	8247	refs/GinyCore/Giny.Protocol/Messages/Game/Context/Fight/GameFightStartMessage.cs:12	1	idols:Idol[]
GameFightStartingMessage	1407	refs/GinyCore/Giny.Protocol/Messages/Game/Context/Fight/GameFightStartingMessage.cs:12	5	fightType:byte;fightId:short;attackerId:double;defenderId:double;containsBoss:bool
GameFightSynchronizeMessage	7844	refs/GinyCore/Giny.Protocol/Messages/Game/Context/Fight/GameFightSynchronizeMessage.cs:12	1	fighters:GameFightFighterInformations[]
GameFightTurnEndMessage	8760	refs/GinyCore/Giny.Protocol/Messages/Game/Context/Fight/GameFightTurnEndMessage.cs:12	1	id:double
GameFightTurnFinishMessage	2650	refs/GinyCore/Giny.Protocol/Messages/Game/Context/Fight/GameFightTurnFinishMessage.cs:12	1	isAfk:bool
GameFightTurnListMessage	9689	refs/GinyCore/Giny.Protocol/Messages/Game/Context/Fight/GameFightTurnListMessage.cs:12	2	ids:double[];deadsIds:double[]
GameFightTurnReadyMessage	3349	refs/GinyCore/Giny.Protocol/Messages/Game/Context/Fight/GameFightTurnReadyMessage.cs:12	1	isReady:bool
GameFightTurnReadyRequestMessage	6517	refs/GinyCore/Giny.Protocol/Messages/Game/Context/Fight/GameFightTurnReadyRequestMessage.cs:12	1	id:double
GameFightTurnResumeMessage	1695	refs/GinyCore/Giny.Protocol/Messages/Game/Context/Fight/GameFightTurnResumeMessage.cs:12	1	remainingTime:int
GameFightTurnStartMessage	575	refs/GinyCore/Giny.Protocol/Messages/Game/Context/Fight/GameFightTurnStartMessage.cs:12	2	id:double;waitTime:int
GameFightTurnStartPlayingMessage	8349	refs/GinyCore/Giny.Protocol/Messages/Game/Context/Fight/GameFightTurnStartPlayingMessage.cs:12	0	
GameFightUpdateTeamMessage	985	refs/GinyCore/Giny.Protocol/Messages/Game/Context/Fight/GameFightUpdateTeamMessage.cs:12	2	fightId:short;team:FightTeamInformations
RefreshCharacterStatsMessage	8208	refs/GinyCore/Giny.Protocol/Messages/Game/Context/Fight/RefreshCharacterStatsMessage.cs:12	2	fighterId:double;stats:GameFightCharacteristics
SlaveNoLongerControledMessage	9600	refs/GinyCore/Giny.Protocol/Messages/Game/Context/Fight/SlaveNoLongerControledMessage.cs:12	2	masterId:double;slaveId:double
SlaveSwitchContextMessage	1189	refs/GinyCore/Giny.Protocol/Messages/Game/Context/Fight/SlaveSwitchContextMessage.cs:12	6	masterId:double;slaveId:double;slaveTurn:short;slaveSpells:SpellItem[];slaveStats:CharacterCharacteristicsInformations;shortcuts:Shortcut[]
GameCautiousMapMovementMessage	9601	refs/GinyCore/Giny.Protocol/Messages/Game/Context/GameCautiousMapMovementMessage.cs:12	0	
GameCautiousMapMovementRequestMessage	6590	refs/GinyCore/Giny.Protocol/Messages/Game/Context/GameCautiousMapMovementRequestMessage.cs:12	0	
GameContextCreateErrorMessage	2816	refs/GinyCore/Giny.Protocol/Messages/Game/Context/GameContextCreateErrorMessage.cs:12	0	
GameContextCreateMessage	4452	refs/GinyCore/Giny.Protocol/Messages/Game/Context/GameContextCreateMessage.cs:12	1	context:byte
GameContextCreateRequestMessage	2168	refs/GinyCore/Giny.Protocol/Messages/Game/Context/GameContextCreateRequestMessage.cs:12	0	
GameContextDestroyMessage	1231	refs/GinyCore/Giny.Protocol/Messages/Game/Context/GameContextDestroyMessage.cs:12	0	
GameContextKickMessage	4389	refs/GinyCore/Giny.Protocol/Messages/Game/Context/GameContextKickMessage.cs:12	1	targetId:double
GameContextMoveElementMessage	1110	refs/GinyCore/Giny.Protocol/Messages/Game/Context/GameContextMoveElementMessage.cs:12	1	movement:EntityMovementInformations
GameContextMoveMultipleElementsMessage	5560	refs/GinyCore/Giny.Protocol/Messages/Game/Context/GameContextMoveMultipleElementsMessage.cs:12	1	movements:EntityMovementInformations[]
GameContextQuitMessage	1801	refs/GinyCore/Giny.Protocol/Messages/Game/Context/GameContextQuitMessage.cs:12	0	
GameContextReadyMessage	8859	refs/GinyCore/Giny.Protocol/Messages/Game/Context/GameContextReadyMessage.cs:12	1	mapId:double
GameContextRefreshEntityLookMessage	7169	refs/GinyCore/Giny.Protocol/Messages/Game/Context/GameContextRefreshEntityLookMessage.cs:12	2	id:double;look:EntityLook
GameContextRemoveElementMessage	6877	refs/GinyCore/Giny.Protocol/Messages/Game/Context/GameContextRemoveElementMessage.cs:12	1	id:double
GameContextRemoveElementWithEventMessage	2969	refs/GinyCore/Giny.Protocol/Messages/Game/Context/GameContextRemoveElementWithEventMessage.cs:12	1	elementEventId:byte
GameContextRemoveMultipleElementsMessage	3528	refs/GinyCore/Giny.Protocol/Messages/Game/Context/GameContextRemoveMultipleElementsMessage.cs:12	1	elementsIds:double[]
GameContextRemoveMultipleElementsWithEventsMessage	409	refs/GinyCore/Giny.Protocol/Messages/Game/Context/GameContextRemoveMultipleElementsWithEventsMessage.cs:12	1	elementEventIds:byte[]
GameEntitiesDispositionMessage	3000	refs/GinyCore/Giny.Protocol/Messages/Game/Context/GameEntitiesDispositionMessage.cs:12	1	dispositions:IdentifiedEntityDispositionInformations[]
GameEntityDispositionErrorMessage	9395	refs/GinyCore/Giny.Protocol/Messages/Game/Context/GameEntityDispositionErrorMessage.cs:12	0	
GameEntityDispositionMessage	64	refs/GinyCore/Giny.Protocol/Messages/Game/Context/GameEntityDispositionMessage.cs:12	1	disposition:IdentifiedEntityDispositionInformations
GameMapChangeOrientationMessage	1116	refs/GinyCore/Giny.Protocol/Messages/Game/Context/GameMapChangeOrientationMessage.cs:12	1	orientation:ActorOrientation
GameMapChangeOrientationRequestMessage	3019	refs/GinyCore/Giny.Protocol/Messages/Game/Context/GameMapChangeOrientationRequestMessage.cs:12	1	direction:byte
GameMapChangeOrientationsMessage	3831	refs/GinyCore/Giny.Protocol/Messages/Game/Context/GameMapChangeOrientationsMessage.cs:12	1	orientations:ActorOrientation[]
GameMapMovementCancelMessage	6669	refs/GinyCore/Giny.Protocol/Messages/Game/Context/GameMapMovementCancelMessage.cs:12	1	cellId:short
GameMapMovementConfirmMessage	4716	refs/GinyCore/Giny.Protocol/Messages/Game/Context/GameMapMovementConfirmMessage.cs:12	0	
GameMapMovementMessage	9191	refs/GinyCore/Giny.Protocol/Messages/Game/Context/GameMapMovementMessage.cs:12	3	keyMovements:short[];forcedDirection:short;actorId:double
GameMapMovementRequestMessage	6371	refs/GinyCore/Giny.Protocol/Messages/Game/Context/GameMapMovementRequestMessage.cs:12	2	keyMovements:short[];mapId:double
GameMapNoMovementMessage	6929	refs/GinyCore/Giny.Protocol/Messages/Game/Context/GameMapNoMovementMessage.cs:12	2	cellX:short;cellY:short
GameMapSpeedMovementMessage	7714	refs/GinyCore/Giny.Protocol/Messages/Game/Context/GameMapSpeedMovementMessage.cs:12	1	speedMultiplier:int
GameRefreshMonsterBoostsMessage	8657	refs/GinyCore/Giny.Protocol/Messages/Game/Context/GameRefreshMonsterBoostsMessage.cs:12	2	monsterBoosts:MonsterBoosts[];familyBoosts:MonsterBoosts[]
GameDataPaddockObjectAddMessage	2165	refs/GinyCore/Giny.Protocol/Messages/Game/Context/Mount/GameDataPaddockObjectAddMessage.cs:12	1	paddockItemDescription:PaddockItem
GameDataPaddockObjectListAddMessage	11	refs/GinyCore/Giny.Protocol/Messages/Game/Context/Mount/GameDataPaddockObjectListAddMessage.cs:12	1	paddockItemDescription:PaddockItem[]
GameDataPaddockObjectRemoveMessage	2442	refs/GinyCore/Giny.Protocol/Messages/Game/Context/Mount/GameDataPaddockObjectRemoveMessage.cs:12	1	cellId:short
MountDataErrorMessage	1524	refs/GinyCore/Giny.Protocol/Messages/Game/Context/Mount/MountDataErrorMessage.cs:12	1	reason:byte
MountDataMessage	391	refs/GinyCore/Giny.Protocol/Messages/Game/Context/Mount/MountDataMessage.cs:12	1	mountData:MountClientData
MountEmoteIconUsedOkMessage	6579	refs/GinyCore/Giny.Protocol/Messages/Game/Context/Mount/MountEmoteIconUsedOkMessage.cs:12	2	mountId:int;reactionType:byte
MountEquipedErrorMessage	9383	refs/GinyCore/Giny.Protocol/Messages/Game/Context/Mount/MountEquipedErrorMessage.cs:12	1	errorType:byte
MountFeedRequestMessage	9085	refs/GinyCore/Giny.Protocol/Messages/Game/Context/Mount/MountFeedRequestMessage.cs:12	4	mountUid:int;mountLocation:byte;mountFoodUid:int;quantity:int
MountHarnessColorsUpdateRequestMessage	8550	refs/GinyCore/Giny.Protocol/Messages/Game/Context/Mount/MountHarnessColorsUpdateRequestMessage.cs:12	1	useHarnessColors:bool
MountHarnessDissociateRequestMessage	7217	refs/GinyCore/Giny.Protocol/Messages/Game/Context/Mount/MountHarnessDissociateRequestMessage.cs:12	0	
MountInformationInPaddockRequestMessage	4981	refs/GinyCore/Giny.Protocol/Messages/Game/Context/Mount/MountInformationInPaddockRequestMessage.cs:12	1	mapRideId:int
MountInformationRequestMessage	4913	refs/GinyCore/Giny.Protocol/Messages/Game/Context/Mount/MountInformationRequestMessage.cs:12	2	id:double;time:double
MountReleaseRequestMessage	601	refs/GinyCore/Giny.Protocol/Messages/Game/Context/Mount/MountReleaseRequestMessage.cs:12	0	
MountReleasedMessage	3662	refs/GinyCore/Giny.Protocol/Messages/Game/Context/Mount/MountReleasedMessage.cs:12	1	mountId:int
MountRenameRequestMessage	2190	refs/GinyCore/Giny.Protocol/Messages/Game/Context/Mount/MountRenameRequestMessage.cs:12	2	name:string;mountId:int
MountRenamedMessage	2241	refs/GinyCore/Giny.Protocol/Messages/Game/Context/Mount/MountRenamedMessage.cs:12	2	mountId:int;name:string
MountRidingMessage	8146	refs/GinyCore/Giny.Protocol/Messages/Game/Context/Mount/MountRidingMessage.cs:12	2	isRiding:bool;isAutopilot:bool
MountSetMessage	4558	refs/GinyCore/Giny.Protocol/Messages/Game/Context/Mount/MountSetMessage.cs:12	1	mountData:MountClientData
MountSetXpRatioRequestMessage	1572	refs/GinyCore/Giny.Protocol/Messages/Game/Context/Mount/MountSetXpRatioRequestMessage.cs:12	1	xpRatio:byte
MountSterilizeRequestMessage	7167	refs/GinyCore/Giny.Protocol/Messages/Game/Context/Mount/MountSterilizeRequestMessage.cs:12	0	
MountSterilizedMessage	9116	refs/GinyCore/Giny.Protocol/Messages/Game/Context/Mount/MountSterilizedMessage.cs:12	1	mountId:int
MountToggleRidingRequestMessage	1968	refs/GinyCore/Giny.Protocol/Messages/Game/Context/Mount/MountToggleRidingRequestMessage.cs:12	0	
MountUnSetMessage	8851	refs/GinyCore/Giny.Protocol/Messages/Game/Context/Mount/MountUnSetMessage.cs:12	0	
MountXpRatioMessage	6028	refs/GinyCore/Giny.Protocol/Messages/Game/Context/Mount/MountXpRatioMessage.cs:12	1	ratio:byte
PaddockBuyRequestMessage	6064	refs/GinyCore/Giny.Protocol/Messages/Game/Context/Mount/PaddockBuyRequestMessage.cs:12	1	proposedPrice:long
PaddockBuyResultMessage	3573	refs/GinyCore/Giny.Protocol/Messages/Game/Context/Mount/PaddockBuyResultMessage.cs:12	3	paddockId:double;bought:bool;realPrice:long
PaddockMoveItemRequestMessage	9794	refs/GinyCore/Giny.Protocol/Messages/Game/Context/Mount/PaddockMoveItemRequestMessage.cs:12	2	oldCellId:short;newCellId:short
PaddockRemoveItemRequestMessage	5808	refs/GinyCore/Giny.Protocol/Messages/Game/Context/Mount/PaddockRemoveItemRequestMessage.cs:12	1	cellId:short
PaddockSellRequestMessage	8060	refs/GinyCore/Giny.Protocol/Messages/Game/Context/Mount/PaddockSellRequestMessage.cs:12	2	price:long;forSale:bool
NotificationByServerMessage	9779	refs/GinyCore/Giny.Protocol/Messages/Game/Context/Notification/NotificationByServerMessage.cs:12	3	id:short;parameters:string[];forceOpen:bool
NotificationListMessage	1912	refs/GinyCore/Giny.Protocol/Messages/Game/Context/Notification/NotificationListMessage.cs:12	1	flags:int[]
NotificationResetMessage	9892	refs/GinyCore/Giny.Protocol/Messages/Game/Context/Notification/NotificationResetMessage.cs:12	0	
NotificationUpdateFlagMessage	4857	refs/GinyCore/Giny.Protocol/Messages/Game/Context/Notification/NotificationUpdateFlagMessage.cs:12	1	index:short
AlignmentWarEffortProgressionMessage	4206	refs/GinyCore/Giny.Protocol/Messages/Game/Context/Roleplay/Alignment/War/Effort/AlignmentWarEffortProgressionMessage.cs:12	1	effortProgressions:AlignmentWarEffortInformation[]
AlignmentWarEffortProgressionRequestMessage	2116	refs/GinyCore/Giny.Protocol/Messages/Game/Context/Roleplay/Alignment/War/Effort/AlignmentWarEffortProgressionRequestMessage.cs:12	0	
AnomalyStateMessage	3282	refs/GinyCore/Giny.Protocol/Messages/Game/Context/Roleplay/Anomaly/AnomalyStateMessage.cs:12	3	subAreaId:short;open:bool;closingTime:long
MapComplementaryInformationsAnomalyMessage	3607	refs/GinyCore/Giny.Protocol/Messages/Game/Context/Roleplay/Anomaly/MapComplementaryInformationsAnomalyMessage.cs:12	2	level:short;closingTime:long
AnomalySubareaInformationRequestMessage	5431	refs/GinyCore/Giny.Protocol/Messages/Game/Context/Roleplay/AnomalySubareaInformationRequestMessage.cs:12	0	
AnomalySubareaInformationResponseMessage	8497	refs/GinyCore/Giny.Protocol/Messages/Game/Context/Roleplay/AnomalySubareaInformationResponseMessage.cs:12	1	subareas:AnomalySubareaInformation[]
BreachBranchesMessage	2636	refs/GinyCore/Giny.Protocol/Messages/Game/Context/Roleplay/Breach/Branch/BreachBranchesMessage.cs:12	1	branches:ExtendedBreachBranch[]
BreachBonusMessage	1240	refs/GinyCore/Giny.Protocol/Messages/Game/Context/Roleplay/Breach/BreachBonusMessage.cs:12	1	bonus:ObjectEffectInteger
BreachBudgetMessage	8787	refs/GinyCore/Giny.Protocol/Messages/Game/Context/Roleplay/Breach/BreachBudgetMessage.cs:12	1	bugdet:int
BreachCharactersMessage	253	refs/GinyCore/Giny.Protocol/Messages/Game/Context/Roleplay/Breach/BreachCharactersMessage.cs:12	1	characters:long[]
BreachEnterMessage	4929	refs/GinyCore/Giny.Protocol/Messages/Game/Context/Roleplay/Breach/BreachEnterMessage.cs:12	1	owner:long
BreachExitRequestMessage	5508	refs/GinyCore/Giny.Protocol/Messages/Game/Context/Roleplay/Breach/BreachExitRequestMessage.cs:12	0	
BreachExitResponseMessage	1265	refs/GinyCore/Giny.Protocol/Messages/Game/Context/Roleplay/Breach/BreachExitResponseMessage.cs:12	1	exited:bool
BreachRoomLockedMessage	7818	refs/GinyCore/Giny.Protocol/Messages/Game/Context/Roleplay/Breach/BreachRoomLockedMessage.cs:12	0	
BreachRoomUnlockRequestMessage	3933	refs/GinyCore/Giny.Protocol/Messages/Game/Context/Roleplay/Breach/BreachRoomUnlockRequestMessage.cs:12	1	roomId:byte
BreachRoomUnlockResultMessage	5488	refs/GinyCore/Giny.Protocol/Messages/Game/Context/Roleplay/Breach/BreachRoomUnlockResultMessage.cs:12	2	roomId:byte;result:byte
BreachSavedMessage	593	refs/GinyCore/Giny.Protocol/Messages/Game/Context/Roleplay/Breach/BreachSavedMessage.cs:12	1	saved:bool
BreachStateMessage	6075	refs/GinyCore/Giny.Protocol/Messages/Game/Context/Roleplay/Breach/BreachStateMessage.cs:12	4	owner:CharacterMinimalInformations;bonuses:ObjectEffectInteger[];bugdet:int;saved:bool
BreachTeleportRequestMessage	9227	refs/GinyCore/Giny.Protocol/Messages/Game/Context/Roleplay/Breach/BreachTeleportRequestMessage.cs:12	0	
BreachTeleportResponseMessage	2050	refs/GinyCore/Giny.Protocol/Messages/Game/Context/Roleplay/Breach/BreachTeleportResponseMessage.cs:12	1	teleported:bool
MapComplementaryInformationsBreachMessage	8282	refs/GinyCore/Giny.Protocol/Messages/Game/Context/Roleplay/Breach/MapComplementaryInformationsBreachMessage.cs:12	4	floor:int;room:byte;infinityMode:short;branches:BreachBranch[]
BreachInvitationAnswerMessage	6299	refs/GinyCore/Giny.Protocol/Messages/Game/Context/Roleplay/Breach/Meeting/BreachInvitationAnswerMessage.cs:12	1	accept:bool
BreachInvitationCloseMessage	5791	refs/GinyCore/Giny.Protocol/Messages/Game/Context/Roleplay/Breach/Meeting/BreachInvitationCloseMessage.cs:12	1	host:CharacterMinimalInformations
BreachInvitationOfferMessage	423	refs/GinyCore/Giny.Protocol/Messages/Game/Context/Roleplay/Breach/Meeting/BreachInvitationOfferMessage.cs:12	2	host:CharacterMinimalInformations;timeLeftBeforeCancel:int
BreachInvitationRequestMessage	3060	refs/GinyCore/Giny.Protocol/Messages/Game/Context/Roleplay/Breach/Meeting/BreachInvitationRequestMessage.cs:12	1	guests:long[]
BreachInvitationResponseMessage	995	refs/GinyCore/Giny.Protocol/Messages/Game/Context/Roleplay/Breach/Meeting/BreachInvitationResponseMessage.cs:12	2	guest:CharacterMinimalInformations;accept:bool
BreachKickRequestMessage	155	refs/GinyCore/Giny.Protocol/Messages/Game/Context/Roleplay/Breach/Meeting/BreachKickRequestMessage.cs:12	1	target:long
BreachKickResponseMessage	6036	refs/GinyCore/Giny.Protocol/Messages/Game/Context/Roleplay/Breach/Meeting/BreachKickResponseMessage.cs:12	2	target:CharacterMinimalInformations;kicked:bool
BreachRewardBoughtMessage	8594	refs/GinyCore/Giny.Protocol/Messages/Game/Context/Roleplay/Breach/Reward/BreachRewardBoughtMessage.cs:12	2	id:int;bought:bool
BreachRewardBuyMessage	3431	refs/GinyCore/Giny.Protocol/Messages/Game/Context/Roleplay/Breach/Reward/BreachRewardBuyMessage.cs:12	1	id:int
BreachRewardsMessage	6368	refs/GinyCore/Giny.Protocol/Messages/Game/Context/Roleplay/Breach/Reward/BreachRewardsMessage.cs:12	1	rewards:BreachReward[]
ChangeMapMessage	5275	refs/GinyCore/Giny.Protocol/Messages/Game/Context/Roleplay/ChangeMapMessage.cs:12	2	mapId:double;autopilot:bool
CurrentMapInstanceMessage	7813	refs/GinyCore/Giny.Protocol/Messages/Game/Context/Roleplay/CurrentMapInstanceMessage.cs:12	1	instantiatedMapId:double
CurrentMapMessage	3871	refs/GinyCore/Giny.Protocol/Messages/Game/Context/Roleplay/CurrentMapMessage.cs:12	1	mapId:double
GameRolePlayFreeSoulRequestMessage	9510	refs/GinyCore/Giny.Protocol/Messages/Game/Context/Roleplay/Death/GameRolePlayFreeSoulRequestMessage.cs:12	0	
GameRolePlayGameOverMessage	3701	refs/GinyCore/Giny.Protocol/Messages/Game/Context/Roleplay/Death/GameRolePlayGameOverMessage.cs:12	0	
GameRolePlayPlayerLifeStatusMessage	8586	refs/GinyCore/Giny.Protocol/Messages/Game/Context/Roleplay/Death/GameRolePlayPlayerLifeStatusMessage.cs:12	2	state:byte;phenixMapId:double
WarnOnPermaDeathMessage	3252	refs/GinyCore/Giny.Protocol/Messages/Game/Context/Roleplay/Death/WarnOnPermaDeathMessage.cs:12	1	enable:bool
GameRolePlayDelayedActionFinishedMessage	9954	refs/GinyCore/Giny.Protocol/Messages/Game/Context/Roleplay/Delay/GameRolePlayDelayedActionFinishedMessage.cs:12	2	delayedCharacterId:double;delayTypeId:byte
GameRolePlayDelayedActionMessage	7263	refs/GinyCore/Giny.Protocol/Messages/Game/Context/Roleplay/Delay/GameRolePlayDelayedActionMessage.cs:12	3	delayedCharacterId:double;delayTypeId:byte;delayEndTime:double
GameRolePlayDelayedObjectUseMessage	1610	refs/GinyCore/Giny.Protocol/Messages/Game/Context/Roleplay/Delay/GameRolePlayDelayedObjectUseMessage.cs:12	1	objectGID:short
DiceRollRequestMessage	6852	refs/GinyCore/Giny.Protocol/Messages/Game/Context/Roleplay/DiceRollRequestMessage.cs:12	3	dice:int;faces:int;channel:byte
DocumentReadingBeginMessage	2676	refs/GinyCore/Giny.Protocol/Messages/Game/Context/Roleplay/Document/DocumentReadingBeginMessage.cs:12	1	documentId:short
EmoteAddMessage	4908	refs/GinyCore/Giny.Protocol/Messages/Game/Context/Roleplay/Emote/EmoteAddMessage.cs:12	1	emoteId:short
EmoteListMessage	1739	refs/GinyCore/Giny.Protocol/Messages/Game/Context/Roleplay/Emote/EmoteListMessage.cs:12	1	emoteIds:short[]
EmotePlayAbstractMessage	610	refs/GinyCore/Giny.Protocol/Messages/Game/Context/Roleplay/Emote/EmotePlayAbstractMessage.cs:12	2	emoteId:short;emoteStartTime:double
EmotePlayErrorMessage	158	refs/GinyCore/Giny.Protocol/Messages/Game/Context/Roleplay/Emote/EmotePlayErrorMessage.cs:12	1	emoteId:short
EmotePlayMassiveMessage	6236	refs/GinyCore/Giny.Protocol/Messages/Game/Context/Roleplay/Emote/EmotePlayMassiveMessage.cs:12	1	actorIds:double[]
EmotePlayMessage	792	refs/GinyCore/Giny.Protocol/Messages/Game/Context/Roleplay/Emote/EmotePlayMessage.cs:12	2	actorId:double;accountId:int
EmotePlayRequestMessage	3018	refs/GinyCore/Giny.Protocol/Messages/Game/Context/Roleplay/Emote/EmotePlayRequestMessage.cs:12	1	emoteId:short
EmoteRemoveMessage	8627	refs/GinyCore/Giny.Protocol/Messages/Game/Context/Roleplay/Emote/EmoteRemoveMessage.cs:12	1	emoteId:short
ErrorMapNotFoundMessage	6809	refs/GinyCore/Giny.Protocol/Messages/Game/Context/Roleplay/ErrorMapNotFoundMessage.cs:12	1	mapId:double
GameRolePlayArenaFightAnswerMessage	8880	refs/GinyCore/Giny.Protocol/Messages/Game/Context/Roleplay/Fight/Arena/GameRolePlayArenaFightAnswerMessage.cs:12	2	fightId:short;accept:bool
GameRolePlayArenaFightPropositionMessage	1343	refs/GinyCore/Giny.Protocol/Messages/Game/Context/Roleplay/Fight/Arena/GameRolePlayArenaFightPropositionMessage.cs:12	3	fightId:short;alliesId:double[];duration:short
GameRolePlayArenaFighterStatusMessage	9616	refs/GinyCore/Giny.Protocol/Messages/Game/Context/Roleplay/Fight/Arena/GameRolePlayArenaFighterStatusMessage.cs:12	3	fightId:short;playerId:long;accepted:bool
GameRolePlayArenaInvitationCandidatesAnswerMessage	5498	refs/GinyCore/Giny.Protocol/Messages/Game/Context/Roleplay/Fight/Arena/GameRolePlayArenaInvitationCandidatesAnswerMessage.cs:12	1	candidates:LeagueFriendInformations[]
GameRolePlayArenaLeagueRewardsMessage	4959	refs/GinyCore/Giny.Protocol/Messages/Game/Context/Roleplay/Fight/Arena/GameRolePlayArenaLeagueRewardsMessage.cs:12	4	seasonId:short;leagueId:short;ladderPosition:int;endSeasonReward:bool
GameRolePlayArenaPlayerBehavioursMessage	2244	refs/GinyCore/Giny.Protocol/Messages/Game/Context/Roleplay/Fight/Arena/GameRolePlayArenaPlayerBehavioursMessage.cs:12	3	flags:string[];sanctions:string[];banDuration:int
GameRolePlayArenaRegisterMessage	3663	refs/GinyCore/Giny.Protocol/Messages/Game/Context/Roleplay/Fight/Arena/GameRolePlayArenaRegisterMessage.cs:12	1	battleMode:int
GameRolePlayArenaRegistrationStatusMessage	6165	refs/GinyCore/Giny.Protocol/Messages/Game/Context/Roleplay/Fight/Arena/GameRolePlayArenaRegistrationStatusMessage.cs:12	3	registered:bool;step:byte;battleMode:int
GameRolePlayArenaRegistrationWarningMessage	9396	refs/GinyCore/Giny.Protocol/Messages/Game/Context/Roleplay/Fight/Arena/GameRolePlayArenaRegistrationWarningMessage.cs:12	1	battleMode:int
GameRolePlayArenaSwitchToFightServerMessage	3780	refs/GinyCore/Giny.Protocol/Messages/Game/Context/Roleplay/Fight/Arena/GameRolePlayArenaSwitchToFightServerMessage.cs:12	3	address:string;ports:short[];ticket:byte[]
GameRolePlayArenaSwitchToGameServerMessage	9711	refs/GinyCore/Giny.Protocol/Messages/Game/Context/Roleplay/Fight/Arena/GameRolePlayArenaSwitchToGameServerMessage.cs:12	3	validToken:bool;ticket:byte[];homeServerId:short
GameRolePlayArenaUnregisterMessage	8259	refs/GinyCore/Giny.Protocol/Messages/Game/Context/Roleplay/Fight/Arena/GameRolePlayArenaUnregisterMessage.cs:12	0	
GameRolePlayArenaUpdatePlayerInfosAllQueuesMessage	3033	refs/GinyCore/Giny.Protocol/Messages/Game/Context/Roleplay/Fight/Arena/GameRolePlayArenaUpdatePlayerInfosAllQueuesMessage.cs:12	2	team:ArenaRankInfos;duel:ArenaRankInfos
GameRolePlayArenaUpdatePlayerInfosMessage	9491	refs/GinyCore/Giny.Protocol/Messages/Game/Context/Roleplay/Fight/Arena/GameRolePlayArenaUpdatePlayerInfosMessage.cs:12	1	solo:ArenaRankInfos
GameRolePlayAggressionMessage	1626	refs/GinyCore/Giny.Protocol/Messages/Game/Context/Roleplay/Fight/GameRolePlayAggressionMessage.cs:12	2	attackerId:long;defenderId:long
GameRolePlayAttackMonsterRequestMessage	6826	refs/GinyCore/Giny.Protocol/Messages/Game/Context/Roleplay/Fight/GameRolePlayAttackMonsterRequestMessage.cs:12	1	monsterGroupId:double
GameRolePlayFightRequestCanceledMessage	9101	refs/GinyCore/Giny.Protocol/Messages/Game/Context/Roleplay/Fight/GameRolePlayFightRequestCanceledMessage.cs:12	3	fightId:short;sourceId:double;targetId:double
GameRolePlayMonsterAngryAtPlayerMessage	8302	refs/GinyCore/Giny.Protocol/Messages/Game/Context/Roleplay/Fight/GameRolePlayMonsterAngryAtPlayerMessage.cs:12	4	playerId:long;monsterGroupId:double;angryStartTime:double;attackTime:double
GameRolePlayMonsterNotAngryAtPlayerMessage	2418	refs/GinyCore/Giny.Protocol/Messages/Game/Context/Roleplay/Fight/GameRolePlayMonsterNotAngryAtPlayerMessage.cs:12	2	playerId:long;monsterGroupId:double
GameRolePlayPlayerFightFriendlyAnswerMessage	2841	refs/GinyCore/Giny.Protocol/Messages/Game/Context/Roleplay/Fight/GameRolePlayPlayerFightFriendlyAnswerMessage.cs:12	2	fightId:short;accept:bool
GameRolePlayPlayerFightFriendlyAnsweredMessage	871	refs/GinyCore/Giny.Protocol/Messages/Game/Context/Roleplay/Fight/GameRolePlayPlayerFightFriendlyAnsweredMessage.cs:12	4	fightId:short;sourceId:long;targetId:long;accept:bool
GameRolePlayPlayerFightFriendlyRequestedMessage	6157	refs/GinyCore/Giny.Protocol/Messages/Game/Context/Roleplay/Fight/GameRolePlayPlayerFightFriendlyRequestedMessage.cs:12	3	fightId:short;sourceId:long;targetId:long
GameRolePlayPlayerFightRequestMessage	4692	refs/GinyCore/Giny.Protocol/Messages/Game/Context/Roleplay/Fight/GameRolePlayPlayerFightRequestMessage.cs:12	3	targetId:long;targetCellId:short;friendly:bool
GameRolePlayRemoveChallengeMessage	8514	refs/GinyCore/Giny.Protocol/Messages/Game/Context/Roleplay/Fight/GameRolePlayRemoveChallengeMessage.cs:12	1	fightId:short
GameRolePlayShowChallengeMessage	4937	refs/GinyCore/Giny.Protocol/Messages/Game/Context/Roleplay/Fight/GameRolePlayShowChallengeMessage.cs:12	1	commonsInfos:FightCommonInformations
GameRolePlayShowActorMessage	6549	refs/GinyCore/Giny.Protocol/Messages/Game/Context/Roleplay/GameRolePlayShowActorMessage.cs:12	1	informations:GameRolePlayActorInformations
GameRolePlayShowActorWithEventMessage	4614	refs/GinyCore/Giny.Protocol/Messages/Game/Context/Roleplay/GameRolePlayShowActorWithEventMessage.cs:12	1	actorEventId:byte
GameRolePlayShowMultipleActorsMessage	5370	refs/GinyCore/Giny.Protocol/Messages/Game/Context/Roleplay/GameRolePlayShowMultipleActorsMessage.cs:12	1	informationsList:GameRolePlayActorInformations[]
ChangeHavenBagRoomRequestMessage	8411	refs/GinyCore/Giny.Protocol/Messages/Game/Context/Roleplay/Havenbag/ChangeHavenBagRoomRequestMessage.cs:12	1	roomId:byte
ChangeThemeRequestMessage	4904	refs/GinyCore/Giny.Protocol/Messages/Game/Context/Roleplay/Havenbag/ChangeThemeRequestMessage.cs:12	1	theme:byte
CloseHavenBagFurnitureSequenceRequestMessage	8452	refs/GinyCore/Giny.Protocol/Messages/Game/Context/Roleplay/Havenbag/CloseHavenBagFurnitureSequenceRequestMessage.cs:12	0	
EditHavenBagCancelRequestMessage	8805	refs/GinyCore/Giny.Protocol/Messages/Game/Context/Roleplay/Havenbag/EditHavenBagCancelRequestMessage.cs:12	0	
EditHavenBagFinishedMessage	7671	refs/GinyCore/Giny.Protocol/Messages/Game/Context/Roleplay/Havenbag/EditHavenBagFinishedMessage.cs:12	0	
EditHavenBagRequestMessage	9425	refs/GinyCore/Giny.Protocol/Messages/Game/Context/Roleplay/Havenbag/EditHavenBagRequestMessage.cs:12	0	
EditHavenBagStartMessage	6843	refs/GinyCore/Giny.Protocol/Messages/Game/Context/Roleplay/Havenbag/EditHavenBagStartMessage.cs:12	0	
EnterHavenBagRequestMessage	180	refs/GinyCore/Giny.Protocol/Messages/Game/Context/Roleplay/Havenbag/EnterHavenBagRequestMessage.cs:12	1	havenBagOwner:long
ExitHavenBagRequestMessage	9450	refs/GinyCore/Giny.Protocol/Messages/Game/Context/Roleplay/Havenbag/ExitHavenBagRequestMessage.cs:12	0	
HavenBagDailyLoteryMessage	2601	refs/GinyCore/Giny.Protocol/Messages/Game/Context/Roleplay/Havenbag/HavenBagDailyLoteryMessage.cs:12	2	returnType:byte;gameActionId:string
HavenBagFurnituresMessage	8483	refs/GinyCore/Giny.Protocol/Messages/Game/Context/Roleplay/Havenbag/HavenBagFurnituresMessage.cs:12	1	furnituresInfos:HavenBagFurnitureInformation[]
HavenBagFurnituresRequestMessage	9809	refs/GinyCore/Giny.Protocol/Messages/Game/Context/Roleplay/Havenbag/HavenBagFurnituresRequestMessage.cs:12	3	cellIds:short[];funitureIds:int[];orientations:byte[]
HavenBagPackListMessage	8638	refs/GinyCore/Giny.Protocol/Messages/Game/Context/Roleplay/Havenbag/HavenBagPackListMessage.cs:12	1	packIds:byte[]
HavenBagRoomUpdateMessage	5991	refs/GinyCore/Giny.Protocol/Messages/Game/Context/Roleplay/Havenbag/HavenBagRoomUpdateMessage.cs:12	2	action:byte;roomsPreview:HavenBagRoomPreviewInformation[]
KickHavenBagRequestMessage	1774	refs/GinyCore/Giny.Protocol/Messages/Game/Context/Roleplay/Havenbag/KickHavenBagRequestMessage.cs:12	1	guestId:long
HavenBagPermissionsUpdateMessage	6792	refs/GinyCore/Giny.Protocol/Messages/Game/Context/Roleplay/Havenbag/Meeting/HavenBagPermissionsUpdateMessage.cs:12	1	permissions:int
HavenBagPermissionsUpdateRequestMessage	4471	refs/GinyCore/Giny.Protocol/Messages/Game/Context/Roleplay/Havenbag/Meeting/HavenBagPermissionsUpdateRequestMessage.cs:12	1	permissions:int
InviteInHavenBagClosedMessage	5668	refs/GinyCore/Giny.Protocol/Messages/Game/Context/Roleplay/Havenbag/Meeting/InviteInHavenBagClosedMessage.cs:12	1	hostInformations:CharacterMinimalInformations
InviteInHavenBagMessage	8351	refs/GinyCore/Giny.Protocol/Messages/Game/Context/Roleplay/Havenbag/Meeting/InviteInHavenBagMessage.cs:12	2	guestInformations:CharacterMinimalInformations;accept:bool
InviteInHavenBagOfferMessage	7339	refs/GinyCore/Giny.Protocol/Messages/Game/Context/Roleplay/Havenbag/Meeting/InviteInHavenBagOfferMessage.cs:12	2	hostInformations:CharacterMinimalInformations;timeLeftBeforeCancel:int
TeleportHavenBagAnswerMessage	4980	refs/GinyCore/Giny.Protocol/Messages/Game/Context/Roleplay/Havenbag/Meeting/TeleportHavenBagAnswerMessage.cs:12	1	accept:bool
TeleportHavenBagRequestMessage	7047	refs/GinyCore/Giny.Protocol/Messages/Game/Context/Roleplay/Havenbag/Meeting/TeleportHavenBagRequestMessage.cs:12	1	guestId:long
OpenHavenBagFurnitureSequenceRequestMessage	1590	refs/GinyCore/Giny.Protocol/Messages/Game/Context/Roleplay/Havenbag/OpenHavenBagFurnitureSequenceRequestMessage.cs:12	0	
AccountHouseMessage	6940	refs/GinyCore/Giny.Protocol/Messages/Game/Context/Roleplay/Houses/AccountHouseMessage.cs:12	1	houses:AccountHouseInformations[]
HouseGuildNoneMessage	5178	refs/GinyCore/Giny.Protocol/Messages/Game/Context/Roleplay/Houses/Guild/HouseGuildNoneMessage.cs:12	3	houseId:int;instanceId:int;secondHand:bool
HouseGuildRightsMessage	6131	refs/GinyCore/Giny.Protocol/Messages/Game/Context/Roleplay/Houses/Guild/HouseGuildRightsMessage.cs:12	5	houseId:int;instanceId:int;secondHand:bool;guildInfo:GuildInformations;rights:int
HouseGuildRightsViewMessage	6806	refs/GinyCore/Giny.Protocol/Messages/Game/Context/Roleplay/Houses/Guild/HouseGuildRightsViewMessage.cs:12	2	houseId:int;instanceId:int
HouseGuildShareRequestMessage	455	refs/GinyCore/Giny.Protocol/Messages/Game/Context/Roleplay/Houses/Guild/HouseGuildShareRequestMessage.cs:12	4	houseId:int;instanceId:int;enable:bool;rights:int
HouseBuyRequestMessage	1830	refs/GinyCore/Giny.Protocol/Messages/Game/Context/Roleplay/Houses/HouseBuyRequestMessage.cs:12	1	proposedPrice:long
HouseBuyResultMessage	5020	refs/GinyCore/Giny.Protocol/Messages/Game/Context/Roleplay/Houses/HouseBuyResultMessage.cs:12	5	houseId:int;instanceId:int;secondHand:bool;bought:bool;realPrice:long
HouseKickIndoorMerchantRequestMessage	9016	refs/GinyCore/Giny.Protocol/Messages/Game/Context/Roleplay/Houses/HouseKickIndoorMerchantRequestMessage.cs:12	1	cellId:short
HouseKickRequestMessage	6760	refs/GinyCore/Giny.Protocol/Messages/Game/Context/Roleplay/Houses/HouseKickRequestMessage.cs:12	1	id:long
HouseLockFromInsideRequestMessage	9332	refs/GinyCore/Giny.Protocol/Messages/Game/Context/Roleplay/Houses/HouseLockFromInsideRequestMessage.cs:12	0	
HousePropertiesMessage	1755	refs/GinyCore/Giny.Protocol/Messages/Game/Context/Roleplay/Houses/HousePropertiesMessage.cs:12	3	houseId:int;doorsOnMap:int[];properties:HouseInstanceInformations
HouseSellFromInsideRequestMessage	2789	refs/GinyCore/Giny.Protocol/Messages/Game/Context/Roleplay/Houses/HouseSellFromInsideRequestMessage.cs:12	0	
HouseSellRequestMessage	3852	refs/GinyCore/Giny.Protocol/Messages/Game/Context/Roleplay/Houses/HouseSellRequestMessage.cs:12	3	instanceId:int;amount:long;forSale:bool
HouseSellingUpdateMessage	9319	refs/GinyCore/Giny.Protocol/Messages/Game/Context/Roleplay/Houses/HouseSellingUpdateMessage.cs:12	5	houseId:int;instanceId:int;secondHand:bool;realPrice:long;buyerTag:AccountTagInformation
HouseToSellFilterMessage	1342	refs/GinyCore/Giny.Protocol/Messages/Game/Context/Roleplay/Houses/HouseToSellFilterMessage.cs:12	6	areaId:int;atLeastNbRoom:byte;atLeastNbChest:byte;skillRequested:short;maxPrice:long;orderBy:byte
HouseToSellListMessage	824	refs/GinyCore/Giny.Protocol/Messages/Game/Context/Roleplay/Houses/HouseToSellListMessage.cs:12	3	pageIndex:short;totalPage:short;houseList:HouseInformationsForSell[]
HouseToSellListRequestMessage	2476	refs/GinyCore/Giny.Protocol/Messages/Game/Context/Roleplay/Houses/HouseToSellListRequestMessage.cs:12	1	pageIndex:short
JobAllowMultiCraftRequestMessage	6676	refs/GinyCore/Giny.Protocol/Messages/Game/Context/Roleplay/Job/JobAllowMultiCraftRequestMessage.cs:12	1	enabled:bool
JobBookSubscriptionMessage	1188	refs/GinyCore/Giny.Protocol/Messages/Game/Context/Roleplay/Job/JobBookSubscriptionMessage.cs:12	1	subscriptions:JobBookSubscription[]
JobCrafterDirectoryAddMessage	4101	refs/GinyCore/Giny.Protocol/Messages/Game/Context/Roleplay/Job/JobCrafterDirectoryAddMessage.cs:12	1	listEntry:JobCrafterDirectoryListEntry
JobCrafterDirectoryDefineSettingsMessage	1027	refs/GinyCore/Giny.Protocol/Messages/Game/Context/Roleplay/Job/JobCrafterDirectoryDefineSettingsMessage.cs:12	1	settings:JobCrafterDirectorySettings
JobCrafterDirectoryEntryMessage	1870	refs/GinyCore/Giny.Protocol/Messages/Game/Context/Roleplay/Job/JobCrafterDirectoryEntryMessage.cs:12	3	playerInfo:JobCrafterDirectoryEntryPlayerInfo;jobInfoList:JobCrafterDirectoryEntryJobInfo[];playerLook:EntityLook
JobCrafterDirectoryEntryRequestMessage	6521	refs/GinyCore/Giny.Protocol/Messages/Game/Context/Roleplay/Job/JobCrafterDirectoryEntryRequestMessage.cs:12	1	playerId:long
JobCrafterDirectoryListMessage	2905	refs/GinyCore/Giny.Protocol/Messages/Game/Context/Roleplay/Job/JobCrafterDirectoryListMessage.cs:12	1	listEntries:JobCrafterDirectoryListEntry[]
JobCrafterDirectoryListRequestMessage	8307	refs/GinyCore/Giny.Protocol/Messages/Game/Context/Roleplay/Job/JobCrafterDirectoryListRequestMessage.cs:12	1	jobId:byte
JobCrafterDirectoryRemoveMessage	2218	refs/GinyCore/Giny.Protocol/Messages/Game/Context/Roleplay/Job/JobCrafterDirectoryRemoveMessage.cs:12	2	jobId:byte;playerId:long
JobCrafterDirectorySettingsMessage	7632	refs/GinyCore/Giny.Protocol/Messages/Game/Context/Roleplay/Job/JobCrafterDirectorySettingsMessage.cs:12	1	craftersSettings:JobCrafterDirectorySettings[]
JobDescriptionMessage	8240	refs/GinyCore/Giny.Protocol/Messages/Game/Context/Roleplay/Job/JobDescriptionMessage.cs:12	1	jobsDescription:JobDescription[]
JobExperienceMultiUpdateMessage	7895	refs/GinyCore/Giny.Protocol/Messages/Game/Context/Roleplay/Job/JobExperienceMultiUpdateMessage.cs:12	1	experiencesUpdate:JobExperience[]
JobExperienceOtherPlayerUpdateMessage	4818	refs/GinyCore/Giny.Protocol/Messages/Game/Context/Roleplay/Job/JobExperienceOtherPlayerUpdateMessage.cs:12	1	playerId:long
JobExperienceUpdateMessage	9901	refs/GinyCore/Giny.Protocol/Messages/Game/Context/Roleplay/Job/JobExperienceUpdateMessage.cs:12	1	experiencesUpdate:JobExperience
JobLevelUpMessage	3922	refs/GinyCore/Giny.Protocol/Messages/Game/Context/Roleplay/Job/JobLevelUpMessage.cs:12	2	newLevel:byte;jobsDescription:JobDescription
JobMultiCraftAvailableSkillsMessage	5866	refs/GinyCore/Giny.Protocol/Messages/Game/Context/Roleplay/Job/JobMultiCraftAvailableSkillsMessage.cs:12	2	playerId:long;skills:short[]
LockableChangeCodeMessage	1788	refs/GinyCore/Giny.Protocol/Messages/Game/Context/Roleplay/Lockable/LockableChangeCodeMessage.cs:12	1	code:string
LockableCodeResultMessage	6569	refs/GinyCore/Giny.Protocol/Messages/Game/Context/Roleplay/Lockable/LockableCodeResultMessage.cs:12	1	result:byte
LockableShowCodeDialogMessage	5125	refs/GinyCore/Giny.Protocol/Messages/Game/Context/Roleplay/Lockable/LockableShowCodeDialogMessage.cs:12	2	changeOrUse:bool;codeSize:byte
LockableStateUpdateAbstractMessage	8803	refs/GinyCore/Giny.Protocol/Messages/Game/Context/Roleplay/Lockable/LockableStateUpdateAbstractMessage.cs:12	1	locked:bool
LockableStateUpdateHouseDoorMessage	990	refs/GinyCore/Giny.Protocol/Messages/Game/Context/Roleplay/Lockable/LockableStateUpdateHouseDoorMessage.cs:12	3	houseId:int;instanceId:int;secondHand:bool
LockableStateUpdateStorageMessage	9912	refs/GinyCore/Giny.Protocol/Messages/Game/Context/Roleplay/Lockable/LockableStateUpdateStorageMessage.cs:12	2	mapId:double;elementId:int
LockableUseCodeMessage	3312	refs/GinyCore/Giny.Protocol/Messages/Game/Context/Roleplay/Lockable/LockableUseCodeMessage.cs:12	1	code:string
MapComplementaryInformationsDataInHavenBagMessage	2912	refs/GinyCore/Giny.Protocol/Messages/Game/Context/Roleplay/MapComplementaryInformationsDataInHavenBagMessage.cs:12	4	ownerInformations:CharacterMinimalInformations;theme:byte;roomId:byte;maxRoomId:byte
MapComplementaryInformationsDataInHouseMessage	7853	refs/GinyCore/Giny.Protocol/Messages/Game/Context/Roleplay/MapComplementaryInformationsDataInHouseMessage.cs:12	1	currentHouse:HouseInformationsInside
MapComplementaryInformationsDataMessage	2203	refs/GinyCore/Giny.Protocol/Messages/Game/Context/Roleplay/MapComplementaryInformationsDataMessage.cs:12	10	subAreaId:short;mapId:double;houses:HouseInformations[];actors:GameRolePlayActorInformations[];interactiveElements:InteractiveElement[];statedElements:StatedElement[];obstacles:MapObstacle[];fights:FightCommonInformations[];hasAggressiveMonsters:bool;fightStartPositions:FightStartingPositions
MapComplementaryInformationsWithCoordsMessage	8598	refs/GinyCore/Giny.Protocol/Messages/Game/Context/Roleplay/MapComplementaryInformationsWithCoordsMessage.cs:12	2	worldX:short;worldY:short
MapFightCountMessage	4675	refs/GinyCore/Giny.Protocol/Messages/Game/Context/Roleplay/MapFightCountMessage.cs:12	1	fightCount:short
MapFightStartPositionsUpdateMessage	6534	refs/GinyCore/Giny.Protocol/Messages/Game/Context/Roleplay/MapFightStartPositionsUpdateMessage.cs:12	2	mapId:double;fightStartPositions:FightStartingPositions
MapInformationsRequestMessage	1002	refs/GinyCore/Giny.Protocol/Messages/Game/Context/Roleplay/MapInformationsRequestMessage.cs:12	1	mapId:double
MapObstacleUpdateMessage	7517	refs/GinyCore/Giny.Protocol/Messages/Game/Context/Roleplay/MapObstacleUpdateMessage.cs:12	1	obstacles:MapObstacle[]
MapRewardRateMessage	3202	refs/GinyCore/Giny.Protocol/Messages/Game/Context/Roleplay/MapRewardRateMessage.cs:12	3	mapRate:short;subAreaRate:short;totalRate:short
MapRunningFightDetailsExtendedMessage	6206	refs/GinyCore/Giny.Protocol/Messages/Game/Context/Roleplay/MapRunningFightDetailsExtendedMessage.cs:12	1	namedPartyTeams:NamedPartyTeam[]
MapRunningFightDetailsMessage	7296	refs/GinyCore/Giny.Protocol/Messages/Game/Context/Roleplay/MapRunningFightDetailsMessage.cs:12	3	fightId:short;attackers:GameFightFighterLightInformations[];defenders:GameFightFighterLightInformations[]
MapRunningFightDetailsRequestMessage	7641	refs/GinyCore/Giny.Protocol/Messages/Game/Context/Roleplay/MapRunningFightDetailsRequestMessage.cs:12	1	fightId:short
MapRunningFightListMessage	9279	refs/GinyCore/Giny.Protocol/Messages/Game/Context/Roleplay/MapRunningFightListMessage.cs:12	1	fights:FightExternalInformations[]
MapRunningFightListRequestMessage	2319	refs/GinyCore/Giny.Protocol/Messages/Game/Context/Roleplay/MapRunningFightListRequestMessage.cs:12	0	
AlliancePrismDialogQuestionMessage	6389	refs/GinyCore/Giny.Protocol/Messages/Game/Context/Roleplay/Npc/AlliancePrismDialogQuestionMessage.cs:12	0	
AllianceTaxCollectorDialogQuestionExtendedMessage	5982	refs/GinyCore/Giny.Protocol/Messages/Game/Context/Roleplay/Npc/AllianceTaxCollectorDialogQuestionExtendedMessage.cs:12	1	alliance:BasicNamedAllianceInformations
EntityTalkMessage	4154	refs/GinyCore/Giny.Protocol/Messages/Game/Context/Roleplay/Npc/EntityTalkMessage.cs:12	3	entityId:double;textId:short;parameters:string[]
ListMapNpcsQuestStatusUpdateMessage	9407	refs/GinyCore/Giny.Protocol/Messages/Game/Context/Roleplay/Npc/ListMapNpcsQuestStatusUpdateMessage.cs:12	1	mapInfo:MapNpcQuestInfo[]
NpcDialogCreationMessage	8508	refs/GinyCore/Giny.Protocol/Messages/Game/Context/Roleplay/Npc/NpcDialogCreationMessage.cs:12	2	mapId:double;npcId:int
NpcDialogQuestionMessage	2122	refs/GinyCore/Giny.Protocol/Messages/Game/Context/Roleplay/Npc/NpcDialogQuestionMessage.cs:12	3	messageId:int;dialogParams:string[];visibleReplies:int[]
NpcDialogReplyMessage	821	refs/GinyCore/Giny.Protocol/Messages/Game/Context/Roleplay/Npc/NpcDialogReplyMessage.cs:12	1	replyId:int
NpcGenericActionFailureMessage	1501	refs/GinyCore/Giny.Protocol/Messages/Game/Context/Roleplay/Npc/NpcGenericActionFailureMessage.cs:12	0	
NpcGenericActionRequestMessage	6477	refs/GinyCore/Giny.Protocol/Messages/Game/Context/Roleplay/Npc/NpcGenericActionRequestMessage.cs:12	3	npcId:int;npcActionId:byte;npcMapId:double
PortalDialogCreationMessage	2360	refs/GinyCore/Giny.Protocol/Messages/Game/Context/Roleplay/Npc/PortalDialogCreationMessage.cs:12	1	type:int
TaxCollectorDialogQuestionBasicMessage	2837	refs/GinyCore/Giny.Protocol/Messages/Game/Context/Roleplay/Npc/TaxCollectorDialogQuestionBasicMessage.cs:12	1	guildInfo:BasicGuildInformations
TaxCollectorDialogQuestionExtendedMessage	9849	refs/GinyCore/Giny.Protocol/Messages/Game/Context/Roleplay/Npc/TaxCollectorDialogQuestionExtendedMessage.cs:12	9	maxPods:short;prospecting:short;wisdom:short;taxCollectorsCount:byte;taxCollectorAttack:int;kamas:long;experience:long;pods:int;itemsValue:long
ObjectGroundAddedMessage	8096	refs/GinyCore/Giny.Protocol/Messages/Game/Context/Roleplay/Objects/ObjectGroundAddedMessage.cs:12	2	cellId:short;objectGID:short
ObjectGroundListAddedMessage	8468	refs/GinyCore/Giny.Protocol/Messages/Game/Context/Roleplay/Objects/ObjectGroundListAddedMessage.cs:12	2	cells:short[];referenceIds:short[]
ObjectGroundRemovedMessage	5373	refs/GinyCore/Giny.Protocol/Messages/Game/Context/Roleplay/Objects/ObjectGroundRemovedMessage.cs:12	1	cell:short
ObjectGroundRemovedMultipleMessage	4743	refs/GinyCore/Giny.Protocol/Messages/Game/Context/Roleplay/Objects/ObjectGroundRemovedMultipleMessage.cs:12	1	cells:short[]
GameDataPlayFarmObjectAnimationMessage	1970	refs/GinyCore/Giny.Protocol/Messages/Game/Context/Roleplay/Paddock/GameDataPlayFarmObjectAnimationMessage.cs:12	1	cellId:short[]
PaddockPropertiesMessage	3099	refs/GinyCore/Giny.Protocol/Messages/Game/Context/Roleplay/Paddock/PaddockPropertiesMessage.cs:12	1	properties:PaddockInstancesInformations
PaddockSellBuyDialogMessage	375	refs/GinyCore/Giny.Protocol/Messages/Game/Context/Roleplay/Paddock/PaddockSellBuyDialogMessage.cs:12	3	bsell:bool;ownerId:int;price:long
PaddockToSellFilterMessage	6894	refs/GinyCore/Giny.Protocol/Messages/Game/Context/Roleplay/Paddock/PaddockToSellFilterMessage.cs:12	5	areaId:int;atLeastNbMount:byte;atLeastNbMachine:byte;maxPrice:long;orderBy:byte
PaddockToSellListMessage	7367	refs/GinyCore/Giny.Protocol/Messages/Game/Context/Roleplay/Paddock/PaddockToSellListMessage.cs:12	3	pageIndex:short;totalPage:short;paddockList:PaddockInformationsForSell[]
PaddockToSellListRequestMessage	8767	refs/GinyCore/Giny.Protocol/Messages/Game/Context/Roleplay/Paddock/PaddockToSellListRequestMessage.cs:12	1	pageIndex:short
AbstractPartyEventMessage	8734	refs/GinyCore/Giny.Protocol/Messages/Game/Context/Roleplay/Party/AbstractPartyEventMessage.cs:12	0	
AbstractPartyMemberInFightMessage	1165	refs/GinyCore/Giny.Protocol/Messages/Game/Context/Roleplay/Party/AbstractPartyMemberInFightMessage.cs:12	6	reason:byte;memberId:long;memberAccountId:int;memberName:string;fightId:short;timeBeforeFightStart:short
AbstractPartyMessage	9566	refs/GinyCore/Giny.Protocol/Messages/Game/Context/Roleplay/Party/AbstractPartyMessage.cs:12	1	partyId:int
PartyMemberInBreachFightMessage	1630	refs/GinyCore/Giny.Protocol/Messages/Game/Context/Roleplay/Party/Breach/PartyMemberInBreachFightMessage.cs:12	2	floor:int;room:byte
DungeonPartyFinderAvailableDungeonsMessage	1688	refs/GinyCore/Giny.Protocol/Messages/Game/Context/Roleplay/Party/DungeonPartyFinderAvailableDungeonsMessage.cs:12	1	dungeonIds:short[]
DungeonPartyFinderAvailableDungeonsRequestMessage	8110	refs/GinyCore/Giny.Protocol/Messages/Game/Context/Roleplay/Party/DungeonPartyFinderAvailableDungeonsRequestMessage.cs:12	0	
DungeonPartyFinderListenErrorMessage	336	refs/GinyCore/Giny.Protocol/Messages/Game/Context/Roleplay/Party/DungeonPartyFinderListenErrorMessage.cs:12	1	dungeonId:short
DungeonPartyFinderListenRequestMessage	2982	refs/GinyCore/Giny.Protocol/Messages/Game/Context/Roleplay/Party/DungeonPartyFinderListenRequestMessage.cs:12	1	dungeonId:short
DungeonPartyFinderRegisterErrorMessage	7521	refs/GinyCore/Giny.Protocol/Messages/Game/Context/Roleplay/Party/DungeonPartyFinderRegisterErrorMessage.cs:12	0	
DungeonPartyFinderRegisterRequestMessage	4666	refs/GinyCore/Giny.Protocol/Messages/Game/Context/Roleplay/Party/DungeonPartyFinderRegisterRequestMessage.cs:12	1	dungeonIds:short[]
DungeonPartyFinderRegisterSuccessMessage	2977	refs/GinyCore/Giny.Protocol/Messages/Game/Context/Roleplay/Party/DungeonPartyFinderRegisterSuccessMessage.cs:12	1	dungeonIds:short[]
DungeonPartyFinderRoomContentMessage	726	refs/GinyCore/Giny.Protocol/Messages/Game/Context/Roleplay/Party/DungeonPartyFinderRoomContentMessage.cs:12	2	dungeonId:short;players:DungeonPartyFinderPlayer[]
DungeonPartyFinderRoomContentUpdateMessage	7648	refs/GinyCore/Giny.Protocol/Messages/Game/Context/Roleplay/Party/DungeonPartyFinderRoomContentUpdateMessage.cs:12	3	dungeonId:short;addedPlayers:DungeonPartyFinderPlayer[];removedPlayersIds:long[]
PartyEntityUpdateLightMessage	4442	refs/GinyCore/Giny.Protocol/Messages/Game/Context/Roleplay/Party/Entity/PartyEntityUpdateLightMessage.cs:12	1	indexId:byte
PartyAbdicateThroneMessage	1039	refs/GinyCore/Giny.Protocol/Messages/Game/Context/Roleplay/Party/PartyAbdicateThroneMessage.cs:12	1	playerId:long
PartyAcceptInvitationMessage	8491	refs/GinyCore/Giny.Protocol/Messages/Game/Context/Roleplay/Party/PartyAcceptInvitationMessage.cs:12	0	
PartyCancelInvitationMessage	7703	refs/GinyCore/Giny.Protocol/Messages/Game/Context/Roleplay/Party/PartyCancelInvitationMessage.cs:12	1	guestId:long
PartyCancelInvitationNotificationMessage	9404	refs/GinyCore/Giny.Protocol/Messages/Game/Context/Roleplay/Party/PartyCancelInvitationNotificationMessage.cs:12	2	cancelerId:long;guestId:long
PartyCannotJoinErrorMessage	1903	refs/GinyCore/Giny.Protocol/Messages/Game/Context/Roleplay/Party/PartyCannotJoinErrorMessage.cs:12	1	reason:byte
PartyDeletedMessage	1536	refs/GinyCore/Giny.Protocol/Messages/Game/Context/Roleplay/Party/PartyDeletedMessage.cs:12	0	
PartyFollowMemberRequestMessage	9093	refs/GinyCore/Giny.Protocol/Messages/Game/Context/Roleplay/Party/PartyFollowMemberRequestMessage.cs:12	1	playerId:long
PartyFollowStatusUpdateMessage	1757	refs/GinyCore/Giny.Protocol/Messages/Game/Context/Roleplay/Party/PartyFollowStatusUpdateMessage.cs:12	3	success:bool;isFollowed:bool;followedId:long
PartyFollowThisMemberRequestMessage	2208	refs/GinyCore/Giny.Protocol/Messages/Game/Context/Roleplay/Party/PartyFollowThisMemberRequestMessage.cs:12	1	enabled:bool
PartyInvitationArenaRequestMessage	5948	refs/GinyCore/Giny.Protocol/Messages/Game/Context/Roleplay/Party/PartyInvitationArenaRequestMessage.cs:12	0	
PartyInvitationCancelledForGuestMessage	3125	refs/GinyCore/Giny.Protocol/Messages/Game/Context/Roleplay/Party/PartyInvitationCancelledForGuestMessage.cs:12	1	cancelerId:long
PartyInvitationDetailsMessage	5287	refs/GinyCore/Giny.Protocol/Messages/Game/Context/Roleplay/Party/PartyInvitationDetailsMessage.cs:12	7	partyType:byte;partyName:string;fromId:long;fromName:string;leaderId:long;members:PartyInvitationMemberInformations[];guests:PartyGuestInformations[]
PartyInvitationDetailsRequestMessage	292	refs/GinyCore/Giny.Protocol/Messages/Game/Context/Roleplay/Party/PartyInvitationDetailsRequestMessage.cs:12	0	
PartyInvitationDungeonDetailsMessage	9163	refs/GinyCore/Giny.Protocol/Messages/Game/Context/Roleplay/Party/PartyInvitationDungeonDetailsMessage.cs:12	2	dungeonId:short;playersDungeonReady:bool[]
PartyInvitationDungeonMessage	2600	refs/GinyCore/Giny.Protocol/Messages/Game/Context/Roleplay/Party/PartyInvitationDungeonMessage.cs:12	1	dungeonId:short
PartyInvitationDungeonRequestMessage	3384	refs/GinyCore/Giny.Protocol/Messages/Game/Context/Roleplay/Party/PartyInvitationDungeonRequestMessage.cs:12	1	dungeonId:short
PartyInvitationMessage	7030	refs/GinyCore/Giny.Protocol/Messages/Game/Context/Roleplay/Party/PartyInvitationMessage.cs:12	6	partyType:byte;partyName:string;maxParticipants:byte;fromId:long;fromName:string;toId:long
PartyInvitationRequestMessage	3226	refs/GinyCore/Giny.Protocol/Messages/Game/Context/Roleplay/Party/PartyInvitationRequestMessage.cs:12	1	target:AbstractPlayerSearchInformation
PartyJoinMessage	2640	refs/GinyCore/Giny.Protocol/Messages/Game/Context/Roleplay/Party/PartyJoinMessage.cs:12	7	partyType:byte;partyLeaderId:long;maxParticipants:byte;members:PartyMemberInformations[];guests:PartyGuestInformations[];restricted:bool;partyName:string
PartyKickRequestMessage	4844	refs/GinyCore/Giny.Protocol/Messages/Game/Context/Roleplay/Party/PartyKickRequestMessage.cs:12	1	playerId:long
PartyKickedByMessage	2835	refs/GinyCore/Giny.Protocol/Messages/Game/Context/Roleplay/Party/PartyKickedByMessage.cs:12	1	kickerId:long
PartyLeaderUpdateMessage	1866	refs/GinyCore/Giny.Protocol/Messages/Game/Context/Roleplay/Party/PartyLeaderUpdateMessage.cs:12	1	partyLeaderId:long
PartyLeaveMessage	1327	refs/GinyCore/Giny.Protocol/Messages/Game/Context/Roleplay/Party/PartyLeaveMessage.cs:12	0	
PartyLeaveRequestMessage	3098	refs/GinyCore/Giny.Protocol/Messages/Game/Context/Roleplay/Party/PartyLeaveRequestMessage.cs:12	0	
PartyLocateMembersMessage	2028	refs/GinyCore/Giny.Protocol/Messages/Game/Context/Roleplay/Party/PartyLocateMembersMessage.cs:12	1	geopositions:PartyMemberGeoPosition[]
PartyLocateMembersRequestMessage	3969	refs/GinyCore/Giny.Protocol/Messages/Game/Context/Roleplay/Party/PartyLocateMembersRequestMessage.cs:12	0	
PartyLoyaltyStatusMessage	9291	refs/GinyCore/Giny.Protocol/Messages/Game/Context/Roleplay/Party/PartyLoyaltyStatusMessage.cs:12	1	loyal:bool
PartyMemberEjectedMessage	1880	refs/GinyCore/Giny.Protocol/Messages/Game/Context/Roleplay/Party/PartyMemberEjectedMessage.cs:12	1	kickerId:long
PartyMemberInStandardFightMessage	4603	refs/GinyCore/Giny.Protocol/Messages/Game/Context/Roleplay/Party/PartyMemberInStandardFightMessage.cs:12	1	fightMap:MapCoordinatesExtended
PartyMemberRemoveMessage	7770	refs/GinyCore/Giny.Protocol/Messages/Game/Context/Roleplay/Party/PartyMemberRemoveMessage.cs:12	1	leavingPlayerId:long
PartyModifiableStatusMessage	9235	refs/GinyCore/Giny.Protocol/Messages/Game/Context/Roleplay/Party/PartyModifiableStatusMessage.cs:12	1	enabled:bool
PartyNameSetErrorMessage	4438	refs/GinyCore/Giny.Protocol/Messages/Game/Context/Roleplay/Party/PartyNameSetErrorMessage.cs:12	1	result:byte
PartyNameSetRequestMessage	7143	refs/GinyCore/Giny.Protocol/Messages/Game/Context/Roleplay/Party/PartyNameSetRequestMessage.cs:12	1	partyName:string
PartyNameUpdateMessage	7727	refs/GinyCore/Giny.Protocol/Messages/Game/Context/Roleplay/Party/PartyNameUpdateMessage.cs:12	1	partyName:string
PartyNewGuestMessage	5642	refs/GinyCore/Giny.Protocol/Messages/Game/Context/Roleplay/Party/PartyNewGuestMessage.cs:12	1	guest:PartyGuestInformations
PartyNewMemberMessage	8047	refs/GinyCore/Giny.Protocol/Messages/Game/Context/Roleplay/Party/PartyNewMemberMessage.cs:12	0	
PartyPledgeLoyaltyRequestMessage	8399	refs/GinyCore/Giny.Protocol/Messages/Game/Context/Roleplay/Party/PartyPledgeLoyaltyRequestMessage.cs:12	1	loyal:bool
PartyRefuseInvitationMessage	5526	refs/GinyCore/Giny.Protocol/Messages/Game/Context/Roleplay/Party/PartyRefuseInvitationMessage.cs:12	0	
PartyRefuseInvitationNotificationMessage	9315	refs/GinyCore/Giny.Protocol/Messages/Game/Context/Roleplay/Party/PartyRefuseInvitationNotificationMessage.cs:12	1	guestId:long
PartyRestrictedMessage	4094	refs/GinyCore/Giny.Protocol/Messages/Game/Context/Roleplay/Party/PartyRestrictedMessage.cs:12	1	restricted:bool
PartyStopFollowRequestMessage	8710	refs/GinyCore/Giny.Protocol/Messages/Game/Context/Roleplay/Party/PartyStopFollowRequestMessage.cs:12	1	playerId:long
PartyUpdateLightMessage	8058	refs/GinyCore/Giny.Protocol/Messages/Game/Context/Roleplay/Party/PartyUpdateLightMessage.cs:12	5	id:long;lifePoints:int;maxLifePoints:int;prospecting:short;regenRate:byte
PartyUpdateMessage	465	refs/GinyCore/Giny.Protocol/Messages/Game/Context/Roleplay/Party/PartyUpdateMessage.cs:12	1	memberInformations:PartyMemberInformations
PurchasableDialogMessage	9506	refs/GinyCore/Giny.Protocol/Messages/Game/Context/Roleplay/Purchasable/PurchasableDialogMessage.cs:12	5	buyOrSell:bool;purchasableId:double;purchasableInstanceId:int;secondHand:bool;price:long
FollowQuestObjectiveRequestMessage	6245	refs/GinyCore/Giny.Protocol/Messages/Game/Context/Roleplay/Quest/FollowQuestObjectiveRequestMessage.cs:12	2	questId:short;objectiveId:short
FollowedQuestsMessage	1779	refs/GinyCore/Giny.Protocol/Messages/Game/Context/Roleplay/Quest/FollowedQuestsMessage.cs:12	1	quests:QuestActiveDetailedInformations[]
GuidedModeQuitRequestMessage	5384	refs/GinyCore/Giny.Protocol/Messages/Game/Context/Roleplay/Quest/GuidedModeQuitRequestMessage.cs:12	0	
GuidedModeReturnRequestMessage	6605	refs/GinyCore/Giny.Protocol/Messages/Game/Context/Roleplay/Quest/GuidedModeReturnRequestMessage.cs:12	0	
QuestListMessage	4672	refs/GinyCore/Giny.Protocol/Messages/Game/Context/Roleplay/Quest/QuestListMessage.cs:12	4	finishedQuestsIds:short[];finishedQuestsCounts:short[];activeQuests:QuestActiveInformations[];reinitDoneQuestsIds:short[]
QuestListRequestMessage	4261	refs/GinyCore/Giny.Protocol/Messages/Game/Context/Roleplay/Quest/QuestListRequestMessage.cs:12	0	
QuestObjectiveValidatedMessage	5846	refs/GinyCore/Giny.Protocol/Messages/Game/Context/Roleplay/Quest/QuestObjectiveValidatedMessage.cs:12	2	questId:short;objectiveId:short
QuestObjectiveValidationMessage	1395	refs/GinyCore/Giny.Protocol/Messages/Game/Context/Roleplay/Quest/QuestObjectiveValidationMessage.cs:12	2	questId:short;objectiveId:short
QuestStartRequestMessage	188	refs/GinyCore/Giny.Protocol/Messages/Game/Context/Roleplay/Quest/QuestStartRequestMessage.cs:12	1	questId:short
QuestStartedMessage	3205	refs/GinyCore/Giny.Protocol/Messages/Game/Context/Roleplay/Quest/QuestStartedMessage.cs:12	1	questId:short
QuestStepInfoMessage	6202	refs/GinyCore/Giny.Protocol/Messages/Game/Context/Roleplay/Quest/QuestStepInfoMessage.cs:12	1	infos:QuestActiveInformations
QuestStepInfoRequestMessage	7955	refs/GinyCore/Giny.Protocol/Messages/Game/Context/Roleplay/Quest/QuestStepInfoRequestMessage.cs:12	1	questId:short
QuestStepStartedMessage	3639	refs/GinyCore/Giny.Protocol/Messages/Game/Context/Roleplay/Quest/QuestStepStartedMessage.cs:12	2	questId:short;stepId:short
QuestStepValidatedMessage	3032	refs/GinyCore/Giny.Protocol/Messages/Game/Context/Roleplay/Quest/QuestStepValidatedMessage.cs:12	2	questId:short;stepId:short
QuestValidatedMessage	6536	refs/GinyCore/Giny.Protocol/Messages/Game/Context/Roleplay/Quest/QuestValidatedMessage.cs:12	1	questId:short
RefreshFollowedQuestsOrderRequestMessage	6506	refs/GinyCore/Giny.Protocol/Messages/Game/Context/Roleplay/Quest/RefreshFollowedQuestsOrderRequestMessage.cs:12	1	quests:short[]
UnfollowQuestObjectiveRequestMessage	7223	refs/GinyCore/Giny.Protocol/Messages/Game/Context/Roleplay/Quest/UnfollowQuestObjectiveRequestMessage.cs:12	2	questId:short;objectiveId:short
WatchQuestListMessage	3233	refs/GinyCore/Giny.Protocol/Messages/Game/Context/Roleplay/Quest/WatchQuestListMessage.cs:12	1	playerId:long
WatchQuestStepInfoMessage	1802	refs/GinyCore/Giny.Protocol/Messages/Game/Context/Roleplay/Quest/WatchQuestStepInfoMessage.cs:12	1	playerId:long
WatchQuestStepInfoRequestMessage	4046	refs/GinyCore/Giny.Protocol/Messages/Game/Context/Roleplay/Quest/WatchQuestStepInfoRequestMessage.cs:12	1	playerId:long
SpellVariantActivationMessage	6118	refs/GinyCore/Giny.Protocol/Messages/Game/Context/Roleplay/Spell/SpellVariantActivationMessage.cs:12	2	spellId:short;result:bool
SpellVariantActivationRequestMessage	5364	refs/GinyCore/Giny.Protocol/Messages/Game/Context/Roleplay/Spell/SpellVariantActivationRequestMessage.cs:12	1	spellId:short
StatsUpgradeRequestMessage	7822	refs/GinyCore/Giny.Protocol/Messages/Game/Context/Roleplay/Stats/StatsUpgradeRequestMessage.cs:12	3	useAdditionnal:bool;statId:byte;boostPoint:short
StatsUpgradeResultMessage	99	refs/GinyCore/Giny.Protocol/Messages/Game/Context/Roleplay/Stats/StatsUpgradeResultMessage.cs:12	2	result:byte;nbCharacBoost:short
StopToListenRunningFightRequestMessage	2991	refs/GinyCore/Giny.Protocol/Messages/Game/Context/Roleplay/StopToListenRunningFightRequestMessage.cs:12	0	
TeleportOnSameMapMessage	2720	refs/GinyCore/Giny.Protocol/Messages/Game/Context/Roleplay/TeleportOnSameMapMessage.cs:12	2	targetId:double;cellId:short
PortalUseRequestMessage	7046	refs/GinyCore/Giny.Protocol/Messages/Game/Context/Roleplay/TreasureHunt/PortalUseRequestMessage.cs:12	1	portalId:int
TreasureHuntAvailableRetryCountUpdateMessage	5909	refs/GinyCore/Giny.Protocol/Messages/Game/Context/Roleplay/TreasureHunt/TreasureHuntAvailableRetryCountUpdateMessage.cs:12	2	questType:byte;availableRetryCount:int
TreasureHuntDigRequestAnswerFailedMessage	3869	refs/GinyCore/Giny.Protocol/Messages/Game/Context/Roleplay/TreasureHunt/TreasureHuntDigRequestAnswerFailedMessage.cs:12	1	wrongFlagCount:byte
TreasureHuntDigRequestAnswerMessage	6919	refs/GinyCore/Giny.Protocol/Messages/Game/Context/Roleplay/TreasureHunt/TreasureHuntDigRequestAnswerMessage.cs:12	2	questType:byte;result:byte
TreasureHuntDigRequestMessage	8499	refs/GinyCore/Giny.Protocol/Messages/Game/Context/Roleplay/TreasureHunt/TreasureHuntDigRequestMessage.cs:12	1	questType:byte
TreasureHuntFinishedMessage	4798	refs/GinyCore/Giny.Protocol/Messages/Game/Context/Roleplay/TreasureHunt/TreasureHuntFinishedMessage.cs:12	1	questType:byte
TreasureHuntFlagRemoveRequestMessage	3555	refs/GinyCore/Giny.Protocol/Messages/Game/Context/Roleplay/TreasureHunt/TreasureHuntFlagRemoveRequestMessage.cs:12	2	questType:byte;index:byte
TreasureHuntFlagRequestAnswerMessage	309	refs/GinyCore/Giny.Protocol/Messages/Game/Context/Roleplay/TreasureHunt/TreasureHuntFlagRequestAnswerMessage.cs:12	3	questType:byte;result:byte;index:byte
TreasureHuntFlagRequestMessage	8059	refs/GinyCore/Giny.Protocol/Messages/Game/Context/Roleplay/TreasureHunt/TreasureHuntFlagRequestMessage.cs:12	2	questType:byte;index:byte
TreasureHuntGiveUpRequestMessage	4966	refs/GinyCore/Giny.Protocol/Messages/Game/Context/Roleplay/TreasureHunt/TreasureHuntGiveUpRequestMessage.cs:12	1	questType:byte
TreasureHuntLegendaryRequestMessage	1909	refs/GinyCore/Giny.Protocol/Messages/Game/Context/Roleplay/TreasureHunt/TreasureHuntLegendaryRequestMessage.cs:12	1	legendaryId:short
TreasureHuntMessage	7652	refs/GinyCore/Giny.Protocol/Messages/Game/Context/Roleplay/TreasureHunt/TreasureHuntMessage.cs:12	8	questType:byte;startMapId:double;knownStepsList:TreasureHuntStep[];totalStepCount:byte;checkPointCurrent:int;checkPointTotal:int;availableRetryCount:int;flags:TreasureHuntFlag[]
TreasureHuntRequestAnswerMessage	6318	refs/GinyCore/Giny.Protocol/Messages/Game/Context/Roleplay/TreasureHunt/TreasureHuntRequestAnswerMessage.cs:12	2	questType:byte;result:byte
TreasureHuntShowLegendaryUIMessage	9173	refs/GinyCore/Giny.Protocol/Messages/Game/Context/Roleplay/TreasureHunt/TreasureHuntShowLegendaryUIMessage.cs:12	1	availableLegendaryIds:short[]
GameRolePlaySpellAnimMessage	6811	refs/GinyCore/Giny.Protocol/Messages/Game/Context/Roleplay/Visual/GameRolePlaySpellAnimMessage.cs:12	5	casterId:long;targetCellId:short;spellId:short;spellLevel:short;direction:short
ShowCellMessage	3204	refs/GinyCore/Giny.Protocol/Messages/Game/Context/ShowCellMessage.cs:12	2	sourceId:double;cellId:short
ShowCellRequestMessage	2348	refs/GinyCore/Giny.Protocol/Messages/Game/Context/ShowCellRequestMessage.cs:12	1	cellId:short
ShowCellSpectatorMessage	4547	refs/GinyCore/Giny.Protocol/Messages/Game/Context/ShowCellSpectatorMessage.cs:12	1	playerName:string
LeaveDialogMessage	5131	refs/GinyCore/Giny.Protocol/Messages/Game/Dialog/LeaveDialogMessage.cs:12	1	dialogType:byte
LeaveDialogRequestMessage	6179	refs/GinyCore/Giny.Protocol/Messages/Game/Dialog/LeaveDialogRequestMessage.cs:12	0	
PauseDialogMessage	6210	refs/GinyCore/Giny.Protocol/Messages/Game/Dialog/PauseDialogMessage.cs:12	1	dialogType:byte
EntitiesInformationMessage	4126	refs/GinyCore/Giny.Protocol/Messages/Game/Entity/EntitiesInformationMessage.cs:12	1	entities:EntityInformation[]
EntityInformationMessage	6691	refs/GinyCore/Giny.Protocol/Messages/Game/Entity/EntityInformationMessage.cs:12	1	entity:EntityInformation
ObjectFeedMessage	9950	refs/GinyCore/Giny.Protocol/Messages/Game/Feed/ObjectFeedMessage.cs:12	2	objectUID:int;meal:ObjectItemQuantity[]
FinishMoveListMessage	820	refs/GinyCore/Giny.Protocol/Messages/Game/Finishmoves/FinishMoveListMessage.cs:12	1	finishMoves:FinishMoveInformations[]
FinishMoveListRequestMessage	2091	refs/GinyCore/Giny.Protocol/Messages/Game/Finishmoves/FinishMoveListRequestMessage.cs:12	0	
FinishMoveSetRequestMessage	7408	refs/GinyCore/Giny.Protocol/Messages/Game/Finishmoves/FinishMoveSetRequestMessage.cs:12	2	finishMoveId:int;finishMoveState:bool
AcquaintanceAddedMessage	2313	refs/GinyCore/Giny.Protocol/Messages/Game/Friend/AcquaintanceAddedMessage.cs:12	1	acquaintanceAdded:AcquaintanceInformation
AcquaintancesGetListMessage	1878	refs/GinyCore/Giny.Protocol/Messages/Game/Friend/AcquaintancesGetListMessage.cs:12	0	
AcquaintancesListMessage	6963	refs/GinyCore/Giny.Protocol/Messages/Game/Friend/AcquaintancesListMessage.cs:12	1	acquaintanceList:AcquaintanceInformation[]
ContactAddFailureMessage	8667	refs/GinyCore/Giny.Protocol/Messages/Game/Friend/ContactAddFailureMessage.cs:12	1	reason:byte
FriendAddFailureMessage	9647	refs/GinyCore/Giny.Protocol/Messages/Game/Friend/FriendAddFailureMessage.cs:12	1	reason:byte
FriendAddRequestMessage	2663	refs/GinyCore/Giny.Protocol/Messages/Game/Friend/FriendAddRequestMessage.cs:12	1	target:AbstractPlayerSearchInformation
FriendAddedMessage	4007	refs/GinyCore/Giny.Protocol/Messages/Game/Friend/FriendAddedMessage.cs:12	1	friendAdded:FriendInformations
FriendDeleteRequestMessage	5058	refs/GinyCore/Giny.Protocol/Messages/Game/Friend/FriendDeleteRequestMessage.cs:12	1	accountId:int
FriendDeleteResultMessage	7028	refs/GinyCore/Giny.Protocol/Messages/Game/Friend/FriendDeleteResultMessage.cs:12	2	success:bool;tag:AccountTagInformation
FriendJoinRequestMessage	3127	refs/GinyCore/Giny.Protocol/Messages/Game/Friend/FriendJoinRequestMessage.cs:12	1	target:AbstractPlayerSearchInformation
FriendSetStatusShareMessage	9293	refs/GinyCore/Giny.Protocol/Messages/Game/Friend/FriendSetStatusShareMessage.cs:12	1	share:bool
FriendSetWarnOnConnectionMessage	879	refs/GinyCore/Giny.Protocol/Messages/Game/Friend/FriendSetWarnOnConnectionMessage.cs:12	1	enable:bool
FriendSetWarnOnLevelGainMessage	5892	refs/GinyCore/Giny.Protocol/Messages/Game/Friend/FriendSetWarnOnLevelGainMessage.cs:12	1	enable:bool
FriendSpouseFollowWithCompassRequestMessage	5971	refs/GinyCore/Giny.Protocol/Messages/Game/Friend/FriendSpouseFollowWithCompassRequestMessage.cs:12	1	enable:bool
FriendSpouseJoinRequestMessage	3457	refs/GinyCore/Giny.Protocol/Messages/Game/Friend/FriendSpouseJoinRequestMessage.cs:12	0	
FriendStatusShareStateMessage	3877	refs/GinyCore/Giny.Protocol/Messages/Game/Friend/FriendStatusShareStateMessage.cs:12	1	share:bool
FriendUpdateMessage	7984	refs/GinyCore/Giny.Protocol/Messages/Game/Friend/FriendUpdateMessage.cs:12	1	friendUpdated:FriendInformations
FriendWarnOnConnectionStateMessage	2872	refs/GinyCore/Giny.Protocol/Messages/Game/Friend/FriendWarnOnConnectionStateMessage.cs:12	1	enable:bool
FriendWarnOnLevelGainStateMessage	2454	refs/GinyCore/Giny.Protocol/Messages/Game/Friend/FriendWarnOnLevelGainStateMessage.cs:12	1	enable:bool
FriendsGetListMessage	9692	refs/GinyCore/Giny.Protocol/Messages/Game/Friend/FriendsGetListMessage.cs:12	0	
FriendsListMessage	4381	refs/GinyCore/Giny.Protocol/Messages/Game/Friend/FriendsListMessage.cs:12	1	friendsList:FriendInformations[]
GuildMemberSetWarnOnConnectionMessage	5929	refs/GinyCore/Giny.Protocol/Messages/Game/Friend/GuildMemberSetWarnOnConnectionMessage.cs:12	1	enable:bool
GuildMemberWarnOnConnectionStateMessage	5224	refs/GinyCore/Giny.Protocol/Messages/Game/Friend/GuildMemberWarnOnConnectionStateMessage.cs:12	1	enable:bool
IgnoredAddFailureMessage	9152	refs/GinyCore/Giny.Protocol/Messages/Game/Friend/IgnoredAddFailureMessage.cs:12	1	reason:byte
IgnoredAddRequestMessage	5826	refs/GinyCore/Giny.Protocol/Messages/Game/Friend/IgnoredAddRequestMessage.cs:12	2	target:AbstractPlayerSearchInformation;session:bool
IgnoredAddedMessage	4502	refs/GinyCore/Giny.Protocol/Messages/Game/Friend/IgnoredAddedMessage.cs:12	2	ignoreAdded:IgnoredInformations;session:bool
IgnoredDeleteRequestMessage	6327	refs/GinyCore/Giny.Protocol/Messages/Game/Friend/IgnoredDeleteRequestMessage.cs:12	2	accountId:int;session:bool
IgnoredDeleteResultMessage	2242	refs/GinyCore/Giny.Protocol/Messages/Game/Friend/IgnoredDeleteResultMessage.cs:12	3	success:bool;tag:AccountTagInformation;session:bool
IgnoredGetListMessage	4049	refs/GinyCore/Giny.Protocol/Messages/Game/Friend/IgnoredGetListMessage.cs:12	0	
IgnoredListMessage	802	refs/GinyCore/Giny.Protocol/Messages/Game/Friend/IgnoredListMessage.cs:12	1	ignoredList:IgnoredInformations[]
SpouseGetInformationsMessage	1044	refs/GinyCore/Giny.Protocol/Messages/Game/Friend/SpouseGetInformationsMessage.cs:12	0	
SpouseInformationsMessage	9621	refs/GinyCore/Giny.Protocol/Messages/Game/Friend/SpouseInformationsMessage.cs:12	1	spouse:FriendSpouseInformations
SpouseStatusMessage	2627	refs/GinyCore/Giny.Protocol/Messages/Game/Friend/SpouseStatusMessage.cs:12	1	hasSpouse:bool
WarnOnPermaDeathStateMessage	6545	refs/GinyCore/Giny.Protocol/Messages/Game/Friend/WarnOnPermaDeathStateMessage.cs:12	1	enable:bool
GuestLimitationMessage	8462	refs/GinyCore/Giny.Protocol/Messages/Game/Guest/GuestLimitationMessage.cs:12	1	reason:byte
GuestModeMessage	6692	refs/GinyCore/Giny.Protocol/Messages/Game/Guest/GuestModeMessage.cs:12	1	active:bool
GuildApplicationAnswerMessage	507	refs/GinyCore/Giny.Protocol/Messages/Game/Guild/Application/GuildApplicationAnswerMessage.cs:12	2	accepted:bool;playerId:long
GuildApplicationDeletedMessage	2156	refs/GinyCore/Giny.Protocol/Messages/Game/Guild/Application/GuildApplicationDeletedMessage.cs:12	1	deleted:bool
GuildApplicationIsAnsweredMessage	3119	refs/GinyCore/Giny.Protocol/Messages/Game/Guild/Application/GuildApplicationIsAnsweredMessage.cs:12	2	accepted:bool;guildInformation:GuildInformations
GuildApplicationListenMessage	1646	refs/GinyCore/Giny.Protocol/Messages/Game/Guild/Application/GuildApplicationListenMessage.cs:12	1	listen:bool
GuildApplicationReceivedMessage	8561	refs/GinyCore/Giny.Protocol/Messages/Game/Guild/Application/GuildApplicationReceivedMessage.cs:12	2	playerName:string;playerId:long
GuildDeleteApplicationRequestMessage	1057	refs/GinyCore/Giny.Protocol/Messages/Game/Guild/Application/GuildDeleteApplicationRequestMessage.cs:12	0	
GuildGetPlayerApplicationMessage	5389	refs/GinyCore/Giny.Protocol/Messages/Game/Guild/Application/GuildGetPlayerApplicationMessage.cs:12	0	
GuildListApplicationAnswerMessage	169	refs/GinyCore/Giny.Protocol/Messages/Game/Guild/Application/GuildListApplicationAnswerMessage.cs:12	1	applies:GuildApplicationInformation[]
GuildListApplicationModifiedMessage	4943	refs/GinyCore/Giny.Protocol/Messages/Game/Guild/Application/GuildListApplicationModifiedMessage.cs:12	3	apply:GuildApplicationInformation;state:byte;playerId:long
GuildListApplicationRequestMessage	9014	refs/GinyCore/Giny.Protocol/Messages/Game/Guild/Application/GuildListApplicationRequestMessage.cs:12	0	
GuildPlayerApplicationAbstractMessage	816	refs/GinyCore/Giny.Protocol/Messages/Game/Guild/Application/GuildPlayerApplicationAbstractMessage.cs:12	0	
GuildPlayerApplicationInformationMessage	1200	refs/GinyCore/Giny.Protocol/Messages/Game/Guild/Application/GuildPlayerApplicationInformationMessage.cs:12	2	guildInformation:GuildInformations;apply:GuildApplicationInformation
GuildPlayerNoApplicationInformationMessage	2644	refs/GinyCore/Giny.Protocol/Messages/Game/Guild/Application/GuildPlayerNoApplicationInformationMessage.cs:12	0	
GuildSubmitApplicationMessage	6315	refs/GinyCore/Giny.Protocol/Messages/Game/Guild/Application/GuildSubmitApplicationMessage.cs:12	13	applyText:string;guildId:int;timeSpent:int;filterLanguage:string;filterAmbiance:string;filterPlaytime:string;filterInterest:string;filterMinMaxGuildLevel:string;filterRecruitmentType:string;filterMinMaxCharacterLevel:string;filterMinMaxAchievement:string;filterSearchName:string;filterLastSort:string
GuildUpdateApplicationMessage	2139	refs/GinyCore/Giny.Protocol/Messages/Game/Guild/Application/GuildUpdateApplicationMessage.cs:12	2	applyText:string;guildId:int
GuildUpdateNoteMessage	5967	refs/GinyCore/Giny.Protocol/Messages/Game/Guild/Application/GuildUpdateNoteMessage.cs:12	2	memberId:long;note:string
ChallengeFightJoinRefusedMessage	4862	refs/GinyCore/Giny.Protocol/Messages/Game/Guild/ChallengeFightJoinRefusedMessage.cs:12	2	playerId:long;reason:byte
AddListenerOnSynchronizedStorageMessage	4465	refs/GinyCore/Giny.Protocol/Messages/Game/Guild/Chest/AddListenerOnSynchronizedStorageMessage.cs:12	1	player:string
ListenersOfSynchronizedStorageMessage	8019	refs/GinyCore/Giny.Protocol/Messages/Game/Guild/Chest/ListenersOfSynchronizedStorageMessage.cs:12	1	players:string[]
RemoveListenerOnSynchronizedStorageMessage	107	refs/GinyCore/Giny.Protocol/Messages/Game/Guild/Chest/RemoveListenerOnSynchronizedStorageMessage.cs:12	1	player:string
CreateGuildRankRequestMessage	6955	refs/GinyCore/Giny.Protocol/Messages/Game/Guild/CreateGuildRankRequestMessage.cs:12	3	parentRankId:int;gfxId:int;name:string
GuildBulletinMessage	131	refs/GinyCore/Giny.Protocol/Messages/Game/Guild/GuildBulletinMessage.cs:12	0	
GuildBulletinSetErrorMessage	4748	refs/GinyCore/Giny.Protocol/Messages/Game/Guild/GuildBulletinSetErrorMessage.cs:12	0	
GuildBulletinSetRequestMessage	9338	refs/GinyCore/Giny.Protocol/Messages/Game/Guild/GuildBulletinSetRequestMessage.cs:12	2	content:string;notifyMembers:bool
GuildChangeMemberParametersMessage	9008	refs/GinyCore/Giny.Protocol/Messages/Game/Guild/GuildChangeMemberParametersMessage.cs:12	3	memberId:long;rankId:int;experienceGivenPercent:byte
GuildCharacsUpgradeRequestMessage	7782	refs/GinyCore/Giny.Protocol/Messages/Game/Guild/GuildCharacsUpgradeRequestMessage.cs:12	1	charaTypeTarget:byte
GuildCreationResultMessage	7696	refs/GinyCore/Giny.Protocol/Messages/Game/Guild/GuildCreationResultMessage.cs:12	1	result:byte
GuildCreationStartedMessage	9948	refs/GinyCore/Giny.Protocol/Messages/Game/Guild/GuildCreationStartedMessage.cs:12	0	
GuildCreationValidMessage	428	refs/GinyCore/Giny.Protocol/Messages/Game/Guild/GuildCreationValidMessage.cs:12	2	guildName:string;guildEmblem:GuildEmblem
GuildFactsErrorMessage	3499	refs/GinyCore/Giny.Protocol/Messages/Game/Guild/GuildFactsErrorMessage.cs:12	1	guildId:int
GuildFactsMessage	1750	refs/GinyCore/Giny.Protocol/Messages/Game/Guild/GuildFactsMessage.cs:12	4	infos:GuildFactSheetInformations;creationDate:int;nbTaxCollectors:short;members:CharacterMinimalGuildPublicInformations[]
GuildFactsRequestMessage	5203	refs/GinyCore/Giny.Protocol/Messages/Game/Guild/GuildFactsRequestMessage.cs:12	1	guildId:int
GuildGetInformationsMessage	5912	refs/GinyCore/Giny.Protocol/Messages/Game/Guild/GuildGetInformationsMessage.cs:12	1	infoType:byte
GuildHouseRemoveMessage	1663	refs/GinyCore/Giny.Protocol/Messages/Game/Guild/GuildHouseRemoveMessage.cs:12	3	houseId:int;instanceId:int;secondHand:bool
GuildHouseUpdateInformationMessage	5248	refs/GinyCore/Giny.Protocol/Messages/Game/Guild/GuildHouseUpdateInformationMessage.cs:12	1	housesInformations:HouseInformationsForGuild
GuildHousesInformationMessage	5298	refs/GinyCore/Giny.Protocol/Messages/Game/Guild/GuildHousesInformationMessage.cs:12	1	housesInformations:HouseInformationsForGuild[]
GuildInAllianceFactsMessage	3808	refs/GinyCore/Giny.Protocol/Messages/Game/Guild/GuildInAllianceFactsMessage.cs:12	1	allianceInfos:BasicNamedAllianceInformations
GuildInformationsGeneralMessage	3873	refs/GinyCore/Giny.Protocol/Messages/Game/Guild/GuildInformationsGeneralMessage.cs:12	8	abandonnedPaddock:bool;level:byte;expLevelFloor:long;experience:long;expNextLevelFloor:long;creationDate:int;nbTotalMembers:short;nbConnectedMembers:short
GuildInformationsMemberUpdateMessage	2768	refs/GinyCore/Giny.Protocol/Messages/Game/Guild/GuildInformationsMemberUpdateMessage.cs:12	1	member:GuildMember
GuildInformationsMembersMessage	6736	refs/GinyCore/Giny.Protocol/Messages/Game/Guild/GuildInformationsMembersMessage.cs:12	1	members:GuildMember[]
GuildInformationsPaddocksMessage	1386	refs/GinyCore/Giny.Protocol/Messages/Game/Guild/GuildInformationsPaddocksMessage.cs:12	2	nbPaddockMax:byte;paddocksInformations:PaddockContentInformations[]
GuildInfosUpgradeMessage	9899	refs/GinyCore/Giny.Protocol/Messages/Game/Guild/GuildInfosUpgradeMessage.cs:12	10	maxTaxCollectorsCount:byte;taxCollectorsCount:byte;taxCollectorLifePoints:short;taxCollectorDamagesBonuses:short;taxCollectorPods:short;taxCollectorProspecting:short;taxCollectorWisdom:short;boostPoints:short;spellId:short[];spellLevel:short[]
GuildInvitationAnswerMessage	8207	refs/GinyCore/Giny.Protocol/Messages/Game/Guild/GuildInvitationAnswerMessage.cs:12	1	accept:bool
GuildInvitationMessage	2174	refs/GinyCore/Giny.Protocol/Messages/Game/Guild/GuildInvitationMessage.cs:12	1	targetId:long
GuildInvitationSearchMessage	756	refs/GinyCore/Giny.Protocol/Messages/Game/Guild/GuildInvitationSearchMessage.cs:12	1	target:AbstractPlayerSearchInformation
GuildInvitationStateRecrutedMessage	3106	refs/GinyCore/Giny.Protocol/Messages/Game/Guild/GuildInvitationStateRecrutedMessage.cs:12	1	invitationState:byte
GuildInvitationStateRecruterMessage	2787	refs/GinyCore/Giny.Protocol/Messages/Game/Guild/GuildInvitationStateRecruterMessage.cs:12	2	recrutedName:string;invitationState:byte
GuildInvitedMessage	9234	refs/GinyCore/Giny.Protocol/Messages/Game/Guild/GuildInvitedMessage.cs:12	3	recruterId:long;recruterName:string;guildInfo:BasicGuildInformations
GuildJoinAutomaticallyRequestMessage	3965	refs/GinyCore/Giny.Protocol/Messages/Game/Guild/GuildJoinAutomaticallyRequestMessage.cs:12	1	guildId:int
GuildJoinedMessage	2641	refs/GinyCore/Giny.Protocol/Messages/Game/Guild/GuildJoinedMessage.cs:12	2	guildInfo:GuildInformations;rankId:int
GuildKickRequestMessage	983	refs/GinyCore/Giny.Protocol/Messages/Game/Guild/GuildKickRequestMessage.cs:12	1	kickedId:long
GuildLeftMessage	3734	refs/GinyCore/Giny.Protocol/Messages/Game/Guild/GuildLeftMessage.cs:12	0	
GuildLevelUpMessage	3477	refs/GinyCore/Giny.Protocol/Messages/Game/Guild/GuildLevelUpMessage.cs:12	1	newLevel:byte
GuildListMessage	3993	refs/GinyCore/Giny.Protocol/Messages/Game/Guild/GuildListMessage.cs:12	1	guilds:GuildInformations[]
GuildMemberLeavingMessage	6137	refs/GinyCore/Giny.Protocol/Messages/Game/Guild/GuildMemberLeavingMessage.cs:12	2	kicked:bool;memberId:long
GuildMemberOnlineStatusMessage	4229	refs/GinyCore/Giny.Protocol/Messages/Game/Guild/GuildMemberOnlineStatusMessage.cs:12	2	memberId:long;online:bool
GuildMembershipMessage	2565	refs/GinyCore/Giny.Protocol/Messages/Game/Guild/GuildMembershipMessage.cs:12	0	
GuildModificationEmblemValidMessage	4216	refs/GinyCore/Giny.Protocol/Messages/Game/Guild/GuildModificationEmblemValidMessage.cs:12	1	guildEmblem:GuildEmblem
GuildModificationNameValidMessage	866	refs/GinyCore/Giny.Protocol/Messages/Game/Guild/GuildModificationNameValidMessage.cs:12	1	guildName:string
GuildModificationStartedMessage	4342	refs/GinyCore/Giny.Protocol/Messages/Game/Guild/GuildModificationStartedMessage.cs:12	2	canChangeName:bool;canChangeEmblem:bool
GuildModificationValidMessage	8608	refs/GinyCore/Giny.Protocol/Messages/Game/Guild/GuildModificationValidMessage.cs:12	2	guildName:string;guildEmblem:GuildEmblem
GuildMotdMessage	5546	refs/GinyCore/Giny.Protocol/Messages/Game/Guild/GuildMotdMessage.cs:12	0	
GuildMotdSetErrorMessage	7761	refs/GinyCore/Giny.Protocol/Messages/Game/Guild/GuildMotdSetErrorMessage.cs:12	0	
GuildMotdSetRequestMessage	6900	refs/GinyCore/Giny.Protocol/Messages/Game/Guild/GuildMotdSetRequestMessage.cs:12	1	content:string
GuildPaddockBoughtMessage	5835	refs/GinyCore/Giny.Protocol/Messages/Game/Guild/GuildPaddockBoughtMessage.cs:12	1	paddockInfo:PaddockContentInformations
GuildPaddockRemovedMessage	3096	refs/GinyCore/Giny.Protocol/Messages/Game/Guild/GuildPaddockRemovedMessage.cs:12	1	paddockId:double
GuildPaddockTeleportRequestMessage	9763	refs/GinyCore/Giny.Protocol/Messages/Game/Guild/GuildPaddockTeleportRequestMessage.cs:12	1	paddockId:double
GuildRanksMessage	1680	refs/GinyCore/Giny.Protocol/Messages/Game/Guild/GuildRanksMessage.cs:12	1	ranks:GuildRankInformation[]
GuildRanksRequestMessage	2213	refs/GinyCore/Giny.Protocol/Messages/Game/Guild/GuildRanksRequestMessage.cs:12	0	
GuildSpellUpgradeRequestMessage	6495	refs/GinyCore/Giny.Protocol/Messages/Game/Guild/GuildSpellUpgradeRequestMessage.cs:12	1	spellId:int
GuildSummaryMessage	912	refs/GinyCore/Giny.Protocol/Messages/Game/Guild/GuildSummaryMessage.cs:12	1	guilds:GuildFactSheetInformations[]
GuildSummaryRequestMessage	7603	refs/GinyCore/Giny.Protocol/Messages/Game/Guild/GuildSummaryRequestMessage.cs:12	13	nameFilter:string;hideFullFilter:bool;criterionFilter:int[];languagesFilter:int[];recruitmentTypeFilter:byte[];minLevelFilter:short;maxLevelFilter:short;minPlayerLevelFilter:short;maxPlayerLevelFilter:short;minSuccessFilter:int;maxSuccessFilter:int;sortType:byte;sortDescending:bool
GuildVersatileInfoListMessage	6214	refs/GinyCore/Giny.Protocol/Messages/Game/Guild/GuildVersatileInfoListMessage.cs:12	1	guilds:GuildVersatileInformations[]
GuildLogbookInformationMessage	7468	refs/GinyCore/Giny.Protocol/Messages/Game/Guild/Logbook/GuildLogbookInformationMessage.cs:12	2	globalActivities:GuildLogbookEntryBasicInformation[];chestActivities:GuildLogbookEntryBasicInformation[]
GuildLogbookInformationRequestMessage	9434	refs/GinyCore/Giny.Protocol/Messages/Game/Guild/Logbook/GuildLogbookInformationRequestMessage.cs:12	0	
GuildRecruitmentInvalidateMessage	6055	refs/GinyCore/Giny.Protocol/Messages/Game/Guild/Recruitment/GuildRecruitmentInvalidateMessage.cs:12	0	
RecruitmentInformationMessage	9761	refs/GinyCore/Giny.Protocol/Messages/Game/Guild/Recruitment/RecruitmentInformationMessage.cs:12	1	recruitmentData:GuildRecruitmentInformation
UpdateRecruitmentInformationMessage	4441	refs/GinyCore/Giny.Protocol/Messages/Game/Guild/Recruitment/UpdateRecruitmentInformationMessage.cs:12	1	recruitmentData:GuildRecruitmentInformation
RemoveGuildRankRequestMessage	2691	refs/GinyCore/Giny.Protocol/Messages/Game/Guild/RemoveGuildRankRequestMessage.cs:12	2	rankId:int;newRankId:int
AbstractTaxCollectorListMessage	1669	refs/GinyCore/Giny.Protocol/Messages/Game/Guild/Tax/AbstractTaxCollectorListMessage.cs:12	1	informations:TaxCollectorInformations[]
GameRolePlayTaxCollectorFightRequestMessage	5514	refs/GinyCore/Giny.Protocol/Messages/Game/Guild/Tax/GameRolePlayTaxCollectorFightRequestMessage.cs:12	0	
GuildFightJoinRequestMessage	7277	refs/GinyCore/Giny.Protocol/Messages/Game/Guild/Tax/GuildFightJoinRequestMessage.cs:12	1	taxCollectorId:double
GuildFightLeaveRequestMessage	7537	refs/GinyCore/Giny.Protocol/Messages/Game/Guild/Tax/GuildFightLeaveRequestMessage.cs:12	2	taxCollectorId:double;characterId:long
GuildFightPlayersEnemiesListMessage	2719	refs/GinyCore/Giny.Protocol/Messages/Game/Guild/Tax/GuildFightPlayersEnemiesListMessage.cs:12	2	fightId:double;playerInfo:CharacterMinimalPlusLookInformations[]
GuildFightPlayersEnemyRemoveMessage	9870	refs/GinyCore/Giny.Protocol/Messages/Game/Guild/Tax/GuildFightPlayersEnemyRemoveMessage.cs:12	2	fightId:double;playerId:long
GuildFightPlayersHelpersJoinMessage	8503	refs/GinyCore/Giny.Protocol/Messages/Game/Guild/Tax/GuildFightPlayersHelpersJoinMessage.cs:12	2	fightId:double;playerInfo:CharacterMinimalPlusLookInformations
GuildFightPlayersHelpersLeaveMessage	6244	refs/GinyCore/Giny.Protocol/Messages/Game/Guild/Tax/GuildFightPlayersHelpersLeaveMessage.cs:12	2	fightId:double;playerId:long
GuildFightTakePlaceRequestMessage	8088	refs/GinyCore/Giny.Protocol/Messages/Game/Guild/Tax/GuildFightTakePlaceRequestMessage.cs:12	1	replacedCharacterId:long
TaxCollectorAttackedMessage	8771	refs/GinyCore/Giny.Protocol/Messages/Game/Guild/Tax/TaxCollectorAttackedMessage.cs:12	7	firstNameId:short;lastNameId:short;worldX:short;worldY:short;mapId:double;subAreaId:short;guild:BasicGuildInformations
TaxCollectorAttackedResultMessage	6617	refs/GinyCore/Giny.Protocol/Messages/Game/Guild/Tax/TaxCollectorAttackedResultMessage.cs:12	3	deadOrAlive:bool;basicInfos:TaxCollectorBasicInformations;guild:BasicGuildInformations
TaxCollectorErrorMessage	4973	refs/GinyCore/Giny.Protocol/Messages/Game/Guild/Tax/TaxCollectorErrorMessage.cs:12	1	reason:byte
TaxCollectorListMessage	2693	refs/GinyCore/Giny.Protocol/Messages/Game/Guild/Tax/TaxCollectorListMessage.cs:12	3	nbcollectorMax:byte;fightersInformations:TaxCollectorFightersInformation[];infoType:byte
TaxCollectorMovementAddMessage	6849	refs/GinyCore/Giny.Protocol/Messages/Game/Guild/Tax/TaxCollectorMovementAddMessage.cs:12	1	informations:TaxCollectorInformations
TaxCollectorMovementMessage	4091	refs/GinyCore/Giny.Protocol/Messages/Game/Guild/Tax/TaxCollectorMovementMessage.cs:12	4	movementType:byte;basicInfos:TaxCollectorBasicInformations;playerId:long;playerName:string
TaxCollectorMovementRemoveMessage	4853	refs/GinyCore/Giny.Protocol/Messages/Game/Guild/Tax/TaxCollectorMovementRemoveMessage.cs:12	1	collectorId:double
TaxCollectorMovementsOfflineMessage	6816	refs/GinyCore/Giny.Protocol/Messages/Game/Guild/Tax/TaxCollectorMovementsOfflineMessage.cs:12	1	movements:TaxCollectorMovement[]
TaxCollectorStateUpdateMessage	2951	refs/GinyCore/Giny.Protocol/Messages/Game/Guild/Tax/TaxCollectorStateUpdateMessage.cs:12	2	uniqueId:double;state:byte
TopTaxCollectorListMessage	448	refs/GinyCore/Giny.Protocol/Messages/Game/Guild/Tax/TopTaxCollectorListMessage.cs:12	1	isDungeon:bool
UpdateAllGuildRankRequestMessage	6082	refs/GinyCore/Giny.Protocol/Messages/Game/Guild/UpdateAllGuildRankRequestMessage.cs:12	1	ranks:GuildRankInformation[]
UpdateGuildRankRequestMessage	1215	refs/GinyCore/Giny.Protocol/Messages/Game/Guild/UpdateGuildRankRequestMessage.cs:12	1	rank:GuildRankInformation
UpdateGuildRightsMessage	6998	refs/GinyCore/Giny.Protocol/Messages/Game/Guild/UpdateGuildRightsMessage.cs:12	2	rankId:int;rights:int[]
HouseTeleportRequestMessage	4212	refs/GinyCore/Giny.Protocol/Messages/Game/House/HouseTeleportRequestMessage.cs:12	2	houseId:int;houseInstanceId:int
IdolFightPreparationUpdateMessage	146	refs/GinyCore/Giny.Protocol/Messages/Game/Idol/IdolFightPreparationUpdateMessage.cs:12	2	idolSource:byte;idols:Idol[]
IdolListMessage	5686	refs/GinyCore/Giny.Protocol/Messages/Game/Idol/IdolListMessage.cs:12	3	chosenIdols:short[];partyChosenIdols:short[];partyIdols:PartyIdol[]
IdolPartyLostMessage	4969	refs/GinyCore/Giny.Protocol/Messages/Game/Idol/IdolPartyLostMessage.cs:12	1	idolId:short
IdolPartyRefreshMessage	2234	refs/GinyCore/Giny.Protocol/Messages/Game/Idol/IdolPartyRefreshMessage.cs:12	1	partyIdol:PartyIdol
IdolPartyRegisterRequestMessage	110	refs/GinyCore/Giny.Protocol/Messages/Game/Idol/IdolPartyRegisterRequestMessage.cs:12	1	register:bool
IdolSelectErrorMessage	7051	refs/GinyCore/Giny.Protocol/Messages/Game/Idol/IdolSelectErrorMessage.cs:12	4	reason:byte;idolId:short;activate:bool;party:bool
IdolSelectRequestMessage	97	refs/GinyCore/Giny.Protocol/Messages/Game/Idol/IdolSelectRequestMessage.cs:12	3	idolId:short;activate:bool;party:bool
IdolSelectedMessage	2306	refs/GinyCore/Giny.Protocol/Messages/Game/Idol/IdolSelectedMessage.cs:12	3	idolId:short;activate:bool;party:bool
CharacterCapabilitiesMessage	1887	refs/GinyCore/Giny.Protocol/Messages/Game/Initialization/CharacterCapabilitiesMessage.cs:12	1	guildEmblemSymbolCategories:int
CharacterLoadingCompleteMessage	7874	refs/GinyCore/Giny.Protocol/Messages/Game/Initialization/CharacterLoadingCompleteMessage.cs:12	0	
OnConnectionEventMessage	2940	refs/GinyCore/Giny.Protocol/Messages/Game/Initialization/OnConnectionEventMessage.cs:12	1	eventType:byte
ServerExperienceModificatorMessage	7253	refs/GinyCore/Giny.Protocol/Messages/Game/Initialization/ServerExperienceModificatorMessage.cs:12	1	experiencePercent:short
SetCharacterRestrictionsMessage	1254	refs/GinyCore/Giny.Protocol/Messages/Game/Initialization/SetCharacterRestrictionsMessage.cs:12	2	actorId:double;restrictions:ActorRestrictionsInformations
InteractiveElementUpdatedMessage	322	refs/GinyCore/Giny.Protocol/Messages/Game/Interactive/InteractiveElementUpdatedMessage.cs:12	1	interactiveElement:InteractiveElement
InteractiveMapUpdateMessage	8782	refs/GinyCore/Giny.Protocol/Messages/Game/Interactive/InteractiveMapUpdateMessage.cs:12	1	interactiveElements:InteractiveElement[]
InteractiveUseEndedMessage	4987	refs/GinyCore/Giny.Protocol/Messages/Game/Interactive/InteractiveUseEndedMessage.cs:12	2	elemId:int;skillId:short
InteractiveUseErrorMessage	1751	refs/GinyCore/Giny.Protocol/Messages/Game/Interactive/InteractiveUseErrorMessage.cs:12	2	elemId:int;skillInstanceUid:int
InteractiveUseRequestMessage	7841	refs/GinyCore/Giny.Protocol/Messages/Game/Interactive/InteractiveUseRequestMessage.cs:12	2	elemId:int;skillInstanceUid:int
InteractiveUsedMessage	1847	refs/GinyCore/Giny.Protocol/Messages/Game/Interactive/InteractiveUsedMessage.cs:12	5	entityId:long;elemId:int;skillId:short;duration:short;canMove:bool
TeleportBuddiesAnswerMessage	9417	refs/GinyCore/Giny.Protocol/Messages/Game/Interactive/Meeting/TeleportBuddiesAnswerMessage.cs:12	1	accept:bool
TeleportBuddiesMessage	7478	refs/GinyCore/Giny.Protocol/Messages/Game/Interactive/Meeting/TeleportBuddiesMessage.cs:12	1	dungeonId:short
TeleportBuddiesRequestedMessage	2968	refs/GinyCore/Giny.Protocol/Messages/Game/Interactive/Meeting/TeleportBuddiesRequestedMessage.cs:12	3	dungeonId:short;inviterId:long;invalidBuddiesIds:long[]
TeleportToBuddyAnswerMessage	582	refs/GinyCore/Giny.Protocol/Messages/Game/Interactive/Meeting/TeleportToBuddyAnswerMessage.cs:12	3	dungeonId:short;buddyId:long;accept:bool
TeleportToBuddyCloseMessage	332	refs/GinyCore/Giny.Protocol/Messages/Game/Interactive/Meeting/TeleportToBuddyCloseMessage.cs:12	2	dungeonId:short;buddyId:long
TeleportToBuddyOfferMessage	9960	refs/GinyCore/Giny.Protocol/Messages/Game/Interactive/Meeting/TeleportToBuddyOfferMessage.cs:12	3	dungeonId:short;buddyId:long;timeLeft:int
InteractiveUseWithParamRequestMessage	6428	refs/GinyCore/Giny.Protocol/Messages/Game/Interactive/Skill/InteractiveUseWithParamRequestMessage.cs:12	1	id:int
StatedElementUpdatedMessage	2678	refs/GinyCore/Giny.Protocol/Messages/Game/Interactive/StatedElementUpdatedMessage.cs:12	1	statedElement:StatedElement
StatedMapUpdateMessage	1576	refs/GinyCore/Giny.Protocol/Messages/Game/Interactive/StatedMapUpdateMessage.cs:12	1	statedElements:StatedElement[]
KnownZaapListMessage	1272	refs/GinyCore/Giny.Protocol/Messages/Game/Interactive/Zaap/KnownZaapListMessage.cs:12	1	destinations:double[]
TeleportDestinationsMessage	6883	refs/GinyCore/Giny.Protocol/Messages/Game/Interactive/Zaap/TeleportDestinationsMessage.cs:12	2	type:byte;destinations:TeleportDestination[]
TeleportRequestMessage	7877	refs/GinyCore/Giny.Protocol/Messages/Game/Interactive/Zaap/TeleportRequestMessage.cs:12	3	sourceType:byte;destinationType:byte;mapId:double
ZaapDestinationsMessage	4986	refs/GinyCore/Giny.Protocol/Messages/Game/Interactive/Zaap/ZaapDestinationsMessage.cs:12	1	spawnMapId:double
ZaapRespawnSaveRequestMessage	5264	refs/GinyCore/Giny.Protocol/Messages/Game/Interactive/Zaap/ZaapRespawnSaveRequestMessage.cs:12	0	
ZaapRespawnUpdatedMessage	5168	refs/GinyCore/Giny.Protocol/Messages/Game/Interactive/Zaap/ZaapRespawnUpdatedMessage.cs:12	1	mapId:double
DecraftResultMessage	3524	refs/GinyCore/Giny.Protocol/Messages/Game/Inventory/Exchanges/DecraftResultMessage.cs:12	1	results:DecraftedItemStackInfo[]
EvolutiveObjectRecycleResultMessage	8653	refs/GinyCore/Giny.Protocol/Messages/Game/Inventory/Exchanges/EvolutiveObjectRecycleResultMessage.cs:12	1	recycledItems:RecycledItem[]
ExchangeAcceptMessage	9686	refs/GinyCore/Giny.Protocol/Messages/Game/Inventory/Exchanges/ExchangeAcceptMessage.cs:12	0	
ExchangeBidHouseBuyMessage	6750	refs/GinyCore/Giny.Protocol/Messages/Game/Inventory/Exchanges/ExchangeBidHouseBuyMessage.cs:12	3	uid:int;qty:int;price:long
ExchangeBidHouseBuyResultMessage	1678	refs/GinyCore/Giny.Protocol/Messages/Game/Inventory/Exchanges/ExchangeBidHouseBuyResultMessage.cs:12	2	uid:int;bought:bool
ExchangeBidHouseGenericItemAddedMessage	554	refs/GinyCore/Giny.Protocol/Messages/Game/Inventory/Exchanges/ExchangeBidHouseGenericItemAddedMessage.cs:12	1	objGenericId:short
ExchangeBidHouseGenericItemRemovedMessage	9863	refs/GinyCore/Giny.Protocol/Messages/Game/Inventory/Exchanges/ExchangeBidHouseGenericItemRemovedMessage.cs:12	1	objGenericId:short
ExchangeBidHouseInListAddedMessage	7717	refs/GinyCore/Giny.Protocol/Messages/Game/Inventory/Exchanges/ExchangeBidHouseInListAddedMessage.cs:12	5	itemUID:int;objectGID:short;objectType:int;effects:ObjectEffect[];prices:long[]
ExchangeBidHouseInListRemovedMessage	3886	refs/GinyCore/Giny.Protocol/Messages/Game/Inventory/Exchanges/ExchangeBidHouseInListRemovedMessage.cs:12	3	itemUID:int;objectGID:short;objectType:int
ExchangeBidHouseInListUpdatedMessage	5004	refs/GinyCore/Giny.Protocol/Messages/Game/Inventory/Exchanges/ExchangeBidHouseInListUpdatedMessage.cs:12	0	
ExchangeBidHouseItemAddOkMessage	3308	refs/GinyCore/Giny.Protocol/Messages/Game/Inventory/Exchanges/ExchangeBidHouseItemAddOkMessage.cs:12	1	itemInfo:ObjectItemToSellInBid
ExchangeBidHouseItemRemoveOkMessage	3056	refs/GinyCore/Giny.Protocol/Messages/Game/Inventory/Exchanges/ExchangeBidHouseItemRemoveOkMessage.cs:12	1	sellerId:int
ExchangeBidHouseListMessage	1929	refs/GinyCore/Giny.Protocol/Messages/Game/Inventory/Exchanges/ExchangeBidHouseListMessage.cs:12	2	id:short;follow:bool
ExchangeBidHousePriceMessage	361	refs/GinyCore/Giny.Protocol/Messages/Game/Inventory/Exchanges/ExchangeBidHousePriceMessage.cs:12	1	genId:short
ExchangeBidHouseSearchMessage	6174	refs/GinyCore/Giny.Protocol/Messages/Game/Inventory/Exchanges/ExchangeBidHouseSearchMessage.cs:12	2	genId:short;follow:bool
ExchangeBidHouseTypeMessage	690	refs/GinyCore/Giny.Protocol/Messages/Game/Inventory/Exchanges/ExchangeBidHouseTypeMessage.cs:12	2	type:int;follow:bool
ExchangeBidHouseUnsoldItemsMessage	2886	refs/GinyCore/Giny.Protocol/Messages/Game/Inventory/Exchanges/ExchangeBidHouseUnsoldItemsMessage.cs:12	1	items:ObjectItemGenericQuantity[]
ExchangeBidPriceForSellerMessage	2252	refs/GinyCore/Giny.Protocol/Messages/Game/Inventory/Exchanges/ExchangeBidPriceForSellerMessage.cs:12	2	allIdentical:bool;minimalPrices:long[]
ExchangeBidPriceMessage	4385	refs/GinyCore/Giny.Protocol/Messages/Game/Inventory/Exchanges/ExchangeBidPriceMessage.cs:12	2	genericId:short;averagePrice:long
ExchangeBidSearchOkMessage	7437	refs/GinyCore/Giny.Protocol/Messages/Game/Inventory/Exchanges/ExchangeBidSearchOkMessage.cs:12	0	
ExchangeBuyMessage	5063	refs/GinyCore/Giny.Protocol/Messages/Game/Inventory/Exchanges/ExchangeBuyMessage.cs:12	2	objectToBuyId:int;quantity:int
ExchangeBuyOkMessage	8692	refs/GinyCore/Giny.Protocol/Messages/Game/Inventory/Exchanges/ExchangeBuyOkMessage.cs:12	0	
ExchangeCraftCountModifiedMessage	1816	refs/GinyCore/Giny.Protocol/Messages/Game/Inventory/Exchanges/ExchangeCraftCountModifiedMessage.cs:12	1	count:int
ExchangeCraftCountRequestMessage	1472	refs/GinyCore/Giny.Protocol/Messages/Game/Inventory/Exchanges/ExchangeCraftCountRequestMessage.cs:12	1	count:int
ExchangeCraftPaymentModificationRequestMessage	9683	refs/GinyCore/Giny.Protocol/Messages/Game/Inventory/Exchanges/ExchangeCraftPaymentModificationRequestMessage.cs:12	1	quantity:long
ExchangeCraftPaymentModifiedMessage	9955	refs/GinyCore/Giny.Protocol/Messages/Game/Inventory/Exchanges/ExchangeCraftPaymentModifiedMessage.cs:12	1	goldSum:long
ExchangeCraftResultMagicWithObjectDescMessage	2638	refs/GinyCore/Giny.Protocol/Messages/Game/Inventory/Exchanges/ExchangeCraftResultMagicWithObjectDescMessage.cs:12	1	magicPoolStatus:byte
ExchangeCraftResultMessage	5921	refs/GinyCore/Giny.Protocol/Messages/Game/Inventory/Exchanges/ExchangeCraftResultMessage.cs:12	1	craftResult:byte
ExchangeCraftResultWithObjectDescMessage	1134	refs/GinyCore/Giny.Protocol/Messages/Game/Inventory/Exchanges/ExchangeCraftResultWithObjectDescMessage.cs:12	1	objectInfo:ObjectItemNotInContainer
ExchangeCraftResultWithObjectIdMessage	7497	refs/GinyCore/Giny.Protocol/Messages/Game/Inventory/Exchanges/ExchangeCraftResultWithObjectIdMessage.cs:12	1	objectGenericId:short
ExchangeCrafterJobLevelupMessage	7102	refs/GinyCore/Giny.Protocol/Messages/Game/Inventory/Exchanges/ExchangeCrafterJobLevelupMessage.cs:12	1	crafterJobLevel:byte
ExchangeErrorMessage	3014	refs/GinyCore/Giny.Protocol/Messages/Game/Inventory/Exchanges/ExchangeErrorMessage.cs:12	1	errorType:byte
ExchangeGuildTaxCollectorGetMessage	8831	refs/GinyCore/Giny.Protocol/Messages/Game/Inventory/Exchanges/ExchangeGuildTaxCollectorGetMessage.cs:12	11	collectorName:string;worldX:short;worldY:short;mapId:double;subAreaId:short;userName:string;callerId:long;callerName:string;experience:double;pods:short;objectsInfos:ObjectItemGenericQuantity[]
ExchangeHandleMountsMessage	4518	refs/GinyCore/Giny.Protocol/Messages/Game/Inventory/Exchanges/ExchangeHandleMountsMessage.cs:12	2	actionType:byte;ridesId:int[]
ExchangeIsReadyMessage	3414	refs/GinyCore/Giny.Protocol/Messages/Game/Inventory/Exchanges/ExchangeIsReadyMessage.cs:12	2	id:double;ready:bool
ExchangeItemAutoCraftStopedMessage	321	refs/GinyCore/Giny.Protocol/Messages/Game/Inventory/Exchanges/ExchangeItemAutoCraftStopedMessage.cs:12	1	reason:byte
ExchangeLeaveMessage	5922	refs/GinyCore/Giny.Protocol/Messages/Game/Inventory/Exchanges/ExchangeLeaveMessage.cs:12	1	success:bool
ExchangeMoneyMovementInformationMessage	98	refs/GinyCore/Giny.Protocol/Messages/Game/Inventory/Exchanges/ExchangeMoneyMovementInformationMessage.cs:12	1	limit:long
ExchangeMountFreeFromPaddockMessage	3489	refs/GinyCore/Giny.Protocol/Messages/Game/Inventory/Exchanges/ExchangeMountFreeFromPaddockMessage.cs:12	4	name:string;worldX:short;worldY:short;liberator:string
ExchangeMountStableErrorMessage	9364	refs/GinyCore/Giny.Protocol/Messages/Game/Inventory/Exchanges/ExchangeMountStableErrorMessage.cs:12	0	
ExchangeMountSterilizeFromPaddockMessage	7786	refs/GinyCore/Giny.Protocol/Messages/Game/Inventory/Exchanges/ExchangeMountSterilizeFromPaddockMessage.cs:12	4	name:string;worldX:short;worldY:short;sterilizator:string
ExchangeMountsPaddockAddMessage	6928	refs/GinyCore/Giny.Protocol/Messages/Game/Inventory/Exchanges/ExchangeMountsPaddockAddMessage.cs:12	1	mountDescription:MountClientData[]
ExchangeMountsPaddockRemoveMessage	4356	refs/GinyCore/Giny.Protocol/Messages/Game/Inventory/Exchanges/ExchangeMountsPaddockRemoveMessage.cs:12	1	mountsId:int[]
ExchangeMountsStableAddMessage	3365	refs/GinyCore/Giny.Protocol/Messages/Game/Inventory/Exchanges/ExchangeMountsStableAddMessage.cs:12	1	mountDescription:MountClientData[]
ExchangeMountsStableBornAddMessage	4141	refs/GinyCore/Giny.Protocol/Messages/Game/Inventory/Exchanges/ExchangeMountsStableBornAddMessage.cs:12	0	
ExchangeMountsStableRemoveMessage	4382	refs/GinyCore/Giny.Protocol/Messages/Game/Inventory/Exchanges/ExchangeMountsStableRemoveMessage.cs:12	1	mountsId:int[]
ExchangeMountsTakenFromPaddockMessage	836	refs/GinyCore/Giny.Protocol/Messages/Game/Inventory/Exchanges/ExchangeMountsTakenFromPaddockMessage.cs:12	4	name:string;worldX:short;worldY:short;ownername:string
ExchangeObjectAddedMessage	6633	refs/GinyCore/Giny.Protocol/Messages/Game/Inventory/Exchanges/ExchangeObjectAddedMessage.cs:12	0	
ExchangeObjectMessage	8683	refs/GinyCore/Giny.Protocol/Messages/Game/Inventory/Exchanges/ExchangeObjectMessage.cs:12	1	remote:bool
ExchangeObjectModifyPricedMessage	6429	refs/GinyCore/Giny.Protocol/Messages/Game/Inventory/Exchanges/ExchangeObjectModifyPricedMessage.cs:12	0	
ExchangeObjectMoveKamaMessage	200	refs/GinyCore/Giny.Protocol/Messages/Game/Inventory/Exchanges/ExchangeObjectMoveKamaMessage.cs:12	1	quantity:long
ExchangeObjectMoveMessage	150	refs/GinyCore/Giny.Protocol/Messages/Game/Inventory/Exchanges/ExchangeObjectMoveMessage.cs:12	2	objectUID:int;quantity:int
ExchangeObjectMovePricedMessage	3046	refs/GinyCore/Giny.Protocol/Messages/Game/Inventory/Exchanges/ExchangeObjectMovePricedMessage.cs:12	1	price:long
ExchangeObjectTransfertAllFromInvMessage	4184	refs/GinyCore/Giny.Protocol/Messages/Game/Inventory/Exchanges/ExchangeObjectTransfertAllFromInvMessage.cs:12	0	
ExchangeObjectTransfertAllToInvMessage	7461	refs/GinyCore/Giny.Protocol/Messages/Game/Inventory/Exchanges/ExchangeObjectTransfertAllToInvMessage.cs:12	0	
ExchangeObjectTransfertExistingFromInvMessage	7481	refs/GinyCore/Giny.Protocol/Messages/Game/Inventory/Exchanges/ExchangeObjectTransfertExistingFromInvMessage.cs:12	0	
ExchangeObjectTransfertExistingToInvMessage	4811	refs/GinyCore/Giny.Protocol/Messages/Game/Inventory/Exchanges/ExchangeObjectTransfertExistingToInvMessage.cs:12	0	
ExchangeObjectTransfertListFromInvMessage	9083	refs/GinyCore/Giny.Protocol/Messages/Game/Inventory/Exchanges/ExchangeObjectTransfertListFromInvMessage.cs:12	1	ids:int[]
ExchangeObjectTransfertListToInvMessage	1051	refs/GinyCore/Giny.Protocol/Messages/Game/Inventory/Exchanges/ExchangeObjectTransfertListToInvMessage.cs:12	1	ids:int[]
ExchangeObjectTransfertListWithQuantityToInvMessage	9233	refs/GinyCore/Giny.Protocol/Messages/Game/Inventory/Exchanges/ExchangeObjectTransfertListWithQuantityToInvMessage.cs:12	2	ids:int[];qtys:int[]
ExchangeObjectUseInWorkshopMessage	4324	refs/GinyCore/Giny.Protocol/Messages/Game/Inventory/Exchanges/ExchangeObjectUseInWorkshopMessage.cs:12	2	objectUID:int;quantity:int
ExchangeObjectsAddedMessage	4786	refs/GinyCore/Giny.Protocol/Messages/Game/Inventory/Exchanges/ExchangeObjectsAddedMessage.cs:12	0	
ExchangeOfflineSoldItemsMessage	6012	refs/GinyCore/Giny.Protocol/Messages/Game/Inventory/Exchanges/ExchangeOfflineSoldItemsMessage.cs:12	2	bidHouseItems:ObjectItemQuantityPriceDateEffects[];merchantItems:ObjectItemQuantityPriceDateEffects[]
ExchangeOkMultiCraftMessage	8687	refs/GinyCore/Giny.Protocol/Messages/Game/Inventory/Exchanges/ExchangeOkMultiCraftMessage.cs:12	3	initiatorId:long;otherId:long;role:byte
ExchangeOnHumanVendorRequestMessage	3748	refs/GinyCore/Giny.Protocol/Messages/Game/Inventory/Exchanges/ExchangeOnHumanVendorRequestMessage.cs:12	2	humanVendorId:long;humanVendorCell:short
ExchangePlayerMultiCraftRequestMessage	5685	refs/GinyCore/Giny.Protocol/Messages/Game/Inventory/Exchanges/ExchangePlayerMultiCraftRequestMessage.cs:12	2	target:long;skillId:int
ExchangePlayerRequestMessage	4119	refs/GinyCore/Giny.Protocol/Messages/Game/Inventory/Exchanges/ExchangePlayerRequestMessage.cs:12	1	target:long
ExchangeReadyMessage	8150	refs/GinyCore/Giny.Protocol/Messages/Game/Inventory/Exchanges/ExchangeReadyMessage.cs:12	2	ready:bool;step:short
ExchangeReplayStopMessage	3837	refs/GinyCore/Giny.Protocol/Messages/Game/Inventory/Exchanges/ExchangeReplayStopMessage.cs:12	0	
ExchangeReplyTaxVendorMessage	4036	refs/GinyCore/Giny.Protocol/Messages/Game/Inventory/Exchanges/ExchangeReplyTaxVendorMessage.cs:12	2	objectValue:long;totalTaxValue:long
ExchangeRequestMessage	1479	refs/GinyCore/Giny.Protocol/Messages/Game/Inventory/Exchanges/ExchangeRequestMessage.cs:12	1	exchangeType:byte
ExchangeRequestOnMountStockMessage	1287	refs/GinyCore/Giny.Protocol/Messages/Game/Inventory/Exchanges/ExchangeRequestOnMountStockMessage.cs:12	0	
ExchangeRequestOnShopStockMessage	594	refs/GinyCore/Giny.Protocol/Messages/Game/Inventory/Exchanges/ExchangeRequestOnShopStockMessage.cs:12	0	
ExchangeRequestOnTaxCollectorMessage	7565	refs/GinyCore/Giny.Protocol/Messages/Game/Inventory/Exchanges/ExchangeRequestOnTaxCollectorMessage.cs:12	0	
ExchangeRequestedMessage	6930	refs/GinyCore/Giny.Protocol/Messages/Game/Inventory/Exchanges/ExchangeRequestedMessage.cs:12	1	exchangeType:byte
ExchangeRequestedTradeMessage	6276	refs/GinyCore/Giny.Protocol/Messages/Game/Inventory/Exchanges/ExchangeRequestedTradeMessage.cs:12	2	source:long;target:long
ExchangeSellMessage	2623	refs/GinyCore/Giny.Protocol/Messages/Game/Inventory/Exchanges/ExchangeSellMessage.cs:12	2	objectToSellId:int;quantity:int
ExchangeSellOkMessage	1617	refs/GinyCore/Giny.Protocol/Messages/Game/Inventory/Exchanges/ExchangeSellOkMessage.cs:12	0	
ExchangeSetCraftRecipeMessage	9961	refs/GinyCore/Giny.Protocol/Messages/Game/Inventory/Exchanges/ExchangeSetCraftRecipeMessage.cs:12	1	objectGID:short
ExchangeShopStockMovementRemovedMessage	7314	refs/GinyCore/Giny.Protocol/Messages/Game/Inventory/Exchanges/ExchangeShopStockMovementRemovedMessage.cs:12	1	objectId:int
ExchangeShopStockMovementUpdatedMessage	5416	refs/GinyCore/Giny.Protocol/Messages/Game/Inventory/Exchanges/ExchangeShopStockMovementUpdatedMessage.cs:12	1	objectInfo:ObjectItemToSell
ExchangeShopStockMultiMovementRemovedMessage	8793	refs/GinyCore/Giny.Protocol/Messages/Game/Inventory/Exchanges/ExchangeShopStockMultiMovementRemovedMessage.cs:12	1	objectIdList:int[]
ExchangeShopStockMultiMovementUpdatedMessage	4703	refs/GinyCore/Giny.Protocol/Messages/Game/Inventory/Exchanges/ExchangeShopStockMultiMovementUpdatedMessage.cs:12	1	objectInfoList:ObjectItemToSell[]
ExchangeShopStockStartedMessage	7787	refs/GinyCore/Giny.Protocol/Messages/Game/Inventory/Exchanges/ExchangeShopStockStartedMessage.cs:12	1	objectsInfos:ObjectItemToSell[]
ExchangeShowVendorTaxMessage	8420	refs/GinyCore/Giny.Protocol/Messages/Game/Inventory/Exchanges/ExchangeShowVendorTaxMessage.cs:12	0	
ExchangeStartAsVendorMessage	817	refs/GinyCore/Giny.Protocol/Messages/Game/Inventory/Exchanges/ExchangeStartAsVendorMessage.cs:12	0	
ExchangeStartOkCraftMessage	4876	refs/GinyCore/Giny.Protocol/Messages/Game/Inventory/Exchanges/ExchangeStartOkCraftMessage.cs:12	0	
ExchangeStartOkCraftWithInformationMessage	1180	refs/GinyCore/Giny.Protocol/Messages/Game/Inventory/Exchanges/ExchangeStartOkCraftWithInformationMessage.cs:12	1	skillId:int
ExchangeStartOkEvolutiveObjectRecycleTradeMessage	7078	refs/GinyCore/Giny.Protocol/Messages/Game/Inventory/Exchanges/ExchangeStartOkEvolutiveObjectRecycleTradeMessage.cs:12	0	
ExchangeStartOkHumanVendorMessage	627	refs/GinyCore/Giny.Protocol/Messages/Game/Inventory/Exchanges/ExchangeStartOkHumanVendorMessage.cs:12	2	sellerId:double;objectsInfos:ObjectItemToSellInHumanVendorShop[]
ExchangeStartOkJobIndexMessage	7830	refs/GinyCore/Giny.Protocol/Messages/Game/Inventory/Exchanges/ExchangeStartOkJobIndexMessage.cs:12	1	jobs:int[]
ExchangeStartOkMountMessage	1351	refs/GinyCore/Giny.Protocol/Messages/Game/Inventory/Exchanges/ExchangeStartOkMountMessage.cs:12	1	paddockedMountsDescription:MountClientData[]
ExchangeStartOkMountWithOutPaddockMessage	257	refs/GinyCore/Giny.Protocol/Messages/Game/Inventory/Exchanges/ExchangeStartOkMountWithOutPaddockMessage.cs:12	1	stabledMountsDescription:MountClientData[]
ExchangeStartOkMulticraftCrafterMessage	7885	refs/GinyCore/Giny.Protocol/Messages/Game/Inventory/Exchanges/ExchangeStartOkMulticraftCrafterMessage.cs:12	1	skillId:int
ExchangeStartOkMulticraftCustomerMessage	3366	refs/GinyCore/Giny.Protocol/Messages/Game/Inventory/Exchanges/ExchangeStartOkMulticraftCustomerMessage.cs:12	2	skillId:int;crafterJobLevel:byte
ExchangeStartOkNpcShopMessage	3711	refs/GinyCore/Giny.Protocol/Messages/Game/Inventory/Exchanges/ExchangeStartOkNpcShopMessage.cs:12	3	npcSellerId:double;tokenId:short;objectsInfos:ObjectItemToSellInNpcShop[]
ExchangeStartOkNpcTradeMessage	2342	refs/GinyCore/Giny.Protocol/Messages/Game/Inventory/Exchanges/ExchangeStartOkNpcTradeMessage.cs:12	1	npcId:double
ExchangeStartOkRecycleTradeMessage	6635	refs/GinyCore/Giny.Protocol/Messages/Game/Inventory/Exchanges/ExchangeStartOkRecycleTradeMessage.cs:12	2	percentToPrism:short;percentToPlayer:short
ExchangeStartOkRunesTradeMessage	927	refs/GinyCore/Giny.Protocol/Messages/Game/Inventory/Exchanges/ExchangeStartOkRunesTradeMessage.cs:12	0	
ExchangeStartedBidBuyerMessage	9253	refs/GinyCore/Giny.Protocol/Messages/Game/Inventory/Exchanges/ExchangeStartedBidBuyerMessage.cs:12	1	buyerDescriptor:SellerBuyerDescriptor
ExchangeStartedBidSellerMessage	2021	refs/GinyCore/Giny.Protocol/Messages/Game/Inventory/Exchanges/ExchangeStartedBidSellerMessage.cs:12	2	sellerDescriptor:SellerBuyerDescriptor;objectsInfos:ObjectItemToSellInBid[]
ExchangeStartedMessage	268	refs/GinyCore/Giny.Protocol/Messages/Game/Inventory/Exchanges/ExchangeStartedMessage.cs:12	1	exchangeType:byte
ExchangeStartedMountStockMessage	3642	refs/GinyCore/Giny.Protocol/Messages/Game/Inventory/Exchanges/ExchangeStartedMountStockMessage.cs:12	1	objectsInfos:ObjectItem[]
ExchangeStartedTaxCollectorShopMessage	1974	refs/GinyCore/Giny.Protocol/Messages/Game/Inventory/Exchanges/ExchangeStartedTaxCollectorShopMessage.cs:12	2	objects:ObjectItem[];kamas:long
ExchangeStartedWithPodsMessage	5367	refs/GinyCore/Giny.Protocol/Messages/Game/Inventory/Exchanges/ExchangeStartedWithPodsMessage.cs:12	6	firstCharacterId:double;firstCharacterCurrentWeight:int;firstCharacterMaxWeight:int;secondCharacterId:double;secondCharacterCurrentWeight:int;secondCharacterMaxWeight:int
ExchangeStartedWithStorageMessage	4535	refs/GinyCore/Giny.Protocol/Messages/Game/Inventory/Exchanges/ExchangeStartedWithStorageMessage.cs:12	1	storageMaxSlot:int
ExchangeStoppedMessage	6845	refs/GinyCore/Giny.Protocol/Messages/Game/Inventory/Exchanges/ExchangeStoppedMessage.cs:12	1	id:long
ExchangeTypesExchangerDescriptionForUserMessage	5329	refs/GinyCore/Giny.Protocol/Messages/Game/Inventory/Exchanges/ExchangeTypesExchangerDescriptionForUserMessage.cs:12	2	objectType:int;typeDescription:int[]
ExchangeTypesItemsExchangerDescriptionForUserMessage	5554	refs/GinyCore/Giny.Protocol/Messages/Game/Inventory/Exchanges/ExchangeTypesItemsExchangerDescriptionForUserMessage.cs:12	2	objectType:int;itemTypeDescriptions:BidExchangerObjectInfo[]
ExchangeWaitingResultMessage	1456	refs/GinyCore/Giny.Protocol/Messages/Game/Inventory/Exchanges/ExchangeWaitingResultMessage.cs:12	1	bwait:bool
ExchangeWeightMessage	1225	refs/GinyCore/Giny.Protocol/Messages/Game/Inventory/Exchanges/ExchangeWeightMessage.cs:12	2	currentWeight:int;maxWeight:int
FocusedExchangeReadyMessage	4485	refs/GinyCore/Giny.Protocol/Messages/Game/Inventory/Exchanges/FocusedExchangeReadyMessage.cs:12	1	focusActionId:int
ItemNoMoreAvailableMessage	5212	refs/GinyCore/Giny.Protocol/Messages/Game/Inventory/Exchanges/ItemNoMoreAvailableMessage.cs:12	0	
JobBookSubscribeRequestMessage	7407	refs/GinyCore/Giny.Protocol/Messages/Game/Inventory/Exchanges/JobBookSubscribeRequestMessage.cs:12	1	jobIds:byte[]
RecycleResultMessage	1416	refs/GinyCore/Giny.Protocol/Messages/Game/Inventory/Exchanges/RecycleResultMessage.cs:12	2	nuggetsForPrism:int;nuggetsForPlayer:int
UpdateMountCharacteristicsMessage	4691	refs/GinyCore/Giny.Protocol/Messages/Game/Inventory/Exchanges/UpdateMountCharacteristicsMessage.cs:12	2	rideId:int;boostToUpdateList:UpdateMountCharacteristic[]
ExchangeKamaModifiedMessage	4572	refs/GinyCore/Giny.Protocol/Messages/Game/Inventory/Items/ExchangeKamaModifiedMessage.cs:12	1	quantity:long
ExchangeMultiCraftCrafterCanUseHisRessourcesMessage	4359	refs/GinyCore/Giny.Protocol/Messages/Game/Inventory/Items/ExchangeMultiCraftCrafterCanUseHisRessourcesMessage.cs:12	1	allowed:bool
ExchangeMultiCraftSetCrafterCanUseHisRessourcesMessage	9785	refs/GinyCore/Giny.Protocol/Messages/Game/Inventory/Items/ExchangeMultiCraftSetCrafterCanUseHisRessourcesMessage.cs:12	1	allow:bool
ExchangeObjectModifiedInBagMessage	7251	refs/GinyCore/Giny.Protocol/Messages/Game/Inventory/Items/ExchangeObjectModifiedInBagMessage.cs:12	0	
ExchangeObjectModifiedMessage	3678	refs/GinyCore/Giny.Protocol/Messages/Game/Inventory/Items/ExchangeObjectModifiedMessage.cs:12	0	
ExchangeObjectPutInBagMessage	315	refs/GinyCore/Giny.Protocol/Messages/Game/Inventory/Items/ExchangeObjectPutInBagMessage.cs:12	0	
ExchangeObjectRemovedFromBagMessage	9767	refs/GinyCore/Giny.Protocol/Messages/Game/Inventory/Items/ExchangeObjectRemovedFromBagMessage.cs:12	1	objectUID:int
ExchangeObjectRemovedMessage	3935	refs/GinyCore/Giny.Protocol/Messages/Game/Inventory/Items/ExchangeObjectRemovedMessage.cs:12	1	objectUID:int
ExchangeObjectsModifiedMessage	7924	refs/GinyCore/Giny.Protocol/Messages/Game/Inventory/Items/ExchangeObjectsModifiedMessage.cs:12	0	
ExchangeObjectsRemovedMessage	7723	refs/GinyCore/Giny.Protocol/Messages/Game/Inventory/Items/ExchangeObjectsRemovedMessage.cs:12	1	objectUID:int[]
ExchangePodsModifiedMessage	3914	refs/GinyCore/Giny.Protocol/Messages/Game/Inventory/Items/ExchangePodsModifiedMessage.cs:12	2	currentWeight:int;maxWeight:int
GoldAddedMessage	5700	refs/GinyCore/Giny.Protocol/Messages/Game/Inventory/Items/GoldAddedMessage.cs:12	1	gold:GoldItem
InventoryContentMessage	1797	refs/GinyCore/Giny.Protocol/Messages/Game/Inventory/Items/InventoryContentMessage.cs:12	2	objects:ObjectItem[];kamas:long
InventoryWeightMessage	4739	refs/GinyCore/Giny.Protocol/Messages/Game/Inventory/Items/InventoryWeightMessage.cs:12	3	inventoryWeight:int;shopWeight:int;weightMax:int
LivingObjectChangeSkinRequestMessage	908	refs/GinyCore/Giny.Protocol/Messages/Game/Inventory/Items/LivingObjectChangeSkinRequestMessage.cs:12	3	livingUID:int;livingPosition:byte;skinId:int
LivingObjectDissociateMessage	8132	refs/GinyCore/Giny.Protocol/Messages/Game/Inventory/Items/LivingObjectDissociateMessage.cs:12	2	livingUID:int;livingPosition:byte
LivingObjectMessageMessage	9837	refs/GinyCore/Giny.Protocol/Messages/Game/Inventory/Items/LivingObjectMessageMessage.cs:12	4	msgId:short;timeStamp:int;owner:string;objectGenericId:short
LivingObjectMessageRequestMessage	9662	refs/GinyCore/Giny.Protocol/Messages/Game/Inventory/Items/LivingObjectMessageRequestMessage.cs:12	3	msgId:short;parameters:string[];livingObject:int
MimicryObjectAssociatedMessage	2699	refs/GinyCore/Giny.Protocol/Messages/Game/Inventory/Items/MimicryObjectAssociatedMessage.cs:12	0	
MimicryObjectEraseRequestMessage	1063	refs/GinyCore/Giny.Protocol/Messages/Game/Inventory/Items/MimicryObjectEraseRequestMessage.cs:12	2	hostUID:int;hostPos:byte
MimicryObjectErrorMessage	7868	refs/GinyCore/Giny.Protocol/Messages/Game/Inventory/Items/MimicryObjectErrorMessage.cs:12	1	preview:bool
MimicryObjectFeedAndAssociateRequestMessage	3920	refs/GinyCore/Giny.Protocol/Messages/Game/Inventory/Items/MimicryObjectFeedAndAssociateRequestMessage.cs:12	3	foodUID:int;foodPos:byte;preview:bool
MimicryObjectPreviewMessage	6331	refs/GinyCore/Giny.Protocol/Messages/Game/Inventory/Items/MimicryObjectPreviewMessage.cs:12	1	result:ObjectItem
ObjectAddedMessage	7116	refs/GinyCore/Giny.Protocol/Messages/Game/Inventory/Items/ObjectAddedMessage.cs:12	1	origin:byte
ObjectDeleteMessage	3038	refs/GinyCore/Giny.Protocol/Messages/Game/Inventory/Items/ObjectDeleteMessage.cs:12	2	objectUID:int;quantity:int
ObjectDeletedMessage	6390	refs/GinyCore/Giny.Protocol/Messages/Game/Inventory/Items/ObjectDeletedMessage.cs:12	1	objectUID:int
ObjectDropMessage	3978	refs/GinyCore/Giny.Protocol/Messages/Game/Inventory/Items/ObjectDropMessage.cs:12	2	objectUID:int;quantity:int
ObjectErrorMessage	9352	refs/GinyCore/Giny.Protocol/Messages/Game/Inventory/Items/ObjectErrorMessage.cs:12	1	reason:byte
ObjectJobAddedMessage	8091	refs/GinyCore/Giny.Protocol/Messages/Game/Inventory/Items/ObjectJobAddedMessage.cs:12	1	jobId:byte
ObjectModifiedMessage	829	refs/GinyCore/Giny.Protocol/Messages/Game/Inventory/Items/ObjectModifiedMessage.cs:12	0	
ObjectMovementMessage	5879	refs/GinyCore/Giny.Protocol/Messages/Game/Inventory/Items/ObjectMovementMessage.cs:12	2	objectUID:int;position:short
ObjectQuantityMessage	7075	refs/GinyCore/Giny.Protocol/Messages/Game/Inventory/Items/ObjectQuantityMessage.cs:12	3	objectUID:int;quantity:int;origin:byte
ObjectSetPositionMessage	1022	refs/GinyCore/Giny.Protocol/Messages/Game/Inventory/Items/ObjectSetPositionMessage.cs:12	3	objectUID:int;position:short;quantity:int
ObjectUseMessage	6243	refs/GinyCore/Giny.Protocol/Messages/Game/Inventory/Items/ObjectUseMessage.cs:12	1	objectUID:int
ObjectUseMultipleMessage	2182	refs/GinyCore/Giny.Protocol/Messages/Game/Inventory/Items/ObjectUseMultipleMessage.cs:12	1	quantity:int
ObjectUseOnCellMessage	1222	refs/GinyCore/Giny.Protocol/Messages/Game/Inventory/Items/ObjectUseOnCellMessage.cs:12	1	cells:short
ObjectUseOnCharacterMessage	4424	refs/GinyCore/Giny.Protocol/Messages/Game/Inventory/Items/ObjectUseOnCharacterMessage.cs:12	1	characterId:long
ObjectsAddedMessage	8613	refs/GinyCore/Giny.Protocol/Messages/Game/Inventory/Items/ObjectsAddedMessage.cs:12	0	
ObjectsDeletedMessage	6057	refs/GinyCore/Giny.Protocol/Messages/Game/Inventory/Items/ObjectsDeletedMessage.cs:12	1	objectUID:int[]
ObjectsQuantityMessage	8174	refs/GinyCore/Giny.Protocol/Messages/Game/Inventory/Items/ObjectsQuantityMessage.cs:12	1	objectsUIDAndQty:ObjectItemQuantity[]
ObtainedItemMessage	8927	refs/GinyCore/Giny.Protocol/Messages/Game/Inventory/Items/ObtainedItemMessage.cs:12	2	genericId:short;baseQuantity:int
ObtainedItemWithBonusMessage	9026	refs/GinyCore/Giny.Protocol/Messages/Game/Inventory/Items/ObtainedItemWithBonusMessage.cs:12	1	bonusQuantity:int
SetUpdateMessage	2482	refs/GinyCore/Giny.Protocol/Messages/Game/Inventory/Items/SetUpdateMessage.cs:12	3	setId:short;setObjects:short[];setEffects:ObjectEffect[]
SymbioticObjectAssociateRequestMessage	3670	refs/GinyCore/Giny.Protocol/Messages/Game/Inventory/Items/SymbioticObjectAssociateRequestMessage.cs:12	4	symbioteUID:int;symbiotePos:byte;hostUID:int;hostPos:byte
SymbioticObjectAssociatedMessage	6447	refs/GinyCore/Giny.Protocol/Messages/Game/Inventory/Items/SymbioticObjectAssociatedMessage.cs:12	1	hostUID:int
SymbioticObjectErrorMessage	7936	refs/GinyCore/Giny.Protocol/Messages/Game/Inventory/Items/SymbioticObjectErrorMessage.cs:12	1	errorCode:byte
WatchInventoryContentMessage	2287	refs/GinyCore/Giny.Protocol/Messages/Game/Inventory/Items/WatchInventoryContentMessage.cs:12	0	
WrapperObjectAssociatedMessage	6952	refs/GinyCore/Giny.Protocol/Messages/Game/Inventory/Items/WrapperObjectAssociatedMessage.cs:12	0	
WrapperObjectDissociateRequestMessage	8460	refs/GinyCore/Giny.Protocol/Messages/Game/Inventory/Items/WrapperObjectDissociateRequestMessage.cs:12	2	hostUID:int;hostPos:byte
WrapperObjectErrorMessage	1427	refs/GinyCore/Giny.Protocol/Messages/Game/Inventory/Items/WrapperObjectErrorMessage.cs:12	0	
KamasUpdateMessage	3977	refs/GinyCore/Giny.Protocol/Messages/Game/Inventory/KamasUpdateMessage.cs:12	1	kamasTotal:long
ObjectAveragePricesErrorMessage	6484	refs/GinyCore/Giny.Protocol/Messages/Game/Inventory/ObjectAveragePricesErrorMessage.cs:12	0	
ObjectAveragePricesGetMessage	4199	refs/GinyCore/Giny.Protocol/Messages/Game/Inventory/ObjectAveragePricesGetMessage.cs:12	0	
ObjectAveragePricesMessage	2074	refs/GinyCore/Giny.Protocol/Messages/Game/Inventory/ObjectAveragePricesMessage.cs:12	2	ids:short[];avgPrices:long[]
SpellListMessage	967	refs/GinyCore/Giny.Protocol/Messages/Game/Inventory/Spells/SpellListMessage.cs:12	2	spellPrevisualization:bool;spells:SpellItem[]
StorageInventoryContentMessage	7983	refs/GinyCore/Giny.Protocol/Messages/Game/Inventory/Storage/StorageInventoryContentMessage.cs:12	0	
StorageKamasUpdateMessage	8712	refs/GinyCore/Giny.Protocol/Messages/Game/Inventory/Storage/StorageKamasUpdateMessage.cs:12	1	kamasTotal:long
StorageObjectRemoveMessage	7049	refs/GinyCore/Giny.Protocol/Messages/Game/Inventory/Storage/StorageObjectRemoveMessage.cs:12	1	objectUID:int
StorageObjectUpdateMessage	6026	refs/GinyCore/Giny.Protocol/Messages/Game/Inventory/Storage/StorageObjectUpdateMessage.cs:12	0	
StorageObjectsRemoveMessage	9509	refs/GinyCore/Giny.Protocol/Messages/Game/Inventory/Storage/StorageObjectsRemoveMessage.cs:12	1	objectUIDList:int[]
StorageObjectsUpdateMessage	2141	refs/GinyCore/Giny.Protocol/Messages/Game/Inventory/Storage/StorageObjectsUpdateMessage.cs:12	1	objectList:ObjectItem[]
AccessoryPreviewErrorMessage	6646	refs/GinyCore/Giny.Protocol/Messages/Game/Look/AccessoryPreviewErrorMessage.cs:12	1	error:byte
AccessoryPreviewMessage	5662	refs/GinyCore/Giny.Protocol/Messages/Game/Look/AccessoryPreviewMessage.cs:12	1	look:EntityLook
AccessoryPreviewRequestMessage	1584	refs/GinyCore/Giny.Protocol/Messages/Game/Look/AccessoryPreviewRequestMessage.cs:12	1	genericId:short[]
PopupWarningCloseRequestMessage	2453	refs/GinyCore/Giny.Protocol/Messages/Game/Moderation/PopupWarningCloseRequestMessage.cs:12	0	
PopupWarningClosedMessage	8482	refs/GinyCore/Giny.Protocol/Messages/Game/Moderation/PopupWarningClosedMessage.cs:12	0	
PopupWarningMessage	8260	refs/GinyCore/Giny.Protocol/Messages/Game/Moderation/PopupWarningMessage.cs:12	3	lockDuration:byte;author:string;content:string
AreaFightModificatorUpdateMessage	2587	refs/GinyCore/Giny.Protocol/Messages/Game/Modificator/AreaFightModificatorUpdateMessage.cs:12	1	spellPairId:int
PaginationAnswerAbstractMessage	2497	refs/GinyCore/Giny.Protocol/Messages/Game/PaginationAnswerAbstractMessage.cs:12	3	offset:double;count:uint;total:uint
PaginationRequestAbstractMessage	3535	refs/GinyCore/Giny.Protocol/Messages/Game/PaginationRequestAbstractMessage.cs:12	2	offset:double;count:uint
IconNamedPresetSaveRequestMessage	8602	refs/GinyCore/Giny.Protocol/Messages/Game/Presets/IconNamedPresetSaveRequestMessage.cs:12	2	name:string;type:byte
IconPresetSaveRequestMessage	7054	refs/GinyCore/Giny.Protocol/Messages/Game/Presets/IconPresetSaveRequestMessage.cs:12	3	presetId:short;symbolId:byte;updateData:bool
IdolsPresetSaveRequestMessage	1959	refs/GinyCore/Giny.Protocol/Messages/Game/Presets/IdolsPresetSaveRequestMessage.cs:12	0	
InvalidPresetsMessage	9244	refs/GinyCore/Giny.Protocol/Messages/Game/Presets/InvalidPresetsMessage.cs:12	1	presetIds:short[]
ItemForPresetUpdateMessage	5813	refs/GinyCore/Giny.Protocol/Messages/Game/Presets/ItemForPresetUpdateMessage.cs:12	2	presetId:short;presetItem:ItemForPreset
PresetDeleteRequestMessage	1661	refs/GinyCore/Giny.Protocol/Messages/Game/Presets/PresetDeleteRequestMessage.cs:12	1	presetId:short
PresetDeleteResultMessage	4352	refs/GinyCore/Giny.Protocol/Messages/Game/Presets/PresetDeleteResultMessage.cs:12	2	presetId:short;code:byte
PresetSaveErrorMessage	5087	refs/GinyCore/Giny.Protocol/Messages/Game/Presets/PresetSaveErrorMessage.cs:12	2	presetId:short;code:byte
PresetSavedMessage	8551	refs/GinyCore/Giny.Protocol/Messages/Game/Presets/PresetSavedMessage.cs:12	2	presetId:short;preset:Preset
PresetUseRequestMessage	8428	refs/GinyCore/Giny.Protocol/Messages/Game/Presets/PresetUseRequestMessage.cs:12	1	presetId:short
PresetUseResultMessage	2423	refs/GinyCore/Giny.Protocol/Messages/Game/Presets/PresetUseResultMessage.cs:12	2	presetId:short;code:byte
PresetUseResultWithMissingIdsMessage	4515	refs/GinyCore/Giny.Protocol/Messages/Game/Presets/PresetUseResultWithMissingIdsMessage.cs:12	1	missingIds:short[]
PresetsMessage	6378	refs/GinyCore/Giny.Protocol/Messages/Game/Presets/PresetsMessage.cs:12	1	presets:Preset[]
PrismAttackRequestMessage	4704	refs/GinyCore/Giny.Protocol/Messages/Game/Prism/PrismAttackRequestMessage.cs:12	0	
PrismFightAddedMessage	8522	refs/GinyCore/Giny.Protocol/Messages/Game/Prism/PrismFightAddedMessage.cs:12	1	fight:PrismFightersInformation
PrismFightAttackerAddMessage	5938	refs/GinyCore/Giny.Protocol/Messages/Game/Prism/PrismFightAttackerAddMessage.cs:12	3	subAreaId:short;fightId:short;attacker:CharacterMinimalPlusLookInformations
PrismFightAttackerRemoveMessage	3537	refs/GinyCore/Giny.Protocol/Messages/Game/Prism/PrismFightAttackerRemoveMessage.cs:12	3	subAreaId:short;fightId:short;fighterToRemoveId:long
PrismFightDefenderAddMessage	3949	refs/GinyCore/Giny.Protocol/Messages/Game/Prism/PrismFightDefenderAddMessage.cs:12	3	subAreaId:short;fightId:short;defender:CharacterMinimalPlusLookInformations
PrismFightDefenderLeaveMessage	8021	refs/GinyCore/Giny.Protocol/Messages/Game/Prism/PrismFightDefenderLeaveMessage.cs:12	3	subAreaId:short;fightId:short;fighterToRemoveId:long
PrismFightJoinLeaveRequestMessage	8516	refs/GinyCore/Giny.Protocol/Messages/Game/Prism/PrismFightJoinLeaveRequestMessage.cs:12	2	subAreaId:short;join:bool
PrismFightRemovedMessage	4052	refs/GinyCore/Giny.Protocol/Messages/Game/Prism/PrismFightRemovedMessage.cs:12	1	subAreaId:short
PrismFightStateUpdateMessage	9539	refs/GinyCore/Giny.Protocol/Messages/Game/Prism/PrismFightStateUpdateMessage.cs:12	1	state:byte
PrismFightSwapRequestMessage	4637	refs/GinyCore/Giny.Protocol/Messages/Game/Prism/PrismFightSwapRequestMessage.cs:12	2	subAreaId:short;targetId:long
PrismInfoCloseMessage	3902	refs/GinyCore/Giny.Protocol/Messages/Game/Prism/PrismInfoCloseMessage.cs:12	0	
PrismInfoInValidMessage	8239	refs/GinyCore/Giny.Protocol/Messages/Game/Prism/PrismInfoInValidMessage.cs:12	1	reason:byte
PrismInfoJoinLeaveRequestMessage	2253	refs/GinyCore/Giny.Protocol/Messages/Game/Prism/PrismInfoJoinLeaveRequestMessage.cs:12	1	join:bool
PrismModuleExchangeRequestMessage	8737	refs/GinyCore/Giny.Protocol/Messages/Game/Prism/PrismModuleExchangeRequestMessage.cs:12	0	
PrismSetSabotagedRefusedMessage	4808	refs/GinyCore/Giny.Protocol/Messages/Game/Prism/PrismSetSabotagedRefusedMessage.cs:12	2	subAreaId:short;reason:byte
PrismSetSabotagedRequestMessage	1732	refs/GinyCore/Giny.Protocol/Messages/Game/Prism/PrismSetSabotagedRequestMessage.cs:12	1	subAreaId:short
PrismSettingsErrorMessage	7997	refs/GinyCore/Giny.Protocol/Messages/Game/Prism/PrismSettingsErrorMessage.cs:12	0	
PrismSettingsRequestMessage	445	refs/GinyCore/Giny.Protocol/Messages/Game/Prism/PrismSettingsRequestMessage.cs:12	2	subAreaId:short;startDefenseTime:byte
PrismUseRequestMessage	5796	refs/GinyCore/Giny.Protocol/Messages/Game/Prism/PrismUseRequestMessage.cs:12	1	moduleToUse:byte
PrismsInfoValidMessage	4883	refs/GinyCore/Giny.Protocol/Messages/Game/Prism/PrismsInfoValidMessage.cs:12	1	fights:PrismFightersInformation[]
PrismsListMessage	9789	refs/GinyCore/Giny.Protocol/Messages/Game/Prism/PrismsListMessage.cs:12	1	prisms:PrismSubareaEmptyInfo[]
PrismsListRegisterMessage	2687	refs/GinyCore/Giny.Protocol/Messages/Game/Prism/PrismsListRegisterMessage.cs:12	1	listen:byte
PrismsListUpdateMessage	7086	refs/GinyCore/Giny.Protocol/Messages/Game/Prism/PrismsListUpdateMessage.cs:12	0	
ActivityHideRequestMessage	4454	refs/GinyCore/Giny.Protocol/Messages/Game/Progression/Suggestion/ActivityHideRequestMessage.cs:12	1	activityId:short
ActivityLockRequestMessage	5583	refs/GinyCore/Giny.Protocol/Messages/Game/Progression/Suggestion/ActivityLockRequestMessage.cs:12	1	activityId:short
ActivitySuggestionsMessage	8161	refs/GinyCore/Giny.Protocol/Messages/Game/Progression/Suggestion/ActivitySuggestionsMessage.cs:12	2	lockedActivitiesIds:short[];unlockedActivitiesIds:short[]
ActivitySuggestionsRequestMessage	3475	refs/GinyCore/Giny.Protocol/Messages/Game/Progression/Suggestion/ActivitySuggestionsRequestMessage.cs:12	5	minLevel:short;maxLevel:short;areaId:short;activityCategoryId:short;nbCards:short
AlignmentRankUpdateMessage	953	refs/GinyCore/Giny.Protocol/Messages/Game/Pvp/AlignmentRankUpdateMessage.cs:12	2	alignmentRank:byte;verbose:bool
SetEnableAVARequestMessage	4570	refs/GinyCore/Giny.Protocol/Messages/Game/Pvp/SetEnableAVARequestMessage.cs:12	1	enable:bool
SetEnablePVPRequestMessage	7977	refs/GinyCore/Giny.Protocol/Messages/Game/Pvp/SetEnablePVPRequestMessage.cs:12	1	enable:bool
UpdateMapPlayersAgressableStatusMessage	4601	refs/GinyCore/Giny.Protocol/Messages/Game/Pvp/UpdateMapPlayersAgressableStatusMessage.cs:12	2	playerIds:long[];enable:byte[]
UpdateSelfAgressableStatusMessage	1944	refs/GinyCore/Giny.Protocol/Messages/Game/Pvp/UpdateSelfAgressableStatusMessage.cs:12	2	status:byte;probationTime:int
CinematicMessage	7716	refs/GinyCore/Giny.Protocol/Messages/Game/Script/CinematicMessage.cs:12	1	cinematicId:short
ShortcutBarAddErrorMessage	9784	refs/GinyCore/Giny.Protocol/Messages/Game/Shortcut/ShortcutBarAddErrorMessage.cs:12	1	error:byte
ShortcutBarAddRequestMessage	5533	refs/GinyCore/Giny.Protocol/Messages/Game/Shortcut/ShortcutBarAddRequestMessage.cs:12	2	barType:byte;shortcut:Shortcut
ShortcutBarContentMessage	3367	refs/GinyCore/Giny.Protocol/Messages/Game/Shortcut/ShortcutBarContentMessage.cs:12	2	barType:byte;shortcuts:Shortcut[]
ShortcutBarRefreshMessage	9492	refs/GinyCore/Giny.Protocol/Messages/Game/Shortcut/ShortcutBarRefreshMessage.cs:12	2	barType:byte;shortcut:Shortcut
ShortcutBarRemoveErrorMessage	7439	refs/GinyCore/Giny.Protocol/Messages/Game/Shortcut/ShortcutBarRemoveErrorMessage.cs:12	1	error:byte
ShortcutBarRemoveRequestMessage	6427	refs/GinyCore/Giny.Protocol/Messages/Game/Shortcut/ShortcutBarRemoveRequestMessage.cs:12	2	barType:byte;slot:byte
ShortcutBarRemovedMessage	9231	refs/GinyCore/Giny.Protocol/Messages/Game/Shortcut/ShortcutBarRemovedMessage.cs:12	2	barType:byte;slot:byte
ShortcutBarReplacedMessage	6652	refs/GinyCore/Giny.Protocol/Messages/Game/Shortcut/ShortcutBarReplacedMessage.cs:12	2	barType:byte;shortcut:Shortcut
ShortcutBarSwapErrorMessage	9976	refs/GinyCore/Giny.Protocol/Messages/Game/Shortcut/ShortcutBarSwapErrorMessage.cs:12	1	error:byte
ShortcutBarSwapRequestMessage	1940	refs/GinyCore/Giny.Protocol/Messages/Game/Shortcut/ShortcutBarSwapRequestMessage.cs:12	3	barType:byte;firstSlot:byte;secondSlot:byte
BulletinMessage	5239	refs/GinyCore/Giny.Protocol/Messages/Game/Social/BulletinMessage.cs:12	1	lastNotifiedTimestamp:int
ContactLookErrorMessage	8688	refs/GinyCore/Giny.Protocol/Messages/Game/Social/ContactLookErrorMessage.cs:12	1	requestId:int
ContactLookMessage	2975	refs/GinyCore/Giny.Protocol/Messages/Game/Social/ContactLookMessage.cs:12	4	requestId:int;playerName:string;playerId:long;look:EntityLook
ContactLookRequestByIdMessage	9628	refs/GinyCore/Giny.Protocol/Messages/Game/Social/ContactLookRequestByIdMessage.cs:12	1	playerId:long
ContactLookRequestByNameMessage	8512	refs/GinyCore/Giny.Protocol/Messages/Game/Social/ContactLookRequestByNameMessage.cs:12	1	playerName:string
ContactLookRequestMessage	9877	refs/GinyCore/Giny.Protocol/Messages/Game/Social/ContactLookRequestMessage.cs:12	2	requestId:byte;contactType:byte
SocialNoticeMessage	7363	refs/GinyCore/Giny.Protocol/Messages/Game/Social/SocialNoticeMessage.cs:12	4	content:string;timestamp:int;memberId:long;memberName:string
SocialNoticeSetErrorMessage	1573	refs/GinyCore/Giny.Protocol/Messages/Game/Social/SocialNoticeSetErrorMessage.cs:12	1	reason:byte
SocialNoticeSetRequestMessage	148	refs/GinyCore/Giny.Protocol/Messages/Game/Social/SocialNoticeSetRequestMessage.cs:12	0	
StartupActionAddMessage	9405	refs/GinyCore/Giny.Protocol/Messages/Game/Startup/StartupActionAddMessage.cs:12	1	newAction:StartupActionAddObject
StartupActionFinishedMessage	193	refs/GinyCore/Giny.Protocol/Messages/Game/Startup/StartupActionFinishedMessage.cs:12	3	success:bool;actionId:int;automaticAction:bool
StartupActionsAllAttributionMessage	789	refs/GinyCore/Giny.Protocol/Messages/Game/Startup/StartupActionsAllAttributionMessage.cs:12	1	characterId:long
StartupActionsExecuteMessage	3459	refs/GinyCore/Giny.Protocol/Messages/Game/Startup/StartupActionsExecuteMessage.cs:12	0	
StartupActionsListMessage	2329	refs/GinyCore/Giny.Protocol/Messages/Game/Startup/StartupActionsListMessage.cs:12	1	actions:StartupActionAddObject[]
StartupActionsObjetAttributionMessage	4983	refs/GinyCore/Giny.Protocol/Messages/Game/Startup/StartupActionsObjetAttributionMessage.cs:12	2	actionId:int;characterId:long
SubscriptionLimitationMessage	7869	refs/GinyCore/Giny.Protocol/Messages/Game/Subscriber/SubscriptionLimitationMessage.cs:12	1	reason:byte
SubscriptionZoneMessage	5068	refs/GinyCore/Giny.Protocol/Messages/Game/Subscriber/SubscriptionZoneMessage.cs:12	1	active:bool
OrnamentGainedMessage	8779	refs/GinyCore/Giny.Protocol/Messages/Game/Tinsel/OrnamentGainedMessage.cs:12	1	ornamentId:short
OrnamentLostMessage	1592	refs/GinyCore/Giny.Protocol/Messages/Game/Tinsel/OrnamentLostMessage.cs:12	1	ornamentId:short
OrnamentSelectErrorMessage	4197	refs/GinyCore/Giny.Protocol/Messages/Game/Tinsel/OrnamentSelectErrorMessage.cs:12	1	reason:byte
OrnamentSelectRequestMessage	611	refs/GinyCore/Giny.Protocol/Messages/Game/Tinsel/OrnamentSelectRequestMessage.cs:12	1	ornamentId:short
OrnamentSelectedMessage	7210	refs/GinyCore/Giny.Protocol/Messages/Game/Tinsel/OrnamentSelectedMessage.cs:12	1	ornamentId:short
TitleGainedMessage	5524	refs/GinyCore/Giny.Protocol/Messages/Game/Tinsel/TitleGainedMessage.cs:12	1	titleId:short
TitleLostMessage	6491	refs/GinyCore/Giny.Protocol/Messages/Game/Tinsel/TitleLostMessage.cs:12	1	titleId:short
TitleSelectErrorMessage	6658	refs/GinyCore/Giny.Protocol/Messages/Game/Tinsel/TitleSelectErrorMessage.cs:12	1	reason:byte
TitleSelectRequestMessage	1528	refs/GinyCore/Giny.Protocol/Messages/Game/Tinsel/TitleSelectRequestMessage.cs:12	1	titleId:short
TitleSelectedMessage	1578	refs/GinyCore/Giny.Protocol/Messages/Game/Tinsel/TitleSelectedMessage.cs:12	1	titleId:short
TitlesAndOrnamentsListMessage	3990	refs/GinyCore/Giny.Protocol/Messages/Game/Tinsel/TitlesAndOrnamentsListMessage.cs:12	4	titles:short[];ornaments:short[];activeTitle:short;activeOrnament:short
TitlesAndOrnamentsListRequestMessage	9545	refs/GinyCore/Giny.Protocol/Messages/Game/Tinsel/TitlesAndOrnamentsListRequestMessage.cs:12	0	
ClientUIOpenedByObjectMessage	9520	refs/GinyCore/Giny.Protocol/Messages/Game/Ui/ClientUIOpenedByObjectMessage.cs:12	1	uid:int
ClientUIOpenedMessage	4363	refs/GinyCore/Giny.Protocol/Messages/Game/Ui/ClientUIOpenedMessage.cs:12	1	type:byte
ProtocolRequired	1730	refs/GinyCore/Giny.Protocol/Messages/Handshake/ProtocolRequired.cs:12	1	version:string
LoginQueueStatusMessage	2055	refs/GinyCore/Giny.Protocol/Messages/Queues/LoginQueueStatusMessage.cs:12	2	position:short;total:short
QueueStatusMessage	1298	refs/GinyCore/Giny.Protocol/Messages/Queues/QueueStatusMessage.cs:12	2	position:short;total:short
TrustStatusMessage	1101	refs/GinyCore/Giny.Protocol/Messages/Secure/TrustStatusMessage.cs:12	2	trusted:bool;certified:bool
CheckFileMessage	3494	refs/GinyCore/Giny.Protocol/Messages/Security/CheckFileMessage.cs:12	3	filenameHash:string;type:byte;value:string
CheckFileRequestMessage	9159	refs/GinyCore/Giny.Protocol/Messages/Security/CheckFileRequestMessage.cs:12	2	filename:string;type:byte
CheckIntegrityMessage	320	refs/GinyCore/Giny.Protocol/Messages/Security/CheckIntegrityMessage.cs:12	1	data:byte[]
ClientKeyMessage	16	refs/GinyCore/Giny.Protocol/Messages/Security/ClientKeyMessage.cs:12	1	key:string
RawDataMessage	4473	refs/GinyCore/Giny.Protocol/Messages/Security/RawDataMessage.cs:12	1	content:byte[]
SystemMessageDisplayMessage	5519	refs/GinyCore/Giny.Protocol/Messages/Server/Basic/SystemMessageDisplayMessage.cs:12	3	hangUp:bool;msgId:short;parameters:string[]
AccountInformationsUpdateMessage	6679	refs/GinyCore/Giny.Protocol/Messages/Subscription/AccountInformationsUpdateMessage.cs:12	1	subscriptionEndDate:double
HaapiApiKeyMessage	30	refs/GinyCore/Giny.Protocol/Messages/Web/Haapi/HaapiApiKeyMessage.cs:12	1	token:string
HaapiApiKeyRequestMessage	5599	refs/GinyCore/Giny.Protocol/Messages/Web/Haapi/HaapiApiKeyRequestMessage.cs:12	0	
HaapiAuthErrorMessage	7425	refs/GinyCore/Giny.Protocol/Messages/Web/Haapi/HaapiAuthErrorMessage.cs:12	1	type:byte
HaapiBufferListMessage	5285	refs/GinyCore/Giny.Protocol/Messages/Web/Haapi/HaapiBufferListMessage.cs:12	1	buffers:BufferInformation[]
HaapiBufferListRequestMessage	7206	refs/GinyCore/Giny.Protocol/Messages/Web/Haapi/HaapiBufferListRequestMessage.cs:12	0	
HaapiBuyValidationMessage	1897	refs/GinyCore/Giny.Protocol/Messages/Web/Haapi/HaapiBuyValidationMessage.cs:12	2	amount:long;email:string
HaapiCancelBidRequestMessage	5316	refs/GinyCore/Giny.Protocol/Messages/Web/Haapi/HaapiCancelBidRequestMessage.cs:12	2	id:long;type:byte
HaapiConfirmationMessage	7202	refs/GinyCore/Giny.Protocol/Messages/Web/Haapi/HaapiConfirmationMessage.cs:12	5	kamas:long;amount:long;rate:short;action:byte;transaction:string
HaapiConfirmationRequestMessage	8332	refs/GinyCore/Giny.Protocol/Messages/Web/Haapi/HaapiConfirmationRequestMessage.cs:12	4	kamas:long;ogrines:long;rate:short;action:byte
HaapiConsumeBufferRequestMessage	6837	refs/GinyCore/Giny.Protocol/Messages/Web/Haapi/HaapiConsumeBufferRequestMessage.cs:12	0	
HaapiSessionMessage	1564	refs/GinyCore/Giny.Protocol/Messages/Web/Haapi/HaapiSessionMessage.cs:12	2	key:string;type:byte
HaapiShopApiKeyMessage	6657	refs/GinyCore/Giny.Protocol/Messages/Web/Haapi/HaapiShopApiKeyMessage.cs:12	1	token:string
HaapiShopApiKeyRequestMessage	950	refs/GinyCore/Giny.Protocol/Messages/Web/Haapi/HaapiShopApiKeyRequestMessage.cs:12	0	
HaapiTokenMessage	876	refs/GinyCore/Giny.Protocol/Messages/Web/Haapi/HaapiTokenMessage.cs:12	1	token:string
HaapiTokenRequestMessage	8233	refs/GinyCore/Giny.Protocol/Messages/Web/Haapi/HaapiTokenRequestMessage.cs:12	0	
HaapiValidationMessage	1415	refs/GinyCore/Giny.Protocol/Messages/Web/Haapi/HaapiValidationMessage.cs:12	2	action:byte;code:byte
HaapiValidationRequestMessage	6667	refs/GinyCore/Giny.Protocol/Messages/Web/Haapi/HaapiValidationRequestMessage.cs:12	1	transaction:string
ClientYouAreDrunkMessage	367	refs/GinyCore/Giny.Protocol/Messages/Wtf/ClientYouAreDrunkMessage.cs:12	0	
AbstractPlayerSearchInformation	4580	refs/GinyCore/Giny.Protocol/Types/Common/AbstractPlayerSearchInformation.cs:10	0	
AccountTagInformation	7235	refs/GinyCore/Giny.Protocol/Types/Common/AccountTagInformation.cs:10	2	nickname:string;tagNumber:string
StatisticData	4316	refs/GinyCore/Giny.Protocol/Types/Common/Basic/StatisticData.cs:10	0	
StatisticDataBoolean	1141	refs/GinyCore/Giny.Protocol/Types/Common/Basic/StatisticDataBoolean.cs:10	1	value:bool
StatisticDataByte	7113	refs/GinyCore/Giny.Protocol/Types/Common/Basic/StatisticDataByte.cs:10	1	value:byte
StatisticDataInt	1993	refs/GinyCore/Giny.Protocol/Types/Common/Basic/StatisticDataInt.cs:10	1	value:int
StatisticDataShort	7316	refs/GinyCore/Giny.Protocol/Types/Common/Basic/StatisticDataShort.cs:10	1	value:short
StatisticDataString	6838	refs/GinyCore/Giny.Protocol/Types/Common/Basic/StatisticDataString.cs:10	1	value:string
PlayerSearchCharacterNameInformation	8198	refs/GinyCore/Giny.Protocol/Types/Common/PlayerSearchCharacterNameInformation.cs:10	1	name:string
PlayerSearchTagInformation	9839	refs/GinyCore/Giny.Protocol/Types/Common/PlayerSearchTagInformation.cs:10	1	tag:AccountTagInformation
GameServerInformations	7410	refs/GinyCore/Giny.Protocol/Types/Connection/GameServerInformations.cs:10	9	id:short;type:byte;isMonoAccount:bool;status:byte;completion:byte;isSelectable:bool;charactersCount:byte;charactersSlots:byte;date:double
Achievement	3209	refs/GinyCore/Giny.Protocol/Types/Game/Achievement/Achievement.cs:10	3	id:short;finishedObjective:AchievementObjective[];startedObjectives:AchievementStartedObjective[]
AchievementAchieved	7505	refs/GinyCore/Giny.Protocol/Types/Game/Achievement/AchievementAchieved.cs:10	2	id:short;achievedBy:long
AchievementAchievedRewardable	7808	refs/GinyCore/Giny.Protocol/Types/Game/Achievement/AchievementAchievedRewardable.cs:10	1	finishedlevel:short
AchievementObjective	6663	refs/GinyCore/Giny.Protocol/Types/Game/Achievement/AchievementObjective.cs:10	2	id:int;maxValue:short
AchievementStartedObjective	1375	refs/GinyCore/Giny.Protocol/Types/Game/Achievement/AchievementStartedObjective.cs:10	1	value:short
FightDispellableEffectExtendedInformations	9766	refs/GinyCore/Giny.Protocol/Types/Game/Action/Fight/FightDispellableEffectExtendedInformations.cs:10	3	actionId:short;sourceId:double;effect:AbstractFightDispellableEffect
AbstractFightDispellableEffect	1355	refs/GinyCore/Giny.Protocol/Types/Game/Actions/Fight/AbstractFightDispellableEffect.cs:10	7	uid:int;targetId:double;turnDuration:short;dispelable:byte;spellId:short;effectId:int;parentBoostUid:int
FightTemporaryBoostEffect	4972	refs/GinyCore/Giny.Protocol/Types/Game/Actions/Fight/FightTemporaryBoostEffect.cs:10	1	delta:int
FightTemporaryBoostStateEffect	1892	refs/GinyCore/Giny.Protocol/Types/Game/Actions/Fight/FightTemporaryBoostStateEffect.cs:10	1	stateId:short
FightTemporaryBoostWeaponDamagesEffect	542	refs/GinyCore/Giny.Protocol/Types/Game/Actions/Fight/FightTemporaryBoostWeaponDamagesEffect.cs:10	1	weaponTypeId:short
FightTemporarySpellBoostEffect	3626	refs/GinyCore/Giny.Protocol/Types/Game/Actions/Fight/FightTemporarySpellBoostEffect.cs:10	1	boostedSpellId:short
FightTemporarySpellImmunityEffect	1925	refs/GinyCore/Giny.Protocol/Types/Game/Actions/Fight/FightTemporarySpellImmunityEffect.cs:10	1	immuneSpellId:int
FightTriggeredEffect	5476	refs/GinyCore/Giny.Protocol/Types/Game/Actions/Fight/FightTriggeredEffect.cs:10	4	param1:int;param2:int;param3:int;delay:short
GameActionMark	5902	refs/GinyCore/Giny.Protocol/Types/Game/Actions/Fight/GameActionMark.cs:10	9	markAuthorId:double;markTeamId:byte;markSpellId:int;markSpellLevel:short;markId:short;markType:byte;markimpactCell:short;cells:GameActionMarkedCell[];active:bool
GameActionMarkedCell	4763	refs/GinyCore/Giny.Protocol/Types/Game/Actions/Fight/GameActionMarkedCell.cs:10	4	cellId:short;zoneSize:byte;cellColor:int;cellsType:byte
ServerSessionConstant	9635	refs/GinyCore/Giny.Protocol/Types/Game/Approach/ServerSessionConstant.cs:10	1	id:short
ServerSessionConstantInteger	425	refs/GinyCore/Giny.Protocol/Types/Game/Approach/ServerSessionConstantInteger.cs:10	1	value:int
ServerSessionConstantLong	489	refs/GinyCore/Giny.Protocol/Types/Game/Approach/ServerSessionConstantLong.cs:10	1	value:double
ServerSessionConstantString	3340	refs/GinyCore/Giny.Protocol/Types/Game/Approach/ServerSessionConstantString.cs:10	1	value:string
AbstractCharacterInformation	776	refs/GinyCore/Giny.Protocol/Types/Game/Character/AbstractCharacterInformation.cs:10	1	id:long
ActorAlignmentInformations	560	refs/GinyCore/Giny.Protocol/Types/Game/Character/Alignment/ActorAlignmentInformations.cs:10	4	alignmentSide:byte;alignmentValue:byte;alignmentGrade:byte;characterPower:double
ActorExtendedAlignmentInformations	5635	refs/GinyCore/Giny.Protocol/Types/Game/Character/Alignment/ActorExtendedAlignmentInformations.cs:10	4	honor:short;honorGradeFloor:short;honorNextGradeFloor:short;aggressable:byte
CharacterBasicMinimalInformations	576	refs/GinyCore/Giny.Protocol/Types/Game/Character/CharacterBasicMinimalInformations.cs:10	1	name:string
CharacterMinimalAllianceInformations	4632	refs/GinyCore/Giny.Protocol/Types/Game/Character/CharacterMinimalAllianceInformations.cs:10	1	alliance:BasicAllianceInformations
CharacterMinimalGuildInformations	3487	refs/GinyCore/Giny.Protocol/Types/Game/Character/CharacterMinimalGuildInformations.cs:10	1	guild:BasicGuildInformations
CharacterMinimalGuildPublicInformations	7655	refs/GinyCore/Giny.Protocol/Types/Game/Character/CharacterMinimalGuildPublicInformations.cs:10	1	rank:GuildRankPublicInformation
CharacterMinimalInformations	4872	refs/GinyCore/Giny.Protocol/Types/Game/Character/CharacterMinimalInformations.cs:10	1	level:short
CharacterMinimalPlusLookAndGradeInformations	5154	refs/GinyCore/Giny.Protocol/Types/Game/Character/CharacterMinimalPlusLookAndGradeInformations.cs:10	1	grade:int
CharacterMinimalPlusLookInformations	6908	refs/GinyCore/Giny.Protocol/Types/Game/Character/CharacterMinimalPlusLookInformations.cs:10	2	entityLook:EntityLook;breed:byte
CharacterCharacteristic	7204	refs/GinyCore/Giny.Protocol/Types/Game/Character/Characteristic/CharacterCharacteristic.cs:10	1	characteristicId:short
CharacterCharacteristicDetailed	8403	refs/GinyCore/Giny.Protocol/Types/Game/Character/Characteristic/CharacterCharacteristicDetailed.cs:10	4	additional:short;objectsAndMountBonus:short;alignGiftBonus:short;contextModif:short
CharacterCharacteristicValue	9463	refs/GinyCore/Giny.Protocol/Types/Game/Character/Characteristic/CharacterCharacteristicValue.cs:10	1	total:int
CharacterCharacteristics	9333	refs/GinyCore/Giny.Protocol/Types/Game/Character/Characteristic/CharacterCharacteristics.cs:10	1	characteristics:CharacterCharacteristic[]
CharacterCharacteristicsInformations	4497	refs/GinyCore/Giny.Protocol/Types/Game/Character/Characteristic/CharacterCharacteristicsInformations.cs:10	10	experience:long;experienceLevelFloor:long;experienceNextLevelFloor:long;experienceBonusLimit:long;kamas:long;alignmentInfos:ActorExtendedAlignmentInformations;criticalHitWeapon:short;characteristics:CharacterCharacteristic[];spellModifications:CharacterSpellModification[];probationTime:int
CharacterSpellModification	5654	refs/GinyCore/Giny.Protocol/Types/Game/Character/Characteristic/CharacterSpellModification.cs:10	3	modificationType:byte;spellId:short;value:CharacterCharacteristicDetailed
CharacterUsableCharacteristicDetailed	3142	refs/GinyCore/Giny.Protocol/Types/Game/Character/Characteristic/CharacterUsableCharacteristicDetailed.cs:10	1	used:short
CharacterBaseInformations	1839	refs/GinyCore/Giny.Protocol/Types/Game/Character/Choice/CharacterBaseInformations.cs:10	1	sex:bool
CharacterHardcoreOrEpicInformations	8481	refs/GinyCore/Giny.Protocol/Types/Game/Character/Choice/CharacterHardcoreOrEpicInformations.cs:10	3	deathState:byte;deathCount:short;deathMaxLevel:short
CharacterRemodelingInformation	8348	refs/GinyCore/Giny.Protocol/Types/Game/Character/Choice/CharacterRemodelingInformation.cs:10	5	name:string;breed:byte;sex:bool;cosmeticId:short;colors:int[]
CharacterToRemodelInformations	2999	refs/GinyCore/Giny.Protocol/Types/Game/Character/Choice/CharacterToRemodelInformations.cs:10	2	possibleChangeMask:byte;mandatoryChangeMask:byte
RemodelingInformation	480	refs/GinyCore/Giny.Protocol/Types/Game/Character/Choice/RemodelingInformation.cs:10	5	name:string;breed:byte;sex:bool;cosmeticId:short;colors:int[]
DebtInformation	149	refs/GinyCore/Giny.Protocol/Types/Game/Character/Debt/DebtInformation.cs:10	2	id:double;timestamp:double
KamaDebtInformation	5055	refs/GinyCore/Giny.Protocol/Types/Game/Character/Debt/KamaDebtInformation.cs:10	1	kamas:long
PlayerNote	6851	refs/GinyCore/Giny.Protocol/Types/Game/Character/Guild/Note/PlayerNote.cs:10	2	content:string;lastEditDate:double
ActorRestrictionsInformations	4301	refs/GinyCore/Giny.Protocol/Types/Game/Character/Restriction/ActorRestrictionsInformations.cs:10	20	cantBeAggressed:bool;cantBeChallenged:bool;cantTrade:bool;cantBeAttackedByMutant:bool;cantRun:bool;forceSlowWalk:bool;cantMinimize:bool;cantMove:bool;cantAggress:bool;cantChallenge:bool;cantExchange:bool;cantAttack:bool;cantChat:bool;cantBeMerchant:bool;cantUseObject:bool;cantUseTaxCollector:bool;cantUseInteractive:bool;cantSpeakToNPC:bool;cantChangeZone:bool;cantAttackMonster:bool
PlayerStatus	9351	refs/GinyCore/Giny.Protocol/Types/Game/Character/Status/PlayerStatus.cs:10	1	statusId:byte
PlayerStatusExtended	1136	refs/GinyCore/Giny.Protocol/Types/Game/Character/Status/PlayerStatusExtended.cs:10	1	message:string
ActorOrientation	6283	refs/GinyCore/Giny.Protocol/Types/Game/Context/ActorOrientation.cs:10	2	id:double;direction:byte
EntityDispositionInformations	2227	refs/GinyCore/Giny.Protocol/Types/Game/Context/EntityDispositionInformations.cs:10	2	cellId:short;direction:byte
EntityMovementInformations	2953	refs/GinyCore/Giny.Protocol/Types/Game/Context/EntityMovementInformations.cs:10	2	id:int;steps:byte[]
AbstractFightTeamInformations	7711	refs/GinyCore/Giny.Protocol/Types/Game/Context/Fight/AbstractFightTeamInformations.cs:10	5	teamId:byte;leaderId:double;teamSide:byte;teamTypeId:byte;nbWaves:byte
BaseSpawnMonsterInformation	5339	refs/GinyCore/Giny.Protocol/Types/Game/Context/Fight/BaseSpawnMonsterInformation.cs:10	1	creatureGenericId:short
FightAllianceTeamInformations	6879	refs/GinyCore/Giny.Protocol/Types/Game/Context/Fight/FightAllianceTeamInformations.cs:10	1	relation:byte
FightCommonInformations	5751	refs/GinyCore/Giny.Protocol/Types/Game/Context/Fight/FightCommonInformations.cs:10	5	fightId:short;fightType:byte;fightTeams:FightTeamInformations[];fightTeamsPositions:short[];fightTeamsOptions:FightOptionsInformations[]
FightExternalInformations	7549	refs/GinyCore/Giny.Protocol/Types/Game/Context/Fight/FightExternalInformations.cs:10	6	fightId:short;fightType:byte;fightStart:int;fightSpectatorLocked:bool;fightTeams:FightTeamLightInformations[];fightTeamsOptions:FightOptionsInformations[]
FightLoot	4898	refs/GinyCore/Giny.Protocol/Types/Game/Context/Fight/FightLoot.cs:10	2	objects:int[];kamas:long
FightOptionsInformations	4873	refs/GinyCore/Giny.Protocol/Types/Game/Context/Fight/FightOptionsInformations.cs:10	4	isSecret:bool;isRestrictedToPartyOnly:bool;isClosed:bool;isAskingForHelp:bool
FightResultAdditionalData	2708	refs/GinyCore/Giny.Protocol/Types/Game/Context/Fight/FightResultAdditionalData.cs:10	0	
FightResultExperienceData	2223	refs/GinyCore/Giny.Protocol/Types/Game/Context/Fight/FightResultExperienceData.cs:10	14	experience:long;showExperience:bool;experienceLevelFloor:long;showExperienceLevelFloor:bool;experienceNextLevelFloor:long;showExperienceNextLevelFloor:bool;experienceFightDelta:long;showExperienceFightDelta:bool;experienceForGuild:long;showExperienceForGuild:bool;experienceForMount:long;showExperienceForMount:bool;isIncarnationExperience:bool;rerollExperienceMul:byte
FightResultFighterListEntry	1826	refs/GinyCore/Giny.Protocol/Types/Game/Context/Fight/FightResultFighterListEntry.cs:10	2	id:double;alive:bool
FightResultListEntry	7834	refs/GinyCore/Giny.Protocol/Types/Game/Context/Fight/FightResultListEntry.cs:10	3	outcome:short;wave:byte;rewards:FightLoot
FightResultMutantListEntry	2535	refs/GinyCore/Giny.Protocol/Types/Game/Context/Fight/FightResultMutantListEntry.cs:10	1	level:short
FightResultPlayerListEntry	9475	refs/GinyCore/Giny.Protocol/Types/Game/Context/Fight/FightResultPlayerListEntry.cs:10	2	level:short;additional:FightResultAdditionalData[]
FightResultPvpData	9448	refs/GinyCore/Giny.Protocol/Types/Game/Context/Fight/FightResultPvpData.cs:10	5	grade:byte;minHonorForGrade:short;maxHonorForGrade:short;honor:short;honorDelta:short
FightResultTaxCollectorListEntry	1668	refs/GinyCore/Giny.Protocol/Types/Game/Context/Fight/FightResultTaxCollectorListEntry.cs:10	3	level:byte;guildInfo:BasicGuildInformations;experienceForGuild:int
FightStartingPositions	4728	refs/GinyCore/Giny.Protocol/Types/Game/Context/Fight/FightStartingPositions.cs:10	2	positionsForChallengers:short[];positionsForDefenders:short[]
FightTeamInformations	7466	refs/GinyCore/Giny.Protocol/Types/Game/Context/Fight/FightTeamInformations.cs:10	1	teamMembers:FightTeamMemberInformations[]
FightTeamLightInformations	1600	refs/GinyCore/Giny.Protocol/Types/Game/Context/Fight/FightTeamLightInformations.cs:10	7	teamMembersCount:byte;meanLevel:int;hasFriend:bool;hasGuildMember:bool;hasAllianceMember:bool;hasGroupMember:bool;hasMyTaxCollector:bool
FightTeamMemberCharacterInformations	7589	refs/GinyCore/Giny.Protocol/Types/Game/Context/Fight/FightTeamMemberCharacterInformations.cs:10	2	name:string;level:short
FightTeamMemberEntityInformation	9031	refs/GinyCore/Giny.Protocol/Types/Game/Context/Fight/FightTeamMemberEntityInformation.cs:10	3	entityModelId:byte;level:short;masterId:double
FightTeamMemberInformations	6434	refs/GinyCore/Giny.Protocol/Types/Game/Context/Fight/FightTeamMemberInformations.cs:10	1	id:double
FightTeamMemberMonsterInformations	6698	refs/GinyCore/Giny.Protocol/Types/Game/Context/Fight/FightTeamMemberMonsterInformations.cs:10	2	monsterId:int;grade:byte
FightTeamMemberTaxCollectorInformations	5019	refs/GinyCore/Giny.Protocol/Types/Game/Context/Fight/FightTeamMemberTaxCollectorInformations.cs:10	5	firstNameId:short;lastNameId:short;level:byte;guildId:int;uid:double
FightTeamMemberWithAllianceCharacterInformations	1452	refs/GinyCore/Giny.Protocol/Types/Game/Context/Fight/FightTeamMemberWithAllianceCharacterInformations.cs:10	1	allianceInfos:BasicAllianceInformations
GameContextBasicSpawnInformation	7887	refs/GinyCore/Giny.Protocol/Types/Game/Context/Fight/GameContextBasicSpawnInformation.cs:10	3	teamId:byte;alive:bool;informations:GameContextActorPositionInformations
GameContextSummonsInformation	663	refs/GinyCore/Giny.Protocol/Types/Game/Context/Fight/GameContextSummonsInformation.cs:10	5	spawnInformation:SpawnInformation;wave:byte;look:EntityLook;stats:GameFightCharacteristics;summons:GameContextBasicSpawnInformation[]
GameFightAIInformations	1060	refs/GinyCore/Giny.Protocol/Types/Game/Context/Fight/GameFightAIInformations.cs:10	0	
GameFightCharacterInformations	2596	refs/GinyCore/Giny.Protocol/Types/Game/Context/Fight/GameFightCharacterInformations.cs:10	4	level:short;alignmentInfos:ActorAlignmentInformations;breed:byte;sex:bool
GameFightCharacteristics	3807	refs/GinyCore/Giny.Protocol/Types/Game/Context/Fight/GameFightCharacteristics.cs:10	4	characteristics:CharacterCharacteristics;summoner:double;summoned:bool;invisibilityState:byte
GameFightEffectTriggerCount	463	refs/GinyCore/Giny.Protocol/Types/Game/Context/Fight/GameFightEffectTriggerCount.cs:10	3	effectId:int;targetId:double;count:byte
GameFightEntityInformation	4434	refs/GinyCore/Giny.Protocol/Types/Game/Context/Fight/GameFightEntityInformation.cs:10	3	entityModelId:byte;level:short;masterId:double
GameFightFighterEntityLightInformation	8680	refs/GinyCore/Giny.Protocol/Types/Game/Context/Fight/GameFightFighterEntityLightInformation.cs:10	2	entityModelId:byte;masterId:double
GameFightFighterInformations	8525	refs/GinyCore/Giny.Protocol/Types/Game/Context/Fight/GameFightFighterInformations.cs:10	4	spawnInfo:GameContextBasicSpawnInformation;wave:byte;stats:GameFightCharacteristics;previousPositions:short[]
GameFightFighterLightInformations	3196	refs/GinyCore/Giny.Protocol/Types/Game/Context/Fight/GameFightFighterLightInformations.cs:10	6	id:double;wave:byte;level:short;breed:byte;sex:bool;alive:bool
GameFightFighterMonsterLightInformations	87	refs/GinyCore/Giny.Protocol/Types/Game/Context/Fight/GameFightFighterMonsterLightInformations.cs:10	1	creatureGenericId:short
GameFightFighterNamedInformations	3364	refs/GinyCore/Giny.Protocol/Types/Game/Context/Fight/GameFightFighterNamedInformations.cs:10	5	name:string;status:PlayerStatus;leagueId:short;ladderPosition:int;hiddenInPrefight:bool
GameFightFighterNamedLightInformations	7053	refs/GinyCore/Giny.Protocol/Types/Game/Context/Fight/GameFightFighterNamedLightInformations.cs:10	1	name:string
GameFightFighterTaxCollectorLightInformations	55	refs/GinyCore/Giny.Protocol/Types/Game/Context/Fight/GameFightFighterTaxCollectorLightInformations.cs:10	2	firstNameId:short;lastNameId:short
GameFightMonsterInformations	9097	refs/GinyCore/Giny.Protocol/Types/Game/Context/Fight/GameFightMonsterInformations.cs:10	3	creatureGenericId:short;creatureGrade:byte;creatureLevel:short
GameFightMonsterWithAlignmentInformations	1061	refs/GinyCore/Giny.Protocol/Types/Game/Context/Fight/GameFightMonsterWithAlignmentInformations.cs:10	1	alignmentInfos:ActorAlignmentInformations
GameFightMutantInformations	1606	refs/GinyCore/Giny.Protocol/Types/Game/Context/Fight/GameFightMutantInformations.cs:10	1	powerLevel:byte
GameFightResumeSlaveInfo	7784	refs/GinyCore/Giny.Protocol/Types/Game/Context/Fight/GameFightResumeSlaveInfo.cs:10	4	slaveId:double;spellCooldowns:GameFightSpellCooldown[];summonCount:byte;bombCount:byte
GameFightSpellCooldown	1808	refs/GinyCore/Giny.Protocol/Types/Game/Context/Fight/GameFightSpellCooldown.cs:10	2	spellId:int;cooldown:byte
GameFightTaxCollectorInformations	3419	refs/GinyCore/Giny.Protocol/Types/Game/Context/Fight/GameFightTaxCollectorInformations.cs:10	3	firstNameId:short;lastNameId:short;level:byte
SpawnCharacterInformation	6870	refs/GinyCore/Giny.Protocol/Types/Game/Context/Fight/SpawnCharacterInformation.cs:10	2	name:string;level:short
SpawnCompanionInformation	8648	refs/GinyCore/Giny.Protocol/Types/Game/Context/Fight/SpawnCompanionInformation.cs:10	4	modelId:byte;level:short;summonerId:double;ownerId:double
SpawnInformation	7022	refs/GinyCore/Giny.Protocol/Types/Game/Context/Fight/SpawnInformation.cs:10	0	
SpawnMonsterInformation	6061	refs/GinyCore/Giny.Protocol/Types/Game/Context/Fight/SpawnMonsterInformation.cs:10	1	creatureGrade:byte
SpawnScaledMonsterInformation	5556	refs/GinyCore/Giny.Protocol/Types/Game/Context/Fight/SpawnScaledMonsterInformation.cs:10	1	creatureLevel:short
FightEntityDispositionInformations	827	refs/GinyCore/Giny.Protocol/Types/Game/Context/FightEntityDispositionInformations.cs:10	1	carryingCharacterId:double
GameContextActorInformations	7125	refs/GinyCore/Giny.Protocol/Types/Game/Context/GameContextActorInformations.cs:10	1	look:EntityLook
GameContextActorPositionInformations	261	refs/GinyCore/Giny.Protocol/Types/Game/Context/GameContextActorPositionInformations.cs:10	2	contextualId:double;disposition:EntityDispositionInformations
GameRolePlayTaxCollectorInformations	434	refs/GinyCore/Giny.Protocol/Types/Game/Context/GameRolePlayTaxCollectorInformations.cs:10	3	identification:TaxCollectorStaticInformations;guildLevel:byte;taxCollectorAttack:int
IdentifiedEntityDispositionInformations	4549	refs/GinyCore/Giny.Protocol/Types/Game/Context/IdentifiedEntityDispositionInformations.cs:10	1	id:double
MapCoordinates	5479	refs/GinyCore/Giny.Protocol/Types/Game/Context/MapCoordinates.cs:10	2	worldX:short;worldY:short
MapCoordinatesAndId	1303	refs/GinyCore/Giny.Protocol/Types/Game/Context/MapCoordinatesAndId.cs:10	1	mapId:double
MapCoordinatesExtended	7377	refs/GinyCore/Giny.Protocol/Types/Game/Context/MapCoordinatesExtended.cs:10	1	subAreaId:short
AlignmentWarEffortInformation	9705	refs/GinyCore/Giny.Protocol/Types/Game/Context/Roleplay/Alignment/War/Effort/AlignmentWarEffortInformation.cs:10	2	alignmentSide:byte;alignmentWarEffort:long
AllianceInformations	6476	refs/GinyCore/Giny.Protocol/Types/Game/Context/Roleplay/AllianceInformations.cs:10	1	allianceEmblem:GuildEmblem
AlternativeMonstersInGroupLightInformations	1054	refs/GinyCore/Giny.Protocol/Types/Game/Context/Roleplay/AlternativeMonstersInGroupLightInformations.cs:10	2	playerCount:int;monsters:MonsterInGroupLightInformations[]
AnomalySubareaInformation	6099	refs/GinyCore/Giny.Protocol/Types/Game/Context/Roleplay/AnomalySubareaInformation.cs:10	4	subAreaId:short;rewardRate:short;hasAnomaly:bool;anomalyClosingTime:long
AtlasPointsInformations	6354	refs/GinyCore/Giny.Protocol/Types/Game/Context/Roleplay/AtlasPointsInformations.cs:10	2	type:byte;coords:MapCoordinatesExtended[]
BasicAllianceInformations	5732	refs/GinyCore/Giny.Protocol/Types/Game/Context/Roleplay/BasicAllianceInformations.cs:10	2	allianceId:int;allianceTag:string
BasicGuildInformations	9709	refs/GinyCore/Giny.Protocol/Types/Game/Context/Roleplay/BasicGuildInformations.cs:10	3	guildId:int;guildName:string;guildLevel:byte
BasicNamedAllianceInformations	1173	refs/GinyCore/Giny.Protocol/Types/Game/Context/Roleplay/BasicNamedAllianceInformations.cs:10	1	allianceName:string
BreachBranch	9447	refs/GinyCore/Giny.Protocol/Types/Game/Context/Roleplay/Breach/BreachBranch.cs:10	7	room:byte;element:int;bosses:MonsterInGroupLightInformations[];map:double;score:short;relativeScore:short;monsters:MonsterInGroupLightInformations[]
BreachReward	1476	refs/GinyCore/Giny.Protocol/Types/Game/Context/Roleplay/Breach/BreachReward.cs:10	5	id:int;buyLocks:byte[];buyCriterion:string;remainingQty:int;price:int
ExtendedBreachBranch	8484	refs/GinyCore/Giny.Protocol/Types/Game/Context/Roleplay/Breach/ExtendedBreachBranch.cs:10	3	rewards:BreachReward[];modifier:int;prize:int
ExtendedLockedBreachBranch	3173	refs/GinyCore/Giny.Protocol/Types/Game/Context/Roleplay/Breach/ExtendedLockedBreachBranch.cs:10	1	unlockPrice:int
ArenaLeagueRanking	6285	refs/GinyCore/Giny.Protocol/Types/Game/Context/Roleplay/Fight/Arena/ArenaLeagueRanking.cs:10	5	rank:short;leagueId:short;leaguePoints:short;totalLeaguePoints:short;ladderPosition:int
ArenaRankInfos	9582	refs/GinyCore/Giny.Protocol/Types/Game/Context/Roleplay/Fight/Arena/ArenaRankInfos.cs:10	5	ranking:ArenaRanking;leagueRanking:ArenaLeagueRanking;victoryCount:short;fightcount:short;numFightNeededForLadder:short
ArenaRanking	3975	refs/GinyCore/Giny.Protocol/Types/Game/Context/Roleplay/Fight/Arena/ArenaRanking.cs:10	2	rank:short;bestRank:short
LeagueFriendInformations	8933	refs/GinyCore/Giny.Protocol/Types/Game/Context/Roleplay/Fight/Arena/LeagueFriendInformations.cs:10	8	playerId:long;playerName:string;breed:byte;sex:bool;level:short;leagueId:short;totalLeaguePoints:short;ladderPosition:int
GameRolePlayActorInformations	1036	refs/GinyCore/Giny.Protocol/Types/Game/Context/Roleplay/GameRolePlayActorInformations.cs:10	0	
GameRolePlayCharacterInformations	3465	refs/GinyCore/Giny.Protocol/Types/Game/Context/Roleplay/GameRolePlayCharacterInformations.cs:10	1	alignmentInfos:ActorAlignmentInformations
GameRolePlayGroupMonsterInformations	1305	refs/GinyCore/Giny.Protocol/Types/Game/Context/Roleplay/GameRolePlayGroupMonsterInformations.cs:10	6	lootShare:byte;alignmentSide:byte;keyRingBonus:bool;hasHardcoreDrop:bool;hasAVARewardToken:bool;staticInfos:GroupMonsterStaticInformations
GameRolePlayGroupMonsterWaveInformations	7122	refs/GinyCore/Giny.Protocol/Types/Game/Context/Roleplay/GameRolePlayGroupMonsterWaveInformations.cs:10	2	nbWaves:byte;alternatives:GroupMonsterStaticInformations[]
GameRolePlayHumanoidInformations	5016	refs/GinyCore/Giny.Protocol/Types/Game/Context/Roleplay/GameRolePlayHumanoidInformations.cs:10	2	humanoidInfo:HumanInformations;accountId:int
GameRolePlayMerchantInformations	2246	refs/GinyCore/Giny.Protocol/Types/Game/Context/Roleplay/GameRolePlayMerchantInformations.cs:10	2	sellType:byte;options:HumanOption[]
GameRolePlayMountInformations	3190	refs/GinyCore/Giny.Protocol/Types/Game/Context/Roleplay/GameRolePlayMountInformations.cs:10	2	ownerName:string;level:byte
GameRolePlayMutantInformations	3496	refs/GinyCore/Giny.Protocol/Types/Game/Context/Roleplay/GameRolePlayMutantInformations.cs:10	2	monsterId:short;powerLevel:byte
GameRolePlayNamedActorInformations	8051	refs/GinyCore/Giny.Protocol/Types/Game/Context/Roleplay/GameRolePlayNamedActorInformations.cs:10	1	name:string
GameRolePlayNpcInformations	9237	refs/GinyCore/Giny.Protocol/Types/Game/Context/Roleplay/GameRolePlayNpcInformations.cs:10	3	npcId:short;sex:bool;specialArtworkId:short
GameRolePlayNpcWithQuestInformations	3464	refs/GinyCore/Giny.Protocol/Types/Game/Context/Roleplay/GameRolePlayNpcWithQuestInformations.cs:10	1	questFlag:GameRolePlayNpcQuestFlag
GameRolePlayPortalInformations	6070	refs/GinyCore/Giny.Protocol/Types/Game/Context/Roleplay/GameRolePlayPortalInformations.cs:10	1	portal:PortalInformation
GameRolePlayPrismInformations	882	refs/GinyCore/Giny.Protocol/Types/Game/Context/Roleplay/GameRolePlayPrismInformations.cs:10	1	prism:PrismInformation
GameRolePlayTreasureHintInformations	8293	refs/GinyCore/Giny.Protocol/Types/Game/Context/Roleplay/GameRolePlayTreasureHintInformations.cs:10	1	npcId:short
GroupMonsterStaticInformations	1594	refs/GinyCore/Giny.Protocol/Types/Game/Context/Roleplay/GroupMonsterStaticInformations.cs:10	2	mainCreatureLightInfos:MonsterInGroupLightInformations;underlings:MonsterInGroupInformations[]
GroupMonsterStaticInformationsWithAlternatives	3449	refs/GinyCore/Giny.Protocol/Types/Game/Context/Roleplay/GroupMonsterStaticInformationsWithAlternatives.cs:10	1	alternatives:AlternativeMonstersInGroupLightInformations[]
GuildInAllianceInformations	7766	refs/GinyCore/Giny.Protocol/Types/Game/Context/Roleplay/GuildInAllianceInformations.cs:10	2	nbMembers:byte;joinDate:int
GuildInformations	4148	refs/GinyCore/Giny.Protocol/Types/Game/Context/Roleplay/GuildInformations.cs:10	1	guildEmblem:GuildEmblem
HumanInformations	4912	refs/GinyCore/Giny.Protocol/Types/Game/Context/Roleplay/HumanInformations.cs:10	3	restrictions:ActorRestrictionsInformations;sex:bool;options:HumanOption[]
HumanOption	7964	refs/GinyCore/Giny.Protocol/Types/Game/Context/Roleplay/HumanOption.cs:10	0	
HumanOptionAlliance	6829	refs/GinyCore/Giny.Protocol/Types/Game/Context/Roleplay/HumanOptionAlliance.cs:10	2	allianceInformations:AllianceInformations;aggressable:byte
HumanOptionEmote	3948	refs/GinyCore/Giny.Protocol/Types/Game/Context/Roleplay/HumanOptionEmote.cs:10	2	emoteId:short;emoteStartTime:double
HumanOptionFollowers	6006	refs/GinyCore/Giny.Protocol/Types/Game/Context/Roleplay/HumanOptionFollowers.cs:10	1	followingCharactersLook:IndexedEntityLook[]
HumanOptionGuild	5744	refs/GinyCore/Giny.Protocol/Types/Game/Context/Roleplay/HumanOptionGuild.cs:10	1	guildInformations:GuildInformations
HumanOptionObjectUse	9403	refs/GinyCore/Giny.Protocol/Types/Game/Context/Roleplay/HumanOptionObjectUse.cs:10	3	delayTypeId:byte;delayEndTime:double;objectGID:short
HumanOptionOrnament	3007	refs/GinyCore/Giny.Protocol/Types/Game/Context/Roleplay/HumanOptionOrnament.cs:10	4	ornamentId:short;level:short;leagueId:short;ladderPosition:int
HumanOptionSkillUse	1568	refs/GinyCore/Giny.Protocol/Types/Game/Context/Roleplay/HumanOptionSkillUse.cs:10	3	elementId:int;skillId:short;skillEndTime:double
HumanOptionTitle	854	refs/GinyCore/Giny.Protocol/Types/Game/Context/Roleplay/HumanOptionTitle.cs:10	2	titleId:short;titleParam:string
DecraftedItemStackInfo	1111	refs/GinyCore/Giny.Protocol/Types/Game/Context/Roleplay/Job/DecraftedItemStackInfo.cs:10	5	objectUID:int;bonusMin:float;bonusMax:float;runesId:short[];runesQty:int[]
JobBookSubscription	2471	refs/GinyCore/Giny.Protocol/Types/Game/Context/Roleplay/Job/JobBookSubscription.cs:10	2	jobId:byte;subscribed:bool
JobCrafterDirectoryEntryJobInfo	491	refs/GinyCore/Giny.Protocol/Types/Game/Context/Roleplay/Job/JobCrafterDirectoryEntryJobInfo.cs:10	4	jobId:byte;jobLevel:byte;free:bool;minLevel:byte
JobCrafterDirectoryEntryPlayerInfo	6128	refs/GinyCore/Giny.Protocol/Types/Game/Context/Roleplay/Job/JobCrafterDirectoryEntryPlayerInfo.cs:10	12	playerId:long;playerName:string;alignmentSide:byte;breed:byte;sex:bool;isInWorkshop:bool;worldX:short;worldY:short;mapId:double;subAreaId:short;canCraftLegendary:bool;status:PlayerStatus
JobCrafterDirectoryListEntry	2849	refs/GinyCore/Giny.Protocol/Types/Game/Context/Roleplay/Job/JobCrafterDirectoryListEntry.cs:10	2	playerInfo:JobCrafterDirectoryEntryPlayerInfo;jobInfo:JobCrafterDirectoryEntryJobInfo
JobCrafterDirectorySettings	2478	refs/GinyCore/Giny.Protocol/Types/Game/Context/Roleplay/Job/JobCrafterDirectorySettings.cs:10	3	jobId:byte;minLevel:byte;free:bool
JobDescription	6947	refs/GinyCore/Giny.Protocol/Types/Game/Context/Roleplay/Job/JobDescription.cs:10	2	jobId:byte;skills:SkillActionDescription[]
JobExperience	2255	refs/GinyCore/Giny.Protocol/Types/Game/Context/Roleplay/Job/JobExperience.cs:10	5	jobId:byte;jobLevel:byte;jobXP:long;jobXpLevelFloor:long;jobXpNextLevelFloor:long
MonsterBoosts	183	refs/GinyCore/Giny.Protocol/Types/Game/Context/Roleplay/MonsterBoosts.cs:10	3	id:int;xpBoost:short;dropBoost:short
MonsterInGroupInformations	8585	refs/GinyCore/Giny.Protocol/Types/Game/Context/Roleplay/MonsterInGroupInformations.cs:10	1	look:EntityLook
MonsterInGroupLightInformations	502	refs/GinyCore/Giny.Protocol/Types/Game/Context/Roleplay/MonsterInGroupLightInformations.cs:10	3	genericId:int;grade:byte;level:short
MapNpcQuestInfo	8860	refs/GinyCore/Giny.Protocol/Types/Game/Context/Roleplay/Npc/MapNpcQuestInfo.cs:10	3	mapId:double;npcsIdsWithQuest:int[];questFlags:GameRolePlayNpcQuestFlag[]
ObjectItemInRolePlay	572	refs/GinyCore/Giny.Protocol/Types/Game/Context/Roleplay/ObjectItemInRolePlay.cs:10	2	cellId:short;objectGID:short
DungeonPartyFinderPlayer	1848	refs/GinyCore/Giny.Protocol/Types/Game/Context/Roleplay/Party/DungeonPartyFinderPlayer.cs:10	5	playerId:long;playerName:string;breed:byte;sex:bool;level:short
PartyEntityBaseInformation	8549	refs/GinyCore/Giny.Protocol/Types/Game/Context/Roleplay/Party/Entity/PartyEntityBaseInformation.cs:10	3	indexId:byte;entityModelId:byte;entityLook:EntityLook
PartyEntityMemberInformation	8077	refs/GinyCore/Giny.Protocol/Types/Game/Context/Roleplay/Party/Entity/PartyEntityMemberInformation.cs:10	5	initiative:short;lifePoints:int;maxLifePoints:int;prospecting:short;regenRate:byte
NamedPartyTeam	8422	refs/GinyCore/Giny.Protocol/Types/Game/Context/Roleplay/Party/NamedPartyTeam.cs:10	2	teamId:byte;partyName:string
NamedPartyTeamWithOutcome	7068	refs/GinyCore/Giny.Protocol/Types/Game/Context/Roleplay/Party/NamedPartyTeamWithOutcome.cs:10	2	team:NamedPartyTeam;outcome:short
PartyGuestInformations	3541	refs/GinyCore/Giny.Protocol/Types/Game/Context/Roleplay/Party/PartyGuestInformations.cs:10	8	guestId:long;hostId:long;name:string;guestLook:EntityLook;breed:byte;sex:bool;status:PlayerStatus;entities:PartyEntityBaseInformation[]
PartyInvitationMemberInformations	3864	refs/GinyCore/Giny.Protocol/Types/Game/Context/Roleplay/Party/PartyInvitationMemberInformations.cs:10	5	worldX:short;worldY:short;mapId:double;subAreaId:short;entities:PartyEntityBaseInformation[]
PartyMemberArenaInformations	5261	refs/GinyCore/Giny.Protocol/Types/Game/Context/Roleplay/Party/PartyMemberArenaInformations.cs:10	1	rank:short
PartyMemberGeoPosition	6539	refs/GinyCore/Giny.Protocol/Types/Game/Context/Roleplay/Party/PartyMemberGeoPosition.cs:10	5	memberId:int;worldX:short;worldY:short;mapId:double;subAreaId:short
PartyMemberInformations	8826	refs/GinyCore/Giny.Protocol/Types/Game/Context/Roleplay/Party/PartyMemberInformations.cs:10	12	lifePoints:int;maxLifePoints:int;prospecting:short;regenRate:byte;initiative:short;alignmentSide:byte;worldX:short;worldY:short;mapId:double;subAreaId:short;status:PlayerStatus;entities:PartyEntityBaseInformation[]
GameRolePlayNpcQuestFlag	3057	refs/GinyCore/Giny.Protocol/Types/Game/Context/Roleplay/Quest/GameRolePlayNpcQuestFlag.cs:10	2	questsToValidId:short[];questsToStartId:short[]
QuestActiveDetailedInformations	3883	refs/GinyCore/Giny.Protocol/Types/Game/Context/Roleplay/Quest/QuestActiveDetailedInformations.cs:10	2	stepId:short;objectives:QuestObjectiveInformations[]
QuestActiveInformations	3739	refs/GinyCore/Giny.Protocol/Types/Game/Context/Roleplay/Quest/QuestActiveInformations.cs:10	1	questId:short
QuestObjectiveInformations	8836	refs/GinyCore/Giny.Protocol/Types/Game/Context/Roleplay/Quest/QuestObjectiveInformations.cs:10	3	objectiveId:short;objectiveStatus:bool;dialogParams:string[]
QuestObjectiveInformationsWithCompletion	5684	refs/GinyCore/Giny.Protocol/Types/Game/Context/Roleplay/Quest/QuestObjectiveInformationsWithCompletion.cs:10	2	curCompletion:short;maxCompletion:short
PortalInformation	8424	refs/GinyCore/Giny.Protocol/Types/Game/Context/Roleplay/TreasureHunt/PortalInformation.cs:10	2	portalId:int;areaId:short
TreasureHuntFlag	2101	refs/GinyCore/Giny.Protocol/Types/Game/Context/Roleplay/TreasureHunt/TreasureHuntFlag.cs:10	2	mapId:double;state:byte
TreasureHuntStep	725	refs/GinyCore/Giny.Protocol/Types/Game/Context/Roleplay/TreasureHunt/TreasureHuntStep.cs:10	0	
TreasureHuntStepDig	3592	refs/GinyCore/Giny.Protocol/Types/Game/Context/Roleplay/TreasureHunt/TreasureHuntStepDig.cs:10	0	
TreasureHuntStepFight	7230	refs/GinyCore/Giny.Protocol/Types/Game/Context/Roleplay/TreasureHunt/TreasureHuntStepFight.cs:10	0	
TreasureHuntStepFollowDirection	437	refs/GinyCore/Giny.Protocol/Types/Game/Context/Roleplay/TreasureHunt/TreasureHuntStepFollowDirection.cs:10	2	direction:byte;mapCount:short
TreasureHuntStepFollowDirectionToHint	895	refs/GinyCore/Giny.Protocol/Types/Game/Context/Roleplay/TreasureHunt/TreasureHuntStepFollowDirectionToHint.cs:10	2	direction:byte;npcId:short
TreasureHuntStepFollowDirectionToPOI	6869	refs/GinyCore/Giny.Protocol/Types/Game/Context/Roleplay/TreasureHunt/TreasureHuntStepFollowDirectionToPOI.cs:10	2	direction:byte;poiLabelId:short
TaxCollectorStaticExtendedInformations	7412	refs/GinyCore/Giny.Protocol/Types/Game/Context/TaxCollectorStaticExtendedInformations.cs:10	1	allianceIdentity:AllianceInformations
TaxCollectorStaticInformations	3183	refs/GinyCore/Giny.Protocol/Types/Game/Context/TaxCollectorStaticInformations.cs:10	4	firstNameId:short;lastNameId:short;guildIdentity:GuildInformations;callerId:long
BidExchangerObjectInfo	7649	refs/GinyCore/Giny.Protocol/Types/Game/Data/Items/BidExchangerObjectInfo.cs:10	5	objectUID:int;objectGID:short;objectType:int;effects:ObjectEffect[];prices:long[]
ObjectEffect	9255	refs/GinyCore/Giny.Protocol/Types/Game/Data/Items/Effects/ObjectEffect.cs:10	1	actionId:short
ObjectEffectCreature	2124	refs/GinyCore/Giny.Protocol/Types/Game/Data/Items/Effects/ObjectEffectCreature.cs:10	1	monsterFamilyId:short
ObjectEffectDate	616	refs/GinyCore/Giny.Protocol/Types/Game/Data/Items/Effects/ObjectEffectDate.cs:10	5	year:short;month:byte;day:byte;hour:byte;minute:byte
ObjectEffectDice	4234	refs/GinyCore/Giny.Protocol/Types/Game/Data/Items/Effects/ObjectEffectDice.cs:10	3	diceNum:int;diceSide:int;diceConst:int
ObjectEffectDuration	3138	refs/GinyCore/Giny.Protocol/Types/Game/Data/Items/Effects/ObjectEffectDuration.cs:10	3	days:short;hours:byte;minutes:byte
ObjectEffectInteger	6724	refs/GinyCore/Giny.Protocol/Types/Game/Data/Items/Effects/ObjectEffectInteger.cs:10	1	value:int
ObjectEffectLadder	508	refs/GinyCore/Giny.Protocol/Types/Game/Data/Items/Effects/ObjectEffectLadder.cs:10	1	monsterCount:int
ObjectEffectMinMax	9563	refs/GinyCore/Giny.Protocol/Types/Game/Data/Items/Effects/ObjectEffectMinMax.cs:10	2	min:int;max:int
ObjectEffectMount	3193	refs/GinyCore/Giny.Protocol/Types/Game/Data/Items/Effects/ObjectEffectMount.cs:10	14	id:long;expirationDate:long;model:int;name:string;owner:string;level:byte;sex:bool;isRideable:bool;isFeconded:bool;isFecondationReady:bool;reproductionCount:int;reproductionCountMax:int;effects:ObjectEffectInteger[];capacities:int[]
ObjectEffectString	205	refs/GinyCore/Giny.Protocol/Types/Game/Data/Items/Effects/ObjectEffectString.cs:10	1	value:string
ForgettableSpellItem	6689	refs/GinyCore/Giny.Protocol/Types/Game/Data/Items/ForgettableSpellItem.cs:10	1	available:bool
GoldItem	7805	refs/GinyCore/Giny.Protocol/Types/Game/Data/Items/GoldItem.cs:10	1	sum:long
Item	42	refs/GinyCore/Giny.Protocol/Types/Game/Data/Items/Item.cs:10	0	
ObjectEffects	1337	refs/GinyCore/Giny.Protocol/Types/Game/Data/Items/ObjectEffects.cs:10	1	effects:ObjectEffect[]
ObjectItem	8568	refs/GinyCore/Giny.Protocol/Types/Game/Data/Items/ObjectItem.cs:10	5	position:short;objectGID:short;effects:ObjectEffect[];objectUID:int;quantity:int
ObjectItemGenericQuantity	2677	refs/GinyCore/Giny.Protocol/Types/Game/Data/Items/ObjectItemGenericQuantity.cs:10	2	objectGID:short;quantity:int
ObjectItemInformationWithQuantity	2220	refs/GinyCore/Giny.Protocol/Types/Game/Data/Items/ObjectItemInformationWithQuantity.cs:10	1	quantity:int
ObjectItemMinimalInformation	1570	refs/GinyCore/Giny.Protocol/Types/Game/Data/Items/ObjectItemMinimalInformation.cs:10	2	objectGID:short;effects:ObjectEffect[]
ObjectItemNotInContainer	1294	refs/GinyCore/Giny.Protocol/Types/Game/Data/Items/ObjectItemNotInContainer.cs:10	4	objectGID:short;effects:ObjectEffect[];objectUID:int;quantity:int
ObjectItemQuantity	5342	refs/GinyCore/Giny.Protocol/Types/Game/Data/Items/ObjectItemQuantity.cs:10	2	objectUID:int;quantity:int
ObjectItemQuantityPriceDateEffects	7034	refs/GinyCore/Giny.Protocol/Types/Game/Data/Items/ObjectItemQuantityPriceDateEffects.cs:10	3	price:long;effects:ObjectEffects;date:int
ObjectItemToSell	5444	refs/GinyCore/Giny.Protocol/Types/Game/Data/Items/ObjectItemToSell.cs:10	5	objectGID:short;effects:ObjectEffect[];objectUID:int;quantity:int;objectPrice:long
ObjectItemToSellInBid	712	refs/GinyCore/Giny.Protocol/Types/Game/Data/Items/ObjectItemToSellInBid.cs:10	1	unsoldDelay:int
ObjectItemToSellInHumanVendorShop	3410	refs/GinyCore/Giny.Protocol/Types/Game/Data/Items/ObjectItemToSellInHumanVendorShop.cs:10	6	objectGID:short;effects:ObjectEffect[];objectUID:int;quantity:int;objectPrice:long;publicPrice:long
ObjectItemToSellInNpcShop	357	refs/GinyCore/Giny.Protocol/Types/Game/Data/Items/ObjectItemToSellInNpcShop.cs:10	2	objectPrice:long;buyCriterion:string
SellerBuyerDescriptor	632	refs/GinyCore/Giny.Protocol/Types/Game/Data/Items/SellerBuyerDescriptor.cs:10	8	quantities:int[];types:int[];taxPercentage:float;taxModificationPercentage:float;maxItemLevel:byte;maxItemPerAccount:int;npcContextualId:int;unsoldDelay:short
SpellItem	8181	refs/GinyCore/Giny.Protocol/Types/Game/Data/Items/SpellItem.cs:10	2	spellId:int;spellLevel:short
EntityInformation	9471	refs/GinyCore/Giny.Protocol/Types/Game/Entity/EntityInformation.cs:10	3	id:short;experience:int;status:bool
ProtectedEntityWaitingForHelpInfo	691	refs/GinyCore/Giny.Protocol/Types/Game/Fight/ProtectedEntityWaitingForHelpInfo.cs:10	3	timeLeftBeforeFight:int;waitTimeForPlacement:int;nbPositionForDefensors:byte
FinishMoveInformations	9080	refs/GinyCore/Giny.Protocol/Types/Game/Finishmoves/FinishMoveInformations.cs:10	2	finishMoveId:int;finishMoveState:bool
AbstractContactInformations	7523	refs/GinyCore/Giny.Protocol/Types/Game/Friend/AbstractContactInformations.cs:10	2	accountId:int;accountTag:AccountTagInformation
AcquaintanceInformation	7533	refs/GinyCore/Giny.Protocol/Types/Game/Friend/AcquaintanceInformation.cs:10	1	playerState:byte
AcquaintanceOnlineInformation	4753	refs/GinyCore/Giny.Protocol/Types/Game/Friend/AcquaintanceOnlineInformation.cs:10	4	playerId:long;playerName:string;moodSmileyId:short;status:PlayerStatus
FriendInformations	9350	refs/GinyCore/Giny.Protocol/Types/Game/Friend/FriendInformations.cs:10	5	playerState:byte;lastConnection:short;achievementPoints:int;leagueId:short;ladderPosition:int
FriendOnlineInformations	3423	refs/GinyCore/Giny.Protocol/Types/Game/Friend/FriendOnlineInformations.cs:10	10	playerId:long;playerName:string;level:short;alignmentSide:byte;breed:byte;sex:bool;guildInfo:GuildInformations;moodSmileyId:short;status:PlayerStatus;havenBagShared:bool
FriendSpouseInformations	9223	refs/GinyCore/Giny.Protocol/Types/Game/Friend/FriendSpouseInformations.cs:10	9	spouseAccountId:int;spouseId:long;spouseName:string;spouseLevel:short;breed:byte;sex:byte;spouseEntityLook:EntityLook;guildInfo:GuildInformations;alignmentSide:byte
FriendSpouseOnlineInformations	3147	refs/GinyCore/Giny.Protocol/Types/Game/Friend/FriendSpouseOnlineInformations.cs:10	4	mapId:double;subAreaId:short;inFight:bool;followSpouse:bool
IgnoredInformations	7442	refs/GinyCore/Giny.Protocol/Types/Game/Friend/IgnoredInformations.cs:10	0	
IgnoredOnlineInformations	6999	refs/GinyCore/Giny.Protocol/Types/Game/Friend/IgnoredOnlineInformations.cs:10	4	playerId:long;playerName:string;breed:byte;sex:bool
ApplicationPlayerInformation	6686	refs/GinyCore/Giny.Protocol/Types/Game/Guild/Application/ApplicationPlayerInformation.cs:10	9	playerId:long;playerName:string;breed:byte;sex:bool;level:int;accountId:int;accountTag:string;accountNickname:string;status:PlayerStatus
GuildApplicationInformation	7531	refs/GinyCore/Giny.Protocol/Types/Game/Guild/Application/GuildApplicationInformation.cs:10	3	playerInfo:ApplicationPlayerInformation;applyText:string;creationDate:double
GuildEmblem	4435	refs/GinyCore/Giny.Protocol/Types/Game/Guild/GuildEmblem.cs:10	4	symbolShape:short;symbolColor:int;backgroundShape:byte;backgroundColor:int
GuildMember	9147	refs/GinyCore/Giny.Protocol/Types/Game/Guild/GuildMember.cs:10	14	breed:byte;sex:bool;rankId:int;givenExperience:long;experienceGivenPercent:byte;connected:byte;alignmentSide:byte;hoursSinceLastConnection:short;moodSmileyId:short;accountId:int;achievementPoints:int;status:PlayerStatus;havenBagShared:bool;note:PlayerNote
GuildRankInformation	742	refs/GinyCore/Giny.Protocol/Types/Game/Guild/GuildRankInformation.cs:10	4	order:int;gfxId:int;modifiable:bool;rights:int[]
GuildRankMinimalInformation	362	refs/GinyCore/Giny.Protocol/Types/Game/Guild/GuildRankMinimalInformation.cs:10	2	id:int;name:string
GuildRankPublicInformation	5645	refs/GinyCore/Giny.Protocol/Types/Game/Guild/GuildRankPublicInformation.cs:10	2	order:int;gfxId:int
HavenBagFurnitureInformation	3895	refs/GinyCore/Giny.Protocol/Types/Game/Guild/HavenBagFurnitureInformation.cs:10	3	cellId:short;funitureId:int;orientation:byte
GuildLogbookChestActivity	3291	refs/GinyCore/Giny.Protocol/Types/Game/Guild/Logbook/Chest/GuildLogbookChestActivity.cs:10	4	playerId:long;playerName:string;eventType:byte;quantity:int
GuildLevelUpActivity	7901	refs/GinyCore/Giny.Protocol/Types/Game/Guild/Logbook/Global/GuildLevelUpActivity.cs:10	1	newGuildLevel:byte
GuildPaddockActivity	9842	refs/GinyCore/Giny.Protocol/Types/Game/Guild/Logbook/Global/GuildPaddockActivity.cs:10	5	playerId:long;playerName:string;paddockCoordinates:MapCoordinatesExtended;farmId:double;paddockEventType:byte
GuildPlayerFlowActivity	9219	refs/GinyCore/Giny.Protocol/Types/Game/Guild/Logbook/Global/GuildPlayerFlowActivity.cs:10	3	playerId:long;playerName:string;playerFlowEventType:byte
GuildPlayerRankUpdateActivity	9478	refs/GinyCore/Giny.Protocol/Types/Game/Guild/Logbook/Global/GuildPlayerRankUpdateActivity.cs:10	3	guildRankMinimalInfos:GuildRankMinimalInformation;playerId:long;playerName:string
GuildRankActivity	6586	refs/GinyCore/Giny.Protocol/Types/Game/Guild/Logbook/Global/GuildRankActivity.cs:10	2	rankActivityType:byte;guildRankMinimalInfos:GuildRankMinimalInformation
GuildLogbookEntryBasicInformation	3961	refs/GinyCore/Giny.Protocol/Types/Game/Guild/Logbook/GuildLogbookEntryBasicInformation.cs:10	2	id:int;date:double
GuildRecruitmentInformation	4522	refs/GinyCore/Giny.Protocol/Types/Game/Guild/Recruitment/GuildRecruitmentInformation.cs:10	14	guildId:int;recruitmentType:byte;recruitmentTitle:string;recruitmentText:string;selectedLanguages:int[];selectedCriterion:int[];minLevel:short;minLevelFacultative:bool;minSuccess:int;minSuccessFacultative:bool;invalidatedByModeration:bool;lastEditPlayerName:string;lastEditDate:double;recruitmentAutoLocked:bool
AdditionalTaxCollectorInformations	1493	refs/GinyCore/Giny.Protocol/Types/Game/Guild/Tax/AdditionalTaxCollectorInformations.cs:10	2	collectorCallerName:string;date:int
TaxCollectorBasicInformations	8350	refs/GinyCore/Giny.Protocol/Types/Game/Guild/Tax/TaxCollectorBasicInformations.cs:10	6	firstNameId:short;lastNameId:short;worldX:short;worldY:short;mapId:double;subAreaId:short
TaxCollectorComplementaryInformations	858	refs/GinyCore/Giny.Protocol/Types/Game/Guild/Tax/TaxCollectorComplementaryInformations.cs:10	0	
TaxCollectorFightersInformation	9834	refs/GinyCore/Giny.Protocol/Types/Game/Guild/Tax/TaxCollectorFightersInformation.cs:10	3	collectorId:double;allyCharactersInformations:CharacterMinimalPlusLookInformations[];enemyCharactersInformations:CharacterMinimalPlusLookInformations[]
TaxCollectorGuildInformations	1367	refs/GinyCore/Giny.Protocol/Types/Game/Guild/Tax/TaxCollectorGuildInformations.cs:10	1	guild:BasicGuildInformations
TaxCollectorInformations	7513	refs/GinyCore/Giny.Protocol/Types/Game/Guild/Tax/TaxCollectorInformations.cs:10	10	uniqueId:double;firtNameId:short;lastNameId:short;additionalInfos:AdditionalTaxCollectorInformations;worldX:short;worldY:short;subAreaId:short;state:byte;look:EntityLook;complements:TaxCollectorComplementaryInformations[]
TaxCollectorLootInformations	1966	refs/GinyCore/Giny.Protocol/Types/Game/Guild/Tax/TaxCollectorLootInformations.cs:10	4	kamas:long;experience:long;pods:int;itemsValue:long
TaxCollectorMovement	3801	refs/GinyCore/Giny.Protocol/Types/Game/Guild/Tax/TaxCollectorMovement.cs:10	4	movementType:byte;basicInfos:TaxCollectorBasicInformations;playerId:long;playerName:string
TaxCollectorWaitingForHelpInformations	3393	refs/GinyCore/Giny.Protocol/Types/Game/Guild/Tax/TaxCollectorWaitingForHelpInformations.cs:10	1	waitingForHelpInfo:ProtectedEntityWaitingForHelpInfo
HavenBagRoomPreviewInformation	4433	refs/GinyCore/Giny.Protocol/Types/Game/Havenbag/HavenBagRoomPreviewInformation.cs:10	2	roomId:byte;themeId:byte
AccountHouseInformations	588	refs/GinyCore/Giny.Protocol/Types/Game/House/AccountHouseInformations.cs:10	5	houseInfos:HouseInstanceInformations;worldX:short;worldY:short;mapId:double;subAreaId:short
HouseGuildedInformations	7677	refs/GinyCore/Giny.Protocol/Types/Game/House/HouseGuildedInformations.cs:10	1	guildInfo:GuildInformations
HouseInformations	1025	refs/GinyCore/Giny.Protocol/Types/Game/House/HouseInformations.cs:10	2	houseId:int;modelId:short
HouseInformationsForGuild	8788	refs/GinyCore/Giny.Protocol/Types/Game/House/HouseInformationsForGuild.cs:10	9	instanceId:int;secondHand:bool;ownerTag:AccountTagInformation;worldX:short;worldY:short;mapId:double;subAreaId:short;skillListIds:int[];guildshareParams:int
HouseInformationsForSell	8931	refs/GinyCore/Giny.Protocol/Types/Game/House/HouseInformationsForSell.cs:10	14	instanceId:int;secondHand:bool;modelId:int;ownerTag:AccountTagInformation;hasOwner:bool;ownerCharacterName:string;worldX:short;worldY:short;subAreaId:short;nbRoom:byte;nbChest:byte;skillListIds:int[];isLocked:bool;price:long
HouseInformationsInside	8706	refs/GinyCore/Giny.Protocol/Types/Game/House/HouseInformationsInside.cs:10	3	houseInfos:HouseInstanceInformations;worldX:short;worldY:short
HouseInstanceInformations	1868	refs/GinyCore/Giny.Protocol/Types/Game/House/HouseInstanceInformations.cs:10	7	instanceId:int;secondHand:bool;isLocked:bool;ownerTag:AccountTagInformation;hasOwner:bool;price:long;isSaleLocked:bool
HouseOnMapInformations	7144	refs/GinyCore/Giny.Protocol/Types/Game/House/HouseOnMapInformations.cs:10	2	doorsOnMap:int[];houseInstances:HouseInstanceInformations[]
Idol	9682	refs/GinyCore/Giny.Protocol/Types/Game/Idol/Idol.cs:10	3	id:short;xpBonusPercent:short;dropBonusPercent:short
PartyIdol	4985	refs/GinyCore/Giny.Protocol/Types/Game/Idol/PartyIdol.cs:10	1	ownersIds:long[]
InteractiveElement	2235	refs/GinyCore/Giny.Protocol/Types/Game/Interactive/InteractiveElement.cs:10	5	elementId:int;elementTypeId:int;enabledSkills:InteractiveElementSkill[];disabledSkills:InteractiveElementSkill[];onCurrentMap:bool
InteractiveElementNamedSkill	8189	refs/GinyCore/Giny.Protocol/Types/Game/Interactive/InteractiveElementNamedSkill.cs:10	1	nameId:int
InteractiveElementSkill	4754	refs/GinyCore/Giny.Protocol/Types/Game/Interactive/InteractiveElementSkill.cs:10	2	skillId:int;skillInstanceUid:int
InteractiveElementWithAgeBonus	2318	refs/GinyCore/Giny.Protocol/Types/Game/Interactive/InteractiveElementWithAgeBonus.cs:10	1	ageBonus:short
MapObstacle	7300	refs/GinyCore/Giny.Protocol/Types/Game/Interactive/MapObstacle.cs:10	2	obstacleCellId:short;state:byte
SkillActionDescription	8190	refs/GinyCore/Giny.Protocol/Types/Game/Interactive/Skill/SkillActionDescription.cs:10	1	skillId:short
SkillActionDescriptionCollect	8067	refs/GinyCore/Giny.Protocol/Types/Game/Interactive/Skill/SkillActionDescriptionCollect.cs:10	2	min:short;max:short
SkillActionDescriptionCraft	2607	refs/GinyCore/Giny.Protocol/Types/Game/Interactive/Skill/SkillActionDescriptionCraft.cs:10	1	probability:byte
SkillActionDescriptionTimed	687	refs/GinyCore/Giny.Protocol/Types/Game/Interactive/Skill/SkillActionDescriptionTimed.cs:10	1	time:byte
StatedElement	9515	refs/GinyCore/Giny.Protocol/Types/Game/Interactive/StatedElement.cs:10	4	elementId:int;elementCellId:short;elementState:int;onCurrentMap:bool
TeleportDestination	6958	refs/GinyCore/Giny.Protocol/Types/Game/Interactive/Zaap/TeleportDestination.cs:10	5	type:byte;mapId:double;subAreaId:short;level:short;cost:short
RecycledItem	2393	refs/GinyCore/Giny.Protocol/Types/Game/Inventory/Exchanges/RecycledItem.cs:10	2	id:short;qty:uint
EntityLook	212	refs/GinyCore/Giny.Protocol/Types/Game/Look/EntityLook.cs:10	5	bonesId:short;skins:short[];indexedColors:int[];scales:short[];subentities:SubEntity[]
IndexedEntityLook	8126	refs/GinyCore/Giny.Protocol/Types/Game/Look/IndexedEntityLook.cs:10	2	look:EntityLook;index:byte
SubEntity	3179	refs/GinyCore/Giny.Protocol/Types/Game/Look/SubEntity.cs:10	3	bindingPointCategory:byte;bindingPointIndex:byte;subEntityLook:EntityLook
ItemDurability	6808	refs/GinyCore/Giny.Protocol/Types/Game/Mount/ItemDurability.cs:10	2	durability:short;durabilityMax:short
MountClientData	7643	refs/GinyCore/Giny.Protocol/Types/Game/Mount/MountClientData.cs:10	34	id:double;model:int;ancestor:int[];behaviors:int[];name:string;sex:bool;ownerId:int;experience:long;experienceForLevel:long;experienceForNextLevel:double;level:byte;isRideable:bool;maxPods:int;isWild:bool;stamina:int;staminaMax:int;maturity:int;maturityForAdult:int;energy:int;energyMax:int;serenity:int;aggressivityMax:int;serenityMax:int;love:int;loveMax:int;fecondationTime:int;isFecondationReady:bool;boostLimiter:int;boostMax:double;reproductionCount:int;reproductionCountMax:int;harnessGID:short;useHarnessColors:bool;effectList:ObjectEffectInteger[]
UpdateMountBooleanCharacteristic	7582	refs/GinyCore/Giny.Protocol/Types/Game/Mount/UpdateMountBooleanCharacteristic.cs:10	1	value:bool
UpdateMountCharacteristic	7198	refs/GinyCore/Giny.Protocol/Types/Game/Mount/UpdateMountCharacteristic.cs:10	1	type:byte
UpdateMountIntegerCharacteristic	7155	refs/GinyCore/Giny.Protocol/Types/Game/Mount/UpdateMountIntegerCharacteristic.cs:10	1	value:int
MountInformationsForPaddock	7701	refs/GinyCore/Giny.Protocol/Types/Game/Paddock/MountInformationsForPaddock.cs:10	3	modelId:short;name:string;ownerName:string
PaddockBuyableInformations	1474	refs/GinyCore/Giny.Protocol/Types/Game/Paddock/PaddockBuyableInformations.cs:10	2	price:long;locked:bool
PaddockContentInformations	6719	refs/GinyCore/Giny.Protocol/Types/Game/Paddock/PaddockContentInformations.cs:10	7	paddockId:double;worldX:short;worldY:short;mapId:double;subAreaId:short;abandonned:bool;mountsInformations:MountInformationsForPaddock[]
PaddockGuildedInformations	1293	refs/GinyCore/Giny.Protocol/Types/Game/Paddock/PaddockGuildedInformations.cs:10	2	deserted:bool;guildInfo:GuildInformations
PaddockInformations	5079	refs/GinyCore/Giny.Protocol/Types/Game/Paddock/PaddockInformations.cs:10	2	maxOutdoorMount:short;maxItems:short
PaddockInformationsForSell	3003	refs/GinyCore/Giny.Protocol/Types/Game/Paddock/PaddockInformationsForSell.cs:10	7	guildOwner:string;worldX:short;worldY:short;subAreaId:short;nbMount:byte;nbObject:byte;price:long
PaddockInstancesInformations	7192	refs/GinyCore/Giny.Protocol/Types/Game/Paddock/PaddockInstancesInformations.cs:10	1	paddocks:PaddockBuyableInformations[]
PaddockItem	7089	refs/GinyCore/Giny.Protocol/Types/Game/Paddock/PaddockItem.cs:10	1	durability:ItemDurability
CharacterCharacteristicForPreset	1673	refs/GinyCore/Giny.Protocol/Types/Game/Presets/CharacterCharacteristicForPreset.cs:10	1	stuff:short
EntitiesPreset	5598	refs/GinyCore/Giny.Protocol/Types/Game/Presets/EntitiesPreset.cs:10	2	iconId:short;entityIds:short[]
ForgettableSpellsPreset	5549	refs/GinyCore/Giny.Protocol/Types/Game/Presets/ForgettableSpellsPreset.cs:10	2	baseSpellsPreset:SpellsPreset;forgettableSpells:SpellForPreset[]
FullStatsPreset	3552	refs/GinyCore/Giny.Protocol/Types/Game/Presets/FullStatsPreset.cs:10	1	stats:CharacterCharacteristicForPreset[]
IconNamedPreset	1919	refs/GinyCore/Giny.Protocol/Types/Game/Presets/IconNamedPreset.cs:10	2	iconId:short;name:string
IdolsPreset	2034	refs/GinyCore/Giny.Protocol/Types/Game/Presets/IdolsPreset.cs:10	2	iconId:short;idolIds:short[]
ItemForPreset	7757	refs/GinyCore/Giny.Protocol/Types/Game/Presets/ItemForPreset.cs:10	3	position:short;objGid:short;objUid:int
ItemsPreset	559	refs/GinyCore/Giny.Protocol/Types/Game/Presets/ItemsPreset.cs:10	3	items:ItemForPreset[];mountEquipped:bool;look:EntityLook
Preset	4056	refs/GinyCore/Giny.Protocol/Types/Game/Presets/Preset.cs:10	1	id:short
PresetsContainerPreset	9466	refs/GinyCore/Giny.Protocol/Types/Game/Presets/PresetsContainerPreset.cs:10	1	presets:Preset[]
SimpleCharacterCharacteristicForPreset	7594	refs/GinyCore/Giny.Protocol/Types/Game/Presets/SimpleCharacterCharacteristicForPreset.cs:10	2	keyword:string;additionnal:short
SpellForPreset	3545	refs/GinyCore/Giny.Protocol/Types/Game/Presets/SpellForPreset.cs:10	2	spellId:short;shortcuts:short[]
SpellsPreset	8652	refs/GinyCore/Giny.Protocol/Types/Game/Presets/SpellsPreset.cs:10	1	spells:SpellForPreset[]
StatsPreset	4172	refs/GinyCore/Giny.Protocol/Types/Game/Presets/StatsPreset.cs:10	1	stats:SimpleCharacterCharacteristicForPreset[]
AllianceInsiderPrismInformation	3284	refs/GinyCore/Giny.Protocol/Types/Game/Prism/AllianceInsiderPrismInformation.cs:10	5	lastTimeSlotModificationDate:int;lastTimeSlotModificationAuthorGuildId:int;lastTimeSlotModificationAuthorId:long;lastTimeSlotModificationAuthorName:string;modulesObjects:ObjectItem[]
AlliancePrismInformation	766	refs/GinyCore/Giny.Protocol/Types/Game/Prism/AlliancePrismInformation.cs:10	1	alliance:AllianceInformations
PrismFightersInformation	9984	refs/GinyCore/Giny.Protocol/Types/Game/Prism/PrismFightersInformation.cs:10	4	subAreaId:short;waitingForHelpInfo:ProtectedEntityWaitingForHelpInfo;allyCharactersInformations:CharacterMinimalPlusLookInformations[];enemyCharactersInformations:CharacterMinimalPlusLookInformations[]
PrismGeolocalizedInformation	6582	refs/GinyCore/Giny.Protocol/Types/Game/Prism/PrismGeolocalizedInformation.cs:10	4	worldX:short;worldY:short;mapId:double;prism:PrismInformation
PrismInformation	2401	refs/GinyCore/Giny.Protocol/Types/Game/Prism/PrismInformation.cs:10	5	typeId:byte;state:byte;nextVulnerabilityDate:int;placementDate:int;rewardTokenCount:int
PrismSubareaEmptyInfo	3717	refs/GinyCore/Giny.Protocol/Types/Game/Prism/PrismSubareaEmptyInfo.cs:10	2	subAreaId:short;allianceId:int
Shortcut	3342	refs/GinyCore/Giny.Protocol/Types/Game/Shortcut/Shortcut.cs:10	1	slot:byte
ShortcutEmote	3071	refs/GinyCore/Giny.Protocol/Types/Game/Shortcut/ShortcutEmote.cs:10	1	emoteId:short
ShortcutEntitiesPreset	7323	refs/GinyCore/Giny.Protocol/Types/Game/Shortcut/ShortcutEntitiesPreset.cs:10	1	presetId:short
ShortcutObject	892	refs/GinyCore/Giny.Protocol/Types/Game/Shortcut/ShortcutObject.cs:10	0	
ShortcutObjectIdolsPreset	889	refs/GinyCore/Giny.Protocol/Types/Game/Shortcut/ShortcutObjectIdolsPreset.cs:10	1	presetId:short
ShortcutObjectItem	6224	refs/GinyCore/Giny.Protocol/Types/Game/Shortcut/ShortcutObjectItem.cs:10	2	itemUID:int;itemGID:int
ShortcutObjectPreset	7281	refs/GinyCore/Giny.Protocol/Types/Game/Shortcut/ShortcutObjectPreset.cs:10	1	presetId:short
ShortcutSmiley	4874	refs/GinyCore/Giny.Protocol/Types/Game/Shortcut/ShortcutSmiley.cs:10	1	smileyId:short
ShortcutSpell	6385	refs/GinyCore/Giny.Protocol/Types/Game/Shortcut/ShortcutSpell.cs:10	1	spellId:short
AbstractSocialGroupInfos	3709	refs/GinyCore/Giny.Protocol/Types/Game/Social/AbstractSocialGroupInfos.cs:10	0	
AllianceFactSheetInformations	4137	refs/GinyCore/Giny.Protocol/Types/Game/Social/AllianceFactSheetInformations.cs:10	4	creationDate:int;nbGuilds:short;nbMembers:short;nbSubarea:short
AlliancedGuildFactSheetInformations	7484	refs/GinyCore/Giny.Protocol/Types/Game/Social/AlliancedGuildFactSheetInformations.cs:10	1	allianceInfos:BasicNamedAllianceInformations
GuildFactSheetInformations	9183	refs/GinyCore/Giny.Protocol/Types/Game/Social/GuildFactSheetInformations.cs:10	5	leaderId:long;nbMembers:short;lastActivityDay:short;recruitment:GuildRecruitmentInformation;nbPendingApply:int
GuildInAllianceVersatileInformations	3145	refs/GinyCore/Giny.Protocol/Types/Game/Social/GuildInAllianceVersatileInformations.cs:10	1	allianceId:int
GuildInsiderFactSheetInformations	5698	refs/GinyCore/Giny.Protocol/Types/Game/Social/GuildInsiderFactSheetInformations.cs:10	3	leaderName:string;nbConnectedMembers:short;nbTaxCollectors:byte
GuildVersatileInformations	9880	refs/GinyCore/Giny.Protocol/Types/Game/Social/GuildVersatileInformations.cs:10	4	guildId:int;leaderId:long;guildLevel:byte;nbMembers:byte
StartupActionAddObject	6129	refs/GinyCore/Giny.Protocol/Types/Game/Startup/StartupActionAddObject.cs:10	6	uid:int;title:string;text:string;descUrl:string;pictureUrl:string;items:ObjectItemInformationWithQuantity[]
TrustCertificate	8303	refs/GinyCore/Giny.Protocol/Types/Secure/TrustCertificate.cs:10	2	id:int;hash:string
Version	1212	refs/GinyCore/Giny.Protocol/Types/Version/Version.cs:10	5	major:byte;minor:byte;code:byte;build:int;buildType:byte
BufferInformation	6358	refs/GinyCore/Giny.Protocol/Types/Web/Haapi/BufferInformation.cs:10	2	id:long;amount:long
