message_nom	protocol_id	fichier:ligne	nb_champs	champs	nom_propose	nom_propose_provenance
hdw		refs/JondoEmu/datos/protocolo_3.6.10.10.proto:4444	2	flkw:Any;flkx:int32		
hdx		refs/JondoEmu/datos/protocolo_3.6.10.10.proto:4449	2	fllb:Any;fllc:repeated int32		
hdy		refs/JondoEmu/datos/protocolo_3.6.10.10.proto:4454	2	fllg:Any;fllh:int32		
hea		refs/JondoEmu/datos/protocolo_3.6.10.10.proto:4459	3	flll:hdx;fllm:hdy;flln:hdw		
hed		refs/JondoEmu/datos/protocolo_3.6.10.10.proto:4465	0			
heg		refs/JondoEmu/datos/protocolo_3.6.10.10.proto:4468	4	fllw:int32;fllx:hee;flly:repeated hex;fllz:string		
heh		refs/JondoEmu/datos/protocolo_3.6.10.10.proto:4475	6	flmd:lba;flme:int32;flmf:int32;flmg:int32;flmh:int32;flmi:string		
hei		refs/JondoEmu/datos/protocolo_3.6.10.10.proto:4484	1	flmm:repeated heg		
hek		refs/JondoEmu/datos/protocolo_3.6.10.10.proto:4488	2	flmq:bool;flmr:bool		
hem		refs/JondoEmu/datos/protocolo_3.6.10.10.proto:4493	2	flmv:hek;flmw:repeated lfo		
hen		refs/JondoEmu/datos/protocolo_3.6.10.10.proto:4498	1	flna:repeated int32		
heo		refs/JondoEmu/datos/protocolo_3.6.10.10.proto:4502	4	flne:int32;flnf:bool;flng:int64;flnh:int32		
heq		refs/JondoEmu/datos/protocolo_3.6.10.10.proto:4509	4	flnm:string;flnn:repeated int32;flno:heo;flnp:repeated int32		
her		refs/JondoEmu/datos/protocolo_3.6.10.10.proto:4516	1	flnt:repeated int32		
het		refs/JondoEmu/datos/protocolo_3.6.10.10.proto:4520	9	flnx:string;flny:bool;flnz:bool;floa:repeated int64;flob:string;floc:repeated int64;flod:bool;floe:int64;flof:int64		
hev		refs/JondoEmu/datos/protocolo_3.6.10.10.proto:4532	4	flol:repeated int32;flom:hes;flon:string;floo:bool		
hex		refs/JondoEmu/datos/protocolo_3.6.10.10.proto:4539	9	flot:her;flou:heq;flov:int32;flow:bool;flox:int64;floy:bool;floz:hev;flpa:int32;flpb:bool		
hfa		refs/JondoEmu/datos/protocolo_3.6.10.10.proto:4551	5	flpk:int32;flpl:repeated hfl;flpm:hec;flpn:hfl;flpo:hfl		
hfb		refs/JondoEmu/datos/protocolo_3.6.10.10.proto:4559	0			
hfd		refs/JondoEmu/datos/protocolo_3.6.10.10.proto:4562	3	flpv:hez;flpw:hfa;flpx:hfb		
hfe		refs/JondoEmu/datos/protocolo_3.6.10.10.proto:4568	2	flqc:repeated hgc;flqd:repeated hgc		
hff		refs/JondoEmu/datos/protocolo_3.6.10.10.proto:4573	0			
hfh		refs/JondoEmu/datos/protocolo_3.6.10.10.proto:4576	2	flqk:hff;flql:int32		
hfi		refs/JondoEmu/datos/protocolo_3.6.10.10.proto:4581	2	flqp:string;flqq:int32		
hfj		refs/JondoEmu/datos/protocolo_3.6.10.10.proto:4586	3	flqu:string;flqv:lld;flqw:string		
hfl		refs/JondoEmu/datos/protocolo_3.6.10.10.proto:4592	7	flra:int32;flrb:int32;flrc:hfh;flrd:heh;flre:hfj;flrf:hgb;flrg:hed		
hfo		refs/JondoEmu/datos/protocolo_3.6.10.10.proto:4602	3	flrl:hfm;flrm:string;flrn:string		
hfp		refs/JondoEmu/datos/protocolo_3.6.10.10.proto:4608	0			
hfr		refs/JondoEmu/datos/protocolo_3.6.10.10.proto:4611	1	flru:hfp		
hfs		refs/JondoEmu/datos/protocolo_3.6.10.10.proto:4615	1	flry:string		
hft		refs/JondoEmu/datos/protocolo_3.6.10.10.proto:4619	7	flsc:string;flsd:repeated int32;flse:repeated int64;flsf:repeated string;flsg:int64;flsh:bool;flsi:string		
hfv		refs/JondoEmu/datos/protocolo_3.6.10.10.proto:4629	1	flsn:hft		
hfw		refs/JondoEmu/datos/protocolo_3.6.10.10.proto:4633	1	flsr:string		
hfx		refs/JondoEmu/datos/protocolo_3.6.10.10.proto:4637	1	flsv:repeated hfl		
hfy		refs/JondoEmu/datos/protocolo_3.6.10.10.proto:4641	1	flsz:int32		
hfz		refs/JondoEmu/datos/protocolo_3.6.10.10.proto:4645	0			
hga		refs/JondoEmu/datos/protocolo_3.6.10.10.proto:4648	2	fltg:int32;flth:int32		
hgb		refs/JondoEmu/datos/protocolo_3.6.10.10.proto:4653	3	fltm:string;fltn:int32;flto:lld		
hgc		refs/JondoEmu/datos/protocolo_3.6.10.10.proto:4659	4	flts:string;fltt:bool;fltu:string;fltv:int32		
hgg		refs/JondoEmu/datos/protocolo_3.6.10.10.proto:4666	2	fluc:hge;flud:int32		
hgj		refs/JondoEmu/datos/protocolo_3.6.10.10.proto:4671	1	fluj:hgi		
hgm		refs/JondoEmu/datos/protocolo_3.6.10.10.proto:4675	2	flun:hgk;fluo:hgi		
hgn		refs/JondoEmu/datos/protocolo_3.6.10.10.proto:4680	2	flus:hgi;flut:hgi		
hgp		refs/JondoEmu/datos/protocolo_3.6.10.10.proto:4685	2	flux:int32;fluy:lbo		
hgq		refs/JondoEmu/datos/protocolo_3.6.10.10.proto:4690	3	flvc:int32;flvd:lbo;flve:int32		
hgr		refs/JondoEmu/datos/protocolo_3.6.10.10.proto:4696	3	flvi:int32;flvj:int32;flvk:lbo		
hgu		refs/JondoEmu/datos/protocolo_3.6.10.10.proto:4702	1	flvo:hgs		
hgv		refs/JondoEmu/datos/protocolo_3.6.10.10.proto:4706	0			
hgx		refs/JondoEmu/datos/protocolo_3.6.10.10.proto:4709	5	flvv:hgp;flvw:hgq;flvx:hgr;flvy:hgv;flvz:hgu		
hha		refs/JondoEmu/datos/protocolo_3.6.10.10.proto:4717	2	flwe:hgy;flwf:int64		
hhd		refs/JondoEmu/datos/protocolo_3.6.10.10.proto:4722	2	flwj:hhb;flwk:hhb		
hhf	hhf	refs/JondoEmu/datos/protocolo_3.6.10.10.proto:4727	11	flwo:int32;flwp:hhd;flwq:int32;flwr:int32;flws:repeated hha;flwt:int32;flwu:int64;flwv:int32;flww:hgi;flwx:repeated hgx;flwy:int64		
hhg		refs/JondoEmu/datos/protocolo_3.6.10.10.proto:4741	1	flxc:repeated int32		
hhh	hhh	refs/JondoEmu/datos/protocolo_3.6.10.10.proto:4745	2	flxg:int32;flxh:hgi		
hhk		refs/JondoEmu/datos/protocolo_3.6.10.10.proto:4750	2	flxl:hgi;flxm:hhi		
hhl		refs/JondoEmu/datos/protocolo_3.6.10.10.proto:4755	6	flxq:bool;flxr:int64;flxs:repeated string;flxt:int32;flxu:bool;flxv:bool		
hhn		refs/JondoEmu/datos/protocolo_3.6.10.10.proto:4764	2	flya:hhl;flyb:int32		
hhq	hhq	refs/JondoEmu/datos/protocolo_3.6.10.10.proto:4769	3	flyf:hho;flyg:int32;flyh:hgi		
hht		refs/JondoEmu/datos/protocolo_3.6.10.10.proto:4775	4	flyl:hhr;flym:hhr;flyn:int32;flyo:bool		
hhu		refs/JondoEmu/datos/protocolo_3.6.10.10.proto:4782	3	flyt:string;flyu:int32;flyv:int32		
hhv		refs/JondoEmu/datos/protocolo_3.6.10.10.proto:4788	2	flyz:hgi;flza:int32		
hhy	hhy	refs/JondoEmu/datos/protocolo_3.6.10.10.proto:4793	2	flzf:repeated int32;flzg:repeated int32	TitlesAndOrnamentsListMessage	anclas_3.6.10.10.tsv
hhz		refs/JondoEmu/datos/protocolo_3.6.10.10.proto:4798	1	flzk:int32		
hic		refs/JondoEmu/datos/protocolo_3.6.10.10.proto:4802	2	flzo:int32;flzp:hia		
hid	hid	refs/JondoEmu/datos/protocolo_3.6.10.10.proto:4807	1	flzt:int32	TitleSelectedMessage	anclas_3.6.10.10.tsv
hie	hie	refs/JondoEmu/datos/protocolo_3.6.10.10.proto:4811	1	flzx:hhx		
hif	hif	refs/JondoEmu/datos/protocolo_3.6.10.10.proto:4815	1	fmab:int32	OrnamentSelectedMessage	anclas_3.6.10.10.tsv
hig		refs/JondoEmu/datos/protocolo_3.6.10.10.proto:4819	1	fmaf:int32		
hih		refs/JondoEmu/datos/protocolo_3.6.10.10.proto:4823	1	fmaj:int32		
hii	hii	refs/JondoEmu/datos/protocolo_3.6.10.10.proto:4827	1	fman:hhx		
hil		refs/JondoEmu/datos/protocolo_3.6.10.10.proto:4831	5	fmas:int64;fmat:int64;fmau:int64;fmav:repeated int64;fmaw:int32		
him		refs/JondoEmu/datos/protocolo_3.6.10.10.proto:4839	2	fmba:int64;fmbb:int32		
hin		refs/JondoEmu/datos/protocolo_3.6.10.10.proto:4844	2	fmbf:int64;fmbg:int64		
hio		refs/JondoEmu/datos/protocolo_3.6.10.10.proto:4849	2	fmbk:int64;fmbl:int64		
hip		refs/JondoEmu/datos/protocolo_3.6.10.10.proto:4854	0			
hiq		refs/JondoEmu/datos/protocolo_3.6.10.10.proto:4857	3	fmbs:int32;fmbt:int32;fmbu:int64		
hir		refs/JondoEmu/datos/protocolo_3.6.10.10.proto:4863	3	fmby:int64;fmbz:int64;fmca:string		
his		refs/JondoEmu/datos/protocolo_3.6.10.10.proto:4869	2	fmcf:repeated string;fmcg:int64		
hit		refs/JondoEmu/datos/protocolo_3.6.10.10.proto:4874	1	fmck:int32		
hiu		refs/JondoEmu/datos/protocolo_3.6.10.10.proto:4878	6	fmco:int64;fmcp:int64;fmcq:string;fmcr:int32;fmcs:int32;fmct:int32		
hiv		refs/JondoEmu/datos/protocolo_3.6.10.10.proto:4887	2	fmcx:bool;fmcy:bool		
hiw		refs/JondoEmu/datos/protocolo_3.6.10.10.proto:4892	5	fmdc:int64;fmdd:int64;fmde:string;fmdf:int32;fmdg:int32		
hix		refs/JondoEmu/datos/protocolo_3.6.10.10.proto:4900	1	fmdk:bool		
hiy		refs/JondoEmu/datos/protocolo_3.6.10.10.proto:4904	4	fmdo:int64;fmdp:int32;fmdq:repeated int64;fmdr:int32		
hja		refs/JondoEmu/datos/protocolo_3.6.10.10.proto:4911	4	fmdv:bool;fmdw:int64;fmdx:bool;fmdy:hiy		
hjb		refs/JondoEmu/datos/protocolo_3.6.10.10.proto:4918	2	fmec:int64;fmed:bool		
hjc	hjc	refs/JondoEmu/datos/protocolo_3.6.10.10.proto:4923	3	fmei:hik;fmej:hik;fmek:int64	TeleportRequestMessage	anclas_3.6.10.10.tsv
hje		refs/JondoEmu/datos/protocolo_3.6.10.10.proto:4929	3	fmeo:int32;fmep:int64;fmeq:int32		
hjg		refs/JondoEmu/datos/protocolo_3.6.10.10.proto:4935	6	fmeu:int32;fmev:int32;fmew:hik;fmex:int64;fmey:int32;fmez:hje		
hjh		refs/JondoEmu/datos/protocolo_3.6.10.10.proto:4944	0			
hjj	hjj	refs/JondoEmu/datos/protocolo_3.6.10.10.proto:4947	4	fmfh:hjh;fmfi:int64;fmfj:bool;fmfk:repeated hjg	TeleportDestinationsMessage	anclas_3.6.10.10.tsv
hjk	hjk	refs/JondoEmu/datos/protocolo_3.6.10.10.proto:4954	1	fmfp:repeated int64		
hjl		refs/JondoEmu/datos/protocolo_3.6.10.10.proto:4958	3	fmft:int64;fmfu:int32;fmfv:int64		
hjp		refs/JondoEmu/datos/protocolo_3.6.10.10.proto:4964	6	fmga:int64;fmgb:int32;fmgc:lgl;fmgd:int32;fmge:string;fmgf:hjn		
hjq		refs/JondoEmu/datos/protocolo_3.6.10.10.proto:4973	2	fmgj:lea;fmgk:int64		
hjr		refs/JondoEmu/datos/protocolo_3.6.10.10.proto:4978	8	fmgo:repeated int32;fmgp:string;fmgq:int32;fmgr:bool;fmgs:map<int32,bool>;fmgt:repeated int64;fmgu:int32;fmgv:int64		
hjt		refs/JondoEmu/datos/protocolo_3.6.10.10.proto:4989	4	fmgz:hjr;fmha:string;fmhb:string;fmhc:int64		
hju		refs/JondoEmu/datos/protocolo_3.6.10.10.proto:4996	3	fmhg:int32;fmhh:int32;fmhi:repeated int32		
hjw		refs/JondoEmu/datos/protocolo_3.6.10.10.proto:5002	8	fmhm:lgl;fmhn:string;fmho:string;fmhp:bool;fmhq:int32;fmhr:hju;fmhs:string;fmht:int32		
hjx		refs/JondoEmu/datos/protocolo_3.6.10.10.proto:5013	2	fmhx:string;fmhy:int32		
hjy		refs/JondoEmu/datos/protocolo_3.6.10.10.proto:5018	0			
hjz		refs/JondoEmu/datos/protocolo_3.6.10.10.proto:5021	1	fmif:int32		
hkb		refs/JondoEmu/datos/protocolo_3.6.10.10.proto:5025	2	fmij:hjz;fmik:lea		
hkc		refs/JondoEmu/datos/protocolo_3.6.10.10.proto:5030	0			
hkd		refs/JondoEmu/datos/protocolo_3.6.10.10.proto:5033	2	fmir:string;fmis:lby		
hke	hke	refs/JondoEmu/datos/protocolo_3.6.10.10.proto:5038	3	fmiw:int32;fmix:string;fmiy:int32		
hkf		refs/JondoEmu/datos/protocolo_3.6.10.10.proto:5044	6	fmjc:string;fmjd:bool;fmje:int64;fmjf:int64;fmjg:bool;fmjh:bool		
hkh		refs/JondoEmu/datos/protocolo_3.6.10.10.proto:5053	6	fmjo:bool;fmjp:hkf;fmjq:bool;fmjr:lec;fmjs:string;fmjt:repeated lns		
hki		refs/JondoEmu/datos/protocolo_3.6.10.10.proto:5062	3	fmjx:repeated lli;fmjy:map<int64,bool>;fmjz:string		
hkl		refs/JondoEmu/datos/protocolo_3.6.10.10.proto:5068	1	fmkd:hkj		
hkm		refs/JondoEmu/datos/protocolo_3.6.10.10.proto:5072	4	fmkh:int64;fmki:repeated bool;fmkj:string;fmkk:int32		
hko		refs/JondoEmu/datos/protocolo_3.6.10.10.proto:5079	4	fmko:lli;fmkp:hkm;fmkq:repeated int64;fmkr:string		
hkp		refs/JondoEmu/datos/protocolo_3.6.10.10.proto:5086	1	fmkv:string		
hks		refs/JondoEmu/datos/protocolo_3.6.10.10.proto:5090	3	fmkz:repeated lea;fmla:hkq;fmlb:repeated lea		
hkt		refs/JondoEmu/datos/protocolo_3.6.10.10.proto:5096	1	fmlf:string		
hkw		refs/JondoEmu/datos/protocolo_3.6.10.10.proto:5100	4	fmlj:int32;fmlk:string;fmll:int32;fmlm:hku		
hkx		refs/JondoEmu/datos/protocolo_3.6.10.10.proto:5107	1	fmlq:repeated hjp		
hla		refs/JondoEmu/datos/protocolo_3.6.10.10.proto:5111	1	fmlu:hky		
hlb		refs/JondoEmu/datos/protocolo_3.6.10.10.proto:5115	1	fmly:repeated lfd		
hlc		refs/JondoEmu/datos/protocolo_3.6.10.10.proto:5119	1	fmmc:string		
hld		refs/JondoEmu/datos/protocolo_3.6.10.10.proto:5123	5	fmmg:lgl;fmmh:string;fmmi:int32;fmmj:string;fmmk:int32		
hle		refs/JondoEmu/datos/protocolo_3.6.10.10.proto:5131	2	fmmo:string;fmmp:lli		
hlh		refs/JondoEmu/datos/protocolo_3.6.10.10.proto:5136	3	fmmt:string;fmmu:repeated lli;fmmv:hlf		
hli		refs/JondoEmu/datos/protocolo_3.6.10.10.proto:5142	2	fmmz:int32;fmna:string		
hlm		refs/JondoEmu/datos/protocolo_3.6.10.10.proto:5147	2	fmnf:hlk;fmng:repeated hma		
hln		refs/JondoEmu/datos/protocolo_3.6.10.10.proto:5152	1	fmnk:repeated int32		
hlp		refs/JondoEmu/datos/protocolo_3.6.10.10.proto:5156	3	fmno:string;fmnp:hln;fmnq:string		
hlq		refs/JondoEmu/datos/protocolo_3.6.10.10.proto:5162	2	fmnu:string;fmnv:map<bool,int32>		
hlr		refs/JondoEmu/datos/protocolo_3.6.10.10.proto:5167	1	fmnz:string		
hls		refs/JondoEmu/datos/protocolo_3.6.10.10.proto:5171	3	fmod:string;fmoe:string;fmof:int32		
hlv		refs/JondoEmu/datos/protocolo_3.6.10.10.proto:5177	3	fmoj:repeated int32;fmok:repeated int32;fmol:hlt		
hlw		refs/JondoEmu/datos/protocolo_3.6.10.10.proto:5183	1	fmop:repeated int32		
hlx		refs/JondoEmu/datos/protocolo_3.6.10.10.proto:5187	2	fmot:string;fmou:int32		
hly		refs/JondoEmu/datos/protocolo_3.6.10.10.proto:5192	3	fmoy:repeated int32;fmoz:bool;fmpa:repeated int32		
hlz		refs/JondoEmu/datos/protocolo_3.6.10.10.proto:5198	2	fmpe:repeated int32;fmpf:repeated hmc		
hma		refs/JondoEmu/datos/protocolo_3.6.10.10.proto:5203	2	fmpj:hlw;fmpk:hls		
hmb		refs/JondoEmu/datos/protocolo_3.6.10.10.proto:5208	1	fmpo:repeated hmc		
hmc		refs/JondoEmu/datos/protocolo_3.6.10.10.proto:5212	2	fmps:int32;fmpt:string		
hmd	hmd	refs/JondoEmu/datos/protocolo_3.6.10.10.proto:5217	1	fmpx:string		
hme		refs/JondoEmu/datos/protocolo_3.6.10.10.proto:5221	1	fmqb:hls		
hmh		refs/JondoEmu/datos/protocolo_3.6.10.10.proto:5225	2	fmqg:hmg;fmqh:hmg		
hmi		refs/JondoEmu/datos/protocolo_3.6.10.10.proto:5230	1	fmql:hmg		
hmj	hmj	refs/JondoEmu/datos/protocolo_3.6.10.10.proto:5234	2	fmqp:int32;fmqq:int32		
hmk		refs/JondoEmu/datos/protocolo_3.6.10.10.proto:5239	2	fmqu:int32;fmqv:int32		
hml	hml	refs/JondoEmu/datos/protocolo_3.6.10.10.proto:5244	1	fmqz:int32		
hmn		refs/JondoEmu/datos/protocolo_3.6.10.10.proto:5248	3	fmre:repeated int32;fmrf:repeated int32;fmrg:repeated int32		
hmo		refs/JondoEmu/datos/protocolo_3.6.10.10.proto:5254	5	fmrk:int32;fmrl:int32;fmrm:int32;fmrn:int32;fmro:int32		
hmp		refs/JondoEmu/datos/protocolo_3.6.10.10.proto:5262	2	fmrs:int32;fmrt:int32		
hmq		refs/JondoEmu/datos/protocolo_3.6.10.10.proto:5267	3	fmrx:int32;fmry:string;fmrz:int32		
hms	hms	refs/JondoEmu/datos/protocolo_3.6.10.10.proto:5273	3	fmse:repeated hmw;fmsf:bool;fmsg:repeated hmw	SpellListMessage	anclas_3.6.10.10.tsv
hmt	hmt	refs/JondoEmu/datos/protocolo_3.6.10.10.proto:5279	2	fmsk:int32;fmsl:int32	SpellVariantActivationRequestMessage	anclas_3.6.10.10.tsv
hmw		refs/JondoEmu/datos/protocolo_3.6.10.10.proto:5284	4	fmsp:int32;fmsq:bool;fmsr:bool;fmss:int32		
hmz		refs/JondoEmu/datos/protocolo_3.6.10.10.proto:5291	3	fmsx:hmx;fmsy:int64;fmsz:repeated int32		
hnc		refs/JondoEmu/datos/protocolo_3.6.10.10.proto:5297	2	fmtd:repeated hmw;fmte:hna		
hnd	hnd	refs/JondoEmu/datos/protocolo_3.6.10.10.proto:5302	2	fmti:lde;fmtj:int64		
hng	hng	refs/JondoEmu/datos/protocolo_3.6.10.10.proto:5307	3	fmtn:hne;fmto:int32;fmtp:bool	SpellVariantActivationSuccessMessage	anclas_3.6.10.10.tsv
hnh		refs/JondoEmu/datos/protocolo_3.6.10.10.proto:5313	1	fmtt:int32		
hnk	hnk	refs/JondoEmu/datos/protocolo_3.6.10.10.proto:5317	5	fmtx:lca;fmty:lbz;fmtz:int32;fmua:hni;fmub:int64		
hnn	hnn	refs/JondoEmu/datos/protocolo_3.6.10.10.proto:5325	2	fmuf:int32;fmug:hnl		
hnp	hnp	refs/JondoEmu/datos/protocolo_3.6.10.10.proto:5330	0			
hns		refs/JondoEmu/datos/protocolo_3.6.10.10.proto:5333	3	fmuo:int64;fmup:bool;fmuq:hnq		
hnt		refs/JondoEmu/datos/protocolo_3.6.10.10.proto:5339	1	fmuv:repeated int32		
hnu		refs/JondoEmu/datos/protocolo_3.6.10.10.proto:5343	1	fmuz:bool		
hnv	hnv	refs/JondoEmu/datos/protocolo_3.6.10.10.proto:5347	2	fmvd:bool;fmve:int32		
hnw		refs/JondoEmu/datos/protocolo_3.6.10.10.proto:5352	2	fmvi:int32;fmvj:int32		
hnx		refs/JondoEmu/datos/protocolo_3.6.10.10.proto:5357	3	fmvn:repeated int32;fmvo:int64;fmvp:int64		
hnz		refs/JondoEmu/datos/protocolo_3.6.10.10.proto:5363	7	fmvt:bool;fmvu:bool;fmvv:string;fmvw:bool;fmvx:int64;fmvy:bool;fmvz:int32		
hob		refs/JondoEmu/datos/protocolo_3.6.10.10.proto:5373	7	fmwg:int32;fmwh:bool;fmwi:int64;fmwj:hnz;fmwk:int32;fmwl:int64;fmwm:hny		
hoc		refs/JondoEmu/datos/protocolo_3.6.10.10.proto:5383	4	fmwr:int32;fmws:bool;fmwt:int64;fmwu:int64		
hod		refs/JondoEmu/datos/protocolo_3.6.10.10.proto:5390	3	fmxa:int32;fmxb:map<bool,int32>;fmxc:bool		
hof		refs/JondoEmu/datos/protocolo_3.6.10.10.proto:5396	4	fmxg:int32;fmxh:lbc;fmxi:int64;fmxj:int32		
hoh		refs/JondoEmu/datos/protocolo_3.6.10.10.proto:5403	2	fmxo:repeated hof;fmxp:hoe		
hoj		refs/JondoEmu/datos/protocolo_3.6.10.10.proto:5408	5	fmxt:int32;fmxu:bool;fmxv:int32;fmxw:int64;fmxx:bool		
hol	hol	refs/JondoEmu/datos/protocolo_3.6.10.10.proto:5416	13	fmyb:laz;fmyc:hoj;fmyd:string;fmye:lhg;fmyf:int32;fmyg:lba;fmyh:int64;fmyi:len;fmyj:int32;fmyk:int64;fmyl:bool;fmym:bool;fmyn:hoi		
hom		refs/JondoEmu/datos/protocolo_3.6.10.10.proto:5432	0			
hon		refs/JondoEmu/datos/protocolo_3.6.10.10.proto:5435	5	fmyv:int64;fmyw:int64;fmyx:int32;fmyy:int32;fmyz:lbc		
hop		refs/JondoEmu/datos/protocolo_3.6.10.10.proto:5443	3	fmzd:int32;fmze:repeated int32;fmzf:map<int64,string>		
hor		refs/JondoEmu/datos/protocolo_3.6.10.10.proto:5449	5	fmzj:hop;fmzk:hoo;fmzl:int32;fmzm:map<int64,int32>;fmzn:int32		
hos		refs/JondoEmu/datos/protocolo_3.6.10.10.proto:5457	2	fmzr:string;fmzs:int32		
hot		refs/JondoEmu/datos/protocolo_3.6.10.10.proto:5462	2	fmzw:repeated int32;fmzx:bool		
hou		refs/JondoEmu/datos/protocolo_3.6.10.10.proto:5467	2	fnab:int32;fnac:string		
hov		refs/JondoEmu/datos/protocolo_3.6.10.10.proto:5472	2	fnag:int32;fnah:int32		
hox		refs/JondoEmu/datos/protocolo_3.6.10.10.proto:5477	4	fnam:int32;fnan:int32;fnao:int32;fnap:int32		
hoy	hoy	refs/JondoEmu/datos/protocolo_3.6.10.10.proto:5484	7	fnat:int32;fnau:lbu;fnav:bool;fnaw:bool;fnax:int32;fnay:string;fnaz:int32	HelloGameMessage	anclas_3.6.10.10.tsv
hpb		refs/JondoEmu/datos/protocolo_3.6.10.10.proto:5494	2	fnbe:hpa;fnbf:string		
hpc		refs/JondoEmu/datos/protocolo_3.6.10.10.proto:5499	3	fnbj:hpa;fnbk:string;fnbl:hpa		
hpd	hpd	refs/JondoEmu/datos/protocolo_3.6.10.10.proto:5505	1	fnbp:bool		
hpf		refs/JondoEmu/datos/protocolo_3.6.10.10.proto:5509	1	fnbu:int32		
hph		refs/JondoEmu/datos/protocolo_3.6.10.10.proto:5513	3	fnbz:int64;fnca:bool;fncb:int32		
hpk		refs/JondoEmu/datos/protocolo_3.6.10.10.proto:5519	6	fncf:int64;fncg:int64;fnch:int64;fnci:hpi;fncj:int64;fnck:int64		
hpl		refs/JondoEmu/datos/protocolo_3.6.10.10.proto:5528	2	fnco:int64;fncp:int64		
hpm		refs/JondoEmu/datos/protocolo_3.6.10.10.proto:5533	3	fnct:int32;fncu:int32;fncv:int32		
hpn		refs/JondoEmu/datos/protocolo_3.6.10.10.proto:5539	3	fncz:int32;fnda:string;fndb:repeated int32		
hpo		refs/JondoEmu/datos/protocolo_3.6.10.10.proto:5545	0			
hpp		refs/JondoEmu/datos/protocolo_3.6.10.10.proto:5548	5	fndi:int32;fndj:bool;fndk:int64;fndl:lau;fndm:int64		
hpq		refs/JondoEmu/datos/protocolo_3.6.10.10.proto:5556	2	fndr:int64;fnds:lau		
hpr		refs/JondoEmu/datos/protocolo_3.6.10.10.proto:5561	1	fndw:int32		
hps		refs/JondoEmu/datos/protocolo_3.6.10.10.proto:5565	2	fnea:int64;fneb:int64		
hpt		refs/JondoEmu/datos/protocolo_3.6.10.10.proto:5570	6	fnef:int32;fneg:int32;fneh:lbo;fnei:int32;fnej:int32;fnek:int64		
hpu		refs/JondoEmu/datos/protocolo_3.6.10.10.proto:5579	2	fneo:int32;fnep:bool		
hpv		refs/JondoEmu/datos/protocolo_3.6.10.10.proto:5584	5	fnet:int64;fneu:int32;fnev:bool;fnew:int64;fnex:int32		
hpy		refs/JondoEmu/datos/protocolo_3.6.10.10.proto:5592	2	fnfb:lny;fnfc:hpw		
hpz		refs/JondoEmu/datos/protocolo_3.6.10.10.proto:5597	0			
hqa	hqa	refs/JondoEmu/datos/protocolo_3.6.10.10.proto:5600	1	fnfj:int64		
hqb		refs/JondoEmu/datos/protocolo_3.6.10.10.proto:5604	4	fnfn:int32;fnfo:int64;fnfp:int64;fnfq:repeated int32		
hqc		refs/JondoEmu/datos/protocolo_3.6.10.10.proto:5611	3	fnfu:int64;fnfv:int64;fnfw:int32		
hql		refs/JondoEmu/datos/protocolo_3.6.10.10.proto:5617	3	fngb:hqj;fngc:hta;fngd:map<string,hqu>		
hqm		refs/JondoEmu/datos/protocolo_3.6.10.10.proto:5623	0			
hqp		refs/JondoEmu/datos/protocolo_3.6.10.10.proto:5626	1	fngk:hqn		
hqq		refs/JondoEmu/datos/protocolo_3.6.10.10.proto:5630	0			
hqr		refs/JondoEmu/datos/protocolo_3.6.10.10.proto:5633	3	fngr:int32;fngs:repeated int32;fngt:hqg		
hqs		refs/JondoEmu/datos/protocolo_3.6.10.10.proto:5639	2	fngx:int32;fngy:int32		
hqu		refs/JondoEmu/datos/protocolo_3.6.10.10.proto:5644	12	fnhc:int32;fnhd:repeated lng;fnhe:int32;fnhf:bool;fnhg:string;fnhh:bool;fnhi:repeated hqr;fnhj:bool;fnhk:repeated hqe;fnhl:hqs;fnhm:bool;fnhn:int32		
hqv		refs/JondoEmu/datos/protocolo_3.6.10.10.proto:5659	2	fnhs:string;fnht:string		
hqw		refs/JondoEmu/datos/protocolo_3.6.10.10.proto:5664	1	fnhx:hqf		
hqx		refs/JondoEmu/datos/protocolo_3.6.10.10.proto:5668	1	fnib:bool		
hra		refs/JondoEmu/datos/protocolo_3.6.10.10.proto:5672	2	fnif:hqi;fnig:hta		
hrc		refs/JondoEmu/datos/protocolo_3.6.10.10.proto:5677	4	fnik:int32;fnil:bool;fnim:hra;fnin:hqz		
hrf		refs/JondoEmu/datos/protocolo_3.6.10.10.proto:5684	2	fniu:map<int32,int32>;fniv:repeated string		
hrh		refs/JondoEmu/datos/protocolo_3.6.10.10.proto:5689	2	fniz:hrf;fnja:hre		
hrj		refs/JondoEmu/datos/protocolo_3.6.10.10.proto:5694	0			
hrl		refs/JondoEmu/datos/protocolo_3.6.10.10.proto:5697	2	fnjj:hrj;fnjk:int32		
hro		refs/JondoEmu/datos/protocolo_3.6.10.10.proto:5702	0			
hrq		refs/JondoEmu/datos/protocolo_3.6.10.10.proto:5705	8	fnjt:hrx;fnju:repeated hrt;fnjv:repeated hrt;fnjw:int32;fnjx:repeated hru;fnjy:hro;fnjz:bool;fnka:int32		
hrr		refs/JondoEmu/datos/protocolo_3.6.10.10.proto:5716	7	fnke:repeated int32;fnkf:int32;fnkg:int64;fnkh:int64;fnki:string;fnkj:int64;fnkk:string		
hrt		refs/JondoEmu/datos/protocolo_3.6.10.10.proto:5726	3	fnko:hrr;fnkp:float;fnkq:hqe		
hru		refs/JondoEmu/datos/protocolo_3.6.10.10.proto:5732	3	fnku:bool;fnkv:int32;fnkw:float		
hrx		refs/JondoEmu/datos/protocolo_3.6.10.10.proto:5738	6	fnla:int64;fnlb:hrv;fnlc:int64;fnld:int32;fnle:int64;fnlf:int64		
hrz		refs/JondoEmu/datos/protocolo_3.6.10.10.proto:5747	3	fnlj:hrn;fnlk:hrq;fnll:hrn		
hsa		refs/JondoEmu/datos/protocolo_3.6.10.10.proto:5753	4	fnlr:string;fnls:string;fnlt:int32;fnlu:bool		
hsb		refs/JondoEmu/datos/protocolo_3.6.10.10.proto:5760	2	fnlz:int32;fnma:int32		
hsc		refs/JondoEmu/datos/protocolo_3.6.10.10.proto:5765	0			
hse		refs/JondoEmu/datos/protocolo_3.6.10.10.proto:5768	3	fnmh:repeated int32;fnmi:hsc;fnmj:hqh		
hsh		refs/JondoEmu/datos/protocolo_3.6.10.10.proto:5774	1	fnmn:hsf		
hsk		refs/JondoEmu/datos/protocolo_3.6.10.10.proto:5778	2	fnmr:hqu;fnms:string		
hsm		refs/JondoEmu/datos/protocolo_3.6.10.10.proto:5783	3	fnmw:hsj;fnmx:hsk;fnmy:hsj		
hsn		refs/JondoEmu/datos/protocolo_3.6.10.10.proto:5789	2	fnne:hqh;fnnf:repeated string		
hss		refs/JondoEmu/datos/protocolo_3.6.10.10.proto:5794	6	fnnj:int32;fnnk:map<string,hqu>;fnnl:int64;fnnm:bool;fnnn:map<string,hqu>;fnno:hsq		
hsu		refs/JondoEmu/datos/protocolo_3.6.10.10.proto:5803	3	fnns:hss;fnnt:hsp;fnnu:bool		
hsv		refs/JondoEmu/datos/protocolo_3.6.10.10.proto:5809	1	fnoa:repeated string		
hsw		refs/JondoEmu/datos/protocolo_3.6.10.10.proto:5813	6	fnoe:int64;fnof:int64;fnog:bool;fnoh:int64;fnoi:bool;fnoj:int64		
hsy		refs/JondoEmu/datos/protocolo_3.6.10.10.proto:5822	3	fnos:map<int32,bool>;fnot:hsw;fnou:map<int32,bool>		
hsz		refs/JondoEmu/datos/protocolo_3.6.10.10.proto:5828	1	fnoy:hqi		
hta		refs/JondoEmu/datos/protocolo_3.6.10.10.proto:5832	3	fnpc:repeated htz;fnpd:repeated hqf;fnpe:map<string,hqu>		
htd		refs/JondoEmu/datos/protocolo_3.6.10.10.proto:5838	2	fnpi:repeated htz;fnpj:map<int32,int32>		
htf		refs/JondoEmu/datos/protocolo_3.6.10.10.proto:5843	2	fnpn:htc;fnpo:bool		
hti		refs/JondoEmu/datos/protocolo_3.6.10.10.proto:5848	1	fnpu:map<string,htg>		
htl		refs/JondoEmu/datos/protocolo_3.6.10.10.proto:5852	2	fnpy:map<int32,int32>;fnpz:htj		
hto		refs/JondoEmu/datos/protocolo_3.6.10.10.proto:5857	7	fnqd:int64;fnqe:bool;fnqf:repeated bool;fnqg:int64;fnqh:bool;fnqi:bool;fnqj:string		
htp		refs/JondoEmu/datos/protocolo_3.6.10.10.proto:5867	1	fnqq:repeated hqf		
htr		refs/JondoEmu/datos/protocolo_3.6.10.10.proto:5871	4	fnqu:int32;fnqv:hto;fnqw:htp;fnqx:htn		
htu		refs/JondoEmu/datos/protocolo_3.6.10.10.proto:5878	5	fnrd:string;fnre:int32;fnrf:bool;fnrg:string;fnrh:hts		
htw		refs/JondoEmu/datos/protocolo_3.6.10.10.proto:5886	2	fnrm:hqu;fnrn:string		
hty		refs/JondoEmu/datos/protocolo_3.6.10.10.proto:5891	2	fnrr:map<int32,htw>;fnrs:map<int32,htv>		
htz		refs/JondoEmu/datos/protocolo_3.6.10.10.proto:5896	2	fnrw:hqf;fnrx:int32		
hua		refs/JondoEmu/datos/protocolo_3.6.10.10.proto:5901	2	fnsb:hta;fnsc:int64		
hub		refs/JondoEmu/datos/protocolo_3.6.10.10.proto:5906	1	fnsg:map<int32,int32>		
huc		refs/JondoEmu/datos/protocolo_3.6.10.10.proto:5910	2	fnsk:bool;fnsl:string		
hue		refs/JondoEmu/datos/protocolo_3.6.10.10.proto:5915	1	fnsq:huc		
huh		refs/JondoEmu/datos/protocolo_3.6.10.10.proto:5919	4	fnsu:repeated string;fnsv:hqh;fnsw:huf;fnsx:string		
huk		refs/JondoEmu/datos/protocolo_3.6.10.10.proto:5926	2	fntb:map<int32,int32>;fntc:repeated htz		
hum		refs/JondoEmu/datos/protocolo_3.6.10.10.proto:5931	3	fntg:bool;fnth:huj;fnti:bool		
hun		refs/JondoEmu/datos/protocolo_3.6.10.10.proto:5937	1	fnto:hqf		
hup		refs/JondoEmu/datos/protocolo_3.6.10.10.proto:5941	5	fnts:bool;fntt:bool;fntu:bool;fntv:repeated int32;fntw:int64		
hur		refs/JondoEmu/datos/protocolo_3.6.10.10.proto:5949	2	fnub:hup;fnuc:map<string,huo>		
hus		refs/JondoEmu/datos/protocolo_3.6.10.10.proto:5954	1	fnug:map<int32,bool>		
hut		refs/JondoEmu/datos/protocolo_3.6.10.10.proto:5958	3	fnuk:string;fnul:hqh;fnum:string		
huu		refs/JondoEmu/datos/protocolo_3.6.10.10.proto:5964	0			
hux		refs/JondoEmu/datos/protocolo_3.6.10.10.proto:5967	1	fnut:map<string,hqu>		
huz		refs/JondoEmu/datos/protocolo_3.6.10.10.proto:5971	2	fnux:huw;fnuy:bool		
hvf		refs/JondoEmu/datos/protocolo_3.6.10.10.proto:5976	4	fnvf:hvc;fnvg:hvd;fnvh:string;fnvi:int64		
hvi		refs/JondoEmu/datos/protocolo_3.6.10.10.proto:5983	3	fnvm:hvg;fnvn:string;fnvo:string		
hvk		refs/JondoEmu/datos/protocolo_3.6.10.10.proto:5989	2	fnvs:hvf;fnvt:hvi		
hvn		refs/JondoEmu/datos/protocolo_3.6.10.10.proto:5994	3	fnvy:map<int64,bool>;fnvz:hvl;fnwa:bool		
hvs		refs/JondoEmu/datos/protocolo_3.6.10.10.proto:6000	1	fnwf:hvq		
hvt		refs/JondoEmu/datos/protocolo_3.6.10.10.proto:6004	2	fnwj:ibj;fnwk:string		
hvw		refs/JondoEmu/datos/protocolo_3.6.10.10.proto:6009	1	fnwo:hvu		
hvx		refs/JondoEmu/datos/protocolo_3.6.10.10.proto:6013	0			
hwa		refs/JondoEmu/datos/protocolo_3.6.10.10.proto:6016	2	fnwv:hvy;fnww:hvy		
hwb		refs/JondoEmu/datos/protocolo_3.6.10.10.proto:6021	1	fnxa:int64		
hwe		refs/JondoEmu/datos/protocolo_3.6.10.10.proto:6025	1	fnxe:hwc		
hwf		refs/JondoEmu/datos/protocolo_3.6.10.10.proto:6029	1	fnxi:int64		
hwg		refs/JondoEmu/datos/protocolo_3.6.10.10.proto:6033	2	fnxm:int64;fnxn:string		
hwh		refs/JondoEmu/datos/protocolo_3.6.10.10.proto:6038	3	fnxr:hzp;fnxs:int32;fnxt:hzr		
hwk		refs/JondoEmu/datos/protocolo_3.6.10.10.proto:6044	1	fnxx:hwi		
hwl		refs/JondoEmu/datos/protocolo_3.6.10.10.proto:6048	4	fnyb:int32;fnyc:repeated hwr;fnyd:hyr;fnye:string		
hwo		refs/JondoEmu/datos/protocolo_3.6.10.10.proto:6055	4	fnyi:string;fnyj:string;fnyk:hvp;fnyl:hwm		
hwp		refs/JondoEmu/datos/protocolo_3.6.10.10.proto:6062	3	fnyp:int64;fnyq:repeated int64;fnyr:int32		
hwr		refs/JondoEmu/datos/protocolo_3.6.10.10.proto:6068	6	fnyv:bool;fnyw:hwp;fnyx:int32;fnyy:bool;fnyz:bool;fnza:hxd		
hwu		refs/JondoEmu/datos/protocolo_3.6.10.10.proto:6077	5	fnze:map<int32,hzp>;fnzf:map<int32,hzp>;fnzg:map<int32,hzr>;fnzh:map<int32,hzr>;fnzi:hws		
hwv		refs/JondoEmu/datos/protocolo_3.6.10.10.proto:6085	1	fnzm:int64		
hwx		refs/JondoEmu/datos/protocolo_3.6.10.10.proto:6089	7	fnzq:bool;fnzr:int32;fnzs:string;fnzt:bool;fnzu:string;fnzv:string;fnzw:int64		
hwz		refs/JondoEmu/datos/protocolo_3.6.10.10.proto:6099	0			
hxb		refs/JondoEmu/datos/protocolo_3.6.10.10.proto:6102	3	foaf:hwz;foag:string;foah:hwy		
hxd		refs/JondoEmu/datos/protocolo_3.6.10.10.proto:6108	4	foal:hys;foam:hwx;foan:hys;foao:hxb		
hxe		refs/JondoEmu/datos/protocolo_3.6.10.10.proto:6115	5	foat:bool;foau:repeated string;foav:repeated bool;foaw:int64;foax:bool		
hxg		refs/JondoEmu/datos/protocolo_3.6.10.10.proto:6123	4	fobc:int32;fobd:int32;fobe:bool;fobf:int32		
hxi		refs/JondoEmu/datos/protocolo_3.6.10.10.proto:6130	4	fobk:hxf;fobl:hzx;fobm:hxg;fobn:iak		
hxj		refs/JondoEmu/datos/protocolo_3.6.10.10.proto:6137	2	fobr:repeated int32;fobs:int32		
hxk		refs/JondoEmu/datos/protocolo_3.6.10.10.proto:6142	3	fobw:int32;fobx:repeated int32;foby:int32		
hxm		refs/JondoEmu/datos/protocolo_3.6.10.10.proto:6148	5	focc:map<string,hxi>;focd:hxe;foce:map<int32,hxj>;focf:icl;focg:hxk		
hxp		refs/JondoEmu/datos/protocolo_3.6.10.10.proto:6156	1	fock:string		
hxq		refs/JondoEmu/datos/protocolo_3.6.10.10.proto:6160	1	foco:repeated hxd		
hxr		refs/JondoEmu/datos/protocolo_3.6.10.10.proto:6164	1	focs:repeated hxd		
hxt		refs/JondoEmu/datos/protocolo_3.6.10.10.proto:6168	4	focw:hxr;focx:hxp;focy:hxq;focz:hxo		
hxu		refs/JondoEmu/datos/protocolo_3.6.10.10.proto:6175	2	fodf:string;fodg:string		
hxx		refs/JondoEmu/datos/protocolo_3.6.10.10.proto:6180	2	fodk:hxv;fodl:hxv		
hya		refs/JondoEmu/datos/protocolo_3.6.10.10.proto:6185	3	fodp:hxy;fodq:ibg;fodr:string		
hyb		refs/JondoEmu/datos/protocolo_3.6.10.10.proto:6191	3	fodv:string;fodw:string;fodx:bool		
hyc		refs/JondoEmu/datos/protocolo_3.6.10.10.proto:6197	0			
hyg		refs/JondoEmu/datos/protocolo_3.6.10.10.proto:6200	7	foee:int64;foef:int32;foeg:hye;foeh:int64;foei:repeated int32;foej:bool;foek:map<int32,hyd>		
hyj		refs/JondoEmu/datos/protocolo_3.6.10.10.proto:6210	2	foeo:hyh;foep:repeated int64		
hyk		refs/JondoEmu/datos/protocolo_3.6.10.10.proto:6215	9	foet:string;foeu:int64;foev:repeated string;foew:repeated int32;foex:int32;foey:string;foez:string;fofa:int64;fofb:bool		
hym		refs/JondoEmu/datos/protocolo_3.6.10.10.proto:6227	1	fofh:hyk		
hyp		refs/JondoEmu/datos/protocolo_3.6.10.10.proto:6231	3	fofl:int64;fofm:string;fofn:hyn		
hyr		refs/JondoEmu/datos/protocolo_3.6.10.10.proto:6237	3	fofr:hyp;fofs:string;foft:string		
hys		refs/JondoEmu/datos/protocolo_3.6.10.10.proto:6243	8	fofx:int32;fofy:lba;fofz:int64;foga:int32;fogb:int32;fogc:string;fogd:lcf;foge:string		
hyt		refs/JondoEmu/datos/protocolo_3.6.10.10.proto:6254	1	fogi:int32		
hyw		refs/JondoEmu/datos/protocolo_3.6.10.10.proto:6258	2	fogm:hyu;fogn:repeated string		
hyx		refs/JondoEmu/datos/protocolo_3.6.10.10.proto:6263	5	fogr:repeated string;fogt:string;fogu:repeated hwr;fogv:int32;fogw:hyr		
hyz		refs/JondoEmu/datos/protocolo_3.6.10.10.proto:6271	7	foha:bool;fohb:repeated bool;fohc:int64;fohd:map<int64,string>;fohe:int64;fohf:string;fohg:repeated string		
hzb		refs/JondoEmu/datos/protocolo_3.6.10.10.proto:6281	3	fohk:hyy;fohl:hyz;fohm:icl		
hzc		refs/JondoEmu/datos/protocolo_3.6.10.10.proto:6287	0			
hzd		refs/JondoEmu/datos/protocolo_3.6.10.10.proto:6290	1	foht:bool		
hzg		refs/JondoEmu/datos/protocolo_3.6.10.10.proto:6294	3	fohx:iau;fohy:hze;fohz:string		
hzh		refs/JondoEmu/datos/protocolo_3.6.10.10.proto:6300	2	foid:string;foie:string		
hzi		refs/JondoEmu/datos/protocolo_3.6.10.10.proto:6305	3	foii:int32;foij:bool;foik:int32		
hzj		refs/JondoEmu/datos/protocolo_3.6.10.10.proto:6311	5	foiq:map<int32,int32>;foir:string;fois:repeated int32;foit:int32;foiu:repeated int32		
hzk		refs/JondoEmu/datos/protocolo_3.6.10.10.proto:6319	2	foiy:string;foiz:string		
hzn		refs/JondoEmu/datos/protocolo_3.6.10.10.proto:6324	1	fojd:hzl		
hzo		refs/JondoEmu/datos/protocolo_3.6.10.10.proto:6328	3	fojh:map<int32,hzr>;foji:map<int32,hzp>;fojj:map<int32,hzr>		
hzp		refs/JondoEmu/datos/protocolo_3.6.10.10.proto:6334	2	fojn:int32;fojo:repeated hzr		
hzq		refs/JondoEmu/datos/protocolo_3.6.10.10.proto:6339	0			
hzr		refs/JondoEmu/datos/protocolo_3.6.10.10.proto:6342	6	fojv:int32;fojw:int32;fojx:int64;fojy:int64;fojz:repeated hzw;foka:hzx		
hzv		refs/JondoEmu/datos/protocolo_3.6.10.10.proto:6351	2	foke:hzt;fokf:hzs		
hzw		refs/JondoEmu/datos/protocolo_3.6.10.10.proto:6356	7	fokj:bool;fokk:bool;fokl:string;fokm:lba;fokn:bool;foko:int32;fokp:int32		
hzx		refs/JondoEmu/datos/protocolo_3.6.10.10.proto:6366	3	fokt:string;foku:lld;fokv:string		
hzy		refs/JondoEmu/datos/protocolo_3.6.10.10.proto:6372	1	fokz:icl		
iaa		refs/JondoEmu/datos/protocolo_3.6.10.10.proto:6376	4	fole:bool;folf:bool;folg:bool;folh:repeated int32		
iac		refs/JondoEmu/datos/protocolo_3.6.10.10.proto:6383	4	folm:iaa;foln:repeated int32;folo:hzz;folp:repeated int32		
iaf		refs/JondoEmu/datos/protocolo_3.6.10.10.proto:6390	1	folt:iad		
iag		refs/JondoEmu/datos/protocolo_3.6.10.10.proto:6394	1	folx:bool		
iai		refs/JondoEmu/datos/protocolo_3.6.10.10.proto:6398	5	fomb:string;fomc:hwl;fomd:hyx;fome:iak;fomf:ibg		
iaj		refs/JondoEmu/datos/protocolo_3.6.10.10.proto:6406	1	fomk:string		
iak		refs/JondoEmu/datos/protocolo_3.6.10.10.proto:6410	9	fomo:string;fomp:repeated hwr;fomq:int32;fomr:int64;foms:repeated int32;fomt:int32;fomu:hyr;fomv:hyr;fomw:bool		
iam		refs/JondoEmu/datos/protocolo_3.6.10.10.proto:6422	0			
ian		refs/JondoEmu/datos/protocolo_3.6.10.10.proto:6425	4	fond:map<int32,int64>;fone:bool;fonf:string;fong:bool		
iap		refs/JondoEmu/datos/protocolo_3.6.10.10.proto:6432	1	fonl:ian		
iaq		refs/JondoEmu/datos/protocolo_3.6.10.10.proto:6436	2	fonp:int32;fonq:int32		
ias		refs/JondoEmu/datos/protocolo_3.6.10.10.proto:6441	3	fonu:iam;fonv:iaq;fonw:iap		
iau		refs/JondoEmu/datos/protocolo_3.6.10.10.proto:6447	4	foob:int32;fooc:map<int32,ias>;fooe:int32;foof:bool		
iav		refs/JondoEmu/datos/protocolo_3.6.10.10.proto:6454	3	fook:string;fool:string;foom:lcf		
iay		refs/JondoEmu/datos/protocolo_3.6.10.10.proto:6460	1	fooq:iaw		
iaz		refs/JondoEmu/datos/protocolo_3.6.10.10.proto:6464	1	foou:string		
ibc		refs/JondoEmu/datos/protocolo_3.6.10.10.proto:6468	2	fooy:iba;fooz:iba		
ibf		refs/JondoEmu/datos/protocolo_3.6.10.10.proto:6473	1	fopd:ibd		
ibg		refs/JondoEmu/datos/protocolo_3.6.10.10.proto:6477	4	foph:hyr;fopi:repeated hwr;fopj:int32;fopk:repeated hys		
ibh		refs/JondoEmu/datos/protocolo_3.6.10.10.proto:6484	5	fopo:int32;fopp:bool;fopq:int32;fopr:bool;fops:hvp		
ibj		refs/JondoEmu/datos/protocolo_3.6.10.10.proto:6492	5	fopy:map<string,ibh>;fopz:int32;foqa:string;foqb:string;foqc:bool		
ibk		refs/JondoEmu/datos/protocolo_3.6.10.10.proto:6500	2	foqh:string;foqi:map<string,int32>		
ibl		refs/JondoEmu/datos/protocolo_3.6.10.10.proto:6505	1	foqm:repeated bool		
ibo	ibo	refs/JondoEmu/datos/protocolo_3.6.10.10.proto:6509	4	foqq:ibm;foqr:hzx;foqs:int32;foqt:hys		
ibp		refs/JondoEmu/datos/protocolo_3.6.10.10.proto:6516	1	foqx:repeated string		
ibr		refs/JondoEmu/datos/protocolo_3.6.10.10.proto:6520	2	forb:int64;forc:ibp		
ibs		refs/JondoEmu/datos/protocolo_3.6.10.10.proto:6525	1	forg:repeated hzj		
ibv		refs/JondoEmu/datos/protocolo_3.6.10.10.proto:6529	3	fork:string;forl:ibj;forn:ibt		
ibw		refs/JondoEmu/datos/protocolo_3.6.10.10.proto:6535	1	forr:int32		
ibz		refs/JondoEmu/datos/protocolo_3.6.10.10.proto:6539	1	forv:ibx		
icc		refs/JondoEmu/datos/protocolo_3.6.10.10.proto:6543	6	forz:map<string,ibg>;fosa:map<string,hwl>;fosb:repeated bool;fosc:map<string,hyx>;fosd:map<string,iak>;fose:map<string,ibg>		
ice		refs/JondoEmu/datos/protocolo_3.6.10.10.proto:6552	2	fosi:icc;fosj:icb		
ich		refs/JondoEmu/datos/protocolo_3.6.10.10.proto:6557	1	fosp:ibj		
icj		refs/JondoEmu/datos/protocolo_3.6.10.10.proto:6561	2	fost:ich;fosu:icg		
icl		refs/JondoEmu/datos/protocolo_3.6.10.10.proto:6566	6	fota:hzx;fotb:string;fotc:hyx;fotd:hwl;fote:ibg;fotf:hyx		
icm		refs/JondoEmu/datos/protocolo_3.6.10.10.proto:6575	0			
icn		refs/JondoEmu/datos/protocolo_3.6.10.10.proto:6578	0			
icp		refs/JondoEmu/datos/protocolo_3.6.10.10.proto:6581	1	fotq:hxd		
icq		refs/JondoEmu/datos/protocolo_3.6.10.10.proto:6585	2	fotu:repeated hxd;fotv:int32		
icr		refs/JondoEmu/datos/protocolo_3.6.10.10.proto:6590	1	fotz:repeated hxd		
icu		refs/JondoEmu/datos/protocolo_3.6.10.10.proto:6594	2	foud:ics;foue:repeated hxd		
icx		refs/JondoEmu/datos/protocolo_3.6.10.10.proto:6599	1	foui:icv		
icz		refs/JondoEmu/datos/protocolo_3.6.10.10.proto:6603	5	foum:icx;foun:icu;fouo:icp;foup:icq;fouq:icr		
ida		refs/JondoEmu/datos/protocolo_3.6.10.10.proto:6611	3	fouw:string;foux:string;fouy:bool		
ide		refs/JondoEmu/datos/protocolo_3.6.10.10.proto:6617	2	fovc:idc;fovd:idb		
idf	idf	refs/JondoEmu/datos/protocolo_3.6.10.10.proto:6622	2	fovh:int32;fovi:string		
idi		refs/JondoEmu/datos/protocolo_3.6.10.10.proto:6627	2	fovm:idg;fovn:idg		
idl		refs/JondoEmu/datos/protocolo_3.6.10.10.proto:6632	1	fovr:idj		
idm		refs/JondoEmu/datos/protocolo_3.6.10.10.proto:6636	3	fovv:int32;fovw:int32;fovx:int32		
ido		refs/JondoEmu/datos/protocolo_3.6.10.10.proto:6642	1	fowd:int32		
idp		refs/JondoEmu/datos/protocolo_3.6.10.10.proto:6646	2	fowh:int32;fowi:int32		
idr		refs/JondoEmu/datos/protocolo_3.6.10.10.proto:6651	4	fowm:repeated ier;fown:int64;fowo:bool;fowp:repeated idp		
idt		refs/JondoEmu/datos/protocolo_3.6.10.10.proto:6658	0			
idu		refs/JondoEmu/datos/protocolo_3.6.10.10.proto:6661	2	fowx:ier;fowy:int64		
idv		refs/JondoEmu/datos/protocolo_3.6.10.10.proto:6666	2	foxd:int32;foxe:int32		
idw		refs/JondoEmu/datos/protocolo_3.6.10.10.proto:6671	2	foxi:int32;foxj:int32		
idz		refs/JondoEmu/datos/protocolo_3.6.10.10.proto:6676	3	foxn:int32;foxo:int32;foxp:idx		
iea		refs/JondoEmu/datos/protocolo_3.6.10.10.proto:6682	3	foxt:int32;foxu:int32;foxv:int32		
ieb		refs/JondoEmu/datos/protocolo_3.6.10.10.proto:6688	2	foxz:int32;foya:int32		
iec		refs/JondoEmu/datos/protocolo_3.6.10.10.proto:6693	3	foye:int32;foyf:string;foyg:int32		
ied		refs/JondoEmu/datos/protocolo_3.6.10.10.proto:6699	1	foyk:int32		
iee		refs/JondoEmu/datos/protocolo_3.6.10.10.proto:6703	0			
ief		refs/JondoEmu/datos/protocolo_3.6.10.10.proto:6706	2	foyr:int32;foys:string		
ieg		refs/JondoEmu/datos/protocolo_3.6.10.10.proto:6711	3	foyw:int32;foyx:ieh;foyy:int32		
ieh		refs/JondoEmu/datos/protocolo_3.6.10.10.proto:6717	2	fozc:int64;fozd:int64		
iei		refs/JondoEmu/datos/protocolo_3.6.10.10.proto:6722	4	fozh:repeated string;fozi:int32;fozj:ieh;fozk:bool		
iej		refs/JondoEmu/datos/protocolo_3.6.10.10.proto:6729	1	fozo:int32		
iek		refs/JondoEmu/datos/protocolo_3.6.10.10.proto:6733	1	fozs:repeated int32		
iel		refs/JondoEmu/datos/protocolo_3.6.10.10.proto:6737	1	fozw:repeated ier		
ieo		refs/JondoEmu/datos/protocolo_3.6.10.10.proto:6741	2	fpaa:iem;fpab:int32		
iep		refs/JondoEmu/datos/protocolo_3.6.10.10.proto:6746	3	fpaf:repeated iei;fpag:int32;fpah:int32		
ier		refs/JondoEmu/datos/protocolo_3.6.10.10.proto:6752	3	fpal:int32;fpam:iep;fpan:int32		
iev		refs/JondoEmu/datos/protocolo_3.6.10.10.proto:6758	2	fpas:iet;fpat:lhm		
iew		refs/JondoEmu/datos/protocolo_3.6.10.10.proto:6763	1	fpax:int32		
iex		refs/JondoEmu/datos/protocolo_3.6.10.10.proto:6767	1	fpbb:lhm		
iey		refs/JondoEmu/datos/protocolo_3.6.10.10.proto:6771	0			
iez		refs/JondoEmu/datos/protocolo_3.6.10.10.proto:6774	0			
ifa		refs/JondoEmu/datos/protocolo_3.6.10.10.proto:6777	2	fpbl:bool;fpbm:lhm		
ifb		refs/JondoEmu/datos/protocolo_3.6.10.10.proto:6782	0			
ifd		refs/JondoEmu/datos/protocolo_3.6.10.10.proto:6785	1	fpbt:ifb		
ife	ife	refs/JondoEmu/datos/protocolo_3.6.10.10.proto:6789	2	fpbx:repeated lhm;fpby:repeated lhm		
ifg		refs/JondoEmu/datos/protocolo_3.6.10.10.proto:6794	0			
ifh		refs/JondoEmu/datos/protocolo_3.6.10.10.proto:6797	8	fpcg:int32;fpch:ihi;fpci:int32;fpcj:bool;fpck:map<int32,ifj>;fpcl:string;fpcm:string;fpcn:string		
ifi		refs/JondoEmu/datos/protocolo_3.6.10.10.proto:6808	4	fpcr:string;fpcs:ifp;fpct:int32;fpcu:repeated string		
ifj		refs/JondoEmu/datos/protocolo_3.6.10.10.proto:6815	2	fpcy:iis;fpcz:bool		
ifl		refs/JondoEmu/datos/protocolo_3.6.10.10.proto:6820	0			
ifm		refs/JondoEmu/datos/protocolo_3.6.10.10.proto:6823	0			
ifn		refs/JondoEmu/datos/protocolo_3.6.10.10.proto:6826	1	fpdj:string		
ifp		refs/JondoEmu/datos/protocolo_3.6.10.10.proto:6830	3	fpdn:ifn;fpdo:ifl;fpdp:ifm		
ifr		refs/JondoEmu/datos/protocolo_3.6.10.10.proto:6836	2	fpdu:int32;fpdv:int32		
ifs		refs/JondoEmu/datos/protocolo_3.6.10.10.proto:6841	9	fpdz:int32;fpea:repeated string;fpeb:bool;fpec:bool;fped:bool;fpee:string;fpef:int32;fpeg:int64;fpeh:string		
ifu		refs/JondoEmu/datos/protocolo_3.6.10.10.proto:6853	2	fpen:ifs;fpeo:int32		
ifv		refs/JondoEmu/datos/protocolo_3.6.10.10.proto:6858	0			
ifw		refs/JondoEmu/datos/protocolo_3.6.10.10.proto:6861	0			
ify		refs/JondoEmu/datos/protocolo_3.6.10.10.proto:6864	3	fpey:string;fpez:ifu;fpfa:ifr		
ifz		refs/JondoEmu/datos/protocolo_3.6.10.10.proto:6870	1	fpff:ihr		
igc		refs/JondoEmu/datos/protocolo_3.6.10.10.proto:6874	1	fpfj:iga		
igf		refs/JondoEmu/datos/protocolo_3.6.10.10.proto:6878	3	fpfn:string;fpfo:string;fpfp:igd		
igi		refs/JondoEmu/datos/protocolo_3.6.10.10.proto:6884	2	fpft:ihr;fpfu:ihr		
igk		refs/JondoEmu/datos/protocolo_3.6.10.10.proto:6889	3	fpfy:igh;fpfz:igi;fpga:igh		
igl		refs/JondoEmu/datos/protocolo_3.6.10.10.proto:6895	6	fpgg:int32;fpgh:repeated string;fpgi:string;fpgj:bool;fpgk:bool;fpgl:string		
ign		refs/JondoEmu/datos/protocolo_3.6.10.10.proto:6904	3	fpgs:bool;fpgt:ihr;fpgu:igl		
igo		refs/JondoEmu/datos/protocolo_3.6.10.10.proto:6910	1	fpgy:string		
igp		refs/JondoEmu/datos/protocolo_3.6.10.10.proto:6914	4	fphc:ifp;fphd:int32;fphe:ifp;fphf:string		
igs		refs/JondoEmu/datos/protocolo_3.6.10.10.proto:6921	3	fphj:lhg;fphk:igq;fphl:lhg		
igv		refs/JondoEmu/datos/protocolo_3.6.10.10.proto:6927	2	fphp:igt;fphq:bool		
igy		refs/JondoEmu/datos/protocolo_3.6.10.10.proto:6932	3	fphu:igw;fphv:ihi;fphw:string		
igz		refs/JondoEmu/datos/protocolo_3.6.10.10.proto:6938	2	fpia:map<bool,string>;fpib:string		
iha		refs/JondoEmu/datos/protocolo_3.6.10.10.proto:6943	2	fpif:string;fpig:map<int32,int32>		
ihb	ihb	refs/JondoEmu/datos/protocolo_3.6.10.10.proto:6948	2	fpik:map<string,ihr>;fpil:map<string,ifh>		
ihc		refs/JondoEmu/datos/protocolo_3.6.10.10.proto:6953	1	fpip:bool		
ihf		refs/JondoEmu/datos/protocolo_3.6.10.10.proto:6957	4	fpit:ihd;fpiu:lbn;fpiv:string;fpiw:string		
ihg		refs/JondoEmu/datos/protocolo_3.6.10.10.proto:6964	2	fpja:string;fpjb:bool		
ihh		refs/JondoEmu/datos/protocolo_3.6.10.10.proto:6969	3	fpjg:ifh;fpjh:bool;fpji:ifh		
ihi		refs/JondoEmu/datos/protocolo_3.6.10.10.proto:6975	3	fpjm:int32;fpjn:map<int32,iis>;fpjo:map<int32,iis>		
ihm		refs/JondoEmu/datos/protocolo_3.6.10.10.proto:6981	6	fpjs:string;fpjt:repeated bool;fpju:string;fpjv:bool;fpjw:repeated int32;fpjx:string		
iho		refs/JondoEmu/datos/protocolo_3.6.10.10.proto:6990	4	fpkd:repeated int32;fpke:repeated int32;fpkf:ihl;fpkg:ihm		
ihq		refs/JondoEmu/datos/protocolo_3.6.10.10.proto:6997	2	fpkk:iho;fpkl:ihk		
ihr		refs/JondoEmu/datos/protocolo_3.6.10.10.proto:7002	10	fpkr:igs;fpks:int32;fpkt:lhk;fpku:string;fpkv:map<int32,llm>;fpkw:string;fpkx:ihi;fpky:bool;fpkz:string;fpla:bool		
ihs		refs/JondoEmu/datos/protocolo_3.6.10.10.proto:7015	2	fplf:lbn;fplg:string		
iht		refs/JondoEmu/datos/protocolo_3.6.10.10.proto:7020	2	fplk:ifh;fpll:bool		
ihu		refs/JondoEmu/datos/protocolo_3.6.10.10.proto:7025	2	fplp:bool;fplq:igs		
ihv		refs/JondoEmu/datos/protocolo_3.6.10.10.proto:7030	3	fplu:map<string,int32>;fplv:int32;fplw:bool		
ihw		refs/JondoEmu/datos/protocolo_3.6.10.10.proto:7036	3	fpma:bool;fpmb:string;fpmc:lbn		
ihz		refs/JondoEmu/datos/protocolo_3.6.10.10.proto:7042	4	fpmg:bool;fpmh:map<bool,int64>;fpmi:ihx;fpmj:ihr		
iia		refs/JondoEmu/datos/protocolo_3.6.10.10.proto:7049	3	fpmn:int64;fpmo:lhk;fpmp:igs		
iic		refs/JondoEmu/datos/protocolo_3.6.10.10.proto:7055	4	fpmt:bool;fpmu:bool;fpmv:iia;fpmw:bool		
iid		refs/JondoEmu/datos/protocolo_3.6.10.10.proto:7062	5	fpnb:lbn;fpnc:string;fpnd:repeated bool;fpne:int32;fpnf:lbn		
iie		refs/JondoEmu/datos/protocolo_3.6.10.10.proto:7070	2	fpnj:ihr;fpnk:bool		
iif		refs/JondoEmu/datos/protocolo_3.6.10.10.proto:7075	7	fpno:int64;fpnp:bool;fpnq:bool;fpnr:int64;fpns:bool;fpnt:repeated int64;fpnu:int32		
iih		refs/JondoEmu/datos/protocolo_3.6.10.10.proto:7085	4	fpnz:iif;fpoa:ifp;fpob:string;fpoc:ifp		
iij		refs/JondoEmu/datos/protocolo_3.6.10.10.proto:7092	4	fpog:bool;fpoh:int32;fpoi:bool;fpoj:string		
iil		refs/JondoEmu/datos/protocolo_3.6.10.10.proto:7099	4	fpop:iii;fpoq:ifh;fpor:bool;fpos:iij		
iim		refs/JondoEmu/datos/protocolo_3.6.10.10.proto:7106	2	fpow:int32;fpox:bool		
iin		refs/JondoEmu/datos/protocolo_3.6.10.10.proto:7111	2	fppc:string;fppd:map<int64,string>		
iio		refs/JondoEmu/datos/protocolo_3.6.10.10.proto:7116	2	fpph:string;fppi:lbn		
iir		refs/JondoEmu/datos/protocolo_3.6.10.10.proto:7121	3	fppm:bool;fppn:iip;fppo:bool		
iis		refs/JondoEmu/datos/protocolo_3.6.10.10.proto:7127	1	fpps:repeated int32		
iiv		refs/JondoEmu/datos/protocolo_3.6.10.10.proto:7131	1	fppw:ifh		
iix		refs/JondoEmu/datos/protocolo_3.6.10.10.proto:7135	2	fpqa:iiu;fpqb:bool		
iiy		refs/JondoEmu/datos/protocolo_3.6.10.10.proto:7140	2	fpqh:string;fpqi:lbn		
iiz		refs/JondoEmu/datos/protocolo_3.6.10.10.proto:7145	3	fpqm:string;fpqn:string;fpqo:ifp		
ija		refs/JondoEmu/datos/protocolo_3.6.10.10.proto:7151	1	fpqs:bool		
ijd		refs/JondoEmu/datos/protocolo_3.6.10.10.proto:7155	3	fpqw:lhk;fpqx:ijb;fpqy:bool		
ijf		refs/JondoEmu/datos/protocolo_3.6.10.10.proto:7161	3	fprd:int64;fpre:repeated int64;fprf:int64		
ijg		refs/JondoEmu/datos/protocolo_3.6.10.10.proto:7167	2	fprj:int32;fprk:int64		
ijj		refs/JondoEmu/datos/protocolo_3.6.10.10.proto:7172	4	fpro:int64;fprp:ijh;fprq:int32;fprr:string		
ijk		refs/JondoEmu/datos/protocolo_3.6.10.10.proto:7179	2	fprv:int32;fprw:bool		
ijl		refs/JondoEmu/datos/protocolo_3.6.10.10.proto:7184	3	fpsa:int32;fpsb:int32;fpsc:int32		
ijm		refs/JondoEmu/datos/protocolo_3.6.10.10.proto:7190	1	fpsg:bool		
ijn		refs/JondoEmu/datos/protocolo_3.6.10.10.proto:7194	1	fpsk:int32		
ijq	ijq	refs/JondoEmu/datos/protocolo_3.6.10.10.proto:7198	3	fpso:map<int32,int32>;fpsp:ijo;fpsq:map<int64,int32>		
ijt		refs/JondoEmu/datos/protocolo_3.6.10.10.proto:7204	3	fpsu:ijr;fpsv:int32;fpsw:int32		
ijx	ijx	refs/JondoEmu/datos/protocolo_3.6.10.10.proto:7210	1	fptb:int32		
ijy		refs/JondoEmu/datos/protocolo_3.6.10.10.proto:7214	1	fptf:int64		
ijz	ijz	refs/JondoEmu/datos/protocolo_3.6.10.10.proto:7218	7	fptj:int64;fptk:int64;fptl:int32;fptm:string;fptn:int32;fpto:ijw;fptp:string		
ika		refs/JondoEmu/datos/protocolo_3.6.10.10.proto:7228	2	fptt:int64;fptu:repeated bool		
ikb		refs/JondoEmu/datos/protocolo_3.6.10.10.proto:7233	1	fpty:bool		
ike		refs/JondoEmu/datos/protocolo_3.6.10.10.proto:7237	2	fpuc:int64;fpud:ikc		
ikf		refs/JondoEmu/datos/protocolo_3.6.10.10.proto:7242	4	fpuh:int32;fpui:int64;fpuj:bool;fpuk:bool		
iki	iki	refs/JondoEmu/datos/protocolo_3.6.10.10.proto:7249	2	fpuo:ikg;fpup:int32		
ikj		refs/JondoEmu/datos/protocolo_3.6.10.10.proto:7254	2	fput:int32;fpuu:string		
ikm		refs/JondoEmu/datos/protocolo_3.6.10.10.proto:7259	2	fpuy:repeated int64;fpuz:ikk		
ikn		refs/JondoEmu/datos/protocolo_3.6.10.10.proto:7264	0			
iko	iko	refs/JondoEmu/datos/protocolo_3.6.10.10.proto:7267	2	fpvg:int64;fpvh:int32		
ikr		refs/JondoEmu/datos/protocolo_3.6.10.10.proto:7272	1	fpvl:ikp		
iks		refs/JondoEmu/datos/protocolo_3.6.10.10.proto:7276	2	fpvp:int32;fpvq:int64		
ikt		refs/JondoEmu/datos/protocolo_3.6.10.10.proto:7281	2	fpvu:int64;fpvv:int64		
iku		refs/JondoEmu/datos/protocolo_3.6.10.10.proto:7286	2	fpwa:int64;fpwb:int64		
ikv	ikv	refs/JondoEmu/datos/protocolo_3.6.10.10.proto:7291	4	fpwf:int64;fpwg:map<bool,bool>;fpwh:lgl;fpwi:int32		
ikw		refs/JondoEmu/datos/protocolo_3.6.10.10.proto:7298	3	fpwm:repeated bool;fpwn:int64;fpwo:int64		
ikx		refs/JondoEmu/datos/protocolo_3.6.10.10.proto:7304	4	fpws:map<bool,int32>;fpwt:int64;fpwu:int32;fpwv:int32		
iky		refs/JondoEmu/datos/protocolo_3.6.10.10.proto:7311	8	fpwz:repeated int32;fpxa:int64;fpxb:map<string,int32>;fpxc:int64;fpxd:string;fpxe:int64;fpxf:string;fpxg:bool		
ila		refs/JondoEmu/datos/protocolo_3.6.10.10.proto:7322	4	fpxl:iky;fpxm:int32;fpxn:int32;fpxo:bool		
ilb	ilb	refs/JondoEmu/datos/protocolo_3.6.10.10.proto:7329	9	fpxs:ijw;fpxt:string;fpxu:repeated lpg;fpxv:int64;fpxw:int32;fpxx:repeated ilg;fpxy:int64;fpxz:int64;fpya:string		
ilc	ilc	refs/JondoEmu/datos/protocolo_3.6.10.10.proto:7341	1	fpye:int64		
ild		refs/JondoEmu/datos/protocolo_3.6.10.10.proto:7345	8	fpyi:bool;fpyj:repeated int32;fpyk:int64;fpyl:bool;fpym:string;fpyn:bool;fpyo:int64;fpyp:string		
ilf		refs/JondoEmu/datos/protocolo_3.6.10.10.proto:7356	1	fpyv:ild		
ilg		refs/JondoEmu/datos/protocolo_3.6.10.10.proto:7360	8	fpyz:lhg;fpza:string;fpzb:int64;fpzc:lba;fpzd:int64;fpze:lcf;fpzf:repeated lfx;fpzg:int32		
ilh	ilh	refs/JondoEmu/datos/protocolo_3.6.10.10.proto:7371	8	fpzk:int64;fpzl:int32;fpzm:int64;fpzn:string;fpzo:int32;fpzp:int32;fpzq:ijv;fpzr:lgl		
ili	ili	refs/JondoEmu/datos/protocolo_3.6.10.10.proto:7382	2	fpzv:int32;fpzw:int64		
ilj		refs/JondoEmu/datos/protocolo_3.6.10.10.proto:7387	2	fqaa:bool;fqab:int32		
iln		refs/JondoEmu/datos/protocolo_3.6.10.10.proto:7392	2	fqaf:ill;fqag:ilk		
ilo	ilo	refs/JondoEmu/datos/protocolo_3.6.10.10.proto:7397	2	fqak:int32;fqal:int64		
ilr		refs/JondoEmu/datos/protocolo_3.6.10.10.proto:7402	1	fqap:ilp		
ils	ils	refs/JondoEmu/datos/protocolo_3.6.10.10.proto:7406	1	fqat:int32		
ilv		refs/JondoEmu/datos/protocolo_3.6.10.10.proto:7410	1	fqax:ilt		
ilw	ilw	refs/JondoEmu/datos/protocolo_3.6.10.10.proto:7414	2	fqbb:int32;fqbc:lpg		
ilx	ilx	refs/JondoEmu/datos/protocolo_3.6.10.10.proto:7419	2	fqbg:int64;fqbh:int32		
ima	ima	refs/JondoEmu/datos/protocolo_3.6.10.10.proto:7424	3	fqbl:int64;fqbm:ily;fqbn:int32		
imd	imd	refs/JondoEmu/datos/protocolo_3.6.10.10.proto:7430	2	fqbr:imb;fqbs:int32		
ime	ime	refs/JondoEmu/datos/protocolo_3.6.10.10.proto:7435	3	fqbw:lgf;fqbx:int32;fqby:bool		
imf	imf	refs/JondoEmu/datos/protocolo_3.6.10.10.proto:7441	3	fqcd:map<int32,int32>;fqce:int32;fqcf:ilg		
imh		refs/JondoEmu/datos/protocolo_3.6.10.10.proto:7447	0			
imi		refs/JondoEmu/datos/protocolo_3.6.10.10.proto:7450	1	fqcm:int32		
imj		refs/JondoEmu/datos/protocolo_3.6.10.10.proto:7454	2	fqcq:int64;fqcr:int32		
imk	imk	refs/JondoEmu/datos/protocolo_3.6.10.10.proto:7459	2	fqcv:bool;fqcw:int32		
imn		refs/JondoEmu/datos/protocolo_3.6.10.10.proto:7464	2	fqda:iml;fqdb:int32		
imo	imo	refs/JondoEmu/datos/protocolo_3.6.10.10.proto:7469	1	fqdf:int64		
imp		refs/JondoEmu/datos/protocolo_3.6.10.10.proto:7473	2	fqdj:bool;fqdk:int32		
imq		refs/JondoEmu/datos/protocolo_3.6.10.10.proto:7478	3	fqdo:string;fqdp:int32;fqdq:repeated string		
imr		refs/JondoEmu/datos/protocolo_3.6.10.10.proto:7484	3	fqdu:int64;fqdv:int32;fqdw:bool		
imu		refs/JondoEmu/datos/protocolo_3.6.10.10.proto:7490	3	fqeb:ims;fqec:int32;fqed:int64		
imv		refs/JondoEmu/datos/protocolo_3.6.10.10.proto:7496	2	fqei:repeated int32;fqej:int64		
imy	imy	refs/JondoEmu/datos/protocolo_3.6.10.10.proto:7501	3	fqen:int32;fqeo:imw;fqep:map<int64,int64>		
inb	inb	refs/JondoEmu/datos/protocolo_3.6.10.10.proto:7507	1	fqet:imz		
inc	inc	refs/JondoEmu/datos/protocolo_3.6.10.10.proto:7511	3	fqex:int64;fqey:bool;fqez:int32		
ind		refs/JondoEmu/datos/protocolo_3.6.10.10.proto:7517	3	fqfe:int32;fqff:int64;fqfg:int64		
ine		refs/JondoEmu/datos/protocolo_3.6.10.10.proto:7523	2	fqfk:int64;fqfl:bool		
ing	ing	refs/JondoEmu/datos/protocolo_3.6.10.10.proto:7528	10	fqfq:repeated lpg;fqfr:repeated ilg;fqfs:string;fqft:int64;fqfu:ijw;fqfv:bool;fqfw:int32;fqfx:int32;fqfy:ine;fqfz:int32		
inh	inh	refs/JondoEmu/datos/protocolo_3.6.10.10.proto:7541	2	fqgd:bool;fqge:int32		
ink	ink	refs/JondoEmu/datos/protocolo_3.6.10.10.proto:7546	3	fqgi:int32;fqgj:lpg;fqgk:ini		
inn		refs/JondoEmu/datos/protocolo_3.6.10.10.proto:7552	2	fqgo:inl;fqgp:inl		
ino	ino	refs/JondoEmu/datos/protocolo_3.6.10.10.proto:7557	4	fqgt:int64;fqgu:lnk;fqgv:int32;fqgw:bool		
inp		refs/JondoEmu/datos/protocolo_3.6.10.10.proto:7564	1	fqhb:string		
inq		refs/JondoEmu/datos/protocolo_3.6.10.10.proto:7568	3	fqhf:int32;fqhg:int64;fqhh:bool		
int		refs/JondoEmu/datos/protocolo_3.6.10.10.proto:7574	2	fqhm:int32;fqhn:inr		
inv		refs/JondoEmu/datos/protocolo_3.6.10.10.proto:7579	3	fqhs:int32;fqht:int32;fqhu:int32		
inw		refs/JondoEmu/datos/protocolo_3.6.10.10.proto:7585	3	fqhy:int32;fqhz:int32;fqia:int32		
inx		refs/JondoEmu/datos/protocolo_3.6.10.10.proto:7591	4	fqie:repeated string;fqif:int32;fqig:int64;fqih:int32		
iny		refs/JondoEmu/datos/protocolo_3.6.10.10.proto:7598	2	fqil:string;fqim:int32		
ioa		refs/JondoEmu/datos/protocolo_3.6.10.10.proto:7603	6	fqiq:repeated string;fqir:int32;fqis:repeated int64;fqit:int64;fqiu:int64;fqiv:int32		
ioc	ioc	refs/JondoEmu/datos/protocolo_3.6.10.10.proto:7612	5	fqiz:repeated int64;fqja:inz;fqjb:bool;fqjc:ioa;fqjd:int64		
iof		refs/JondoEmu/datos/protocolo_3.6.10.10.proto:7620	1	fqji:iod		
iog		refs/JondoEmu/datos/protocolo_3.6.10.10.proto:7624	1	fqjm:int64		
ioi		refs/JondoEmu/datos/protocolo_3.6.10.10.proto:7628	4	fqjq:int64;fqjr:repeated int32;fqjs:repeated int32;fqjt:int32		
iok		refs/JondoEmu/datos/protocolo_3.6.10.10.proto:7635	3	fqjx:ioh;fqjy:repeated ioi;fqjz:int64		
iom		refs/JondoEmu/datos/protocolo_3.6.10.10.proto:7641	4	fqkd:repeated iok;fqke:iog;fqkf:int32;fqkg:bool		
ion		refs/JondoEmu/datos/protocolo_3.6.10.10.proto:7648	7	fqkl:int32;fqkm:int32;fqkn:len;fqko:int32;fqkp:int32;fqkq:int32;fqkr:bool		
ioo		refs/JondoEmu/datos/protocolo_3.6.10.10.proto:7658	3	fqkw:int32;fqkx:repeated int32;fqky:string		
ioq		refs/JondoEmu/datos/protocolo_3.6.10.10.proto:7664	3	fqld:int32;fqle:repeated string;fqlf:repeated ioo		
ios	ios	refs/JondoEmu/datos/protocolo_3.6.10.10.proto:7670	4	fqlj:int32;fqlk:repeated ioq;fqll:repeated string;fqlm:int32		
iot		refs/JondoEmu/datos/protocolo_3.6.10.10.proto:7677	0			
iou		refs/JondoEmu/datos/protocolo_3.6.10.10.proto:7680	3	fqlt:int64;fqlu:bool;fqlv:int32		
iov	iov	refs/JondoEmu/datos/protocolo_3.6.10.10.proto:7686	3	fqma:int32;fqmb:int64;fqmc:int32		
ioy	ioy	refs/JondoEmu/datos/protocolo_3.6.10.10.proto:7692	2	fqmg:int32;fqmh:iow		
ipa		refs/JondoEmu/datos/protocolo_3.6.10.10.proto:7697	1	fqmm:int32		
ipb		refs/JondoEmu/datos/protocolo_3.6.10.10.proto:7701	4	fqmq:repeated string;fqmr:int32;fqms:bool;fqmt:bool		
ipc		refs/JondoEmu/datos/protocolo_3.6.10.10.proto:7708	1	fqmx:repeated int32		
ipd		refs/JondoEmu/datos/protocolo_3.6.10.10.proto:7712	2	fqnb:bool;fqnc:repeated int32		
ipe		refs/JondoEmu/datos/protocolo_3.6.10.10.proto:7717	0			
ipi		refs/JondoEmu/datos/protocolo_3.6.10.10.proto:7720	1	fqnk:ipg		
ipj		refs/JondoEmu/datos/protocolo_3.6.10.10.proto:7724	3	fqno:string;fqnp:string;fqnq:int32		
ipk		refs/JondoEmu/datos/protocolo_3.6.10.10.proto:7730	0			
ipm		refs/JondoEmu/datos/protocolo_3.6.10.10.proto:7733	1	fqny:int32		
ipo		refs/JondoEmu/datos/protocolo_3.6.10.10.proto:7737	2	fqod:int32;fqoe:int32		
ipp		refs/JondoEmu/datos/protocolo_3.6.10.10.proto:7742	4	fqoi:int64;fqoj:int32;fqok:int32;fqol:string		
ipq		refs/JondoEmu/datos/protocolo_3.6.10.10.proto:7749	3	fqop:int32;fqoq:int32;fqor:int32		
ipr		refs/JondoEmu/datos/protocolo_3.6.10.10.proto:7755	2	fqov:int32;fqow:int32		
ipt		refs/JondoEmu/datos/protocolo_3.6.10.10.proto:7760	4	fqpb:string;fqpc:int32;fqpd:repeated bool;fqpe:int64		
ipv	ipv	refs/JondoEmu/datos/protocolo_3.6.10.10.proto:7767	4	fqpj:ipt;fqpk:string;fqpl:string;fqpm:string		
ipw	ipw	refs/JondoEmu/datos/protocolo_3.6.10.10.proto:7774	2	fqpq:repeated int32;fqpr:int32		
ipx		refs/JondoEmu/datos/protocolo_3.6.10.10.proto:7779	7	fqpv:repeated string;fqpw:int32;fqpx:int32;fqpy:string;fqpz:lba;fqqa:int32;fqqb:int32		
ipz		refs/JondoEmu/datos/protocolo_3.6.10.10.proto:7789	3	fqqg:repeated bool;fqqh:int32;fqqi:int32		
iqa		refs/JondoEmu/datos/protocolo_3.6.10.10.proto:7795	1	fqqm:int32		
iqb		refs/JondoEmu/datos/protocolo_3.6.10.10.proto:7799	4	fqqq:int64;fqqr:int64;fqqs:ipx;fqqt:int64		
iqc		refs/JondoEmu/datos/protocolo_3.6.10.10.proto:7806	1	fqqx:repeated iqb		
iqd		refs/JondoEmu/datos/protocolo_3.6.10.10.proto:7810	3	fqrb:int32;fqrc:string;fqrd:int32		
iqg		refs/JondoEmu/datos/protocolo_3.6.10.10.proto:7816	2	fqrh:iqe;fqri:repeated iqb		
iqh		refs/JondoEmu/datos/protocolo_3.6.10.10.proto:7821	1	fqrm:iqb		
iqj		refs/JondoEmu/datos/protocolo_3.6.10.10.proto:7825	1	fqrr:repeated iqn		
iqk		refs/JondoEmu/datos/protocolo_3.6.10.10.proto:7829	2	fqrv:int32;fqrw:string		
iql		refs/JondoEmu/datos/protocolo_3.6.10.10.proto:7834	1	fqsa:int32		
iqm		refs/JondoEmu/datos/protocolo_3.6.10.10.proto:7838	1	fqse:repeated iqn		
iqn		refs/JondoEmu/datos/protocolo_3.6.10.10.proto:7842	7	fqsi:bool;fqsj:int32;fqsk:int64;fqsl:ipx;fqsm:int32;fqsn:string;fqso:int32		
iqq		refs/JondoEmu/datos/protocolo_3.6.10.10.proto:7852	3	fqss:iqo;fqst:int32;fqsu:int32		
iqr		refs/JondoEmu/datos/protocolo_3.6.10.10.proto:7858	3	fqsy:int32;fqsz:iqn;fqta:iqn		
iqt		refs/JondoEmu/datos/protocolo_3.6.10.10.proto:7864	1	fqtf:repeated iqx		
iqu		refs/JondoEmu/datos/protocolo_3.6.10.10.proto:7868	4	fqtj:int32;fqtk:bool;fqtl:int32;fqtm:bool		
iqv		refs/JondoEmu/datos/protocolo_3.6.10.10.proto:7875	1	fqtt:repeated iqx		
iqw		refs/JondoEmu/datos/protocolo_3.6.10.10.proto:7879	1	fqtx:iqx		
iqx		refs/JondoEmu/datos/protocolo_3.6.10.10.proto:7883	6	fqub:int64;fquc:int32;fqud:ipx;fque:int32;fquf:int32;fqug:int32		
iqy		refs/JondoEmu/datos/protocolo_3.6.10.10.proto:7892	4	fqul:repeated bool;fqum:lsg;fqun:int32;fquo:bool		
iqz		refs/JondoEmu/datos/protocolo_3.6.10.10.proto:7899	4	fquu:int32;fquv:bool;fquw:lsg;fqux:int32		
irb		refs/JondoEmu/datos/protocolo_3.6.10.10.proto:7906	2	fqve:int32;fqvf:string		
irc		refs/JondoEmu/datos/protocolo_3.6.10.10.proto:7911	2	fqvj:repeated ird;fqvk:repeated ird		
ird		refs/JondoEmu/datos/protocolo_3.6.10.10.proto:7916	3	fqvo:int64;fqvp:int64;fqvq:ipx		
irg		refs/JondoEmu/datos/protocolo_3.6.10.10.proto:7922	2	fqvu:ire;fqvv:int32		
irh		refs/JondoEmu/datos/protocolo_3.6.10.10.proto:7927	1	fqvz:repeated ird		
iri		refs/JondoEmu/datos/protocolo_3.6.10.10.proto:7931	1	fqwd:ird		
irj		refs/JondoEmu/datos/protocolo_3.6.10.10.proto:7935	1	fqwh:int32		
irl		refs/JondoEmu/datos/protocolo_3.6.10.10.proto:7939	1	fqwm:isu		
irm	irm	refs/JondoEmu/datos/protocolo_3.6.10.10.proto:7943	4	fqwq:int32;fqwr:bool;fqws:int32;fqwt:int64		
iro		refs/JondoEmu/datos/protocolo_3.6.10.10.proto:7950	1	fqwy:repeated irm		
irp		refs/JondoEmu/datos/protocolo_3.6.10.10.proto:7954	9	fqxc:lcf;fqxd:string;fqxe:int32;fqxf:int64;fqxg:bool;fqxh:bool;fqxi:lgl;fqxj:lba;fqxk:laz		
irq	irq	refs/JondoEmu/datos/protocolo_3.6.10.10.proto:7966	1	fqxo:repeated ise	JobExperienceMultiUpdateMessage	anclas_3.6.10.10.tsv
irs		refs/JondoEmu/datos/protocolo_3.6.10.10.proto:7970	6	fqxs:bool;fqxt:bool;fqxu:map<bool,int32>;fqxv:int64;fqxw:bool;fqxx:int32		
irt		refs/JondoEmu/datos/protocolo_3.6.10.10.proto:7979	3	fqyc:int32;fqyd:int32;fqye:int32		
irv		refs/JondoEmu/datos/protocolo_3.6.10.10.proto:7985	2	fqyi:irt;fqyj:int32		
irw		refs/JondoEmu/datos/protocolo_3.6.10.10.proto:7990	1	fqyn:int32		
iry	iry	refs/JondoEmu/datos/protocolo_3.6.10.10.proto:7994	4	fqyr:irs;fqys:int32;fqyt:irv;fqyu:irw		
isa		refs/JondoEmu/datos/protocolo_3.6.10.10.proto:8001	4	fqyz:int64;fqza:int32;fqzb:repeated iry;fqzc:repeated iry		
isd		refs/JondoEmu/datos/protocolo_3.6.10.10.proto:8008	2	fqzg:repeated isu;fqzh:isb		
ise	ise	refs/JondoEmu/datos/protocolo_3.6.10.10.proto:8013	5	fqzl:int32;fqzm:int64;fqzn:int32;fqzo:int64;fqzp:int64		
isf	isf	refs/JondoEmu/datos/protocolo_3.6.10.10.proto:8021	2	fqzt:repeated ist;fqzu:string		
isi	isi	refs/JondoEmu/datos/protocolo_3.6.10.10.proto:8026	6	fqzy:isg;fqzz:int32;fraa:int32;frab:bool;frac:int32;frad:int64		
isj		refs/JondoEmu/datos/protocolo_3.6.10.10.proto:8035	9	frah:bool;frai:string;fraj:bool;frak:int32;fral:bool;fram:repeated int64;fran:map<int64,bool>;frao:repeated int32;frap:repeated bool		
isl		refs/JondoEmu/datos/protocolo_3.6.10.10.proto:8047	3	frau:repeated int32;frav:int64;fraw:isj		
isn		refs/JondoEmu/datos/protocolo_3.6.10.10.proto:8053	3	frba:isl;frbb:isl;frbc:bool		
isq		refs/JondoEmu/datos/protocolo_3.6.10.10.proto:8059	3	frbg:int64;frbh:int32;frbi:iso		
isr		refs/JondoEmu/datos/protocolo_3.6.10.10.proto:8065	2	frbm:repeated int64;frbn:int32		
iss		refs/JondoEmu/datos/protocolo_3.6.10.10.proto:8070	2	frbr:ise;frbs:int64		
ist		refs/JondoEmu/datos/protocolo_3.6.10.10.proto:8075	2	frbw:isi;frbx:irp		
isu		refs/JondoEmu/datos/protocolo_3.6.10.10.proto:8080	5	frcb:bool;frcc:bool;frcd:bool;frce:int32;frcf:bool		
isv		refs/JondoEmu/datos/protocolo_3.6.10.10.proto:8088	1	frck:ist		
isw		refs/JondoEmu/datos/protocolo_3.6.10.10.proto:8092	3	frco:string;frcp:repeated isa;frcq:repeated isa		
isx		refs/JondoEmu/datos/protocolo_3.6.10.10.proto:8098	6	frcu:repeated string;frcv:repeated string;frcw:bool;frcx:bool;frcy:bool;frcz:int32		
isz	isz	refs/JondoEmu/datos/protocolo_3.6.10.10.proto:8107	3	frde:isa;frdf:isx;frdg:int32		
itc	itc	refs/JondoEmu/datos/protocolo_3.6.10.10.proto:8113	2	frdl:int32;frdm:map<string,bool>	StorageObjectRemoveMessage	anclas_3.6.10.10.tsv
itd	itd	refs/JondoEmu/datos/protocolo_3.6.10.10.proto:8118	1	frdq:lec	StorageObjectUpdateMessage	anclas_3.6.10.10.tsv
ite		refs/JondoEmu/datos/protocolo_3.6.10.10.proto:8122	2	frdu:repeated lft;frdv:repeated lft		
itf		refs/JondoEmu/datos/protocolo_3.6.10.10.proto:8127	1	frdz:repeated lec		
itg	itg	refs/JondoEmu/datos/protocolo_3.6.10.10.proto:8131	2	fred:repeated lhs;fref:lbm	ShortcutBarContentMessage	anclas_3.6.10.10.tsv
ith	ith	refs/JondoEmu/datos/protocolo_3.6.10.10.proto:8136	8	frej:repeated bool;frek:bool;frel:bool;frem:repeated bool;fren:int32;freo:bool;frep:int64;freq:string		
itj	itj	refs/JondoEmu/datos/protocolo_3.6.10.10.proto:8147	3	frev:ith;frew:int32;frex:bool		
itk		refs/JondoEmu/datos/protocolo_3.6.10.10.proto:8153	1	frfb:bool		
itl		refs/JondoEmu/datos/protocolo_3.6.10.10.proto:8157	2	frff:lft;frfg:int32		
itm		refs/JondoEmu/datos/protocolo_3.6.10.10.proto:8162	2	frfk:int64;frfl:int32		
itn	itn	refs/JondoEmu/datos/protocolo_3.6.10.10.proto:8167	2	frfp:int32;frfq:int32		
ito		refs/JondoEmu/datos/protocolo_3.6.10.10.proto:8172	7	frfu:repeated int32;frfv:int32;frfw:int32;frfx:int32;frfy:int32;frfz:int32;frga:string		
itp	itp	refs/JondoEmu/datos/protocolo_3.6.10.10.proto:8182	0			
itq		refs/JondoEmu/datos/protocolo_3.6.10.10.proto:8185	2	frgh:int64;frgi:lbq		
itr	itr	refs/JondoEmu/datos/protocolo_3.6.10.10.proto:8190	3	frgm:repeated int32;frgn:repeated lbp;frgo:itb		
its		refs/JondoEmu/datos/protocolo_3.6.10.10.proto:8196	7	frgs:string;frgt:map<int64,bool>;frgu:int64;frgv:int64;frgw:bool;frgx:map<int32,int32>;frgy:map<int32,string>		
itu		refs/JondoEmu/datos/protocolo_3.6.10.10.proto:8206	3	frhc:repeated llg;frhd:repeated int64;frhe:its		
itv		refs/JondoEmu/datos/protocolo_3.6.10.10.proto:8212	1	frhi:repeated int32		
itw		refs/JondoEmu/datos/protocolo_3.6.10.10.proto:8216	2	frhm:int32;frhn:repeated llg		
itx		refs/JondoEmu/datos/protocolo_3.6.10.10.proto:8221	0			
itz	itz	refs/JondoEmu/datos/protocolo_3.6.10.10.proto:8224	3	frhu:itx;frhv:lhs;frhw:lbm	ShortcutBarAddRequestMessage	anclas_3.6.10.10.tsv
iua	iua	refs/JondoEmu/datos/protocolo_3.6.10.10.proto:8230	3	fria:lbr;frib:lec;fric:lec	ObjectAddedMessage	anclas_3.6.10.10.tsv
iub		refs/JondoEmu/datos/protocolo_3.6.10.10.proto:8236	1	frig:int64		
iuc		refs/JondoEmu/datos/protocolo_3.6.10.10.proto:8240	6	frik:int32;fril:int64;frim:int32;frin:map<int32,int64>;frio:int32;frip:string		
iue	iue	refs/JondoEmu/datos/protocolo_3.6.10.10.proto:8249	3	frit:repeated iuc;friu:string;friv:repeated iuc		
iuf		refs/JondoEmu/datos/protocolo_3.6.10.10.proto:8255	2	friz:repeated lec;frja:int64		
iug		refs/JondoEmu/datos/protocolo_3.6.10.10.proto:8260	3	frje:string;frjf:bool;frjg:bool		
iuj		refs/JondoEmu/datos/protocolo_3.6.10.10.proto:8266	2	frjm:lec;frjn:iug		
iuk	iuk	refs/JondoEmu/datos/protocolo_3.6.10.10.proto:8271	3	frjr:int32;frjs:int32;frjt:int32	ObjectSetPositionMessage	anclas_3.6.10.10.tsv
iul		refs/JondoEmu/datos/protocolo_3.6.10.10.proto:8277	2	frjx:lbm;frjy:int32		
ium	ium	refs/JondoEmu/datos/protocolo_3.6.10.10.proto:8282	1	frkc:int32	ObjectDeletedMessage	anclas_3.6.10.10.tsv
iun	iun	refs/JondoEmu/datos/protocolo_3.6.10.10.proto:8286	3	frkg:int32;frkh:repeated string;frki:int32	InventoryWeightMessage	anclas_3.6.10.10.tsv
iuq	iuq	refs/JondoEmu/datos/protocolo_3.6.10.10.proto:8292	3	frkm:iuo;frkn:lhs;frko:lbm	ShortcutBarReplacedMessage	anclas_3.6.10.10.tsv
iur		refs/JondoEmu/datos/protocolo_3.6.10.10.proto:8298	1	frks:llg		
ius		refs/JondoEmu/datos/protocolo_3.6.10.10.proto:8302	7	frkw:map<bool,string>;frkx:bool;frky:bool;frkz:repeated string;frla:repeated int32;frlb:int32;frlc:repeated int64		
iuu		refs/JondoEmu/datos/protocolo_3.6.10.10.proto:8312	3	frlg:bool;frlh:ius;frli:int32		
iuv		refs/JondoEmu/datos/protocolo_3.6.10.10.proto:8318	3	frlm:int32;frln:int32;frlo:lbm		
iuw	iuw	refs/JondoEmu/datos/protocolo_3.6.10.10.proto:8324	2	frls:llg;frlt:llg	ObjectDeleteMessage	anclas_3.6.10.10.tsv
iux		refs/JondoEmu/datos/protocolo_3.6.10.10.proto:8329	1	frlx:int32		
iuy		refs/JondoEmu/datos/protocolo_3.6.10.10.proto:8333	1	frmb:repeated lec		
iuz		refs/JondoEmu/datos/protocolo_3.6.10.10.proto:8337	2	frmf:lbm;frmg:lbm		
ivc		refs/JondoEmu/datos/protocolo_3.6.10.10.proto:8342	3	frmk:int32;frml:int32;frmm:iva		
ive		refs/JondoEmu/datos/protocolo_3.6.10.10.proto:8348	2	frmq:repeated ivc;frmr:bool		
ivf	ivf	refs/JondoEmu/datos/protocolo_3.6.10.10.proto:8353	1	frmv:int64	KamasUpdateMessage	anclas_3.6.10.10.tsv
ivg		refs/JondoEmu/datos/protocolo_3.6.10.10.proto:8357	2	frmz:int32;frna:int64		
ivi		refs/JondoEmu/datos/protocolo_3.6.10.10.proto:8362	2	frne:repeated ivg;frnf:repeated ivg		
ivj	ivj	refs/JondoEmu/datos/protocolo_3.6.10.10.proto:8367	3	frnj:lbr;frnk:repeated llj;frnl:llg		
ivk	ivk	refs/JondoEmu/datos/protocolo_3.6.10.10.proto:8373	3	frnp:lbm;frnq:lhs;frnr:lbm	ShortcutBarRefreshMessage	anclas_3.6.10.10.tsv
ivl		refs/JondoEmu/datos/protocolo_3.6.10.10.proto:8379	1	frnv:repeated ito		
ivm		refs/JondoEmu/datos/protocolo_3.6.10.10.proto:8383	4	frnz:int32;froa:int32;frob:int64;froc:repeated int32		
ivo		refs/JondoEmu/datos/protocolo_3.6.10.10.proto:8390	2	frog:int64;froh:ivm		
ivp		refs/JondoEmu/datos/protocolo_3.6.10.10.proto:8395	0			
ivq	ivq	refs/JondoEmu/datos/protocolo_3.6.10.10.proto:8398	2	frop:int32;froq:int32	ObjectMovementMessage	anclas_3.6.10.10.tsv
ivr		refs/JondoEmu/datos/protocolo_3.6.10.10.proto:8403	2	frou:lbm;frov:int32		
ivs		refs/JondoEmu/datos/protocolo_3.6.10.10.proto:8408	2	froz:int32;frpa:int32		
ivt		refs/JondoEmu/datos/protocolo_3.6.10.10.proto:8413	2	frpe:repeated int32;frpf:repeated int32		
ivu		refs/JondoEmu/datos/protocolo_3.6.10.10.proto:8418	2	frpj:int32;frpk:int32		
ivv		refs/JondoEmu/datos/protocolo_3.6.10.10.proto:8423	3	frpo:string;frpp:string;frpq:int64		
ivx	ivx	refs/JondoEmu/datos/protocolo_3.6.10.10.proto:8429	4	frpu:int64;frpv:int32;frpw:repeated lec;frpx:ivv	InventoryContentMessage	anclas_3.6.10.10.tsv
ivy		refs/JondoEmu/datos/protocolo_3.6.10.10.proto:8436	6	frqb:repeated bool;frqc:int64;frqd:map<bool,int32>;frqe:string;frqf:bool;frqg:string		
iwa		refs/JondoEmu/datos/protocolo_3.6.10.10.proto:8445	2	frql:ivy;frqm:repeated int32		
iwb	iwb	refs/JondoEmu/datos/protocolo_3.6.10.10.proto:8450	2	frqq:repeated lec;frqr:int64	StorageInventoryContentMessage	anclas_3.6.10.10.tsv
iwc		refs/JondoEmu/datos/protocolo_3.6.10.10.proto:8455	3	frqv:int32;frqw:int32;frqx:int32		
iwd		refs/JondoEmu/datos/protocolo_3.6.10.10.proto:8461	3	frrb:repeated lng;frrc:int32;frrd:repeated int32		
iwf	iwf	refs/JondoEmu/datos/protocolo_3.6.10.10.proto:8467	1	frri:ldf		
iwg		refs/JondoEmu/datos/protocolo_3.6.10.10.proto:8471	2	frrm:string;frrn:bool		
iwi	iwi	refs/JondoEmu/datos/protocolo_3.6.10.10.proto:8476	3	frrs:int32;frrt:iwg;frru:int32		
iwj		refs/JondoEmu/datos/protocolo_3.6.10.10.proto:8482	1	frry:repeated ldf		
iwm	iwm	refs/JondoEmu/datos/protocolo_3.6.10.10.proto:8486	3	frsc:iwk;frsd:int32;frse:lev		
iwn	iwn	refs/JondoEmu/datos/protocolo_3.6.10.10.proto:8492	5	frsi:bool;frsj:int32;frsk:int32;frsl:int32;frsm:int64	InteractiveUsedMessage	anclas_3.6.10.10.tsv
iwo	iwo	refs/JondoEmu/datos/protocolo_3.6.10.10.proto:8500	3	frsq:int32;frsr:int32;frss:int32	InteractiveUseRequestMessage	anclas_3.6.10.10.tsv
iwp		refs/JondoEmu/datos/protocolo_3.6.10.10.proto:8506	2	frsx:repeated lev;frsy:string		
iwq		refs/JondoEmu/datos/protocolo_3.6.10.10.proto:8511	4	frtc:int32;frtd:int32;frte:int32;frtf:repeated string		
iwt		refs/JondoEmu/datos/protocolo_3.6.10.10.proto:8518	0			
iww		refs/JondoEmu/datos/protocolo_3.6.10.10.proto:8521	11	frtn:int32;frto:bool;frtp:int32;frtq:bool;frtr:repeated izi;frts:int32;frtt:bool;frtu:int32;frtv:bool;frtw:map<int32,int64>;frtx:iwu		
ixa		refs/JondoEmu/datos/protocolo_3.6.10.10.proto:8535	2	fruh:iwx;frui:iwy		
ixc		refs/JondoEmu/datos/protocolo_3.6.10.10.proto:8540	1	frum:int32		
ixd		refs/JondoEmu/datos/protocolo_3.6.10.10.proto:8544	4	fruq:string;frur:bool;frus:bool;frut:int32		
ixf		refs/JondoEmu/datos/protocolo_3.6.10.10.proto:8551	3	fruy:ixc;fruz:ixd;frva:ixc		
ixg		refs/JondoEmu/datos/protocolo_3.6.10.10.proto:8557	0			
ixh		refs/JondoEmu/datos/protocolo_3.6.10.10.proto:8560	0			
ixj		refs/JondoEmu/datos/protocolo_3.6.10.10.proto:8563	6	frvl:string;frvm:lba;frvn:int64;frvo:int32;frvp:int32;frvq:ixh		
ixk		refs/JondoEmu/datos/protocolo_3.6.10.10.proto:8572	1	frvu:bool		
ixl		refs/JondoEmu/datos/protocolo_3.6.10.10.proto:8576	8	frvy:int32;frvz:int32;frwa:int32;frwb:int32;frwc:int32;frwd:int32;frwe:string;frwf:bool		
ixm		refs/JondoEmu/datos/protocolo_3.6.10.10.proto:8587	0			
ixn		refs/JondoEmu/datos/protocolo_3.6.10.10.proto:8590	1	frwn:string		
ixq		refs/JondoEmu/datos/protocolo_3.6.10.10.proto:8594	2	frwr:ixo;frws:int64		
ixu		refs/JondoEmu/datos/protocolo_3.6.10.10.proto:8599	3	frwx:string;frwy:ixr;frwz:ixs		
ixw		refs/JondoEmu/datos/protocolo_3.6.10.10.proto:8605	3	frxd:repeated ixy;frxe:int32;frxf:int32		
ixx		refs/JondoEmu/datos/protocolo_3.6.10.10.proto:8611	2	frxj:string;frxk:iws		
ixy		refs/JondoEmu/datos/protocolo_3.6.10.10.proto:8616	4	frxo:ixj;frxp:string;frxq:bool;frxr:ixj		
iya	iya	refs/JondoEmu/datos/protocolo_3.6.10.10.proto:8623	18	frxw:int32;frxx:int32;frxy:int32;frxz:int32;frya:string;fryb:repeated iyw;fryc:repeated izi;fryd:int32;frye:bool;fryf:bool;fryg:int32;fryh:int32;fryi:int32;fryj:int32;fryk:int32;fryl:int64;frym:ixj;fryn:ixw		
iyb		refs/JondoEmu/datos/protocolo_3.6.10.10.proto:8644	1	fryt:bool		
iyc		refs/JondoEmu/datos/protocolo_3.6.10.10.proto:8648	0			
iyd		refs/JondoEmu/datos/protocolo_3.6.10.10.proto:8651	2	frza:string;frzb:int32		
iyh		refs/JondoEmu/datos/protocolo_3.6.10.10.proto:8656	17	frzf:int32;frzg:int32;frzh:string;frzi:int32;frzj:string;frzk:bool;frzl:iws;frzm:repeated izi;frzn:int32;frzo:iyf;frzp:int32;frzq:bool;frzr:int32;frzs:bool;frzt:int32;frzu:bool;frzv:bool		
iyj		refs/JondoEmu/datos/protocolo_3.6.10.10.proto:8676	2	fsab:iyh;fsac:iye		
iyk		refs/JondoEmu/datos/protocolo_3.6.10.10.proto:8681	7	fsag:repeated int64;fsah:string;fsai:bool;fsaj:repeated int64;fsak:bool;fsal:string;fsam:bool		
iym		refs/JondoEmu/datos/protocolo_3.6.10.10.proto:8691	2	fsas:int32;fsat:iyk		
iyr		refs/JondoEmu/datos/protocolo_3.6.10.10.proto:8696	7	fsax:int32;fsay:iyp;fsaz:int32;fsba:iww;fsbb:iyo;fsbc:int32;fsbd:iyn		
iyu		refs/JondoEmu/datos/protocolo_3.6.10.10.proto:8706	2	fsbi:repeated string;fsbj:iys		
iyw		refs/JondoEmu/datos/protocolo_3.6.10.10.proto:8711	4	fsbn:map<string,iyr>;fsbo:iws;fsbp:repeated string;fsbq:map<string,iyu>		
iyx		refs/JondoEmu/datos/protocolo_3.6.10.10.proto:8718	0			
izb		refs/JondoEmu/datos/protocolo_3.6.10.10.proto:8721	8	fsbx:int64;fsby:bool;fsbz:repeated int32;fsca:map<int64,bool>;fscb:int64;fscc:bool;fscd:string;fsce:repeated int32		
izd		refs/JondoEmu/datos/protocolo_3.6.10.10.proto:8732	5	fsck:string;fscl:int64;fscm:izb;fscn:iyz;fsco:iza		
ize		refs/JondoEmu/datos/protocolo_3.6.10.10.proto:8740	5	fscs:int32;fsct:int32;fscu:int32;fscv:iyy;fscw:map<int32,int32>		
izg		refs/JondoEmu/datos/protocolo_3.6.10.10.proto:8748	23	fsda:ixj;fsdb:int32;fsdc:repeated ize;fsdd:repeated izd;fsde:repeated ixj;fsdf:repeated iww;fsdg:int32;fsdh:int32;fsdi:string;fsdj:bool;fsdk:int32;fsdl:bool;fsdm:int32;fsdn:iws;fsdo:string;fsdp:int32;fsdq:repeated izi;fsdr:repeated iyw;fsds:int32;fsdt:bool;fsdu:bool;fsdv:int32;fsdw:bool		
izh	izh	refs/JondoEmu/datos/protocolo_3.6.10.10.proto:8774	0			
izi		refs/JondoEmu/datos/protocolo_3.6.10.10.proto:8777	3	fsef:lng;fseg:int32;fseh:int32		
izj		refs/JondoEmu/datos/protocolo_3.6.10.10.proto:8783	2	fsel:bool;fsem:bool		
izk		refs/JondoEmu/datos/protocolo_3.6.10.10.proto:8788	8	fseq:map<int32,int64>;fser:repeated int64;fses:map<bool,string>;fset:repeated int64;fseu:repeated string;fsev:repeated string;fsew:string;fsex:bool		
izm		refs/JondoEmu/datos/protocolo_3.6.10.10.proto:8799	5	fsfb:string;fsfc:int32;fsfd:int32;fsfe:izk;fsff:float		
izo		refs/JondoEmu/datos/protocolo_3.6.10.10.proto:8807	2	fsfj:bool;fsfk:repeated izm		
izq		refs/JondoEmu/datos/protocolo_3.6.10.10.proto:8812	1	fsfp:string		
izr		refs/JondoEmu/datos/protocolo_3.6.10.10.proto:8816	2	fsft:lnx;fsfu:lnx		
izs		refs/JondoEmu/datos/protocolo_3.6.10.10.proto:8821	3	fsfy:bool;fsfz:string;fsga:int32		
izu	izu	refs/JondoEmu/datos/protocolo_3.6.10.10.proto:8827	8	fsge:string;fsgf:string;fsgg:int32;fsgh:bool;fsgi:string;fsgj:int64;fsgk:izs;fsgl:int32		
izv		refs/JondoEmu/datos/protocolo_3.6.10.10.proto:8838	2	fsgp:int64;fsgq:int32		
izw		refs/JondoEmu/datos/protocolo_3.6.10.10.proto:8843	14	fsgu:string;fsgv:int32;fsgw:lfe;fsgx:bool;fsgy:int64;fsgz:int32;fsha:string;fshb:int32;fshc:bool;fshd:bool;fshe:int32;fshf:string;fshg:repeated int32;fshh:int32		
izy		refs/JondoEmu/datos/protocolo_3.6.10.10.proto:8860	3	fshl:repeated izw;fshm:int32;fshn:int32		
izz		refs/JondoEmu/datos/protocolo_3.6.10.10.proto:8866	3	fshr:lnx;fshs:int32;fsht:repeated int32		
jaa	jaa	refs/JondoEmu/datos/protocolo_3.6.10.10.proto:8872	1	fshx:repeated lpx		
jab		refs/JondoEmu/datos/protocolo_3.6.10.10.proto:8876	2	fsib:int32;fsic:int32		
jac		refs/JondoEmu/datos/protocolo_3.6.10.10.proto:8881	4	fsig:int32;fsih:int32;fsii:bool;fsij:string		
jad		refs/JondoEmu/datos/protocolo_3.6.10.10.proto:8888	1	fsin:int64		
jae		refs/JondoEmu/datos/protocolo_3.6.10.10.proto:8892	5	fsir:int64;fsis:int32;fsit:int32;fsiu:bool;fsiv:bool		
jag		refs/JondoEmu/datos/protocolo_3.6.10.10.proto:8900	5	fsiz:int32;fsja:int64;fsjb:int64;fsjc:int64;fsjd:bool		
jai		refs/JondoEmu/datos/protocolo_3.6.10.10.proto:8908	4	fsji:jag;fsjj:jaf;fsjk:int32;fsjl:int32		
jaj		refs/JondoEmu/datos/protocolo_3.6.10.10.proto:8915	6	fsjp:int64;fsjq:int32;fsjr:int32;fsjs:int32;fsjt:int32;fsju:lcb		
jak		refs/JondoEmu/datos/protocolo_3.6.10.10.proto:8924	7	fsjy:int32;fsjz:les;fska:int32;fskb:int32;fskc:bool;fskd:bool;fske:repeated string		
jal		refs/JondoEmu/datos/protocolo_3.6.10.10.proto:8934	1	fski:int64		
jam		refs/JondoEmu/datos/protocolo_3.6.10.10.proto:8938	1	fskm:int32		
jan		refs/JondoEmu/datos/protocolo_3.6.10.10.proto:8942	4	fskq:int64;fskr:int32;fsks:bool;fskt:bool		
jao		refs/JondoEmu/datos/protocolo_3.6.10.10.proto:8949	4	fskx:bool;fsky:int32;fskz:int32;fsla:int32		
jaq		refs/JondoEmu/datos/protocolo_3.6.10.10.proto:8956	0			
jar		refs/JondoEmu/datos/protocolo_3.6.10.10.proto:8959	3	fsli:int32;fslj:int32;fslk:int32		
jas		refs/JondoEmu/datos/protocolo_3.6.10.10.proto:8965	2	fslo:repeated string;fslp:bool		
jat		refs/JondoEmu/datos/protocolo_3.6.10.10.proto:8970	2	fslt:lpg;fslu:bool		
jau		refs/JondoEmu/datos/protocolo_3.6.10.10.proto:8975	2	fsly:int32;fslz:int32		
jav		refs/JondoEmu/datos/protocolo_3.6.10.10.proto:8980	1	fsmd:repeated int64		
jaw		refs/JondoEmu/datos/protocolo_3.6.10.10.proto:8984	0			
jax		refs/JondoEmu/datos/protocolo_3.6.10.10.proto:8987	2	fsmk:lpg;fsml:lpg		
jay		refs/JondoEmu/datos/protocolo_3.6.10.10.proto:8992	2	fsmp:int64;fsmq:int64		
jaz	jaz	refs/JondoEmu/datos/protocolo_3.6.10.10.proto:8997	1	fsmu:int32		
jba	jba	refs/JondoEmu/datos/protocolo_3.6.10.10.proto:9001	0		HavenBagEditionStoppedMessage	anclas_3.6.10.10.tsv
jbb		refs/JondoEmu/datos/protocolo_3.6.10.10.proto:9004	3	fsnb:int64;fsnc:int64;fsnd:int64		
jbd		refs/JondoEmu/datos/protocolo_3.6.10.10.proto:9010	2	fsnh:int32;fsni:int32		
jbf		refs/JondoEmu/datos/protocolo_3.6.10.10.proto:9015	2	fsnm:repeated jbd;fsnn:jbc		
jbg	jbg	refs/JondoEmu/datos/protocolo_3.6.10.10.proto:9020	3	fsnr:repeated bool;fsns:repeated jar;fsnt:repeated jar	HavenBagFurnituresUpdateRequestMessage	anclas_3.6.10.10.tsv
jbh		refs/JondoEmu/datos/protocolo_3.6.10.10.proto:9026	2	fsnx:lpg;fsny:int64		
jbk		refs/JondoEmu/datos/protocolo_3.6.10.10.proto:9031	2	fsoc:bool;fsod:bool		
jbl	jbl	refs/JondoEmu/datos/protocolo_3.6.10.10.proto:9036	2	fsoi:int32;fsoj:string	HavenBagThemeChangeRequestMessage	anclas_3.6.10.10.tsv
jbm	jbm	refs/JondoEmu/datos/protocolo_3.6.10.10.proto:9041	0		HavenBagEditionStartedMessage	anclas_3.6.10.10.tsv
jbn	jbn	refs/JondoEmu/datos/protocolo_3.6.10.10.proto:9044	2	fsoq:int64;fsor:int64	EnterHavenBagRequestMessage	anclas_3.6.10.10.tsv
jbo		refs/JondoEmu/datos/protocolo_3.6.10.10.proto:9049	1	fsov:repeated int32		
jbq		refs/JondoEmu/datos/protocolo_3.6.10.10.proto:9053	6	fsoz:int32;fspa:int32;fspb:string;fspc:int64;fspd:map<string,int32>;fspe:map<bool,string>		
jbs	jbs	refs/JondoEmu/datos/protocolo_3.6.10.10.proto:9062	3	fspi:jbq;fspj:int64;fspk:bool	LotteryResultMessage	anclas_3.6.10.10.tsv
jbt		refs/JondoEmu/datos/protocolo_3.6.10.10.proto:9068	1	fspp:int32		
jbu	jbu	refs/JondoEmu/datos/protocolo_3.6.10.10.proto:9072	1	fspt:repeated jar	HavenBagFurnituresMessage	anclas_3.6.10.10.tsv
jbv		refs/JondoEmu/datos/protocolo_3.6.10.10.proto:9076	0		HavenBagEditionStartRequestMessage	anclas_3.6.10.10.tsv
jbx		refs/JondoEmu/datos/protocolo_3.6.10.10.proto:9079	0			
jby		refs/JondoEmu/datos/protocolo_3.6.10.10.proto:9082	1	fsqe:string		
jbz		refs/JondoEmu/datos/protocolo_3.6.10.10.proto:9086	1	fsqi:int64		
jca		refs/JondoEmu/datos/protocolo_3.6.10.10.proto:9090	2	fsqm:string;fsqn:string		
jcc		refs/JondoEmu/datos/protocolo_3.6.10.10.proto:9095	2	fsqs:int64;fsqt:bool		
jcf		refs/JondoEmu/datos/protocolo_3.6.10.10.proto:9100	1	fsqy:jcd		
jci		refs/JondoEmu/datos/protocolo_3.6.10.10.proto:9104	3	fsrc:map<bool,bool>;fsrd:lfy;fsre:jcg		
jck		refs/JondoEmu/datos/protocolo_3.6.10.10.proto:9110	2	fsrj:repeated int32;fsrk:int32		
jcl		refs/JondoEmu/datos/protocolo_3.6.10.10.proto:9115	5	fsro:int64;fsrp:int32;fsrq:string;fsrr:bool;fsrs:bool		
jcn		refs/JondoEmu/datos/protocolo_3.6.10.10.proto:9123	3	fsry:int32;fsrz:int32;fssa:jcl		
jco		refs/JondoEmu/datos/protocolo_3.6.10.10.proto:9129	2	fsse:repeated int64;fssf:repeated ldt		
jcq		refs/JondoEmu/datos/protocolo_3.6.10.10.proto:9134	3	fssj:int64;fssk:repeated int32;fssl:int64		
jcs		refs/JondoEmu/datos/protocolo_3.6.10.10.proto:9140	2	fssp:jcq;fssq:jcp		
jct	jct	refs/JondoEmu/datos/protocolo_3.6.10.10.proto:9145	1	fssu:ldt		
jcu		refs/JondoEmu/datos/protocolo_3.6.10.10.proto:9149	1	fssy:repeated ldt		
jcv		refs/JondoEmu/datos/protocolo_3.6.10.10.proto:9153	5	fstc:int32;fstd:string;fste:int32;fstf:string;fstg:int32		
jcy		refs/JondoEmu/datos/protocolo_3.6.10.10.proto:9161	4	fstl:jgs;fstm:jfl;fstn:jdf;fsto:string		
jcz		refs/JondoEmu/datos/protocolo_3.6.10.10.proto:9168	0			
jdb		refs/JondoEmu/datos/protocolo_3.6.10.10.proto:9171	3	fstw:repeated int32;fstx:jcz;fsty:jcy		
jdc		refs/JondoEmu/datos/protocolo_3.6.10.10.proto:9177	1	fsud:jdx		
jdf		refs/JondoEmu/datos/protocolo_3.6.10.10.proto:9181	4	fsuh:jdd;fsui:repeated jdx;fsuj:int32;fsuk:repeated jdx		
jdh		refs/JondoEmu/datos/protocolo_3.6.10.10.proto:9188	2	fsuo:jdx;fsup:jdx		
jdi		refs/JondoEmu/datos/protocolo_3.6.10.10.proto:9193	0			
jdk		refs/JondoEmu/datos/protocolo_3.6.10.10.proto:9196	2	fsuw:jdi;fsux:jdh		
jdm		refs/JondoEmu/datos/protocolo_3.6.10.10.proto:9201	1	fsvc:int64		
jdp		refs/JondoEmu/datos/protocolo_3.6.10.10.proto:9205	2	fsvg:jdn;fsvh:string		
jds		refs/JondoEmu/datos/protocolo_3.6.10.10.proto:9210	1	fsvl:jdq		
jdu		refs/JondoEmu/datos/protocolo_3.6.10.10.proto:9214	4	fsvp:int32;fsvq:jds;fsvr:jdp;fsvs:jdm		
jdv		refs/JondoEmu/datos/protocolo_3.6.10.10.proto:9221	8	fsvx:bool;fsvy:string;fsvz:int32;fswa:string;fswb:int32;fswc:bool;fswd:lba;fswe:int64		
jdx		refs/JondoEmu/datos/protocolo_3.6.10.10.proto:9232	5	fswi:string;fswj:repeated jdv;fswk:int32;fswl:jdu;fswm:string		
jdz		refs/JondoEmu/datos/protocolo_3.6.10.10.proto:9240	9	fswq:repeated string;fswr:int64;fsws:map<bool,bool>;fswt:repeated int32;fswu:string;fswv:bool;fsww:repeated bool;fswx:bool;fswy:bool		
jea		refs/JondoEmu/datos/protocolo_3.6.10.10.proto:9252	3	fsxe:string;fsxf:bool;fsxg:jdx		
jeb		refs/JondoEmu/datos/protocolo_3.6.10.10.proto:9258	0			
jed		refs/JondoEmu/datos/protocolo_3.6.10.10.proto:9261	3	fsxn:jdz;fsxo:jea;fsxp:jeb		
jef		refs/JondoEmu/datos/protocolo_3.6.10.10.proto:9267	1	fsxu:jdf		
jeg		refs/JondoEmu/datos/protocolo_3.6.10.10.proto:9271	0			
jei		refs/JondoEmu/datos/protocolo_3.6.10.10.proto:9274	3	fsyb:repeated bool;fsyc:jef;fsyd:jeg		
jej		refs/JondoEmu/datos/protocolo_3.6.10.10.proto:9280	2	fsyi:bool;fsyj:string		
jek		refs/JondoEmu/datos/protocolo_3.6.10.10.proto:9285	8	fsyn:repeated int32;fsyo:map<bool,string>;fsyp:int32;fsyq:string;fsyr:string;fsys:int64;fsyt:bool;fsyu:int32		
jem		refs/JondoEmu/datos/protocolo_3.6.10.10.proto:9296	3	fsyz:repeated int64;fsza:jdf;fszb:jek		
jen		refs/JondoEmu/datos/protocolo_3.6.10.10.proto:9302	1	fszf:int32		
jeo		refs/JondoEmu/datos/protocolo_3.6.10.10.proto:9306	9	fszj:repeated string;fszk:map<bool,string>;fszl:bool;fszm:bool;fszn:int64;fszo:int32;fszp:repeated int32;fszq:int64;fszr:int32		
jeq		refs/JondoEmu/datos/protocolo_3.6.10.10.proto:9318	2	fszw:jeo;fszx:string		
jet		refs/JondoEmu/datos/protocolo_3.6.10.10.proto:9323	4	ftab:int32;ftac:jer;ftad:int32;ftae:jgs		
jeu		refs/JondoEmu/datos/protocolo_3.6.10.10.proto:9330	0			
jew		refs/JondoEmu/datos/protocolo_3.6.10.10.proto:9333	0			
jex		refs/JondoEmu/datos/protocolo_3.6.10.10.proto:9336	2	ftap:jfl;ftaq:jfl		
jey		refs/JondoEmu/datos/protocolo_3.6.10.10.proto:9341	1	ftau:int32		
jez		refs/JondoEmu/datos/protocolo_3.6.10.10.proto:9345	1	ftay:string		
jfb		refs/JondoEmu/datos/protocolo_3.6.10.10.proto:9349	1	ftbc:jfl		
jfc	jfc	refs/JondoEmu/datos/protocolo_3.6.10.10.proto:9353	0			
jfd		refs/JondoEmu/datos/protocolo_3.6.10.10.proto:9356	0			
jff		refs/JondoEmu/datos/protocolo_3.6.10.10.proto:9359	3	ftbm:jfd;ftbn:jfb;ftbo:jfc		
jfh		refs/JondoEmu/datos/protocolo_3.6.10.10.proto:9365	1	ftbt:jfl		
jfi		refs/JondoEmu/datos/protocolo_3.6.10.10.proto:9369	0			
jfk		refs/JondoEmu/datos/protocolo_3.6.10.10.proto:9372	2	ftca:jfh;ftcb:jfi		
jfl		refs/JondoEmu/datos/protocolo_3.6.10.10.proto:9377	5	ftcg:int32;ftch:int32;ftci:int32;ftcj:int32;ftck:int32		
jfm		refs/JondoEmu/datos/protocolo_3.6.10.10.proto:9385	8	ftcp:repeated int64;ftcq:int64;ftcr:bool;ftcs:repeated int64;ftct:int64;ftcu:bool;ftcv:bool;ftcw:bool		
jfo		refs/JondoEmu/datos/protocolo_3.6.10.10.proto:9396	1	ftdd:jfm		
jfp		refs/JondoEmu/datos/protocolo_3.6.10.10.proto:9400	0			
jfr		refs/JondoEmu/datos/protocolo_3.6.10.10.proto:9403	1	ftdl:repeated bool		
jfs		refs/JondoEmu/datos/protocolo_3.6.10.10.proto:9407	0			
jft		refs/JondoEmu/datos/protocolo_3.6.10.10.proto:9410	4	ftds:int32;ftdt:int64;ftdu:repeated int64;ftdv:bool		
jfv		refs/JondoEmu/datos/protocolo_3.6.10.10.proto:9417	1	ftdz:jft		
jfw		refs/JondoEmu/datos/protocolo_3.6.10.10.proto:9421	1	fted:bool		
jfy		refs/JondoEmu/datos/protocolo_3.6.10.10.proto:9425	0			
jfz		refs/JondoEmu/datos/protocolo_3.6.10.10.proto:9428	1	ftel:jgb		
jga		refs/JondoEmu/datos/protocolo_3.6.10.10.proto:9432	0			
jgb		refs/JondoEmu/datos/protocolo_3.6.10.10.proto:9435	2	ftes:int32;ftet:repeated lfo		
jgc		refs/JondoEmu/datos/protocolo_3.6.10.10.proto:9440	2	ftex:repeated int64;ftey:jgb		
jgg		refs/JondoEmu/datos/protocolo_3.6.10.10.proto:9445	2	ftfd:jgs;ftfe:jge		
jgi		refs/JondoEmu/datos/protocolo_3.6.10.10.proto:9450	1	ftfi:jgs		
jgj		refs/JondoEmu/datos/protocolo_3.6.10.10.proto:9454	0			
jgl		refs/JondoEmu/datos/protocolo_3.6.10.10.proto:9457	2	ftfp:jgj;ftfq:jgi		
jgn		refs/JondoEmu/datos/protocolo_3.6.10.10.proto:9462	1	ftfv:jgs		
jgo		refs/JondoEmu/datos/protocolo_3.6.10.10.proto:9466	0			
jgq		refs/JondoEmu/datos/protocolo_3.6.10.10.proto:9469	3	ftgc:jgo;ftgd:jgo;ftge:jgn		
jgr		refs/JondoEmu/datos/protocolo_3.6.10.10.proto:9475	0			
jgs		refs/JondoEmu/datos/protocolo_3.6.10.10.proto:9478	2	ftgm:repeated int32;ftgn:repeated int32		
jgu	jgu	refs/JondoEmu/datos/protocolo_3.6.10.10.proto:9483	1	ftgs:repeated lpg	SpouseInformationsMessage	anclas_3.6.10.10.tsv
jgv	jgv	refs/JondoEmu/datos/protocolo_3.6.10.10.proto:9487	3	ftgw:int64;ftgx:int32;ftgy:int32		
jgw		refs/JondoEmu/datos/protocolo_3.6.10.10.proto:9493	3	fthc:les;fthd:int32;fthe:les		
jgx		refs/JondoEmu/datos/protocolo_3.6.10.10.proto:9499	1	fthi:repeated bool		
jgz		refs/JondoEmu/datos/protocolo_3.6.10.10.proto:9503	3	fthm:jgx;fthn:lpg;ftho:lpg		
jha		refs/JondoEmu/datos/protocolo_3.6.10.10.proto:9509	1	fths:bool		
jhb		refs/JondoEmu/datos/protocolo_3.6.10.10.proto:9513	3	fthw:int64;fthx:bool;fthy:repeated int32		
jhc		refs/JondoEmu/datos/protocolo_3.6.10.10.proto:9519	0			
jhd		refs/JondoEmu/datos/protocolo_3.6.10.10.proto:9522	2	ftif:int64;ftig:bool		
jhe	jhe	refs/JondoEmu/datos/protocolo_3.6.10.10.proto:9527	4	ftik:les;ftil:int32;ftim:int32;ftin:int32		
jhf		refs/JondoEmu/datos/protocolo_3.6.10.10.proto:9534	1	ftir:bool		
jhh	jhh	refs/JondoEmu/datos/protocolo_3.6.10.10.proto:9538	10	ftix:string;ftiy:int32;ftiz:bool;ftja:int32;ftjb:int32;ftjc:int64;ftjd:int64;ftje:int64;ftjf:int32;ftjg:bool	GuildInformationsGeneralMessage	anclas_3.6.10.10.tsv
jhk	jhk	refs/JondoEmu/datos/protocolo_3.6.10.10.proto:9551	2	ftjm:jhi;ftjn:leg		
jhn		refs/JondoEmu/datos/protocolo_3.6.10.10.proto:9556	4	ftjr:jhl;ftjs:int32;ftjt:repeated int32;ftju:int32		
jho		refs/JondoEmu/datos/protocolo_3.6.10.10.proto:9563	2	ftjy:int64;ftjz:int64		
jhp		refs/JondoEmu/datos/protocolo_3.6.10.10.proto:9568	1	ftkd:int32		
jhq		refs/JondoEmu/datos/protocolo_3.6.10.10.proto:9572	1	ftkh:lbv		
jhr		refs/JondoEmu/datos/protocolo_3.6.10.10.proto:9576	2	ftkl:lbw;ftkm:lbw		
jhu		refs/JondoEmu/datos/protocolo_3.6.10.10.proto:9581	3	ftkq:int64;ftkr:jhs;ftks:int32		
jhv		refs/JondoEmu/datos/protocolo_3.6.10.10.proto:9587	1	ftkw:string		
jhw		refs/JondoEmu/datos/protocolo_3.6.10.10.proto:9591	7	ftla:string;ftlb:repeated bool;ftlc:int64;ftld:int32;ftle:bool;ftlf:string;ftlg:string		
jhy		refs/JondoEmu/datos/protocolo_3.6.10.10.proto:9601	2	ftll:jhw;ftlm:lbv		
jhz		refs/JondoEmu/datos/protocolo_3.6.10.10.proto:9606	1	ftlq:lld		
jia		refs/JondoEmu/datos/protocolo_3.6.10.10.proto:9610	1	ftlu:int64		
jib		refs/JondoEmu/datos/protocolo_3.6.10.10.proto:9614	4	ftly:repeated bool;ftlz:int32;ftma:bool;ftmb:repeated bool		
jid		refs/JondoEmu/datos/protocolo_3.6.10.10.proto:9621	4	ftmg:jib;ftmh:repeated string;ftmi:lld;ftmj:string		
jie		refs/JondoEmu/datos/protocolo_3.6.10.10.proto:9628	3	ftmn:repeated lpg;ftmo:int32;ftmp:les		
jii		refs/JondoEmu/datos/protocolo_3.6.10.10.proto:9634	3	ftmt:bool;ftmu:jig;ftmv:jif		
jij		refs/JondoEmu/datos/protocolo_3.6.10.10.proto:9640	1	ftmz:lbx		
jik		refs/JondoEmu/datos/protocolo_3.6.10.10.proto:9644	2	ftnd:string;ftne:map<bool,int64>		
jil		refs/JondoEmu/datos/protocolo_3.6.10.10.proto:9649	5	ftni:repeated llc;ftnj:repeated llc;ftnk:repeated llc;ftnl:map<int32,int64>;ftnm:repeated llc		
jim		refs/JondoEmu/datos/protocolo_3.6.10.10.proto:9657	0			
jin		refs/JondoEmu/datos/protocolo_3.6.10.10.proto:9660	3	ftnt:string;ftnu:int32;ftnv:lbx		
jio		refs/JondoEmu/datos/protocolo_3.6.10.10.proto:9666	2	ftnz:repeated bool;ftoa:repeated int32		
jiq		refs/JondoEmu/datos/protocolo_3.6.10.10.proto:9671	3	ftoe:les;ftof:string;ftog:jio		
jir		refs/JondoEmu/datos/protocolo_3.6.10.10.proto:9677	1	ftok:lbw		
jit		refs/JondoEmu/datos/protocolo_3.6.10.10.proto:9681	0			
jiv		refs/JondoEmu/datos/protocolo_3.6.10.10.proto:9684	6	ftor:repeated les;ftos:jit;ftot:int64;ftou:jis;ftov:int64;ftow:int64		
jiy		refs/JondoEmu/datos/protocolo_3.6.10.10.proto:9693	2	ftpa:int64;ftpb:jiw		
jiz		refs/JondoEmu/datos/protocolo_3.6.10.10.proto:9698	1	ftpf:bool		
jja		refs/JondoEmu/datos/protocolo_3.6.10.10.proto:9702	7	ftpj:int32;ftpk:map<string,bool>;ftpl:repeated int32;ftpm:bool;ftpn:string;ftpo:bool;ftpp:int32		
jjc		refs/JondoEmu/datos/protocolo_3.6.10.10.proto:9712	1	ftpv:jja		
jjd		refs/JondoEmu/datos/protocolo_3.6.10.10.proto:9716	1	ftpz:string		
jje		refs/JondoEmu/datos/protocolo_3.6.10.10.proto:9720	3	ftqd:bool;ftqe:bool;ftqf:bool		
jjf		refs/JondoEmu/datos/protocolo_3.6.10.10.proto:9726	2	ftqj:leg;ftqk:leg		
jjg		refs/JondoEmu/datos/protocolo_3.6.10.10.proto:9731	2	ftqo:lld;ftqp:string		
jjj		refs/JondoEmu/datos/protocolo_3.6.10.10.proto:9736	3	ftqt:string;ftqu:jjh;ftqv:int64		
jjm		refs/JondoEmu/datos/protocolo_3.6.10.10.proto:9742	17	ftqz:repeated int32;ftra:jjk;ftrb:int32;ftrc:repeated lbs;ftrd:int64;ftre:bool;ftrf:int32;ftrg:int64;ftrh:int32;ftri:string;ftrj:int32;ftrk:int32;ftrl:repeated int32;ftrm:int32;ftrn:bool;ftro:bool;ftrp:int32		
jjn		refs/JondoEmu/datos/protocolo_3.6.10.10.proto:9762	2	ftrt:int64;ftru:int64		
jjp		refs/JondoEmu/datos/protocolo_3.6.10.10.proto:9767	1	ftrz:lpx		
jjs	jjs	refs/JondoEmu/datos/protocolo_3.6.10.10.proto:9771	2	ftsd:jjq;ftse:repeated lpx		
jjt		refs/JondoEmu/datos/protocolo_3.6.10.10.proto:9776	4	ftsi:bool;ftsj:map<bool,string>;ftsk:int32;ftsl:int32		
jjv		refs/JondoEmu/datos/protocolo_3.6.10.10.proto:9783	2	ftsq:int32;ftsr:int32		
jjw		refs/JondoEmu/datos/protocolo_3.6.10.10.proto:9788	1	ftsv:int32		
jjx		refs/JondoEmu/datos/protocolo_3.6.10.10.proto:9792	1	ftsz:bool		
jjy		refs/JondoEmu/datos/protocolo_3.6.10.10.proto:9796	1	fttd:bool		
jjz		refs/JondoEmu/datos/protocolo_3.6.10.10.proto:9800	0			
jke		refs/JondoEmu/datos/protocolo_3.6.10.10.proto:9803	1	fttl:jkc		
jkf		refs/JondoEmu/datos/protocolo_3.6.10.10.proto:9807	2	fttp:int32;fttq:map<int32,jkt>		
jkh		refs/JondoEmu/datos/protocolo_3.6.10.10.proto:9812	2	fttu:jke;fttv:jkf		
jki		refs/JondoEmu/datos/protocolo_3.6.10.10.proto:9817	0			
jkj		refs/JondoEmu/datos/protocolo_3.6.10.10.proto:9820	1	ftud:bool		
jkl		refs/JondoEmu/datos/protocolo_3.6.10.10.proto:9824	0			
jko		refs/JondoEmu/datos/protocolo_3.6.10.10.proto:9827	2	ftuk:jkm;ftul:string		
jkq		refs/JondoEmu/datos/protocolo_3.6.10.10.proto:9832	3	ftup:jkl;ftuq:jko;ftur:jkl		
jkr		refs/JondoEmu/datos/protocolo_3.6.10.10.proto:9838	5	ftuw:repeated string;ftux:int32;ftuy:map<string,string>;ftuz:string;ftva:repeated bool		
jkt		refs/JondoEmu/datos/protocolo_3.6.10.10.proto:9846	3	ftve:int32;ftvf:jkq;ftvg:jkr		
jku		refs/JondoEmu/datos/protocolo_3.6.10.10.proto:9852	2	ftvk:map<int32,int32>;ftvl:int32		
jkv		refs/JondoEmu/datos/protocolo_3.6.10.10.proto:9857	2	ftvp:jkq;ftvq:int32		
jkw		refs/JondoEmu/datos/protocolo_3.6.10.10.proto:9862	1	ftvu:int32		
jkx		refs/JondoEmu/datos/protocolo_3.6.10.10.proto:9866	1	ftvy:bool		
jky		refs/JondoEmu/datos/protocolo_3.6.10.10.proto:9870	1	ftwc:int32		
jla		refs/JondoEmu/datos/protocolo_3.6.10.10.proto:9874	2	ftwh:int32;ftwi:int32		
jlb		refs/JondoEmu/datos/protocolo_3.6.10.10.proto:9879	2	ftwm:int32;ftwn:string		
jle		refs/JondoEmu/datos/protocolo_3.6.10.10.proto:9884	3	ftwr:int64;ftws:int32;ftwt:jlc		
jlg		refs/JondoEmu/datos/protocolo_3.6.10.10.proto:9890	1	ftwy:string		
jlh		refs/JondoEmu/datos/protocolo_3.6.10.10.proto:9894	0			
jlk		refs/JondoEmu/datos/protocolo_3.6.10.10.proto:9897	2	ftxf:bool;ftxg:jli		
jll		refs/JondoEmu/datos/protocolo_3.6.10.10.proto:9902	2	ftxk:int32;ftxl:int32		
jlm		refs/JondoEmu/datos/protocolo_3.6.10.10.proto:9907	8	ftxp:int32;ftxq:repeated int32;ftxr:repeated int32;ftxs:string;ftxt:bool;ftxu:int64;ftxv:string;ftxw:bool		
jlo		refs/JondoEmu/datos/protocolo_3.6.10.10.proto:9918	2	ftyc:repeated string;ftyd:jlm		
jlp		refs/JondoEmu/datos/protocolo_3.6.10.10.proto:9923	4	ftyh:string;ftyi:int32;ftyj:repeated int32;ftyk:int32		
jlq		refs/JondoEmu/datos/protocolo_3.6.10.10.proto:9930	1	ftyo:string		
jls		refs/JondoEmu/datos/protocolo_3.6.10.10.proto:9934	2	ftyt:bool;ftyu:int32		
jlt		refs/JondoEmu/datos/protocolo_3.6.10.10.proto:9939	2	ftyy:bool;ftyz:int64		
jlu		refs/JondoEmu/datos/protocolo_3.6.10.10.proto:9944	0			
jlv		refs/JondoEmu/datos/protocolo_3.6.10.10.proto:9947	1	ftzg:int32		
jlw		refs/JondoEmu/datos/protocolo_3.6.10.10.proto:9951	15	ftzk:string;ftzl:string;ftzm:string;ftzn:string;ftzo:string;ftzp:string;ftzq:string;ftzr:string;ftzs:string;ftzt:string;ftzu:string;ftzv:string;ftzw:int32;ftzx:int32;ftzy:repeated int64		
jlx		refs/JondoEmu/datos/protocolo_3.6.10.10.proto:9969	2	fuac:int32;fuad:int64		
jly		refs/JondoEmu/datos/protocolo_3.6.10.10.proto:9974	3	fuah:lbt;fuai:lpo;fuaj:int64		
jlz		refs/JondoEmu/datos/protocolo_3.6.10.10.proto:9980	0			
jma		refs/JondoEmu/datos/protocolo_3.6.10.10.proto:9983	2	fuaq:int64;fuar:string		
jmc		refs/JondoEmu/datos/protocolo_3.6.10.10.proto:9988	2	fuav:les;fuaw:lpo		
jme		refs/JondoEmu/datos/protocolo_3.6.10.10.proto:9993	3	fuba:jmc;fubb:jmb;fubc:int32		
jmf		refs/JondoEmu/datos/protocolo_3.6.10.10.proto:9999	4	fubg:int64;fubh:int64;fubi:repeated lpo;fubj:int64		
jmi		refs/JondoEmu/datos/protocolo_3.6.10.10.proto:10006	2	fubn:jmg;fubo:bool		
jml		refs/JondoEmu/datos/protocolo_3.6.10.10.proto:10011	3	fubs:bool;fubt:jmj;fubu:bool		
jmo		refs/JondoEmu/datos/protocolo_3.6.10.10.proto:10017	3	fuby:jmm;fubz:int32;fuca:string		
jmp		refs/JondoEmu/datos/protocolo_3.6.10.10.proto:10023	3	fuce:les;fucf:bool;fucg:bool		
jms		refs/JondoEmu/datos/protocolo_3.6.10.10.proto:10029	4	fucl:repeated bool;fucm:int32;fucn:bool;fuco:bool		
jmu		refs/JondoEmu/datos/protocolo_3.6.10.10.proto:10036	1	fucu:jms		
jmv		refs/JondoEmu/datos/protocolo_3.6.10.10.proto:10040	2	fucy:string;fucz:bool		
jmx		refs/JondoEmu/datos/protocolo_3.6.10.10.proto:10045	8	fudd:repeated int64;fude:int32;fudf:map<int64,bool>;fudg:int32;fudh:int64;fudi:int32;fudj:map<string,int64>;fudk:int32		
jmz		refs/JondoEmu/datos/protocolo_3.6.10.10.proto:10056	2	fudo:repeated string;fudp:jmx		
jna		refs/JondoEmu/datos/protocolo_3.6.10.10.proto:10061	0			
jnc		refs/JondoEmu/datos/protocolo_3.6.10.10.proto:10064	3	fudw:repeated int64;fudx:jmz;fudy:jna		
jnf		refs/JondoEmu/datos/protocolo_3.6.10.10.proto:10070	3	fued:string;fuee:jnd;fuef:string		
jng		refs/JondoEmu/datos/protocolo_3.6.10.10.proto:10076	2	fuej:jpn;fuek:jpn		
jnh		refs/JondoEmu/datos/protocolo_3.6.10.10.proto:10081	1	fueo:string		
jnk		refs/JondoEmu/datos/protocolo_3.6.10.10.proto:10085	1	fues:jni		
jnn		refs/JondoEmu/datos/protocolo_3.6.10.10.proto:10089	1	fuew:jnl		
jnp		refs/JondoEmu/datos/protocolo_3.6.10.10.proto:10093	4	fufa:bool;fufb:repeated int64;fufc:int32;fufd:repeated int32		
jnr		refs/JondoEmu/datos/protocolo_3.6.10.10.proto:10100	3	fufh:jno;fufi:string;fufj:jnp		
jns		refs/JondoEmu/datos/protocolo_3.6.10.10.proto:10106	0			
jnt		refs/JondoEmu/datos/protocolo_3.6.10.10.proto:10109	3	fufq:string;fufr:string;fufs:repeated int32		
jnu		refs/JondoEmu/datos/protocolo_3.6.10.10.proto:10115	0			
jnv		refs/JondoEmu/datos/protocolo_3.6.10.10.proto:10118	9	fufz:repeated int32;fuga:bool;fugb:int32;fugc:string;fugd:int32;fuge:repeated int32;fugf:int32;fugg:bool;fugh:int32		
jnw		refs/JondoEmu/datos/protocolo_3.6.10.10.proto:10130	8	fugl:bool;fugm:repeated int32;fugn:bool;fugo:repeated string;fugp:map<int32,int32>;fugq:repeated int32;fugr:repeated bool;fugs:repeated bool		
jny		refs/JondoEmu/datos/protocolo_3.6.10.10.proto:10141	2	fugw:string;fugx:jnw		
jnz		refs/JondoEmu/datos/protocolo_3.6.10.10.proto:10146	1	fuhb:string		
joa	joa	refs/JondoEmu/datos/protocolo_3.6.10.10.proto:10150	7	fuhf:int64;fuhg:string;fuhh:bool;fuhi:int32;fuhj:int32;fuhk:string;fuhl:lba		
joc		refs/JondoEmu/datos/protocolo_3.6.10.10.proto:10160	1	fuhq:string		
jod		refs/JondoEmu/datos/protocolo_3.6.10.10.proto:10164	1	fuhu:bool		
jof		refs/JondoEmu/datos/protocolo_3.6.10.10.proto:10168	2	fuhy:jod;fuhz:string		
jog	jog	refs/JondoEmu/datos/protocolo_3.6.10.10.proto:10173	2	fuid:string;fuie:string		
joh	joh	refs/JondoEmu/datos/protocolo_3.6.10.10.proto:10178	1	fuii:repeated string		
joj		refs/JondoEmu/datos/protocolo_3.6.10.10.proto:10182	1	fuim:repeated int32		
jol	jol	refs/JondoEmu/datos/protocolo_3.6.10.10.proto:10186	3	fuiq:int32;fuir:joj;fuis:joi		
jom		refs/JondoEmu/datos/protocolo_3.6.10.10.proto:10192	2	fuiw:string;fuix:bool		
jon		refs/JondoEmu/datos/protocolo_3.6.10.10.proto:10197	2	fujb:repeated int32;fujc:bool		
jop		refs/JondoEmu/datos/protocolo_3.6.10.10.proto:10202	2	fujg:jon;fujh:int32		
joq		refs/JondoEmu/datos/protocolo_3.6.10.10.proto:10207	2	fujm:jmr;fujn:string		
jor		refs/JondoEmu/datos/protocolo_3.6.10.10.proto:10212	4	fujs:string;fujt:repeated int64;fuju:string;fujv:string		
jos	jos	refs/JondoEmu/datos/protocolo_3.6.10.10.proto:10219	13	fujz:int32;fuka:int32;fukb:bool;fukc:int32;fukd:bool;fuke:string;fukf:repeated int32;fukg:repeated int32;fukh:string;fuki:int32;fukj:joa;fukk:repeated joa;fukl:string		
jot		refs/JondoEmu/datos/protocolo_3.6.10.10.proto:10235	0			
jov		refs/JondoEmu/datos/protocolo_3.6.10.10.proto:10238	4	fuks:repeated int32;fukt:string;fuku:map<string,string>;fukv:jot		
joy		refs/JondoEmu/datos/protocolo_3.6.10.10.proto:10245	1	fukz:repeated joz		
joz		refs/JondoEmu/datos/protocolo_3.6.10.10.proto:10249	3	fuld:int64;fule:bool;fulf:bool		
jpb	jpb	refs/JondoEmu/datos/protocolo_3.6.10.10.proto:10255	2	fulk:jox;full:bool		
jpe		refs/JondoEmu/datos/protocolo_3.6.10.10.proto:10260	2	fulr:jpc;fuls:string		
jpg	jpg	refs/JondoEmu/datos/protocolo_3.6.10.10.proto:10265	0			
jpi		refs/JondoEmu/datos/protocolo_3.6.10.10.proto:10268	2	fulz:jpg;fuma:jpf		
jpj	jpj	refs/JondoEmu/datos/protocolo_3.6.10.10.proto:10273	1	fume:joa		
jpk		refs/JondoEmu/datos/protocolo_3.6.10.10.proto:10277	2	fumi:joa;fumj:string		
jpn		refs/JondoEmu/datos/protocolo_3.6.10.10.proto:10282	5	fumn:repeated joa;fumo:bool;fump:bool;fumq:jpl;fumr:jos		
jpq		refs/JondoEmu/datos/protocolo_3.6.10.10.proto:10290	3	fumw:joa;fumx:string;fumy:jpo		
jpr		refs/JondoEmu/datos/protocolo_3.6.10.10.proto:10296	0			
jps	jps	refs/JondoEmu/datos/protocolo_3.6.10.10.proto:10299	1	fung:jmr		
jpv	jpv	refs/JondoEmu/datos/protocolo_3.6.10.10.proto:10303	2	funk:repeated jos;funl:repeated jnf		
jpx		refs/JondoEmu/datos/protocolo_3.6.10.10.proto:10308	2	funp:jpv;funq:jpu		
jpy		refs/JondoEmu/datos/protocolo_3.6.10.10.proto:10313	2	funw:string;funx:bool		
jpz		refs/JondoEmu/datos/protocolo_3.6.10.10.proto:10318	1	fuob:string		
jqb	jqb	refs/JondoEmu/datos/protocolo_3.6.10.10.proto:10322	1	fuog:repeated int32		
jqd		refs/JondoEmu/datos/protocolo_3.6.10.10.proto:10326	5	fuok:int32;fuol:int32;fuom:int32;fuon:jqb;fuoo:lpg		
jqe		refs/JondoEmu/datos/protocolo_3.6.10.10.proto:10334	1	fuos:int32		
jqf	jqf	refs/JondoEmu/datos/protocolo_3.6.10.10.proto:10338	2	fuow:int32;fuox:int32		
jqi		refs/JondoEmu/datos/protocolo_3.6.10.10.proto:10343	1	fupb:jqg	MapMovementConfirmRequest	anclas_3.6.10.10.tsv
jqj		refs/JondoEmu/datos/protocolo_3.6.10.10.proto:10347	1	fupf:bool		
jqk	jqk	refs/JondoEmu/datos/protocolo_3.6.10.10.proto:10351	3	fupj:int32;fupk:int32;fupl:bool	ChangeMapMessage	anclas_3.6.10.10.tsv
jql		refs/JondoEmu/datos/protocolo_3.6.10.10.proto:10357	5	fupp:uint32;fupq:uint32;fupr:uint32;fups:uint32;fupt:uint32		
jqn		refs/JondoEmu/datos/protocolo_3.6.10.10.proto:10365	2	fupx:jql;fupy:uint32		
jqp		refs/JondoEmu/datos/protocolo_3.6.10.10.proto:10370	2	fuqc:int32;fuqd:repeated int32		
jqr		refs/JondoEmu/datos/protocolo_3.6.10.10.proto:10375	2	fuqh:jqp;fuqi:jqo		
jqs		refs/JondoEmu/datos/protocolo_3.6.10.10.proto:10380	2	fuqm:lbo;fuqn:int32		
jqt		refs/JondoEmu/datos/protocolo_3.6.10.10.proto:10385	2	fuqr:int32;fuqs:int32		
jqw	jqw	refs/JondoEmu/datos/protocolo_3.6.10.10.proto:10390	3	fuqw:int64;fuqx:jqu;fuqy:int64		
jqx		refs/JondoEmu/datos/protocolo_3.6.10.10.proto:10396	1	furc:repeated jrg		
jqy		refs/JondoEmu/datos/protocolo_3.6.10.10.proto:10400	3	furg:int32;furh:repeated lgr;furi:repeated lgr		
jqz		refs/JondoEmu/datos/protocolo_3.6.10.10.proto:10406	2	furm:int32;furn:int32		
jra		refs/JondoEmu/datos/protocolo_3.6.10.10.proto:10411	1	furr:lpx		
jrd		refs/JondoEmu/datos/protocolo_3.6.10.10.proto:10415	3	furv:int32;furw:int32;furx:jrb		
jrg		refs/JondoEmu/datos/protocolo_3.6.10.10.proto:10421	2	fusb:jre;fusc:int32		
jrh		refs/JondoEmu/datos/protocolo_3.6.10.10.proto:10426	1	fusg:int32	WorldEntryRequests	anclas_3.6.10.10.tsv
jri		refs/JondoEmu/datos/protocolo_3.6.10.10.proto:10430	5	fusk:int32;fusl:repeated lgr;fusm:repeated lpl;fusn:int32;fuso:repeated lgr		
jrk	jrk	refs/JondoEmu/datos/protocolo_3.6.10.10.proto:10438	5	fuss:int32;fust:int64;fusu:jsk;fusv:jsk;fusw:lfe		
jrl		refs/JondoEmu/datos/protocolo_3.6.10.10.proto:10446	2	futb:map<string,bool>;futc:map<string,string>		
jrn		refs/JondoEmu/datos/protocolo_3.6.10.10.proto:10451	5	futg:jrl;futh:int32;futi:int32;futj:int32;futk:int32		
jro		refs/JondoEmu/datos/protocolo_3.6.10.10.proto:10459	2	futo:string;futp:int64		
jrq		refs/JondoEmu/datos/protocolo_3.6.10.10.proto:10464	1	futu:jro		
jrr		refs/JondoEmu/datos/protocolo_3.6.10.10.proto:10468	1	futy:lfe		
jru	jru	refs/JondoEmu/datos/protocolo_3.6.10.10.proto:10472	2	fuuc:jrs;fuud:int64	CurrentMapMessage	anclas_3.6.10.10.tsv
jrv		refs/JondoEmu/datos/protocolo_3.6.10.10.proto:10477	0			
jrw	jrw	refs/JondoEmu/datos/protocolo_3.6.10.10.proto:10480	3	fuuk:int64;fuul:repeated int32;fuum:bool	GameMapMovementRequestMessage	anclas_3.6.10.10.tsv
jry		refs/JondoEmu/datos/protocolo_3.6.10.10.proto:10486	3	fuuq:jqr;fuur:jrn;fuus:jqj		
jrz		refs/JondoEmu/datos/protocolo_3.6.10.10.proto:10492	2	fuux:int32;fuuy:repeated string		
jsa		refs/JondoEmu/datos/protocolo_3.6.10.10.proto:10497	5	fuvc:map<int32,string>;fuvd:repeated string;fuve:bool;fuvf:bool;fuvg:repeated int32		
jsc		refs/JondoEmu/datos/protocolo_3.6.10.10.proto:10505	4	fuvl:repeated int32;fuvm:jsa;fuvn:repeated int32;fuvo:repeated int64		
jsd	jsd	refs/JondoEmu/datos/protocolo_3.6.10.10.proto:10512	3	fuvs:lbo;fuvt:int64;fuvu:lbo	GameContextRemoveElementMessage	anclas_3.6.10.10.tsv
jse		refs/JondoEmu/datos/protocolo_3.6.10.10.proto:10518	2	fuvy:int64;fuvz:int32		
jsg		refs/JondoEmu/datos/protocolo_3.6.10.10.proto:10523	3	fuwd:jqr;fuwe:jqj;fuwf:jqr		
jsh		refs/JondoEmu/datos/protocolo_3.6.10.10.proto:10529	9	fuwk:string;fuwl:bool;fuwm:string;fuwn:int32;fuwo:string;fuwp:int32;fuwq:bool;fuwr:int64;fuws:int64		
jsj	jsj	refs/JondoEmu/datos/protocolo_3.6.10.10.proto:10541	6	fuwy:repeated int32;fuwz:int32;fuxa:bool;fuxb:int32;fuxc:jsh;fuxd:int64	GameMapMovementMessage	anclas_3.6.10.10.tsv
jsk		refs/JondoEmu/datos/protocolo_3.6.10.10.proto:10550	2	fuxi:int32;fuxj:int64		
jsl		refs/JondoEmu/datos/protocolo_3.6.10.10.proto:10555	8	fuxn:int64;fuxo:repeated int64;fuxp:bool;fuxq:bool;fuxr:int32;fuxs:int64;fuxt:int64;fuxu:int64		
jsn	jsn	refs/JondoEmu/datos/protocolo_3.6.10.10.proto:10566	2	fuxz:repeated ljx;fuya:jsl	GameContextRefreshEntityLookMessage	anclas_3.6.10.10.tsv
jsq	jsq	refs/JondoEmu/datos/protocolo_3.6.10.10.proto:10571	1	fuye:jso	MapMovementConfirmResponse	anclas_3.6.10.10.tsv
jss	jss	refs/JondoEmu/datos/protocolo_3.6.10.10.proto:10575	15	fuyi:int64;fuyj:repeated jrg;fuyk:repeated ljx;fuyl:int32;fuym:repeated lpx;fuyn:repeated jqn;fuyo:repeated lev;fuyp:repeated lny;fuyq:bool;fuyr:repeated ldf;fuys:jsk;fuyt:jry;fuyu:jra;fuyv:jqd;fuyw:lfe	MapComplementaryInformationsDataMessage	anclas_3.6.10.10.tsv
jsy		refs/JondoEmu/datos/protocolo_3.6.10.10.proto:10593	3	fuzc:int32;fuzd:int32;fuze:bool		
jsz		refs/JondoEmu/datos/protocolo_3.6.10.10.proto:10599	2	fuzl:string;fuzm:int32		
jta		refs/JondoEmu/datos/protocolo_3.6.10.10.proto:10604	4	fuzq:int32;fuzr:int64;fuzs:int32;fuzt:int64		
jtc		refs/JondoEmu/datos/protocolo_3.6.10.10.proto:10611	3	fuzx:jta;fuzy:jsz;fuzz:jsy		
jtd		refs/JondoEmu/datos/protocolo_3.6.10.10.proto:10617	2	fvae:jte;fvaf:repeated int64		
jte		refs/JondoEmu/datos/protocolo_3.6.10.10.proto:10622	6	fvaj:string;fvak:string;fval:repeated lgy;fvam:int64;fvan:string;fvao:string		
jtg	jtg	refs/JondoEmu/datos/protocolo_3.6.10.10.proto:10631	3	fvas:int64;fvat:repeated jtd;fvau:repeated jtd	GiftsListMessage	anclas_3.6.10.10.tsv
jth		refs/JondoEmu/datos/protocolo_3.6.10.10.proto:10637	2	fvay:int64;fvaz:int64		
jti	jti	refs/JondoEmu/datos/protocolo_3.6.10.10.proto:10642	2	fvbd:bool;fvbe:int32		
jtj		refs/JondoEmu/datos/protocolo_3.6.10.10.proto:10647	4	fvbi:map<int64,bool>;fvbj:repeated string;fvbk:bool;fvbl:bool		
jtl		refs/JondoEmu/datos/protocolo_3.6.10.10.proto:10654	4	fvbr:int64;fvbs:int32;fvbt:int32;fvbu:jtj		
jtn		refs/JondoEmu/datos/protocolo_3.6.10.10.proto:10661	1	fvby:repeated jtl		
jto	jto	refs/JondoEmu/datos/protocolo_3.6.10.10.proto:10665	2	fvcc:int64;fvcd:jsv		
jtq		refs/JondoEmu/datos/protocolo_3.6.10.10.proto:10670	3	fvch:int32;fvci:bool;fvcj:int32		
jtr		refs/JondoEmu/datos/protocolo_3.6.10.10.proto:10676	4	fvcn:int32;fvco:repeated int32;fvcp:int64;fvcq:int32		
jts		refs/JondoEmu/datos/protocolo_3.6.10.10.proto:10683	2	fvcu:int64;fvcv:int32		
jtv		refs/JondoEmu/datos/protocolo_3.6.10.10.proto:10688	3	fvcz:jtt;fvda:int64;fvdb:int32		
jtw		refs/JondoEmu/datos/protocolo_3.6.10.10.proto:10694	5	fvdf:bool;fvdg:int32;fvdh:int32;fvdi:int32;fvdj:int32		
jtx		refs/JondoEmu/datos/protocolo_3.6.10.10.proto:10702	1	fvdn:int32		
jty		refs/JondoEmu/datos/protocolo_3.6.10.10.proto:10706	4	fvdr:int32;fvds:int64;fvdt:int32;fvdu:int32		
jtz		refs/JondoEmu/datos/protocolo_3.6.10.10.proto:10713	2	fvdy:int32;fvdz:bool		
jua		refs/JondoEmu/datos/protocolo_3.6.10.10.proto:10718	4	fved:int64;fvee:bool;fvef:int32;fveg:bool		
juc		refs/JondoEmu/datos/protocolo_3.6.10.10.proto:10725	4	fvel:lbk;fvem:jua;fven:bool;fveo:int64		
jue		refs/JondoEmu/datos/protocolo_3.6.10.10.proto:10732	2	fves:string;fvet:repeated ljx		
juf		refs/JondoEmu/datos/protocolo_3.6.10.10.proto:10737	7	fvex:bool;fvey:string;fvez:bool;fvfa:map<int64,int64>;fvfb:int64;fvfc:bool;fvfd:int32		
jug		refs/JondoEmu/datos/protocolo_3.6.10.10.proto:10747	6	fvfi:repeated lnj;fvfj:int64;fvfk:bool;fvfl:lhg;fvfm:int32;fvfn:jtc		
jui		refs/JondoEmu/datos/protocolo_3.6.10.10.proto:10756	2	fvfs:repeated jug;fvft:juf		
juk		refs/JondoEmu/datos/protocolo_3.6.10.10.proto:10761	2	fvfx:jui;fvfy:jue		
jun		refs/JondoEmu/datos/protocolo_3.6.10.10.proto:10766	2	fvgd:ldz;fvge:jul		
juo		refs/JondoEmu/datos/protocolo_3.6.10.10.proto:10771	2	fvgi:int32;fvgj:int64		
jup		refs/JondoEmu/datos/protocolo_3.6.10.10.proto:10776	8	fvgn:string;fvgo:int64;fvgp:bool;fvgq:int64;fvgr:repeated int64;fvgs:repeated bool;fvgt:repeated int64;fvgu:bool		
jur		refs/JondoEmu/datos/protocolo_3.6.10.10.proto:10787	3	fvhb:int64;fvhc:jup;fvhd:int64		
jus		refs/JondoEmu/datos/protocolo_3.6.10.10.proto:10793	3	fvhh:int64;fvhi:lhg;fvhj:lhg		
jut		refs/JondoEmu/datos/protocolo_3.6.10.10.proto:10799	2	fvhn:int32;fvho:int64		
juu		refs/JondoEmu/datos/protocolo_3.6.10.10.proto:10804	3	fvhs:int32;fvht:int64;fvhu:int32		
jux		refs/JondoEmu/datos/protocolo_3.6.10.10.proto:10810	5	fvhy:juv;fvhz:int32;fvia:int32;fvib:int64;fvic:bool		
juz		refs/JondoEmu/datos/protocolo_3.6.10.10.proto:10818	5	fvig:bool;fvih:int32;fvii:int64;fvij:int32;fvik:bool		
jva		refs/JondoEmu/datos/protocolo_3.6.10.10.proto:10826	1	fvir:repeated int64		
jvb		refs/JondoEmu/datos/protocolo_3.6.10.10.proto:10830	2	fviv:int32;fviw:int64		
jvc		refs/JondoEmu/datos/protocolo_3.6.10.10.proto:10835	2	fvja:int32;fvjb:int64		
jve		refs/JondoEmu/datos/protocolo_3.6.10.10.proto:10840	3	fvjf:repeated int32;fvjg:int32;fvjh:int32		
jvf		refs/JondoEmu/datos/protocolo_3.6.10.10.proto:10846	5	fvjl:repeated lgt;fvjm:int32;fvjn:int32;fvjo:int64;fvjp:repeated lgt		
jvg		refs/JondoEmu/datos/protocolo_3.6.10.10.proto:10854	2	fvjt:repeated lgt;fvju:int32		
jvi		refs/JondoEmu/datos/protocolo_3.6.10.10.proto:10859	10	fvjy:bool;fvjz:int64;fvka:map<bool,string>;fvkb:repeated jvf;fvkc:jsu;fvkd:int32;fvke:bool;fvkf:jvg;fvkg:jve;fvkh:int32		
jvj		refs/JondoEmu/datos/protocolo_3.6.10.10.proto:10872	2	fvkn:int64;fvko:bool		
jvk		refs/JondoEmu/datos/protocolo_3.6.10.10.proto:10877	2	fvks:int64;fvkt:int64		
jvl		refs/JondoEmu/datos/protocolo_3.6.10.10.proto:10882	4	fvkx:bool;fvky:string;fvkz:map<string,int64>;fvla:int64		
jvn		refs/JondoEmu/datos/protocolo_3.6.10.10.proto:10889	2	fvle:int64;fvlf:jvl		
jvo		refs/JondoEmu/datos/protocolo_3.6.10.10.proto:10894	3	fvlj:int64;fvlk:int32;fvll:int64		
jvp		refs/JondoEmu/datos/protocolo_3.6.10.10.proto:10900	5	fvlp:int32;fvlq:bool;fvlr:int64;fvls:int32;fvlt:int32		
jvs		refs/JondoEmu/datos/protocolo_3.6.10.10.proto:10908	4	fvly:int32;fvlz:jvq;fvma:repeated string;fvmb:int64		
jvt		refs/JondoEmu/datos/protocolo_3.6.10.10.proto:10915	3	fvmf:int32;fvmg:int64;fvmh:int32		
jvu		refs/JondoEmu/datos/protocolo_3.6.10.10.proto:10921	3	fvml:int32;fvmm:bool;fvmn:int64		
jvv		refs/JondoEmu/datos/protocolo_3.6.10.10.proto:10927	3	fvmr:int64;fvms:bool;fvmt:int64		
jvw		refs/JondoEmu/datos/protocolo_3.6.10.10.proto:10933	2	fvmx:int32;fvmy:int64		
jvz		refs/JondoEmu/datos/protocolo_3.6.10.10.proto:10938	2	fvnc:jvx;fvnd:int64		
jwa		refs/JondoEmu/datos/protocolo_3.6.10.10.proto:10943	1	fvnh:int32		
jwb		refs/JondoEmu/datos/protocolo_3.6.10.10.proto:10947	1	fvnl:int32		
jwc		refs/JondoEmu/datos/protocolo_3.6.10.10.proto:10951	1	fvnp:lbl		
jwe	jwe	refs/JondoEmu/datos/protocolo_3.6.10.10.proto:10955	38	fvnt:int64;fvnu:int32;fvnv:juk;fvnw:juu;fvnx:jvn;fvny:jvs;fvnz:jvi;fvoa:jty;fvob:jvj;fvoc:jva;fvod:jvw;fvoe:jvk;fvof:jtq;fvog:jur;fvoh:jtz;fvoi:jtr;fvoj:juo;fvok:jvb;fvol:jvo;fvom:jtx;fvon:juz;fvoo:jtv;fvop:jtw;fvoq:jus;fvor:jts;fvos:jvu;fvot:jwb;fvou:jwa;fvov:jvz;fvow:jun;fvox:jux;fvoy:juc;fvoz:jut;fvpa:jvc;fvpb:jvv;fvpc:jvt;fvpd:jwc;fvpe:jvp		
jwf		refs/JondoEmu/datos/protocolo_3.6.10.10.proto:10996	8	fvpj:int64;fvpk:repeated int64;fvpl:repeated bool;fvpm:int64;fvpn:int64;fvpo:int32;fvpp:bool;fvpq:bool		
jwh	jwh	refs/JondoEmu/datos/protocolo_3.6.10.10.proto:11007	4	fvpu:int32;fvpv:jwf;fvpw:int32;fvpx:int32		
jwi	jwi	refs/JondoEmu/datos/protocolo_3.6.10.10.proto:11014	3	fvqb:int32;fvqc:int64;fvqd:jsv		
jwj		refs/JondoEmu/datos/protocolo_3.6.10.10.proto:11020	3	fvqh:bool;fvqi:int32;fvqj:bool		
jwm		refs/JondoEmu/datos/protocolo_3.6.10.10.proto:11026	3	fvqn:int32;fvqo:int64;fvqp:jwk		
jwn	jwn	refs/JondoEmu/datos/protocolo_3.6.10.10.proto:11032	3	fvqt:int64;fvqu:int32;fvqv:repeated string		
jwo		refs/JondoEmu/datos/protocolo_3.6.10.10.proto:11038	3	fvqz:string;fvra:repeated int32;fvrb:repeated int32		
jwq	jwq	refs/JondoEmu/datos/protocolo_3.6.10.10.proto:11044	1	fvrg:repeated lff		
jwr		refs/JondoEmu/datos/protocolo_3.6.10.10.proto:11048	3	fvrk:lsg;fvrl:bool;fvrm:jwv		
jws		refs/JondoEmu/datos/protocolo_3.6.10.10.proto:11054	2	fvrs:int64;fvrt:lhq		
jwt		refs/JondoEmu/datos/protocolo_3.6.10.10.proto:11059	2	fvrx:lgw;fvry:lhl		
jwv		refs/JondoEmu/datos/protocolo_3.6.10.10.proto:11064	5	fvsc:int32;fvsd:lbg;fvse:string;fvsf:bool;fvsg:repeated jwt		
jww		refs/JondoEmu/datos/protocolo_3.6.10.10.proto:11072	8	fvsk:int32;fvsl:int32;fvsm:int32;fvsn:int32;fvso:int32;fvsp:int32;fvsq:int32;fvsr:int32		
jwx		refs/JondoEmu/datos/protocolo_3.6.10.10.proto:11083	1	fvsv:repeated int64		
jwz		refs/JondoEmu/datos/protocolo_3.6.10.10.proto:11087	2	fvsz:bool;fvta:jwx		
jxa		refs/JondoEmu/datos/protocolo_3.6.10.10.proto:11092	0			
jxb	jxb	refs/JondoEmu/datos/protocolo_3.6.10.10.proto:11095	1	fvth:repeated ljx		
jxc	jxc	refs/JondoEmu/datos/protocolo_3.6.10.10.proto:11099	5	fvtl:repeated lhn;fvtm:repeated lco;fvtn:repeated lco;fvto:int64;fvtp:bool		
jxf		refs/JondoEmu/datos/protocolo_3.6.10.10.proto:11107	7	fvtu:repeated lco;fvtv:int64;fvtw:int32;fvtx:int32;fvty:repeated int32;fvtz:jxd;fvua:repeated lhn		
jxg	jxg	refs/JondoEmu/datos/protocolo_3.6.10.10.proto:11117	2	fvue:bool;fvuf:ljx		
jxh	jxh	refs/JondoEmu/datos/protocolo_3.6.10.10.proto:11122	2	fvuj:int64;fvuk:int64		
jxi		refs/JondoEmu/datos/protocolo_3.6.10.10.proto:11127	1	fvuo:bool		
jxj		refs/JondoEmu/datos/protocolo_3.6.10.10.proto:11131	3	fvus:int64;fvut:int64;fvuu:lfg		
jxk		refs/JondoEmu/datos/protocolo_3.6.10.10.proto:11137	3	fvuy:repeated lhs;fvuz:int64;fvva:repeated hmw		
jxl		refs/JondoEmu/datos/protocolo_3.6.10.10.proto:11143	1	fvve:ljx		
jxm	jxm	refs/JondoEmu/datos/protocolo_3.6.10.10.proto:11147	1	fvvi:lff		
jxn		refs/JondoEmu/datos/protocolo_3.6.10.10.proto:11151	2	fvvm:int32;fvvn:int64		
jxo		refs/JondoEmu/datos/protocolo_3.6.10.10.proto:11156	2	fvvr:map<int64,jzo>;fvvs:jww		
jxp		refs/JondoEmu/datos/protocolo_3.6.10.10.proto:11161	2	fvvw:int64;fvvx:lhq		
jxs		refs/JondoEmu/datos/protocolo_3.6.10.10.proto:11166	2	fvwb:int64;fvwc:jxq		
jxt		refs/JondoEmu/datos/protocolo_3.6.10.10.proto:11171	1	fvwg:bool		
jxu		refs/JondoEmu/datos/protocolo_3.6.10.10.proto:11175	7	fvwk:repeated llh;fvwl:repeated ldz;fvwm:repeated lff;fvwn:int32;fvwo:int32;fvwp:jzb;fvwq:string		
jxv		refs/JondoEmu/datos/protocolo_3.6.10.10.proto:11185	2	fvwu:int64;fvwv:int64		
jxw	jxw	refs/JondoEmu/datos/protocolo_3.6.10.10.proto:11190	3	fvwz:int64;fvxa:lpk;fvxb:lpk		
jxx		refs/JondoEmu/datos/protocolo_3.6.10.10.proto:11196	5	fvxf:int32;fvxg:bool;fvxh:int64;fvxi:map<string,bool>;fvxj:bool		
jxy		refs/JondoEmu/datos/protocolo_3.6.10.10.proto:11204	1	fvxo:bool		
jxz	jxz	refs/JondoEmu/datos/protocolo_3.6.10.10.proto:11208	2	fvxs:int32;fvxt:int32		
jya	jya	refs/JondoEmu/datos/protocolo_3.6.10.10.proto:11213	2	fvxx:int64;fvxy:int32		
jyb		refs/JondoEmu/datos/protocolo_3.6.10.10.proto:11218	3	fvyc:lbl;fvyd:int32;fvye:int32		
jyc		refs/JondoEmu/datos/protocolo_3.6.10.10.proto:11224	1	fvyi:repeated jwr		
jyd		refs/JondoEmu/datos/protocolo_3.6.10.10.proto:11228	3	fvym:int64;fvyn:bool;fvyo:int32		
jyf		refs/JondoEmu/datos/protocolo_3.6.10.10.proto:11234	1	fvys:repeated jyd		
jyg	jyg	refs/JondoEmu/datos/protocolo_3.6.10.10.proto:11238	8	fvyw:int32;fvyx:bool;fvyy:repeated lmm;fvyz:repeated loc;fvza:int64;fvzb:int32;fvzc:bool;fvzd:int32		
jyj	jyj	refs/JondoEmu/datos/protocolo_3.6.10.10.proto:11249	1	fvzk:jyh		
jyn		refs/JondoEmu/datos/protocolo_3.6.10.10.proto:11253	1	fvzo:jyl		
jyo		refs/JondoEmu/datos/protocolo_3.6.10.10.proto:11257	2	fvzs:int32;fvzt:int32		
jyp		refs/JondoEmu/datos/protocolo_3.6.10.10.proto:11262	2	fvzx:jys;fvzy:int32		
jyq		refs/JondoEmu/datos/protocolo_3.6.10.10.proto:11267	2	fwac:jys;fwad:int32		
jys		refs/JondoEmu/datos/protocolo_3.6.10.10.proto:11272	6	fwah:lbl;fwai:int64;fwaj:jyn;fwak:jyo;fwal:jyq;fwam:jyp		
jyt	jyt	refs/JondoEmu/datos/protocolo_3.6.10.10.proto:11281	2	fwar:int32;fwas:int64		
jyu		refs/JondoEmu/datos/protocolo_3.6.10.10.proto:11286	1	fwaw:int64		
jyv		refs/JondoEmu/datos/protocolo_3.6.10.10.proto:11290	3	fwba:int32;fwbb:int32;fwbc:int64		
jyw		refs/JondoEmu/datos/protocolo_3.6.10.10.proto:11296	3	fwbg:int32;fwbh:bool;fwbi:map<int64,string>		
jyy	jyy	refs/JondoEmu/datos/protocolo_3.6.10.10.proto:11302	8	fwbn:jyw;fwbo:repeated bool;fwbp:int64;fwbq:int64;fwbr:bool;fwbs:repeated lhq;fwbt:repeated hmw;fwbu:repeated lhs		
jyz		refs/JondoEmu/datos/protocolo_3.6.10.10.proto:11313	2	fwbz:int32;fwca:int32		
jzb		refs/JondoEmu/datos/protocolo_3.6.10.10.proto:11318	4	fwce:repeated jyz;fwcf:map<int64,string>;fwcg:repeated lco;fwch:repeated jxf		
jzc	jzc	refs/JondoEmu/datos/protocolo_3.6.10.10.proto:11325	8	fwcl:int64;fwcm:int32;fwcn:string;fwco:bool;fwcp:int32;fwcq:repeated int64;fwcr:int32;fwcs:bool		
jzd		refs/JondoEmu/datos/protocolo_3.6.10.10.proto:11336	10	fwcy:int32;fwcz:int32;fwda:float;fwdb:int32;fwdc:int32;fwdd:float;fwde:int32;fwdf:int32;fwdg:int32;fwdh:int32		
jze		refs/JondoEmu/datos/protocolo_3.6.10.10.proto:11349	9	fwdl:int32;fwdm:int32;fwdn:float;fwdo:int32;fwdp:int32;fwdq:int32;fwdr:int32;fwds:int32;fwdt:int32		
jzh		refs/JondoEmu/datos/protocolo_3.6.10.10.proto:11361	5	fwdx:float;fwdy:jzf;fwdz:float;fwea:int32;fweb:int32		
jzi		refs/JondoEmu/datos/protocolo_3.6.10.10.proto:11369	3	fwef:float;fweg:int32;fweh:int32		
jzj		refs/JondoEmu/datos/protocolo_3.6.10.10.proto:11375	3	fwel:int32;fwem:int32;fwen:float		
jzk		refs/JondoEmu/datos/protocolo_3.6.10.10.proto:11381	3	fwer:int32;fwes:float;fwet:int32		
jzl		refs/JondoEmu/datos/protocolo_3.6.10.10.proto:11387	8	fwex:int32;fwey:float;fwez:float;fwfa:float;fwfb:int32;fwfc:int32;fwfd:int32;fwfe:float		
jzm		refs/JondoEmu/datos/protocolo_3.6.10.10.proto:11398	5	fwfi:int64;fwfj:bool;fwfk:int32;fwfl:int32;fwfm:int32		
jzo		refs/JondoEmu/datos/protocolo_3.6.10.10.proto:11406	11	fwfr:jys;fwfs:jzm;fwft:jzl;fwfu:jzi;fwfv:jze;fwfw:jzj;fwfx:int64;fwfy:bool;fwfz:jzl;fwga:jzk;fwgb:jzh		
jzq		refs/JondoEmu/datos/protocolo_3.6.10.10.proto:11420	3	fwgg:int32;fwgh:jzs;fwgi:jzr		
jzr		refs/JondoEmu/datos/protocolo_3.6.10.10.proto:11426	2	fwgn:bool;fwgo:int64		
jzs		refs/JondoEmu/datos/protocolo_3.6.10.10.proto:11431	2	fwgs:int64;fwgt:string		
jzu	jzu	refs/JondoEmu/datos/protocolo_3.6.10.10.proto:11436	2	fwgx:repeated jzq;fwgy:repeated jzq		
jzw		refs/JondoEmu/datos/protocolo_3.6.10.10.proto:11441	4	fwhd:int32;fwhe:lbl;fwhf:int64;fwhg:int64		
jzx		refs/JondoEmu/datos/protocolo_3.6.10.10.proto:11448	1	fwhk:lbi		
jzy	jzy	refs/JondoEmu/datos/protocolo_3.6.10.10.proto:11452	2	fwho:int64;fwhp:int32		
jzz		refs/JondoEmu/datos/protocolo_3.6.10.10.proto:11457	0			
kaa	kaa	refs/JondoEmu/datos/protocolo_3.6.10.10.proto:11460	6	fwhw:bool;fwhx:bool;fwhy:bool;fwhz:bool;fwia:int64;fwib:lbg		
kab		refs/JondoEmu/datos/protocolo_3.6.10.10.proto:11469	3	fwif:repeated lpl;fwig:repeated string;fwih:kaa		
kac		refs/JondoEmu/datos/protocolo_3.6.10.10.proto:11475	2	fwil:int64;fwim:int32		
kad		refs/JondoEmu/datos/protocolo_3.6.10.10.proto:11480	5	fwiq:int32;fwir:int64;fwis:int32;fwit:int32;fwiu:int64		
kae	kae	refs/JondoEmu/datos/protocolo_3.6.10.10.proto:11488	2	fwiy:lgw;fwiz:int32		
kah	kah	refs/JondoEmu/datos/protocolo_3.6.10.10.proto:11493	3	fwjd:int64;fwje:kaf;fwjf:bool		
kai	kai	refs/JondoEmu/datos/protocolo_3.6.10.10.proto:11499	0			
kal		refs/JondoEmu/datos/protocolo_3.6.10.10.proto:11502	4	fwjm:bool;fwjn:int64;fwjo:kaj;fwjp:int64		
kam	kam	refs/JondoEmu/datos/protocolo_3.6.10.10.proto:11509	6	fwjt:bool;fwju:lbg;fwjv:int64;fwjw:repeated int32;fwjx:int32;fwjy:int64		
kan		refs/JondoEmu/datos/protocolo_3.6.10.10.proto:11518	5	fwkc:int32;fwkd:int64;fwke:bool;fwkf:string;fwkg:int64		
kap		refs/JondoEmu/datos/protocolo_3.6.10.10.proto:11526	2	fwkl:int32;fwkm:kan		
kaq	kaq	refs/JondoEmu/datos/protocolo_3.6.10.10.proto:11531	1	fwkq:bool		
kar		refs/JondoEmu/datos/protocolo_3.6.10.10.proto:11535	1	fwku:int64		
kau	kau	refs/JondoEmu/datos/protocolo_3.6.10.10.proto:11539	5	fwky:lbl;fwkz:kas;fwla:lbi;fwlb:bool;fwlc:int32		
kav		refs/JondoEmu/datos/protocolo_3.6.10.10.proto:11547	2	fwlg:int32;fwlh:int32		
kaw		refs/JondoEmu/datos/protocolo_3.6.10.10.proto:11552	3	fwll:int64;fwlm:repeated bool;fwln:repeated int32		
kay	kay	refs/JondoEmu/datos/protocolo_3.6.10.10.proto:11558	5	fwlr:int64;fwls:int32;fwlt:int64;fwlu:string;fwlv:bool		
kaz		refs/JondoEmu/datos/protocolo_3.6.10.10.proto:11566	0			
kba	kba	refs/JondoEmu/datos/protocolo_3.6.10.10.proto:11569	2	fwmd:lfg;fwme:lbl		
kbb		refs/JondoEmu/datos/protocolo_3.6.10.10.proto:11574	1	fwmi:repeated lgs		
kbd	kbd	refs/JondoEmu/datos/protocolo_3.6.10.10.proto:11578	5	fwmn:repeated ldm;fwmo:int64;fwmp:int32;fwmq:int64;fwmr:int32		
kbg		refs/JondoEmu/datos/protocolo_3.6.10.10.proto:11586	8	fwmv:kbe;fwmw:int32;fwmx:lbf;fwmy:int32;fwmz:int32;fwna:int64;fwnb:int64;fwnc:int32		
kbh		refs/JondoEmu/datos/protocolo_3.6.10.10.proto:11597	1	fwng:int32		
kbi		refs/JondoEmu/datos/protocolo_3.6.10.10.proto:11601	1	fwnk:repeated lfo		
kbj		refs/JondoEmu/datos/protocolo_3.6.10.10.proto:11605	4	fwno:int32;fwnp:bool;fwnq:int32;fwnr:int32		
kbk		refs/JondoEmu/datos/protocolo_3.6.10.10.proto:11612	3	fwnv:lbf;fwnw:int32;fwnx:int32		
kbl		refs/JondoEmu/datos/protocolo_3.6.10.10.proto:11618	3	fwob:int64;fwoc:int32;fwod:lbf		
kbm		refs/JondoEmu/datos/protocolo_3.6.10.10.proto:11624	3	fwoh:int32;fwoi:int64;fwoj:int32		
kbn		refs/JondoEmu/datos/protocolo_3.6.10.10.proto:11630	1	fwon:int64		
kbo		refs/JondoEmu/datos/protocolo_3.6.10.10.proto:11634	2	fwor:int32;fwos:bool		
kbr		refs/JondoEmu/datos/protocolo_3.6.10.10.proto:11639	8	fwow:int32;fwox:kbp;fwoy:repeated int64;fwoz:repeated lng;fwpa:int32;fwpb:repeated int64;fwpc:repeated string;fwpd:int32		
kbt	kbt	refs/JondoEmu/datos/protocolo_3.6.10.10.proto:11650	3	fwph:int32;fwpi:int32;fwpj:repeated kbr		
kbu		refs/JondoEmu/datos/protocolo_3.6.10.10.proto:11656	1	fwpn:string		
kbv		refs/JondoEmu/datos/protocolo_3.6.10.10.proto:11660	1	fwpr:bool		
kbw		refs/JondoEmu/datos/protocolo_3.6.10.10.proto:11664	4	fwpv:map<int64,string>;fwpw:kfa;fwpx:int64;fwpy:int32		
kby		refs/JondoEmu/datos/protocolo_3.6.10.10.proto:11671	3	fwqc:repeated kbw;fwqd:int32;fwqe:bool		
kbz		refs/JondoEmu/datos/protocolo_3.6.10.10.proto:11677	1	fwqj:int32		
kcc		refs/JondoEmu/datos/protocolo_3.6.10.10.proto:11681	3	fwqn:kca;fwqo:bool;fwqp:kca		
kcd		refs/JondoEmu/datos/protocolo_3.6.10.10.proto:11687	1	fwqt:int32		
kce		refs/JondoEmu/datos/protocolo_3.6.10.10.proto:11691	1	fwqx:int64		
kcf		refs/JondoEmu/datos/protocolo_3.6.10.10.proto:11695	0			
kcg		refs/JondoEmu/datos/protocolo_3.6.10.10.proto:11698	0			
kch		refs/JondoEmu/datos/protocolo_3.6.10.10.proto:11701	3	fwrh:int32;fwri:int64;fwrj:int32		
kci	kci	refs/JondoEmu/datos/protocolo_3.6.10.10.proto:11707	3	fwrn:int32;fwro:lbf;fwrp:lbf	ExchangeStartedStorageMessage	anclas_3.6.10.10.tsv
kcj		refs/JondoEmu/datos/protocolo_3.6.10.10.proto:11713	6	fwrt:int32;fwru:bool;fwrv:int32;fwrw:int32;fwrx:bool;fwry:bool		
kck		refs/JondoEmu/datos/protocolo_3.6.10.10.proto:11722	1	fwsc:repeated int32		
kcl		refs/JondoEmu/datos/protocolo_3.6.10.10.proto:11726	1	fwsg:int64		
kcm		refs/JondoEmu/datos/protocolo_3.6.10.10.proto:11730	2	fwsk:bool;fwsl:repeated int32		
kco		refs/JondoEmu/datos/protocolo_3.6.10.10.proto:11735	3	fwsp:repeated int64;fwsq:repeated int64;fwsr:bool		
kcq		refs/JondoEmu/datos/protocolo_3.6.10.10.proto:11741	5	fwsv:kcn;fwsw:bool;fwsx:int32;fwsy:int64;fwsz:kco		
kcr	kcr	refs/JondoEmu/datos/protocolo_3.6.10.10.proto:11749	2	fwtd:int32;fwte:int32	ExchangeObjectMoveMessage	anclas_3.6.10.10.tsv
kcs		refs/JondoEmu/datos/protocolo_3.6.10.10.proto:11754	6	fwti:bool;fwtj:int32;fwtk:bool;fwtl:bool;fwtm:int32;fwtn:bool		
kcu		refs/JondoEmu/datos/protocolo_3.6.10.10.proto:11763	3	fwtt:int32;fwtu:kcs;fwtv:int32		
kcv		refs/JondoEmu/datos/protocolo_3.6.10.10.proto:11769	9	fwtz:string;fwua:string;fwub:repeated int64;fwuc:repeated int64;fwud:repeated bool;fwue:string;fwuf:bool;fwug:int32;fwuh:int64		
kcx	kcx	refs/JondoEmu/datos/protocolo_3.6.10.10.proto:11781	4	fwum:kcv;fwun:int32;fwuo:bool;fwup:bool		
kcy		refs/JondoEmu/datos/protocolo_3.6.10.10.proto:11788	1	fwut:int64		
kcz		refs/JondoEmu/datos/protocolo_3.6.10.10.proto:11792	2	fwux:repeated int32;fwuy:repeated int32		
kda	kda	refs/JondoEmu/datos/protocolo_3.6.10.10.proto:11797	3	fwvc:repeated int32;fwvd:int32;fwve:repeated int32		
kdb		refs/JondoEmu/datos/protocolo_3.6.10.10.proto:11803	2	fwvi:bool;fwvj:bool		
kdc		refs/JondoEmu/datos/protocolo_3.6.10.10.proto:11808	10	fwvn:lgl;fwvo:string;fwvp:string;fwvq:string;fwvr:repeated lfo;fwvs:int64;fwvt:int32;fwvu:int64;fwvv:lhg;fwvw:string		
kdd		refs/JondoEmu/datos/protocolo_3.6.10.10.proto:11821	2	fwwb:repeated int32;fwwc:repeated int32		
kde		refs/JondoEmu/datos/protocolo_3.6.10.10.proto:11826	7	fwwg:bool;fwwh:bool;fwwi:string;fwwj:bool;fwwk:bool;fwwl:bool;fwwm:int64		
kdg	kdg	refs/JondoEmu/datos/protocolo_3.6.10.10.proto:11836	2	fwwt:map<bool,int32>;fwwu:kde		
kdh		refs/JondoEmu/datos/protocolo_3.6.10.10.proto:11841	2	fwwy:int32;fwwz:int32		
kdk	kdk	refs/JondoEmu/datos/protocolo_3.6.10.10.proto:11846	5	fwxd:kdi;fwxe:bool;fwxf:int32;fwxg:int32;fwxh:repeated string		
kdp		refs/JondoEmu/datos/protocolo_3.6.10.10.proto:11854	4	fwxl:kdn;fwxm:bool;fwxn:kdn;fwxo:bool		
kdr		refs/JondoEmu/datos/protocolo_3.6.10.10.proto:11861	3	fwxu:kdm;fwxv:int32;fwxw:bool		
kds		refs/JondoEmu/datos/protocolo_3.6.10.10.proto:11867	2	fwyc:lea;fwyd:lea		
kdv		refs/JondoEmu/datos/protocolo_3.6.10.10.proto:11872	1	fwyh:kdt		
kdw	kdw	refs/JondoEmu/datos/protocolo_3.6.10.10.proto:11876	1	fwyl:kfw		
kdx	kdx	refs/JondoEmu/datos/protocolo_3.6.10.10.proto:11880	2	fwyp:int32;fwyq:int32		
kdy		refs/JondoEmu/datos/protocolo_3.6.10.10.proto:11885	1	fwyu:int32		
kdz		refs/JondoEmu/datos/protocolo_3.6.10.10.proto:11889	2	fwyy:int32;fwyz:repeated int32		
kea	kea	refs/JondoEmu/datos/protocolo_3.6.10.10.proto:11894	2	fwzd:int32;fwze:int32		
ked		refs/JondoEmu/datos/protocolo_3.6.10.10.proto:11899	4	fwzi:bool;fwzj:keb;fwzk:lec;fwzl:bool		
kee		refs/JondoEmu/datos/protocolo_3.6.10.10.proto:11906	1	fwzp:int64		
kef		refs/JondoEmu/datos/protocolo_3.6.10.10.proto:11910	2	fwzt:repeated int32;fwzu:repeated int32		
keg		refs/JondoEmu/datos/protocolo_3.6.10.10.proto:11915	2	fwzy:string;fwzz:int32		
keh	keh	refs/JondoEmu/datos/protocolo_3.6.10.10.proto:11920	2	fxad:int32;fxae:bool		
kei		refs/JondoEmu/datos/protocolo_3.6.10.10.proto:11925	2	fxai:bool;fxaj:bool		
kej		refs/JondoEmu/datos/protocolo_3.6.10.10.proto:11930	3	fxan:int32;fxao:int32;fxap:bool		
kek		refs/JondoEmu/datos/protocolo_3.6.10.10.proto:11936	2	fxau:int32;fxav:int32		
kem		refs/JondoEmu/datos/protocolo_3.6.10.10.proto:11941	2	fxaz:kej;fxba:repeated kek		
ken		refs/JondoEmu/datos/protocolo_3.6.10.10.proto:11946	2	fxbe:int32;fxbf:int32		
keo		refs/JondoEmu/datos/protocolo_3.6.10.10.proto:11951	3	fxbj:int32;fxbk:bool;fxbl:int32		
kep		refs/JondoEmu/datos/protocolo_3.6.10.10.proto:11957	2	fxbp:bool;fxbq:int32		
keq		refs/JondoEmu/datos/protocolo_3.6.10.10.proto:11962	3	fxbu:int32;fxbv:bool;fxbw:int32		
ker		refs/JondoEmu/datos/protocolo_3.6.10.10.proto:11968	1	fxca:string		
kes		refs/JondoEmu/datos/protocolo_3.6.10.10.proto:11972	5	fxce:kfa;fxcf:int64;fxcg:repeated bool;fxch:int64;fxci:kfa		
ket		refs/JondoEmu/datos/protocolo_3.6.10.10.proto:11980	4	fxcm:int64;fxcn:int64;fxco:bool;fxcp:int64		
keu		refs/JondoEmu/datos/protocolo_3.6.10.10.proto:11987	3	fxcu:int64;fxcv:int64;fxcw:int64		
kev		refs/JondoEmu/datos/protocolo_3.6.10.10.proto:11993	2	fxda:lec;fxdb:bool		
kew		refs/JondoEmu/datos/protocolo_3.6.10.10.proto:11998	2	fxdf:int32;fxdg:int32		
kex		refs/JondoEmu/datos/protocolo_3.6.10.10.proto:12003	3	fxdk:bool;fxdl:repeated lec;fxdm:bool		
kez		refs/JondoEmu/datos/protocolo_3.6.10.10.proto:12009	0			
kfa		refs/JondoEmu/datos/protocolo_3.6.10.10.proto:12012	4	fxdt:int32;fxdu:repeated lng;fxdv:int32;fxdw:int32		
kfb		refs/JondoEmu/datos/protocolo_3.6.10.10.proto:12019	3	fxea:repeated lec;fxeb:bool;fxec:float		
kfc		refs/JondoEmu/datos/protocolo_3.6.10.10.proto:12025	8	fxeh:repeated string;fxei:map<int32,int64>;fxej:bool;fxek:bool;fxel:int32;fxem:map<int64,int64>;fxen:int64;fxeo:bool		
kfe		refs/JondoEmu/datos/protocolo_3.6.10.10.proto:12036	2	fxet:kfc;fxeu:int64		
kfh		refs/JondoEmu/datos/protocolo_3.6.10.10.proto:12041	4	fxey:int32;fxez:kff;fxfa:int64;fxfb:bool		
kfi		refs/JondoEmu/datos/protocolo_3.6.10.10.proto:12048	6	fxff:repeated lng;fxfg:int32;fxfh:int32;fxfi:repeated int64;fxfj:int32;fxfk:repeated lng		
kfj		refs/JondoEmu/datos/protocolo_3.6.10.10.proto:12057	2	fxfo:repeated int64;fxfp:repeated int32		
kfk		refs/JondoEmu/datos/protocolo_3.6.10.10.proto:12062	4	fxft:map<bool,int32>;fxfu:int64;fxfv:int64;fxfw:repeated int32		
kfl		refs/JondoEmu/datos/protocolo_3.6.10.10.proto:12069	2	fxga:int32;fxgb:int32		
kfn		refs/JondoEmu/datos/protocolo_3.6.10.10.proto:12074	6	fxgf:int32;fxgg:kfk;fxgh:repeated kfl;fxgi:float;fxgj:float;fxgk:int32		
kfp		refs/JondoEmu/datos/protocolo_3.6.10.10.proto:12083	1	fxgo:repeated kfn		
kfs		refs/JondoEmu/datos/protocolo_3.6.10.10.proto:12087	3	fxgs:int32;fxgt:bool;fxgu:kfq		
kfv		refs/JondoEmu/datos/protocolo_3.6.10.10.proto:12093	2	fxgy:repeated llg;fxgz:kft		
kfw		refs/JondoEmu/datos/protocolo_3.6.10.10.proto:12098	10	fxhd:int32;fxhe:int32;fxhf:int32;fxhg:int32;fxhh:float;fxhi:int32;fxhj:float;fxhk:int32;fxhl:repeated int32;fxhm:repeated int32		
kfx		refs/JondoEmu/datos/protocolo_3.6.10.10.proto:12111	6	fxhq:string;fxhr:bool;fxhs:int64;fxht:bool;fxhu:int32;fxhv:bool		
kfz		refs/JondoEmu/datos/protocolo_3.6.10.10.proto:12120	4	fxic:int64;fxid:int64;fxie:kfx;fxif:lbf		
kga		refs/JondoEmu/datos/protocolo_3.6.10.10.proto:12127	6	fxij:repeated lec;fxik:int32;fxil:int32;fxim:repeated int32;fxin:int32;fxio:repeated int32		
kgb		refs/JondoEmu/datos/protocolo_3.6.10.10.proto:12136	4	fxis:bool;fxit:string;fxiu:int64;fxiv:string		
kgd		refs/JondoEmu/datos/protocolo_3.6.10.10.proto:12143	5	fxiz:int32;fxja:bool;fxjb:kgb;fxjc:int32;fxjd:int32		
kge		refs/JondoEmu/datos/protocolo_3.6.10.10.proto:12151	3	fxjh:int64;fxji:int32;fxjj:int32		
kgf		refs/JondoEmu/datos/protocolo_3.6.10.10.proto:12157	4	fxjn:bool;fxjo:int32;fxjp:int32;fxjq:bool		
kgh		refs/JondoEmu/datos/protocolo_3.6.10.10.proto:12164	3	fxjv:int32;fxjw:int32;fxjx:kgf		
kgi		refs/JondoEmu/datos/protocolo_3.6.10.10.proto:12170	0			
kgj		refs/JondoEmu/datos/protocolo_3.6.10.10.proto:12173	2	fxke:int32;fxkf:int32		
kgk		refs/JondoEmu/datos/protocolo_3.6.10.10.proto:12178	2	fxkj:bool;fxkk:bool		
kgl		refs/JondoEmu/datos/protocolo_3.6.10.10.proto:12183	2	fxko:int32;fxkp:bool		
kgm		refs/JondoEmu/datos/protocolo_3.6.10.10.proto:12188	1	fxkt:repeated lfo		
kgp	kgp	refs/JondoEmu/datos/protocolo_3.6.10.10.proto:12192	6	fxkx:kgn;fxky:repeated int64;fxkz:int32;fxla:repeated lng;fxlb:int32;fxlc:int32		
kgq		refs/JondoEmu/datos/protocolo_3.6.10.10.proto:12201	1	fxlg:int32		
kgr		refs/JondoEmu/datos/protocolo_3.6.10.10.proto:12205	6	fxll:int64;fxlm:repeated int32;fxln:int64;fxlo:string;fxlp:bool;fxlq:int32		
kgt		refs/JondoEmu/datos/protocolo_3.6.10.10.proto:12214	4	fxlv:string;fxlw:kgr;fxlx:bool;fxly:int64		
kgu		refs/JondoEmu/datos/protocolo_3.6.10.10.proto:12221	3	fxmc:int64;fxmd:lbf;fxme:int64		
kgv		refs/JondoEmu/datos/protocolo_3.6.10.10.proto:12227	4	fxmi:int32;fxmj:int32;fxmk:int32;fxml:int32		
kgw		refs/JondoEmu/datos/protocolo_3.6.10.10.proto:12234	4	fxmp:int32;fxmq:int32;fxmr:int32;fxms:int64		
kgx		refs/JondoEmu/datos/protocolo_3.6.10.10.proto:12241	0			
kgy		refs/JondoEmu/datos/protocolo_3.6.10.10.proto:12244	3	fxmz:int32;fxna:int32;fxnb:int32		
kgz		refs/JondoEmu/datos/protocolo_3.6.10.10.proto:12250	1	fxnf:string		
kha		refs/JondoEmu/datos/protocolo_3.6.10.10.proto:12254	1	fxnj:lbf		
khd	khd	refs/JondoEmu/datos/protocolo_3.6.10.10.proto:12258	3	fxnn:bool;fxno:khb;fxnp:lbe	ExchangeLeaveMessage	anclas_3.6.10.10.tsv
khh		refs/JondoEmu/datos/protocolo_3.6.10.10.proto:12264	7	fxnu:int64;fxnv:repeated int32;fxnw:int32;fxnx:khf;fxny:int32;fxnz:string;fxoa:int64		
khi		refs/JondoEmu/datos/protocolo_3.6.10.10.proto:12274	2	fxoe:int32;fxof:repeated string		
khj		refs/JondoEmu/datos/protocolo_3.6.10.10.proto:12279	2	fxoj:int32;fxok:int64		
khk		refs/JondoEmu/datos/protocolo_3.6.10.10.proto:12284	1	fxop:int32		
khl		refs/JondoEmu/datos/protocolo_3.6.10.10.proto:12288	3	fxot:int32;fxou:bool;fxov:int32		
khm		refs/JondoEmu/datos/protocolo_3.6.10.10.proto:12294	3	fxoz:int32;fxpa:repeated int64;fxpb:string		
khn		refs/JondoEmu/datos/protocolo_3.6.10.10.proto:12300	1	fxpf:repeated int32		
khr		refs/JondoEmu/datos/protocolo_3.6.10.10.proto:12304	5	fxpk:bool;fxpl:int64;fxpm:int32;fxpn:khp;fxpo:int64		
khu		refs/JondoEmu/datos/protocolo_3.6.10.10.proto:12312	2	fxps:repeated int64;fxpt:khs		
khv		refs/JondoEmu/datos/protocolo_3.6.10.10.proto:12317	1	fxpx:string		
khw		refs/JondoEmu/datos/protocolo_3.6.10.10.proto:12321	1	fxqb:string		
khx		refs/JondoEmu/datos/protocolo_3.6.10.10.proto:12325	6	fxqf:bool;fxqg:int32;fxqh:bool;fxqi:int64;fxqj:bool;fxqk:bool		
kia		refs/JondoEmu/datos/protocolo_3.6.10.10.proto:12334	3	fxqp:khy;fxqq:int32;fxqr:int32		
kid		refs/JondoEmu/datos/protocolo_3.6.10.10.proto:12340	4	fxqw:kic;fxqx:lba;fxqy:int32;fxqz:int32		
kif		refs/JondoEmu/datos/protocolo_3.6.10.10.proto:12347	4	fxrd:repeated kid;fxre:int64;fxrf:bool;fxrg:int32		
kig		refs/JondoEmu/datos/protocolo_3.6.10.10.proto:12354	2	fxrl:repeated bool;fxrm:int64		
kih		refs/JondoEmu/datos/protocolo_3.6.10.10.proto:12359	5	fxrq:int64;fxrr:bool;fxrs:int32;fxrt:bool;fxru:string		
kij		refs/JondoEmu/datos/protocolo_3.6.10.10.proto:12367	1	fxsb:kih		
kil		refs/JondoEmu/datos/protocolo_3.6.10.10.proto:12371	4	fxsf:string;fxsg:repeated string;fxsh:string;fxsi:int32		
kim		refs/JondoEmu/datos/protocolo_3.6.10.10.proto:12378	3	fxsn:int32;fxso:int32;fxsp:string		
kin		refs/JondoEmu/datos/protocolo_3.6.10.10.proto:12384	1	fxst:string		
kip		refs/JondoEmu/datos/protocolo_3.6.10.10.proto:12388	3	fxsx:kil;fxsy:kim;fxsz:kin		
kiq		refs/JondoEmu/datos/protocolo_3.6.10.10.proto:12394	6	fxte:repeated int64;fxtf:int32;fxtg:repeated int64;fxth:int64;fxti:bool;fxtj:int32		
kis		refs/JondoEmu/datos/protocolo_3.6.10.10.proto:12403	4	fxto:repeated kip;fxtp:int64;fxtq:bool;fxtr:repeated kiq		
kiv		refs/JondoEmu/datos/protocolo_3.6.10.10.proto:12410	1	fxtw:int64		
kiw		refs/JondoEmu/datos/protocolo_3.6.10.10.proto:12414	8	fxub:repeated string;fxuc:int32;fxud:map<string,int32>;fxue:map<int64,int32>;fxuf:bool;fxug:string;fxuh:bool;fxui:bool		
kiy		refs/JondoEmu/datos/protocolo_3.6.10.10.proto:12425	3	fxun:kiw;fxuo:kiu;fxup:kiu		
kiz		refs/JondoEmu/datos/protocolo_3.6.10.10.proto:12431	2	fxut:repeated bool;fxuu:int64		
kjb		refs/JondoEmu/datos/protocolo_3.6.10.10.proto:12436	3	fxuy:kiy;fxuz:kiv;fxva:kiz		
kje		refs/JondoEmu/datos/protocolo_3.6.10.10.proto:12442	1	fxvf:kjc		
kjg		refs/JondoEmu/datos/protocolo_3.6.10.10.proto:12446	4	fxvj:int64;fxvk:int32;fxvl:bool;fxvm:map<string,bool>		
kji		refs/JondoEmu/datos/protocolo_3.6.10.10.proto:12453	2	fxvq:int32;fxvr:kjg		
kjj		refs/JondoEmu/datos/protocolo_3.6.10.10.proto:12458	3	fxvv:bool;fxvw:bool;fxvx:bool		
kjl		refs/JondoEmu/datos/protocolo_3.6.10.10.proto:12464	3	fxwb:kji;fxwc:kji;fxwd:kjj		
kjo		refs/JondoEmu/datos/protocolo_3.6.10.10.proto:12470	2	fxwi:kjm;fxwj:int64		
kjr		refs/JondoEmu/datos/protocolo_3.6.10.10.proto:12475	2	fxwn:kjp;fxwo:int64		
kjs		refs/JondoEmu/datos/protocolo_3.6.10.10.proto:12480	1	fxws:bool		
kjv		refs/JondoEmu/datos/protocolo_3.6.10.10.proto:12484	1	fxww:kjt		
kjw		refs/JondoEmu/datos/protocolo_3.6.10.10.proto:12488	0			
kjx		refs/JondoEmu/datos/protocolo_3.6.10.10.proto:12491	1	fxxd:int64		
kka		refs/JondoEmu/datos/protocolo_3.6.10.10.proto:12495	1	fxxh:repeated int32		
kkb		refs/JondoEmu/datos/protocolo_3.6.10.10.proto:12499	2	fxxl:string;fxxm:repeated kjz		
kkc		refs/JondoEmu/datos/protocolo_3.6.10.10.proto:12504	1	fxxq:int32		
kke		refs/JondoEmu/datos/protocolo_3.6.10.10.proto:12508	3	fxxu:kka;fxxv:kkb;fxxw:kkc		
kkg		refs/JondoEmu/datos/protocolo_3.6.10.10.proto:12514	3	fxyb:repeated int32;fxyc:map<int64,bool>;fxyd:repeated int32		
kkh		refs/JondoEmu/datos/protocolo_3.6.10.10.proto:12520	0			
kki		refs/JondoEmu/datos/protocolo_3.6.10.10.proto:12523	2	fxyk:int32;fxyl:int32		
kkk		refs/JondoEmu/datos/protocolo_3.6.10.10.proto:12528	4	fxyp:int64;fxyq:bool;fxyr:kkg;fxys:kkh		
kkl		refs/JondoEmu/datos/protocolo_3.6.10.10.proto:12535	0			
kkm	kkm	refs/JondoEmu/datos/protocolo_3.6.10.10.proto:12538	0			
kko		refs/JondoEmu/datos/protocolo_3.6.10.10.proto:12541	2	fxze:repeated int64;fxzf:bool		
kkq		refs/JondoEmu/datos/protocolo_3.6.10.10.proto:12546	2	fxzk:kko;fxzl:kkn		
kkr	kkr	refs/JondoEmu/datos/protocolo_3.6.10.10.proto:12551	1	fxzp:bool		
kkt		refs/JondoEmu/datos/protocolo_3.6.10.10.proto:12555	2	fxzu:repeated int32;fxzv:int32		
kku	kku	refs/JondoEmu/datos/protocolo_3.6.10.10.proto:12560	1	fxzz:int32		
kkw		refs/JondoEmu/datos/protocolo_3.6.10.10.proto:12564	1	fyae:bool		
kkz		refs/JondoEmu/datos/protocolo_3.6.10.10.proto:12568	1	fyai:kkx		
kla		refs/JondoEmu/datos/protocolo_3.6.10.10.proto:12572	1	fyam:string	LeaveDialogRequestMessage	anclas_3.6.10.10.tsv
klb		refs/JondoEmu/datos/protocolo_3.6.10.10.proto:12576	6	fyaq:int32;fyar:bool;fyas:int32;fyat:int32;fyau:string;fyav:int32		
kld	kld	refs/JondoEmu/datos/protocolo_3.6.10.10.proto:12585	2	fybb:lbe;fybc:klb	LeaveDialogMessage	anclas_3.6.10.10.tsv
klg		refs/JondoEmu/datos/protocolo_3.6.10.10.proto:12590	1	fybg:kle		
kli		refs/JondoEmu/datos/protocolo_3.6.10.10.proto:12594	4	fybl:int32;fybm:repeated lns;fybn:repeated lns;fybo:int64		
klk		refs/JondoEmu/datos/protocolo_3.6.10.10.proto:12601	4	fybs:uint32;fybt:uint32;fybu:uint32;fybv:uint32		
klm		refs/JondoEmu/datos/protocolo_3.6.10.10.proto:12608	3	fybz:repeated int32;fyca:klj;fycb:klk		
klp	klp	refs/JondoEmu/datos/protocolo_3.6.10.10.proto:12614	2	fycf:string;fycg:kln		
klq		refs/JondoEmu/datos/protocolo_3.6.10.10.proto:12619	0			
klu		refs/JondoEmu/datos/protocolo_3.6.10.10.proto:12622	2	fyco:kls;fycp:repeated int64		
klx		refs/JondoEmu/datos/protocolo_3.6.10.10.proto:12627	3	fyct:int64;fycu:int64;fycv:bool		
klz		refs/JondoEmu/datos/protocolo_3.6.10.10.proto:12633	4	fyda:repeated klx;fydb:klv;fydc:klw;fydd:string		
kmb		refs/JondoEmu/datos/protocolo_3.6.10.10.proto:12640	3	fydi:lhg;fydj:int64;fydk:int64		
kmc		refs/JondoEmu/datos/protocolo_3.6.10.10.proto:12646	5	fydo:repeated bool;fydp:map<int64,string>;fydq:string;fydr:repeated int64;fyds:bool		
kme		refs/JondoEmu/datos/protocolo_3.6.10.10.proto:12654	1	fydw:kmc		
kmh		refs/JondoEmu/datos/protocolo_3.6.10.10.proto:12658	3	fyea:bool;fyeb:int32;fyec:kmf		
kmi		refs/JondoEmu/datos/protocolo_3.6.10.10.proto:12664	3	fyeg:int32;fyeh:int32;fyei:int32		
kmj		refs/JondoEmu/datos/protocolo_3.6.10.10.proto:12670	2	fyem:int64;fyen:int32		
kmk	kmk	refs/JondoEmu/datos/protocolo_3.6.10.10.proto:12675	2	fyer:repeated lgs;fyes:repeated lgs		
kml	kml	refs/JondoEmu/datos/protocolo_3.6.10.10.proto:12680	0			
kmn		refs/JondoEmu/datos/protocolo_3.6.10.10.proto:12683	1	fyez:map<int64,string>		
kmp	kmp	refs/JondoEmu/datos/protocolo_3.6.10.10.proto:12687	2	fyfd:kmm;fyfe:kmn		
kmq		refs/JondoEmu/datos/protocolo_3.6.10.10.proto:12692	2	fyfi:repeated int64;fyfj:repeated int64		
kmr		refs/JondoEmu/datos/protocolo_3.6.10.10.proto:12697	0			
kmu	kmu	refs/JondoEmu/datos/protocolo_3.6.10.10.proto:12700	3	fyfq:kms;fyfr:int64;fyfs:int64		
kmv	kmv	refs/JondoEmu/datos/protocolo_3.6.10.10.proto:12706	1	fyfw:int64		
kmw	kmw	refs/JondoEmu/datos/protocolo_3.6.10.10.proto:12710	1	fyga:int64		
kmz		refs/JondoEmu/datos/protocolo_3.6.10.10.proto:12714	3	fyge:kmx;fygf:repeated kmi;fygg:repeated kmi		
knc	knc	refs/JondoEmu/datos/protocolo_3.6.10.10.proto:12720	2	fygl:bool;fygm:repeated int64		
knf		refs/JondoEmu/datos/protocolo_3.6.10.10.proto:12725	0			
kni		refs/JondoEmu/datos/protocolo_3.6.10.10.proto:12728	2	fygt:lfi;fygu:kng		
knk		refs/JondoEmu/datos/protocolo_3.6.10.10.proto:12733	3	fygy:kne;fygz:knf;fyha:kni		
knl		refs/JondoEmu/datos/protocolo_3.6.10.10.proto:12739	1	fyhf:bool		
knm		refs/JondoEmu/datos/protocolo_3.6.10.10.proto:12743	0			
knn		refs/JondoEmu/datos/protocolo_3.6.10.10.proto:12746	3	fyhm:string;fyhn:bool;fyho:kqm		
kno		refs/JondoEmu/datos/protocolo_3.6.10.10.proto:12752	1	fyht:repeated int32		
kns	kns	refs/JondoEmu/datos/protocolo_3.6.10.10.proto:12756	3	fyhx:repeated int64;fyhy:knq;fyhz:knb		
knt		refs/JondoEmu/datos/protocolo_3.6.10.10.proto:12762	2	fyid:kph;fyie:kph		
knv	knv	refs/JondoEmu/datos/protocolo_3.6.10.10.proto:12767	3	fyii:map<int64,int64>;fyij:kns;fyik:knt		
knw		refs/JondoEmu/datos/protocolo_3.6.10.10.proto:12773	3	fyip:repeated int64;fyiq:int32;fyir:bool		
kny		refs/JondoEmu/datos/protocolo_3.6.10.10.proto:12779	1	fyiw:knw		
knz		refs/JondoEmu/datos/protocolo_3.6.10.10.proto:12783	1	fyja:bool		
koc		refs/JondoEmu/datos/protocolo_3.6.10.10.proto:12787	3	fyje:string;fyjf:bool;fyjg:koa		
kod	kod	refs/JondoEmu/datos/protocolo_3.6.10.10.proto:12793	1	fyjk:bool		
koe		refs/JondoEmu/datos/protocolo_3.6.10.10.proto:12797	1	fyjo:bool		
kof	kof	refs/JondoEmu/datos/protocolo_3.6.10.10.proto:12801	1	fyjs:bool		
kog		refs/JondoEmu/datos/protocolo_3.6.10.10.proto:12805	2	fyjw:int64;fyjx:int64		
koh		refs/JondoEmu/datos/protocolo_3.6.10.10.proto:12810	1	fykb:kpr		
koi		refs/JondoEmu/datos/protocolo_3.6.10.10.proto:12814	2	fykf:repeated kph;fykg:repeated kph		
koj	koj	refs/JondoEmu/datos/protocolo_3.6.10.10.proto:12819	2	fykk:map<int32,string>;fykl:repeated kpr		
kok		refs/JondoEmu/datos/protocolo_3.6.10.10.proto:12824	1	fykp:lgf		
kol		refs/JondoEmu/datos/protocolo_3.6.10.10.proto:12828	5	fykt:repeated int64;fyku:int32;fykv:int64;fykw:repeated bool;fykx:bool		
kon		refs/JondoEmu/datos/protocolo_3.6.10.10.proto:12836	2	fylb:kol;fylc:bool		
koo		refs/JondoEmu/datos/protocolo_3.6.10.10.proto:12841	3	fylg:repeated int64;fylh:bool;fyli:map<int32,string>		
koq		refs/JondoEmu/datos/protocolo_3.6.10.10.proto:12847	2	fylm:koo;fyln:lgf		
kou		refs/JondoEmu/datos/protocolo_3.6.10.10.proto:12852	2	fylr:bool;fyls:kos		
kov		refs/JondoEmu/datos/protocolo_3.6.10.10.proto:12857	1	fylw:lfi		
kox		refs/JondoEmu/datos/protocolo_3.6.10.10.proto:12861	3	fyma:kov;fymb:kov;fymc:kou		
kpa	kpa	refs/JondoEmu/datos/protocolo_3.6.10.10.proto:12867	2	fymh:lgf;fymi:koy	CharactersListRequestMessage	anclas_3.6.10.10.tsv
kpb		refs/JondoEmu/datos/protocolo_3.6.10.10.proto:12872	2	fymm:bool;fymn:string		
kpe		refs/JondoEmu/datos/protocolo_3.6.10.10.proto:12877	2	fymr:bool;fyms:kpc		
kph		refs/JondoEmu/datos/protocolo_3.6.10.10.proto:12882	4	fymw:lfi;fymx:kpf;fymy:map<int64,int64>;fymz:int64		
kpi		refs/JondoEmu/datos/protocolo_3.6.10.10.proto:12889	2	fynd:bool;fyne:lfi		
kpj		refs/JondoEmu/datos/protocolo_3.6.10.10.proto:12894	8	fyni:bool;fynj:repeated string;fynk:bool;fynl:bool;fynm:int32;fynn:repeated int32;fyno:repeated int32;fynp:int32		
kpl		refs/JondoEmu/datos/protocolo_3.6.10.10.proto:12905	3	fynv:int64;fynw:kpj;fynx:int64		
kpm		refs/JondoEmu/datos/protocolo_3.6.10.10.proto:12911	0			
kpp		refs/JondoEmu/datos/protocolo_3.6.10.10.proto:12914	5	fyoe:kpn;fyof:int32;fyog:string;fyoh:int64;fyoi:lcf		
kpr		refs/JondoEmu/datos/protocolo_3.6.10.10.proto:12922	5	fyom:kpp;fyon:int64;fyoo:kpm;fyop:lfi;fyoq:lay		
kpv		refs/JondoEmu/datos/protocolo_3.6.10.10.proto:12930	2	fyou:knb;fyov:kpt		
kpw		refs/JondoEmu/datos/protocolo_3.6.10.10.proto:12935	1	fyoz:kph		
kpy		refs/JondoEmu/datos/protocolo_3.6.10.10.proto:12939	2	fypd:kpw;fype:kpv		
kpz		refs/JondoEmu/datos/protocolo_3.6.10.10.proto:12944	2	fypj:knb;fypk:knb		
kqc		refs/JondoEmu/datos/protocolo_3.6.10.10.proto:12949	2	fypo:kqa;fypp:knb		
kqd		refs/JondoEmu/datos/protocolo_3.6.10.10.proto:12954	1	fypt:int64		
kqg	kqg	refs/JondoEmu/datos/protocolo_3.6.10.10.proto:12958	2	fypx:repeated kqm;fypy:kqe	ContactsListMessage	anclas_3.6.10.10.tsv
kqh		refs/JondoEmu/datos/protocolo_3.6.10.10.proto:12963	4	fyqc:string;fyqd:int64;fyqe:string;fyqf:int32		
kqi		refs/JondoEmu/datos/protocolo_3.6.10.10.proto:12970	0			
kqk	kqk	refs/JondoEmu/datos/protocolo_3.6.10.10.proto:12973	14	fyqm:lcf;fyqn:int32;fyqo:len;fyqp:laz;fyqq:int32;fyqr:les;fyqs:kqi;fyqt:int32;fyqu:int32;fyqv:int32;fyqw:int64;fyqx:bool;fyqy:lba;fyqz:string		
kqm	kqm	refs/JondoEmu/datos/protocolo_3.6.10.10.proto:12990	7	fyrd:int64;fyre:int32;fyrf:repeated int64;fyrg:int64;fyrh:kqk;fyri:lay;fyrj:lfi		
kqo	kqo	refs/JondoEmu/datos/protocolo_3.6.10.10.proto:13000	2	fyro:repeated bool;fyrp:bool	BasicPingMessage	anclas_3.6.10.10.tsv
kqp	kqp	refs/JondoEmu/datos/protocolo_3.6.10.10.proto:13005	2	fyrt:int32;fyru:int32		
kqq		refs/JondoEmu/datos/protocolo_3.6.10.10.proto:13010	1	fyry:repeated int32	LogoutRequestMessage	anclas_3.6.10.10.tsv
kqr	kqr	refs/JondoEmu/datos/protocolo_3.6.10.10.proto:13014	4	fysc:string;fysd:map<bool,int64>;fyse:string;fysf:bool	LogoutResultMessage	anclas_3.6.10.10.tsv
kqs		refs/JondoEmu/datos/protocolo_3.6.10.10.proto:13021	0			
kqt		refs/JondoEmu/datos/protocolo_3.6.10.10.proto:13024	0			
kqu	kqu	refs/JondoEmu/datos/protocolo_3.6.10.10.proto:13027	2	fysp:repeated int32;fysq:repeated bool	ServerOptionalFeaturesMessage	anclas_3.6.10.10.tsv
kqv		refs/JondoEmu/datos/protocolo_3.6.10.10.proto:13032	3	fysu:int32;fysv:string;fysw:bool		
kqw		refs/JondoEmu/datos/protocolo_3.6.10.10.proto:13038	0			
kqy	kqy	refs/JondoEmu/datos/protocolo_3.6.10.10.proto:13041	3	fytd:bool;fyte:string;fytf:kqw	BasicPongMessage	anclas_3.6.10.10.tsv
kqz	kqz	refs/JondoEmu/datos/protocolo_3.6.10.10.proto:13047	3	fytj:int32;fytk:string;fytl:string	AuthenticationTicketMessage	anclas_3.6.10.10.tsv
kra	kra	refs/JondoEmu/datos/protocolo_3.6.10.10.proto:13053	0		AuthenticationTicketAcceptedMessage	anclas_3.6.10.10.tsv
krc	krc	refs/JondoEmu/datos/protocolo_3.6.10.10.proto:13056	4	fytt:int64;fytu:int32;fytv:int32;fytw:int32		
krd		refs/JondoEmu/datos/protocolo_3.6.10.10.proto:13063	6	fyua:string;fyub:int64;fyuc:string;fyud:bool;fyue:int64;fyuf:string		
krf		refs/JondoEmu/datos/protocolo_3.6.10.10.proto:13072	7	fyuk:int32;fyul:int32;fyum:int32;fyun:int32;fyuo:int32;fyup:int32;fyuq:krd		
krh	krh	refs/JondoEmu/datos/protocolo_3.6.10.10.proto:13082	3	fyuu:krf;fyuv:int64;fyuw:krc		
kri	kri	refs/JondoEmu/datos/protocolo_3.6.10.10.proto:13088	4	fyva:int64;fyvb:int64;fyvc:int64;fyvd:int64		
krj		refs/JondoEmu/datos/protocolo_3.6.10.10.proto:13095	2	fyvh:kri;fyvi:krh		
krl		refs/JondoEmu/datos/protocolo_3.6.10.10.proto:13100	2	fyvn:string;fyvo:string		
kro		refs/JondoEmu/datos/protocolo_3.6.10.10.proto:13105	2	fyvs:string;fyvt:krm		
krp		refs/JondoEmu/datos/protocolo_3.6.10.10.proto:13110	1	fyvx:int64		
krq		refs/JondoEmu/datos/protocolo_3.6.10.10.proto:13114	2	fywb:bool;fywc:bool		
krs	krs	refs/JondoEmu/datos/protocolo_3.6.10.10.proto:13119	1	fywh:krq		
krt		refs/JondoEmu/datos/protocolo_3.6.10.10.proto:13123	0			
kru		refs/JondoEmu/datos/protocolo_3.6.10.10.proto:13126	1	fywo:string		
krv		refs/JondoEmu/datos/protocolo_3.6.10.10.proto:13130	1	fywt:string		
krx		refs/JondoEmu/datos/protocolo_3.6.10.10.proto:13134	0			
kry		refs/JondoEmu/datos/protocolo_3.6.10.10.proto:13137	2	fyxb:int32;fyxc:int32		
krz		refs/JondoEmu/datos/protocolo_3.6.10.10.proto:13142	4	fyxg:bool;fyxh:int64;fyxi:repeated string;fyxj:int64		
ksb		refs/JondoEmu/datos/protocolo_3.6.10.10.proto:13149	1	fyxo:krz		
ksc		refs/JondoEmu/datos/protocolo_3.6.10.10.proto:13153	3	fyxs:int32;fyxt:bool;fyxu:bool		
ksf		refs/JondoEmu/datos/protocolo_3.6.10.10.proto:13159	2	fyxz:int32;fyya:bool		
ksh		refs/JondoEmu/datos/protocolo_3.6.10.10.proto:13164	2	fyye:kse;fyyf:ksf		
ksi		refs/JondoEmu/datos/protocolo_3.6.10.10.proto:13169	1	fyyj:int32		
ksl	ksl	refs/JondoEmu/datos/protocolo_3.6.10.10.proto:13173	1	fyyn:ksj		
ksm		refs/JondoEmu/datos/protocolo_3.6.10.10.proto:13177	1	fyyr:int32		
ksn		refs/JondoEmu/datos/protocolo_3.6.10.10.proto:13181	2	fyyv:repeated ksw;fyyw:int32		
kso		refs/JondoEmu/datos/protocolo_3.6.10.10.proto:13186	1	fyza:int32		
ksr		refs/JondoEmu/datos/protocolo_3.6.10.10.proto:13190	4	fyze:repeated ksw;fyzf:ksp;fyzg:int64;fyzh:int32		
kss		refs/JondoEmu/datos/protocolo_3.6.10.10.proto:13197	4	fyzl:repeated ksw;fyzm:bool;fyzn:int32;fyzo:repeated ksw		
kst		refs/JondoEmu/datos/protocolo_3.6.10.10.proto:13204	0			
ksu		refs/JondoEmu/datos/protocolo_3.6.10.10.proto:13207	3	fyzv:int64;fyzw:int32;fyzx:int64		
ksv	ksv	refs/JondoEmu/datos/protocolo_3.6.10.10.proto:13213	2	fzab:repeated ksx;fzac:int32		
ksw		refs/JondoEmu/datos/protocolo_3.6.10.10.proto:13218	2	fzag:int32;fzah:int32		
ksx	ksx	refs/JondoEmu/datos/protocolo_3.6.10.10.proto:13223	3	fzal:int32;fzam:repeated int64;fzan:int32		
ktb	ktb	refs/JondoEmu/datos/protocolo_3.6.10.10.proto:13229	5	fzas:string;fzat:bool;fzau:bool;fzav:ktp;fzaw:lfi		
ktc		refs/JondoEmu/datos/protocolo_3.6.10.10.proto:13237	0			
kte		refs/JondoEmu/datos/protocolo_3.6.10.10.proto:13240	9	fzbg:int32;fzbh:int64;fzbi:int32;fzbj:int32;fzbk:lfe;fzbl:int32;fzbm:string;fzbn:int32;fzbo:ktc		
ktf		refs/JondoEmu/datos/protocolo_3.6.10.10.proto:13252	3	fzbs:string;fzbt:int32;fzbu:repeated string		
kth	kth	refs/JondoEmu/datos/protocolo_3.6.10.10.proto:13258	7	fzby:string;fzbz:ktf;fzca:string;fzcb:ktp;fzcc:int64;fzcd:string;fzce:string		
kti	kti	refs/JondoEmu/datos/protocolo_3.6.10.10.proto:13268	10	fzci:int32;fzcj:bool;fzck:string;fzcl:string;fzcm:string;fzcn:int64;fzco:int64;fzcp:string;fzcq:ktp;fzcr:ksz	ChatServerMessage	anclas_3.6.10.10.tsv
ktl	ktl	refs/JondoEmu/datos/protocolo_3.6.10.10.proto:13281	2	fzcw:ktj;fzcx:ktj		
ktm	ktm	refs/JondoEmu/datos/protocolo_3.6.10.10.proto:13286	3	fzdb:ktp;fzdc:string;fzdd:ksz	ChatClientMultiMessage	anclas_3.6.10.10.tsv
ktn		refs/JondoEmu/datos/protocolo_3.6.10.10.proto:13292	3	fzdh:repeated ksz;fzdi:repeated ksz;fzdj:repeated ksz		
kto		refs/JondoEmu/datos/protocolo_3.6.10.10.proto:13298	2	fzdn:repeated ksz;fzdo:repeated ksz		
ktp		refs/JondoEmu/datos/protocolo_3.6.10.10.proto:13303	2	fzds:repeated llk;fzdt:repeated kte		
ktq		refs/JondoEmu/datos/protocolo_3.6.10.10.proto:13308	3	fzdx:int32;fzdy:bool;fzdz:bool		
kts		refs/JondoEmu/datos/protocolo_3.6.10.10.proto:13314	1	fzef:int32		
ktu		refs/JondoEmu/datos/protocolo_3.6.10.10.proto:13318	9	fzej:repeated int32;fzek:int32;fzel:bool;fzem:map<string,int32>;fzen:int32;fzeo:string;fzep:int64;fzeq:repeated int64;fzer:int64		
ktw	ktw	refs/JondoEmu/datos/protocolo_3.6.10.10.proto:13330	3	fzex:ktu;fzey:ktt;fzez:int32		
ktx		refs/JondoEmu/datos/protocolo_3.6.10.10.proto:13336	4	fzfd:lcf;fzfe:int64;fzff:int32;fzfg:int32		
kty		refs/JondoEmu/datos/protocolo_3.6.10.10.proto:13343	0			
ktz		refs/JondoEmu/datos/protocolo_3.6.10.10.proto:13346	1	fzfn:int32		
kua	kua	refs/JondoEmu/datos/protocolo_3.6.10.10.proto:13350	1	fzfr:int32		
kub	kub	refs/JondoEmu/datos/protocolo_3.6.10.10.proto:13354	2	fzfv:ldn;fzfw:ldn	CharacterStatsListMessage	anclas_3.6.10.10.tsv
kuc		refs/JondoEmu/datos/protocolo_3.6.10.10.proto:13359	0			
kuf	kuf	refs/JondoEmu/datos/protocolo_3.6.10.10.proto:13362	2	fzgd:int64;fzge:kud		
kug		refs/JondoEmu/datos/protocolo_3.6.10.10.proto:13367	1	fzgi:repeated bool		
kuh		refs/JondoEmu/datos/protocolo_3.6.10.10.proto:13371	0		StatsResetRequestMessage	anclas_3.6.10.10.tsv
kuj		refs/JondoEmu/datos/protocolo_3.6.10.10.proto:13374	1	fzgp:bool		
kul		refs/JondoEmu/datos/protocolo_3.6.10.10.proto:13378	2	fzgt:kui;fzgu:kuj		
kum	kum	refs/JondoEmu/datos/protocolo_3.6.10.10.proto:13383	6	fzgy:int32;fzgz:int32;fzha:int32;fzhb:int32;fzhc:int32;fzhd:int32	StatsUpgradeRequestMessage	anclas_3.6.10.10.tsv
kup		refs/JondoEmu/datos/protocolo_3.6.10.10.proto:13392	2	fzhh:kun;fzhi:int64		
kuq		refs/JondoEmu/datos/protocolo_3.6.10.10.proto:13397	4	fzhm:int32;fzhn:int32;fzho:bool;fzhp:int32		
kur		refs/JondoEmu/datos/protocolo_3.6.10.10.proto:13404	2	fzhu:int64;fzhv:repeated lbd		
kus		refs/JondoEmu/datos/protocolo_3.6.10.10.proto:13409	2	fzhz:lcf;fzia:lcf		
kux		refs/JondoEmu/datos/protocolo_3.6.10.10.proto:13414	0			
kuy		refs/JondoEmu/datos/protocolo_3.6.10.10.proto:13417	1	fzii:lpg		
kva	kva	refs/JondoEmu/datos/protocolo_3.6.10.10.proto:13421	2	fzim:kuy;fzin:kux	CharacterSelectedSuccessMessage	anclas_3.6.10.10.tsv
kvb	kvb	refs/JondoEmu/datos/protocolo_3.6.10.10.proto:13426	3	fzis:kuu;fzit:kuv;fziu:kuv	CharacterCreationResultMessage	anclas_3.6.10.10.tsv
kvc		refs/JondoEmu/datos/protocolo_3.6.10.10.proto:13432	1	fziy:int32		
kvd	kvd	refs/JondoEmu/datos/protocolo_3.6.10.10.proto:13436	0		CharactersListEndMessage	anclas_3.6.10.10.tsv
kvg		refs/JondoEmu/datos/protocolo_3.6.10.10.proto:13439	1	fzjf:kve		
kvh		refs/JondoEmu/datos/protocolo_3.6.10.10.proto:13443	0			
kvi	kvi	refs/JondoEmu/datos/protocolo_3.6.10.10.proto:13446	1	fzjm:repeated lpg	CharactersListMessage	anclas_3.6.10.10.tsv
kvj		refs/JondoEmu/datos/protocolo_3.6.10.10.proto:13450	2	fzjq:lpg;fzjr:int64		
kvk	kvk	refs/JondoEmu/datos/protocolo_3.6.10.10.proto:13455	1	fzjv:string	CharacterNameSuggestionSuccessMessage	anclas_3.6.10.10.tsv
kvl	kvl	refs/JondoEmu/datos/protocolo_3.6.10.10.proto:13459	2	fzjz:bool;fzka:int64	CharacterFirstSelectionMessage	anclas_3.6.10.10.tsv
kvm		refs/JondoEmu/datos/protocolo_3.6.10.10.proto:13464	1	fzke:kuv		
kvn		refs/JondoEmu/datos/protocolo_3.6.10.10.proto:13468	3	fzki:string;fzkj:string;fzkk:bool		
kvo		refs/JondoEmu/datos/protocolo_3.6.10.10.proto:13474	2	fzko:int64;fzkp:lpg		
kvq		refs/JondoEmu/datos/protocolo_3.6.10.10.proto:13479	3	fzkt:repeated lpg;fzku:repeated lpg;fzkv:int32		
kvt		refs/JondoEmu/datos/protocolo_3.6.10.10.proto:13485	1	fzla:kvr		
kvu		refs/JondoEmu/datos/protocolo_3.6.10.10.proto:13489	2	fzle:int64;fzlf:string		
kvv		refs/JondoEmu/datos/protocolo_3.6.10.10.proto:13494	1	fzlj:int32		
kvw	kvw	refs/JondoEmu/datos/protocolo_3.6.10.10.proto:13498	1	fzln:int64	CharacterSelectionMessage	anclas_3.6.10.10.tsv
kvx		refs/JondoEmu/datos/protocolo_3.6.10.10.proto:13502	0			
kvy		refs/JondoEmu/datos/protocolo_3.6.10.10.proto:13505	1	fzlu:int64		
kvz	kvz	refs/JondoEmu/datos/protocolo_3.6.10.10.proto:13509	1	fzly:lpj	CharacterCreationRequestMessage	anclas_3.6.10.10.tsv
kwa		refs/JondoEmu/datos/protocolo_3.6.10.10.proto:13513	2	fzmc:bool;fzmd:bool		
kwb		refs/JondoEmu/datos/protocolo_3.6.10.10.proto:13518	0			
kwc		refs/JondoEmu/datos/protocolo_3.6.10.10.proto:13521	0			
kwd		refs/JondoEmu/datos/protocolo_3.6.10.10.proto:13524	1	fzmo:int64		
kwh	kwh	refs/JondoEmu/datos/protocolo_3.6.10.10.proto:13528	2	fzmt:ldd;fzmu:kwf		
kwi	kwi	refs/JondoEmu/datos/protocolo_3.6.10.10.proto:13533	1	fzmy:int32		
kwj	kwj	refs/JondoEmu/datos/protocolo_3.6.10.10.proto:13537	1	fznc:int32		
kwk	kwk	refs/JondoEmu/datos/protocolo_3.6.10.10.proto:13541	1	fzng:law		
kwl	kwl	refs/JondoEmu/datos/protocolo_3.6.10.10.proto:13545	2	fznk:int32;fznl:bool		
kwm	kwm	refs/JondoEmu/datos/protocolo_3.6.10.10.proto:13550	2	fznp:int32;fznq:ldd		
kwn	kwn	refs/JondoEmu/datos/protocolo_3.6.10.10.proto:13555	1	fznu:lax		
kwo	kwo	refs/JondoEmu/datos/protocolo_3.6.10.10.proto:13559	1	fzny:lax		
kwr	kwr	refs/JondoEmu/datos/protocolo_3.6.10.10.proto:13563	2	fzoc:law;fzod:kwp		
kwu	kwu	refs/JondoEmu/datos/protocolo_3.6.10.10.proto:13568	2	fzoh:kws;fzoi:repeated ldd		
kwv	kwv	refs/JondoEmu/datos/protocolo_3.6.10.10.proto:13573	1	fzom:int32		
kww	kww	refs/JondoEmu/datos/protocolo_3.6.10.10.proto:13577	2	fzoq:ldd;fzor:ldd		
kwx	kwx	refs/JondoEmu/datos/protocolo_3.6.10.10.proto:13582	2	fzov:int64;fzow:repeated ldd		
kxa	kxa	refs/JondoEmu/datos/protocolo_3.6.10.10.proto:13587	2	fzpa:int32;fzpb:kwy		
kxb	kxb	refs/JondoEmu/datos/protocolo_3.6.10.10.proto:13592	2	fzpf:int64;fzpg:law		
kxh		refs/JondoEmu/datos/protocolo_3.6.10.10.proto:13597	3	fzpl:kxf;fzpm:int64;fzpn:int64		
kxj		refs/JondoEmu/datos/protocolo_3.6.10.10.proto:13603	3	fzpr:string;fzps:repeated int32;fzpt:repeated int32		
kxk		refs/JondoEmu/datos/protocolo_3.6.10.10.proto:13609	1	fzpx:repeated kxd		
kxm		refs/JondoEmu/datos/protocolo_3.6.10.10.proto:13613	2	fzqb:kxj;fzqc:kxk		
kxo		refs/JondoEmu/datos/protocolo_3.6.10.10.proto:13618	1	fzqh:int32		
kxp		refs/JondoEmu/datos/protocolo_3.6.10.10.proto:13622	1	fzql:repeated kxd		
kxr		refs/JondoEmu/datos/protocolo_3.6.10.10.proto:13626	2	fzqp:kxp;fzqq:kxo		
kxs		refs/JondoEmu/datos/protocolo_3.6.10.10.proto:13631	1	fzqv:repeated int32		
kxv		refs/JondoEmu/datos/protocolo_3.6.10.10.proto:13635	1	fzqz:int64		
kxw		refs/JondoEmu/datos/protocolo_3.6.10.10.proto:13639	2	fzrd:repeated kxe;fzre:repeated kxe		
kxz		refs/JondoEmu/datos/protocolo_3.6.10.10.proto:13644	2	fzri:repeated kxd;fzrj:kxx		
kyb		refs/JondoEmu/datos/protocolo_3.6.10.10.proto:13649	4	fzrn:kxv;fzro:kxu;fzrp:kxz;fzrq:kxw		
kyc		refs/JondoEmu/datos/protocolo_3.6.10.10.proto:13656	1	fzrv:map<bool,int32>		
kye		refs/JondoEmu/datos/protocolo_3.6.10.10.proto:13660	4	fzrz:int64;fzsa:bool;fzsb:int32;fzsc:kyc		
kyf		refs/JondoEmu/datos/protocolo_3.6.10.10.proto:13667	1	fzsh:repeated kxe		
kyi		refs/JondoEmu/datos/protocolo_3.6.10.10.proto:13671	4	fzsl:kzi;fzsm:kyu;fzsn:kyr;fzso:kzj		
kyl		refs/JondoEmu/datos/protocolo_3.6.10.10.proto:13678	2	fzst:kyj;fzsu:int64		
kym		refs/JondoEmu/datos/protocolo_3.6.10.10.proto:13683	2	fzsz:int64;fzta:string		
kyn		refs/JondoEmu/datos/protocolo_3.6.10.10.proto:13688	3	fzte:int32;fztf:lld;fztg:string		
kyo		refs/JondoEmu/datos/protocolo_3.6.10.10.proto:13694	3	fztk:string;fztl:string;fztm:lld		
kyp		refs/JondoEmu/datos/protocolo_3.6.10.10.proto:13700	2	fztq:lgl;fztr:int32		
kyr		refs/JondoEmu/datos/protocolo_3.6.10.10.proto:13705	10	fztv:lhp;fztw:map<int32,int32>;fztx:kyn;fzty:int32;fztz:map<int32,int32>;fzua:kym;fzub:repeated int32;fzuc:kyp;fzud:kyo;fzue:int32		
kys		refs/JondoEmu/datos/protocolo_3.6.10.10.proto:13718	2	fzui:int32;fzuj:bool		
kyu		refs/JondoEmu/datos/protocolo_3.6.10.10.proto:13723	4	fzun:map<int32,llm>;fzuo:map<int32,kys>;fzup:lhk;fzuq:lhk		
kyw		refs/JondoEmu/datos/protocolo_3.6.10.10.proto:13730	2	fzuu:int64;fzuv:int64		
kyx		refs/JondoEmu/datos/protocolo_3.6.10.10.proto:13735	2	fzuz:int64;fzva:int64		
kyy		refs/JondoEmu/datos/protocolo_3.6.10.10.proto:13740	4	fzve:int32;fzvf:int32;fzvg:int64;fzvh:int32		
kyz		refs/JondoEmu/datos/protocolo_3.6.10.10.proto:13747	9	fzvl:int64;fzvm:bool;fzvn:string;fzvo:string;fzvp:repeated string;fzvq:string;fzvr:int64;fzvs:int64;fzvt:repeated int32		
kza		refs/JondoEmu/datos/protocolo_3.6.10.10.proto:13759	4	fzvy:string;fzvz:repeated bool;fzwa:repeated int32;fzwb:string		
kzc		refs/JondoEmu/datos/protocolo_3.6.10.10.proto:13766	7	fzwf:lsg;fzwg:int32;fzwh:int64;fzwi:int32;fzwj:kza;fzwk:int32;fzwl:int32		
kze		refs/JondoEmu/datos/protocolo_3.6.10.10.proto:13776	2	fzwp:kyz;fzwq:repeated kzc		
kzg		refs/JondoEmu/datos/protocolo_3.6.10.10.proto:13781	4	fzwu:kyy;fzwv:kyw;fzww:kze;fzwx:kyx		
kzi		refs/JondoEmu/datos/protocolo_3.6.10.10.proto:13788	2	fzxc:repeated kzg;fzxd:repeated kzg		
kzj		refs/JondoEmu/datos/protocolo_3.6.10.10.proto:13793	1	fzxh:repeated string		
kzl		refs/JondoEmu/datos/protocolo_3.6.10.10.proto:13797	2	fzxl:kyi;fzxm:kyl		
kzn		refs/JondoEmu/datos/protocolo_3.6.10.10.proto:13802	2	fzxr:int64;fzxs:lzc		
kzq		refs/JondoEmu/datos/protocolo_3.6.10.10.proto:13807	1	fzxw:kzo		
kzs		refs/JondoEmu/datos/protocolo_3.6.10.10.proto:13811	4	fzya:repeated int32;fzyb:kzn;fzyc:kzn;fzyd:kzq		
kzt		refs/JondoEmu/datos/protocolo_3.6.10.10.proto:13818	1	fzyi:int64		
kzu		refs/JondoEmu/datos/protocolo_3.6.10.10.proto:13822	14	fzym:int32;fzyn:bool;fzyo:int64;fzyp:int32;fzyq:int64;fzyr:int32;fzys:bool;fzyt:bool;fzyu:int32;fzyv:lhg;fzyw:int32;fzyx:lba;fzyy:string;fzyz:int32		
kzy		refs/JondoEmu/datos/protocolo_3.6.10.10.proto:13839	5	fzzg:repeated kxe;fzzh:int64;fzzi:bool;fzzj:string;fzzk:kzu		
lab		refs/JondoEmu/datos/protocolo_3.6.10.10.proto:13847	2	fzzp:kzz;fzzq:kzz		
lad		refs/JondoEmu/datos/protocolo_3.6.10.10.proto:13852	2	fzzu:lab;fzzv:kzy		
lag		refs/JondoEmu/datos/protocolo_3.6.10.10.proto:13857	3	gaaa:lae;gaab:kxe;gaac:int64		
lak		refs/JondoEmu/datos/protocolo_3.6.10.10.proto:13863	3	gaah:int32;gaai:int32;gaaj:lai		
lal		refs/JondoEmu/datos/protocolo_3.6.10.10.proto:13869	1	gaan:repeated lak		
lao		refs/JondoEmu/datos/protocolo_3.6.10.10.proto:13873	2	gaas:int64;gaat:repeated bool		
laq		refs/JondoEmu/datos/protocolo_3.6.10.10.proto:13878	7	gaax:int64;gaay:int32;gaaz:string;gaba:lan;gabb:ldm;gabc:int32;gabd:lao		
lar	lar	refs/JondoEmu/datos/protocolo_3.6.10.10.proto:13888	0			
las		refs/JondoEmu/datos/protocolo_3.6.10.10.proto:13891	3	gabk:repeated laq;gabl:repeated int32;gabm:repeated laq		
lcf		refs/JondoEmu/datos/protocolo_3.6.10.10.proto:13897	2	gabr:lcd;gabs:string		
lci		refs/JondoEmu/datos/protocolo_3.6.10.10.proto:13902	4	gabx:lcg;gaby:int64;gabz:int32;gaca:int32		
lcj	lcj	refs/JondoEmu/datos/protocolo_3.6.10.10.proto:13909	2	gace:int32;gacf:int32		
lcm		refs/JondoEmu/datos/protocolo_3.6.10.10.proto:13914	4	gacj:lhg;gack:string;gacl:int32;gacm:lck		
lcn		refs/JondoEmu/datos/protocolo_3.6.10.10.proto:13921	4	gacq:int32;gacr:int32;gacs:int32;gact:int32		
lco		refs/JondoEmu/datos/protocolo_3.6.10.10.proto:13928	3	gacx:int32;gacy:repeated lgt;gacz:int32		
lcp		refs/JondoEmu/datos/protocolo_3.6.10.10.proto:13934	3	gadd:int32;gade:repeated int64;gadf:string		
lcr		refs/JondoEmu/datos/protocolo_3.6.10.10.proto:13940	2	gadj:lcp;gadk:int64		
lcs		refs/JondoEmu/datos/protocolo_3.6.10.10.proto:13945	3	gado:int64;gadp:int32;gadq:string		
lcu		refs/JondoEmu/datos/protocolo_3.6.10.10.proto:13951	8	gadu:bool;gadv:bool;gadw:int32;gadx:lcs;gady:bool;gadz:bool;gaea:bool;gaeb:int32		
lcx		refs/JondoEmu/datos/protocolo_3.6.10.10.proto:13962	3	gaef:int32;gaeg:int32;gaeh:lcv		
lcy		refs/JondoEmu/datos/protocolo_3.6.10.10.proto:13968	4	gael:string;gaem:int64;gaen:repeated string;gaeo:int32		
lda		refs/JondoEmu/datos/protocolo_3.6.10.10.proto:13975	4	gaet:repeated int64;gaeu:int32;gaev:int64;gaew:lcy		
ldd		refs/JondoEmu/datos/protocolo_3.6.10.10.proto:13982	5	gafa:int32;gafb:int32;gafc:repeated lda;gafd:int32;gafe:ldb		
lde		refs/JondoEmu/datos/protocolo_3.6.10.10.proto:13990	5	gafi:int32;gafj:lbz;gafk:int32;gafl:lca;gafm:int32		
ldf		refs/JondoEmu/datos/protocolo_3.6.10.10.proto:13998	4	gafq:bool;gafr:int32;gafs:int32;gaft:int32		
ldk		refs/JondoEmu/datos/protocolo_3.6.10.10.proto:14005	5	gafx:int32;gafy:int64;gafz:int32;gaga:string;gagb:ldi		
ldm		refs/JondoEmu/datos/protocolo_3.6.10.10.proto:14013	5	gagf:int32;gagg:repeated lng;gagh:ldh;gagi:int32;gagj:bool		
ldn		refs/JondoEmu/datos/protocolo_3.6.10.10.proto:14021	11	gagp:int64;gagq:repeated lhq;gagr:int64;gags:int32;gagt:int64;gagu:repeated lde;gagv:int64;gagw:int64;gagx:llp;gagy:int64;gagz:repeated lns		
ldo		refs/JondoEmu/datos/protocolo_3.6.10.10.proto:14035	5	gahd:string;gahe:int32;gahf:int64;gahg:bool;gahh:repeated int64		
ldq		refs/JondoEmu/datos/protocolo_3.6.10.10.proto:14043	3	gahn:ldo;gaho:int32;gahp:int32		
ldr		refs/JondoEmu/datos/protocolo_3.6.10.10.proto:14049	3	gaht:bool;gahu:repeated int32;gahv:repeated int32		
ldt		refs/JondoEmu/datos/protocolo_3.6.10.10.proto:14055	5	gahz:int32;gaia:string;gaib:ldr;gaic:ldq;gaid:int32		
ldx		refs/JondoEmu/datos/protocolo_3.6.10.10.proto:14063	4	gaih:int32;gaii:int32;gaij:int32;gaik:ldv		
ldz		refs/JondoEmu/datos/protocolo_3.6.10.10.proto:14070	12	gaio:repeated ldx;gaip:int32;gaiq:int32;gair:int32;gais:ldu;gait:int32;gaiu:int32;gaiv:lbl;gaiw:int32;gaix:int32;gaiy:bool;gaiz:int64		
lea		refs/JondoEmu/datos/protocolo_3.6.10.10.proto:14085	16	gajd:int64;gaje:repeated lfc;gajf:lfe;gajg:int32;gajh:repeated lec;gaji:string;gajj:repeated lli;gajk:int64;gajl:lby;gajm:int32;gajn:int32;gajo:string;gajp:lhg;gajq:len;gajr:int64;gajs:repeated lns		
leb		refs/JondoEmu/datos/protocolo_3.6.10.10.proto:14104	4	gajw:int32;gajx:int64;gajy:int64;gajz:int32		
lec		refs/JondoEmu/datos/protocolo_3.6.10.10.proto:14111	5	gakd:int32;gake:bool;gakf:llk;gakg:repeated string;gakh:llk		
led		refs/JondoEmu/datos/protocolo_3.6.10.10.proto:14119	4	gakl:int32;gakm:int32;gakn:lhg;gako:int32		
lee		refs/JondoEmu/datos/protocolo_3.6.10.10.proto:14126	2	gaks:int32;gakt:int64		
lef		refs/JondoEmu/datos/protocolo_3.6.10.10.proto:14131	9	gakx:int32;gaky:int32;gakz:int64;gala:bool;galb:int32;galc:int32;gald:int32;gale:int32;galf:int32		
leg		refs/JondoEmu/datos/protocolo_3.6.10.10.proto:14143	4	galk:string;gall:int64;galm:string;galn:int64		
lej		refs/JondoEmu/datos/protocolo_3.6.10.10.proto:14150	4	galr:leh;gals:int32;galt:int32;galu:int64		
lek		refs/JondoEmu/datos/protocolo_3.6.10.10.proto:14157	2	galy:repeated string;galz:map<string,int64>		
lel		refs/JondoEmu/datos/protocolo_3.6.10.10.proto:14162	5	gamd:lmn;gamf:int64;gamg:int32;gamh:int32;gami:int32		
len		refs/JondoEmu/datos/protocolo_3.6.10.10.proto:14170	6	gamm:lek;gamn:lld;gamo:string;gamp:bool;gamq:string;gamr:string		
leo		refs/JondoEmu/datos/protocolo_3.6.10.10.proto:14179	7	gamw:int64;gamx:int32;gamy:string;gamz:bool;gana:int32;ganb:string;ganc:bool		
leq		refs/JondoEmu/datos/protocolo_3.6.10.10.proto:14189	3	gani:leo;ganj:string;gank:lld		
les		refs/JondoEmu/datos/protocolo_3.6.10.10.proto:14195	4	gano:leq;ganp:int32;ganq:string;ganr:int32		
let		refs/JondoEmu/datos/protocolo_3.6.10.10.proto:14202	3	ganv:int32;ganw:int32;ganx:int32		
lev		refs/JondoEmu/datos/protocolo_3.6.10.10.proto:14208	6	gaoc:bool;gaod:int32;gaoe:bool;gaof:repeated let;gaog:repeated let;gaoh:int32		
ley	ley	refs/JondoEmu/datos/protocolo_3.6.10.10.proto:14217	6	gaom:int32;gaon:bool;gaoo:int64;gaop:lew;gaoq:int64;gaor:len		
lfa		refs/JondoEmu/datos/protocolo_3.6.10.10.proto:14226	7	gaow:map<string,int32>;gaox:int64;gaoy:int64;gaoz:int64;gapa:repeated int32;gapb:map<string,int64>;gapc:string		
lfc		refs/JondoEmu/datos/protocolo_3.6.10.10.proto:14236	4	gaph:lfa;gapi:int32;gapj:bool;gapk:leb		
lfd		refs/JondoEmu/datos/protocolo_3.6.10.10.proto:14243	3	gapq:repeated lns;gapr:repeated lli;gaps:string		
lfe		refs/JondoEmu/datos/protocolo_3.6.10.10.proto:14249	2	gapw:int32;gapx:int32		
lff		refs/JondoEmu/datos/protocolo_3.6.10.10.proto:14254	3	gaqb:lhd;gaqc:int64;gaqd:int32		
lfg		refs/JondoEmu/datos/protocolo_3.6.10.10.proto:14260	2	gaqh:repeated int32;gaqi:repeated int32		
lfh		refs/JondoEmu/datos/protocolo_3.6.10.10.proto:14265	1	gaqm:int32		
lfi		refs/JondoEmu/datos/protocolo_3.6.10.10.proto:14269	2	gaqq:string;gaqr:string		
lfj	lfj	refs/JondoEmu/datos/protocolo_3.6.10.10.proto:14274	2	gaqv:string;gaqw:bool		
lfk		refs/JondoEmu/datos/protocolo_3.6.10.10.proto:14279	0			
lfm		refs/JondoEmu/datos/protocolo_3.6.10.10.proto:14282	4	gard:int64;gare:lfk;garf:int64;garg:repeated lng		
lfo	lfo	refs/JondoEmu/datos/protocolo_3.6.10.10.proto:14289	3	gark:int32;garl:int32;garm:lfm		
lfq		refs/JondoEmu/datos/protocolo_3.6.10.10.proto:14295	3	garq:repeated int64;garr:lhg;gars:lbo		
lfr		refs/JondoEmu/datos/protocolo_3.6.10.10.proto:14301	4	garx:repeated string;gary:int32;garz:int32;gasa:int32		
lft		refs/JondoEmu/datos/protocolo_3.6.10.10.proto:14308	4	gase:int32;gasf:int32;gasg:lfq;gash:lfr		
lfu		refs/JondoEmu/datos/protocolo_3.6.10.10.proto:14315	6	gasm:bool;gasn:bool;gaso:bool;gasp:int64;gasq:repeated bool;gasr:int32		
lfv		refs/JondoEmu/datos/protocolo_3.6.10.10.proto:14324	3	gasw:int32;gasx:int32;gasy:lnk		
lfx	lfx	refs/JondoEmu/datos/protocolo_3.6.10.10.proto:14330	5	gatc:int32;gatd:lfv;gate:lhg;gatf:lfu;gatg:int32		
lfy		refs/JondoEmu/datos/protocolo_3.6.10.10.proto:14338	14	gatk:int64;gatl:string;gatm:int32;gatn:repeated int32;gato:lbs;gatp:repeated int32;gatq:bool;gatr:string;gats:int32;gatt:int32;gatu:bool;gatv:bool;gatw:string;gatx:bool		
lfz		refs/JondoEmu/datos/protocolo_3.6.10.10.proto:14355	3	gaub:int32;gauc:int32;gaud:int32		
lgc		refs/JondoEmu/datos/protocolo_3.6.10.10.proto:14361	1	gauh:string		
lgd		refs/JondoEmu/datos/protocolo_3.6.10.10.proto:14365	3	gaul:string;gaum:int32;gaun:string		
lgf		refs/JondoEmu/datos/protocolo_3.6.10.10.proto:14371	4	gaur:lgb;gaus:lgd;gaut:lgd;gauu:lgc		
lgg		refs/JondoEmu/datos/protocolo_3.6.10.10.proto:14378	2	gauz:string;gava:string		
lgi		refs/JondoEmu/datos/protocolo_3.6.10.10.proto:14383	3	gave:int32;gavf:string;gavg:lgg		
lgj		refs/JondoEmu/datos/protocolo_3.6.10.10.proto:14389	1	gavk:int64		
lgl		refs/JondoEmu/datos/protocolo_3.6.10.10.proto:14393	5	gavp:int64;gavq:int32;gavr:lgj;gavs:int32;gavt:int32		
lgm		refs/JondoEmu/datos/protocolo_3.6.10.10.proto:14401	10	gavx:int32;gavy:string;gavz:lba;gawa:int64;gawb:string;gawc:string;gawd:int64;gawe:string;gawf:lcf;gawg:int32		
lgp		refs/JondoEmu/datos/protocolo_3.6.10.10.proto:14414	2	gawk:int64;gawl:lgn		
lgr		refs/JondoEmu/datos/protocolo_3.6.10.10.proto:14419	11	gawp:int32;gawq:lba;gawr:bool;gaws:int32;gawt:bool;gawu:int32;gawv:int64;gaww:lpy;gawx:lgu;gawy:lms;gawz:lnv		
lgs		refs/JondoEmu/datos/protocolo_3.6.10.10.proto:14433	4	gaxe:int32;gaxf:bool;gaxg:lbo;gaxh:int64		
lgt		refs/JondoEmu/datos/protocolo_3.6.10.10.proto:14440	4	gaxo:int32;gaxp:int64;gaxq:map<string,int32>;gaxr:int32		
lgu		refs/JondoEmu/datos/protocolo_3.6.10.10.proto:14447	1	gaxv:string		
lgw		refs/JondoEmu/datos/protocolo_3.6.10.10.proto:14451	7	gaxz:lbh;gaya:int64;gayb:laz;gayc:lbl;gayd:int32;gaye:lcu;gayf:lmt		
lgx		refs/JondoEmu/datos/protocolo_3.6.10.10.proto:14461	3	gayk:repeated led;gayl:led;gaym:repeated lho		
lgy		refs/JondoEmu/datos/protocolo_3.6.10.10.proto:14467	4	gayq:repeated bool;gayr:int32;gays:int32;gayt:repeated lng		
lgz	lgz	refs/JondoEmu/datos/protocolo_3.6.10.10.proto:14474	4	gayx:repeated lpg;gayy:repeated lpg;gayz:lgp;gaza:lci		
lhd		refs/JondoEmu/datos/protocolo_3.6.10.10.proto:14481	16	gaze:int32;gazf:int64;gazg:int32;gazh:int32;gazi:bool;gazj:lni;gazk:string;gazl:int32;gazm:bool;gazn:int32;gazo:int32;gazp:lni;gazq:int32;gazr:int32;gazs:lha;gazt:lhb		
lhe		refs/JondoEmu/datos/protocolo_3.6.10.10.proto:14500	4	gazx:repeated int32;gazy:map<int32,int64>;gazz:int64;gbaa:bool		
lhg		refs/JondoEmu/datos/protocolo_3.6.10.10.proto:14507	7	gbaf:repeated int32;gbag:int32;gbah:int32;gbai:lhe;gbaj:repeated int32;gbak:repeated int32;gbal:repeated lcm		
lhh		refs/JondoEmu/datos/protocolo_3.6.10.10.proto:14517	2	gbap:int32;gbaq:int32		
lhi	lhi	refs/JondoEmu/datos/protocolo_3.6.10.10.proto:14522	6	gbau:int32;gbav:int32;gbaw:int32;gbax:int32;gbay:int32;gbaz:bool		
lhk		refs/JondoEmu/datos/protocolo_3.6.10.10.proto:14531	1	gbbe:map<int32,lhi>		
lhl		refs/JondoEmu/datos/protocolo_3.6.10.10.proto:14535	4	gbbi:bool;gbbj:bool;gbbk:bool;gbbl:bool		
lhm		refs/JondoEmu/datos/protocolo_3.6.10.10.proto:14542	5	gbbp:int64;gbbq:lfe;gbbr:int32;gbbs:ley;gbbt:string		
lhn		refs/JondoEmu/datos/protocolo_3.6.10.10.proto:14550	3	gbbx:int32;gbby:int32;gbbz:int32		
lho		refs/JondoEmu/datos/protocolo_3.6.10.10.proto:14556	3	gbcd:repeated led;gbce:int32;gbcf:repeated int64		
lhp		refs/JondoEmu/datos/protocolo_3.6.10.10.proto:14562	3	gbcj:int32;gbck:int32;gbcl:laz		
lhq		refs/JondoEmu/datos/protocolo_3.6.10.10.proto:14568	3	gbcp:int32;gbcq:lca;gbcr:lbz		
lhs		refs/JondoEmu/datos/protocolo_3.6.10.10.proto:14574	9	gbcv:int32;gbcw:repeated bool;gbcx:lhh;gbcy:lob;gbcz:lnw;gbda:lmq;gbdb:lfh;gbdc:lfj;gbdd:lpp		
lhx		refs/JondoEmu/datos/protocolo_3.6.10.10.proto:14586	4	gbdi:lhg;gbdj:int32;gbdk:int32;gbdl:string		
lhz		refs/JondoEmu/datos/protocolo_3.6.10.10.proto:14593	1	gbdq:repeated lhx		
lia		refs/JondoEmu/datos/protocolo_3.6.10.10.proto:14597	2	gbdu:lbc;gbdv:len		
lib		refs/JondoEmu/datos/protocolo_3.6.10.10.proto:14602	1	gbdz:int32		
lic		refs/JondoEmu/datos/protocolo_3.6.10.10.proto:14606	2	gbed:string;gbee:bool		
lid		refs/JondoEmu/datos/protocolo_3.6.10.10.proto:14611	4	gbek:int32;gbel:int32;gbem:bool;gben:int32		
lie		refs/JondoEmu/datos/protocolo_3.6.10.10.proto:14618	4	gbeu:int32;gbev:map<string,bool>;gbew:lau;gbex:string		
lif	lif	refs/JondoEmu/datos/protocolo_3.6.10.10.proto:14625	9	gbfb:repeated int32;gbfc:int64;gbfd:int64;gbfe:bool;gbff:string;gbfg:string;gbfh:int32;gbfi:string;gbfj:bool		
lih		refs/JondoEmu/datos/protocolo_3.6.10.10.proto:14637	4	gbfp:string;gbfq:int32;gbfr:int32;gbfs:lif		
lij		refs/JondoEmu/datos/protocolo_3.6.10.10.proto:14644	9	gbfw:lib;gbfx:lic;gbfy:lie;gbfz:les;gbga:lia;gbgb:lhz;gbgc:int32;gbgd:bool;gbge:lih		
lik		refs/JondoEmu/datos/protocolo_3.6.10.10.proto:14656	2	gbgk:int32;gbgl:int32		
lim		refs/JondoEmu/datos/protocolo_3.6.10.10.proto:14661	8	gbgp:llp;gbgq:lik;gbgr:int64;gbgs:lbb;gbgt:repeated lij;gbgu:lbb;gbgv:repeated lbd;gbgw:lba		
lin		refs/JondoEmu/datos/protocolo_3.6.10.10.proto:14672	0			
lip		refs/JondoEmu/datos/protocolo_3.6.10.10.proto:14675	3	gbhd:string;gbhe:lin;gbhf:lim		
liq		refs/JondoEmu/datos/protocolo_3.6.10.10.proto:14681	2	gbhk:lll;gbhl:int32		
lir		refs/JondoEmu/datos/protocolo_3.6.10.10.proto:14686	3	gbhp:repeated lgx;gbhq:int32;gbhr:int32		
lit		refs/JondoEmu/datos/protocolo_3.6.10.10.proto:14692	5	gbhw:laz;gbhx:lgx;gbhy:lir;gbhz:string;gbia:int32		
liu		refs/JondoEmu/datos/protocolo_3.6.10.10.proto:14700	3	gbie:string;gbif:bool;gbig:repeated bool		
liw		refs/JondoEmu/datos/protocolo_3.6.10.10.proto:14706	3	gbil:repeated int32;gbim:liu;gbin:repeated int32		
liy		refs/JondoEmu/datos/protocolo_3.6.10.10.proto:14712	6	gbir:string;gbis:bool;gbit:liw;gbiu:lba;gbiv:int32;gbiw:int32		
lja		refs/JondoEmu/datos/protocolo_3.6.10.10.proto:14721	7	gbjb:int32;gbjc:bool;gbjd:ley;gbje:lnh;gbjf:lit;gbjg:lip;gbjh:liq		
ljg		refs/JondoEmu/datos/protocolo_3.6.10.10.proto:14731	5	gbjn:int32;gbjo:lba;gbjp:int32;gbjq:llp;gbjr:lje		
ljh		refs/JondoEmu/datos/protocolo_3.6.10.10.proto:14739	2	gbjv:int32;gbjw:int32		
ljj		refs/JondoEmu/datos/protocolo_3.6.10.10.proto:14744	8	gbka:ljd;gbkb:int32;gbkc:int32;gbkd:bool;gbke:string;gbkf:lcf;gbkg:ljg;gbkh:ljh		
ljl		refs/JondoEmu/datos/protocolo_3.6.10.10.proto:14755	3	gbkm:int32;gbkn:int32;gbko:int32		
ljo		refs/JondoEmu/datos/protocolo_3.6.10.10.proto:14761	4	gbks:int32;gbkt:int32;gbku:int32;gbkv:ljm		
ljq		refs/JondoEmu/datos/protocolo_3.6.10.10.proto:14768	2	gbkz:ljo;gbla:ljl		
ljr		refs/JondoEmu/datos/protocolo_3.6.10.10.proto:14773	4	gblf:int64;gblg:string;gblh:int32;gbli:int32		
ljt		refs/JondoEmu/datos/protocolo_3.6.10.10.proto:14780	9	gblm:int64;gbln:bool;gblo:lpk;gblp:int32;gblq:map<int32,int32>;gblr:lnj;gbls:repeated int32;gblt:ljq;gblu:ljj		
ljv		refs/JondoEmu/datos/protocolo_3.6.10.10.proto:14792	3	gbma:lhg;gbmb:lja;gbmc:ljt		
ljx		refs/JondoEmu/datos/protocolo_3.6.10.10.proto:14798	4	gbmh:lgs;gbmi:ljv;gbmj:int64;gbmk:int32		
lkc		refs/JondoEmu/datos/protocolo_3.6.10.10.proto:14805	9	gbmo:int64;gbmp:int32;gbmq:llk;gbmr:int32;gbms:int32;gbmt:lka;gbmu:string;gbmv:int64;gbmw:ljz		
lkg		refs/JondoEmu/datos/protocolo_3.6.10.10.proto:14817	4	gbna:lke;gbnb:int64;gbnc:string;gbnd:lke		
lkh		refs/JondoEmu/datos/protocolo_3.6.10.10.proto:14824	2	gbnh:string;gbni:int32		
lki		refs/JondoEmu/datos/protocolo_3.6.10.10.proto:14829	0			
lkm		refs/JondoEmu/datos/protocolo_3.6.10.10.proto:14832	3	gbnp:ldt;gbnq:lkj;gbnr:lkk		
lkn		refs/JondoEmu/datos/protocolo_3.6.10.10.proto:14838	5	gbnv:ldt;gbnw:int64;gbnx:int64;gbny:string;gbnz:string		
lko		refs/JondoEmu/datos/protocolo_3.6.10.10.proto:14846	4	gbod:int32;gboe:int64;gbof:string;gbog:int32		
lkp		refs/JondoEmu/datos/protocolo_3.6.10.10.proto:14853	5	gbok:int32;gbol:bool;gbom:int64;gbon:int32;gboo:string		
lkq		refs/JondoEmu/datos/protocolo_3.6.10.10.proto:14861	2	gbou:int32;gbov:int32		
lkr	lkr	refs/JondoEmu/datos/protocolo_3.6.10.10.proto:14866	2	gboz:int64;gbpa:string		
lks		refs/JondoEmu/datos/protocolo_3.6.10.10.proto:14871	4	gbpe:int64;gbpf:string;gbpg:int32;gbph:int32		
lkt	lkt	refs/JondoEmu/datos/protocolo_3.6.10.10.proto:14878	3	gbpl:string;gbpm:int64;gbpn:int32		
lku		refs/JondoEmu/datos/protocolo_3.6.10.10.proto:14884	5	gbpr:int32;gbps:int32;gbpt:string;gbpu:string;gbpv:int64		
lkv		refs/JondoEmu/datos/protocolo_3.6.10.10.proto:14892	3	gbpz:string;gbqa:bool;gbqb:int32		
lkx		refs/JondoEmu/datos/protocolo_3.6.10.10.proto:14898	7	gbqh:lkv;gbqi:int64;gbqj:string;gbqk:int64;gbql:string;gbqm:int32;gbqn:string		
lky		refs/JondoEmu/datos/protocolo_3.6.10.10.proto:14908	6	gbqr:int64;gbqs:string;gbqt:int32;gbqu:string;gbqv:string;gbqw:int64		
lkz		refs/JondoEmu/datos/protocolo_3.6.10.10.proto:14917	4	gbra:int32;gbrb:int32;gbrc:string;gbrd:string		
lla		refs/JondoEmu/datos/protocolo_3.6.10.10.proto:14924	5	gbrh:int64;gbri:int32;gbrj:string;gbrk:string;gbrl:string		
llc		refs/JondoEmu/datos/protocolo_3.6.10.10.proto:14932	20	gbrp:lkq;gbrq:int32;gbrr:int64;gbrs:lkx;gbrt:lkq;gbru:lla;gbrv:lkn;gbrw:lku;gbrx:lky;gbry:lkc;gbrz:lkz;gbsa:lkp;gbsb:lkm;gbsc:lkr;gbsd:lkh;gbse:lks;gbsf:lko;gbsg:lki;gbsh:lkt;gbsi:lkg		
lld		refs/JondoEmu/datos/protocolo_3.6.10.10.proto:14955	5	gbsn:int32;gbso:int32;gbsp:int32;gbsq:int32;gbsr:int32		
llg		refs/JondoEmu/datos/protocolo_3.6.10.10.proto:14963	3	gbsv:lle;gbsw:int32;gbsx:int32		
llh		refs/JondoEmu/datos/protocolo_3.6.10.10.proto:14969	3	gbtb:int64;gbtc:int32;gbtd:int32		
lli		refs/JondoEmu/datos/protocolo_3.6.10.10.proto:14975	3	gbth:int64;gbti:int32;gbtj:int32		
llj		refs/JondoEmu/datos/protocolo_3.6.10.10.proto:14981	2	gbtn:int32;gbto:lbp		
llk		refs/JondoEmu/datos/protocolo_3.6.10.10.proto:14986	5	gbts:int32;gbtt:repeated lng;gbtu:int32;gbtv:int32;gbtw:repeated llj		
lll		refs/JondoEmu/datos/protocolo_3.6.10.10.proto:14994	6	gbua:len;gbub:int32;gbuc:string;gbud:int64;gbue:int32;gbuf:int64		
llm		refs/JondoEmu/datos/protocolo_3.6.10.10.proto:15003	3	gbuj:int32;gbuk:int32;gbul:bool		
lln		refs/JondoEmu/datos/protocolo_3.6.10.10.proto:15009	4	gbuq:int32;gbur:lbc;gbus:int32;gbut:int32		
llp		refs/JondoEmu/datos/protocolo_3.6.10.10.proto:15016	5	gbux:int32;gbuy:laz;gbuz:lln;gbva:int32;gbvb:int32		
llq		refs/JondoEmu/datos/protocolo_3.6.10.10.proto:15024	4	gbvf:int64;gbvg:repeated llw;gbvh:repeated llw;gbvi:int32		
lls		refs/JondoEmu/datos/protocolo_3.6.10.10.proto:15031	2	gbvm:int64;gbvn:bool		
llu		refs/JondoEmu/datos/protocolo_3.6.10.10.proto:15036	4	gbvr:int32;gbvs:int32;gbvt:lls;gbvu:int32		
llw		refs/JondoEmu/datos/protocolo_3.6.10.10.proto:15043	5	gbvy:repeated llu;gbvz:llr;gbwa:repeated llu;gbwb:repeated llu;gbwc:int32		
llz		refs/JondoEmu/datos/protocolo_3.6.10.10.proto:15051	9	gbwg:int64;gbwh:int64;gbwi:int32;gbwj:bool;gbwk:int64;gbwl:int64;gbwm:bool;gbwn:bool;gbwo:bool		
lma		refs/JondoEmu/datos/protocolo_3.6.10.10.proto:15063	5	gbws:bool;gbwt:int32;gbwu:bool;gbwv:bool;gbww:repeated string		
lmc		refs/JondoEmu/datos/protocolo_3.6.10.10.proto:15071	6	gbxb:lma;gbxc:int32;gbxd:int32;gbxe:int32;gbxf:int32;gbxg:int32		
lme		refs/JondoEmu/datos/protocolo_3.6.10.10.proto:15080	2	gbxk:lmc;gbxl:llz		
lmg		refs/JondoEmu/datos/protocolo_3.6.10.10.proto:15085	3	gbxq:repeated lme;gbxr:int32;gbxs:repeated lme		
lmh		refs/JondoEmu/datos/protocolo_3.6.10.10.proto:15091	1	gbxw:int32		
lmi		refs/JondoEmu/datos/protocolo_3.6.10.10.proto:15095	1	gbya:len		
lmk		refs/JondoEmu/datos/protocolo_3.6.10.10.proto:15099	5	gbye:int64;gbyf:bool;gbyg:lmg;gbyh:lmi;gbyi:lmh		
lmm		refs/JondoEmu/datos/protocolo_3.6.10.10.proto:15107	4	gbyn:int32;gbyo:llq;gbyp:lmk;gbyq:lbj		
lmn		refs/JondoEmu/datos/protocolo_3.6.10.10.proto:15114	13	gbyu:string;gbyv:lbs;gbyw:int32;gbyx:int32;gbyy:string;gbyz:repeated int32;gbza:bool;gbzb:bool;gbzc:string;gbzd:int64;gbze:bool;gbzf:string;gbzg:repeated int32		
lmo		refs/JondoEmu/datos/protocolo_3.6.10.10.proto:15130	4	gbzk:int64;gbzl:bool;gbzm:string;gbzn:int64		
lmq		refs/JondoEmu/datos/protocolo_3.6.10.10.proto:15137	2	gbzs:lmo;gbzt:int32		
lmr		refs/JondoEmu/datos/protocolo_3.6.10.10.proto:15142	3	gbzx:bool;gbzy:bool;gbzz:int32		
lms		refs/JondoEmu/datos/protocolo_3.6.10.10.proto:15148	1	gcae:int32		
lmt		refs/JondoEmu/datos/protocolo_3.6.10.10.proto:15152	2	gcai:repeated lnq;gcaj:lav		
lmv		refs/JondoEmu/datos/protocolo_3.6.10.10.proto:15157	5	gcao:int32;gcap:int32;gcaq:int32;gcar:int32;gcas:int32		
lmw		refs/JondoEmu/datos/protocolo_3.6.10.10.proto:15165	2	gcaw:int32;gcax:int32		
lmx		refs/JondoEmu/datos/protocolo_3.6.10.10.proto:15170	4	gcbb:int32;gcbc:int64;gcbd:int32;gcbe:int32		
lmy		refs/JondoEmu/datos/protocolo_3.6.10.10.proto:15177	2	gcbi:int32;gcbj:int32		
lnb		refs/JondoEmu/datos/protocolo_3.6.10.10.proto:15182	3	gcbn:int32;gcbo:lmz;gcbp:int32		
lne		refs/JondoEmu/datos/protocolo_3.6.10.10.proto:15188	3	gcbt:int32;gcbu:int32;gcbv:lnc		
lng		refs/JondoEmu/datos/protocolo_3.6.10.10.proto:15194	11	gcbz:int32;gcca:string;gccb:bool;gccc:lmv;gccd:int64;gcce:bool;gccf:int32;gccg:bool;gcch:lmw;gcci:lmx;gccj:lnb		
lnh		refs/JondoEmu/datos/protocolo_3.6.10.10.proto:15208	3	gccs:map<bool,int64>;gcct:int32;gccu:int32		
lni		refs/JondoEmu/datos/protocolo_3.6.10.10.proto:15214	3	gccy:int32;gccz:int32;gcda:int32		
lnj		refs/JondoEmu/datos/protocolo_3.6.10.10.proto:15220	4	gcde:int32;gcdf:lbl;gcdg:bool;gcdh:ljx		
lnk	lnk	refs/JondoEmu/datos/protocolo_3.6.10.10.proto:15227	6	gcdl:int32;gcdm:int32;gcdn:int32;gcdo:int32;gcdp:string;gcdq:bool		
lno		refs/JondoEmu/datos/protocolo_3.6.10.10.proto:15236	3	gcdv:lnm;gcdw:lec;gcdx:lnl		
lnq		refs/JondoEmu/datos/protocolo_3.6.10.10.proto:15242	7	gceb:int64;gcec:int64;gced:repeated int32;gcee:lgi;gcef:lpz;gceg:lfz;gceh:lej		
lns		refs/JondoEmu/datos/protocolo_3.6.10.10.proto:15252	5	gcem:int32;gcen:lef;gceo:lcr;gcep:loa;gceq:lef		
lnv		refs/JondoEmu/datos/protocolo_3.6.10.10.proto:15260	3	gcev:int64;gcew:int32;gcex:lnt		
lnw		refs/JondoEmu/datos/protocolo_3.6.10.10.proto:15266	2	gcfb:lbn;gcfc:string		
lnx		refs/JondoEmu/datos/protocolo_3.6.10.10.proto:15271	12	gcfg:bool;gcfh:bool;gcfi:les;gcfj:bool;gcfk:bool;gcfl:int32;gcfm:int64;gcfn:bool;gcfo:lfi;gcfp:bool;gcfq:int32;gcfr:repeated int32		
lny		refs/JondoEmu/datos/protocolo_3.6.10.10.proto:15286	6	gcfw:repeated int32;gcfx:lbg;gcfy:repeated lgw;gcfz:string;gcga:repeated lhl;gcgb:int32		
lnz		refs/JondoEmu/datos/protocolo_3.6.10.10.proto:15295	1	gcgf:string		
loa		refs/JondoEmu/datos/protocolo_3.6.10.10.proto:15299	8	gcgj:int32;gcgk:int32;gcgl:int32;gcgm:int32;gcgn:int32;gcgo:int32;gcgp:int32;gcgq:int32		
lob		refs/JondoEmu/datos/protocolo_3.6.10.10.proto:15310	4	gcgu:bool;gcgv:bool;gcgw:int32;gcgx:int32		
loc		refs/JondoEmu/datos/protocolo_3.6.10.10.proto:15317	2	gchc:lpl;gchd:lbj		
loi		refs/JondoEmu/datos/protocolo_3.6.10.10.proto:15322	3	gchh:string;gchi:int64;gchj:log		
loj		refs/JondoEmu/datos/protocolo_3.6.10.10.proto:15328	2	gchn:int32;gcho:int32		
lol	lol	refs/JondoEmu/datos/protocolo_3.6.10.10.proto:15333	6	gchs:int32;gcht:loj;gchu:laz;gchv:int32;gchw:bool;gchx:loi		
lon		refs/JondoEmu/datos/protocolo_3.6.10.10.proto:15342	10	gcib:int64;gcic:int32;gcid:lay;gcie:int64;gcif:int32;gcig:bool;gcih:int32;gcii:lol;gcij:lcf;gcik:lba		
lot		refs/JondoEmu/datos/protocolo_3.6.10.10.proto:15355	4	gcip:int32;gciq:int64;gcir:bool;gcis:loq		
lou	lou	refs/JondoEmu/datos/protocolo_3.6.10.10.proto:15362	8	gcix:map<string,int64>;gciy:lcf;gciz:repeated lfx;gcja:lgl;gcjb:laz;gcjc:int32;gcjd:bool;gcje:lnk		
lov		refs/JondoEmu/datos/protocolo_3.6.10.10.proto:15373	9	gcjj:int32;gcjk:repeated bool;gcjl:int32;gcjm:int32;gcjn:int32;gcjo:bool;gcjp:bool;gcjq:repeated int32;gcjr:int32		
loy	loy	refs/JondoEmu/datos/protocolo_3.6.10.10.proto:15385	3	gcjx:repeated lfx;gcjy:lgl;gcjz:lov		
lpa		refs/JondoEmu/datos/protocolo_3.6.10.10.proto:15391	5	gckd:bool;gcke:lba;gckf:lou;gckg:lot;gckh:loy		
lpc		refs/JondoEmu/datos/protocolo_3.6.10.10.proto:15399	7	gckm:string;gckn:string;gcko:lhg;gckp:int32;gckq:lpa;gckr:les;gcks:len		
lpe	lpe	refs/JondoEmu/datos/protocolo_3.6.10.10.proto:15409	6	gckx:repeated bool;gcky:string;gckz:int32;gcla:bool;gclb:lpc;gclc:lon		
lpg		refs/JondoEmu/datos/protocolo_3.6.10.10.proto:15418	3	gcli:int64;gclj:lpe;gclk:lpj		
lph		refs/JondoEmu/datos/protocolo_3.6.10.10.proto:15424	2	gclp:int32;gclq:int32		
lpj	lpj	refs/JondoEmu/datos/protocolo_3.6.10.10.proto:15429	7	gclu:string;gclv:int32;gclw:repeated int32;gclx:lph;gcly:int32;gclz:lba;gcma:int32		
lpk		refs/JondoEmu/datos/protocolo_3.6.10.10.proto:15439	5	gcme:int64;gcmf:repeated lns;gcmg:lbk;gcmh:bool;gcmi:repeated lns		
lpl		refs/JondoEmu/datos/protocolo_3.6.10.10.proto:15447	2	gcmm:lbl;gcmn:string		
lpo		refs/JondoEmu/datos/protocolo_3.6.10.10.proto:15452	4	gcmr:int64;gcms:lpm;gcmt:string;gcmu:lgm		
lpp		refs/JondoEmu/datos/protocolo_3.6.10.10.proto:15459	3	gcmy:int32;gcmz:int32;gcna:int32		
lps		refs/JondoEmu/datos/protocolo_3.6.10.10.proto:15465	2	gcne:lgl;gcnf:lnx		
lpt		refs/JondoEmu/datos/protocolo_3.6.10.10.proto:15470	3	gcnj:repeated int32;gcnk:repeated lnx;gcnl:string		
lpu		refs/JondoEmu/datos/protocolo_3.6.10.10.proto:15476	3	gcnq:lfe;gcnr:lnx;gcns:lnx		
lpv		refs/JondoEmu/datos/protocolo_3.6.10.10.proto:15482	6	gcnw:int64;gcnx:lnx;gcny:int64;gcnz:bool;gcoa:bool;gcob:lgl		
lpx		refs/JondoEmu/datos/protocolo_3.6.10.10.proto:15491	7	gcog:int32;gcoh:lpr;gcoi:int32;gcoj:lpu;gcok:lpv;gcol:lps;gcom:lpt		
lpy		refs/JondoEmu/datos/protocolo_3.6.10.10.proto:15501	2	gcor:int32;gcos:int32		
lpz		refs/JondoEmu/datos/protocolo_3.6.10.10.proto:15506	2	gcow:int32;gcox:int32		
lqb		refs/JondoEmu/datos/protocolo_3.6.10.10.proto:15511	1	gcpc:bool		
lqc	lqc	refs/JondoEmu/datos/protocolo_3.6.10.10.proto:15515	2	gcpg:int32;gcph:int64	GameContextCreateRequestMessage	anclas_3.6.10.10.tsv
lqd		refs/JondoEmu/datos/protocolo_3.6.10.10.proto:15520	1	gcpl:int32		
lqe		refs/JondoEmu/datos/protocolo_3.6.10.10.proto:15524	14	gcpp:string;gcpq:int32;gcpr:lay;gcps:string;gcpt:bool;gcpu:bool;gcpv:int64;gcpw:int32;gcpx:int64;gcpy:lbb;gcpz:len;gcqa:les;gcqb:int32;gcqc:string		
lqf		refs/JondoEmu/datos/protocolo_3.6.10.10.proto:15541	2	gcqg:bool;gcqh:int32		
lqg	lqg	refs/JondoEmu/datos/protocolo_3.6.10.10.proto:15546	0			
lqj		refs/JondoEmu/datos/protocolo_3.6.10.10.proto:15549	3	gcqo:int64;gcqp:lqh;gcqq:int64		
lqn	lqn	refs/JondoEmu/datos/protocolo_3.6.10.10.proto:15555	4	gcqu:lqk;gcqv:int32;gcqw:lql;gcqx:repeated string		
lqo		refs/JondoEmu/datos/protocolo_3.6.10.10.proto:15562	2	gcrb:int64;gcrc:int32		
lqq		refs/JondoEmu/datos/protocolo_3.6.10.10.proto:15567	4	gcrg:lqo;gcrh:int32;gcri:int32;gcrj:int32		
lqr		refs/JondoEmu/datos/protocolo_3.6.10.10.proto:15574	2	gcrn:int64;gcro:int64		
lqs		refs/JondoEmu/datos/protocolo_3.6.10.10.proto:15579	4	gcrs:repeated string;gcrt:bool;gcru:int32;gcrv:repeated string		
lqt	lqt	refs/JondoEmu/datos/protocolo_3.6.10.10.proto:15586	0			
lqu	lqu	refs/JondoEmu/datos/protocolo_3.6.10.10.proto:15589	3	gcsc:int32;gcsd:int64;gcse:int32	BasicTimeMessage	anclas_3.6.10.10.tsv
lqv		refs/JondoEmu/datos/protocolo_3.6.10.10.proto:15595	0			
lqw		refs/JondoEmu/datos/protocolo_3.6.10.10.proto:15598	3	gcsl:bool;gcsm:lgf;gcsn:bool		
lqx		refs/JondoEmu/datos/protocolo_3.6.10.10.proto:15604	3	gcsr:lgf;gcss:lgf;gcst:map<string,int64>		
lrc		refs/JondoEmu/datos/protocolo_3.6.10.10.proto:15610	3	gcsy:lra;gcsz:lqz;gcta:repeated int32		
lrd		refs/JondoEmu/datos/protocolo_3.6.10.10.proto:15616	0			
lre		refs/JondoEmu/datos/protocolo_3.6.10.10.proto:15619	1	gcth:string		
lrf		refs/JondoEmu/datos/protocolo_3.6.10.10.proto:15623	0			
lrg		refs/JondoEmu/datos/protocolo_3.6.10.10.proto:15626	1	gcto:repeated lrt		
lrk		refs/JondoEmu/datos/protocolo_3.6.10.10.proto:15630	3	gcts:int64;gctt:lri;gctu:lrh		
lrl		refs/JondoEmu/datos/protocolo_3.6.10.10.proto:15636	1	gcty:string		
lrm		refs/JondoEmu/datos/protocolo_3.6.10.10.proto:15640	4	gcuc:int64;gcud:lqz;gcue:int32;gcuf:int64		
lrn		refs/JondoEmu/datos/protocolo_3.6.10.10.proto:15647	3	gcuj:int64;gcuk:lrc;gcul:string		
lro		refs/JondoEmu/datos/protocolo_3.6.10.10.proto:15653	1	gcup:map<int64,int32>		
lrr		refs/JondoEmu/datos/protocolo_3.6.10.10.proto:15657	1	gcut:lrp		
lrs		refs/JondoEmu/datos/protocolo_3.6.10.10.proto:15661	5	gcux:int64;gcuy:string;gcuz:lqz;gcva:int64;gcvb:int32		
lrt		refs/JondoEmu/datos/protocolo_3.6.10.10.proto:15669	3	gcvf:int64;gcvg:int64;gcvh:repeated bool		
lru		refs/JondoEmu/datos/protocolo_3.6.10.10.proto:15675	1	gcvl:string		
lry	lry	refs/JondoEmu/datos/protocolo_3.6.10.10.proto:15679	2	gcvq:map<string,int64>;gcvr:int32		
lsa		refs/JondoEmu/datos/protocolo_3.6.10.10.proto:15684	3	gcvv:int64;gcvw:lry;gcvx:bool		
lsb		refs/JondoEmu/datos/protocolo_3.6.10.10.proto:15690	3	gcwb:int64;gcwc:int64;gcwd:string		
lsd		refs/JondoEmu/datos/protocolo_3.6.10.10.proto:15696	5	gcwh:string;gcwi:lrw;gcwj:lfe;gcwk:lsa;gcwl:lsb		
lse		refs/JondoEmu/datos/protocolo_3.6.10.10.proto:15704	2	gcwq:lrw;gcwr:lrw		
lsh		refs/JondoEmu/datos/protocolo_3.6.10.10.proto:15709	3	gcww:int32;gcwx:int32;gcwy:repeated int64		
lsi		refs/JondoEmu/datos/protocolo_3.6.10.10.proto:15715	1	gcxc:int64		
lsl		refs/JondoEmu/datos/protocolo_3.6.10.10.proto:15719	6	gcxg:bool;gcxh:int64;gcxi:int32;gcxj:int32;gcxk:lsj;gcxl:int32		
lsm		refs/JondoEmu/datos/protocolo_3.6.10.10.proto:15728	1	gcxp:lsg		
lsp		refs/JondoEmu/datos/protocolo_3.6.10.10.proto:15732	2	gcxt:lsn;gcxu:bool		
lsq		refs/JondoEmu/datos/protocolo_3.6.10.10.proto:15737	5	gcxy:bool;gcxz:int32;gcya:int32;gcyb:int32;gcyc:int32		
lsr		refs/JondoEmu/datos/protocolo_3.6.10.10.proto:15745	0			
lss		refs/JondoEmu/datos/protocolo_3.6.10.10.proto:15748	0			
lst		refs/JondoEmu/datos/protocolo_3.6.10.10.proto:15751	4	gcym:int32;gcyn:string;gcyo:repeated int32;gcyp:string		
lsx		refs/JondoEmu/datos/protocolo_3.6.10.10.proto:15758	4	gcyt:bool;gcyu:lsv;gcyv:lsu;gcyw:lsg		
lsy	lsy	refs/JondoEmu/datos/protocolo_3.6.10.10.proto:15765	3	gcza:repeated string;gczb:repeated string;gczc:int32		
lsz		refs/JondoEmu/datos/protocolo_3.6.10.10.proto:15771	4	gczh:bool;gczi:string;gczj:bool;gczk:string		
ltb		refs/JondoEmu/datos/protocolo_3.6.10.10.proto:15778	3	gczq:lsg;gczr:lsz;gczs:bool		
ltd		refs/JondoEmu/datos/protocolo_3.6.10.10.proto:15784	1	gczw:repeated ltb		
lte		refs/JondoEmu/datos/protocolo_3.6.10.10.proto:15788	0			
ltf		refs/JondoEmu/datos/protocolo_3.6.10.10.proto:15791	1	gdad:bool		
ltg		refs/JondoEmu/datos/protocolo_3.6.10.10.proto:15795	0			
lth		refs/JondoEmu/datos/protocolo_3.6.10.10.proto:15798	2	gdak:bool;gdal:bool		
ltk	ltk	refs/JondoEmu/datos/protocolo_3.6.10.10.proto:15803	5	gdap:int64;gdaq:int32;gdar:lti;gdas:bool;gdat:int64		
ltl		refs/JondoEmu/datos/protocolo_3.6.10.10.proto:15811	1	gdax:lsg		
ltm		refs/JondoEmu/datos/protocolo_3.6.10.10.proto:15815	4	gdbb:bool;gdbc:bool;gdbd:bool;gdbe:bool		
ltn		refs/JondoEmu/datos/protocolo_3.6.10.10.proto:15822	2	gdbi:bool;gdbj:bool		
lto		refs/JondoEmu/datos/protocolo_3.6.10.10.proto:15827	0			
ltq		refs/JondoEmu/datos/protocolo_3.6.10.10.proto:15830	8	gdbq:repeated int64;gdbr:string;gdbs:bool;gdbt:bool;gdbu:string;gdbv:bool;gdbw:bool;gdbx:bool		
ltr		refs/JondoEmu/datos/protocolo_3.6.10.10.proto:15841	2	gdce:bool;gdcf:repeated string		
ltu		refs/JondoEmu/datos/protocolo_3.6.10.10.proto:15846	4	gdcj:int32;gdck:int32;gdcl:lts;gdcm:int32		
ltw		refs/JondoEmu/datos/protocolo_3.6.10.10.proto:15853	10	gdcq:lsg;gdcr:int32;gdcs:int32;gdct:int32;gdcu:int32;gdcv:int32;gdcw:int32;gdcx:ltu;gdcy:ltr;gdcz:int32		
lty		refs/JondoEmu/datos/protocolo_3.6.10.10.proto:15866	5	gddd:repeated ltw;gdde:string;gddf:repeated ltw;gddg:ltq;gddh:ltp		
lua		refs/JondoEmu/datos/protocolo_3.6.10.10.proto:15874	3	gddl:int64;gddm:bool;gddn:int64		
lud		refs/JondoEmu/datos/protocolo_3.6.10.10.proto:15880	1	gdds:lub		
lue		refs/JondoEmu/datos/protocolo_3.6.10.10.proto:15884	0			
luf		refs/JondoEmu/datos/protocolo_3.6.10.10.proto:15887	3	gddz:int32;gdea:repeated int64;gdeb:int32		
lug		refs/JondoEmu/datos/protocolo_3.6.10.10.proto:15893	0			
lui		refs/JondoEmu/datos/protocolo_3.6.10.10.proto:15896	5	gdei:lua;gdej:lue;gdek:lud;gdel:luf;gdem:lug		
luk		refs/JondoEmu/datos/protocolo_3.6.10.10.proto:15904	0			
lun		refs/JondoEmu/datos/protocolo_3.6.10.10.proto:15907	1	gdeu:lul		
luo		refs/JondoEmu/datos/protocolo_3.6.10.10.proto:15911	4	gdey:int32;gdez:bool;gdfa:int64;gdfb:int32		
luq	luq	refs/JondoEmu/datos/protocolo_3.6.10.10.proto:15918	2	gdfg:luo;gdfh:int32		
lur		refs/JondoEmu/datos/protocolo_3.6.10.10.proto:15923	0			
lus		refs/JondoEmu/datos/protocolo_3.6.10.10.proto:15926	1	gdfo:string		
luu		refs/JondoEmu/datos/protocolo_3.6.10.10.proto:15930	5	gdfs:lun;gdft:lus;gdfu:luq;gdfv:lur;gdfw:luk		
luw		refs/JondoEmu/datos/protocolo_3.6.10.10.proto:15938	4	gdgb:bool;gdgc:bool;gdgd:lui;gdge:luu		
lux		refs/JondoEmu/datos/protocolo_3.6.10.10.proto:15945	0			
luy	luy	refs/JondoEmu/datos/protocolo_3.6.10.10.proto:15948	2	gdgl:map<string,string>;gdgm:bool		
lva	lva	refs/JondoEmu/datos/protocolo_3.6.10.10.proto:15953	1	gdgr:repeated int32	MapLoadedMessage	anclas_3.6.10.10.tsv
lvb		refs/JondoEmu/datos/protocolo_3.6.10.10.proto:15957	2	gdgv:int32;gdgw:repeated int64		
lvd		refs/JondoEmu/datos/protocolo_3.6.10.10.proto:15962	2	gdhb:repeated int32;gdhc:repeated int32		
lvf		refs/JondoEmu/datos/protocolo_3.6.10.10.proto:15967	3	gdhg:int32;gdhh:repeated int32;gdhi:int32		
lvg		refs/JondoEmu/datos/protocolo_3.6.10.10.proto:15973	0			
lvi		refs/JondoEmu/datos/protocolo_3.6.10.10.proto:15976	3	gdhp:lvf;gdhq:lvf;gdhr:lvg		
lvl		refs/JondoEmu/datos/protocolo_3.6.10.10.proto:15982	3	gdhw:int32;gdhx:repeated int32;gdhy:lvj		
lvm		refs/JondoEmu/datos/protocolo_3.6.10.10.proto:15988	8	gdic:repeated string;gdid:int32;gdie:repeated string;gdif:bool;gdig:int64;gdih:int32;gdii:repeated int32;gdij:bool		
lvo		refs/JondoEmu/datos/protocolo_3.6.10.10.proto:15999	1	gdio:lvm		
lvp		refs/JondoEmu/datos/protocolo_3.6.10.10.proto:16003	1	gdis:repeated int32		
lvq		refs/JondoEmu/datos/protocolo_3.6.10.10.proto:16007	5	gdiw:int32;gdix:repeated int32;gdiy:string;gdiz:lba;gdja:int32		
lvr		refs/JondoEmu/datos/protocolo_3.6.10.10.proto:16015	2	gdje:int32;gdjf:repeated int32		
lvs		refs/JondoEmu/datos/protocolo_3.6.10.10.proto:16020	4	gdjj:int32;gdjk:int32;gdjl:repeated lvd;gdjm:int32		
lvt		refs/JondoEmu/datos/protocolo_3.6.10.10.proto:16027	2	gdjq:bool;gdjr:map<int32,string>		
lvv		refs/JondoEmu/datos/protocolo_3.6.10.10.proto:16032	6	gdjv:lba;gdjw:lhg;gdjx:lvt;gdjy:bool;gdjz:lba;gdka:string		
lvw		refs/JondoEmu/datos/protocolo_3.6.10.10.proto:16041	1	gdke:string		
lvx		refs/JondoEmu/datos/protocolo_3.6.10.10.proto:16045	9	gdki:map<bool,int32>;gdkj:int64;gdkk:int64;gdkl:bool;gdkm:map<int32,int64>;gdkn:int64;gdko:repeated bool;gdkp:string;gdkq:int64		
lvz		refs/JondoEmu/datos/protocolo_3.6.10.10.proto:16057	2	gdkv:lvx;gdkw:lvs		
lwa		refs/JondoEmu/datos/protocolo_3.6.10.10.proto:16062	4	gdla:int32;gdlb:repeated int32;gdlc:repeated int32;gdld:int32		
lwb	lwb	refs/JondoEmu/datos/protocolo_3.6.10.10.proto:16069	5	gdlh:string;gdli:lba;gdlj:int32;gdlk:int32;gdll:lhg		
lwc		refs/JondoEmu/datos/protocolo_3.6.10.10.proto:16077	1	gdlp:lvs		
lwd		refs/JondoEmu/datos/protocolo_3.6.10.10.proto:16081	2	gdlt:kuu;gdlu:string		
lwe		refs/JondoEmu/datos/protocolo_3.6.10.10.proto:16086	6	gdly:int32;gdlz:int32;gdma:lba;gdmb:int32;gdmc:string;gdmd:repeated int32		
lwk		refs/JondoEmu/datos/protocolo_3.6.10.10.proto:16095	6	gdmi:int32;gdmj:int32;gdmk:int32;gdml:string;gdmm:int32;gdmn:lvd		
lwl		refs/JondoEmu/datos/protocolo_3.6.10.10.proto:16104	1	gdmr:int32		
lwm	lwm	refs/JondoEmu/datos/protocolo_3.6.10.10.proto:16108	3	gdmv:int32;gdmw:int32;gdmx:bool	OrnamentSelectRequestMessage	anclas_3.6.10.10.tsv
lwn		refs/JondoEmu/datos/protocolo_3.6.10.10.proto:16114	2	gdnd:map<bool,string>;gdne:bool		
lwq		refs/JondoEmu/datos/protocolo_3.6.10.10.proto:16119	2	gdni:lzc;gdnj:lwo		
lwr		refs/JondoEmu/datos/protocolo_3.6.10.10.proto:16124	6	gdnn:repeated string;gdno:int32;gdnp:bool;gdnq:repeated bool;gdnr:bool;gdns:repeated int32		
lwt		refs/JondoEmu/datos/protocolo_3.6.10.10.proto:16133	6	gdnx:repeated int32;gdny:lwr;gdnz:repeated int32;gdoa:repeated int32;gdob:repeated int32;gdoc:repeated llk		
lwu		refs/JondoEmu/datos/protocolo_3.6.10.10.proto:16142	2	gdog:int32;gdoh:int32		
lwv		refs/JondoEmu/datos/protocolo_3.6.10.10.proto:16147	1	gdol:bool		
lww		refs/JondoEmu/datos/protocolo_3.6.10.10.proto:16151	1	gdop:lwj		
lwx	lwx	refs/JondoEmu/datos/protocolo_3.6.10.10.proto:16155	1	gdot:bool	AppearanceAuraResultMessage	anclas_3.6.10.10.tsv
lwy		refs/JondoEmu/datos/protocolo_3.6.10.10.proto:16159	1	gdox:bool		
lwz	lwz	refs/JondoEmu/datos/protocolo_3.6.10.10.proto:16163	3	gdpb:bool;gdpc:lwh;gdpd:bool	AppearanceItemWornMessage	anclas_3.6.10.10.tsv
lxa	lxa	refs/JondoEmu/datos/protocolo_3.6.10.10.proto:16169	2	gdpj:bool;gdpk:bool	TitleSelectResultMessage	anclas_3.6.10.10.tsv
lxb		refs/JondoEmu/datos/protocolo_3.6.10.10.proto:16174	3	gdpo:bool;gdpp:string;gdpq:lzc		
lxc	lxc	refs/JondoEmu/datos/protocolo_3.6.10.10.proto:16180	3	gdpu:string;gdpv:lhg;gdpw:lhg	AppearancePreviewLookMessage	anclas_3.6.10.10.tsv
lxd	lxd	refs/JondoEmu/datos/protocolo_3.6.10.10.proto:16186	1	gdqa:bool		
lxg	lxg	refs/JondoEmu/datos/protocolo_3.6.10.10.proto:16190	3	gdqe:lwh;gdqf:lxe;gdqg:bool	AppearanceSlotVisibilityRequestMessage	anclas_3.6.10.10.tsv
lxh		refs/JondoEmu/datos/protocolo_3.6.10.10.proto:16196	2	gdqk:repeated int32;gdql:lwi	NpcDialogLeaveRequestMessage	anclas_3.6.10.10.tsv
lxk	lxk	refs/JondoEmu/datos/protocolo_3.6.10.10.proto:16201	2	gdqp:bool;gdqq:lxi	AppearanceSlotVisibilityResultMessage	anclas_3.6.10.10.tsv
lxl		refs/JondoEmu/datos/protocolo_3.6.10.10.proto:16206	1	gdqu:bool		
lxo	lxo	refs/JondoEmu/datos/protocolo_3.6.10.10.proto:16210	3	gdqy:bool;gdqz:lxm;gdra:bool	AppearanceStateMessage	anclas_3.6.10.10.tsv
lxp		refs/JondoEmu/datos/protocolo_3.6.10.10.proto:16216	5	gdrf:int32;gdrg:bool;gdrh:repeated int64;gdri:int64;gdrj:bool		
lxr		refs/JondoEmu/datos/protocolo_3.6.10.10.proto:16224	2	gdrn:bool;gdro:lxp		
lxs	lxs	refs/JondoEmu/datos/protocolo_3.6.10.10.proto:16229	3	gdrs:int32;gdrt:string;gdru:lwj	AppearanceSaveRequestMessage	anclas_3.6.10.10.tsv
lxt		refs/JondoEmu/datos/protocolo_3.6.10.10.proto:16235	6	gdry:string;gdrz:bool;gdsa:string;gdsb:int32;gdsc:int32;gdsd:repeated bool		
lxu		refs/JondoEmu/datos/protocolo_3.6.10.10.proto:16244	4	gdsh:string;gdsi:bool;gdsj:string;gdsk:string		
lxw	lxw	refs/JondoEmu/datos/protocolo_3.6.10.10.proto:16251	2	gdsp:lxu;gdsq:int32	AppearanceAuraRequestMessage	anclas_3.6.10.10.tsv
lxy		refs/JondoEmu/datos/protocolo_3.6.10.10.proto:16256	1	gdsv:repeated int32		
lya		refs/JondoEmu/datos/protocolo_3.6.10.10.proto:16260	3	gdsz:map<int32,lxy>;gdta:lxx;gdtb:lwi		
lyb		refs/JondoEmu/datos/protocolo_3.6.10.10.proto:16266	4	gdtf:repeated int32;gdtg:repeated int32;gdth:llk;gdti:lwi		
lyc		refs/JondoEmu/datos/protocolo_3.6.10.10.proto:16273	5	gdtm:repeated int32;gdtn:string;gdto:bool;gdtp:int64;gdtq:repeated string		
lye		refs/JondoEmu/datos/protocolo_3.6.10.10.proto:16281	2	gdtu:lyc;gdtv:bool		
lyf	lyf	refs/JondoEmu/datos/protocolo_3.6.10.10.proto:16286	3	gdtz:int32;gdua:bool;gdub:int32	AppearanceSlotSetRequestMessage	anclas_3.6.10.10.tsv
lyg		refs/JondoEmu/datos/protocolo_3.6.10.10.proto:16292	1	gduh:map<int32,lwg>		
lyh		refs/JondoEmu/datos/protocolo_3.6.10.10.proto:16296	1	gdul:repeated int32		
lyj	lyj	refs/JondoEmu/datos/protocolo_3.6.10.10.proto:16300	3	gdup:repeated string;gduq:lyh;gdur:bool	AppearanceSlotSetResultMessage	anclas_3.6.10.10.tsv
lyk		refs/JondoEmu/datos/protocolo_3.6.10.10.proto:16306	0		AppearanceOpenRequestMessage	anclas_3.6.10.10.tsv
lyl		refs/JondoEmu/datos/protocolo_3.6.10.10.proto:16309	1	gduy:lvd		
lym	lym	refs/JondoEmu/datos/protocolo_3.6.10.10.proto:16313	1	gdvc:int32		
lyn		refs/JondoEmu/datos/protocolo_3.6.10.10.proto:16317	2	gdvh:lwi;gdvi:repeated int32		
lyo		refs/JondoEmu/datos/protocolo_3.6.10.10.proto:16322	2	gdvm:string;gdvn:int32		
lyr		refs/JondoEmu/datos/protocolo_3.6.10.10.proto:16327	2	gdvr:lyp;gdvs:string		
lys	lys	refs/JondoEmu/datos/protocolo_3.6.10.10.proto:16332	2	gdvw:int32;gdvx:int32	AppearanceItemWearRequestMessage	anclas_3.6.10.10.tsv
lyt	lyt	refs/JondoEmu/datos/protocolo_3.6.10.10.proto:16337	2	gdwc:repeated lzc;gdwd:lzc	OutfitsListMessage	anclas_3.6.10.10.tsv
lyu	lyu	refs/JondoEmu/datos/protocolo_3.6.10.10.proto:16342	2	gdwh:bool;gdwi:bool	AppearanceSaveResultMessage	anclas_3.6.10.10.tsv
lyv	lyv	refs/JondoEmu/datos/protocolo_3.6.10.10.proto:16347	1	gdwm:bool	OrnamentSelectResultMessage	anclas_3.6.10.10.tsv
lyy		refs/JondoEmu/datos/protocolo_3.6.10.10.proto:16351	2	gdwq:string;gdwr:lyw	AppearanceStateRequestMessage	anclas_3.6.10.10.tsv
lyz		refs/JondoEmu/datos/protocolo_3.6.10.10.proto:16356	1	gdwv:bool		
lza		refs/JondoEmu/datos/protocolo_3.6.10.10.proto:16360	2	gdwz:int32;gdxa:bool		
lzc		refs/JondoEmu/datos/protocolo_3.6.10.10.proto:16365	17	gdxf:lvd;gdxg:bool;gdxh:string;gdxi:lhg;gdxj:int32;gdxk:bool;gdxl:string;gdxm:int32;gdxn:int32;gdxo:bool;gdxp:int32;gdxq:bool;gdxr:int32;gdxs:lhg;gdxt:string;gdxu:repeated lwh;gdxv:int32		
lzd		refs/JondoEmu/datos/protocolo_3.6.10.10.proto:16385	3	gdyc:int32;gdyd:string;gdye:string		
lze	lze	refs/JondoEmu/datos/protocolo_3.6.10.10.proto:16391	3	gdyi:int32;gdyj:bool;gdyk:int32	TitleSelectRequestMessage	anclas_3.6.10.10.tsv
lzg		refs/JondoEmu/datos/protocolo_3.6.10.10.proto:16397	1	gdyr:int32		
lzh		refs/JondoEmu/datos/protocolo_3.6.10.10.proto:16401	0			
lzi		refs/JondoEmu/datos/protocolo_3.6.10.10.proto:16404	3	gdyy:int32;gdyz:bool;gdza:int64		
lzj		refs/JondoEmu/datos/protocolo_3.6.10.10.proto:16410	4	gdze:int32;gdzf:int32;gdzg:bool;gdzh:int64		
lzl		refs/JondoEmu/datos/protocolo_3.6.10.10.proto:16417	1	gdzl:repeated lzj		
lzn		refs/JondoEmu/datos/protocolo_3.6.10.10.proto:16421	2	gdzq:map<string,int64>;gdzr:repeated lzv		
lzo		refs/JondoEmu/datos/protocolo_3.6.10.10.proto:16426	1	gdzv:lzv		
lzp		refs/JondoEmu/datos/protocolo_3.6.10.10.proto:16430	1	gdzz:repeated lzv		
lzq		refs/JondoEmu/datos/protocolo_3.6.10.10.proto:16434	2	gead:int32;geae:repeated int64		
lzs		refs/JondoEmu/datos/protocolo_3.6.10.10.proto:16439	3	geai:lzv;geaj:lzq;geak:map<bool,int32>		
lzv		refs/JondoEmu/datos/protocolo_3.6.10.10.proto:16445	5	geao:int64;geap:int64;geaq:repeated lng;gear:lzt;geas:int64		
lzx		refs/JondoEmu/datos/protocolo_3.6.10.10.proto:16453	2	geax:lpo;geay:len		
lzy		refs/JondoEmu/datos/protocolo_3.6.10.10.proto:16458	2	gebc:lmn;gebd:lmn		
lzz		refs/JondoEmu/datos/protocolo_3.6.10.10.proto:16463	2	gebh:bool;gebi:repeated string		
mab		refs/JondoEmu/datos/protocolo_3.6.10.10.proto:16468	2	gebm:bool;gebn:lzz		
mac		refs/JondoEmu/datos/protocolo_3.6.10.10.proto:16473	2	gebr:string;gebs:string		
mad		refs/JondoEmu/datos/protocolo_3.6.10.10.proto:16478	2	gebw:int64;gebx:string		
mae		refs/JondoEmu/datos/protocolo_3.6.10.10.proto:16483	3	gecb:string;gecc:string;gecd:repeated int64		
maf		refs/JondoEmu/datos/protocolo_3.6.10.10.proto:16489	2	gech:bool;geci:int64		
mag		refs/JondoEmu/datos/protocolo_3.6.10.10.proto:16494	0			
mah		refs/JondoEmu/datos/protocolo_3.6.10.10.proto:16497	3	gecp:string;gecq:int64;gecr:int64		
mai		refs/JondoEmu/datos/protocolo_3.6.10.10.proto:16503	2	gecv:string;gecw:string		
maj		refs/JondoEmu/datos/protocolo_3.6.10.10.proto:16508	0			
mak		refs/JondoEmu/datos/protocolo_3.6.10.10.proto:16511	5	gedd:int32;gede:bool;gedf:bool;gedg:bool;gedh:bool		
mam		refs/JondoEmu/datos/protocolo_3.6.10.10.proto:16519	3	gedn:bool;gedo:int32;gedp:mak		
maq		refs/JondoEmu/datos/protocolo_3.6.10.10.proto:16525	3	gedt:len;gedu:man;gedv:bool		
mar		refs/JondoEmu/datos/protocolo_3.6.10.10.proto:16531	1	gedz:lmn		
mas		refs/JondoEmu/datos/protocolo_3.6.10.10.proto:16535	0			
mat		refs/JondoEmu/datos/protocolo_3.6.10.10.proto:16538	0			
mau		refs/JondoEmu/datos/protocolo_3.6.10.10.proto:16541	1	geej:string		
mav		refs/JondoEmu/datos/protocolo_3.6.10.10.proto:16545	1	geen:bool		
maz		refs/JondoEmu/datos/protocolo_3.6.10.10.proto:16549	5	geer:int64;gees:repeated lpo;geet:int64;geeu:int64;geev:maw		
mba		refs/JondoEmu/datos/protocolo_3.6.10.10.proto:16557	0			
mbb		refs/JondoEmu/datos/protocolo_3.6.10.10.proto:16560	4	gefc:repeated bool;gefd:lbt;gefe:lpo;geff:int64		
mbd		refs/JondoEmu/datos/protocolo_3.6.10.10.proto:16567	2	gefk:ldt;gefl:ldt		
mbe		refs/JondoEmu/datos/protocolo_3.6.10.10.proto:16572	9	gefp:map<int32,int32>;gefq:string;gefr:bool;gefs:int32;geft:map<int32,bool>;gefu:repeated bool;gefv:bool;gefw:map<bool,int32>;gefx:int32		
mbg		refs/JondoEmu/datos/protocolo_3.6.10.10.proto:16584	2	gegc:repeated int32;gegd:mbe		
mbj		refs/JondoEmu/datos/protocolo_3.6.10.10.proto:16589	4	gegh:int32;gegi:mbh;gegj:string;gegk:int32		
mbk		refs/JondoEmu/datos/protocolo_3.6.10.10.proto:16596	2	gego:int32;gegp:int32		
mbl		refs/JondoEmu/datos/protocolo_3.6.10.10.proto:16601	3	gegt:int64;gegu:repeated int32;gegv:int32		
mbm		refs/JondoEmu/datos/protocolo_3.6.10.10.proto:16607	1	gegz:repeated ldt		
mbn		refs/JondoEmu/datos/protocolo_3.6.10.10.proto:16611	1	gehd:repeated ldt		
mbo		refs/JondoEmu/datos/protocolo_3.6.10.10.proto:16615	3	gehh:int32;gehi:int64;gehj:map<int32,bool>		
mbq		refs/JondoEmu/datos/protocolo_3.6.10.10.proto:16621	3	geho:string;gehp:string;gehq:lbx		
mbr		refs/JondoEmu/datos/protocolo_3.6.10.10.proto:16627	1	gehu:int64		
mbs		refs/JondoEmu/datos/protocolo_3.6.10.10.proto:16631	2	gehy:string;gehz:len		
mbt		refs/JondoEmu/datos/protocolo_3.6.10.10.proto:16636	0			
mbu		refs/JondoEmu/datos/protocolo_3.6.10.10.proto:16639	3	geig:bool;geih:int32;geii:bool		
mbv		refs/JondoEmu/datos/protocolo_3.6.10.10.proto:16645	1	geim:lmr		
mby		refs/JondoEmu/datos/protocolo_3.6.10.10.proto:16649	4	geiq:int64;geir:bool;geis:bool;geit:mbw		
mbz		refs/JondoEmu/datos/protocolo_3.6.10.10.proto:16656	3	geix:int32;geiy:int32;geiz:len		
mca		refs/JondoEmu/datos/protocolo_3.6.10.10.proto:16662	2	gejd:int32;geje:len		
mcb		refs/JondoEmu/datos/protocolo_3.6.10.10.proto:16667	3	geji:lbx;gejj:repeated bool;gejk:lbx		
mcc		refs/JondoEmu/datos/protocolo_3.6.10.10.proto:16673	2	gejo:int64;gejp:int64		
mce		refs/JondoEmu/datos/protocolo_3.6.10.10.proto:16678	3	geju:bool;gejv:bool;gejw:bool		
mcf		refs/JondoEmu/datos/protocolo_3.6.10.10.proto:16684	0			
mcg		refs/JondoEmu/datos/protocolo_3.6.10.10.proto:16687	2	gekd:string;geke:string		
mch		refs/JondoEmu/datos/protocolo_3.6.10.10.proto:16692	1	geki:lbv		
mck		refs/JondoEmu/datos/protocolo_3.6.10.10.proto:16696	2	gekm:string;gekn:mci		
mcl		refs/JondoEmu/datos/protocolo_3.6.10.10.proto:16701	5	gekr:repeated lpg;geks:repeated int32;gekt:string;geku:int64;gekv:len		
mcm		refs/JondoEmu/datos/protocolo_3.6.10.10.proto:16709	1	gekz:leg		
mcn		refs/JondoEmu/datos/protocolo_3.6.10.10.proto:16713	2	geld:lbv;gele:lbv		
mco		refs/JondoEmu/datos/protocolo_3.6.10.10.proto:16718	1	geli:lbw		
mcr		refs/JondoEmu/datos/protocolo_3.6.10.10.proto:16722	2	gelm:leg;geln:mcp		
mcs		refs/JondoEmu/datos/protocolo_3.6.10.10.proto:16727	1	gelr:string		
mcv		refs/JondoEmu/datos/protocolo_3.6.10.10.proto:16731	5	gelv:int64;gelw:repeated len;gelx:mct;gely:int64;gelz:int64		
mcw		refs/JondoEmu/datos/protocolo_3.6.10.10.proto:16739	0			
mcx		refs/JondoEmu/datos/protocolo_3.6.10.10.proto:16742	4	gemg:repeated lea;gemh:repeated lhm;gemi:len;gemj:repeated lmr		
mcy		refs/JondoEmu/datos/protocolo_3.6.10.10.proto:16749	4	gemn:lld;gemo:string;gemp:int64;gemq:string		
mcz		refs/JondoEmu/datos/protocolo_3.6.10.10.proto:16756	2	gemu:lld;gemv:repeated bool		
mda		refs/JondoEmu/datos/protocolo_3.6.10.10.proto:16761	0			
mde		refs/JondoEmu/datos/protocolo_3.6.10.10.proto:16764	13	genc:bool;gend:repeated int32;gene:repeated int32;genf:mdc;geng:int64;genh:bool;geni:string;genj:int32;genk:int32;genl:int64;genm:bool;genn:mdb;geno:repeated lbs		
mdf		refs/JondoEmu/datos/protocolo_3.6.10.10.proto:16780	2	gens:lbw;gent:lbw		
mdg		refs/JondoEmu/datos/protocolo_3.6.10.10.proto:16785	1	genx:string		
mdh		refs/JondoEmu/datos/protocolo_3.6.10.10.proto:16789	0			
mdj		refs/JondoEmu/datos/protocolo_3.6.10.10.proto:16792	1	geoe:mdh		
mdk		refs/JondoEmu/datos/protocolo_3.6.10.10.proto:16796	3	geoi:lld;geoj:string;geok:string		
mdm		refs/JondoEmu/datos/protocolo_3.6.10.10.proto:16802	2	geop:string;geoq:string		
mdn		refs/JondoEmu/datos/protocolo_3.6.10.10.proto:16807	3	geou:string;geov:string;geow:int32		
mdq		refs/JondoEmu/datos/protocolo_3.6.10.10.proto:16813	3	gepa:mdo;gepb:repeated mdr;gepc:repeated mdn		
mdr		refs/JondoEmu/datos/protocolo_3.6.10.10.proto:16819	4	gepg:string;geph:int32;gepi:string;gepj:bool		
mdt		refs/JondoEmu/datos/protocolo_3.6.10.10.proto:16826	1	gepp:int64		
mdu		refs/JondoEmu/datos/protocolo_3.6.10.10.proto:16830	1	gepu:repeated lgz		
mdv		refs/JondoEmu/datos/protocolo_3.6.10.10.proto:16834	1	gepy:lci		
mdw		refs/JondoEmu/datos/protocolo_3.6.10.10.proto:16838	0			
mdx		refs/JondoEmu/datos/protocolo_3.6.10.10.proto:16841	3	geqf:lpg;geqg:lci;geqh:lbl		
mdy		refs/JondoEmu/datos/protocolo_3.6.10.10.proto:16847	0			
mdz		refs/JondoEmu/datos/protocolo_3.6.10.10.proto:16850	1	geqo:len		
mea		refs/JondoEmu/datos/protocolo_3.6.10.10.proto:16854	1	geqs:lci		
meb		refs/JondoEmu/datos/protocolo_3.6.10.10.proto:16858	1	geqw:repeated meg		
mec		refs/JondoEmu/datos/protocolo_3.6.10.10.proto:16862	1	gera:int32		
med		refs/JondoEmu/datos/protocolo_3.6.10.10.proto:16866	3	gere:lci;gerf:map<int64,bool>;gerg:int64		
mee		refs/JondoEmu/datos/protocolo_3.6.10.10.proto:16872	8	gerk:int64;gerl:int64;germ:bool;gern:int32;gero:string;gerp:int32;gerq:map<int32,int32>;gerr:repeated int64		
meg		refs/JondoEmu/datos/protocolo_3.6.10.10.proto:16883	3	gerw:mee;gerx:int64;gery:int32		
meh		refs/JondoEmu/datos/protocolo_3.6.10.10.proto:16889	2	gesc:lci;gesd:lgp		
mei		refs/JondoEmu/datos/protocolo_3.6.10.10.proto:16894	2	gesh:int64;gesi:int32		
mel		refs/JondoEmu/datos/protocolo_3.6.10.10.proto:16899	4	gesm:int32;gesn:int32;geso:int64;gesp:mej		
men		refs/JondoEmu/datos/protocolo_3.6.10.10.proto:16906	6	gest:len;gesu:repeated mei;gesv:int32;gesw:repeated mel;gesx:repeated mel;gesy:int64		
mep		refs/JondoEmu/datos/protocolo_3.6.10.10.proto:16915	4	getc:repeated men;getd:int64;gete:string;getf:string		
meq		refs/JondoEmu/datos/protocolo_3.6.10.10.proto:16922	1	getj:string		
mer		refs/JondoEmu/datos/protocolo_3.6.10.10.proto:16926	1	geto:lci		
mes	mes	refs/JondoEmu/datos/protocolo_3.6.10.10.proto:16930	1	gets:bool		
met		refs/JondoEmu/datos/protocolo_3.6.10.10.proto:16934	4	getw:lci;getx:int64;gety:bool;getz:lgp		
meu		refs/JondoEmu/datos/protocolo_3.6.10.10.proto:16941	3	geue:int64;geuf:lci;geug:lci		
mew		refs/JondoEmu/datos/protocolo_3.6.10.10.proto:16947	1	geul:bool		
mez	mez	refs/JondoEmu/datos/protocolo_3.6.10.10.proto:16951	3	geup:string;geuq:string;geur:mex		
mfa	mfa	refs/JondoEmu/datos/protocolo_3.6.10.10.proto:16957	1	geuv:repeated mfc		
mfb		refs/JondoEmu/datos/protocolo_3.6.10.10.proto:16961	2	geuz:string;geva:bool		
mfc		refs/JondoEmu/datos/protocolo_3.6.10.10.proto:16966	3	geve:string;gevf:string;gevg:string		
mfe		refs/JondoEmu/datos/protocolo_3.6.10.10.proto:16972	1	gevl:bool		
mff		refs/JondoEmu/datos/protocolo_3.6.10.10.proto:16976	1	gevp:int32		
mfg		refs/JondoEmu/datos/protocolo_3.6.10.10.proto:16980	1	gevt:mfl		
mfj		refs/JondoEmu/datos/protocolo_3.6.10.10.proto:16984	4	gevx:int32;gevy:int64;gevz:mfh;gewa:int64		
mfl		refs/JondoEmu/datos/protocolo_3.6.10.10.proto:16991	3	gewf:int32;gewg:int32;gewh:repeated mfj		
mfm		refs/JondoEmu/datos/protocolo_3.6.10.10.proto:16997	2	gewl:int32;gewm:int32		
mfn		refs/JondoEmu/datos/protocolo_3.6.10.10.proto:17002	4	gewq:int32;gewr:bool;gews:int64;gewt:int32		
mfo		refs/JondoEmu/datos/protocolo_3.6.10.10.proto:17009	2	gewy:bool;gewz:repeated mfl		
mfp		refs/JondoEmu/datos/protocolo_3.6.10.10.proto:17014	1	gexd:string		
mfq		refs/JondoEmu/datos/protocolo_3.6.10.10.proto:17018	1	gexh:string		
mfs		refs/JondoEmu/datos/protocolo_3.6.10.10.proto:17022	4	gexl:mfq;gexm:bool;gexn:int32;gexo:bool		
mft		refs/JondoEmu/datos/protocolo_3.6.10.10.proto:17029	1	gext:repeated mfn		
mfu		refs/JondoEmu/datos/protocolo_3.6.10.10.proto:17033	1	gexx:mfn		
mfv		refs/JondoEmu/datos/protocolo_3.6.10.10.proto:17037	2	geyb:int32;geyc:int32		
mfx		refs/JondoEmu/datos/protocolo_3.6.10.10.proto:17042	1	geyg:repeated mfv		
mfy		refs/JondoEmu/datos/protocolo_3.6.10.10.proto:17046	4	geyk:string;geyl:bool;geym:bool;geyn:int64		
mga		refs/JondoEmu/datos/protocolo_3.6.10.10.proto:17053	2	geys:int32;geyt:mfy		
mgb		refs/JondoEmu/datos/protocolo_3.6.10.10.proto:17058	1	geyx:repeated mfl		
mgc		refs/JondoEmu/datos/protocolo_3.6.10.10.proto:17062	3	gezb:int64;gezc:string;gezd:mfn		
mgf		refs/JondoEmu/datos/protocolo_3.6.10.10.proto:17068	0			
mgh		refs/JondoEmu/datos/protocolo_3.6.10.10.proto:17071	2	gezl:mge;gezm:mgf		
mgk		refs/JondoEmu/datos/protocolo_3.6.10.10.proto:17076	1	gezq:mgi		
mgl		refs/JondoEmu/datos/protocolo_3.6.10.10.proto:17080	5	gezu:repeated int32;gezv:repeated int64;gezw:int32;gezx:bool;gezy:bool		
mgn		refs/JondoEmu/datos/protocolo_3.6.10.10.proto:17088	2	gfae:bool;gfaf:mgl		
mgq	mgq	refs/JondoEmu/datos/protocolo_3.6.10.10.proto:17093	3	gfaj:mgo;gfak:bool;gfal:lbb		
mgr		refs/JondoEmu/datos/protocolo_3.6.10.10.proto:17099	5	gfap:bool;gfaq:bool;gfar:bool;gfas:bool;gfat:bool		
mgt	mgt	refs/JondoEmu/datos/protocolo_3.6.10.10.proto:17107	2	gfax:mgr;gfay:mgr		
mgv		refs/JondoEmu/datos/protocolo_3.6.10.10.proto:17112	3	gfbc:string;gfbd:bool;gfbe:repeated string		
mgx		refs/JondoEmu/datos/protocolo_3.6.10.10.proto:17118	3	gfbj:mgu;gfbk:mgv;gfbl:int64		
mgy		refs/JondoEmu/datos/protocolo_3.6.10.10.proto:17124	1	gfbp:repeated int32		
mgz	mgz	refs/JondoEmu/datos/protocolo_3.6.10.10.proto:17128	1	gfbt:int64	ContentCatalogVersionMessage	anclas_3.6.10.10.tsv
mhc		refs/JondoEmu/datos/protocolo_3.6.10.10.proto:17132	2	gfbx:bool;gfby:mha		
