message_nom	protocol_id	fichier:ligne	nb_champs	champs
AccountMessage	2	refs/dofus-server-client-2.68/server/giny/Sources/Giny.Protocol/IPC/Messages/AccountMessage.cs:14	1	Account:Account
AccountRequestMessage	18	refs/dofus-server-client-2.68/server/giny/Sources/Giny.Protocol/IPC/Messages/AccountRequestMessage.cs:13	1	ticket:string
DisconnectClientRequestMessage	4	refs/dofus-server-client-2.68/server/giny/Sources/Giny.Protocol/IPC/Messages/DisconnectClientRequestMessage.cs:13	1	accountId:int
DisconnectClientResultMessage	5	refs/dofus-server-client-2.68/server/giny/Sources/Giny.Protocol/IPC/Messages/DisconnectClientResultMessage.cs:14	1	sucess:bool
HandshakeMessage	6	refs/dofus-server-client-2.68/server/giny/Sources/Giny.Protocol/IPC/Messages/HandshakeMessage.cs:14	1	serverId:short
IPCCharacterCreationRequestMessage	7	refs/dofus-server-client-2.68/server/giny/Sources/Giny.Protocol/IPC/Messages/IPCCharacterCreationRequestMessage.cs:13	2	accountId:int;characterId:long
IPCCharacterDeletionRequestMessage	9	refs/dofus-server-client-2.68/server/giny/Sources/Giny.Protocol/IPC/Messages/IPCCharacterDeletionRequestMessage.cs:13	2	accountId:int;characterId:long
IPCServerStatusUpdateMessage	11	refs/dofus-server-client-2.68/server/giny/Sources/Giny.Protocol/IPC/Messages/IPCServerStatusUpdateMessage.cs:15	1	status:ServerStatusEnum
IsIpConnectedMessage	13	refs/dofus-server-client-2.68/server/giny/Sources/Giny.Protocol/IPC/Messages/IsIpConnectedMessage.cs:13	1	connected:bool
IsIpConnectedRequestMessage	12	refs/dofus-server-client-2.68/server/giny/Sources/Giny.Protocol/IPC/Messages/IsIpConnectedRequestMessage.cs:13	1	ip:string
ResetWorldRequestMessage	16	refs/dofus-server-client-2.68/server/giny/Sources/Giny.Protocol/IPC/Messages/ResetWorldRequestMessage.cs:13	0	
ResetWorldResultMessage	19	refs/dofus-server-client-2.68/server/giny/Sources/Giny.Protocol/IPC/Messages/ResetWorldResultMessage.cs:13	1	success:bool
AdminCommandMessage	3305	refs/dofus-server-client-2.68/server/giny/Sources/Giny.Protocol/Messages/Authorized/AdminCommandMessage.cs:12	2	messageUuid:Uuid;content:string
AdminQuietCommandMessage	3781	refs/dofus-server-client-2.68/server/giny/Sources/Giny.Protocol/Messages/Authorized/AdminQuietCommandMessage.cs:12	0	
ConsoleCommandsListMessage	5709	refs/dofus-server-client-2.68/server/giny/Sources/Giny.Protocol/Messages/Authorized/ConsoleCommandsListMessage.cs:12	3	aliases:string[];args:string[];descriptions:string[]
ConsoleEndMessage	7083	refs/dofus-server-client-2.68/server/giny/Sources/Giny.Protocol/Messages/Authorized/ConsoleEndMessage.cs:12	2	consoleUuid:Uuid;isSuccess:bool
ConsoleMessage	5631	refs/dofus-server-client-2.68/server/giny/Sources/Giny.Protocol/Messages/Authorized/ConsoleMessage.cs:12	2	type:byte;content:string
BasicPingMessage	4681	refs/dofus-server-client-2.68/server/giny/Sources/Giny.Protocol/Messages/Common/Basic/BasicPingMessage.cs:12	1	quiet:bool
BasicPongMessage	5180	refs/dofus-server-client-2.68/server/giny/Sources/Giny.Protocol/Messages/Common/Basic/BasicPongMessage.cs:12	1	quiet:bool
BasicStatMessage	6463	refs/dofus-server-client-2.68/server/giny/Sources/Giny.Protocol/Messages/Common/Basic/BasicStatMessage.cs:12	2	timeSpent:double;statId:short
BasicStatWithDataMessage	2819	refs/dofus-server-client-2.68/server/giny/Sources/Giny.Protocol/Messages/Common/Basic/BasicStatWithDataMessage.cs:12	1	datas:StatisticData[]
CredentialsAcknowledgementMessage	8100	refs/dofus-server-client-2.68/server/giny/Sources/Giny.Protocol/Messages/Connection/CredentialsAcknowledgementMessage.cs:12	0	
ForceAccountErrorMessage	8978	refs/dofus-server-client-2.68/server/giny/Sources/Giny.Protocol/Messages/Connection/ForceAccountErrorMessage.cs:12	0	
ForceAccountMessage	78	refs/dofus-server-client-2.68/server/giny/Sources/Giny.Protocol/Messages/Connection/ForceAccountMessage.cs:12	1	accountId:int
ForceAccountStatusMessage	7528	refs/dofus-server-client-2.68/server/giny/Sources/Giny.Protocol/Messages/Connection/ForceAccountStatusMessage.cs:12	4	force:bool;forcedAccountId:int;forcedNickname:string;forcedTag:string
HelloConnectMessage	2909	refs/dofus-server-client-2.68/server/giny/Sources/Giny.Protocol/Messages/Connection/HelloConnectMessage.cs:12	2	salt:string;key:byte[]
IdentificationFailedBannedMessage	6412	refs/dofus-server-client-2.68/server/giny/Sources/Giny.Protocol/Messages/Connection/IdentificationFailedBannedMessage.cs:12	1	banEndDate:double
IdentificationFailedForBadVersionMessage	5123	refs/dofus-server-client-2.68/server/giny/Sources/Giny.Protocol/Messages/Connection/IdentificationFailedForBadVersionMessage.cs:13	1	requiredVersion:Version
IdentificationFailedMessage	7388	refs/dofus-server-client-2.68/server/giny/Sources/Giny.Protocol/Messages/Connection/IdentificationFailedMessage.cs:12	1	reason:byte
IdentificationMessage	7755	refs/dofus-server-client-2.68/server/giny/Sources/Giny.Protocol/Messages/Connection/IdentificationMessage.cs:13	9	version:Version;lang:string;credentials:byte[];serverId:short;autoconnect:bool;useCertificate:bool;useLoginToken:bool;sessionOptionalSalt:long;failedAttempts:short[]
IdentificationSuccessMessage	3876	refs/dofus-server-client-2.68/server/giny/Sources/Giny.Protocol/Messages/Connection/IdentificationSuccessMessage.cs:12	10	login:string;accountTag:AccountTagInformation;accountId:int;communityId:byte;hasRights:bool;hasForceRight:bool;accountCreation:double;subscriptionEndDate:double;wasAlreadyConnected:bool;havenbagAvailableRoom:byte
IdentificationSuccessWithLoginTokenMessage	6554	refs/dofus-server-client-2.68/server/giny/Sources/Giny.Protocol/Messages/Connection/IdentificationSuccessWithLoginTokenMessage.cs:12	1	loginToken:string
MigratedServerListMessage	2940	refs/dofus-server-client-2.68/server/giny/Sources/Giny.Protocol/Messages/Connection/MigratedServerListMessage.cs:12	1	migratedServerIds:short[]
AccountLinkRequiredMessage	8119	refs/dofus-server-client-2.68/server/giny/Sources/Giny.Protocol/Messages/Connection/Register/AccountLinkRequiredMessage.cs:12	0	
NicknameAcceptedMessage	8621	refs/dofus-server-client-2.68/server/giny/Sources/Giny.Protocol/Messages/Connection/Register/NicknameAcceptedMessage.cs:12	0	
NicknameChoiceRequestMessage	1518	refs/dofus-server-client-2.68/server/giny/Sources/Giny.Protocol/Messages/Connection/Register/NicknameChoiceRequestMessage.cs:12	1	nickname:string
NicknameRefusedMessage	1363	refs/dofus-server-client-2.68/server/giny/Sources/Giny.Protocol/Messages/Connection/Register/NicknameRefusedMessage.cs:12	1	reason:byte
NicknameRegistrationMessage	8723	refs/dofus-server-client-2.68/server/giny/Sources/Giny.Protocol/Messages/Connection/Register/NicknameRegistrationMessage.cs:12	0	
ReleaseAccountMessage	9736	refs/dofus-server-client-2.68/server/giny/Sources/Giny.Protocol/Messages/Connection/ReleaseAccountMessage.cs:12	0	
AcquaintanceSearchErrorMessage	4300	refs/dofus-server-client-2.68/server/giny/Sources/Giny.Protocol/Messages/Connection/Search/AcquaintanceSearchErrorMessage.cs:12	1	reason:byte
AcquaintanceSearchMessage	9545	refs/dofus-server-client-2.68/server/giny/Sources/Giny.Protocol/Messages/Connection/Search/AcquaintanceSearchMessage.cs:12	1	tag:AccountTagInformation
AcquaintanceServerListMessage	4979	refs/dofus-server-client-2.68/server/giny/Sources/Giny.Protocol/Messages/Connection/Search/AcquaintanceServerListMessage.cs:12	1	servers:short[]
SelectedServerDataExtendedMessage	4551	refs/dofus-server-client-2.68/server/giny/Sources/Giny.Protocol/Messages/Connection/SelectedServerDataExtendedMessage.cs:12	1	servers:GameServerInformations[]
SelectedServerDataMessage	5981	refs/dofus-server-client-2.68/server/giny/Sources/Giny.Protocol/Messages/Connection/SelectedServerDataMessage.cs:12	5	serverId:short;address:string;ports:short[];canCreateNewCharacter:bool;ticket:byte[]
SelectedServerRefusedMessage	5669	refs/dofus-server-client-2.68/server/giny/Sources/Giny.Protocol/Messages/Connection/SelectedServerRefusedMessage.cs:12	3	serverId:short;error:byte;serverStatus:byte
ServerSelectionMessage	1712	refs/dofus-server-client-2.68/server/giny/Sources/Giny.Protocol/Messages/Connection/ServerSelectionMessage.cs:12	1	serverId:short
ServerStatusUpdateMessage	2374	refs/dofus-server-client-2.68/server/giny/Sources/Giny.Protocol/Messages/Connection/ServerStatusUpdateMessage.cs:12	1	server:GameServerInformations
ServersListMessage	6791	refs/dofus-server-client-2.68/server/giny/Sources/Giny.Protocol/Messages/Connection/ServersListMessage.cs:12	2	servers:GameServerInformations[];canCreateNewCharacter:bool
DebugClearHighlightCellsMessage	3788	refs/dofus-server-client-2.68/server/giny/Sources/Giny.Protocol/Messages/Debug/DebugClearHighlightCellsMessage.cs:12	0	
DebugHighlightCellsMessage	3220	refs/dofus-server-client-2.68/server/giny/Sources/Giny.Protocol/Messages/Debug/DebugHighlightCellsMessage.cs:12	2	color:double;cells:short[]
DebugInClientMessage	968	refs/dofus-server-client-2.68/server/giny/Sources/Giny.Protocol/Messages/Debug/DebugInClientMessage.cs:12	2	level:byte;message:string
DumpedEntityStatsMessage	8612	refs/dofus-server-client-2.68/server/giny/Sources/Giny.Protocol/Messages/Debug/DumpedEntityStatsMessage.cs:12	2	actorId:double;stats:CharacterCharacteristics
AchievementAlmostFinishedDetailedListMessage	8401	refs/dofus-server-client-2.68/server/giny/Sources/Giny.Protocol/Messages/Game/Achievement/AchievementAlmostFinishedDetailedListMessage.cs:12	1	almostFinishedAchievements:Achievement[]
AchievementAlmostFinishedDetailedListRequestMessage	8667	refs/dofus-server-client-2.68/server/giny/Sources/Giny.Protocol/Messages/Game/Achievement/AchievementAlmostFinishedDetailedListRequestMessage.cs:12	0	
AchievementDetailedListMessage	8773	refs/dofus-server-client-2.68/server/giny/Sources/Giny.Protocol/Messages/Game/Achievement/AchievementDetailedListMessage.cs:12	2	startedAchievements:Achievement[];finishedAchievements:Achievement[]
AchievementDetailedListRequestMessage	8893	refs/dofus-server-client-2.68/server/giny/Sources/Giny.Protocol/Messages/Game/Achievement/AchievementDetailedListRequestMessage.cs:12	1	categoryId:short
AchievementDetailsMessage	8366	refs/dofus-server-client-2.68/server/giny/Sources/Giny.Protocol/Messages/Game/Achievement/AchievementDetailsMessage.cs:12	1	achievement:Achievement
AchievementDetailsRequestMessage	838	refs/dofus-server-client-2.68/server/giny/Sources/Giny.Protocol/Messages/Game/Achievement/AchievementDetailsRequestMessage.cs:12	1	achievementId:short
AchievementFinishedInformationMessage	2610	refs/dofus-server-client-2.68/server/giny/Sources/Giny.Protocol/Messages/Game/Achievement/AchievementFinishedInformationMessage.cs:12	2	name:string;playerId:long
AchievementFinishedMessage	1323	refs/dofus-server-client-2.68/server/giny/Sources/Giny.Protocol/Messages/Game/Achievement/AchievementFinishedMessage.cs:12	1	achievement:AchievementAchievedRewardable
AchievementListMessage	4298	refs/dofus-server-client-2.68/server/giny/Sources/Giny.Protocol/Messages/Game/Achievement/AchievementListMessage.cs:12	1	finishedAchievements:AchievementAchieved[]
AchievementRewardErrorMessage	9506	refs/dofus-server-client-2.68/server/giny/Sources/Giny.Protocol/Messages/Game/Achievement/AchievementRewardErrorMessage.cs:12	1	achievementId:short
AchievementRewardRequestMessage	1218	refs/dofus-server-client-2.68/server/giny/Sources/Giny.Protocol/Messages/Game/Achievement/AchievementRewardRequestMessage.cs:12	1	achievementId:short
AchievementRewardSuccessMessage	1941	refs/dofus-server-client-2.68/server/giny/Sources/Giny.Protocol/Messages/Game/Achievement/AchievementRewardSuccessMessage.cs:12	1	achievementId:short
FriendGuildSetWarnOnAchievementCompleteMessage	8910	refs/dofus-server-client-2.68/server/giny/Sources/Giny.Protocol/Messages/Game/Achievement/FriendGuildSetWarnOnAchievementCompleteMessage.cs:12	1	enable:bool
FriendGuildWarnOnAchievementCompleteStateMessage	188	refs/dofus-server-client-2.68/server/giny/Sources/Giny.Protocol/Messages/Game/Achievement/FriendGuildWarnOnAchievementCompleteStateMessage.cs:12	1	enable:bool
AbstractGameActionMessage	409	refs/dofus-server-client-2.68/server/giny/Sources/Giny.Protocol/Messages/Game/Actions/AbstractGameActionMessage.cs:12	2	actionId:short;sourceId:double
AbstractGameActionWithAckMessage	7499	refs/dofus-server-client-2.68/server/giny/Sources/Giny.Protocol/Messages/Game/Actions/AbstractGameActionWithAckMessage.cs:12	1	waitAckId:short
AbstractGameActionFightTargetedAbilityMessage	836	refs/dofus-server-client-2.68/server/giny/Sources/Giny.Protocol/Messages/Game/Actions/Fight/AbstractGameActionFightTargetedAbilityMessage.cs:12	5	targetId:double;destinationCellId:short;critical:byte;silentCast:bool;verboseCast:bool
GameActionFightActivateGlyphTrapMessage	9295	refs/dofus-server-client-2.68/server/giny/Sources/Giny.Protocol/Messages/Game/Actions/Fight/GameActionFightActivateGlyphTrapMessage.cs:12	2	markId:short;active:bool
GameActionFightCarryCharacterMessage	9711	refs/dofus-server-client-2.68/server/giny/Sources/Giny.Protocol/Messages/Game/Actions/Fight/GameActionFightCarryCharacterMessage.cs:12	2	targetId:double;cellId:short
GameActionFightCastOnTargetRequestMessage	5894	refs/dofus-server-client-2.68/server/giny/Sources/Giny.Protocol/Messages/Game/Actions/Fight/GameActionFightCastOnTargetRequestMessage.cs:12	2	spellId:short;targetId:double
GameActionFightCastRequestMessage	6441	refs/dofus-server-client-2.68/server/giny/Sources/Giny.Protocol/Messages/Game/Actions/Fight/GameActionFightCastRequestMessage.cs:12	2	spellId:short;cellId:short
GameActionFightChangeLookMessage	6798	refs/dofus-server-client-2.68/server/giny/Sources/Giny.Protocol/Messages/Game/Actions/Fight/GameActionFightChangeLookMessage.cs:12	2	targetId:double;entityLook:EntityLook
GameActionFightCloseCombatMessage	1826	refs/dofus-server-client-2.68/server/giny/Sources/Giny.Protocol/Messages/Game/Actions/Fight/GameActionFightCloseCombatMessage.cs:12	1	weaponGenericId:int
GameActionFightDeathMessage	2437	refs/dofus-server-client-2.68/server/giny/Sources/Giny.Protocol/Messages/Game/Actions/Fight/GameActionFightDeathMessage.cs:12	1	targetId:double
GameActionFightDispellEffectMessage	339	refs/dofus-server-client-2.68/server/giny/Sources/Giny.Protocol/Messages/Game/Actions/Fight/GameActionFightDispellEffectMessage.cs:12	1	boostUID:int
GameActionFightDispellMessage	4004	refs/dofus-server-client-2.68/server/giny/Sources/Giny.Protocol/Messages/Game/Actions/Fight/GameActionFightDispellMessage.cs:12	2	targetId:double;verboseCast:bool
GameActionFightDispellSpellMessage	1974	refs/dofus-server-client-2.68/server/giny/Sources/Giny.Protocol/Messages/Game/Actions/Fight/GameActionFightDispellSpellMessage.cs:12	1	spellId:short
GameActionFightDispellableEffectMessage	869	refs/dofus-server-client-2.68/server/giny/Sources/Giny.Protocol/Messages/Game/Actions/Fight/GameActionFightDispellableEffectMessage.cs:12	1	effect:AbstractFightDispellableEffect
GameActionFightDodgePointLossMessage	8102	refs/dofus-server-client-2.68/server/giny/Sources/Giny.Protocol/Messages/Game/Actions/Fight/GameActionFightDodgePointLossMessage.cs:12	2	targetId:double;amount:short
GameActionFightDropCharacterMessage	1472	refs/dofus-server-client-2.68/server/giny/Sources/Giny.Protocol/Messages/Game/Actions/Fight/GameActionFightDropCharacterMessage.cs:12	2	targetId:double;cellId:short
GameActionFightExchangePositionsMessage	2330	refs/dofus-server-client-2.68/server/giny/Sources/Giny.Protocol/Messages/Game/Actions/Fight/GameActionFightExchangePositionsMessage.cs:12	3	targetId:double;casterCellId:short;targetCellId:short
GameActionFightInvisibilityMessage	4958	refs/dofus-server-client-2.68/server/giny/Sources/Giny.Protocol/Messages/Game/Actions/Fight/GameActionFightInvisibilityMessage.cs:12	2	targetId:double;state:byte
GameActionFightInvisibleDetectedMessage	3642	refs/dofus-server-client-2.68/server/giny/Sources/Giny.Protocol/Messages/Game/Actions/Fight/GameActionFightInvisibleDetectedMessage.cs:12	2	targetId:double;cellId:short
GameActionFightKillMessage	7364	refs/dofus-server-client-2.68/server/giny/Sources/Giny.Protocol/Messages/Game/Actions/Fight/GameActionFightKillMessage.cs:12	1	targetId:double
GameActionFightLifeAndShieldPointsLostMessage	2753	refs/dofus-server-client-2.68/server/giny/Sources/Giny.Protocol/Messages/Game/Actions/Fight/GameActionFightLifeAndShieldPointsLostMessage.cs:12	1	shieldLoss:short
GameActionFightLifePointsGainMessage	5968	refs/dofus-server-client-2.68/server/giny/Sources/Giny.Protocol/Messages/Game/Actions/Fight/GameActionFightLifePointsGainMessage.cs:12	2	targetId:double;delta:int
GameActionFightLifePointsLostMessage	8706	refs/dofus-server-client-2.68/server/giny/Sources/Giny.Protocol/Messages/Game/Actions/Fight/GameActionFightLifePointsLostMessage.cs:12	4	targetId:double;loss:int;permanentDamages:int;elementId:int
GameActionFightMarkCellsMessage	7789	refs/dofus-server-client-2.68/server/giny/Sources/Giny.Protocol/Messages/Game/Actions/Fight/GameActionFightMarkCellsMessage.cs:12	1	mark:GameActionMark
GameActionFightModifyEffectsDurationMessage	3924	refs/dofus-server-client-2.68/server/giny/Sources/Giny.Protocol/Messages/Game/Actions/Fight/GameActionFightModifyEffectsDurationMessage.cs:12	2	targetId:double;delta:short
GameActionFightMultipleSummonMessage	1078	refs/dofus-server-client-2.68/server/giny/Sources/Giny.Protocol/Messages/Game/Actions/Fight/GameActionFightMultipleSummonMessage.cs:12	1	summons:GameContextSummonsInformation[]
GameActionFightNoSpellCastMessage	1241	refs/dofus-server-client-2.68/server/giny/Sources/Giny.Protocol/Messages/Game/Actions/Fight/GameActionFightNoSpellCastMessage.cs:12	1	spellLevelId:int
GameActionFightPointsVariationMessage	2600	refs/dofus-server-client-2.68/server/giny/Sources/Giny.Protocol/Messages/Game/Actions/Fight/GameActionFightPointsVariationMessage.cs:12	2	targetId:double;delta:short
GameActionFightReduceDamagesMessage	6000	refs/dofus-server-client-2.68/server/giny/Sources/Giny.Protocol/Messages/Game/Actions/Fight/GameActionFightReduceDamagesMessage.cs:12	2	targetId:double;amount:int
GameActionFightReflectDamagesMessage	2532	refs/dofus-server-client-2.68/server/giny/Sources/Giny.Protocol/Messages/Game/Actions/Fight/GameActionFightReflectDamagesMessage.cs:12	1	targetId:double
GameActionFightReflectSpellMessage	9227	refs/dofus-server-client-2.68/server/giny/Sources/Giny.Protocol/Messages/Game/Actions/Fight/GameActionFightReflectSpellMessage.cs:12	1	targetId:double
GameActionFightSlideMessage	9026	refs/dofus-server-client-2.68/server/giny/Sources/Giny.Protocol/Messages/Game/Actions/Fight/GameActionFightSlideMessage.cs:12	3	targetId:double;startCellId:short;endCellId:short
GameActionFightSpellCastMessage	1220	refs/dofus-server-client-2.68/server/giny/Sources/Giny.Protocol/Messages/Game/Actions/Fight/GameActionFightSpellCastMessage.cs:12	3	spellId:short;spellLevel:short;portalsIds:short[]
GameActionFightSpellCooldownVariationMessage	4289	refs/dofus-server-client-2.68/server/giny/Sources/Giny.Protocol/Messages/Game/Actions/Fight/GameActionFightSpellCooldownVariationMessage.cs:12	3	targetId:double;spellId:short;value:short
GameActionFightSpellImmunityMessage	4010	refs/dofus-server-client-2.68/server/giny/Sources/Giny.Protocol/Messages/Game/Actions/Fight/GameActionFightSpellImmunityMessage.cs:12	2	targetId:double;spellId:short
GameActionFightStealKamaMessage	270	refs/dofus-server-client-2.68/server/giny/Sources/Giny.Protocol/Messages/Game/Actions/Fight/GameActionFightStealKamaMessage.cs:12	2	targetId:double;amount:long
GameActionFightSummonMessage	7574	refs/dofus-server-client-2.68/server/giny/Sources/Giny.Protocol/Messages/Game/Actions/Fight/GameActionFightSummonMessage.cs:12	1	summons:GameFightFighterInformations[]
GameActionFightTackledMessage	5588	refs/dofus-server-client-2.68/server/giny/Sources/Giny.Protocol/Messages/Game/Actions/Fight/GameActionFightTackledMessage.cs:12	1	tacklersIds:double[]
GameActionFightTeleportOnSameMapMessage	6155	refs/dofus-server-client-2.68/server/giny/Sources/Giny.Protocol/Messages/Game/Actions/Fight/GameActionFightTeleportOnSameMapMessage.cs:12	2	targetId:double;cellId:short
GameActionFightThrowCharacterMessage	2852	refs/dofus-server-client-2.68/server/giny/Sources/Giny.Protocol/Messages/Game/Actions/Fight/GameActionFightThrowCharacterMessage.cs:12	2	targetId:double;cellId:short
GameActionFightTriggerEffectMessage	8781	refs/dofus-server-client-2.68/server/giny/Sources/Giny.Protocol/Messages/Game/Actions/Fight/GameActionFightTriggerEffectMessage.cs:12	0	
GameActionFightTriggerGlyphTrapMessage	6805	refs/dofus-server-client-2.68/server/giny/Sources/Giny.Protocol/Messages/Game/Actions/Fight/GameActionFightTriggerGlyphTrapMessage.cs:12	4	markId:short;markImpactCell:short;triggeringCharacterId:double;triggeredSpellId:short
GameActionFightUnmarkCellsMessage	2192	refs/dofus-server-client-2.68/server/giny/Sources/Giny.Protocol/Messages/Game/Actions/Fight/GameActionFightUnmarkCellsMessage.cs:12	1	markId:short
GameActionFightVanishMessage	607	refs/dofus-server-client-2.68/server/giny/Sources/Giny.Protocol/Messages/Game/Actions/Fight/GameActionFightVanishMessage.cs:12	1	targetId:double
GameActionUpdateEffectTriggerCountMessage	7800	refs/dofus-server-client-2.68/server/giny/Sources/Giny.Protocol/Messages/Game/Actions/Fight/GameActionUpdateEffectTriggerCountMessage.cs:12	1	targetIds:GameFightEffectTriggerCount[]
GameActionAcknowledgementMessage	5824	refs/dofus-server-client-2.68/server/giny/Sources/Giny.Protocol/Messages/Game/Actions/GameActionAcknowledgementMessage.cs:12	2	valid:bool;actionId:byte
GameActionNoopMessage	5512	refs/dofus-server-client-2.68/server/giny/Sources/Giny.Protocol/Messages/Game/Actions/GameActionNoopMessage.cs:12	0	
GameActionSpamMessage	5126	refs/dofus-server-client-2.68/server/giny/Sources/Giny.Protocol/Messages/Game/Actions/GameActionSpamMessage.cs:12	1	cells:short[]
SequenceEndMessage	6647	refs/dofus-server-client-2.68/server/giny/Sources/Giny.Protocol/Messages/Game/Actions/Sequence/SequenceEndMessage.cs:12	3	actionId:short;authorId:double;sequenceType:byte
SequenceStartMessage	7930	refs/dofus-server-client-2.68/server/giny/Sources/Giny.Protocol/Messages/Game/Actions/Sequence/SequenceStartMessage.cs:12	2	sequenceType:byte;authorId:double
AllianceAllRanksUpdateRequestMessage	1136	refs/dofus-server-client-2.68/server/giny/Sources/Giny.Protocol/Messages/Game/Alliance/AllianceAllRanksUpdateRequestMessage.cs:12	1	ranks:RankInformation[]
AllianceBulletinMessage	8980	refs/dofus-server-client-2.68/server/giny/Sources/Giny.Protocol/Messages/Game/Alliance/AllianceBulletinMessage.cs:12	0	
AllianceBulletinSetErrorMessage	6084	refs/dofus-server-client-2.68/server/giny/Sources/Giny.Protocol/Messages/Game/Alliance/AllianceBulletinSetErrorMessage.cs:12	0	
AllianceBulletinSetRequestMessage	7394	refs/dofus-server-client-2.68/server/giny/Sources/Giny.Protocol/Messages/Game/Alliance/AllianceBulletinSetRequestMessage.cs:12	1	content:string
AllianceChangeMemberRankMessage	1021	refs/dofus-server-client-2.68/server/giny/Sources/Giny.Protocol/Messages/Game/Alliance/AllianceChangeMemberRankMessage.cs:12	2	memberId:long;rankId:int
AllianceCreationResultMessage	8740	refs/dofus-server-client-2.68/server/giny/Sources/Giny.Protocol/Messages/Game/Alliance/AllianceCreationResultMessage.cs:12	1	result:byte
AllianceCreationStartedMessage	6593	refs/dofus-server-client-2.68/server/giny/Sources/Giny.Protocol/Messages/Game/Alliance/AllianceCreationStartedMessage.cs:12	0	
AllianceCreationValidMessage	1538	refs/dofus-server-client-2.68/server/giny/Sources/Giny.Protocol/Messages/Game/Alliance/AllianceCreationValidMessage.cs:12	3	allianceName:string;allianceTag:string;allianceEmblem:SocialEmblem
AllianceFactsErrorMessage	7286	refs/dofus-server-client-2.68/server/giny/Sources/Giny.Protocol/Messages/Game/Alliance/AllianceFactsErrorMessage.cs:12	1	allianceId:int
AllianceFactsMessage	3798	refs/dofus-server-client-2.68/server/giny/Sources/Giny.Protocol/Messages/Game/Alliance/AllianceFactsMessage.cs:12	5	infos:AllianceFactSheetInformation;members:CharacterMinimalSocialPublicInformations[];controlledSubareaIds:short[];leaderCharacterId:long;leaderCharacterName:string
AllianceFactsRequestMessage	6034	refs/dofus-server-client-2.68/server/giny/Sources/Giny.Protocol/Messages/Game/Alliance/AllianceFactsRequestMessage.cs:12	1	allianceId:int
AllianceInsiderInfoMessage	8929	refs/dofus-server-client-2.68/server/giny/Sources/Giny.Protocol/Messages/Game/Alliance/AllianceInsiderInfoMessage.cs:12	4	allianceInfos:AllianceFactSheetInformation;members:AllianceMemberInfo[];prisms:PrismGeolocalizedInformation[];taxCollectors:TaxCollectorInformations[]
AllianceInsiderInfoRequestMessage	3738	refs/dofus-server-client-2.68/server/giny/Sources/Giny.Protocol/Messages/Game/Alliance/AllianceInsiderInfoRequestMessage.cs:12	0	
AllianceInvitationAnswerMessage	841	refs/dofus-server-client-2.68/server/giny/Sources/Giny.Protocol/Messages/Game/Alliance/AllianceInvitationAnswerMessage.cs:12	1	accept:bool
AllianceInvitationMessage	8696	refs/dofus-server-client-2.68/server/giny/Sources/Giny.Protocol/Messages/Game/Alliance/AllianceInvitationMessage.cs:12	1	targetId:long
AllianceInvitationStateRecrutedMessage	2728	refs/dofus-server-client-2.68/server/giny/Sources/Giny.Protocol/Messages/Game/Alliance/AllianceInvitationStateRecrutedMessage.cs:12	1	invitationState:byte
AllianceInvitationStateRecruterMessage	6001	refs/dofus-server-client-2.68/server/giny/Sources/Giny.Protocol/Messages/Game/Alliance/AllianceInvitationStateRecruterMessage.cs:12	2	recrutedName:string;invitationState:byte
AllianceInvitedMessage	1579	refs/dofus-server-client-2.68/server/giny/Sources/Giny.Protocol/Messages/Game/Alliance/AllianceInvitedMessage.cs:12	2	recruterName:string;allianceInfo:AllianceInformation
AllianceJoinAutomaticallyRequestMessage	8203	refs/dofus-server-client-2.68/server/giny/Sources/Giny.Protocol/Messages/Game/Alliance/AllianceJoinAutomaticallyRequestMessage.cs:12	1	allianceId:int
AllianceJoinedMessage	6952	refs/dofus-server-client-2.68/server/giny/Sources/Giny.Protocol/Messages/Game/Alliance/AllianceJoinedMessage.cs:12	2	allianceInfo:AllianceInformation;rankId:int
AllianceKickRequestMessage	3588	refs/dofus-server-client-2.68/server/giny/Sources/Giny.Protocol/Messages/Game/Alliance/AllianceKickRequestMessage.cs:12	1	kickedId:long
AllianceLeftMessage	8384	refs/dofus-server-client-2.68/server/giny/Sources/Giny.Protocol/Messages/Game/Alliance/AllianceLeftMessage.cs:12	0	
AllianceListMessage	1245	refs/dofus-server-client-2.68/server/giny/Sources/Giny.Protocol/Messages/Game/Alliance/AllianceListMessage.cs:12	1	alliances:AllianceFactSheetInformation[]
AllianceMemberInformationUpdateMessage	2538	refs/dofus-server-client-2.68/server/giny/Sources/Giny.Protocol/Messages/Game/Alliance/AllianceMemberInformationUpdateMessage.cs:12	1	member:AllianceMemberInfo
AllianceMemberLeavingMessage	945	refs/dofus-server-client-2.68/server/giny/Sources/Giny.Protocol/Messages/Game/Alliance/AllianceMemberLeavingMessage.cs:12	2	kicked:bool;memberId:long
AllianceMemberOnlineStatusMessage	5744	refs/dofus-server-client-2.68/server/giny/Sources/Giny.Protocol/Messages/Game/Alliance/AllianceMemberOnlineStatusMessage.cs:12	2	memberId:long;online:bool
AllianceMemberStartWarningOnConnectionMessage	7557	refs/dofus-server-client-2.68/server/giny/Sources/Giny.Protocol/Messages/Game/Alliance/AllianceMemberStartWarningOnConnectionMessage.cs:12	0	
AllianceMemberStopWarningOnConnectionMessage	9966	refs/dofus-server-client-2.68/server/giny/Sources/Giny.Protocol/Messages/Game/Alliance/AllianceMemberStopWarningOnConnectionMessage.cs:12	0	
AllianceMembershipMessage	549	refs/dofus-server-client-2.68/server/giny/Sources/Giny.Protocol/Messages/Game/Alliance/AllianceMembershipMessage.cs:12	0	
AllianceModificationEmblemValidMessage	2792	refs/dofus-server-client-2.68/server/giny/Sources/Giny.Protocol/Messages/Game/Alliance/AllianceModificationEmblemValidMessage.cs:12	1	allianceEmblem:SocialEmblem
AllianceModificationNameAndTagValidMessage	637	refs/dofus-server-client-2.68/server/giny/Sources/Giny.Protocol/Messages/Game/Alliance/AllianceModificationNameAndTagValidMessage.cs:12	2	allianceName:string;allianceTag:string
AllianceModificationResultMessage	5648	refs/dofus-server-client-2.68/server/giny/Sources/Giny.Protocol/Messages/Game/Alliance/AllianceModificationResultMessage.cs:12	1	result:byte
AllianceModificationStartedMessage	447	refs/dofus-server-client-2.68/server/giny/Sources/Giny.Protocol/Messages/Game/Alliance/AllianceModificationStartedMessage.cs:12	3	canChangeName:bool;canChangeTag:bool;canChangeEmblem:bool
AllianceModificationValidMessage	7593	refs/dofus-server-client-2.68/server/giny/Sources/Giny.Protocol/Messages/Game/Alliance/AllianceModificationValidMessage.cs:12	3	allianceName:string;allianceTag:string;allianceEmblem:SocialEmblem
AllianceMotdMessage	8500	refs/dofus-server-client-2.68/server/giny/Sources/Giny.Protocol/Messages/Game/Alliance/AllianceMotdMessage.cs:12	0	
AllianceMotdSetErrorMessage	2581	refs/dofus-server-client-2.68/server/giny/Sources/Giny.Protocol/Messages/Game/Alliance/AllianceMotdSetErrorMessage.cs:12	0	
AllianceMotdSetRequestMessage	4660	refs/dofus-server-client-2.68/server/giny/Sources/Giny.Protocol/Messages/Game/Alliance/AllianceMotdSetRequestMessage.cs:12	1	content:string
AlliancePartialListMessage	7536	refs/dofus-server-client-2.68/server/giny/Sources/Giny.Protocol/Messages/Game/Alliance/AlliancePartialListMessage.cs:12	0	
AllianceRankCreateRequestMessage	9206	refs/dofus-server-client-2.68/server/giny/Sources/Giny.Protocol/Messages/Game/Alliance/AllianceRankCreateRequestMessage.cs:12	3	parentRankId:int;gfxId:int;name:string
AllianceRankRemoveRequestMessage	8022	refs/dofus-server-client-2.68/server/giny/Sources/Giny.Protocol/Messages/Game/Alliance/AllianceRankRemoveRequestMessage.cs:12	2	rankId:int;newRankId:int
AllianceRankUpdateRequestMessage	4114	refs/dofus-server-client-2.68/server/giny/Sources/Giny.Protocol/Messages/Game/Alliance/AllianceRankUpdateRequestMessage.cs:12	1	rank:RankInformation
AllianceRanksMessage	9275	refs/dofus-server-client-2.68/server/giny/Sources/Giny.Protocol/Messages/Game/Alliance/AllianceRanksMessage.cs:12	1	ranks:RankInformation[]
AllianceRanksRequestMessage	8832	refs/dofus-server-client-2.68/server/giny/Sources/Giny.Protocol/Messages/Game/Alliance/AllianceRanksRequestMessage.cs:12	0	
AllianceRightsUpdateMessage	7383	refs/dofus-server-client-2.68/server/giny/Sources/Giny.Protocol/Messages/Game/Alliance/AllianceRightsUpdateMessage.cs:12	2	rankId:int;rights:int[]
AllianceApplicationAnswerMessage	8759	refs/dofus-server-client-2.68/server/giny/Sources/Giny.Protocol/Messages/Game/Alliance/Application/AllianceApplicationAnswerMessage.cs:12	2	accepted:bool;playerId:long
AllianceApplicationDeletedMessage	5178	refs/dofus-server-client-2.68/server/giny/Sources/Giny.Protocol/Messages/Game/Alliance/Application/AllianceApplicationDeletedMessage.cs:12	1	deleted:bool
AllianceApplicationIsAnsweredMessage	5111	refs/dofus-server-client-2.68/server/giny/Sources/Giny.Protocol/Messages/Game/Alliance/Application/AllianceApplicationIsAnsweredMessage.cs:12	2	accepted:bool;allianceInformation:AllianceInformation
AllianceApplicationListenMessage	121	refs/dofus-server-client-2.68/server/giny/Sources/Giny.Protocol/Messages/Game/Alliance/Application/AllianceApplicationListenMessage.cs:12	1	listen:bool
AllianceApplicationPresenceMessage	6378	refs/dofus-server-client-2.68/server/giny/Sources/Giny.Protocol/Messages/Game/Alliance/Application/AllianceApplicationPresenceMessage.cs:12	1	isApplication:bool
AllianceApplicationReceivedMessage	8915	refs/dofus-server-client-2.68/server/giny/Sources/Giny.Protocol/Messages/Game/Alliance/Application/AllianceApplicationReceivedMessage.cs:12	2	playerName:string;playerId:long
AllianceDeleteApplicationRequestMessage	4504	refs/dofus-server-client-2.68/server/giny/Sources/Giny.Protocol/Messages/Game/Alliance/Application/AllianceDeleteApplicationRequestMessage.cs:12	0	
AllianceGetPlayerApplicationMessage	6329	refs/dofus-server-client-2.68/server/giny/Sources/Giny.Protocol/Messages/Game/Alliance/Application/AllianceGetPlayerApplicationMessage.cs:12	0	
AllianceIsThereAnyApplicationMessage	6004	refs/dofus-server-client-2.68/server/giny/Sources/Giny.Protocol/Messages/Game/Alliance/Application/AllianceIsThereAnyApplicationMessage.cs:12	0	
AllianceListApplicationAnswerMessage	9160	refs/dofus-server-client-2.68/server/giny/Sources/Giny.Protocol/Messages/Game/Alliance/Application/AllianceListApplicationAnswerMessage.cs:12	1	applies:SocialApplicationInformation[]
AllianceListApplicationModifiedMessage	8362	refs/dofus-server-client-2.68/server/giny/Sources/Giny.Protocol/Messages/Game/Alliance/Application/AllianceListApplicationModifiedMessage.cs:12	3	apply:SocialApplicationInformation;state:byte;playerId:long
AllianceListApplicationRequestMessage	2579	refs/dofus-server-client-2.68/server/giny/Sources/Giny.Protocol/Messages/Game/Alliance/Application/AllianceListApplicationRequestMessage.cs:12	0	
AlliancePlayerApplicationAbstractMessage	4220	refs/dofus-server-client-2.68/server/giny/Sources/Giny.Protocol/Messages/Game/Alliance/Application/AlliancePlayerApplicationAbstractMessage.cs:12	0	
AlliancePlayerApplicationInformationMessage	96	refs/dofus-server-client-2.68/server/giny/Sources/Giny.Protocol/Messages/Game/Alliance/Application/AlliancePlayerApplicationInformationMessage.cs:12	2	allianceInformation:AllianceInformation;apply:SocialApplicationInformation
AlliancePlayerNoApplicationInformationMessage	971	refs/dofus-server-client-2.68/server/giny/Sources/Giny.Protocol/Messages/Game/Alliance/Application/AlliancePlayerNoApplicationInformationMessage.cs:12	0	
AllianceSubmitApplicationMessage	961	refs/dofus-server-client-2.68/server/giny/Sources/Giny.Protocol/Messages/Game/Alliance/Application/AllianceSubmitApplicationMessage.cs:12	2	applyText:string;allianceId:int
AllianceUpdateApplicationMessage	6742	refs/dofus-server-client-2.68/server/giny/Sources/Giny.Protocol/Messages/Game/Alliance/Application/AllianceUpdateApplicationMessage.cs:12	2	applyText:string;allianceId:int
AllianceFightFighterAddedMessage	5166	refs/dofus-server-client-2.68/server/giny/Sources/Giny.Protocol/Messages/Game/Alliance/Fight/AllianceFightFighterAddedMessage.cs:12	3	allianceFightInfo:SocialFightInfo;fighter:CharacterMinimalPlusLookInformations;team:byte
AllianceFightFighterRemovedMessage	5651	refs/dofus-server-client-2.68/server/giny/Sources/Giny.Protocol/Messages/Game/Alliance/Fight/AllianceFightFighterRemovedMessage.cs:12	2	allianceFightInfo:SocialFightInfo;fighterId:long
AllianceFightFinishedMessage	3017	refs/dofus-server-client-2.68/server/giny/Sources/Giny.Protocol/Messages/Game/Alliance/Fight/AllianceFightFinishedMessage.cs:12	1	allianceFightInfo:SocialFightInfo
AllianceFightInfoMessage	1055	refs/dofus-server-client-2.68/server/giny/Sources/Giny.Protocol/Messages/Game/Alliance/Fight/AllianceFightInfoMessage.cs:12	1	allianceFights:SocialFight[]
AllianceFightPhaseUpdateMessage	460	refs/dofus-server-client-2.68/server/giny/Sources/Giny.Protocol/Messages/Game/Alliance/Fight/AllianceFightPhaseUpdateMessage.cs:12	2	allianceFightInfo:SocialFightInfo;newPhase:FightPhase
AllianceFightStartedMessage	6373	refs/dofus-server-client-2.68/server/giny/Sources/Giny.Protocol/Messages/Game/Alliance/Fight/AllianceFightStartedMessage.cs:12	2	allianceFightInfo:SocialFightInfo;phase:FightPhase
StartListenAllianceFightMessage	4134	refs/dofus-server-client-2.68/server/giny/Sources/Giny.Protocol/Messages/Game/Alliance/Fight/StartListenAllianceFightMessage.cs:12	0	
StopListenAllianceFightMessage	6645	refs/dofus-server-client-2.68/server/giny/Sources/Giny.Protocol/Messages/Game/Alliance/Fight/StopListenAllianceFightMessage.cs:12	0	
KohUpdateMessage	8374	refs/dofus-server-client-2.68/server/giny/Sources/Giny.Protocol/Messages/Game/Alliance/KohUpdateMessage.cs:12	3	kohAllianceInfo:KohAllianceInfo[];startingAvaTimestamp:int;nextTickTime:double
KothEndMessage	4175	refs/dofus-server-client-2.68/server/giny/Sources/Giny.Protocol/Messages/Game/Alliance/KothEndMessage.cs:12	1	winner:KothWinner
AllianceGetRecruitmentInformationMessage	5947	refs/dofus-server-client-2.68/server/giny/Sources/Giny.Protocol/Messages/Game/Alliance/Recruitment/AllianceGetRecruitmentInformationMessage.cs:12	0	
AllianceRecruitmentInformationMessage	9279	refs/dofus-server-client-2.68/server/giny/Sources/Giny.Protocol/Messages/Game/Alliance/Recruitment/AllianceRecruitmentInformationMessage.cs:12	1	recruitmentData:AllianceRecruitmentInformation
AllianceRecruitmentInvalidateMessage	3670	refs/dofus-server-client-2.68/server/giny/Sources/Giny.Protocol/Messages/Game/Alliance/Recruitment/AllianceRecruitmentInvalidateMessage.cs:12	0	
AllianceUpdateRecruitmentInformationMessage	9974	refs/dofus-server-client-2.68/server/giny/Sources/Giny.Protocol/Messages/Game/Alliance/Recruitment/AllianceUpdateRecruitmentInformationMessage.cs:12	1	recruitmentData:AllianceRecruitmentInformation
AllianceSummaryMessage	2178	refs/dofus-server-client-2.68/server/giny/Sources/Giny.Protocol/Messages/Game/Alliance/Summary/AllianceSummaryMessage.cs:12	1	alliances:AllianceFactSheetInformation[]
AllianceSummaryRequestMessage	8794	refs/dofus-server-client-2.68/server/giny/Sources/Giny.Protocol/Messages/Game/Alliance/Summary/AllianceSummaryRequestMessage.cs:12	11	filterType:int;textFilter:string;hideFullFilter:bool;followingAllianceCriteria:bool;criterionFilter:int[];sortType:byte;sortDescending:bool;languagesFilter:int[];recruitmentTypeFilter:byte[];minPlayerLevelFilter:short;maxPlayerLevelFilter:short
AlmanachCalendarDateMessage	271	refs/dofus-server-client-2.68/server/giny/Sources/Giny.Protocol/Messages/Game/Almanach/AlmanachCalendarDateMessage.cs:12	1	date:int
AccountCapabilitiesMessage	1358	refs/dofus-server-client-2.68/server/giny/Sources/Giny.Protocol/Messages/Game/Approach/AccountCapabilitiesMessage.cs:12	4	accountId:int;tutorialAvailable:bool;status:byte;canCreateNewCharacter:bool
AccountLoggingKickedMessage	3538	refs/dofus-server-client-2.68/server/giny/Sources/Giny.Protocol/Messages/Game/Approach/AccountLoggingKickedMessage.cs:12	3	days:short;hours:byte;minutes:byte
AlreadyConnectedMessage	2660	refs/dofus-server-client-2.68/server/giny/Sources/Giny.Protocol/Messages/Game/Approach/AlreadyConnectedMessage.cs:12	0	
AuthenticationTicketAcceptedMessage	170	refs/dofus-server-client-2.68/server/giny/Sources/Giny.Protocol/Messages/Game/Approach/AuthenticationTicketAcceptedMessage.cs:12	0	
AuthenticationTicketMessage	1775	refs/dofus-server-client-2.68/server/giny/Sources/Giny.Protocol/Messages/Game/Approach/AuthenticationTicketMessage.cs:12	2	lang:string;ticket:string
AuthenticationTicketRefusedMessage	1235	refs/dofus-server-client-2.68/server/giny/Sources/Giny.Protocol/Messages/Game/Approach/AuthenticationTicketRefusedMessage.cs:12	0	
HelloGameMessage	858	refs/dofus-server-client-2.68/server/giny/Sources/Giny.Protocol/Messages/Game/Approach/HelloGameMessage.cs:12	0	
ReloginTokenRequestMessage	8049	refs/dofus-server-client-2.68/server/giny/Sources/Giny.Protocol/Messages/Game/Approach/ReloginTokenRequestMessage.cs:12	0	
ReloginTokenStatusMessage	8771	refs/dofus-server-client-2.68/server/giny/Sources/Giny.Protocol/Messages/Game/Approach/ReloginTokenStatusMessage.cs:12	2	validToken:bool;token:string
ServerOptionalFeaturesMessage	9400	refs/dofus-server-client-2.68/server/giny/Sources/Giny.Protocol/Messages/Game/Approach/ServerOptionalFeaturesMessage.cs:12	1	features:int[]
ServerSessionConstantsMessage	9531	refs/dofus-server-client-2.68/server/giny/Sources/Giny.Protocol/Messages/Game/Approach/ServerSessionConstantsMessage.cs:12	1	variables:ServerSessionConstant[]
ServerSettingsMessage	8787	refs/dofus-server-client-2.68/server/giny/Sources/Giny.Protocol/Messages/Game/Approach/ServerSettingsMessage.cs:12	7	lang:string;community:byte;gameType:byte;isMonoAccount:bool;arenaLeaveBanTime:short;itemMaxLevel:int;hasFreeAutopilot:bool
AtlasPointInformationsMessage	2443	refs/dofus-server-client-2.68/server/giny/Sources/Giny.Protocol/Messages/Game/Atlas/AtlasPointInformationsMessage.cs:12	1	type:AtlasPointsInformations
CompassResetMessage	8704	refs/dofus-server-client-2.68/server/giny/Sources/Giny.Protocol/Messages/Game/Atlas/Compass/CompassResetMessage.cs:12	1	type:byte
CompassUpdateMessage	110	refs/dofus-server-client-2.68/server/giny/Sources/Giny.Protocol/Messages/Game/Atlas/Compass/CompassUpdateMessage.cs:12	2	type:byte;coords:MapCoordinates
CompassUpdatePartyMemberMessage	2901	refs/dofus-server-client-2.68/server/giny/Sources/Giny.Protocol/Messages/Game/Atlas/Compass/CompassUpdatePartyMemberMessage.cs:12	2	memberId:long;active:bool
CompassUpdatePvpSeekMessage	210	refs/dofus-server-client-2.68/server/giny/Sources/Giny.Protocol/Messages/Game/Atlas/Compass/CompassUpdatePvpSeekMessage.cs:12	2	memberId:long;memberName:string
BasicAckMessage	8309	refs/dofus-server-client-2.68/server/giny/Sources/Giny.Protocol/Messages/Game/Basic/BasicAckMessage.cs:12	2	seq:int;lastPacketId:short
BasicDateMessage	7835	refs/dofus-server-client-2.68/server/giny/Sources/Giny.Protocol/Messages/Game/Basic/BasicDateMessage.cs:12	3	day:byte;month:byte;year:short
BasicLatencyStatsMessage	4022	refs/dofus-server-client-2.68/server/giny/Sources/Giny.Protocol/Messages/Game/Basic/BasicLatencyStatsMessage.cs:12	3	latency:short;sampleCount:short;max:short
BasicLatencyStatsRequestMessage	1102	refs/dofus-server-client-2.68/server/giny/Sources/Giny.Protocol/Messages/Game/Basic/BasicLatencyStatsRequestMessage.cs:12	0	
BasicNoOperationMessage	2629	refs/dofus-server-client-2.68/server/giny/Sources/Giny.Protocol/Messages/Game/Basic/BasicNoOperationMessage.cs:12	0	
BasicTimeMessage	489	refs/dofus-server-client-2.68/server/giny/Sources/Giny.Protocol/Messages/Game/Basic/BasicTimeMessage.cs:12	2	timestamp:double;timezoneOffset:short
BasicWhoAmIRequestMessage	9342	refs/dofus-server-client-2.68/server/giny/Sources/Giny.Protocol/Messages/Game/Basic/BasicWhoAmIRequestMessage.cs:12	1	verbose:bool
BasicWhoIsMessage	7264	refs/dofus-server-client-2.68/server/giny/Sources/Giny.Protocol/Messages/Game/Basic/BasicWhoIsMessage.cs:12	12	self:bool;position:byte;accountTag:AccountTagInformation;accountId:int;playerName:string;playerId:long;areaId:short;serverId:short;originServerId:short;socialGroups:AbstractSocialGroupInfos[];verbose:bool;playerState:byte
BasicWhoIsNoMatchMessage	821	refs/dofus-server-client-2.68/server/giny/Sources/Giny.Protocol/Messages/Game/Basic/BasicWhoIsNoMatchMessage.cs:12	1	target:AbstractPlayerSearchInformation
BasicWhoIsRequestMessage	2823	refs/dofus-server-client-2.68/server/giny/Sources/Giny.Protocol/Messages/Game/Basic/BasicWhoIsRequestMessage.cs:12	2	verbose:bool;target:AbstractPlayerSearchInformation
CurrentServerStatusUpdateMessage	1871	refs/dofus-server-client-2.68/server/giny/Sources/Giny.Protocol/Messages/Game/Basic/CurrentServerStatusUpdateMessage.cs:12	1	status:byte
NumericWhoIsMessage	9630	refs/dofus-server-client-2.68/server/giny/Sources/Giny.Protocol/Messages/Game/Basic/NumericWhoIsMessage.cs:12	2	playerId:long;accountId:int
NumericWhoIsRequestMessage	4981	refs/dofus-server-client-2.68/server/giny/Sources/Giny.Protocol/Messages/Game/Basic/NumericWhoIsRequestMessage.cs:12	1	playerId:long
SequenceNumberMessage	2099	refs/dofus-server-client-2.68/server/giny/Sources/Giny.Protocol/Messages/Game/Basic/SequenceNumberMessage.cs:12	1	number:short
SequenceNumberRequestMessage	5241	refs/dofus-server-client-2.68/server/giny/Sources/Giny.Protocol/Messages/Game/Basic/SequenceNumberRequestMessage.cs:12	0	
TextInformationMessage	1819	refs/dofus-server-client-2.68/server/giny/Sources/Giny.Protocol/Messages/Game/Basic/TextInformationMessage.cs:12	3	msgType:byte;msgId:short;parameters:string[]
AlignmentWarEffortDonatePreviewMessage	8313	refs/dofus-server-client-2.68/server/giny/Sources/Giny.Protocol/Messages/Game/Character/Alignment/War/Effort/AlignmentWarEffortDonatePreviewMessage.cs:12	1	xp:double
AlignmentWarEffortDonateRequestMessage	1453	refs/dofus-server-client-2.68/server/giny/Sources/Giny.Protocol/Messages/Game/Character/Alignment/War/Effort/AlignmentWarEffortDonateRequestMessage.cs:12	1	donation:long
AlignmentWarEffortDonationResultMessage	7579	refs/dofus-server-client-2.68/server/giny/Sources/Giny.Protocol/Messages/Game/Character/Alignment/War/Effort/AlignmentWarEffortDonationResultMessage.cs:12	1	result:byte
CharacterAlignmentWarEffortProgressionMessage	1920	refs/dofus-server-client-2.68/server/giny/Sources/Giny.Protocol/Messages/Game/Character/Alignment/War/Effort/CharacterAlignmentWarEffortProgressionMessage.cs:12	3	alignmentWarEffortDailyLimit:long;alignmentWarEffortDailyDonation:long;alignmentWarEffortPersonalDonation:long
CharacterAlignmentWarEffortProgressionRequestMessage	1350	refs/dofus-server-client-2.68/server/giny/Sources/Giny.Protocol/Messages/Game/Character/Alignment/War/Effort/CharacterAlignmentWarEffortProgressionRequestMessage.cs:12	0	
AlterationAddedMessage	2990	refs/dofus-server-client-2.68/server/giny/Sources/Giny.Protocol/Messages/Game/Character/Alteration/AlterationAddedMessage.cs:12	1	alteration:AlterationInfo
AlterationRemovedMessage	660	refs/dofus-server-client-2.68/server/giny/Sources/Giny.Protocol/Messages/Game/Character/Alteration/AlterationRemovedMessage.cs:12	1	alteration:AlterationInfo
AlterationsMessage	3851	refs/dofus-server-client-2.68/server/giny/Sources/Giny.Protocol/Messages/Game/Character/Alteration/AlterationsMessage.cs:12	1	alterations:AlterationInfo[]
AlterationsUpdatedMessage	2645	refs/dofus-server-client-2.68/server/giny/Sources/Giny.Protocol/Messages/Game/Character/Alteration/AlterationsUpdatedMessage.cs:12	1	alterations:AlterationInfo[]
CharacterFirstSelectionMessage	567	refs/dofus-server-client-2.68/server/giny/Sources/Giny.Protocol/Messages/Game/Character/Choice/CharacterFirstSelectionMessage.cs:12	1	doTutorial:bool
CharacterReplayWithRemodelRequestMessage	2258	refs/dofus-server-client-2.68/server/giny/Sources/Giny.Protocol/Messages/Game/Character/Choice/CharacterReplayWithRemodelRequestMessage.cs:12	1	remodel:RemodelingInformation
CharacterSelectedErrorMessage	6440	refs/dofus-server-client-2.68/server/giny/Sources/Giny.Protocol/Messages/Game/Character/Choice/CharacterSelectedErrorMessage.cs:12	0	
CharacterSelectedForceMessage	9995	refs/dofus-server-client-2.68/server/giny/Sources/Giny.Protocol/Messages/Game/Character/Choice/CharacterSelectedForceMessage.cs:12	1	id:int
CharacterSelectedForceReadyMessage	9079	refs/dofus-server-client-2.68/server/giny/Sources/Giny.Protocol/Messages/Game/Character/Choice/CharacterSelectedForceReadyMessage.cs:12	0	
CharacterSelectedSuccessMessage	2543	refs/dofus-server-client-2.68/server/giny/Sources/Giny.Protocol/Messages/Game/Character/Choice/CharacterSelectedSuccessMessage.cs:12	2	infos:CharacterBaseInformations;isCollectingStats:bool
CharacterSelectionMessage	7194	refs/dofus-server-client-2.68/server/giny/Sources/Giny.Protocol/Messages/Game/Character/Choice/CharacterSelectionMessage.cs:12	1	id:long
CharacterSelectionWithRemodelMessage	772	refs/dofus-server-client-2.68/server/giny/Sources/Giny.Protocol/Messages/Game/Character/Choice/CharacterSelectionWithRemodelMessage.cs:12	1	remodel:RemodelingInformation
CharactersListErrorMessage	5340	refs/dofus-server-client-2.68/server/giny/Sources/Giny.Protocol/Messages/Game/Character/Choice/CharactersListErrorMessage.cs:12	0	
CharactersListMessage	3720	refs/dofus-server-client-2.68/server/giny/Sources/Giny.Protocol/Messages/Game/Character/Choice/CharactersListMessage.cs:12	1	characters:CharacterBaseInformations[]
CharactersListRequestMessage	3965	refs/dofus-server-client-2.68/server/giny/Sources/Giny.Protocol/Messages/Game/Character/Choice/CharactersListRequestMessage.cs:12	0	
CharactersListWithRemodelingMessage	2612	refs/dofus-server-client-2.68/server/giny/Sources/Giny.Protocol/Messages/Game/Character/Choice/CharactersListWithRemodelingMessage.cs:12	1	charactersToRemodel:CharacterToRemodelInformations[]
CharacterCanBeCreatedRequestMessage	7257	refs/dofus-server-client-2.68/server/giny/Sources/Giny.Protocol/Messages/Game/Character/Creation/CharacterCanBeCreatedRequestMessage.cs:12	0	
CharacterCanBeCreatedResultMessage	6725	refs/dofus-server-client-2.68/server/giny/Sources/Giny.Protocol/Messages/Game/Character/Creation/CharacterCanBeCreatedResultMessage.cs:12	1	yesYouCan:bool
CharacterCreationRequestMessage	7608	refs/dofus-server-client-2.68/server/giny/Sources/Giny.Protocol/Messages/Game/Character/Creation/CharacterCreationRequestMessage.cs:12	5	name:string;breed:byte;sex:bool;colors:int[];cosmeticId:short
CharacterCreationResultMessage	5976	refs/dofus-server-client-2.68/server/giny/Sources/Giny.Protocol/Messages/Game/Character/Creation/CharacterCreationResultMessage.cs:12	2	result:byte;reason:byte
CharacterNameSuggestionFailureMessage	3968	refs/dofus-server-client-2.68/server/giny/Sources/Giny.Protocol/Messages/Game/Character/Creation/CharacterNameSuggestionFailureMessage.cs:12	1	reason:byte
CharacterNameSuggestionRequestMessage	3929	refs/dofus-server-client-2.68/server/giny/Sources/Giny.Protocol/Messages/Game/Character/Creation/CharacterNameSuggestionRequestMessage.cs:12	0	
CharacterNameSuggestionSuccessMessage	4972	refs/dofus-server-client-2.68/server/giny/Sources/Giny.Protocol/Messages/Game/Character/Creation/CharacterNameSuggestionSuccessMessage.cs:12	1	suggestion:string
DebtsDeleteMessage	5718	refs/dofus-server-client-2.68/server/giny/Sources/Giny.Protocol/Messages/Game/Character/Debt/DebtsDeleteMessage.cs:12	2	reason:byte;debts:double[]
DebtsUpdateMessage	2498	refs/dofus-server-client-2.68/server/giny/Sources/Giny.Protocol/Messages/Game/Character/Debt/DebtsUpdateMessage.cs:12	2	action:byte;debts:DebtInformation[]
CharacterDeletionErrorMessage	8975	refs/dofus-server-client-2.68/server/giny/Sources/Giny.Protocol/Messages/Game/Character/Deletion/CharacterDeletionErrorMessage.cs:12	1	reason:byte
CharacterDeletionPrepareMessage	6242	refs/dofus-server-client-2.68/server/giny/Sources/Giny.Protocol/Messages/Game/Character/Deletion/CharacterDeletionPrepareMessage.cs:12	4	characterId:long;characterName:string;secretQuestion:string;needSecretAnswer:bool
CharacterDeletionPrepareRequestMessage	5833	refs/dofus-server-client-2.68/server/giny/Sources/Giny.Protocol/Messages/Game/Character/Deletion/CharacterDeletionPrepareRequestMessage.cs:12	1	characterId:long
CharacterDeletionRequestMessage	2985	refs/dofus-server-client-2.68/server/giny/Sources/Giny.Protocol/Messages/Game/Character/Deletion/CharacterDeletionRequestMessage.cs:12	2	characterId:long;secretAnswerHash:string
CharacterReplayRequestMessage	3908	refs/dofus-server-client-2.68/server/giny/Sources/Giny.Protocol/Messages/Game/Character/Replay/CharacterReplayRequestMessage.cs:12	1	characterId:long
ForgettableSpellClientActionMessage	3179	refs/dofus-server-client-2.68/server/giny/Sources/Giny.Protocol/Messages/Game/Character/Spell/Forgettable/ForgettableSpellClientActionMessage.cs:12	2	spellId:int;action:byte
ForgettableSpellDeleteMessage	6931	refs/dofus-server-client-2.68/server/giny/Sources/Giny.Protocol/Messages/Game/Character/Spell/Forgettable/ForgettableSpellDeleteMessage.cs:12	2	reason:byte;spells:int[]
ForgettableSpellEquipmentSlotsMessage	9647	refs/dofus-server-client-2.68/server/giny/Sources/Giny.Protocol/Messages/Game/Character/Spell/Forgettable/ForgettableSpellEquipmentSlotsMessage.cs:12	1	quantity:short
ForgettableSpellListUpdateMessage	8558	refs/dofus-server-client-2.68/server/giny/Sources/Giny.Protocol/Messages/Game/Character/Spell/Forgettable/ForgettableSpellListUpdateMessage.cs:12	2	action:byte;spells:ForgettableSpellItem[]
ApplySpellModifierMessage	9665	refs/dofus-server-client-2.68/server/giny/Sources/Giny.Protocol/Messages/Game/Character/Spellmodifier/ApplySpellModifierMessage.cs:12	2	actorId:double;modifier:SpellModifierMessage
RemoveSpellModifierMessage	4699	refs/dofus-server-client-2.68/server/giny/Sources/Giny.Protocol/Messages/Game/Character/Spellmodifier/RemoveSpellModifierMessage.cs:12	4	actorId:double;actionType:byte;modifierType:byte;spellId:short
CharacterExperienceGainMessage	3140	refs/dofus-server-client-2.68/server/giny/Sources/Giny.Protocol/Messages/Game/Character/Stats/CharacterExperienceGainMessage.cs:12	4	experienceCharacter:long;experienceMount:long;experienceGuild:long;experienceIncarnation:long
CharacterLevelUpInformationMessage	5417	refs/dofus-server-client-2.68/server/giny/Sources/Giny.Protocol/Messages/Game/Character/Stats/CharacterLevelUpInformationMessage.cs:12	2	name:string;id:long
CharacterLevelUpMessage	2370	refs/dofus-server-client-2.68/server/giny/Sources/Giny.Protocol/Messages/Game/Character/Stats/CharacterLevelUpMessage.cs:12	1	newLevel:short
CharacterStatsListMessage	4427	refs/dofus-server-client-2.68/server/giny/Sources/Giny.Protocol/Messages/Game/Character/Stats/CharacterStatsListMessage.cs:12	1	stats:CharacterCharacteristicsInformations
FighterStatsListMessage	867	refs/dofus-server-client-2.68/server/giny/Sources/Giny.Protocol/Messages/Game/Character/Stats/FighterStatsListMessage.cs:12	1	stats:CharacterCharacteristicsInformations
LifePointsRegenBeginMessage	6745	refs/dofus-server-client-2.68/server/giny/Sources/Giny.Protocol/Messages/Game/Character/Stats/LifePointsRegenBeginMessage.cs:12	1	regenRate:byte
LifePointsRegenEndMessage	7099	refs/dofus-server-client-2.68/server/giny/Sources/Giny.Protocol/Messages/Game/Character/Stats/LifePointsRegenEndMessage.cs:12	1	lifePointsGained:int
ResetCharacterStatsRequestMessage	4287	refs/dofus-server-client-2.68/server/giny/Sources/Giny.Protocol/Messages/Game/Character/Stats/ResetCharacterStatsRequestMessage.cs:12	0	
UpdateLifePointsMessage	939	refs/dofus-server-client-2.68/server/giny/Sources/Giny.Protocol/Messages/Game/Character/Stats/UpdateLifePointsMessage.cs:12	2	lifePoints:int;maxLifePoints:int
PlayerStatusUpdateErrorMessage	4470	refs/dofus-server-client-2.68/server/giny/Sources/Giny.Protocol/Messages/Game/Character/Status/PlayerStatusUpdateErrorMessage.cs:12	0	
PlayerStatusUpdateMessage	712	refs/dofus-server-client-2.68/server/giny/Sources/Giny.Protocol/Messages/Game/Character/Status/PlayerStatusUpdateMessage.cs:12	3	accountId:int;playerId:long;status:PlayerStatus
PlayerStatusUpdateRequestMessage	1929	refs/dofus-server-client-2.68/server/giny/Sources/Giny.Protocol/Messages/Game/Character/Status/PlayerStatusUpdateRequestMessage.cs:12	1	status:PlayerStatus
ChannelEnablingChangeMessage	5330	refs/dofus-server-client-2.68/server/giny/Sources/Giny.Protocol/Messages/Game/Chat/Channel/ChannelEnablingChangeMessage.cs:12	2	channel:byte;enable:bool
ChannelEnablingMessage	3241	refs/dofus-server-client-2.68/server/giny/Sources/Giny.Protocol/Messages/Game/Chat/Channel/ChannelEnablingMessage.cs:12	2	channel:byte;enable:bool
EnabledChannelsMessage	3860	refs/dofus-server-client-2.68/server/giny/Sources/Giny.Protocol/Messages/Game/Chat/Channel/EnabledChannelsMessage.cs:12	2	channels:byte[];disallowed:byte[]
ChatAbstractClientMessage	9384	refs/dofus-server-client-2.68/server/giny/Sources/Giny.Protocol/Messages/Game/Chat/ChatAbstractClientMessage.cs:12	1	content:string
ChatAbstractServerMessage	2850	refs/dofus-server-client-2.68/server/giny/Sources/Giny.Protocol/Messages/Game/Chat/ChatAbstractServerMessage.cs:12	4	channel:byte;content:string;timestamp:int;fingerprint:string
ChatAdminServerMessage	4140	refs/dofus-server-client-2.68/server/giny/Sources/Giny.Protocol/Messages/Game/Chat/ChatAdminServerMessage.cs:12	0	
ChatClientMultiMessage	7429	refs/dofus-server-client-2.68/server/giny/Sources/Giny.Protocol/Messages/Game/Chat/ChatClientMultiMessage.cs:12	1	channel:byte
ChatClientMultiWithObjectMessage	5939	refs/dofus-server-client-2.68/server/giny/Sources/Giny.Protocol/Messages/Game/Chat/ChatClientMultiWithObjectMessage.cs:12	1	objects:ObjectItem[]
ChatClientPrivateMessage	9553	refs/dofus-server-client-2.68/server/giny/Sources/Giny.Protocol/Messages/Game/Chat/ChatClientPrivateMessage.cs:12	1	receiver:AbstractPlayerSearchInformation
ChatClientPrivateWithObjectMessage	7469	refs/dofus-server-client-2.68/server/giny/Sources/Giny.Protocol/Messages/Game/Chat/ChatClientPrivateWithObjectMessage.cs:12	1	objects:ObjectItem[]
ChatErrorMessage	5864	refs/dofus-server-client-2.68/server/giny/Sources/Giny.Protocol/Messages/Game/Chat/ChatErrorMessage.cs:12	1	reason:byte
ChatKolizeumServerMessage	4372	refs/dofus-server-client-2.68/server/giny/Sources/Giny.Protocol/Messages/Game/Chat/ChatKolizeumServerMessage.cs:12	1	originServerId:short
ChatServerCopyMessage	7495	refs/dofus-server-client-2.68/server/giny/Sources/Giny.Protocol/Messages/Game/Chat/ChatServerCopyMessage.cs:12	2	receiverId:long;receiverName:string
ChatServerCopyWithObjectMessage	2602	refs/dofus-server-client-2.68/server/giny/Sources/Giny.Protocol/Messages/Game/Chat/ChatServerCopyWithObjectMessage.cs:12	1	objects:ObjectItem[]
ChatServerMessage	2565	refs/dofus-server-client-2.68/server/giny/Sources/Giny.Protocol/Messages/Game/Chat/ChatServerMessage.cs:12	4	senderId:double;senderName:string;prefix:string;senderAccountId:int
ChatServerWithObjectMessage	8618	refs/dofus-server-client-2.68/server/giny/Sources/Giny.Protocol/Messages/Game/Chat/ChatServerWithObjectMessage.cs:12	1	objects:ObjectItem[]
ChatCommunityChannelCommunityMessage	1093	refs/dofus-server-client-2.68/server/giny/Sources/Giny.Protocol/Messages/Game/Chat/Community/ChatCommunityChannelCommunityMessage.cs:12	1	communityId:short
ChatCommunityChannelSetCommunityRequestMessage	2195	refs/dofus-server-client-2.68/server/giny/Sources/Giny.Protocol/Messages/Game/Chat/Community/ChatCommunityChannelSetCommunityRequestMessage.cs:12	1	communityId:short
ChatSmileyExtraPackListMessage	6914	refs/dofus-server-client-2.68/server/giny/Sources/Giny.Protocol/Messages/Game/Chat/Smiley/ChatSmileyExtraPackListMessage.cs:12	1	packIds:byte[]
ChatSmileyMessage	9440	refs/dofus-server-client-2.68/server/giny/Sources/Giny.Protocol/Messages/Game/Chat/Smiley/ChatSmileyMessage.cs:12	3	entityId:double;smileyId:short;accountId:int
ChatSmileyRequestMessage	7880	refs/dofus-server-client-2.68/server/giny/Sources/Giny.Protocol/Messages/Game/Chat/Smiley/ChatSmileyRequestMessage.cs:12	1	smileyId:short
LocalizedChatSmileyMessage	5044	refs/dofus-server-client-2.68/server/giny/Sources/Giny.Protocol/Messages/Game/Chat/Smiley/LocalizedChatSmileyMessage.cs:12	1	cellId:short
MoodSmileyRequestMessage	5865	refs/dofus-server-client-2.68/server/giny/Sources/Giny.Protocol/Messages/Game/Chat/Smiley/MoodSmileyRequestMessage.cs:12	1	smileyId:short
MoodSmileyResultMessage	6617	refs/dofus-server-client-2.68/server/giny/Sources/Giny.Protocol/Messages/Game/Chat/Smiley/MoodSmileyResultMessage.cs:12	2	resultCode:byte;smileyId:short
MoodSmileyUpdateMessage	2327	refs/dofus-server-client-2.68/server/giny/Sources/Giny.Protocol/Messages/Game/Chat/Smiley/MoodSmileyUpdateMessage.cs:12	3	accountId:int;playerId:long;smileyId:short
AddTaxCollectorOrderedSpellMessage	61	refs/dofus-server-client-2.68/server/giny/Sources/Giny.Protocol/Messages/Game/Collector/Tax/AddTaxCollectorOrderedSpellMessage.cs:12	2	taxCollectorId:double;spell:TaxCollectorOrderedSpell
AddTaxCollectorPresetSpellMessage	2643	refs/dofus-server-client-2.68/server/giny/Sources/Giny.Protocol/Messages/Game/Collector/Tax/AddTaxCollectorPresetSpellMessage.cs:12	2	presetId:Uuid;spell:TaxCollectorOrderedSpell
ConfirmationOfListeningTaxCollectorUpdatesMessage	7568	refs/dofus-server-client-2.68/server/giny/Sources/Giny.Protocol/Messages/Game/Collector/Tax/ConfirmationOfListeningTaxCollectorUpdatesMessage.cs:12	1	information:TaxCollectorInformations
GameRolePlayTaxCollectorFightRequestMessage	5322	refs/dofus-server-client-2.68/server/giny/Sources/Giny.Protocol/Messages/Game/Collector/Tax/GameRolePlayTaxCollectorFightRequestMessage.cs:12	0	
MoveTaxCollectorOrderedSpellMessage	234	refs/dofus-server-client-2.68/server/giny/Sources/Giny.Protocol/Messages/Game/Collector/Tax/MoveTaxCollectorOrderedSpellMessage.cs:12	3	taxCollectorId:double;movedFrom:byte;movedTo:byte
MoveTaxCollectorPresetSpellMessage	1282	refs/dofus-server-client-2.68/server/giny/Sources/Giny.Protocol/Messages/Game/Collector/Tax/MoveTaxCollectorPresetSpellMessage.cs:12	3	presetId:Uuid;movedFrom:byte;movedTo:byte
RemoveTaxCollectorOrderedSpellMessage	1024	refs/dofus-server-client-2.68/server/giny/Sources/Giny.Protocol/Messages/Game/Collector/Tax/RemoveTaxCollectorOrderedSpellMessage.cs:12	2	taxCollectorId:double;slot:byte
RemoveTaxCollectorPresetSpellMessage	2130	refs/dofus-server-client-2.68/server/giny/Sources/Giny.Protocol/Messages/Game/Collector/Tax/RemoveTaxCollectorPresetSpellMessage.cs:12	2	presetId:Uuid;slot:byte
StartListenTaxCollectorPresetsUpdatesMessage	276	refs/dofus-server-client-2.68/server/giny/Sources/Giny.Protocol/Messages/Game/Collector/Tax/StartListenTaxCollectorPresetsUpdatesMessage.cs:12	0	
StartListenTaxCollectorUpdatesMessage	8165	refs/dofus-server-client-2.68/server/giny/Sources/Giny.Protocol/Messages/Game/Collector/Tax/StartListenTaxCollectorUpdatesMessage.cs:12	1	taxCollectorId:double
StopListenTaxCollectorPresetsUpdatesMessage	7995	refs/dofus-server-client-2.68/server/giny/Sources/Giny.Protocol/Messages/Game/Collector/Tax/StopListenTaxCollectorPresetsUpdatesMessage.cs:12	0	
StopListenTaxCollectorUpdatesMessage	9396	refs/dofus-server-client-2.68/server/giny/Sources/Giny.Protocol/Messages/Game/Collector/Tax/StopListenTaxCollectorUpdatesMessage.cs:12	1	taxCollectorId:double
TaxCollectorAddedMessage	832	refs/dofus-server-client-2.68/server/giny/Sources/Giny.Protocol/Messages/Game/Collector/Tax/TaxCollectorAddedMessage.cs:12	2	callerId:long;description:TaxCollectorInformations
TaxCollectorAttackedMessage	1504	refs/dofus-server-client-2.68/server/giny/Sources/Giny.Protocol/Messages/Game/Collector/Tax/TaxCollectorAttackedMessage.cs:12	7	firstNameId:short;lastNameId:short;worldX:short;worldY:short;mapId:double;subAreaId:short;alliance:BasicAllianceInformations
TaxCollectorAttackedResultMessage	7440	refs/dofus-server-client-2.68/server/giny/Sources/Giny.Protocol/Messages/Game/Collector/Tax/TaxCollectorAttackedResultMessage.cs:12	3	deadOrAlive:bool;basicInfos:TaxCollectorBasicInformations;alliance:BasicAllianceInformations
TaxCollectorErrorMessage	7539	refs/dofus-server-client-2.68/server/giny/Sources/Giny.Protocol/Messages/Game/Collector/Tax/TaxCollectorErrorMessage.cs:12	1	reason:byte
TaxCollectorHarvestedMessage	9412	refs/dofus-server-client-2.68/server/giny/Sources/Giny.Protocol/Messages/Game/Collector/Tax/TaxCollectorHarvestedMessage.cs:12	3	taxCollectorId:double;harvesterId:long;harvesterName:string
TaxCollectorMovementsOfflineMessage	7893	refs/dofus-server-client-2.68/server/giny/Sources/Giny.Protocol/Messages/Game/Collector/Tax/TaxCollectorMovementsOfflineMessage.cs:12	1	movements:TaxCollectorMovement[]
TaxCollectorOrderedSpellUpdatedMessage	7681	refs/dofus-server-client-2.68/server/giny/Sources/Giny.Protocol/Messages/Game/Collector/Tax/TaxCollectorOrderedSpellUpdatedMessage.cs:12	2	taxCollectorId:double;taxCollectorSpells:TaxCollectorOrderedSpell[]
TaxCollectorPresetSpellUpdatedMessage	5819	refs/dofus-server-client-2.68/server/giny/Sources/Giny.Protocol/Messages/Game/Collector/Tax/TaxCollectorPresetSpellUpdatedMessage.cs:12	2	presetId:Uuid;taxCollectorSpells:TaxCollectorOrderedSpell[]
TaxCollectorPresetsMessage	8015	refs/dofus-server-client-2.68/server/giny/Sources/Giny.Protocol/Messages/Game/Collector/Tax/TaxCollectorPresetsMessage.cs:12	1	presets:TaxCollectorPreset[]
TaxCollectorRemovedMessage	3362	refs/dofus-server-client-2.68/server/giny/Sources/Giny.Protocol/Messages/Game/Collector/Tax/TaxCollectorRemovedMessage.cs:12	1	collectorId:double
TaxCollectorStateUpdateMessage	9183	refs/dofus-server-client-2.68/server/giny/Sources/Giny.Protocol/Messages/Game/Collector/Tax/TaxCollectorStateUpdateMessage.cs:12	2	uniqueId:double;state:byte
TopTaxCollectorListMessage	2349	refs/dofus-server-client-2.68/server/giny/Sources/Giny.Protocol/Messages/Game/Collector/Tax/TopTaxCollectorListMessage.cs:12	2	dungeonTaxCollectorsInformation:TaxCollectorInformations[];worldTaxCollectorsInformation:TaxCollectorInformations[]
DisplayNumericalValuePaddockMessage	4937	refs/dofus-server-client-2.68/server/giny/Sources/Giny.Protocol/Messages/Game/Context/Display/DisplayNumericalValuePaddockMessage.cs:12	3	rideId:int;value:int;type:byte
DungeonKeyRingMessage	1665	refs/dofus-server-client-2.68/server/giny/Sources/Giny.Protocol/Messages/Game/Context/Dungeon/DungeonKeyRingMessage.cs:12	2	availables:short[];unavailables:short[]
DungeonKeyRingUpdateMessage	3419	refs/dofus-server-client-2.68/server/giny/Sources/Giny.Protocol/Messages/Game/Context/Dungeon/DungeonKeyRingUpdateMessage.cs:12	2	dungeonId:short;available:bool
ArenaFighterIdleMessage	9203	refs/dofus-server-client-2.68/server/giny/Sources/Giny.Protocol/Messages/Game/Context/Fight/Arena/ArenaFighterIdleMessage.cs:12	0	
ArenaFighterLeaveMessage	8380	refs/dofus-server-client-2.68/server/giny/Sources/Giny.Protocol/Messages/Game/Context/Fight/Arena/ArenaFighterLeaveMessage.cs:12	1	leaver:CharacterBasicMinimalInformations
BreachGameFightEndMessage	3085	refs/dofus-server-client-2.68/server/giny/Sources/Giny.Protocol/Messages/Game/Context/Fight/Breach/BreachGameFightEndMessage.cs:12	1	budget:int
ChallengeAddMessage	1910	refs/dofus-server-client-2.68/server/giny/Sources/Giny.Protocol/Messages/Game/Context/Fight/Challenge/ChallengeAddMessage.cs:12	1	challengeInformation:ChallengeInformation
ChallengeBonusChoiceMessage	588	refs/dofus-server-client-2.68/server/giny/Sources/Giny.Protocol/Messages/Game/Context/Fight/Challenge/ChallengeBonusChoiceMessage.cs:12	1	challengeBonus:byte
ChallengeBonusChoiceSelectedMessage	3796	refs/dofus-server-client-2.68/server/giny/Sources/Giny.Protocol/Messages/Game/Context/Fight/Challenge/ChallengeBonusChoiceSelectedMessage.cs:12	1	challengeBonus:byte
ChallengeListMessage	6466	refs/dofus-server-client-2.68/server/giny/Sources/Giny.Protocol/Messages/Game/Context/Fight/Challenge/ChallengeListMessage.cs:12	1	challengesInformation:ChallengeInformation[]
ChallengeModSelectMessage	3759	refs/dofus-server-client-2.68/server/giny/Sources/Giny.Protocol/Messages/Game/Context/Fight/Challenge/ChallengeModSelectMessage.cs:12	1	challengeMod:byte
ChallengeModSelectedMessage	2631	refs/dofus-server-client-2.68/server/giny/Sources/Giny.Protocol/Messages/Game/Context/Fight/Challenge/ChallengeModSelectedMessage.cs:12	1	challengeMod:byte
ChallengeNumberMessage	2139	refs/dofus-server-client-2.68/server/giny/Sources/Giny.Protocol/Messages/Game/Context/Fight/Challenge/ChallengeNumberMessage.cs:12	1	challengeNumber:int
ChallengeProposalMessage	1008	refs/dofus-server-client-2.68/server/giny/Sources/Giny.Protocol/Messages/Game/Context/Fight/Challenge/ChallengeProposalMessage.cs:12	2	challengeProposals:ChallengeInformation[];timer:double
ChallengeReadyMessage	9312	refs/dofus-server-client-2.68/server/giny/Sources/Giny.Protocol/Messages/Game/Context/Fight/Challenge/ChallengeReadyMessage.cs:12	1	challengeMod:byte
ChallengeResultMessage	6302	refs/dofus-server-client-2.68/server/giny/Sources/Giny.Protocol/Messages/Game/Context/Fight/Challenge/ChallengeResultMessage.cs:12	2	challengeId:int;success:bool
ChallengeSelectedMessage	7816	refs/dofus-server-client-2.68/server/giny/Sources/Giny.Protocol/Messages/Game/Context/Fight/Challenge/ChallengeSelectedMessage.cs:12	1	challengeInformation:ChallengeInformation
ChallengeSelectionMessage	7424	refs/dofus-server-client-2.68/server/giny/Sources/Giny.Protocol/Messages/Game/Context/Fight/Challenge/ChallengeSelectionMessage.cs:12	1	challengeId:int
ChallengeTargetsMessage	3251	refs/dofus-server-client-2.68/server/giny/Sources/Giny.Protocol/Messages/Game/Context/Fight/Challenge/ChallengeTargetsMessage.cs:12	1	challengeInformation:ChallengeInformation
ChallengeTargetsRequestMessage	4777	refs/dofus-server-client-2.68/server/giny/Sources/Giny.Protocol/Messages/Game/Context/Fight/Challenge/ChallengeTargetsRequestMessage.cs:12	1	challengeId:int
ChallengeValidateMessage	248	refs/dofus-server-client-2.68/server/giny/Sources/Giny.Protocol/Messages/Game/Context/Fight/Challenge/ChallengeValidateMessage.cs:12	1	challengeId:int
GameFightRefreshFighterMessage	9672	refs/dofus-server-client-2.68/server/giny/Sources/Giny.Protocol/Messages/Game/Context/Fight/Character/GameFightRefreshFighterMessage.cs:12	1	informations:GameContextActorInformations
GameFightShowFighterMessage	3886	refs/dofus-server-client-2.68/server/giny/Sources/Giny.Protocol/Messages/Game/Context/Fight/Character/GameFightShowFighterMessage.cs:12	1	informations:GameFightFighterInformations
GameFightShowFighterRandomStaticPoseMessage	2392	refs/dofus-server-client-2.68/server/giny/Sources/Giny.Protocol/Messages/Game/Context/Fight/Character/GameFightShowFighterRandomStaticPoseMessage.cs:12	0	
GameFightEndMessage	1070	refs/dofus-server-client-2.68/server/giny/Sources/Giny.Protocol/Messages/Game/Context/Fight/GameFightEndMessage.cs:12	5	duration:int;rewardRate:short;lootShareLimitMalus:short;results:FightResultListEntry[];namedPartyTeamsOutcomes:NamedPartyTeamWithOutcome[]
GameFightHumanReadyStateMessage	8894	refs/dofus-server-client-2.68/server/giny/Sources/Giny.Protocol/Messages/Game/Context/Fight/GameFightHumanReadyStateMessage.cs:12	2	characterId:long;isReady:bool
GameFightJoinMessage	1680	refs/dofus-server-client-2.68/server/giny/Sources/Giny.Protocol/Messages/Game/Context/Fight/GameFightJoinMessage.cs:12	6	isTeamPhase:bool;canBeCancelled:bool;canSayReady:bool;isFightStarted:bool;timeMaxBeforeFightStart:short;fightType:byte
GameFightJoinRequestMessage	2009	refs/dofus-server-client-2.68/server/giny/Sources/Giny.Protocol/Messages/Game/Context/Fight/GameFightJoinRequestMessage.cs:12	2	fighterId:double;fightId:short
GameFightLeaveMessage	3124	refs/dofus-server-client-2.68/server/giny/Sources/Giny.Protocol/Messages/Game/Context/Fight/GameFightLeaveMessage.cs:12	1	charId:double
GameFightNewRoundMessage	1322	refs/dofus-server-client-2.68/server/giny/Sources/Giny.Protocol/Messages/Game/Context/Fight/GameFightNewRoundMessage.cs:12	1	roundNumber:int
GameFightNewWaveMessage	2439	refs/dofus-server-client-2.68/server/giny/Sources/Giny.Protocol/Messages/Game/Context/Fight/GameFightNewWaveMessage.cs:12	3	id:byte;teamId:byte;nbTurnBeforeNextWave:short
GameFightOptionStateUpdateMessage	448	refs/dofus-server-client-2.68/server/giny/Sources/Giny.Protocol/Messages/Game/Context/Fight/GameFightOptionStateUpdateMessage.cs:12	4	fightId:short;teamId:byte;option:byte;state:bool
GameFightOptionToggleMessage	4020	refs/dofus-server-client-2.68/server/giny/Sources/Giny.Protocol/Messages/Game/Context/Fight/GameFightOptionToggleMessage.cs:12	1	option:byte
GameFightPauseMessage	5505	refs/dofus-server-client-2.68/server/giny/Sources/Giny.Protocol/Messages/Game/Context/Fight/GameFightPauseMessage.cs:12	1	isPaused:bool
GameFightPlacementPositionRequestMessage	8071	refs/dofus-server-client-2.68/server/giny/Sources/Giny.Protocol/Messages/Game/Context/Fight/GameFightPlacementPositionRequestMessage.cs:12	1	cellId:short
GameFightPlacementPossiblePositionsMessage	8544	refs/dofus-server-client-2.68/server/giny/Sources/Giny.Protocol/Messages/Game/Context/Fight/GameFightPlacementPossiblePositionsMessage.cs:12	3	positionsForChallengers:short[];positionsForDefenders:short[];teamNumber:byte
GameFightPlacementSwapPositionsAcceptMessage	9664	refs/dofus-server-client-2.68/server/giny/Sources/Giny.Protocol/Messages/Game/Context/Fight/GameFightPlacementSwapPositionsAcceptMessage.cs:12	1	requestId:int
GameFightPlacementSwapPositionsCancelMessage	1439	refs/dofus-server-client-2.68/server/giny/Sources/Giny.Protocol/Messages/Game/Context/Fight/GameFightPlacementSwapPositionsCancelMessage.cs:12	1	requestId:int
GameFightPlacementSwapPositionsCancelledMessage	7121	refs/dofus-server-client-2.68/server/giny/Sources/Giny.Protocol/Messages/Game/Context/Fight/GameFightPlacementSwapPositionsCancelledMessage.cs:12	2	requestId:int;cancellerId:double
GameFightPlacementSwapPositionsErrorMessage	9969	refs/dofus-server-client-2.68/server/giny/Sources/Giny.Protocol/Messages/Game/Context/Fight/GameFightPlacementSwapPositionsErrorMessage.cs:12	0	
GameFightPlacementSwapPositionsMessage	4084	refs/dofus-server-client-2.68/server/giny/Sources/Giny.Protocol/Messages/Game/Context/Fight/GameFightPlacementSwapPositionsMessage.cs:12	1	dispositions:IdentifiedEntityDispositionInformations[]
GameFightPlacementSwapPositionsOfferMessage	4399	refs/dofus-server-client-2.68/server/giny/Sources/Giny.Protocol/Messages/Game/Context/Fight/GameFightPlacementSwapPositionsOfferMessage.cs:12	5	requestId:int;requesterId:double;requesterCellId:short;requestedId:double;requestedCellId:short
GameFightPlacementSwapPositionsRequestMessage	5094	refs/dofus-server-client-2.68/server/giny/Sources/Giny.Protocol/Messages/Game/Context/Fight/GameFightPlacementSwapPositionsRequestMessage.cs:12	1	requestedId:double
GameFightReadyMessage	5577	refs/dofus-server-client-2.68/server/giny/Sources/Giny.Protocol/Messages/Game/Context/Fight/GameFightReadyMessage.cs:12	1	isReady:bool
GameFightRemoveTeamMemberMessage	2527	refs/dofus-server-client-2.68/server/giny/Sources/Giny.Protocol/Messages/Game/Context/Fight/GameFightRemoveTeamMemberMessage.cs:12	3	fightId:short;teamId:byte;charId:double
GameFightResumeMessage	1829	refs/dofus-server-client-2.68/server/giny/Sources/Giny.Protocol/Messages/Game/Context/Fight/GameFightResumeMessage.cs:12	3	spellCooldowns:GameFightSpellCooldown[];summonCount:byte;bombCount:byte
GameFightResumeWithSlavesMessage	7814	refs/dofus-server-client-2.68/server/giny/Sources/Giny.Protocol/Messages/Game/Context/Fight/GameFightResumeWithSlavesMessage.cs:12	1	slavesInfo:GameFightResumeSlaveInfo[]
GameFightSpectateMessage	3448	refs/dofus-server-client-2.68/server/giny/Sources/Giny.Protocol/Messages/Game/Context/Fight/GameFightSpectateMessage.cs:12	5	effects:FightDispellableEffectExtendedInformations[];marks:GameActionMark[];gameTurn:short;fightStart:int;fxTriggerCounts:GameFightEffectTriggerCount[]
GameFightSpectatePlayerRequestMessage	5901	refs/dofus-server-client-2.68/server/giny/Sources/Giny.Protocol/Messages/Game/Context/Fight/GameFightSpectatePlayerRequestMessage.cs:12	1	playerId:long
GameFightSpectatorJoinMessage	5315	refs/dofus-server-client-2.68/server/giny/Sources/Giny.Protocol/Messages/Game/Context/Fight/GameFightSpectatorJoinMessage.cs:12	1	namedPartyTeams:NamedPartyTeam[]
GameFightStartMessage	1844	refs/dofus-server-client-2.68/server/giny/Sources/Giny.Protocol/Messages/Game/Context/Fight/GameFightStartMessage.cs:12	0	
GameFightStartingMessage	1962	refs/dofus-server-client-2.68/server/giny/Sources/Giny.Protocol/Messages/Game/Context/Fight/GameFightStartingMessage.cs:12	6	fightType:byte;fightId:short;attackerId:double;defenderId:double;containsBoss:bool;monsters:int[]
GameFightSynchronizeMessage	4483	refs/dofus-server-client-2.68/server/giny/Sources/Giny.Protocol/Messages/Game/Context/Fight/GameFightSynchronizeMessage.cs:12	1	fighters:GameFightFighterInformations[]
GameFightTurnEndMessage	6718	refs/dofus-server-client-2.68/server/giny/Sources/Giny.Protocol/Messages/Game/Context/Fight/GameFightTurnEndMessage.cs:12	1	id:double
GameFightTurnFinishMessage	7870	refs/dofus-server-client-2.68/server/giny/Sources/Giny.Protocol/Messages/Game/Context/Fight/GameFightTurnFinishMessage.cs:12	1	isAfk:bool
GameFightTurnListMessage	102	refs/dofus-server-client-2.68/server/giny/Sources/Giny.Protocol/Messages/Game/Context/Fight/GameFightTurnListMessage.cs:12	2	ids:double[];deadsIds:double[]
GameFightTurnReadyMessage	6559	refs/dofus-server-client-2.68/server/giny/Sources/Giny.Protocol/Messages/Game/Context/Fight/GameFightTurnReadyMessage.cs:12	1	isReady:bool
GameFightTurnReadyRequestMessage	2866	refs/dofus-server-client-2.68/server/giny/Sources/Giny.Protocol/Messages/Game/Context/Fight/GameFightTurnReadyRequestMessage.cs:12	1	id:double
GameFightTurnResumeMessage	55	refs/dofus-server-client-2.68/server/giny/Sources/Giny.Protocol/Messages/Game/Context/Fight/GameFightTurnResumeMessage.cs:12	1	remainingTime:int
GameFightTurnStartMessage	1987	refs/dofus-server-client-2.68/server/giny/Sources/Giny.Protocol/Messages/Game/Context/Fight/GameFightTurnStartMessage.cs:12	2	id:double;waitTime:int
GameFightTurnStartPlayingMessage	2368	refs/dofus-server-client-2.68/server/giny/Sources/Giny.Protocol/Messages/Game/Context/Fight/GameFightTurnStartPlayingMessage.cs:12	0	
GameFightUpdateTeamMessage	9852	refs/dofus-server-client-2.68/server/giny/Sources/Giny.Protocol/Messages/Game/Context/Fight/GameFightUpdateTeamMessage.cs:12	2	fightId:short;team:FightTeamInformations
RefreshCharacterStatsMessage	7193	refs/dofus-server-client-2.68/server/giny/Sources/Giny.Protocol/Messages/Game/Context/Fight/RefreshCharacterStatsMessage.cs:12	2	fighterId:double;stats:GameFightCharacteristics
SlaveNoLongerControledMessage	156	refs/dofus-server-client-2.68/server/giny/Sources/Giny.Protocol/Messages/Game/Context/Fight/SlaveNoLongerControledMessage.cs:12	2	masterId:double;slaveId:double
SlaveSwitchContextMessage	6145	refs/dofus-server-client-2.68/server/giny/Sources/Giny.Protocol/Messages/Game/Context/Fight/SlaveSwitchContextMessage.cs:12	6	masterId:double;slaveId:double;slaveTurn:short;slaveSpells:SpellItem[];slaveStats:CharacterCharacteristicsInformations;shortcuts:Shortcut[]
GameCautiousMapMovementMessage	4129	refs/dofus-server-client-2.68/server/giny/Sources/Giny.Protocol/Messages/Game/Context/GameCautiousMapMovementMessage.cs:12	0	
GameCautiousMapMovementRequestMessage	7296	refs/dofus-server-client-2.68/server/giny/Sources/Giny.Protocol/Messages/Game/Context/GameCautiousMapMovementRequestMessage.cs:12	0	
GameContextCreateErrorMessage	5580	refs/dofus-server-client-2.68/server/giny/Sources/Giny.Protocol/Messages/Game/Context/GameContextCreateErrorMessage.cs:12	0	
GameContextCreateMessage	6478	refs/dofus-server-client-2.68/server/giny/Sources/Giny.Protocol/Messages/Game/Context/GameContextCreateMessage.cs:12	1	context:byte
GameContextCreateRequestMessage	1530	refs/dofus-server-client-2.68/server/giny/Sources/Giny.Protocol/Messages/Game/Context/GameContextCreateRequestMessage.cs:12	0	
GameContextDestroyMessage	3704	refs/dofus-server-client-2.68/server/giny/Sources/Giny.Protocol/Messages/Game/Context/GameContextDestroyMessage.cs:12	0	
GameContextKickMessage	7588	refs/dofus-server-client-2.68/server/giny/Sources/Giny.Protocol/Messages/Game/Context/GameContextKickMessage.cs:12	1	targetId:double
GameContextMoveElementMessage	4094	refs/dofus-server-client-2.68/server/giny/Sources/Giny.Protocol/Messages/Game/Context/GameContextMoveElementMessage.cs:12	1	movement:EntityMovementInformations
GameContextMoveMultipleElementsMessage	4072	refs/dofus-server-client-2.68/server/giny/Sources/Giny.Protocol/Messages/Game/Context/GameContextMoveMultipleElementsMessage.cs:12	1	movements:EntityMovementInformations[]
GameContextQuitMessage	5896	refs/dofus-server-client-2.68/server/giny/Sources/Giny.Protocol/Messages/Game/Context/GameContextQuitMessage.cs:12	0	
GameContextReadyMessage	4992	refs/dofus-server-client-2.68/server/giny/Sources/Giny.Protocol/Messages/Game/Context/GameContextReadyMessage.cs:12	1	mapId:double
GameContextRefreshEntityLookMessage	7571	refs/dofus-server-client-2.68/server/giny/Sources/Giny.Protocol/Messages/Game/Context/GameContextRefreshEntityLookMessage.cs:12	2	id:double;look:EntityLook
GameContextRemoveElementMessage	738	refs/dofus-server-client-2.68/server/giny/Sources/Giny.Protocol/Messages/Game/Context/GameContextRemoveElementMessage.cs:12	1	id:double
GameContextRemoveElementWithEventMessage	1879	refs/dofus-server-client-2.68/server/giny/Sources/Giny.Protocol/Messages/Game/Context/GameContextRemoveElementWithEventMessage.cs:12	1	elementEventId:byte
GameContextRemoveMultipleElementsMessage	5186	refs/dofus-server-client-2.68/server/giny/Sources/Giny.Protocol/Messages/Game/Context/GameContextRemoveMultipleElementsMessage.cs:12	1	elementsIds:double[]
GameContextRemoveMultipleElementsWithEventsMessage	9693	refs/dofus-server-client-2.68/server/giny/Sources/Giny.Protocol/Messages/Game/Context/GameContextRemoveMultipleElementsWithEventsMessage.cs:12	1	elementEventIds:byte[]
GameEntitiesDispositionMessage	1704	refs/dofus-server-client-2.68/server/giny/Sources/Giny.Protocol/Messages/Game/Context/GameEntitiesDispositionMessage.cs:12	1	dispositions:IdentifiedEntityDispositionInformations[]
GameEntityDispositionErrorMessage	4091	refs/dofus-server-client-2.68/server/giny/Sources/Giny.Protocol/Messages/Game/Context/GameEntityDispositionErrorMessage.cs:12	0	
GameEntityDispositionMessage	2138	refs/dofus-server-client-2.68/server/giny/Sources/Giny.Protocol/Messages/Game/Context/GameEntityDispositionMessage.cs:12	1	disposition:IdentifiedEntityDispositionInformations
GameMapChangeOrientationMessage	4931	refs/dofus-server-client-2.68/server/giny/Sources/Giny.Protocol/Messages/Game/Context/GameMapChangeOrientationMessage.cs:12	1	orientation:ActorOrientation
GameMapChangeOrientationRequestMessage	7489	refs/dofus-server-client-2.68/server/giny/Sources/Giny.Protocol/Messages/Game/Context/GameMapChangeOrientationRequestMessage.cs:12	1	direction:byte
GameMapChangeOrientationsMessage	6158	refs/dofus-server-client-2.68/server/giny/Sources/Giny.Protocol/Messages/Game/Context/GameMapChangeOrientationsMessage.cs:12	1	orientations:ActorOrientation[]
GameMapMovementCancelMessage	8311	refs/dofus-server-client-2.68/server/giny/Sources/Giny.Protocol/Messages/Game/Context/GameMapMovementCancelMessage.cs:12	1	cellId:short
GameMapMovementConfirmMessage	302	refs/dofus-server-client-2.68/server/giny/Sources/Giny.Protocol/Messages/Game/Context/GameMapMovementConfirmMessage.cs:12	0	
GameMapMovementMessage	6174	refs/dofus-server-client-2.68/server/giny/Sources/Giny.Protocol/Messages/Game/Context/GameMapMovementMessage.cs:12	3	keyMovements:short[];forcedDirection:short;actorId:double
GameMapMovementRequestMessage	6639	refs/dofus-server-client-2.68/server/giny/Sources/Giny.Protocol/Messages/Game/Context/GameMapMovementRequestMessage.cs:12	2	keyMovements:short[];mapId:double
GameMapNoMovementMessage	9225	refs/dofus-server-client-2.68/server/giny/Sources/Giny.Protocol/Messages/Game/Context/GameMapNoMovementMessage.cs:12	2	cellX:short;cellY:short
GameRefreshMonsterBoostsMessage	385	refs/dofus-server-client-2.68/server/giny/Sources/Giny.Protocol/Messages/Game/Context/GameRefreshMonsterBoostsMessage.cs:12	2	monsterBoosts:MonsterBoosts[];familyBoosts:MonsterBoosts[]
GameDataPaddockObjectAddMessage	996	refs/dofus-server-client-2.68/server/giny/Sources/Giny.Protocol/Messages/Game/Context/Mount/GameDataPaddockObjectAddMessage.cs:12	1	paddockItemDescription:PaddockItem
GameDataPaddockObjectListAddMessage	2735	refs/dofus-server-client-2.68/server/giny/Sources/Giny.Protocol/Messages/Game/Context/Mount/GameDataPaddockObjectListAddMessage.cs:12	1	paddockItemDescription:PaddockItem[]
GameDataPaddockObjectRemoveMessage	2233	refs/dofus-server-client-2.68/server/giny/Sources/Giny.Protocol/Messages/Game/Context/Mount/GameDataPaddockObjectRemoveMessage.cs:12	1	cellId:short
MountDataErrorMessage	7915	refs/dofus-server-client-2.68/server/giny/Sources/Giny.Protocol/Messages/Game/Context/Mount/MountDataErrorMessage.cs:12	1	reason:byte
MountDataMessage	7683	refs/dofus-server-client-2.68/server/giny/Sources/Giny.Protocol/Messages/Game/Context/Mount/MountDataMessage.cs:12	1	mountData:MountClientData
MountEmoteIconUsedOkMessage	4678	refs/dofus-server-client-2.68/server/giny/Sources/Giny.Protocol/Messages/Game/Context/Mount/MountEmoteIconUsedOkMessage.cs:12	2	mountId:int;reactionType:byte
MountEquipedErrorMessage	3799	refs/dofus-server-client-2.68/server/giny/Sources/Giny.Protocol/Messages/Game/Context/Mount/MountEquipedErrorMessage.cs:12	1	errorType:byte
MountFeedRequestMessage	9146	refs/dofus-server-client-2.68/server/giny/Sources/Giny.Protocol/Messages/Game/Context/Mount/MountFeedRequestMessage.cs:12	4	mountUid:int;mountLocation:byte;mountFoodUid:int;quantity:int
MountHarnessColorsUpdateRequestMessage	9721	refs/dofus-server-client-2.68/server/giny/Sources/Giny.Protocol/Messages/Game/Context/Mount/MountHarnessColorsUpdateRequestMessage.cs:12	1	useHarnessColors:bool
MountHarnessDissociateRequestMessage	7514	refs/dofus-server-client-2.68/server/giny/Sources/Giny.Protocol/Messages/Game/Context/Mount/MountHarnessDissociateRequestMessage.cs:12	0	
MountInformationInPaddockRequestMessage	8244	refs/dofus-server-client-2.68/server/giny/Sources/Giny.Protocol/Messages/Game/Context/Mount/MountInformationInPaddockRequestMessage.cs:12	1	mapRideId:int
MountInformationRequestMessage	1017	refs/dofus-server-client-2.68/server/giny/Sources/Giny.Protocol/Messages/Game/Context/Mount/MountInformationRequestMessage.cs:12	2	id:double;time:double
MountReleaseRequestMessage	4873	refs/dofus-server-client-2.68/server/giny/Sources/Giny.Protocol/Messages/Game/Context/Mount/MountReleaseRequestMessage.cs:12	0	
MountReleasedMessage	6651	refs/dofus-server-client-2.68/server/giny/Sources/Giny.Protocol/Messages/Game/Context/Mount/MountReleasedMessage.cs:12	1	mountId:int
MountRenameRequestMessage	5809	refs/dofus-server-client-2.68/server/giny/Sources/Giny.Protocol/Messages/Game/Context/Mount/MountRenameRequestMessage.cs:12	2	name:string;mountId:int
MountRenamedMessage	2577	refs/dofus-server-client-2.68/server/giny/Sources/Giny.Protocol/Messages/Game/Context/Mount/MountRenamedMessage.cs:12	2	mountId:int;name:string
MountRidingMessage	328	refs/dofus-server-client-2.68/server/giny/Sources/Giny.Protocol/Messages/Game/Context/Mount/MountRidingMessage.cs:12	2	isRiding:bool;isAutopilot:bool
MountSetMessage	7145	refs/dofus-server-client-2.68/server/giny/Sources/Giny.Protocol/Messages/Game/Context/Mount/MountSetMessage.cs:12	1	mountData:MountClientData
MountSetXpRatioRequestMessage	3546	refs/dofus-server-client-2.68/server/giny/Sources/Giny.Protocol/Messages/Game/Context/Mount/MountSetXpRatioRequestMessage.cs:12	1	xpRatio:byte
MountSterilizeRequestMessage	3111	refs/dofus-server-client-2.68/server/giny/Sources/Giny.Protocol/Messages/Game/Context/Mount/MountSterilizeRequestMessage.cs:12	0	
MountSterilizedMessage	5176	refs/dofus-server-client-2.68/server/giny/Sources/Giny.Protocol/Messages/Game/Context/Mount/MountSterilizedMessage.cs:12	1	mountId:int
MountToggleRidingRequestMessage	5154	refs/dofus-server-client-2.68/server/giny/Sources/Giny.Protocol/Messages/Game/Context/Mount/MountToggleRidingRequestMessage.cs:12	0	
MountUnSetMessage	6291	refs/dofus-server-client-2.68/server/giny/Sources/Giny.Protocol/Messages/Game/Context/Mount/MountUnSetMessage.cs:12	0	
MountXpRatioMessage	2899	refs/dofus-server-client-2.68/server/giny/Sources/Giny.Protocol/Messages/Game/Context/Mount/MountXpRatioMessage.cs:12	1	ratio:byte
PaddockBuyRequestMessage	6206	refs/dofus-server-client-2.68/server/giny/Sources/Giny.Protocol/Messages/Game/Context/Mount/PaddockBuyRequestMessage.cs:12	1	proposedPrice:long
PaddockBuyResultMessage	765	refs/dofus-server-client-2.68/server/giny/Sources/Giny.Protocol/Messages/Game/Context/Mount/PaddockBuyResultMessage.cs:12	3	paddockId:double;bought:bool;realPrice:long
PaddockMoveItemRequestMessage	2761	refs/dofus-server-client-2.68/server/giny/Sources/Giny.Protocol/Messages/Game/Context/Mount/PaddockMoveItemRequestMessage.cs:12	2	oldCellId:short;newCellId:short
PaddockRemoveItemRequestMessage	639	refs/dofus-server-client-2.68/server/giny/Sources/Giny.Protocol/Messages/Game/Context/Mount/PaddockRemoveItemRequestMessage.cs:12	1	cellId:short
PaddockSellRequestMessage	1043	refs/dofus-server-client-2.68/server/giny/Sources/Giny.Protocol/Messages/Game/Context/Mount/PaddockSellRequestMessage.cs:12	2	price:long;forSale:bool
NotificationByServerMessage	8221	refs/dofus-server-client-2.68/server/giny/Sources/Giny.Protocol/Messages/Game/Context/Notification/NotificationByServerMessage.cs:12	3	id:short;parameters:string[];forceOpen:bool
NotificationListMessage	6597	refs/dofus-server-client-2.68/server/giny/Sources/Giny.Protocol/Messages/Game/Context/Notification/NotificationListMessage.cs:12	1	flags:int[]
NotificationResetMessage	9791	refs/dofus-server-client-2.68/server/giny/Sources/Giny.Protocol/Messages/Game/Context/Notification/NotificationResetMessage.cs:12	0	
NotificationUpdateFlagMessage	6869	refs/dofus-server-client-2.68/server/giny/Sources/Giny.Protocol/Messages/Game/Context/Notification/NotificationUpdateFlagMessage.cs:12	1	index:short
AlignmentWarEffortProgressionMessage	8197	refs/dofus-server-client-2.68/server/giny/Sources/Giny.Protocol/Messages/Game/Context/Roleplay/Alignment/War/Effort/AlignmentWarEffortProgressionMessage.cs:12	1	effortProgressions:AlignmentWarEffortInformation[]
AlignmentWarEffortProgressionRequestMessage	9210	refs/dofus-server-client-2.68/server/giny/Sources/Giny.Protocol/Messages/Game/Context/Roleplay/Alignment/War/Effort/AlignmentWarEffortProgressionRequestMessage.cs:12	0	
AnomalyOpenedMessage	3377	refs/dofus-server-client-2.68/server/giny/Sources/Giny.Protocol/Messages/Game/Context/Roleplay/Anomaly/AnomalyOpenedMessage.cs:12	1	subAreaId:short
AnomalyStateMessage	7651	refs/dofus-server-client-2.68/server/giny/Sources/Giny.Protocol/Messages/Game/Context/Roleplay/Anomaly/AnomalyStateMessage.cs:12	3	subAreaId:short;open:bool;closingTime:long
MapComplementaryInformationsAnomalyMessage	52	refs/dofus-server-client-2.68/server/giny/Sources/Giny.Protocol/Messages/Game/Context/Roleplay/Anomaly/MapComplementaryInformationsAnomalyMessage.cs:12	2	level:short;closingTime:long
AnomalySubareaInformationRequestMessage	5036	refs/dofus-server-client-2.68/server/giny/Sources/Giny.Protocol/Messages/Game/Context/Roleplay/AnomalySubareaInformationRequestMessage.cs:12	0	
AnomalySubareaInformationResponseMessage	9094	refs/dofus-server-client-2.68/server/giny/Sources/Giny.Protocol/Messages/Game/Context/Roleplay/AnomalySubareaInformationResponseMessage.cs:12	1	subareas:AnomalySubareaInformation[]
BreachBranchesMessage	8724	refs/dofus-server-client-2.68/server/giny/Sources/Giny.Protocol/Messages/Game/Context/Roleplay/Breach/Branch/BreachBranchesMessage.cs:12	1	branches:ExtendedBreachBranch[]
BreachBonusMessage	4966	refs/dofus-server-client-2.68/server/giny/Sources/Giny.Protocol/Messages/Game/Context/Roleplay/Breach/BreachBonusMessage.cs:12	1	bonus:ObjectEffectInteger
BreachBudgetMessage	7779	refs/dofus-server-client-2.68/server/giny/Sources/Giny.Protocol/Messages/Game/Context/Roleplay/Breach/BreachBudgetMessage.cs:12	1	bugdet:int
BreachCharactersMessage	2322	refs/dofus-server-client-2.68/server/giny/Sources/Giny.Protocol/Messages/Game/Context/Roleplay/Breach/BreachCharactersMessage.cs:12	1	characters:long[]
BreachEnterMessage	2338	refs/dofus-server-client-2.68/server/giny/Sources/Giny.Protocol/Messages/Game/Context/Roleplay/Breach/BreachEnterMessage.cs:12	1	owner:long
BreachExitRequestMessage	7787	refs/dofus-server-client-2.68/server/giny/Sources/Giny.Protocol/Messages/Game/Context/Roleplay/Breach/BreachExitRequestMessage.cs:12	0	
BreachExitResponseMessage	8365	refs/dofus-server-client-2.68/server/giny/Sources/Giny.Protocol/Messages/Game/Context/Roleplay/Breach/BreachExitResponseMessage.cs:12	1	exited:bool
BreachRoomLockedMessage	3579	refs/dofus-server-client-2.68/server/giny/Sources/Giny.Protocol/Messages/Game/Context/Roleplay/Breach/BreachRoomLockedMessage.cs:12	0	
BreachRoomUnlockRequestMessage	7363	refs/dofus-server-client-2.68/server/giny/Sources/Giny.Protocol/Messages/Game/Context/Roleplay/Breach/BreachRoomUnlockRequestMessage.cs:12	1	roomId:byte
BreachRoomUnlockResultMessage	8037	refs/dofus-server-client-2.68/server/giny/Sources/Giny.Protocol/Messages/Game/Context/Roleplay/Breach/BreachRoomUnlockResultMessage.cs:12	2	roomId:byte;result:byte
BreachSavedMessage	5933	refs/dofus-server-client-2.68/server/giny/Sources/Giny.Protocol/Messages/Game/Context/Roleplay/Breach/BreachSavedMessage.cs:12	1	saved:bool
BreachStateMessage	7262	refs/dofus-server-client-2.68/server/giny/Sources/Giny.Protocol/Messages/Game/Context/Roleplay/Breach/BreachStateMessage.cs:12	4	owner:CharacterMinimalInformations;bonuses:ObjectEffectInteger[];bugdet:int;saved:bool
BreachTeleportRequestMessage	7242	refs/dofus-server-client-2.68/server/giny/Sources/Giny.Protocol/Messages/Game/Context/Roleplay/Breach/BreachTeleportRequestMessage.cs:12	0	
BreachTeleportResponseMessage	4007	refs/dofus-server-client-2.68/server/giny/Sources/Giny.Protocol/Messages/Game/Context/Roleplay/Breach/BreachTeleportResponseMessage.cs:12	1	teleported:bool
MapComplementaryInformationsBreachMessage	9740	refs/dofus-server-client-2.68/server/giny/Sources/Giny.Protocol/Messages/Game/Context/Roleplay/Breach/MapComplementaryInformationsBreachMessage.cs:12	4	floor:int;room:byte;infinityMode:short;branches:BreachBranch[]
BreachInvitationAnswerMessage	40	refs/dofus-server-client-2.68/server/giny/Sources/Giny.Protocol/Messages/Game/Context/Roleplay/Breach/Meeting/BreachInvitationAnswerMessage.cs:12	1	accept:bool
BreachInvitationCloseMessage	5347	refs/dofus-server-client-2.68/server/giny/Sources/Giny.Protocol/Messages/Game/Context/Roleplay/Breach/Meeting/BreachInvitationCloseMessage.cs:12	1	host:CharacterMinimalInformations
BreachInvitationOfferMessage	9853	refs/dofus-server-client-2.68/server/giny/Sources/Giny.Protocol/Messages/Game/Context/Roleplay/Breach/Meeting/BreachInvitationOfferMessage.cs:12	2	host:CharacterMinimalInformations;timeLeftBeforeCancel:int
BreachInvitationRequestMessage	1657	refs/dofus-server-client-2.68/server/giny/Sources/Giny.Protocol/Messages/Game/Context/Roleplay/Breach/Meeting/BreachInvitationRequestMessage.cs:12	1	guests:long[]
BreachInvitationResponseMessage	9038	refs/dofus-server-client-2.68/server/giny/Sources/Giny.Protocol/Messages/Game/Context/Roleplay/Breach/Meeting/BreachInvitationResponseMessage.cs:12	2	guest:CharacterMinimalInformations;accept:bool
BreachKickRequestMessage	7729	refs/dofus-server-client-2.68/server/giny/Sources/Giny.Protocol/Messages/Game/Context/Roleplay/Breach/Meeting/BreachKickRequestMessage.cs:12	1	target:long
BreachKickResponseMessage	8683	refs/dofus-server-client-2.68/server/giny/Sources/Giny.Protocol/Messages/Game/Context/Roleplay/Breach/Meeting/BreachKickResponseMessage.cs:12	2	target:CharacterMinimalInformations;kicked:bool
BreachRewardBoughtMessage	384	refs/dofus-server-client-2.68/server/giny/Sources/Giny.Protocol/Messages/Game/Context/Roleplay/Breach/Reward/BreachRewardBoughtMessage.cs:12	2	id:int;bought:bool
BreachRewardBuyMessage	9930	refs/dofus-server-client-2.68/server/giny/Sources/Giny.Protocol/Messages/Game/Context/Roleplay/Breach/Reward/BreachRewardBuyMessage.cs:12	1	id:int
BreachRewardsMessage	9196	refs/dofus-server-client-2.68/server/giny/Sources/Giny.Protocol/Messages/Game/Context/Roleplay/Breach/Reward/BreachRewardsMessage.cs:12	1	rewards:BreachReward[]
ChangeMapMessage	7054	refs/dofus-server-client-2.68/server/giny/Sources/Giny.Protocol/Messages/Game/Context/Roleplay/ChangeMapMessage.cs:12	2	mapId:double;autopilot:bool
CurrentMapInstanceMessage	2503	refs/dofus-server-client-2.68/server/giny/Sources/Giny.Protocol/Messages/Game/Context/Roleplay/CurrentMapInstanceMessage.cs:12	1	instantiatedMapId:double
CurrentMapMessage	3145	refs/dofus-server-client-2.68/server/giny/Sources/Giny.Protocol/Messages/Game/Context/Roleplay/CurrentMapMessage.cs:12	1	mapId:double
GameRolePlayFreeSoulRequestMessage	8141	refs/dofus-server-client-2.68/server/giny/Sources/Giny.Protocol/Messages/Game/Context/Roleplay/Death/GameRolePlayFreeSoulRequestMessage.cs:12	0	
GameRolePlayGameOverMessage	6207	refs/dofus-server-client-2.68/server/giny/Sources/Giny.Protocol/Messages/Game/Context/Roleplay/Death/GameRolePlayGameOverMessage.cs:12	0	
GameRolePlayPlayerLifeStatusMessage	9074	refs/dofus-server-client-2.68/server/giny/Sources/Giny.Protocol/Messages/Game/Context/Roleplay/Death/GameRolePlayPlayerLifeStatusMessage.cs:12	2	state:byte;phenixMapId:double
WarnOnPermaDeathMessage	7659	refs/dofus-server-client-2.68/server/giny/Sources/Giny.Protocol/Messages/Game/Context/Roleplay/Death/WarnOnPermaDeathMessage.cs:12	1	enable:bool
GameRolePlayDelayedActionFinishedMessage	4342	refs/dofus-server-client-2.68/server/giny/Sources/Giny.Protocol/Messages/Game/Context/Roleplay/Delay/GameRolePlayDelayedActionFinishedMessage.cs:12	2	delayedCharacterId:double;delayTypeId:byte
GameRolePlayDelayedActionMessage	4763	refs/dofus-server-client-2.68/server/giny/Sources/Giny.Protocol/Messages/Game/Context/Roleplay/Delay/GameRolePlayDelayedActionMessage.cs:12	3	delayedCharacterId:double;delayTypeId:byte;delayEndTime:double
GameRolePlayDelayedObjectUseMessage	7965	refs/dofus-server-client-2.68/server/giny/Sources/Giny.Protocol/Messages/Game/Context/Roleplay/Delay/GameRolePlayDelayedObjectUseMessage.cs:12	1	objectGID:int
DiceRollRequestMessage	526	refs/dofus-server-client-2.68/server/giny/Sources/Giny.Protocol/Messages/Game/Context/Roleplay/DiceRollRequestMessage.cs:12	3	dice:int;faces:int;channel:byte
DocumentReadingBeginMessage	556	refs/dofus-server-client-2.68/server/giny/Sources/Giny.Protocol/Messages/Game/Context/Roleplay/Document/DocumentReadingBeginMessage.cs:12	1	documentId:short
OpenGuideBookMessage	3895	refs/dofus-server-client-2.68/server/giny/Sources/Giny.Protocol/Messages/Game/Context/Roleplay/Document/OpenGuideBookMessage.cs:12	1	articleId:short
EmoteAddMessage	9586	refs/dofus-server-client-2.68/server/giny/Sources/Giny.Protocol/Messages/Game/Context/Roleplay/Emote/EmoteAddMessage.cs:12	1	emoteId:short
EmoteListMessage	507	refs/dofus-server-client-2.68/server/giny/Sources/Giny.Protocol/Messages/Game/Context/Roleplay/Emote/EmoteListMessage.cs:12	1	emoteIds:short[]
EmotePlayAbstractMessage	8348	refs/dofus-server-client-2.68/server/giny/Sources/Giny.Protocol/Messages/Game/Context/Roleplay/Emote/EmotePlayAbstractMessage.cs:12	2	emoteId:short;emoteStartTime:double
EmotePlayErrorMessage	8572	refs/dofus-server-client-2.68/server/giny/Sources/Giny.Protocol/Messages/Game/Context/Roleplay/Emote/EmotePlayErrorMessage.cs:12	1	emoteId:short
EmotePlayMassiveMessage	5777	refs/dofus-server-client-2.68/server/giny/Sources/Giny.Protocol/Messages/Game/Context/Roleplay/Emote/EmotePlayMassiveMessage.cs:12	1	actorIds:double[]
EmotePlayMessage	3603	refs/dofus-server-client-2.68/server/giny/Sources/Giny.Protocol/Messages/Game/Context/Roleplay/Emote/EmotePlayMessage.cs:12	2	actorId:double;accountId:int
EmotePlayRequestMessage	4677	refs/dofus-server-client-2.68/server/giny/Sources/Giny.Protocol/Messages/Game/Context/Roleplay/Emote/EmotePlayRequestMessage.cs:12	1	emoteId:short
EmoteRemoveMessage	3592	refs/dofus-server-client-2.68/server/giny/Sources/Giny.Protocol/Messages/Game/Context/Roleplay/Emote/EmoteRemoveMessage.cs:12	1	emoteId:short
ErrorMapNotFoundMessage	9984	refs/dofus-server-client-2.68/server/giny/Sources/Giny.Protocol/Messages/Game/Context/Roleplay/ErrorMapNotFoundMessage.cs:12	1	mapId:double
GameRolePlayArenaFightAnswerMessage	9421	refs/dofus-server-client-2.68/server/giny/Sources/Giny.Protocol/Messages/Game/Context/Roleplay/Fight/Arena/GameRolePlayArenaFightAnswerMessage.cs:12	2	fightId:short;accept:bool
GameRolePlayArenaFightPropositionMessage	3409	refs/dofus-server-client-2.68/server/giny/Sources/Giny.Protocol/Messages/Game/Context/Roleplay/Fight/Arena/GameRolePlayArenaFightPropositionMessage.cs:12	3	fightId:short;alliesId:double[];duration:short
GameRolePlayArenaFighterStatusMessage	9985	refs/dofus-server-client-2.68/server/giny/Sources/Giny.Protocol/Messages/Game/Context/Roleplay/Fight/Arena/GameRolePlayArenaFighterStatusMessage.cs:12	3	fightId:short;playerId:long;accepted:bool
GameRolePlayArenaInvitationCandidatesAnswerMessage	6700	refs/dofus-server-client-2.68/server/giny/Sources/Giny.Protocol/Messages/Game/Context/Roleplay/Fight/Arena/GameRolePlayArenaInvitationCandidatesAnswerMessage.cs:12	1	candidates:LeagueFriendInformations[]
GameRolePlayArenaLeagueRewardsMessage	8806	refs/dofus-server-client-2.68/server/giny/Sources/Giny.Protocol/Messages/Game/Context/Roleplay/Fight/Arena/GameRolePlayArenaLeagueRewardsMessage.cs:12	4	seasonId:short;leagueId:short;ladderPosition:int;endSeasonReward:bool
GameRolePlayArenaPlayerBehavioursMessage	7468	refs/dofus-server-client-2.68/server/giny/Sources/Giny.Protocol/Messages/Game/Context/Roleplay/Fight/Arena/GameRolePlayArenaPlayerBehavioursMessage.cs:12	3	flags:string[];sanctions:string[];banDuration:int
GameRolePlayArenaRegisterMessage	888	refs/dofus-server-client-2.68/server/giny/Sources/Giny.Protocol/Messages/Game/Context/Roleplay/Fight/Arena/GameRolePlayArenaRegisterMessage.cs:12	1	battleMode:int
GameRolePlayArenaRegistrationStatusMessage	6193	refs/dofus-server-client-2.68/server/giny/Sources/Giny.Protocol/Messages/Game/Context/Roleplay/Fight/Arena/GameRolePlayArenaRegistrationStatusMessage.cs:12	3	registered:bool;step:byte;battleMode:int
GameRolePlayArenaRegistrationWarningMessage	4858	refs/dofus-server-client-2.68/server/giny/Sources/Giny.Protocol/Messages/Game/Context/Roleplay/Fight/Arena/GameRolePlayArenaRegistrationWarningMessage.cs:12	1	battleMode:int
GameRolePlayArenaSwitchToFightServerMessage	1936	refs/dofus-server-client-2.68/server/giny/Sources/Giny.Protocol/Messages/Game/Context/Roleplay/Fight/Arena/GameRolePlayArenaSwitchToFightServerMessage.cs:12	3	address:string;ports:short[];token:string
GameRolePlayArenaSwitchToGameServerMessage	9037	refs/dofus-server-client-2.68/server/giny/Sources/Giny.Protocol/Messages/Game/Context/Roleplay/Fight/Arena/GameRolePlayArenaSwitchToGameServerMessage.cs:12	3	validToken:bool;token:string;homeServerId:short
GameRolePlayArenaUnregisterMessage	2239	refs/dofus-server-client-2.68/server/giny/Sources/Giny.Protocol/Messages/Game/Context/Roleplay/Fight/Arena/GameRolePlayArenaUnregisterMessage.cs:12	0	
GameRolePlayArenaUpdatePlayerInfosAllQueuesMessage	8232	refs/dofus-server-client-2.68/server/giny/Sources/Giny.Protocol/Messages/Game/Context/Roleplay/Fight/Arena/GameRolePlayArenaUpdatePlayerInfosAllQueuesMessage.cs:12	2	team:ArenaRankInfos;duel:ArenaRankInfos
GameRolePlayArenaUpdatePlayerInfosMessage	5977	refs/dofus-server-client-2.68/server/giny/Sources/Giny.Protocol/Messages/Game/Context/Roleplay/Fight/Arena/GameRolePlayArenaUpdatePlayerInfosMessage.cs:12	1	solo:ArenaRankInfos
GameRolePlayAggressionMessage	4453	refs/dofus-server-client-2.68/server/giny/Sources/Giny.Protocol/Messages/Game/Context/Roleplay/Fight/GameRolePlayAggressionMessage.cs:12	2	attackerId:long;defenderId:long
GameRolePlayAttackMonsterRequestMessage	1998	refs/dofus-server-client-2.68/server/giny/Sources/Giny.Protocol/Messages/Game/Context/Roleplay/Fight/GameRolePlayAttackMonsterRequestMessage.cs:12	1	monsterGroupId:double
GameRolePlayFightRequestCanceledMessage	2752	refs/dofus-server-client-2.68/server/giny/Sources/Giny.Protocol/Messages/Game/Context/Roleplay/Fight/GameRolePlayFightRequestCanceledMessage.cs:12	3	fightId:short;sourceId:double;targetId:double
GameRolePlayMonsterAngryAtPlayerMessage	8414	refs/dofus-server-client-2.68/server/giny/Sources/Giny.Protocol/Messages/Game/Context/Roleplay/Fight/GameRolePlayMonsterAngryAtPlayerMessage.cs:12	4	playerId:long;monsterGroupId:double;angryStartTime:double;attackTime:double
GameRolePlayMonsterNotAngryAtPlayerMessage	6627	refs/dofus-server-client-2.68/server/giny/Sources/Giny.Protocol/Messages/Game/Context/Roleplay/Fight/GameRolePlayMonsterNotAngryAtPlayerMessage.cs:12	2	playerId:long;monsterGroupId:double
GameRolePlayPlayerFightFriendlyAnswerMessage	5426	refs/dofus-server-client-2.68/server/giny/Sources/Giny.Protocol/Messages/Game/Context/Roleplay/Fight/GameRolePlayPlayerFightFriendlyAnswerMessage.cs:12	2	fightId:short;accept:bool
GameRolePlayPlayerFightFriendlyAnsweredMessage	1584	refs/dofus-server-client-2.68/server/giny/Sources/Giny.Protocol/Messages/Game/Context/Roleplay/Fight/GameRolePlayPlayerFightFriendlyAnsweredMessage.cs:12	4	fightId:short;sourceId:long;targetId:long;accept:bool
GameRolePlayPlayerFightFriendlyRequestedMessage	3018	refs/dofus-server-client-2.68/server/giny/Sources/Giny.Protocol/Messages/Game/Context/Roleplay/Fight/GameRolePlayPlayerFightFriendlyRequestedMessage.cs:12	3	fightId:short;sourceId:long;targetId:long
GameRolePlayPlayerFightRequestMessage	1697	refs/dofus-server-client-2.68/server/giny/Sources/Giny.Protocol/Messages/Game/Context/Roleplay/Fight/GameRolePlayPlayerFightRequestMessage.cs:12	3	targetId:long;targetCellId:short;friendly:bool
GameRolePlayRemoveChallengeMessage	2463	refs/dofus-server-client-2.68/server/giny/Sources/Giny.Protocol/Messages/Game/Context/Roleplay/Fight/GameRolePlayRemoveChallengeMessage.cs:12	1	fightId:short
GameRolePlayShowChallengeMessage	1759	refs/dofus-server-client-2.68/server/giny/Sources/Giny.Protocol/Messages/Game/Context/Roleplay/Fight/GameRolePlayShowChallengeMessage.cs:12	1	commonsInfos:FightCommonInformations
GameRolePlayShowActorMessage	3456	refs/dofus-server-client-2.68/server/giny/Sources/Giny.Protocol/Messages/Game/Context/Roleplay/GameRolePlayShowActorMessage.cs:12	1	informations:GameRolePlayActorInformations
GameRolePlayShowActorWithEventMessage	3225	refs/dofus-server-client-2.68/server/giny/Sources/Giny.Protocol/Messages/Game/Context/Roleplay/GameRolePlayShowActorWithEventMessage.cs:12	1	actorEventId:byte
GameRolePlayShowMultipleActorsMessage	959	refs/dofus-server-client-2.68/server/giny/Sources/Giny.Protocol/Messages/Game/Context/Roleplay/GameRolePlayShowMultipleActorsMessage.cs:12	1	informationsList:GameRolePlayActorInformations[]
ChangeHavenBagRoomRequestMessage	2766	refs/dofus-server-client-2.68/server/giny/Sources/Giny.Protocol/Messages/Game/Context/Roleplay/Havenbag/ChangeHavenBagRoomRequestMessage.cs:12	1	roomId:byte
ChangeThemeRequestMessage	1629	refs/dofus-server-client-2.68/server/giny/Sources/Giny.Protocol/Messages/Game/Context/Roleplay/Havenbag/ChangeThemeRequestMessage.cs:12	1	theme:byte
CloseHavenBagFurnitureSequenceRequestMessage	9998	refs/dofus-server-client-2.68/server/giny/Sources/Giny.Protocol/Messages/Game/Context/Roleplay/Havenbag/CloseHavenBagFurnitureSequenceRequestMessage.cs:12	0	
EditHavenBagCancelRequestMessage	4669	refs/dofus-server-client-2.68/server/giny/Sources/Giny.Protocol/Messages/Game/Context/Roleplay/Havenbag/EditHavenBagCancelRequestMessage.cs:12	0	
EditHavenBagFinishedMessage	2552	refs/dofus-server-client-2.68/server/giny/Sources/Giny.Protocol/Messages/Game/Context/Roleplay/Havenbag/EditHavenBagFinishedMessage.cs:12	0	
EditHavenBagRequestMessage	474	refs/dofus-server-client-2.68/server/giny/Sources/Giny.Protocol/Messages/Game/Context/Roleplay/Havenbag/EditHavenBagRequestMessage.cs:12	0	
EditHavenBagStartMessage	7016	refs/dofus-server-client-2.68/server/giny/Sources/Giny.Protocol/Messages/Game/Context/Roleplay/Havenbag/EditHavenBagStartMessage.cs:12	0	
EnterHavenBagRequestMessage	4590	refs/dofus-server-client-2.68/server/giny/Sources/Giny.Protocol/Messages/Game/Context/Roleplay/Havenbag/EnterHavenBagRequestMessage.cs:12	1	havenBagOwner:long
ExitHavenBagRequestMessage	4256	refs/dofus-server-client-2.68/server/giny/Sources/Giny.Protocol/Messages/Game/Context/Roleplay/Havenbag/ExitHavenBagRequestMessage.cs:12	0	
HavenBagDailyLoteryMessage	4338	refs/dofus-server-client-2.68/server/giny/Sources/Giny.Protocol/Messages/Game/Context/Roleplay/Havenbag/HavenBagDailyLoteryMessage.cs:12	2	returnType:byte;gameActionId:string
HavenBagFurnituresMessage	4362	refs/dofus-server-client-2.68/server/giny/Sources/Giny.Protocol/Messages/Game/Context/Roleplay/Havenbag/HavenBagFurnituresMessage.cs:12	1	furnituresInfos:HavenBagFurnitureInformation[]
HavenBagFurnituresRequestMessage	1830	refs/dofus-server-client-2.68/server/giny/Sources/Giny.Protocol/Messages/Game/Context/Roleplay/Havenbag/HavenBagFurnituresRequestMessage.cs:12	3	cellIds:short[];funitureIds:int[];orientations:byte[]
HavenBagPackListMessage	4278	refs/dofus-server-client-2.68/server/giny/Sources/Giny.Protocol/Messages/Game/Context/Roleplay/Havenbag/HavenBagPackListMessage.cs:12	1	packIds:byte[]
HavenBagRoomUpdateMessage	9458	refs/dofus-server-client-2.68/server/giny/Sources/Giny.Protocol/Messages/Game/Context/Roleplay/Havenbag/HavenBagRoomUpdateMessage.cs:12	2	action:byte;roomsPreview:HavenBagRoomPreviewInformation[]
KickHavenBagRequestMessage	5696	refs/dofus-server-client-2.68/server/giny/Sources/Giny.Protocol/Messages/Game/Context/Roleplay/Havenbag/KickHavenBagRequestMessage.cs:12	1	guestId:long
HavenBagPermissionsUpdateMessage	1314	refs/dofus-server-client-2.68/server/giny/Sources/Giny.Protocol/Messages/Game/Context/Roleplay/Havenbag/Meeting/HavenBagPermissionsUpdateMessage.cs:12	1	permissions:int
HavenBagPermissionsUpdateRequestMessage	1368	refs/dofus-server-client-2.68/server/giny/Sources/Giny.Protocol/Messages/Game/Context/Roleplay/Havenbag/Meeting/HavenBagPermissionsUpdateRequestMessage.cs:12	1	permissions:int
InviteInHavenBagClosedMessage	6322	refs/dofus-server-client-2.68/server/giny/Sources/Giny.Protocol/Messages/Game/Context/Roleplay/Havenbag/Meeting/InviteInHavenBagClosedMessage.cs:12	1	hostInformations:CharacterMinimalInformations
InviteInHavenBagMessage	1881	refs/dofus-server-client-2.68/server/giny/Sources/Giny.Protocol/Messages/Game/Context/Roleplay/Havenbag/Meeting/InviteInHavenBagMessage.cs:12	2	guestInformations:CharacterMinimalInformations;accept:bool
InviteInHavenBagOfferMessage	4145	refs/dofus-server-client-2.68/server/giny/Sources/Giny.Protocol/Messages/Game/Context/Roleplay/Havenbag/Meeting/InviteInHavenBagOfferMessage.cs:12	2	hostInformations:CharacterMinimalInformations;timeLeftBeforeCancel:int
TeleportHavenBagAnswerMessage	4689	refs/dofus-server-client-2.68/server/giny/Sources/Giny.Protocol/Messages/Game/Context/Roleplay/Havenbag/Meeting/TeleportHavenBagAnswerMessage.cs:12	1	accept:bool
TeleportHavenBagRequestMessage	3182	refs/dofus-server-client-2.68/server/giny/Sources/Giny.Protocol/Messages/Game/Context/Roleplay/Havenbag/Meeting/TeleportHavenBagRequestMessage.cs:12	1	guestId:long
OpenHavenBagFurnitureSequenceRequestMessage	9397	refs/dofus-server-client-2.68/server/giny/Sources/Giny.Protocol/Messages/Game/Context/Roleplay/Havenbag/OpenHavenBagFurnitureSequenceRequestMessage.cs:12	0	
AccountHouseMessage	2128	refs/dofus-server-client-2.68/server/giny/Sources/Giny.Protocol/Messages/Game/Context/Roleplay/Houses/AccountHouseMessage.cs:12	1	houses:AccountHouseInformations[]
HouseGuildNoneMessage	223	refs/dofus-server-client-2.68/server/giny/Sources/Giny.Protocol/Messages/Game/Context/Roleplay/Houses/Guild/HouseGuildNoneMessage.cs:12	3	houseId:int;instanceId:int;secondHand:bool
HouseGuildRightsMessage	3919	refs/dofus-server-client-2.68/server/giny/Sources/Giny.Protocol/Messages/Game/Context/Roleplay/Houses/Guild/HouseGuildRightsMessage.cs:12	5	houseId:int;instanceId:int;secondHand:bool;guildInfo:GuildInformations;rights:int
HouseGuildRightsViewMessage	8381	refs/dofus-server-client-2.68/server/giny/Sources/Giny.Protocol/Messages/Game/Context/Roleplay/Houses/Guild/HouseGuildRightsViewMessage.cs:12	2	houseId:int;instanceId:int
HouseGuildShareRequestMessage	8987	refs/dofus-server-client-2.68/server/giny/Sources/Giny.Protocol/Messages/Game/Context/Roleplay/Houses/Guild/HouseGuildShareRequestMessage.cs:12	4	houseId:int;instanceId:int;enable:bool;rights:int
HouseBuyRequestMessage	597	refs/dofus-server-client-2.68/server/giny/Sources/Giny.Protocol/Messages/Game/Context/Roleplay/Houses/HouseBuyRequestMessage.cs:12	1	proposedPrice:long
HouseBuyResultMessage	4144	refs/dofus-server-client-2.68/server/giny/Sources/Giny.Protocol/Messages/Game/Context/Roleplay/Houses/HouseBuyResultMessage.cs:12	5	houseId:int;instanceId:int;secondHand:bool;bought:bool;realPrice:long
HouseKickRequestMessage	6944	refs/dofus-server-client-2.68/server/giny/Sources/Giny.Protocol/Messages/Game/Context/Roleplay/Houses/HouseKickRequestMessage.cs:12	1	id:long
HouseLockFromInsideRequestMessage	2788	refs/dofus-server-client-2.68/server/giny/Sources/Giny.Protocol/Messages/Game/Context/Roleplay/Houses/HouseLockFromInsideRequestMessage.cs:12	0	
HousePropertiesMessage	8296	refs/dofus-server-client-2.68/server/giny/Sources/Giny.Protocol/Messages/Game/Context/Roleplay/Houses/HousePropertiesMessage.cs:12	3	houseId:int;doorsOnMap:int[];properties:HouseInstanceInformations
HouseSellFromInsideRequestMessage	5826	refs/dofus-server-client-2.68/server/giny/Sources/Giny.Protocol/Messages/Game/Context/Roleplay/Houses/HouseSellFromInsideRequestMessage.cs:12	0	
HouseSellRequestMessage	722	refs/dofus-server-client-2.68/server/giny/Sources/Giny.Protocol/Messages/Game/Context/Roleplay/Houses/HouseSellRequestMessage.cs:12	3	instanceId:int;amount:long;forSale:bool
HouseSellingUpdateMessage	27	refs/dofus-server-client-2.68/server/giny/Sources/Giny.Protocol/Messages/Game/Context/Roleplay/Houses/HouseSellingUpdateMessage.cs:12	5	houseId:int;instanceId:int;secondHand:bool;realPrice:long;buyerTag:AccountTagInformation
HouseToSellFilterMessage	4073	refs/dofus-server-client-2.68/server/giny/Sources/Giny.Protocol/Messages/Game/Context/Roleplay/Houses/HouseToSellFilterMessage.cs:12	6	areaId:int;atLeastNbRoom:byte;atLeastNbChest:byte;skillRequested:short;maxPrice:long;orderBy:byte
HouseToSellListMessage	9263	refs/dofus-server-client-2.68/server/giny/Sources/Giny.Protocol/Messages/Game/Context/Roleplay/Houses/HouseToSellListMessage.cs:12	3	pageIndex:short;totalPage:short;houseList:HouseInformationsForSell[]
HouseToSellListRequestMessage	5271	refs/dofus-server-client-2.68/server/giny/Sources/Giny.Protocol/Messages/Game/Context/Roleplay/Houses/HouseToSellListRequestMessage.cs:12	1	pageIndex:short
JobAllowMultiCraftRequestMessage	2314	refs/dofus-server-client-2.68/server/giny/Sources/Giny.Protocol/Messages/Game/Context/Roleplay/Job/JobAllowMultiCraftRequestMessage.cs:12	1	enabled:bool
JobBookSubscriptionMessage	5452	refs/dofus-server-client-2.68/server/giny/Sources/Giny.Protocol/Messages/Game/Context/Roleplay/Job/JobBookSubscriptionMessage.cs:12	1	subscriptions:JobBookSubscription[]
JobCrafterDirectoryAddMessage	2994	refs/dofus-server-client-2.68/server/giny/Sources/Giny.Protocol/Messages/Game/Context/Roleplay/Job/JobCrafterDirectoryAddMessage.cs:12	1	listEntry:JobCrafterDirectoryListEntry
JobCrafterDirectoryDefineSettingsMessage	8024	refs/dofus-server-client-2.68/server/giny/Sources/Giny.Protocol/Messages/Game/Context/Roleplay/Job/JobCrafterDirectoryDefineSettingsMessage.cs:12	1	settings:JobCrafterDirectorySettings
JobCrafterDirectoryEntryMessage	389	refs/dofus-server-client-2.68/server/giny/Sources/Giny.Protocol/Messages/Game/Context/Roleplay/Job/JobCrafterDirectoryEntryMessage.cs:12	3	playerInfo:JobCrafterDirectoryEntryPlayerInfo;jobInfoList:JobCrafterDirectoryEntryJobInfo[];playerLook:EntityLook
JobCrafterDirectoryEntryRequestMessage	2490	refs/dofus-server-client-2.68/server/giny/Sources/Giny.Protocol/Messages/Game/Context/Roleplay/Job/JobCrafterDirectoryEntryRequestMessage.cs:12	1	playerId:long
JobCrafterDirectoryListMessage	3390	refs/dofus-server-client-2.68/server/giny/Sources/Giny.Protocol/Messages/Game/Context/Roleplay/Job/JobCrafterDirectoryListMessage.cs:12	1	listEntries:JobCrafterDirectoryListEntry[]
JobCrafterDirectoryListRequestMessage	5761	refs/dofus-server-client-2.68/server/giny/Sources/Giny.Protocol/Messages/Game/Context/Roleplay/Job/JobCrafterDirectoryListRequestMessage.cs:12	1	jobId:byte
JobCrafterDirectoryRemoveMessage	8338	refs/dofus-server-client-2.68/server/giny/Sources/Giny.Protocol/Messages/Game/Context/Roleplay/Job/JobCrafterDirectoryRemoveMessage.cs:12	2	jobId:byte;playerId:long
JobCrafterDirectorySettingsMessage	6629	refs/dofus-server-client-2.68/server/giny/Sources/Giny.Protocol/Messages/Game/Context/Roleplay/Job/JobCrafterDirectorySettingsMessage.cs:12	1	craftersSettings:JobCrafterDirectorySettings[]
JobDescriptionMessage	7435	refs/dofus-server-client-2.68/server/giny/Sources/Giny.Protocol/Messages/Game/Context/Roleplay/Job/JobDescriptionMessage.cs:12	1	jobsDescription:JobDescription[]
JobExperienceMultiUpdateMessage	7739	refs/dofus-server-client-2.68/server/giny/Sources/Giny.Protocol/Messages/Game/Context/Roleplay/Job/JobExperienceMultiUpdateMessage.cs:12	1	experiencesUpdate:JobExperience[]
JobExperienceOtherPlayerUpdateMessage	1202	refs/dofus-server-client-2.68/server/giny/Sources/Giny.Protocol/Messages/Game/Context/Roleplay/Job/JobExperienceOtherPlayerUpdateMessage.cs:12	1	playerId:long
JobExperienceUpdateMessage	1215	refs/dofus-server-client-2.68/server/giny/Sources/Giny.Protocol/Messages/Game/Context/Roleplay/Job/JobExperienceUpdateMessage.cs:12	1	experiencesUpdate:JobExperience
JobLevelUpMessage	2811	refs/dofus-server-client-2.68/server/giny/Sources/Giny.Protocol/Messages/Game/Context/Roleplay/Job/JobLevelUpMessage.cs:12	2	newLevel:byte;jobsDescription:JobDescription
JobMultiCraftAvailableSkillsMessage	5141	refs/dofus-server-client-2.68/server/giny/Sources/Giny.Protocol/Messages/Game/Context/Roleplay/Job/JobMultiCraftAvailableSkillsMessage.cs:12	2	playerId:long;skills:short[]
LockableChangeCodeMessage	4181	refs/dofus-server-client-2.68/server/giny/Sources/Giny.Protocol/Messages/Game/Context/Roleplay/Lockable/LockableChangeCodeMessage.cs:12	1	code:string
LockableCodeResultMessage	756	refs/dofus-server-client-2.68/server/giny/Sources/Giny.Protocol/Messages/Game/Context/Roleplay/Lockable/LockableCodeResultMessage.cs:12	1	result:byte
LockableShowCodeDialogMessage	8686	refs/dofus-server-client-2.68/server/giny/Sources/Giny.Protocol/Messages/Game/Context/Roleplay/Lockable/LockableShowCodeDialogMessage.cs:12	2	changeOrUse:bool;codeSize:byte
LockableStateUpdateAbstractMessage	6940	refs/dofus-server-client-2.68/server/giny/Sources/Giny.Protocol/Messages/Game/Context/Roleplay/Lockable/LockableStateUpdateAbstractMessage.cs:12	1	locked:bool
LockableStateUpdateHouseDoorMessage	2441	refs/dofus-server-client-2.68/server/giny/Sources/Giny.Protocol/Messages/Game/Context/Roleplay/Lockable/LockableStateUpdateHouseDoorMessage.cs:12	3	houseId:int;instanceId:int;secondHand:bool
LockableStateUpdateStorageMessage	491	refs/dofus-server-client-2.68/server/giny/Sources/Giny.Protocol/Messages/Game/Context/Roleplay/Lockable/LockableStateUpdateStorageMessage.cs:12	2	mapId:double;elementId:int
LockableUseCodeMessage	2014	refs/dofus-server-client-2.68/server/giny/Sources/Giny.Protocol/Messages/Game/Context/Roleplay/Lockable/LockableUseCodeMessage.cs:12	1	code:string
MapComplementaryInformationsDataInHavenBagMessage	5660	refs/dofus-server-client-2.68/server/giny/Sources/Giny.Protocol/Messages/Game/Context/Roleplay/MapComplementaryInformationsDataInHavenBagMessage.cs:12	4	ownerInformations:CharacterMinimalInformations;theme:byte;roomId:byte;maxRoomId:byte
MapComplementaryInformationsDataInHouseMessage	2902	refs/dofus-server-client-2.68/server/giny/Sources/Giny.Protocol/Messages/Game/Context/Roleplay/MapComplementaryInformationsDataInHouseMessage.cs:12	1	currentHouse:HouseInformationsInside
MapComplementaryInformationsDataMessage	695	refs/dofus-server-client-2.68/server/giny/Sources/Giny.Protocol/Messages/Game/Context/Roleplay/MapComplementaryInformationsDataMessage.cs:12	10	subAreaId:short;mapId:double;houses:HouseInformations[];actors:GameRolePlayActorInformations[];interactiveElements:InteractiveElement[];statedElements:StatedElement[];obstacles:MapObstacle[];fights:FightCommonInformations[];hasAggressiveMonsters:bool;fightStartPositions:FightStartingPositions
MapComplementaryInformationsWithCoordsMessage	3302	refs/dofus-server-client-2.68/server/giny/Sources/Giny.Protocol/Messages/Game/Context/Roleplay/MapComplementaryInformationsWithCoordsMessage.cs:12	2	worldX:short;worldY:short
MapFightCountMessage	14	refs/dofus-server-client-2.68/server/giny/Sources/Giny.Protocol/Messages/Game/Context/Roleplay/MapFightCountMessage.cs:12	1	fightCount:short
MapFightStartPositionsUpdateMessage	3445	refs/dofus-server-client-2.68/server/giny/Sources/Giny.Protocol/Messages/Game/Context/Roleplay/MapFightStartPositionsUpdateMessage.cs:12	2	mapId:double;fightStartPositions:FightStartingPositions
MapInformationsRequestMessage	9293	refs/dofus-server-client-2.68/server/giny/Sources/Giny.Protocol/Messages/Game/Context/Roleplay/MapInformationsRequestMessage.cs:12	1	mapId:double
MapObstacleUpdateMessage	5033	refs/dofus-server-client-2.68/server/giny/Sources/Giny.Protocol/Messages/Game/Context/Roleplay/MapObstacleUpdateMessage.cs:12	1	obstacles:MapObstacle[]
MapRunningFightDetailsExtendedMessage	8625	refs/dofus-server-client-2.68/server/giny/Sources/Giny.Protocol/Messages/Game/Context/Roleplay/MapRunningFightDetailsExtendedMessage.cs:12	1	namedPartyTeams:NamedPartyTeam[]
MapRunningFightDetailsMessage	2947	refs/dofus-server-client-2.68/server/giny/Sources/Giny.Protocol/Messages/Game/Context/Roleplay/MapRunningFightDetailsMessage.cs:12	3	fightId:short;attackers:GameFightFighterLightInformations[];defenders:GameFightFighterLightInformations[]
MapRunningFightDetailsRequestMessage	3294	refs/dofus-server-client-2.68/server/giny/Sources/Giny.Protocol/Messages/Game/Context/Roleplay/MapRunningFightDetailsRequestMessage.cs:12	1	fightId:short
MapRunningFightListMessage	6504	refs/dofus-server-client-2.68/server/giny/Sources/Giny.Protocol/Messages/Game/Context/Roleplay/MapRunningFightListMessage.cs:12	1	fights:FightExternalInformations[]
MapRunningFightListRequestMessage	2782	refs/dofus-server-client-2.68/server/giny/Sources/Giny.Protocol/Messages/Game/Context/Roleplay/MapRunningFightListRequestMessage.cs:12	0	
AlliancePrismDialogQuestionMessage	8353	refs/dofus-server-client-2.68/server/giny/Sources/Giny.Protocol/Messages/Game/Context/Roleplay/Npc/AlliancePrismDialogQuestionMessage.cs:12	0	
EntityTalkMessage	9057	refs/dofus-server-client-2.68/server/giny/Sources/Giny.Protocol/Messages/Game/Context/Roleplay/Npc/EntityTalkMessage.cs:12	3	entityId:double;textId:short;parameters:string[]
ListMapNpcsQuestStatusUpdateMessage	6306	refs/dofus-server-client-2.68/server/giny/Sources/Giny.Protocol/Messages/Game/Context/Roleplay/Npc/ListMapNpcsQuestStatusUpdateMessage.cs:12	1	mapInfo:MapNpcQuestInfo[]
NpcDialogCreationMessage	1724	refs/dofus-server-client-2.68/server/giny/Sources/Giny.Protocol/Messages/Game/Context/Roleplay/Npc/NpcDialogCreationMessage.cs:12	2	mapId:double;npcId:int
NpcDialogQuestionMessage	524	refs/dofus-server-client-2.68/server/giny/Sources/Giny.Protocol/Messages/Game/Context/Roleplay/Npc/NpcDialogQuestionMessage.cs:12	3	messageId:int;dialogParams:string[];visibleReplies:int[]
NpcDialogReplyMessage	7517	refs/dofus-server-client-2.68/server/giny/Sources/Giny.Protocol/Messages/Game/Context/Roleplay/Npc/NpcDialogReplyMessage.cs:12	1	replyId:int
NpcGenericActionFailureMessage	2908	refs/dofus-server-client-2.68/server/giny/Sources/Giny.Protocol/Messages/Game/Context/Roleplay/Npc/NpcGenericActionFailureMessage.cs:12	0	
NpcGenericActionRequestMessage	4675	refs/dofus-server-client-2.68/server/giny/Sources/Giny.Protocol/Messages/Game/Context/Roleplay/Npc/NpcGenericActionRequestMessage.cs:12	3	npcId:int;npcActionId:byte;npcMapId:double
PortalDialogCreationMessage	6077	refs/dofus-server-client-2.68/server/giny/Sources/Giny.Protocol/Messages/Game/Context/Roleplay/Npc/PortalDialogCreationMessage.cs:12	1	type:int
TaxCollectorDialogQuestionBasicMessage	8033	refs/dofus-server-client-2.68/server/giny/Sources/Giny.Protocol/Messages/Game/Context/Roleplay/Npc/TaxCollectorDialogQuestionBasicMessage.cs:12	1	allianceInfo:BasicAllianceInformations
TaxCollectorDialogQuestionExtendedMessage	6709	refs/dofus-server-client-2.68/server/giny/Sources/Giny.Protocol/Messages/Game/Context/Roleplay/Npc/TaxCollectorDialogQuestionExtendedMessage.cs:12	7	maxPods:short;prospecting:short;alliance:BasicNamedAllianceInformations;taxCollectorsCount:byte;taxCollectorAttack:int;pods:int;itemsValue:long
ObjectGroundAddedMessage	595	refs/dofus-server-client-2.68/server/giny/Sources/Giny.Protocol/Messages/Game/Context/Roleplay/Objects/ObjectGroundAddedMessage.cs:12	2	cellId:short;objectGID:int
ObjectGroundListAddedMessage	2845	refs/dofus-server-client-2.68/server/giny/Sources/Giny.Protocol/Messages/Game/Context/Roleplay/Objects/ObjectGroundListAddedMessage.cs:12	2	cells:short[];referenceIds:int[]
ObjectGroundRemovedMessage	3534	refs/dofus-server-client-2.68/server/giny/Sources/Giny.Protocol/Messages/Game/Context/Roleplay/Objects/ObjectGroundRemovedMessage.cs:12	1	cell:short
ObjectGroundRemovedMultipleMessage	823	refs/dofus-server-client-2.68/server/giny/Sources/Giny.Protocol/Messages/Game/Context/Roleplay/Objects/ObjectGroundRemovedMultipleMessage.cs:12	1	cells:short[]
GameDataPlayFarmObjectAnimationMessage	9266	refs/dofus-server-client-2.68/server/giny/Sources/Giny.Protocol/Messages/Game/Context/Roleplay/Paddock/GameDataPlayFarmObjectAnimationMessage.cs:12	1	cellId:short[]
PaddockPropertiesMessage	5635	refs/dofus-server-client-2.68/server/giny/Sources/Giny.Protocol/Messages/Game/Context/Roleplay/Paddock/PaddockPropertiesMessage.cs:12	1	properties:PaddockInstancesInformations
PaddockSellBuyDialogMessage	7797	refs/dofus-server-client-2.68/server/giny/Sources/Giny.Protocol/Messages/Game/Context/Roleplay/Paddock/PaddockSellBuyDialogMessage.cs:12	3	bsell:bool;ownerId:int;price:long
PaddockToSellFilterMessage	1854	refs/dofus-server-client-2.68/server/giny/Sources/Giny.Protocol/Messages/Game/Context/Roleplay/Paddock/PaddockToSellFilterMessage.cs:12	5	areaId:int;atLeastNbMount:byte;atLeastNbMachine:byte;maxPrice:long;orderBy:byte
PaddockToSellListMessage	9204	refs/dofus-server-client-2.68/server/giny/Sources/Giny.Protocol/Messages/Game/Context/Roleplay/Paddock/PaddockToSellListMessage.cs:12	3	pageIndex:short;totalPage:short;paddockList:PaddockInformationsForSell[]
PaddockToSellListRequestMessage	9694	refs/dofus-server-client-2.68/server/giny/Sources/Giny.Protocol/Messages/Game/Context/Roleplay/Paddock/PaddockToSellListRequestMessage.cs:12	1	pageIndex:short
AbstractPartyEventMessage	9359	refs/dofus-server-client-2.68/server/giny/Sources/Giny.Protocol/Messages/Game/Context/Roleplay/Party/AbstractPartyEventMessage.cs:12	0	
AbstractPartyMemberInFightMessage	9489	refs/dofus-server-client-2.68/server/giny/Sources/Giny.Protocol/Messages/Game/Context/Roleplay/Party/AbstractPartyMemberInFightMessage.cs:12	6	reason:byte;memberId:long;memberAccountId:int;memberName:string;fightId:short;timeBeforeFightStart:short
AbstractPartyMessage	6775	refs/dofus-server-client-2.68/server/giny/Sources/Giny.Protocol/Messages/Game/Context/Roleplay/Party/AbstractPartyMessage.cs:12	1	partyId:int
PartyMemberInBreachFightMessage	101	refs/dofus-server-client-2.68/server/giny/Sources/Giny.Protocol/Messages/Game/Context/Roleplay/Party/Breach/PartyMemberInBreachFightMessage.cs:12	2	floor:int;room:byte
DungeonPartyFinderAvailableDungeonsMessage	1652	refs/dofus-server-client-2.68/server/giny/Sources/Giny.Protocol/Messages/Game/Context/Roleplay/Party/DungeonPartyFinderAvailableDungeonsMessage.cs:12	1	dungeonIds:short[]
DungeonPartyFinderAvailableDungeonsRequestMessage	4464	refs/dofus-server-client-2.68/server/giny/Sources/Giny.Protocol/Messages/Game/Context/Roleplay/Party/DungeonPartyFinderAvailableDungeonsRequestMessage.cs:12	0	
DungeonPartyFinderListenErrorMessage	8513	refs/dofus-server-client-2.68/server/giny/Sources/Giny.Protocol/Messages/Game/Context/Roleplay/Party/DungeonPartyFinderListenErrorMessage.cs:12	1	dungeonId:short
DungeonPartyFinderListenRequestMessage	9733	refs/dofus-server-client-2.68/server/giny/Sources/Giny.Protocol/Messages/Game/Context/Roleplay/Party/DungeonPartyFinderListenRequestMessage.cs:12	1	dungeonId:short
DungeonPartyFinderRegisterErrorMessage	8873	refs/dofus-server-client-2.68/server/giny/Sources/Giny.Protocol/Messages/Game/Context/Roleplay/Party/DungeonPartyFinderRegisterErrorMessage.cs:12	0	
DungeonPartyFinderRegisterRequestMessage	9338	refs/dofus-server-client-2.68/server/giny/Sources/Giny.Protocol/Messages/Game/Context/Roleplay/Party/DungeonPartyFinderRegisterRequestMessage.cs:12	1	dungeonIds:short[]
DungeonPartyFinderRegisterSuccessMessage	4458	refs/dofus-server-client-2.68/server/giny/Sources/Giny.Protocol/Messages/Game/Context/Roleplay/Party/DungeonPartyFinderRegisterSuccessMessage.cs:12	1	dungeonIds:short[]
DungeonPartyFinderRoomContentMessage	6025	refs/dofus-server-client-2.68/server/giny/Sources/Giny.Protocol/Messages/Game/Context/Roleplay/Party/DungeonPartyFinderRoomContentMessage.cs:12	2	dungeonId:short;players:DungeonPartyFinderPlayer[]
DungeonPartyFinderRoomContentUpdateMessage	4695	refs/dofus-server-client-2.68/server/giny/Sources/Giny.Protocol/Messages/Game/Context/Roleplay/Party/DungeonPartyFinderRoomContentUpdateMessage.cs:12	3	dungeonId:short;addedPlayers:DungeonPartyFinderPlayer[];removedPlayersIds:long[]
PartyEntityUpdateLightMessage	3775	refs/dofus-server-client-2.68/server/giny/Sources/Giny.Protocol/Messages/Game/Context/Roleplay/Party/Entity/PartyEntityUpdateLightMessage.cs:12	1	indexId:byte
PartyAbdicateThroneMessage	1919	refs/dofus-server-client-2.68/server/giny/Sources/Giny.Protocol/Messages/Game/Context/Roleplay/Party/PartyAbdicateThroneMessage.cs:12	1	playerId:long
PartyAcceptInvitationMessage	38	refs/dofus-server-client-2.68/server/giny/Sources/Giny.Protocol/Messages/Game/Context/Roleplay/Party/PartyAcceptInvitationMessage.cs:12	0	
PartyCancelInvitationMessage	5476	refs/dofus-server-client-2.68/server/giny/Sources/Giny.Protocol/Messages/Game/Context/Roleplay/Party/PartyCancelInvitationMessage.cs:12	1	guestId:long
PartyCancelInvitationNotificationMessage	5196	refs/dofus-server-client-2.68/server/giny/Sources/Giny.Protocol/Messages/Game/Context/Roleplay/Party/PartyCancelInvitationNotificationMessage.cs:12	2	cancelerId:long;guestId:long
PartyCannotJoinErrorMessage	3160	refs/dofus-server-client-2.68/server/giny/Sources/Giny.Protocol/Messages/Game/Context/Roleplay/Party/PartyCannotJoinErrorMessage.cs:12	1	reason:byte
PartyDeletedMessage	8798	refs/dofus-server-client-2.68/server/giny/Sources/Giny.Protocol/Messages/Game/Context/Roleplay/Party/PartyDeletedMessage.cs:12	0	
PartyFollowMemberRequestMessage	9807	refs/dofus-server-client-2.68/server/giny/Sources/Giny.Protocol/Messages/Game/Context/Roleplay/Party/PartyFollowMemberRequestMessage.cs:12	1	playerId:long
PartyFollowStatusUpdateMessage	4903	refs/dofus-server-client-2.68/server/giny/Sources/Giny.Protocol/Messages/Game/Context/Roleplay/Party/PartyFollowStatusUpdateMessage.cs:12	3	success:bool;isFollowed:bool;followedId:long
PartyFollowThisMemberRequestMessage	5237	refs/dofus-server-client-2.68/server/giny/Sources/Giny.Protocol/Messages/Game/Context/Roleplay/Party/PartyFollowThisMemberRequestMessage.cs:12	1	enabled:bool
PartyInvitationArenaRequestMessage	5724	refs/dofus-server-client-2.68/server/giny/Sources/Giny.Protocol/Messages/Game/Context/Roleplay/Party/PartyInvitationArenaRequestMessage.cs:12	0	
PartyInvitationCancelledForGuestMessage	6577	refs/dofus-server-client-2.68/server/giny/Sources/Giny.Protocol/Messages/Game/Context/Roleplay/Party/PartyInvitationCancelledForGuestMessage.cs:12	1	cancelerId:long
PartyInvitationDetailsMessage	7671	refs/dofus-server-client-2.68/server/giny/Sources/Giny.Protocol/Messages/Game/Context/Roleplay/Party/PartyInvitationDetailsMessage.cs:12	7	partyType:byte;partyName:string;fromId:long;fromName:string;leaderId:long;members:PartyInvitationMemberInformations[];guests:PartyGuestInformations[]
PartyInvitationDetailsRequestMessage	4130	refs/dofus-server-client-2.68/server/giny/Sources/Giny.Protocol/Messages/Game/Context/Roleplay/Party/PartyInvitationDetailsRequestMessage.cs:12	0	
PartyInvitationDungeonDetailsMessage	8279	refs/dofus-server-client-2.68/server/giny/Sources/Giny.Protocol/Messages/Game/Context/Roleplay/Party/PartyInvitationDungeonDetailsMessage.cs:12	2	dungeonId:short;playersDungeonReady:bool[]
PartyInvitationDungeonMessage	8319	refs/dofus-server-client-2.68/server/giny/Sources/Giny.Protocol/Messages/Game/Context/Roleplay/Party/PartyInvitationDungeonMessage.cs:12	1	dungeonId:short
PartyInvitationDungeonRequestMessage	4625	refs/dofus-server-client-2.68/server/giny/Sources/Giny.Protocol/Messages/Game/Context/Roleplay/Party/PartyInvitationDungeonRequestMessage.cs:12	1	dungeonId:short
PartyInvitationMessage	5425	refs/dofus-server-client-2.68/server/giny/Sources/Giny.Protocol/Messages/Game/Context/Roleplay/Party/PartyInvitationMessage.cs:12	6	partyType:byte;partyName:string;maxParticipants:byte;fromId:long;fromName:string;toId:long
PartyInvitationRequestMessage	7376	refs/dofus-server-client-2.68/server/giny/Sources/Giny.Protocol/Messages/Game/Context/Roleplay/Party/PartyInvitationRequestMessage.cs:12	1	target:AbstractPlayerSearchInformation
PartyJoinMessage	8785	refs/dofus-server-client-2.68/server/giny/Sources/Giny.Protocol/Messages/Game/Context/Roleplay/Party/PartyJoinMessage.cs:12	7	partyType:byte;partyLeaderId:long;maxParticipants:byte;members:PartyMemberInformations[];guests:PartyGuestInformations[];restricted:bool;partyName:string
PartyKickRequestMessage	6111	refs/dofus-server-client-2.68/server/giny/Sources/Giny.Protocol/Messages/Game/Context/Roleplay/Party/PartyKickRequestMessage.cs:12	1	playerId:long
PartyKickedByMessage	6033	refs/dofus-server-client-2.68/server/giny/Sources/Giny.Protocol/Messages/Game/Context/Roleplay/Party/PartyKickedByMessage.cs:12	1	kickerId:long
PartyLeaderUpdateMessage	860	refs/dofus-server-client-2.68/server/giny/Sources/Giny.Protocol/Messages/Game/Context/Roleplay/Party/PartyLeaderUpdateMessage.cs:12	1	partyLeaderId:long
PartyLeaveMessage	1026	refs/dofus-server-client-2.68/server/giny/Sources/Giny.Protocol/Messages/Game/Context/Roleplay/Party/PartyLeaveMessage.cs:12	0	
PartyLeaveRequestMessage	5980	refs/dofus-server-client-2.68/server/giny/Sources/Giny.Protocol/Messages/Game/Context/Roleplay/Party/PartyLeaveRequestMessage.cs:12	0	
PartyLocateMembersMessage	263	refs/dofus-server-client-2.68/server/giny/Sources/Giny.Protocol/Messages/Game/Context/Roleplay/Party/PartyLocateMembersMessage.cs:12	1	geopositions:PartyMemberGeoPosition[]
PartyLocateMembersRequestMessage	1037	refs/dofus-server-client-2.68/server/giny/Sources/Giny.Protocol/Messages/Game/Context/Roleplay/Party/PartyLocateMembersRequestMessage.cs:12	0	
PartyLoyaltyStatusMessage	1222	refs/dofus-server-client-2.68/server/giny/Sources/Giny.Protocol/Messages/Game/Context/Roleplay/Party/PartyLoyaltyStatusMessage.cs:12	1	loyal:bool
PartyMemberEjectedMessage	6052	refs/dofus-server-client-2.68/server/giny/Sources/Giny.Protocol/Messages/Game/Context/Roleplay/Party/PartyMemberEjectedMessage.cs:12	1	kickerId:long
PartyMemberInStandardFightMessage	3094	refs/dofus-server-client-2.68/server/giny/Sources/Giny.Protocol/Messages/Game/Context/Roleplay/Party/PartyMemberInStandardFightMessage.cs:12	1	fightMap:MapCoordinatesExtended
PartyMemberRemoveMessage	6692	refs/dofus-server-client-2.68/server/giny/Sources/Giny.Protocol/Messages/Game/Context/Roleplay/Party/PartyMemberRemoveMessage.cs:12	1	leavingPlayerId:long
PartyModifiableStatusMessage	9490	refs/dofus-server-client-2.68/server/giny/Sources/Giny.Protocol/Messages/Game/Context/Roleplay/Party/PartyModifiableStatusMessage.cs:12	1	enabled:bool
PartyNameSetErrorMessage	7694	refs/dofus-server-client-2.68/server/giny/Sources/Giny.Protocol/Messages/Game/Context/Roleplay/Party/PartyNameSetErrorMessage.cs:12	1	result:byte
PartyNameSetRequestMessage	9077	refs/dofus-server-client-2.68/server/giny/Sources/Giny.Protocol/Messages/Game/Context/Roleplay/Party/PartyNameSetRequestMessage.cs:12	1	partyName:string
PartyNameUpdateMessage	7353	refs/dofus-server-client-2.68/server/giny/Sources/Giny.Protocol/Messages/Game/Context/Roleplay/Party/PartyNameUpdateMessage.cs:12	1	partyName:string
PartyNewGuestMessage	6462	refs/dofus-server-client-2.68/server/giny/Sources/Giny.Protocol/Messages/Game/Context/Roleplay/Party/PartyNewGuestMessage.cs:12	1	guest:PartyGuestInformations
PartyNewMemberMessage	9480	refs/dofus-server-client-2.68/server/giny/Sources/Giny.Protocol/Messages/Game/Context/Roleplay/Party/PartyNewMemberMessage.cs:12	0	
PartyPledgeLoyaltyRequestMessage	550	refs/dofus-server-client-2.68/server/giny/Sources/Giny.Protocol/Messages/Game/Context/Roleplay/Party/PartyPledgeLoyaltyRequestMessage.cs:12	1	loyal:bool
PartyRefuseInvitationMessage	3324	refs/dofus-server-client-2.68/server/giny/Sources/Giny.Protocol/Messages/Game/Context/Roleplay/Party/PartyRefuseInvitationMessage.cs:12	0	
PartyRefuseInvitationNotificationMessage	9374	refs/dofus-server-client-2.68/server/giny/Sources/Giny.Protocol/Messages/Game/Context/Roleplay/Party/PartyRefuseInvitationNotificationMessage.cs:12	1	guestId:long
PartyRestrictedMessage	1488	refs/dofus-server-client-2.68/server/giny/Sources/Giny.Protocol/Messages/Game/Context/Roleplay/Party/PartyRestrictedMessage.cs:12	1	restricted:bool
PartyStopFollowRequestMessage	4673	refs/dofus-server-client-2.68/server/giny/Sources/Giny.Protocol/Messages/Game/Context/Roleplay/Party/PartyStopFollowRequestMessage.cs:12	1	playerId:long
PartyUpdateLightMessage	4567	refs/dofus-server-client-2.68/server/giny/Sources/Giny.Protocol/Messages/Game/Context/Roleplay/Party/PartyUpdateLightMessage.cs:12	5	id:long;lifePoints:int;maxLifePoints:int;prospecting:int;regenRate:byte
PartyUpdateMessage	4960	refs/dofus-server-client-2.68/server/giny/Sources/Giny.Protocol/Messages/Game/Context/Roleplay/Party/PartyUpdateMessage.cs:12	1	memberInformations:PartyMemberInformations
PurchasableDialogMessage	1096	refs/dofus-server-client-2.68/server/giny/Sources/Giny.Protocol/Messages/Game/Context/Roleplay/Purchasable/PurchasableDialogMessage.cs:12	5	buyOrSell:bool;purchasableId:double;purchasableInstanceId:int;secondHand:bool;price:long
FollowQuestObjectiveRequestMessage	1546	refs/dofus-server-client-2.68/server/giny/Sources/Giny.Protocol/Messages/Game/Context/Roleplay/Quest/FollowQuestObjectiveRequestMessage.cs:12	2	questId:short;objectiveId:short
FollowedQuestsMessage	758	refs/dofus-server-client-2.68/server/giny/Sources/Giny.Protocol/Messages/Game/Context/Roleplay/Quest/FollowedQuestsMessage.cs:12	1	quests:QuestActiveDetailedInformations[]
GuidedModeQuitRequestMessage	7391	refs/dofus-server-client-2.68/server/giny/Sources/Giny.Protocol/Messages/Game/Context/Roleplay/Quest/GuidedModeQuitRequestMessage.cs:12	0	
GuidedModeReturnRequestMessage	4746	refs/dofus-server-client-2.68/server/giny/Sources/Giny.Protocol/Messages/Game/Context/Roleplay/Quest/GuidedModeReturnRequestMessage.cs:12	0	
QuestListMessage	6218	refs/dofus-server-client-2.68/server/giny/Sources/Giny.Protocol/Messages/Game/Context/Roleplay/Quest/QuestListMessage.cs:12	4	finishedQuestsIds:short[];finishedQuestsCounts:short[];activeQuests:QuestActiveInformations[];reinitDoneQuestsIds:short[]
QuestListRequestMessage	804	refs/dofus-server-client-2.68/server/giny/Sources/Giny.Protocol/Messages/Game/Context/Roleplay/Quest/QuestListRequestMessage.cs:12	0	
QuestObjectiveValidatedMessage	8772	refs/dofus-server-client-2.68/server/giny/Sources/Giny.Protocol/Messages/Game/Context/Roleplay/Quest/QuestObjectiveValidatedMessage.cs:12	2	questId:short;objectiveId:short
QuestObjectiveValidationMessage	5927	refs/dofus-server-client-2.68/server/giny/Sources/Giny.Protocol/Messages/Game/Context/Roleplay/Quest/QuestObjectiveValidationMessage.cs:12	2	questId:short;objectiveId:short
QuestStartRequestMessage	8923	refs/dofus-server-client-2.68/server/giny/Sources/Giny.Protocol/Messages/Game/Context/Roleplay/Quest/QuestStartRequestMessage.cs:12	1	questId:short
QuestStartedMessage	1764	refs/dofus-server-client-2.68/server/giny/Sources/Giny.Protocol/Messages/Game/Context/Roleplay/Quest/QuestStartedMessage.cs:12	1	questId:short
QuestStepInfoMessage	1723	refs/dofus-server-client-2.68/server/giny/Sources/Giny.Protocol/Messages/Game/Context/Roleplay/Quest/QuestStepInfoMessage.cs:12	1	infos:QuestActiveInformations
QuestStepInfoRequestMessage	896	refs/dofus-server-client-2.68/server/giny/Sources/Giny.Protocol/Messages/Game/Context/Roleplay/Quest/QuestStepInfoRequestMessage.cs:12	1	questId:short
QuestStepStartedMessage	9861	refs/dofus-server-client-2.68/server/giny/Sources/Giny.Protocol/Messages/Game/Context/Roleplay/Quest/QuestStepStartedMessage.cs:12	2	questId:short;stepId:short
QuestStepValidatedMessage	9356	refs/dofus-server-client-2.68/server/giny/Sources/Giny.Protocol/Messages/Game/Context/Roleplay/Quest/QuestStepValidatedMessage.cs:12	2	questId:short;stepId:short
QuestValidatedMessage	1190	refs/dofus-server-client-2.68/server/giny/Sources/Giny.Protocol/Messages/Game/Context/Roleplay/Quest/QuestValidatedMessage.cs:12	1	questId:short
RefreshFollowedQuestsOrderRequestMessage	2132	refs/dofus-server-client-2.68/server/giny/Sources/Giny.Protocol/Messages/Game/Context/Roleplay/Quest/RefreshFollowedQuestsOrderRequestMessage.cs:12	1	quests:short[]
UnfollowQuestObjectiveRequestMessage	1306	refs/dofus-server-client-2.68/server/giny/Sources/Giny.Protocol/Messages/Game/Context/Roleplay/Quest/UnfollowQuestObjectiveRequestMessage.cs:12	2	questId:short;objectiveId:short
WatchQuestListMessage	1403	refs/dofus-server-client-2.68/server/giny/Sources/Giny.Protocol/Messages/Game/Context/Roleplay/Quest/WatchQuestListMessage.cs:12	1	playerId:long
WatchQuestStepInfoMessage	5627	refs/dofus-server-client-2.68/server/giny/Sources/Giny.Protocol/Messages/Game/Context/Roleplay/Quest/WatchQuestStepInfoMessage.cs:12	1	playerId:long
WatchQuestStepInfoRequestMessage	2567	refs/dofus-server-client-2.68/server/giny/Sources/Giny.Protocol/Messages/Game/Context/Roleplay/Quest/WatchQuestStepInfoRequestMessage.cs:12	1	playerId:long
SpellVariantActivationMessage	2329	refs/dofus-server-client-2.68/server/giny/Sources/Giny.Protocol/Messages/Game/Context/Roleplay/Spell/SpellVariantActivationMessage.cs:12	2	spellId:short;result:bool
SpellVariantActivationRequestMessage	9578	refs/dofus-server-client-2.68/server/giny/Sources/Giny.Protocol/Messages/Game/Context/Roleplay/Spell/SpellVariantActivationRequestMessage.cs:12	1	spellId:short
StatsUpgradeRequestMessage	6170	refs/dofus-server-client-2.68/server/giny/Sources/Giny.Protocol/Messages/Game/Context/Roleplay/Stats/StatsUpgradeRequestMessage.cs:12	3	useAdditionnal:bool;statId:byte;boostPoint:short
StatsUpgradeResultMessage	7979	refs/dofus-server-client-2.68/server/giny/Sources/Giny.Protocol/Messages/Game/Context/Roleplay/Stats/StatsUpgradeResultMessage.cs:12	2	result:byte;nbCharacBoost:short
StopToListenRunningFightRequestMessage	445	refs/dofus-server-client-2.68/server/giny/Sources/Giny.Protocol/Messages/Game/Context/Roleplay/StopToListenRunningFightRequestMessage.cs:12	0	
SubareaRewardRateMessage	5569	refs/dofus-server-client-2.68/server/giny/Sources/Giny.Protocol/Messages/Game/Context/Roleplay/SubareaRewardRateMessage.cs:12	1	subAreaRate:short
TeleportOnSameMapMessage	7355	refs/dofus-server-client-2.68/server/giny/Sources/Giny.Protocol/Messages/Game/Context/Roleplay/TeleportOnSameMapMessage.cs:12	2	targetId:double;cellId:short
PortalUseRequestMessage	1836	refs/dofus-server-client-2.68/server/giny/Sources/Giny.Protocol/Messages/Game/Context/Roleplay/TreasureHunt/PortalUseRequestMessage.cs:12	1	portalId:int
TreasureHuntAvailableRetryCountUpdateMessage	8373	refs/dofus-server-client-2.68/server/giny/Sources/Giny.Protocol/Messages/Game/Context/Roleplay/TreasureHunt/TreasureHuntAvailableRetryCountUpdateMessage.cs:12	2	questType:byte;availableRetryCount:int
TreasureHuntDigRequestAnswerFailedMessage	3228	refs/dofus-server-client-2.68/server/giny/Sources/Giny.Protocol/Messages/Game/Context/Roleplay/TreasureHunt/TreasureHuntDigRequestAnswerFailedMessage.cs:12	1	wrongFlagCount:byte
TreasureHuntDigRequestAnswerMessage	617	refs/dofus-server-client-2.68/server/giny/Sources/Giny.Protocol/Messages/Game/Context/Roleplay/TreasureHunt/TreasureHuntDigRequestAnswerMessage.cs:12	2	questType:byte;result:byte
TreasureHuntDigRequestMessage	1139	refs/dofus-server-client-2.68/server/giny/Sources/Giny.Protocol/Messages/Game/Context/Roleplay/TreasureHunt/TreasureHuntDigRequestMessage.cs:12	1	questType:byte
TreasureHuntFinishedMessage	6113	refs/dofus-server-client-2.68/server/giny/Sources/Giny.Protocol/Messages/Game/Context/Roleplay/TreasureHunt/TreasureHuntFinishedMessage.cs:12	1	questType:byte
TreasureHuntFlagRemoveRequestMessage	6564	refs/dofus-server-client-2.68/server/giny/Sources/Giny.Protocol/Messages/Game/Context/Roleplay/TreasureHunt/TreasureHuntFlagRemoveRequestMessage.cs:12	2	questType:byte;index:byte
TreasureHuntFlagRequestAnswerMessage	3593	refs/dofus-server-client-2.68/server/giny/Sources/Giny.Protocol/Messages/Game/Context/Roleplay/TreasureHunt/TreasureHuntFlagRequestAnswerMessage.cs:12	3	questType:byte;result:byte;index:byte
TreasureHuntFlagRequestMessage	7554	refs/dofus-server-client-2.68/server/giny/Sources/Giny.Protocol/Messages/Game/Context/Roleplay/TreasureHunt/TreasureHuntFlagRequestMessage.cs:12	2	questType:byte;index:byte
TreasureHuntGiveUpRequestMessage	1081	refs/dofus-server-client-2.68/server/giny/Sources/Giny.Protocol/Messages/Game/Context/Roleplay/TreasureHunt/TreasureHuntGiveUpRequestMessage.cs:12	1	questType:byte
TreasureHuntLegendaryRequestMessage	9834	refs/dofus-server-client-2.68/server/giny/Sources/Giny.Protocol/Messages/Game/Context/Roleplay/TreasureHunt/TreasureHuntLegendaryRequestMessage.cs:12	1	legendaryId:short
TreasureHuntMessage	2986	refs/dofus-server-client-2.68/server/giny/Sources/Giny.Protocol/Messages/Game/Context/Roleplay/TreasureHunt/TreasureHuntMessage.cs:12	8	questType:byte;startMapId:double;knownStepsList:TreasureHuntStep[];totalStepCount:byte;checkPointCurrent:int;checkPointTotal:int;availableRetryCount:int;flags:TreasureHuntFlag[]
TreasureHuntRequestAnswerMessage	6903	refs/dofus-server-client-2.68/server/giny/Sources/Giny.Protocol/Messages/Game/Context/Roleplay/TreasureHunt/TreasureHuntRequestAnswerMessage.cs:12	2	questType:byte;result:byte
TreasureHuntShowLegendaryUIMessage	8078	refs/dofus-server-client-2.68/server/giny/Sources/Giny.Protocol/Messages/Game/Context/Roleplay/TreasureHunt/TreasureHuntShowLegendaryUIMessage.cs:12	1	availableLegendaryIds:short[]
GameRolePlaySpellAnimMessage	8624	refs/dofus-server-client-2.68/server/giny/Sources/Giny.Protocol/Messages/Game/Context/Roleplay/Visual/GameRolePlaySpellAnimMessage.cs:12	5	casterId:long;targetCellId:short;spellId:short;spellLevel:short;direction:short
ShowCellMessage	9767	refs/dofus-server-client-2.68/server/giny/Sources/Giny.Protocol/Messages/Game/Context/ShowCellMessage.cs:12	2	sourceId:double;cellId:short
ShowCellRequestMessage	2880	refs/dofus-server-client-2.68/server/giny/Sources/Giny.Protocol/Messages/Game/Context/ShowCellRequestMessage.cs:12	1	cellId:short
ShowCellSpectatorMessage	7844	refs/dofus-server-client-2.68/server/giny/Sources/Giny.Protocol/Messages/Game/Context/ShowCellSpectatorMessage.cs:12	1	playerName:string
LeaveDialogMessage	3110	refs/dofus-server-client-2.68/server/giny/Sources/Giny.Protocol/Messages/Game/Dialog/LeaveDialogMessage.cs:12	1	dialogType:byte
LeaveDialogRequestMessage	9511	refs/dofus-server-client-2.68/server/giny/Sources/Giny.Protocol/Messages/Game/Dialog/LeaveDialogRequestMessage.cs:12	0	
PauseDialogMessage	1886	refs/dofus-server-client-2.68/server/giny/Sources/Giny.Protocol/Messages/Game/Dialog/PauseDialogMessage.cs:12	1	dialogType:byte
EntitiesInformationMessage	6656	refs/dofus-server-client-2.68/server/giny/Sources/Giny.Protocol/Messages/Game/Entity/EntitiesInformationMessage.cs:12	1	entities:EntityInformation[]
EntityInformationMessage	7132	refs/dofus-server-client-2.68/server/giny/Sources/Giny.Protocol/Messages/Game/Entity/EntityInformationMessage.cs:12	1	entity:EntityInformation
ObjectFeedMessage	5075	refs/dofus-server-client-2.68/server/giny/Sources/Giny.Protocol/Messages/Game/Feed/ObjectFeedMessage.cs:12	2	objectUID:int;meal:ObjectItemQuantity[]
FinishMoveListMessage	6002	refs/dofus-server-client-2.68/server/giny/Sources/Giny.Protocol/Messages/Game/Finishmoves/FinishMoveListMessage.cs:12	1	finishMoves:FinishMoveInformations[]
FinishMoveListRequestMessage	935	refs/dofus-server-client-2.68/server/giny/Sources/Giny.Protocol/Messages/Game/Finishmoves/FinishMoveListRequestMessage.cs:12	0	
FinishMoveSetRequestMessage	3539	refs/dofus-server-client-2.68/server/giny/Sources/Giny.Protocol/Messages/Game/Finishmoves/FinishMoveSetRequestMessage.cs:12	2	finishMoveId:int;finishMoveState:bool
AcquaintanceAddedMessage	7829	refs/dofus-server-client-2.68/server/giny/Sources/Giny.Protocol/Messages/Game/Friend/AcquaintanceAddedMessage.cs:12	1	acquaintanceAdded:AcquaintanceInformation
AcquaintancesGetListMessage	8067	refs/dofus-server-client-2.68/server/giny/Sources/Giny.Protocol/Messages/Game/Friend/AcquaintancesGetListMessage.cs:12	0	
AcquaintancesListMessage	6451	refs/dofus-server-client-2.68/server/giny/Sources/Giny.Protocol/Messages/Game/Friend/AcquaintancesListMessage.cs:12	1	acquaintanceList:AcquaintanceInformation[]
ContactAddFailureMessage	792	refs/dofus-server-client-2.68/server/giny/Sources/Giny.Protocol/Messages/Game/Friend/ContactAddFailureMessage.cs:12	1	reason:byte
FriendAddFailureMessage	8282	refs/dofus-server-client-2.68/server/giny/Sources/Giny.Protocol/Messages/Game/Friend/FriendAddFailureMessage.cs:12	1	reason:byte
FriendAddRequestMessage	6143	refs/dofus-server-client-2.68/server/giny/Sources/Giny.Protocol/Messages/Game/Friend/FriendAddRequestMessage.cs:12	1	target:AbstractPlayerSearchInformation
FriendAddedMessage	1551	refs/dofus-server-client-2.68/server/giny/Sources/Giny.Protocol/Messages/Game/Friend/FriendAddedMessage.cs:12	1	friendAdded:FriendInformations
FriendDeleteRequestMessage	7180	refs/dofus-server-client-2.68/server/giny/Sources/Giny.Protocol/Messages/Game/Friend/FriendDeleteRequestMessage.cs:12	1	accountId:int
FriendDeleteResultMessage	5708	refs/dofus-server-client-2.68/server/giny/Sources/Giny.Protocol/Messages/Game/Friend/FriendDeleteResultMessage.cs:12	2	success:bool;tag:AccountTagInformation
FriendJoinRequestMessage	7472	refs/dofus-server-client-2.68/server/giny/Sources/Giny.Protocol/Messages/Game/Friend/FriendJoinRequestMessage.cs:12	1	target:AbstractPlayerSearchInformation
FriendSetStatusShareMessage	4131	refs/dofus-server-client-2.68/server/giny/Sources/Giny.Protocol/Messages/Game/Friend/FriendSetStatusShareMessage.cs:12	1	share:bool
FriendSetWarnOnConnectionMessage	1511	refs/dofus-server-client-2.68/server/giny/Sources/Giny.Protocol/Messages/Game/Friend/FriendSetWarnOnConnectionMessage.cs:12	1	enable:bool
FriendSetWarnOnLevelGainMessage	7677	refs/dofus-server-client-2.68/server/giny/Sources/Giny.Protocol/Messages/Game/Friend/FriendSetWarnOnLevelGainMessage.cs:12	1	enable:bool
FriendSpouseFollowWithCompassRequestMessage	199	refs/dofus-server-client-2.68/server/giny/Sources/Giny.Protocol/Messages/Game/Friend/FriendSpouseFollowWithCompassRequestMessage.cs:12	1	enable:bool
FriendSpouseJoinRequestMessage	8233	refs/dofus-server-client-2.68/server/giny/Sources/Giny.Protocol/Messages/Game/Friend/FriendSpouseJoinRequestMessage.cs:12	0	
FriendStatusShareStateMessage	7408	refs/dofus-server-client-2.68/server/giny/Sources/Giny.Protocol/Messages/Game/Friend/FriendStatusShareStateMessage.cs:12	1	share:bool
FriendUpdateMessage	3423	refs/dofus-server-client-2.68/server/giny/Sources/Giny.Protocol/Messages/Game/Friend/FriendUpdateMessage.cs:12	1	friendUpdated:FriendInformations
FriendWarnOnConnectionStateMessage	4506	refs/dofus-server-client-2.68/server/giny/Sources/Giny.Protocol/Messages/Game/Friend/FriendWarnOnConnectionStateMessage.cs:12	1	enable:bool
FriendWarnOnLevelGainStateMessage	7621	refs/dofus-server-client-2.68/server/giny/Sources/Giny.Protocol/Messages/Game/Friend/FriendWarnOnLevelGainStateMessage.cs:12	1	enable:bool
FriendsGetListMessage	3554	refs/dofus-server-client-2.68/server/giny/Sources/Giny.Protocol/Messages/Game/Friend/FriendsGetListMessage.cs:12	0	
FriendsListMessage	1452	refs/dofus-server-client-2.68/server/giny/Sources/Giny.Protocol/Messages/Game/Friend/FriendsListMessage.cs:12	1	friendsList:FriendInformations[]
IgnoredAddFailureMessage	6611	refs/dofus-server-client-2.68/server/giny/Sources/Giny.Protocol/Messages/Game/Friend/IgnoredAddFailureMessage.cs:12	1	reason:byte
IgnoredAddRequestMessage	1284	refs/dofus-server-client-2.68/server/giny/Sources/Giny.Protocol/Messages/Game/Friend/IgnoredAddRequestMessage.cs:12	2	target:AbstractPlayerSearchInformation;session:bool
IgnoredAddedMessage	3429	refs/dofus-server-client-2.68/server/giny/Sources/Giny.Protocol/Messages/Game/Friend/IgnoredAddedMessage.cs:12	2	ignoreAdded:IgnoredInformations;session:bool
IgnoredDeleteRequestMessage	9406	refs/dofus-server-client-2.68/server/giny/Sources/Giny.Protocol/Messages/Game/Friend/IgnoredDeleteRequestMessage.cs:12	2	accountId:int;session:bool
IgnoredDeleteResultMessage	5106	refs/dofus-server-client-2.68/server/giny/Sources/Giny.Protocol/Messages/Game/Friend/IgnoredDeleteResultMessage.cs:12	3	success:bool;tag:AccountTagInformation;session:bool
IgnoredGetListMessage	9176	refs/dofus-server-client-2.68/server/giny/Sources/Giny.Protocol/Messages/Game/Friend/IgnoredGetListMessage.cs:12	0	
IgnoredListMessage	6361	refs/dofus-server-client-2.68/server/giny/Sources/Giny.Protocol/Messages/Game/Friend/IgnoredListMessage.cs:12	1	ignoredList:IgnoredInformations[]
SpouseGetInformationsMessage	7971	refs/dofus-server-client-2.68/server/giny/Sources/Giny.Protocol/Messages/Game/Friend/SpouseGetInformationsMessage.cs:12	0	
SpouseInformationsMessage	9828	refs/dofus-server-client-2.68/server/giny/Sources/Giny.Protocol/Messages/Game/Friend/SpouseInformationsMessage.cs:12	1	spouse:FriendSpouseInformations
SpouseStatusMessage	6714	refs/dofus-server-client-2.68/server/giny/Sources/Giny.Protocol/Messages/Game/Friend/SpouseStatusMessage.cs:12	1	hasSpouse:bool
WarnOnPermaDeathStateMessage	2751	refs/dofus-server-client-2.68/server/giny/Sources/Giny.Protocol/Messages/Game/Friend/WarnOnPermaDeathStateMessage.cs:12	1	enable:bool
GuestLimitationMessage	7497	refs/dofus-server-client-2.68/server/giny/Sources/Giny.Protocol/Messages/Game/Guest/GuestLimitationMessage.cs:12	1	reason:byte
GuestModeMessage	9281	refs/dofus-server-client-2.68/server/giny/Sources/Giny.Protocol/Messages/Game/Guest/GuestModeMessage.cs:12	1	active:bool
GuildApplicationAnswerMessage	5583	refs/dofus-server-client-2.68/server/giny/Sources/Giny.Protocol/Messages/Game/Guild/Application/GuildApplicationAnswerMessage.cs:12	2	accepted:bool;playerId:long
GuildApplicationDeletedMessage	6357	refs/dofus-server-client-2.68/server/giny/Sources/Giny.Protocol/Messages/Game/Guild/Application/GuildApplicationDeletedMessage.cs:12	1	deleted:bool
GuildApplicationIsAnsweredMessage	6248	refs/dofus-server-client-2.68/server/giny/Sources/Giny.Protocol/Messages/Game/Guild/Application/GuildApplicationIsAnsweredMessage.cs:12	2	accepted:bool;guildInformation:GuildInformations
GuildApplicationListenMessage	1821	refs/dofus-server-client-2.68/server/giny/Sources/Giny.Protocol/Messages/Game/Guild/Application/GuildApplicationListenMessage.cs:12	1	listen:bool
GuildApplicationPresenceMessage	3123	refs/dofus-server-client-2.68/server/giny/Sources/Giny.Protocol/Messages/Game/Guild/Application/GuildApplicationPresenceMessage.cs:12	1	isApplication:bool
GuildApplicationReceivedMessage	8112	refs/dofus-server-client-2.68/server/giny/Sources/Giny.Protocol/Messages/Game/Guild/Application/GuildApplicationReceivedMessage.cs:12	2	playerName:string;playerId:long
GuildDeleteApplicationRequestMessage	9302	refs/dofus-server-client-2.68/server/giny/Sources/Giny.Protocol/Messages/Game/Guild/Application/GuildDeleteApplicationRequestMessage.cs:12	0	
GuildGetPlayerApplicationMessage	6087	refs/dofus-server-client-2.68/server/giny/Sources/Giny.Protocol/Messages/Game/Guild/Application/GuildGetPlayerApplicationMessage.cs:12	0	
GuildIsThereAnyApplicationMessage	1379	refs/dofus-server-client-2.68/server/giny/Sources/Giny.Protocol/Messages/Game/Guild/Application/GuildIsThereAnyApplicationMessage.cs:12	0	
GuildListApplicationAnswerMessage	1049	refs/dofus-server-client-2.68/server/giny/Sources/Giny.Protocol/Messages/Game/Guild/Application/GuildListApplicationAnswerMessage.cs:12	1	applies:SocialApplicationInformation[]
GuildListApplicationModifiedMessage	2316	refs/dofus-server-client-2.68/server/giny/Sources/Giny.Protocol/Messages/Game/Guild/Application/GuildListApplicationModifiedMessage.cs:12	3	apply:SocialApplicationInformation;state:byte;playerId:long
GuildListApplicationRequestMessage	2510	refs/dofus-server-client-2.68/server/giny/Sources/Giny.Protocol/Messages/Game/Guild/Application/GuildListApplicationRequestMessage.cs:12	0	
GuildPlayerApplicationAbstractMessage	2453	refs/dofus-server-client-2.68/server/giny/Sources/Giny.Protocol/Messages/Game/Guild/Application/GuildPlayerApplicationAbstractMessage.cs:12	0	
GuildPlayerApplicationInformationMessage	5318	refs/dofus-server-client-2.68/server/giny/Sources/Giny.Protocol/Messages/Game/Guild/Application/GuildPlayerApplicationInformationMessage.cs:12	2	guildInformation:GuildInformations;apply:SocialApplicationInformation
GuildPlayerNoApplicationInformationMessage	933	refs/dofus-server-client-2.68/server/giny/Sources/Giny.Protocol/Messages/Game/Guild/Application/GuildPlayerNoApplicationInformationMessage.cs:12	0	
GuildSubmitApplicationMessage	8897	refs/dofus-server-client-2.68/server/giny/Sources/Giny.Protocol/Messages/Game/Guild/Application/GuildSubmitApplicationMessage.cs:12	13	applyText:string;guildId:int;timeSpent:int;filterLanguage:string;filterAmbiance:string;filterPlaytime:string;filterInterest:string;filterMinMaxGuildLevel:string;filterRecruitmentType:string;filterMinMaxCharacterLevel:string;filterMinMaxAchievement:string;filterSearchName:string;filterLastSort:string
GuildUpdateApplicationMessage	3891	refs/dofus-server-client-2.68/server/giny/Sources/Giny.Protocol/Messages/Game/Guild/Application/GuildUpdateApplicationMessage.cs:12	2	applyText:string;guildId:int
GuildUpdateNoteMessage	15	refs/dofus-server-client-2.68/server/giny/Sources/Giny.Protocol/Messages/Game/Guild/Application/GuildUpdateNoteMessage.cs:12	2	memberId:long;note:string
ChallengeFightJoinRefusedMessage	9017	refs/dofus-server-client-2.68/server/giny/Sources/Giny.Protocol/Messages/Game/Guild/ChallengeFightJoinRefusedMessage.cs:12	2	playerId:long;reason:byte
AddListenerOnSynchronizedStorageMessage	8748	refs/dofus-server-client-2.68/server/giny/Sources/Giny.Protocol/Messages/Game/Guild/Chest/AddListenerOnSynchronizedStorageMessage.cs:12	1	player:string
ListenersOfSynchronizedStorageMessage	4233	refs/dofus-server-client-2.68/server/giny/Sources/Giny.Protocol/Messages/Game/Guild/Chest/ListenersOfSynchronizedStorageMessage.cs:12	1	players:string[]
RemoveListenerOnSynchronizedStorageMessage	8548	refs/dofus-server-client-2.68/server/giny/Sources/Giny.Protocol/Messages/Game/Guild/Chest/RemoveListenerOnSynchronizedStorageMessage.cs:12	1	player:string
CreateGuildRankRequestMessage	4614	refs/dofus-server-client-2.68/server/giny/Sources/Giny.Protocol/Messages/Game/Guild/CreateGuildRankRequestMessage.cs:12	3	parentRankId:int;gfxId:int;name:string
GuildBulletinMessage	7460	refs/dofus-server-client-2.68/server/giny/Sources/Giny.Protocol/Messages/Game/Guild/GuildBulletinMessage.cs:12	0	
GuildBulletinSetErrorMessage	4667	refs/dofus-server-client-2.68/server/giny/Sources/Giny.Protocol/Messages/Game/Guild/GuildBulletinSetErrorMessage.cs:12	0	
GuildBulletinSetRequestMessage	9739	refs/dofus-server-client-2.68/server/giny/Sources/Giny.Protocol/Messages/Game/Guild/GuildBulletinSetRequestMessage.cs:12	1	content:string
GuildChangeMemberParametersMessage	1999	refs/dofus-server-client-2.68/server/giny/Sources/Giny.Protocol/Messages/Game/Guild/GuildChangeMemberParametersMessage.cs:12	3	memberId:long;rankId:int;experienceGivenPercent:byte
GuildCharacsUpgradeRequestMessage	3299	refs/dofus-server-client-2.68/server/giny/Sources/Giny.Protocol/Messages/Game/Guild/GuildCharacsUpgradeRequestMessage.cs:12	1	charaTypeTarget:byte
GuildChestTabContributionMessage	7525	refs/dofus-server-client-2.68/server/giny/Sources/Giny.Protocol/Messages/Game/Guild/GuildChestTabContributionMessage.cs:12	5	tabNumber:int;requiredAmount:long;currentAmount:long;chestContributionEnrollmentDelay:double;chestContributionDelay:double
GuildChestTabContributionsMessage	4026	refs/dofus-server-client-2.68/server/giny/Sources/Giny.Protocol/Messages/Game/Guild/GuildChestTabContributionsMessage.cs:12	1	contributions:Contribution[]
GuildChestTabLastContributionMessage	9676	refs/dofus-server-client-2.68/server/giny/Sources/Giny.Protocol/Messages/Game/Guild/GuildChestTabLastContributionMessage.cs:12	1	lastContributionDate:double
GuildCreationResultMessage	7399	refs/dofus-server-client-2.68/server/giny/Sources/Giny.Protocol/Messages/Game/Guild/GuildCreationResultMessage.cs:12	1	result:byte
GuildCreationStartedMessage	3789	refs/dofus-server-client-2.68/server/giny/Sources/Giny.Protocol/Messages/Game/Guild/GuildCreationStartedMessage.cs:12	0	
GuildCreationValidMessage	7219	refs/dofus-server-client-2.68/server/giny/Sources/Giny.Protocol/Messages/Game/Guild/GuildCreationValidMessage.cs:12	2	guildName:string;guildEmblem:SocialEmblem
GuildFactsErrorMessage	205	refs/dofus-server-client-2.68/server/giny/Sources/Giny.Protocol/Messages/Game/Guild/GuildFactsErrorMessage.cs:12	1	guildId:int
GuildFactsMessage	9389	refs/dofus-server-client-2.68/server/giny/Sources/Giny.Protocol/Messages/Game/Guild/GuildFactsMessage.cs:12	3	infos:GuildFactSheetInformations;creationDate:int;members:CharacterMinimalSocialPublicInformations[]
GuildFactsRequestMessage	531	refs/dofus-server-client-2.68/server/giny/Sources/Giny.Protocol/Messages/Game/Guild/GuildFactsRequestMessage.cs:12	1	guildId:int
GuildGetChestTabContributionsRequestMessage	9107	refs/dofus-server-client-2.68/server/giny/Sources/Giny.Protocol/Messages/Game/Guild/GuildGetChestTabContributionsRequestMessage.cs:12	0	
GuildGetInformationsMessage	5890	refs/dofus-server-client-2.68/server/giny/Sources/Giny.Protocol/Messages/Game/Guild/GuildGetInformationsMessage.cs:12	1	infoType:byte
GuildHouseRemoveMessage	6841	refs/dofus-server-client-2.68/server/giny/Sources/Giny.Protocol/Messages/Game/Guild/GuildHouseRemoveMessage.cs:12	3	houseId:int;instanceId:int;secondHand:bool
GuildHouseUpdateInformationMessage	3816	refs/dofus-server-client-2.68/server/giny/Sources/Giny.Protocol/Messages/Game/Guild/GuildHouseUpdateInformationMessage.cs:12	1	housesInformations:HouseInformationsForGuild
GuildHousesInformationMessage	1134	refs/dofus-server-client-2.68/server/giny/Sources/Giny.Protocol/Messages/Game/Guild/GuildHousesInformationMessage.cs:12	1	housesInformations:HouseInformationsForGuild[]
GuildInformationsGeneralMessage	4169	refs/dofus-server-client-2.68/server/giny/Sources/Giny.Protocol/Messages/Game/Guild/GuildInformationsGeneralMessage.cs:12	6	abandonnedPaddock:bool;level:byte;expLevelFloor:long;experience:long;expNextLevelFloor:long;creationDate:int
GuildInformationsMemberUpdateMessage	2937	refs/dofus-server-client-2.68/server/giny/Sources/Giny.Protocol/Messages/Game/Guild/GuildInformationsMemberUpdateMessage.cs:12	1	member:GuildMemberInfo
GuildInformationsMembersMessage	6600	refs/dofus-server-client-2.68/server/giny/Sources/Giny.Protocol/Messages/Game/Guild/GuildInformationsMembersMessage.cs:12	1	members:GuildMemberInfo[]
GuildInformationsPaddocksMessage	7863	refs/dofus-server-client-2.68/server/giny/Sources/Giny.Protocol/Messages/Game/Guild/GuildInformationsPaddocksMessage.cs:12	2	nbPaddockMax:byte;paddocksInformations:PaddockContentInformations[]
GuildInvitationAnswerMessage	3470	refs/dofus-server-client-2.68/server/giny/Sources/Giny.Protocol/Messages/Game/Guild/GuildInvitationAnswerMessage.cs:12	1	accept:bool
GuildInvitationMessage	8131	refs/dofus-server-client-2.68/server/giny/Sources/Giny.Protocol/Messages/Game/Guild/GuildInvitationMessage.cs:12	1	targetId:long
GuildInvitationStateRecrutedMessage	3782	refs/dofus-server-client-2.68/server/giny/Sources/Giny.Protocol/Messages/Game/Guild/GuildInvitationStateRecrutedMessage.cs:12	1	invitationState:byte
GuildInvitationStateRecruterMessage	3652	refs/dofus-server-client-2.68/server/giny/Sources/Giny.Protocol/Messages/Game/Guild/GuildInvitationStateRecruterMessage.cs:12	2	recrutedName:string;invitationState:byte
GuildInvitedMessage	296	refs/dofus-server-client-2.68/server/giny/Sources/Giny.Protocol/Messages/Game/Guild/GuildInvitedMessage.cs:12	2	recruterName:string;guildInfo:GuildInformations
GuildJoinAutomaticallyRequestMessage	1067	refs/dofus-server-client-2.68/server/giny/Sources/Giny.Protocol/Messages/Game/Guild/GuildJoinAutomaticallyRequestMessage.cs:12	1	guildId:int
GuildJoinedMessage	984	refs/dofus-server-client-2.68/server/giny/Sources/Giny.Protocol/Messages/Game/Guild/GuildJoinedMessage.cs:12	2	guildInfo:GuildInformations;rankId:int
GuildKickRequestMessage	4360	refs/dofus-server-client-2.68/server/giny/Sources/Giny.Protocol/Messages/Game/Guild/GuildKickRequestMessage.cs:12	1	kickedId:long
GuildLeftMessage	5908	refs/dofus-server-client-2.68/server/giny/Sources/Giny.Protocol/Messages/Game/Guild/GuildLeftMessage.cs:12	0	
GuildLevelUpMessage	1713	refs/dofus-server-client-2.68/server/giny/Sources/Giny.Protocol/Messages/Game/Guild/GuildLevelUpMessage.cs:12	1	newLevel:byte
GuildListMessage	5122	refs/dofus-server-client-2.68/server/giny/Sources/Giny.Protocol/Messages/Game/Guild/GuildListMessage.cs:12	1	guilds:GuildInformations[]
GuildMemberLeavingMessage	1501	refs/dofus-server-client-2.68/server/giny/Sources/Giny.Protocol/Messages/Game/Guild/GuildMemberLeavingMessage.cs:12	2	kicked:bool;memberId:long
GuildMemberOnlineStatusMessage	214	refs/dofus-server-client-2.68/server/giny/Sources/Giny.Protocol/Messages/Game/Guild/GuildMemberOnlineStatusMessage.cs:12	2	memberId:long;online:bool
GuildMemberStartWarnOnConnectionMessage	239	refs/dofus-server-client-2.68/server/giny/Sources/Giny.Protocol/Messages/Game/Guild/GuildMemberStartWarnOnConnectionMessage.cs:12	0	
GuildMemberStopWarnOnConnectionMessage	2325	refs/dofus-server-client-2.68/server/giny/Sources/Giny.Protocol/Messages/Game/Guild/GuildMemberStopWarnOnConnectionMessage.cs:12	0	
GuildMembershipMessage	189	refs/dofus-server-client-2.68/server/giny/Sources/Giny.Protocol/Messages/Game/Guild/GuildMembershipMessage.cs:12	0	
GuildModificationEmblemValidMessage	6290	refs/dofus-server-client-2.68/server/giny/Sources/Giny.Protocol/Messages/Game/Guild/GuildModificationEmblemValidMessage.cs:12	1	guildEmblem:SocialEmblem
GuildModificationNameValidMessage	4859	refs/dofus-server-client-2.68/server/giny/Sources/Giny.Protocol/Messages/Game/Guild/GuildModificationNameValidMessage.cs:12	1	guildName:string
GuildModificationResultMessage	295	refs/dofus-server-client-2.68/server/giny/Sources/Giny.Protocol/Messages/Game/Guild/GuildModificationResultMessage.cs:12	1	result:byte
GuildModificationStartedMessage	2410	refs/dofus-server-client-2.68/server/giny/Sources/Giny.Protocol/Messages/Game/Guild/GuildModificationStartedMessage.cs:12	2	canChangeName:bool;canChangeEmblem:bool
GuildModificationValidMessage	1705	refs/dofus-server-client-2.68/server/giny/Sources/Giny.Protocol/Messages/Game/Guild/GuildModificationValidMessage.cs:12	2	guildName:string;guildEmblem:SocialEmblem
GuildMotdMessage	5087	refs/dofus-server-client-2.68/server/giny/Sources/Giny.Protocol/Messages/Game/Guild/GuildMotdMessage.cs:12	0	
GuildMotdSetErrorMessage	3887	refs/dofus-server-client-2.68/server/giny/Sources/Giny.Protocol/Messages/Game/Guild/GuildMotdSetErrorMessage.cs:12	0	
GuildMotdSetRequestMessage	7776	refs/dofus-server-client-2.68/server/giny/Sources/Giny.Protocol/Messages/Game/Guild/GuildMotdSetRequestMessage.cs:12	1	content:string
GuildPaddockBoughtMessage	5692	refs/dofus-server-client-2.68/server/giny/Sources/Giny.Protocol/Messages/Game/Guild/GuildPaddockBoughtMessage.cs:12	1	paddockInfo:PaddockContentInformations
GuildPaddockRemovedMessage	48	refs/dofus-server-client-2.68/server/giny/Sources/Giny.Protocol/Messages/Game/Guild/GuildPaddockRemovedMessage.cs:12	1	paddockId:double
GuildPaddockTeleportRequestMessage	7426	refs/dofus-server-client-2.68/server/giny/Sources/Giny.Protocol/Messages/Game/Guild/GuildPaddockTeleportRequestMessage.cs:12	1	paddockId:double
GuildRanksMessage	8184	refs/dofus-server-client-2.68/server/giny/Sources/Giny.Protocol/Messages/Game/Guild/GuildRanksMessage.cs:12	1	ranks:RankInformation[]
GuildRanksRequestMessage	1149	refs/dofus-server-client-2.68/server/giny/Sources/Giny.Protocol/Messages/Game/Guild/GuildRanksRequestMessage.cs:12	0	
GuildSelectChestTabRequestMessage	6176	refs/dofus-server-client-2.68/server/giny/Sources/Giny.Protocol/Messages/Game/Guild/GuildSelectChestTabRequestMessage.cs:12	1	tabNumber:int
GuildSpellUpgradeRequestMessage	4409	refs/dofus-server-client-2.68/server/giny/Sources/Giny.Protocol/Messages/Game/Guild/GuildSpellUpgradeRequestMessage.cs:12	1	spellId:int
GuildSummaryMessage	7331	refs/dofus-server-client-2.68/server/giny/Sources/Giny.Protocol/Messages/Game/Guild/GuildSummaryMessage.cs:12	1	guilds:GuildFactSheetInformations[]
GuildSummaryRequestMessage	8581	refs/dofus-server-client-2.68/server/giny/Sources/Giny.Protocol/Messages/Game/Guild/GuildSummaryRequestMessage.cs:12	13	nameFilter:string;hideFullFilter:bool;criterionFilter:int[];languagesFilter:int[];recruitmentTypeFilter:byte[];minLevelFilter:short;maxLevelFilter:short;minPlayerLevelFilter:short;maxPlayerLevelFilter:short;minSuccessFilter:int;maxSuccessFilter:int;sortType:byte;sortDescending:bool
GuildUpdateChestTabRequestMessage	9795	refs/dofus-server-client-2.68/server/giny/Sources/Giny.Protocol/Messages/Game/Guild/GuildUpdateChestTabRequestMessage.cs:12	1	tab:UpdatedStorageTabInformation
GuildLogbookInformationMessage	9456	refs/dofus-server-client-2.68/server/giny/Sources/Giny.Protocol/Messages/Game/Guild/Logbook/GuildLogbookInformationMessage.cs:12	2	globalActivities:GuildLogbookEntryBasicInformation[];chestActivities:GuildLogbookEntryBasicInformation[]
GuildLogbookInformationRequestMessage	7560	refs/dofus-server-client-2.68/server/giny/Sources/Giny.Protocol/Messages/Game/Guild/Logbook/GuildLogbookInformationRequestMessage.cs:12	0	
GuildRecruitmentInvalidateMessage	1620	refs/dofus-server-client-2.68/server/giny/Sources/Giny.Protocol/Messages/Game/Guild/Recruitment/GuildRecruitmentInvalidateMessage.cs:12	0	
RecruitmentInformationMessage	5839	refs/dofus-server-client-2.68/server/giny/Sources/Giny.Protocol/Messages/Game/Guild/Recruitment/RecruitmentInformationMessage.cs:12	1	recruitmentData:GuildRecruitmentInformation
UpdateRecruitmentInformationMessage	7658	refs/dofus-server-client-2.68/server/giny/Sources/Giny.Protocol/Messages/Game/Guild/Recruitment/UpdateRecruitmentInformationMessage.cs:12	1	recruitmentData:GuildRecruitmentInformation
RemoveGuildRankRequestMessage	6527	refs/dofus-server-client-2.68/server/giny/Sources/Giny.Protocol/Messages/Game/Guild/RemoveGuildRankRequestMessage.cs:12	2	rankId:int;newRankId:int
StartGuildChestContributionMessage	3909	refs/dofus-server-client-2.68/server/giny/Sources/Giny.Protocol/Messages/Game/Guild/StartGuildChestContributionMessage.cs:12	0	
StartListenGuildChestStructureMessage	3185	refs/dofus-server-client-2.68/server/giny/Sources/Giny.Protocol/Messages/Game/Guild/StartListenGuildChestStructureMessage.cs:12	0	
StopGuildChestContributionMessage	9562	refs/dofus-server-client-2.68/server/giny/Sources/Giny.Protocol/Messages/Game/Guild/StopGuildChestContributionMessage.cs:12	0	
StopListenGuildChestStructureMessage	4831	refs/dofus-server-client-2.68/server/giny/Sources/Giny.Protocol/Messages/Game/Guild/StopListenGuildChestStructureMessage.cs:12	0	
TaxCollectorEquipmentUpdateMessage	5895	refs/dofus-server-client-2.68/server/giny/Sources/Giny.Protocol/Messages/Game/Guild/Tax/TaxCollectorEquipmentUpdateMessage.cs:12	3	uniqueId:double;added:bool;characteristics:CharacterCharacteristics
UpdateAllGuildRankRequestMessage	8535	refs/dofus-server-client-2.68/server/giny/Sources/Giny.Protocol/Messages/Game/Guild/UpdateAllGuildRankRequestMessage.cs:12	1	ranks:RankInformation[]
UpdateGuildRankRequestMessage	9794	refs/dofus-server-client-2.68/server/giny/Sources/Giny.Protocol/Messages/Game/Guild/UpdateGuildRankRequestMessage.cs:12	1	rank:RankInformation
UpdateGuildRightsMessage	2656	refs/dofus-server-client-2.68/server/giny/Sources/Giny.Protocol/Messages/Game/Guild/UpdateGuildRightsMessage.cs:12	2	rankId:int;rights:int[]
HouseTeleportRequestMessage	8613	refs/dofus-server-client-2.68/server/giny/Sources/Giny.Protocol/Messages/Game/House/HouseTeleportRequestMessage.cs:12	2	houseId:int;houseInstanceId:int
CharacterCapabilitiesMessage	1333	refs/dofus-server-client-2.68/server/giny/Sources/Giny.Protocol/Messages/Game/Initialization/CharacterCapabilitiesMessage.cs:12	1	guildEmblemSymbolCategories:int
CharacterLoadingCompleteMessage	5077	refs/dofus-server-client-2.68/server/giny/Sources/Giny.Protocol/Messages/Game/Initialization/CharacterLoadingCompleteMessage.cs:12	0	
OnConnectionEventMessage	6178	refs/dofus-server-client-2.68/server/giny/Sources/Giny.Protocol/Messages/Game/Initialization/OnConnectionEventMessage.cs:12	1	eventType:byte
ServerExperienceModificatorMessage	4584	refs/dofus-server-client-2.68/server/giny/Sources/Giny.Protocol/Messages/Game/Initialization/ServerExperienceModificatorMessage.cs:12	1	experiencePercent:short
SetCharacterRestrictionsMessage	8088	refs/dofus-server-client-2.68/server/giny/Sources/Giny.Protocol/Messages/Game/Initialization/SetCharacterRestrictionsMessage.cs:12	2	actorId:double;restrictions:ActorRestrictionsInformations
InteractiveElementUpdatedMessage	8718	refs/dofus-server-client-2.68/server/giny/Sources/Giny.Protocol/Messages/Game/Interactive/InteractiveElementUpdatedMessage.cs:12	1	interactiveElement:InteractiveElement
InteractiveMapUpdateMessage	2157	refs/dofus-server-client-2.68/server/giny/Sources/Giny.Protocol/Messages/Game/Interactive/InteractiveMapUpdateMessage.cs:12	1	interactiveElements:InteractiveElement[]
InteractiveUseEndedMessage	5459	refs/dofus-server-client-2.68/server/giny/Sources/Giny.Protocol/Messages/Game/Interactive/InteractiveUseEndedMessage.cs:12	2	elemId:int;skillId:short
InteractiveUseErrorMessage	5734	refs/dofus-server-client-2.68/server/giny/Sources/Giny.Protocol/Messages/Game/Interactive/InteractiveUseErrorMessage.cs:12	2	elemId:int;skillInstanceUid:int
InteractiveUseRequestMessage	6295	refs/dofus-server-client-2.68/server/giny/Sources/Giny.Protocol/Messages/Game/Interactive/InteractiveUseRequestMessage.cs:12	2	elemId:int;skillInstanceUid:int
InteractiveUsedMessage	8940	refs/dofus-server-client-2.68/server/giny/Sources/Giny.Protocol/Messages/Game/Interactive/InteractiveUsedMessage.cs:12	5	entityId:long;elemId:int;skillId:short;duration:short;canMove:bool
GroupTeleportPlayerAnswerMessage	5764	refs/dofus-server-client-2.68/server/giny/Sources/Giny.Protocol/Messages/Game/Interactive/Meeting/GroupTeleportPlayerAnswerMessage.cs:12	2	accept:bool;requesterId:long
GroupTeleportPlayerCloseMessage	8093	refs/dofus-server-client-2.68/server/giny/Sources/Giny.Protocol/Messages/Game/Interactive/Meeting/GroupTeleportPlayerCloseMessage.cs:12	2	mapId:double;requesterId:long
GroupTeleportPlayerOfferMessage	9570	refs/dofus-server-client-2.68/server/giny/Sources/Giny.Protocol/Messages/Game/Interactive/Meeting/GroupTeleportPlayerOfferMessage.cs:12	6	mapId:double;worldX:short;worldY:short;timeLeft:int;requesterId:long;requesterName:string
TeleportBuddiesAnswerMessage	9243	refs/dofus-server-client-2.68/server/giny/Sources/Giny.Protocol/Messages/Game/Interactive/Meeting/TeleportBuddiesAnswerMessage.cs:12	1	accept:bool
TeleportBuddiesMessage	5207	refs/dofus-server-client-2.68/server/giny/Sources/Giny.Protocol/Messages/Game/Interactive/Meeting/TeleportBuddiesMessage.cs:12	1	dungeonId:short
TeleportBuddiesRequestedMessage	9327	refs/dofus-server-client-2.68/server/giny/Sources/Giny.Protocol/Messages/Game/Interactive/Meeting/TeleportBuddiesRequestedMessage.cs:12	3	dungeonId:short;inviterId:long;invalidBuddiesIds:long[]
TeleportPlayerAnswerMessage	8212	refs/dofus-server-client-2.68/server/giny/Sources/Giny.Protocol/Messages/Game/Interactive/Meeting/TeleportPlayerAnswerMessage.cs:12	2	accept:bool;requesterId:long
TeleportPlayerCloseMessage	6790	refs/dofus-server-client-2.68/server/giny/Sources/Giny.Protocol/Messages/Game/Interactive/Meeting/TeleportPlayerCloseMessage.cs:12	2	mapId:double;requesterId:long
TeleportPlayerOfferMessage	1064	refs/dofus-server-client-2.68/server/giny/Sources/Giny.Protocol/Messages/Game/Interactive/Meeting/TeleportPlayerOfferMessage.cs:12	4	mapId:double;message:string;timeLeft:int;requesterId:long
TeleportToBuddyAnswerMessage	5795	refs/dofus-server-client-2.68/server/giny/Sources/Giny.Protocol/Messages/Game/Interactive/Meeting/TeleportToBuddyAnswerMessage.cs:12	3	dungeonId:short;buddyId:long;accept:bool
TeleportToBuddyCloseMessage	5873	refs/dofus-server-client-2.68/server/giny/Sources/Giny.Protocol/Messages/Game/Interactive/Meeting/TeleportToBuddyCloseMessage.cs:12	2	dungeonId:short;buddyId:long
TeleportToBuddyOfferMessage	8992	refs/dofus-server-client-2.68/server/giny/Sources/Giny.Protocol/Messages/Game/Interactive/Meeting/TeleportToBuddyOfferMessage.cs:12	3	dungeonId:short;buddyId:long;timeLeft:int
InteractiveUseWithParamRequestMessage	7125	refs/dofus-server-client-2.68/server/giny/Sources/Giny.Protocol/Messages/Game/Interactive/Skill/InteractiveUseWithParamRequestMessage.cs:12	1	id:int
StatedElementUpdatedMessage	5787	refs/dofus-server-client-2.68/server/giny/Sources/Giny.Protocol/Messages/Game/Interactive/StatedElementUpdatedMessage.cs:12	1	statedElement:StatedElement
StatedMapUpdateMessage	8533	refs/dofus-server-client-2.68/server/giny/Sources/Giny.Protocol/Messages/Game/Interactive/StatedMapUpdateMessage.cs:12	1	statedElements:StatedElement[]
KnownZaapListMessage	7664	refs/dofus-server-client-2.68/server/giny/Sources/Giny.Protocol/Messages/Game/Interactive/Zaap/KnownZaapListMessage.cs:12	1	destinations:double[]
TeleportDestinationsMessage	1074	refs/dofus-server-client-2.68/server/giny/Sources/Giny.Protocol/Messages/Game/Interactive/Zaap/TeleportDestinationsMessage.cs:12	2	type:byte;destinations:TeleportDestination[]
TeleportRequestMessage	7168	refs/dofus-server-client-2.68/server/giny/Sources/Giny.Protocol/Messages/Game/Interactive/Zaap/TeleportRequestMessage.cs:12	3	sourceType:byte;destinationType:byte;mapId:double
ZaapDestinationsMessage	6758	refs/dofus-server-client-2.68/server/giny/Sources/Giny.Protocol/Messages/Game/Interactive/Zaap/ZaapDestinationsMessage.cs:12	1	spawnMapId:double
ZaapRespawnSaveRequestMessage	153	refs/dofus-server-client-2.68/server/giny/Sources/Giny.Protocol/Messages/Game/Interactive/Zaap/ZaapRespawnSaveRequestMessage.cs:12	0	
ZaapRespawnUpdatedMessage	9309	refs/dofus-server-client-2.68/server/giny/Sources/Giny.Protocol/Messages/Game/Interactive/Zaap/ZaapRespawnUpdatedMessage.cs:12	1	mapId:double
DecraftResultMessage	951	refs/dofus-server-client-2.68/server/giny/Sources/Giny.Protocol/Messages/Game/Inventory/Exchanges/DecraftResultMessage.cs:12	1	results:DecraftedItemStackInfo[]
EvolutiveObjectRecycleResultMessage	9860	refs/dofus-server-client-2.68/server/giny/Sources/Giny.Protocol/Messages/Game/Inventory/Exchanges/EvolutiveObjectRecycleResultMessage.cs:12	1	recycledItems:RecycledItem[]
ExchangeAcceptMessage	5828	refs/dofus-server-client-2.68/server/giny/Sources/Giny.Protocol/Messages/Game/Inventory/Exchanges/ExchangeAcceptMessage.cs:12	0	
ExchangeBidHouseBuyMessage	7228	refs/dofus-server-client-2.68/server/giny/Sources/Giny.Protocol/Messages/Game/Inventory/Exchanges/ExchangeBidHouseBuyMessage.cs:12	3	uid:int;qty:int;price:long
ExchangeBidHouseBuyResultMessage	7405	refs/dofus-server-client-2.68/server/giny/Sources/Giny.Protocol/Messages/Game/Inventory/Exchanges/ExchangeBidHouseBuyResultMessage.cs:12	2	uid:int;bought:bool
ExchangeBidHouseGenericItemAddedMessage	4014	refs/dofus-server-client-2.68/server/giny/Sources/Giny.Protocol/Messages/Game/Inventory/Exchanges/ExchangeBidHouseGenericItemAddedMessage.cs:12	1	objGenericId:int
ExchangeBidHouseGenericItemRemovedMessage	1069	refs/dofus-server-client-2.68/server/giny/Sources/Giny.Protocol/Messages/Game/Inventory/Exchanges/ExchangeBidHouseGenericItemRemovedMessage.cs:12	1	objGenericId:int
ExchangeBidHouseInListAddedMessage	1990	refs/dofus-server-client-2.68/server/giny/Sources/Giny.Protocol/Messages/Game/Inventory/Exchanges/ExchangeBidHouseInListAddedMessage.cs:12	5	itemUID:int;objectGID:int;objectType:int;effects:ObjectEffect[];prices:long[]
ExchangeBidHouseInListRemovedMessage	3590	refs/dofus-server-client-2.68/server/giny/Sources/Giny.Protocol/Messages/Game/Inventory/Exchanges/ExchangeBidHouseInListRemovedMessage.cs:12	3	itemUID:int;objectGID:int;objectType:int
ExchangeBidHouseInListUpdatedMessage	6092	refs/dofus-server-client-2.68/server/giny/Sources/Giny.Protocol/Messages/Game/Inventory/Exchanges/ExchangeBidHouseInListUpdatedMessage.cs:12	0	
ExchangeBidHouseItemAddOkMessage	6413	refs/dofus-server-client-2.68/server/giny/Sources/Giny.Protocol/Messages/Game/Inventory/Exchanges/ExchangeBidHouseItemAddOkMessage.cs:12	1	itemInfo:ObjectItemToSellInBid
ExchangeBidHouseItemRemoveOkMessage	7081	refs/dofus-server-client-2.68/server/giny/Sources/Giny.Protocol/Messages/Game/Inventory/Exchanges/ExchangeBidHouseItemRemoveOkMessage.cs:12	1	sellerId:int
ExchangeBidHouseListMessage	8418	refs/dofus-server-client-2.68/server/giny/Sources/Giny.Protocol/Messages/Game/Inventory/Exchanges/ExchangeBidHouseListMessage.cs:12	2	objectGID:int;follow:bool
ExchangeBidHousePriceMessage	8009	refs/dofus-server-client-2.68/server/giny/Sources/Giny.Protocol/Messages/Game/Inventory/Exchanges/ExchangeBidHousePriceMessage.cs:12	1	objectGID:int
ExchangeBidHouseSearchMessage	1214	refs/dofus-server-client-2.68/server/giny/Sources/Giny.Protocol/Messages/Game/Inventory/Exchanges/ExchangeBidHouseSearchMessage.cs:12	2	objectGID:int;follow:bool
ExchangeBidHouseTypeMessage	7879	refs/dofus-server-client-2.68/server/giny/Sources/Giny.Protocol/Messages/Game/Inventory/Exchanges/ExchangeBidHouseTypeMessage.cs:12	2	type:int;follow:bool
ExchangeBidHouseUnsoldItemsMessage	6665	refs/dofus-server-client-2.68/server/giny/Sources/Giny.Protocol/Messages/Game/Inventory/Exchanges/ExchangeBidHouseUnsoldItemsMessage.cs:12	1	items:ObjectItemGenericQuantity[]
ExchangeBidPriceForSellerMessage	7196	refs/dofus-server-client-2.68/server/giny/Sources/Giny.Protocol/Messages/Game/Inventory/Exchanges/ExchangeBidPriceForSellerMessage.cs:12	2	allIdentical:bool;minimalPrices:long[]
ExchangeBidPriceMessage	9764	refs/dofus-server-client-2.68/server/giny/Sources/Giny.Protocol/Messages/Game/Inventory/Exchanges/ExchangeBidPriceMessage.cs:12	2	genericId:int;averagePrice:long
ExchangeBidSearchOkMessage	5585	refs/dofus-server-client-2.68/server/giny/Sources/Giny.Protocol/Messages/Game/Inventory/Exchanges/ExchangeBidSearchOkMessage.cs:12	0	
ExchangeBuyMessage	4160	refs/dofus-server-client-2.68/server/giny/Sources/Giny.Protocol/Messages/Game/Inventory/Exchanges/ExchangeBuyMessage.cs:12	2	objectToBuyId:int;quantity:int
ExchangeBuyOkMessage	1649	refs/dofus-server-client-2.68/server/giny/Sources/Giny.Protocol/Messages/Game/Inventory/Exchanges/ExchangeBuyOkMessage.cs:12	0	
ExchangeCraftCountModifiedMessage	6783	refs/dofus-server-client-2.68/server/giny/Sources/Giny.Protocol/Messages/Game/Inventory/Exchanges/ExchangeCraftCountModifiedMessage.cs:12	1	count:int
ExchangeCraftCountRequestMessage	4941	refs/dofus-server-client-2.68/server/giny/Sources/Giny.Protocol/Messages/Game/Inventory/Exchanges/ExchangeCraftCountRequestMessage.cs:12	1	count:int
ExchangeCraftPaymentModificationRequestMessage	4312	refs/dofus-server-client-2.68/server/giny/Sources/Giny.Protocol/Messages/Game/Inventory/Exchanges/ExchangeCraftPaymentModificationRequestMessage.cs:12	1	quantity:long
ExchangeCraftPaymentModifiedMessage	2288	refs/dofus-server-client-2.68/server/giny/Sources/Giny.Protocol/Messages/Game/Inventory/Exchanges/ExchangeCraftPaymentModifiedMessage.cs:12	1	goldSum:long
ExchangeCraftResultMagicWithObjectDescMessage	1948	refs/dofus-server-client-2.68/server/giny/Sources/Giny.Protocol/Messages/Game/Inventory/Exchanges/ExchangeCraftResultMagicWithObjectDescMessage.cs:12	1	magicPoolStatus:byte
ExchangeCraftResultMessage	67	refs/dofus-server-client-2.68/server/giny/Sources/Giny.Protocol/Messages/Game/Inventory/Exchanges/ExchangeCraftResultMessage.cs:12	1	craftResult:byte
ExchangeCraftResultWithObjectDescMessage	3999	refs/dofus-server-client-2.68/server/giny/Sources/Giny.Protocol/Messages/Game/Inventory/Exchanges/ExchangeCraftResultWithObjectDescMessage.cs:12	1	objectInfo:ObjectItemNotInContainer
ExchangeCraftResultWithObjectIdMessage	280	refs/dofus-server-client-2.68/server/giny/Sources/Giny.Protocol/Messages/Game/Inventory/Exchanges/ExchangeCraftResultWithObjectIdMessage.cs:12	1	objectGenericId:int
ExchangeCrafterJobLevelupMessage	4924	refs/dofus-server-client-2.68/server/giny/Sources/Giny.Protocol/Messages/Game/Inventory/Exchanges/ExchangeCrafterJobLevelupMessage.cs:12	1	crafterJobLevel:byte
ExchangeErrorMessage	8310	refs/dofus-server-client-2.68/server/giny/Sources/Giny.Protocol/Messages/Game/Inventory/Exchanges/ExchangeErrorMessage.cs:12	1	errorType:byte
ExchangeHandleMountsMessage	3813	refs/dofus-server-client-2.68/server/giny/Sources/Giny.Protocol/Messages/Game/Inventory/Exchanges/ExchangeHandleMountsMessage.cs:12	2	actionType:byte;ridesId:int[]
ExchangeIsReadyMessage	5230	refs/dofus-server-client-2.68/server/giny/Sources/Giny.Protocol/Messages/Game/Inventory/Exchanges/ExchangeIsReadyMessage.cs:12	2	id:double;ready:bool
ExchangeItemAutoCraftStopedMessage	3953	refs/dofus-server-client-2.68/server/giny/Sources/Giny.Protocol/Messages/Game/Inventory/Exchanges/ExchangeItemAutoCraftStopedMessage.cs:12	1	reason:byte
ExchangeLeaveMessage	9150	refs/dofus-server-client-2.68/server/giny/Sources/Giny.Protocol/Messages/Game/Inventory/Exchanges/ExchangeLeaveMessage.cs:12	1	success:bool
ExchangeMoneyMovementInformationMessage	2513	refs/dofus-server-client-2.68/server/giny/Sources/Giny.Protocol/Messages/Game/Inventory/Exchanges/ExchangeMoneyMovementInformationMessage.cs:12	1	limit:long
ExchangeMountFreeFromPaddockMessage	5574	refs/dofus-server-client-2.68/server/giny/Sources/Giny.Protocol/Messages/Game/Inventory/Exchanges/ExchangeMountFreeFromPaddockMessage.cs:12	4	name:string;worldX:short;worldY:short;liberator:string
ExchangeMountStableErrorMessage	4915	refs/dofus-server-client-2.68/server/giny/Sources/Giny.Protocol/Messages/Game/Inventory/Exchanges/ExchangeMountStableErrorMessage.cs:12	0	
ExchangeMountSterilizeFromPaddockMessage	5529	refs/dofus-server-client-2.68/server/giny/Sources/Giny.Protocol/Messages/Game/Inventory/Exchanges/ExchangeMountSterilizeFromPaddockMessage.cs:12	4	name:string;worldX:short;worldY:short;sterilizator:string
ExchangeMountsPaddockAddMessage	2097	refs/dofus-server-client-2.68/server/giny/Sources/Giny.Protocol/Messages/Game/Inventory/Exchanges/ExchangeMountsPaddockAddMessage.cs:12	1	mountDescription:MountClientData[]
ExchangeMountsPaddockRemoveMessage	8227	refs/dofus-server-client-2.68/server/giny/Sources/Giny.Protocol/Messages/Game/Inventory/Exchanges/ExchangeMountsPaddockRemoveMessage.cs:12	1	mountsId:int[]
ExchangeMountsStableAddMessage	5703	refs/dofus-server-client-2.68/server/giny/Sources/Giny.Protocol/Messages/Game/Inventory/Exchanges/ExchangeMountsStableAddMessage.cs:12	1	mountDescription:MountClientData[]
ExchangeMountsStableBornAddMessage	2979	refs/dofus-server-client-2.68/server/giny/Sources/Giny.Protocol/Messages/Game/Inventory/Exchanges/ExchangeMountsStableBornAddMessage.cs:12	0	
ExchangeMountsStableRemoveMessage	1534	refs/dofus-server-client-2.68/server/giny/Sources/Giny.Protocol/Messages/Game/Inventory/Exchanges/ExchangeMountsStableRemoveMessage.cs:12	1	mountsId:int[]
ExchangeMountsTakenFromPaddockMessage	4122	refs/dofus-server-client-2.68/server/giny/Sources/Giny.Protocol/Messages/Game/Inventory/Exchanges/ExchangeMountsTakenFromPaddockMessage.cs:12	4	name:string;worldX:short;worldY:short;ownername:string
ExchangeObjectAddedMessage	3343	refs/dofus-server-client-2.68/server/giny/Sources/Giny.Protocol/Messages/Game/Inventory/Exchanges/ExchangeObjectAddedMessage.cs:12	0	
ExchangeObjectMessage	8438	refs/dofus-server-client-2.68/server/giny/Sources/Giny.Protocol/Messages/Game/Inventory/Exchanges/ExchangeObjectMessage.cs:12	1	remote:bool
ExchangeObjectModifyPricedMessage	5202	refs/dofus-server-client-2.68/server/giny/Sources/Giny.Protocol/Messages/Game/Inventory/Exchanges/ExchangeObjectModifyPricedMessage.cs:12	0	
ExchangeObjectMoveKamaMessage	9588	refs/dofus-server-client-2.68/server/giny/Sources/Giny.Protocol/Messages/Game/Inventory/Exchanges/ExchangeObjectMoveKamaMessage.cs:12	1	quantity:long
ExchangeObjectMoveMessage	1343	refs/dofus-server-client-2.68/server/giny/Sources/Giny.Protocol/Messages/Game/Inventory/Exchanges/ExchangeObjectMoveMessage.cs:12	2	objectUID:int;quantity:int
ExchangeObjectMovePricedMessage	1233	refs/dofus-server-client-2.68/server/giny/Sources/Giny.Protocol/Messages/Game/Inventory/Exchanges/ExchangeObjectMovePricedMessage.cs:12	1	price:long
ExchangeObjectMoveToTabMessage	5263	refs/dofus-server-client-2.68/server/giny/Sources/Giny.Protocol/Messages/Game/Inventory/Exchanges/ExchangeObjectMoveToTabMessage.cs:12	3	objectUID:int;quantity:int;tabNumber:int
ExchangeObjectTransfertAllFromInvMessage	5560	refs/dofus-server-client-2.68/server/giny/Sources/Giny.Protocol/Messages/Game/Inventory/Exchanges/ExchangeObjectTransfertAllFromInvMessage.cs:12	0	
ExchangeObjectTransfertAllToInvMessage	4489	refs/dofus-server-client-2.68/server/giny/Sources/Giny.Protocol/Messages/Game/Inventory/Exchanges/ExchangeObjectTransfertAllToInvMessage.cs:12	0	
ExchangeObjectTransfertExistingFromInvMessage	4358	refs/dofus-server-client-2.68/server/giny/Sources/Giny.Protocol/Messages/Game/Inventory/Exchanges/ExchangeObjectTransfertExistingFromInvMessage.cs:12	0	
ExchangeObjectTransfertExistingToInvMessage	2383	refs/dofus-server-client-2.68/server/giny/Sources/Giny.Protocol/Messages/Game/Inventory/Exchanges/ExchangeObjectTransfertExistingToInvMessage.cs:12	0	
ExchangeObjectTransfertListFromInvMessage	8586	refs/dofus-server-client-2.68/server/giny/Sources/Giny.Protocol/Messages/Game/Inventory/Exchanges/ExchangeObjectTransfertListFromInvMessage.cs:12	1	ids:int[]
ExchangeObjectTransfertListToInvMessage	4345	refs/dofus-server-client-2.68/server/giny/Sources/Giny.Protocol/Messages/Game/Inventory/Exchanges/ExchangeObjectTransfertListToInvMessage.cs:12	1	ids:int[]
ExchangeObjectTransfertListWithQuantityToInvMessage	7368	refs/dofus-server-client-2.68/server/giny/Sources/Giny.Protocol/Messages/Game/Inventory/Exchanges/ExchangeObjectTransfertListWithQuantityToInvMessage.cs:12	2	ids:int[];qtys:int[]
ExchangeObjectUseInWorkshopMessage	1523	refs/dofus-server-client-2.68/server/giny/Sources/Giny.Protocol/Messages/Game/Inventory/Exchanges/ExchangeObjectUseInWorkshopMessage.cs:12	2	objectUID:int;quantity:int
ExchangeObjectsAddedMessage	7120	refs/dofus-server-client-2.68/server/giny/Sources/Giny.Protocol/Messages/Game/Inventory/Exchanges/ExchangeObjectsAddedMessage.cs:12	0	
ExchangeOfflineSoldItemsMessage	4016	refs/dofus-server-client-2.68/server/giny/Sources/Giny.Protocol/Messages/Game/Inventory/Exchanges/ExchangeOfflineSoldItemsMessage.cs:12	1	bidHouseItems:ObjectItemQuantityPriceDateEffects[]
ExchangeOkMultiCraftMessage	6648	refs/dofus-server-client-2.68/server/giny/Sources/Giny.Protocol/Messages/Game/Inventory/Exchanges/ExchangeOkMultiCraftMessage.cs:12	3	initiatorId:long;otherId:long;role:byte
ExchangePlayerMultiCraftRequestMessage	7760	refs/dofus-server-client-2.68/server/giny/Sources/Giny.Protocol/Messages/Game/Inventory/Exchanges/ExchangePlayerMultiCraftRequestMessage.cs:12	2	target:long;skillId:int
ExchangePlayerRequestMessage	1592	refs/dofus-server-client-2.68/server/giny/Sources/Giny.Protocol/Messages/Game/Inventory/Exchanges/ExchangePlayerRequestMessage.cs:12	1	target:long
ExchangeReadyMessage	4758	refs/dofus-server-client-2.68/server/giny/Sources/Giny.Protocol/Messages/Game/Inventory/Exchanges/ExchangeReadyMessage.cs:12	2	ready:bool;step:short
ExchangeReplayStopMessage	8738	refs/dofus-server-client-2.68/server/giny/Sources/Giny.Protocol/Messages/Game/Inventory/Exchanges/ExchangeReplayStopMessage.cs:12	0	
ExchangeRequestMessage	2858	refs/dofus-server-client-2.68/server/giny/Sources/Giny.Protocol/Messages/Game/Inventory/Exchanges/ExchangeRequestMessage.cs:12	1	exchangeType:byte
ExchangeRequestOnMountStockMessage	9758	refs/dofus-server-client-2.68/server/giny/Sources/Giny.Protocol/Messages/Game/Inventory/Exchanges/ExchangeRequestOnMountStockMessage.cs:12	0	
ExchangeRequestOnTaxCollectorMessage	4495	refs/dofus-server-client-2.68/server/giny/Sources/Giny.Protocol/Messages/Game/Inventory/Exchanges/ExchangeRequestOnTaxCollectorMessage.cs:12	0	
ExchangeRequestedMessage	6601	refs/dofus-server-client-2.68/server/giny/Sources/Giny.Protocol/Messages/Game/Inventory/Exchanges/ExchangeRequestedMessage.cs:12	1	exchangeType:byte
ExchangeRequestedTradeMessage	88	refs/dofus-server-client-2.68/server/giny/Sources/Giny.Protocol/Messages/Game/Inventory/Exchanges/ExchangeRequestedTradeMessage.cs:12	2	source:long;target:long
ExchangeSellMessage	9007	refs/dofus-server-client-2.68/server/giny/Sources/Giny.Protocol/Messages/Game/Inventory/Exchanges/ExchangeSellMessage.cs:12	2	objectToSellId:int;quantity:int
ExchangeSellOkMessage	8812	refs/dofus-server-client-2.68/server/giny/Sources/Giny.Protocol/Messages/Game/Inventory/Exchanges/ExchangeSellOkMessage.cs:12	0	
ExchangeSetCraftRecipeMessage	6900	refs/dofus-server-client-2.68/server/giny/Sources/Giny.Protocol/Messages/Game/Inventory/Exchanges/ExchangeSetCraftRecipeMessage.cs:12	1	objectGID:int
ExchangeStartOkCraftMessage	1786	refs/dofus-server-client-2.68/server/giny/Sources/Giny.Protocol/Messages/Game/Inventory/Exchanges/ExchangeStartOkCraftMessage.cs:12	0	
ExchangeStartOkCraftWithInformationMessage	9316	refs/dofus-server-client-2.68/server/giny/Sources/Giny.Protocol/Messages/Game/Inventory/Exchanges/ExchangeStartOkCraftWithInformationMessage.cs:12	1	skillId:int
ExchangeStartOkEvolutiveObjectRecycleTradeMessage	5801	refs/dofus-server-client-2.68/server/giny/Sources/Giny.Protocol/Messages/Game/Inventory/Exchanges/ExchangeStartOkEvolutiveObjectRecycleTradeMessage.cs:12	0	
ExchangeStartOkJobIndexMessage	2386	refs/dofus-server-client-2.68/server/giny/Sources/Giny.Protocol/Messages/Game/Inventory/Exchanges/ExchangeStartOkJobIndexMessage.cs:12	1	jobs:int[]
ExchangeStartOkMountMessage	8655	refs/dofus-server-client-2.68/server/giny/Sources/Giny.Protocol/Messages/Game/Inventory/Exchanges/ExchangeStartOkMountMessage.cs:12	1	paddockedMountsDescription:MountClientData[]
ExchangeStartOkMountWithOutPaddockMessage	501	refs/dofus-server-client-2.68/server/giny/Sources/Giny.Protocol/Messages/Game/Inventory/Exchanges/ExchangeStartOkMountWithOutPaddockMessage.cs:12	1	stabledMountsDescription:MountClientData[]
ExchangeStartOkMulticraftCrafterMessage	5320	refs/dofus-server-client-2.68/server/giny/Sources/Giny.Protocol/Messages/Game/Inventory/Exchanges/ExchangeStartOkMulticraftCrafterMessage.cs:12	1	skillId:int
ExchangeStartOkMulticraftCustomerMessage	128	refs/dofus-server-client-2.68/server/giny/Sources/Giny.Protocol/Messages/Game/Inventory/Exchanges/ExchangeStartOkMulticraftCustomerMessage.cs:12	2	skillId:int;crafterJobLevel:byte
ExchangeStartOkNpcShopMessage	8657	refs/dofus-server-client-2.68/server/giny/Sources/Giny.Protocol/Messages/Game/Inventory/Exchanges/ExchangeStartOkNpcShopMessage.cs:12	3	npcSellerId:double;tokenId:int;objectsInfos:ObjectItemToSellInNpcShop[]
ExchangeStartOkNpcTradeMessage	1537	refs/dofus-server-client-2.68/server/giny/Sources/Giny.Protocol/Messages/Game/Inventory/Exchanges/ExchangeStartOkNpcTradeMessage.cs:12	1	npcId:double
ExchangeStartOkRecycleTradeMessage	8048	refs/dofus-server-client-2.68/server/giny/Sources/Giny.Protocol/Messages/Game/Inventory/Exchanges/ExchangeStartOkRecycleTradeMessage.cs:12	4	percentToPrism:short;percentToPlayer:short;adjacentSubareaPossessed:int[];adjacentSubareaUnpossessed:int[]
ExchangeStartOkRunesTradeMessage	9289	refs/dofus-server-client-2.68/server/giny/Sources/Giny.Protocol/Messages/Game/Inventory/Exchanges/ExchangeStartOkRunesTradeMessage.cs:12	0	
ExchangeStartedBidBuyerMessage	2202	refs/dofus-server-client-2.68/server/giny/Sources/Giny.Protocol/Messages/Game/Inventory/Exchanges/ExchangeStartedBidBuyerMessage.cs:12	1	buyerDescriptor:SellerBuyerDescriptor
ExchangeStartedBidSellerMessage	6402	refs/dofus-server-client-2.68/server/giny/Sources/Giny.Protocol/Messages/Game/Inventory/Exchanges/ExchangeStartedBidSellerMessage.cs:12	2	sellerDescriptor:SellerBuyerDescriptor;objectsInfos:ObjectItemToSellInBid[]
ExchangeStartedMessage	3414	refs/dofus-server-client-2.68/server/giny/Sources/Giny.Protocol/Messages/Game/Inventory/Exchanges/ExchangeStartedMessage.cs:12	1	exchangeType:byte
ExchangeStartedMountStockMessage	3292	refs/dofus-server-client-2.68/server/giny/Sources/Giny.Protocol/Messages/Game/Inventory/Exchanges/ExchangeStartedMountStockMessage.cs:12	1	objectsInfos:ObjectItem[]
ExchangeStartedTaxCollectorEquipmentMessage	4235	refs/dofus-server-client-2.68/server/giny/Sources/Giny.Protocol/Messages/Game/Inventory/Exchanges/ExchangeStartedTaxCollectorEquipmentMessage.cs:12	1	information:TaxCollectorInformations
ExchangeStartedTaxCollectorShopMessage	9349	refs/dofus-server-client-2.68/server/giny/Sources/Giny.Protocol/Messages/Game/Inventory/Exchanges/ExchangeStartedTaxCollectorShopMessage.cs:12	2	objects:ObjectItem[];kamas:long
ExchangeStartedWithMultiTabStorageMessage	5725	refs/dofus-server-client-2.68/server/giny/Sources/Giny.Protocol/Messages/Game/Inventory/Exchanges/ExchangeStartedWithMultiTabStorageMessage.cs:12	2	storageMaxSlot:int;tabNumber:int
ExchangeStartedWithPodsMessage	7482	refs/dofus-server-client-2.68/server/giny/Sources/Giny.Protocol/Messages/Game/Inventory/Exchanges/ExchangeStartedWithPodsMessage.cs:12	6	firstCharacterId:double;firstCharacterCurrentWeight:int;firstCharacterMaxWeight:int;secondCharacterId:double;secondCharacterCurrentWeight:int;secondCharacterMaxWeight:int
ExchangeStartedWithStorageMessage	8705	refs/dofus-server-client-2.68/server/giny/Sources/Giny.Protocol/Messages/Game/Inventory/Exchanges/ExchangeStartedWithStorageMessage.cs:12	1	storageMaxSlot:int
ExchangeStoppedMessage	6256	refs/dofus-server-client-2.68/server/giny/Sources/Giny.Protocol/Messages/Game/Inventory/Exchanges/ExchangeStoppedMessage.cs:12	1	id:long
ExchangeTaxCollectorGetMessage	5477	refs/dofus-server-client-2.68/server/giny/Sources/Giny.Protocol/Messages/Game/Inventory/Exchanges/ExchangeTaxCollectorGetMessage.cs:12	11	collectorName:string;worldX:short;worldY:short;mapId:double;subAreaId:short;userName:string;callerId:long;callerName:string;pods:short;objectsInfos:ObjectItemGenericQuantity[];look:EntityLook
ExchangeTypesExchangerDescriptionForUserMessage	706	refs/dofus-server-client-2.68/server/giny/Sources/Giny.Protocol/Messages/Game/Inventory/Exchanges/ExchangeTypesExchangerDescriptionForUserMessage.cs:12	2	objectType:int;typeDescription:int[]
ExchangeTypesItemsExchangerDescriptionForUserMessage	177	refs/dofus-server-client-2.68/server/giny/Sources/Giny.Protocol/Messages/Game/Inventory/Exchanges/ExchangeTypesItemsExchangerDescriptionForUserMessage.cs:12	3	objectGID:int;objectType:int;itemTypeDescriptions:BidExchangerObjectInfo[]
ExchangeWaitingResultMessage	2296	refs/dofus-server-client-2.68/server/giny/Sources/Giny.Protocol/Messages/Game/Inventory/Exchanges/ExchangeWaitingResultMessage.cs:12	1	bwait:bool
ExchangeWeightMessage	944	refs/dofus-server-client-2.68/server/giny/Sources/Giny.Protocol/Messages/Game/Inventory/Exchanges/ExchangeWeightMessage.cs:12	2	currentWeight:int;maxWeight:int
FocusedExchangeReadyMessage	9025	refs/dofus-server-client-2.68/server/giny/Sources/Giny.Protocol/Messages/Game/Inventory/Exchanges/FocusedExchangeReadyMessage.cs:12	1	focusActionId:int
ItemNoMoreAvailableMessage	2274	refs/dofus-server-client-2.68/server/giny/Sources/Giny.Protocol/Messages/Game/Inventory/Exchanges/ItemNoMoreAvailableMessage.cs:12	0	
JobBookSubscribeRequestMessage	5373	refs/dofus-server-client-2.68/server/giny/Sources/Giny.Protocol/Messages/Game/Inventory/Exchanges/JobBookSubscribeRequestMessage.cs:12	1	jobIds:byte[]
RecycleResultMessage	913	refs/dofus-server-client-2.68/server/giny/Sources/Giny.Protocol/Messages/Game/Inventory/Exchanges/RecycleResultMessage.cs:12	2	nuggetsForPrism:int;nuggetsForPlayer:int
StartExchangeTaxCollectorEquipmentMessage	3719	refs/dofus-server-client-2.68/server/giny/Sources/Giny.Protocol/Messages/Game/Inventory/Exchanges/StartExchangeTaxCollectorEquipmentMessage.cs:12	1	uid:double
UpdateMountCharacteristicsMessage	255	refs/dofus-server-client-2.68/server/giny/Sources/Giny.Protocol/Messages/Game/Inventory/Exchanges/UpdateMountCharacteristicsMessage.cs:12	2	rideId:int;boostToUpdateList:UpdateMountCharacteristic[]
ExchangeKamaModifiedMessage	1116	refs/dofus-server-client-2.68/server/giny/Sources/Giny.Protocol/Messages/Game/Inventory/Items/ExchangeKamaModifiedMessage.cs:12	1	quantity:long
ExchangeMultiCraftCrafterCanUseHisRessourcesMessage	3260	refs/dofus-server-client-2.68/server/giny/Sources/Giny.Protocol/Messages/Game/Inventory/Items/ExchangeMultiCraftCrafterCanUseHisRessourcesMessage.cs:12	1	allowed:bool
ExchangeMultiCraftSetCrafterCanUseHisRessourcesMessage	7719	refs/dofus-server-client-2.68/server/giny/Sources/Giny.Protocol/Messages/Game/Inventory/Items/ExchangeMultiCraftSetCrafterCanUseHisRessourcesMessage.cs:12	1	allow:bool
ExchangeObjectModifiedInBagMessage	2026	refs/dofus-server-client-2.68/server/giny/Sources/Giny.Protocol/Messages/Game/Inventory/Items/ExchangeObjectModifiedInBagMessage.cs:12	0	
ExchangeObjectModifiedMessage	8162	refs/dofus-server-client-2.68/server/giny/Sources/Giny.Protocol/Messages/Game/Inventory/Items/ExchangeObjectModifiedMessage.cs:12	0	
ExchangeObjectPutInBagMessage	2491	refs/dofus-server-client-2.68/server/giny/Sources/Giny.Protocol/Messages/Game/Inventory/Items/ExchangeObjectPutInBagMessage.cs:12	0	
ExchangeObjectRemovedFromBagMessage	5167	refs/dofus-server-client-2.68/server/giny/Sources/Giny.Protocol/Messages/Game/Inventory/Items/ExchangeObjectRemovedFromBagMessage.cs:12	1	objectUID:int
ExchangeObjectRemovedMessage	5115	refs/dofus-server-client-2.68/server/giny/Sources/Giny.Protocol/Messages/Game/Inventory/Items/ExchangeObjectRemovedMessage.cs:12	1	objectUID:int
ExchangeObjectsModifiedMessage	4538	refs/dofus-server-client-2.68/server/giny/Sources/Giny.Protocol/Messages/Game/Inventory/Items/ExchangeObjectsModifiedMessage.cs:12	0	
ExchangeObjectsRemovedMessage	4956	refs/dofus-server-client-2.68/server/giny/Sources/Giny.Protocol/Messages/Game/Inventory/Items/ExchangeObjectsRemovedMessage.cs:12	1	objectUID:int[]
ExchangePodsModifiedMessage	9468	refs/dofus-server-client-2.68/server/giny/Sources/Giny.Protocol/Messages/Game/Inventory/Items/ExchangePodsModifiedMessage.cs:12	2	currentWeight:int;maxWeight:int
GoldAddedMessage	7533	refs/dofus-server-client-2.68/server/giny/Sources/Giny.Protocol/Messages/Game/Inventory/Items/GoldAddedMessage.cs:12	1	gold:GoldItem
InventoryContentMessage	2012	refs/dofus-server-client-2.68/server/giny/Sources/Giny.Protocol/Messages/Game/Inventory/Items/InventoryContentMessage.cs:12	2	objects:ObjectItem[];kamas:long
InventoryWeightMessage	1907	refs/dofus-server-client-2.68/server/giny/Sources/Giny.Protocol/Messages/Game/Inventory/Items/InventoryWeightMessage.cs:12	2	inventoryWeight:int;weightMax:int
LivingObjectChangeSkinRequestMessage	3485	refs/dofus-server-client-2.68/server/giny/Sources/Giny.Protocol/Messages/Game/Inventory/Items/LivingObjectChangeSkinRequestMessage.cs:12	3	livingUID:int;livingPosition:byte;skinId:int
LivingObjectDissociateMessage	7311	refs/dofus-server-client-2.68/server/giny/Sources/Giny.Protocol/Messages/Game/Inventory/Items/LivingObjectDissociateMessage.cs:12	2	livingUID:int;livingPosition:byte
LivingObjectMessageMessage	6766	refs/dofus-server-client-2.68/server/giny/Sources/Giny.Protocol/Messages/Game/Inventory/Items/LivingObjectMessageMessage.cs:12	4	msgId:short;timeStamp:int;owner:string;objectGenericId:int
LivingObjectMessageRequestMessage	3879	refs/dofus-server-client-2.68/server/giny/Sources/Giny.Protocol/Messages/Game/Inventory/Items/LivingObjectMessageRequestMessage.cs:12	3	msgId:short;parameters:string[];livingObject:int
MimicryObjectAssociatedMessage	3202	refs/dofus-server-client-2.68/server/giny/Sources/Giny.Protocol/Messages/Game/Inventory/Items/MimicryObjectAssociatedMessage.cs:12	0	
MimicryObjectEraseRequestMessage	2104	refs/dofus-server-client-2.68/server/giny/Sources/Giny.Protocol/Messages/Game/Inventory/Items/MimicryObjectEraseRequestMessage.cs:12	2	hostUID:int;hostPos:byte
MimicryObjectErrorMessage	5728	refs/dofus-server-client-2.68/server/giny/Sources/Giny.Protocol/Messages/Game/Inventory/Items/MimicryObjectErrorMessage.cs:12	1	preview:bool
MimicryObjectFeedAndAssociateRequestMessage	6060	refs/dofus-server-client-2.68/server/giny/Sources/Giny.Protocol/Messages/Game/Inventory/Items/MimicryObjectFeedAndAssociateRequestMessage.cs:12	3	foodUID:int;foodPos:byte;preview:bool
MimicryObjectPreviewMessage	6951	refs/dofus-server-client-2.68/server/giny/Sources/Giny.Protocol/Messages/Game/Inventory/Items/MimicryObjectPreviewMessage.cs:12	1	result:ObjectItem
ObjectAddedMessage	9325	refs/dofus-server-client-2.68/server/giny/Sources/Giny.Protocol/Messages/Game/Inventory/Items/ObjectAddedMessage.cs:12	1	origin:byte
ObjectDeleteMessage	2859	refs/dofus-server-client-2.68/server/giny/Sources/Giny.Protocol/Messages/Game/Inventory/Items/ObjectDeleteMessage.cs:12	2	objectUID:int;quantity:int
ObjectDeletedMessage	8182	refs/dofus-server-client-2.68/server/giny/Sources/Giny.Protocol/Messages/Game/Inventory/Items/ObjectDeletedMessage.cs:12	1	objectUID:int
ObjectDropMessage	430	refs/dofus-server-client-2.68/server/giny/Sources/Giny.Protocol/Messages/Game/Inventory/Items/ObjectDropMessage.cs:12	2	objectUID:int;quantity:int
ObjectErrorMessage	7056	refs/dofus-server-client-2.68/server/giny/Sources/Giny.Protocol/Messages/Game/Inventory/Items/ObjectErrorMessage.cs:12	1	reason:byte
ObjectJobAddedMessage	6036	refs/dofus-server-client-2.68/server/giny/Sources/Giny.Protocol/Messages/Game/Inventory/Items/ObjectJobAddedMessage.cs:12	1	jobId:byte
ObjectModifiedMessage	2227	refs/dofus-server-client-2.68/server/giny/Sources/Giny.Protocol/Messages/Game/Inventory/Items/ObjectModifiedMessage.cs:12	0	
ObjectMovementMessage	6536	refs/dofus-server-client-2.68/server/giny/Sources/Giny.Protocol/Messages/Game/Inventory/Items/ObjectMovementMessage.cs:12	2	objectUID:int;position:short
ObjectQuantityMessage	2962	refs/dofus-server-client-2.68/server/giny/Sources/Giny.Protocol/Messages/Game/Inventory/Items/ObjectQuantityMessage.cs:12	3	objectUID:int;quantity:int;origin:byte
ObjectSetPositionMessage	5462	refs/dofus-server-client-2.68/server/giny/Sources/Giny.Protocol/Messages/Game/Inventory/Items/ObjectSetPositionMessage.cs:12	3	objectUID:int;position:short;quantity:int
ObjectUseMessage	167	refs/dofus-server-client-2.68/server/giny/Sources/Giny.Protocol/Messages/Game/Inventory/Items/ObjectUseMessage.cs:12	1	objectUID:int
ObjectUseMultipleMessage	8520	refs/dofus-server-client-2.68/server/giny/Sources/Giny.Protocol/Messages/Game/Inventory/Items/ObjectUseMultipleMessage.cs:12	1	quantity:int
ObjectUseOnCellMessage	4749	refs/dofus-server-client-2.68/server/giny/Sources/Giny.Protocol/Messages/Game/Inventory/Items/ObjectUseOnCellMessage.cs:12	1	cells:short
ObjectUseOnCharacterMessage	5850	refs/dofus-server-client-2.68/server/giny/Sources/Giny.Protocol/Messages/Game/Inventory/Items/ObjectUseOnCharacterMessage.cs:12	1	characterId:long
ObjectsAddedMessage	365	refs/dofus-server-client-2.68/server/giny/Sources/Giny.Protocol/Messages/Game/Inventory/Items/ObjectsAddedMessage.cs:12	0	
ObjectsDeletedMessage	6633	refs/dofus-server-client-2.68/server/giny/Sources/Giny.Protocol/Messages/Game/Inventory/Items/ObjectsDeletedMessage.cs:12	1	objectUID:int[]
ObjectsQuantityMessage	6590	refs/dofus-server-client-2.68/server/giny/Sources/Giny.Protocol/Messages/Game/Inventory/Items/ObjectsQuantityMessage.cs:12	1	objectsUIDAndQty:ObjectItemQuantity[]
ObtainedItemMessage	5780	refs/dofus-server-client-2.68/server/giny/Sources/Giny.Protocol/Messages/Game/Inventory/Items/ObtainedItemMessage.cs:12	2	genericId:int;baseQuantity:int
ObtainedItemWithBonusMessage	3479	refs/dofus-server-client-2.68/server/giny/Sources/Giny.Protocol/Messages/Game/Inventory/Items/ObtainedItemWithBonusMessage.cs:12	1	bonusQuantity:int
SetUpdateMessage	3055	refs/dofus-server-client-2.68/server/giny/Sources/Giny.Protocol/Messages/Game/Inventory/Items/SetUpdateMessage.cs:12	3	setId:short;setObjects:int[];setEffects:ObjectEffect[]
SymbioticObjectAssociateRequestMessage	2115	refs/dofus-server-client-2.68/server/giny/Sources/Giny.Protocol/Messages/Game/Inventory/Items/SymbioticObjectAssociateRequestMessage.cs:12	4	symbioteUID:int;symbiotePos:byte;hostUID:int;hostPos:byte
SymbioticObjectAssociatedMessage	8896	refs/dofus-server-client-2.68/server/giny/Sources/Giny.Protocol/Messages/Game/Inventory/Items/SymbioticObjectAssociatedMessage.cs:12	1	hostUID:int
SymbioticObjectErrorMessage	7722	refs/dofus-server-client-2.68/server/giny/Sources/Giny.Protocol/Messages/Game/Inventory/Items/SymbioticObjectErrorMessage.cs:12	1	errorCode:byte
WatchInventoryContentMessage	4015	refs/dofus-server-client-2.68/server/giny/Sources/Giny.Protocol/Messages/Game/Inventory/Items/WatchInventoryContentMessage.cs:12	0	
WrapperObjectAssociatedMessage	7212	refs/dofus-server-client-2.68/server/giny/Sources/Giny.Protocol/Messages/Game/Inventory/Items/WrapperObjectAssociatedMessage.cs:12	0	
WrapperObjectDissociateRequestMessage	1058	refs/dofus-server-client-2.68/server/giny/Sources/Giny.Protocol/Messages/Game/Inventory/Items/WrapperObjectDissociateRequestMessage.cs:12	2	hostUID:int;hostPos:byte
WrapperObjectErrorMessage	148	refs/dofus-server-client-2.68/server/giny/Sources/Giny.Protocol/Messages/Game/Inventory/Items/WrapperObjectErrorMessage.cs:12	0	
KamasUpdateMessage	5667	refs/dofus-server-client-2.68/server/giny/Sources/Giny.Protocol/Messages/Game/Inventory/KamasUpdateMessage.cs:12	1	kamasTotal:long
MultiTabStorageMessage	3442	refs/dofus-server-client-2.68/server/giny/Sources/Giny.Protocol/Messages/Game/Inventory/MultiTabStorageMessage.cs:12	1	tabs:StorageTabInformation[]
ObjectAveragePricesErrorMessage	3885	refs/dofus-server-client-2.68/server/giny/Sources/Giny.Protocol/Messages/Game/Inventory/ObjectAveragePricesErrorMessage.cs:12	0	
ObjectAveragePricesGetMessage	8285	refs/dofus-server-client-2.68/server/giny/Sources/Giny.Protocol/Messages/Game/Inventory/ObjectAveragePricesGetMessage.cs:12	0	
ObjectAveragePricesMessage	9290	refs/dofus-server-client-2.68/server/giny/Sources/Giny.Protocol/Messages/Game/Inventory/ObjectAveragePricesMessage.cs:12	2	ids:int[];avgPrices:long[]
SpellListMessage	8002	refs/dofus-server-client-2.68/server/giny/Sources/Giny.Protocol/Messages/Game/Inventory/Spells/SpellListMessage.cs:12	2	spellPrevisualization:bool;spells:SpellItem[]
StorageInventoryContentMessage	899	refs/dofus-server-client-2.68/server/giny/Sources/Giny.Protocol/Messages/Game/Inventory/Storage/StorageInventoryContentMessage.cs:12	0	
StorageKamasUpdateMessage	212	refs/dofus-server-client-2.68/server/giny/Sources/Giny.Protocol/Messages/Game/Inventory/Storage/StorageKamasUpdateMessage.cs:12	1	kamasTotal:long
StorageObjectRemoveMessage	8692	refs/dofus-server-client-2.68/server/giny/Sources/Giny.Protocol/Messages/Game/Inventory/Storage/StorageObjectRemoveMessage.cs:12	1	objectUID:int
StorageObjectUpdateMessage	44	refs/dofus-server-client-2.68/server/giny/Sources/Giny.Protocol/Messages/Game/Inventory/Storage/StorageObjectUpdateMessage.cs:12	0	
StorageObjectsRemoveMessage	1932	refs/dofus-server-client-2.68/server/giny/Sources/Giny.Protocol/Messages/Game/Inventory/Storage/StorageObjectsRemoveMessage.cs:12	1	objectUIDList:int[]
StorageObjectsUpdateMessage	4497	refs/dofus-server-client-2.68/server/giny/Sources/Giny.Protocol/Messages/Game/Inventory/Storage/StorageObjectsUpdateMessage.cs:12	1	objectList:ObjectItem[]
AccessoryPreviewErrorMessage	5836	refs/dofus-server-client-2.68/server/giny/Sources/Giny.Protocol/Messages/Game/Look/AccessoryPreviewErrorMessage.cs:12	1	error:byte
AccessoryPreviewMessage	8720	refs/dofus-server-client-2.68/server/giny/Sources/Giny.Protocol/Messages/Game/Look/AccessoryPreviewMessage.cs:12	1	look:EntityLook
AccessoryPreviewRequestMessage	1079	refs/dofus-server-client-2.68/server/giny/Sources/Giny.Protocol/Messages/Game/Look/AccessoryPreviewRequestMessage.cs:12	1	genericId:int[]
PopupWarningCloseRequestMessage	2188	refs/dofus-server-client-2.68/server/giny/Sources/Giny.Protocol/Messages/Game/Moderation/PopupWarningCloseRequestMessage.cs:12	0	
PopupWarningClosedMessage	7639	refs/dofus-server-client-2.68/server/giny/Sources/Giny.Protocol/Messages/Game/Moderation/PopupWarningClosedMessage.cs:12	0	
PopupWarningMessage	5970	refs/dofus-server-client-2.68/server/giny/Sources/Giny.Protocol/Messages/Game/Moderation/PopupWarningMessage.cs:12	3	lockDuration:byte;author:string;content:string
AreaFightModificatorUpdateMessage	3916	refs/dofus-server-client-2.68/server/giny/Sources/Giny.Protocol/Messages/Game/Modificator/AreaFightModificatorUpdateMessage.cs:12	1	spellPairId:int
NuggetsDistributionMessage	3737	refs/dofus-server-client-2.68/server/giny/Sources/Giny.Protocol/Messages/Game/Nuggets/NuggetsDistributionMessage.cs:12	1	beneficiaries:NuggetsBeneficiary[]
NuggetsInformationMessage	7361	refs/dofus-server-client-2.68/server/giny/Sources/Giny.Protocol/Messages/Game/Nuggets/NuggetsInformationMessage.cs:12	1	nuggetsQuantity:int
StartListenNuggetsMessage	2836	refs/dofus-server-client-2.68/server/giny/Sources/Giny.Protocol/Messages/Game/Nuggets/StartListenNuggetsMessage.cs:12	0	
StopListenNuggetsMessage	1489	refs/dofus-server-client-2.68/server/giny/Sources/Giny.Protocol/Messages/Game/Nuggets/StopListenNuggetsMessage.cs:12	0	
PaginationAnswerAbstractMessage	2081	refs/dofus-server-client-2.68/server/giny/Sources/Giny.Protocol/Messages/Game/PaginationAnswerAbstractMessage.cs:12	3	offset:double;count:uint;total:uint
PaginationRequestAbstractMessage	5210	refs/dofus-server-client-2.68/server/giny/Sources/Giny.Protocol/Messages/Game/PaginationRequestAbstractMessage.cs:12	2	offset:double;count:uint
IconNamedPresetSaveRequestMessage	1750	refs/dofus-server-client-2.68/server/giny/Sources/Giny.Protocol/Messages/Game/Presets/IconNamedPresetSaveRequestMessage.cs:12	2	name:string;type:byte
IconPresetSaveRequestMessage	6582	refs/dofus-server-client-2.68/server/giny/Sources/Giny.Protocol/Messages/Game/Presets/IconPresetSaveRequestMessage.cs:12	3	presetId:short;symbolId:byte;updateData:bool
InvalidPresetsMessage	1460	refs/dofus-server-client-2.68/server/giny/Sources/Giny.Protocol/Messages/Game/Presets/InvalidPresetsMessage.cs:12	1	presetIds:short[]
ItemForPresetUpdateMessage	6865	refs/dofus-server-client-2.68/server/giny/Sources/Giny.Protocol/Messages/Game/Presets/ItemForPresetUpdateMessage.cs:12	2	presetId:short;presetItem:ItemForPreset
PresetDeleteRequestMessage	5847	refs/dofus-server-client-2.68/server/giny/Sources/Giny.Protocol/Messages/Game/Presets/PresetDeleteRequestMessage.cs:12	1	presetId:short
PresetDeleteResultMessage	537	refs/dofus-server-client-2.68/server/giny/Sources/Giny.Protocol/Messages/Game/Presets/PresetDeleteResultMessage.cs:12	2	presetId:short;code:byte
PresetSaveErrorMessage	9161	refs/dofus-server-client-2.68/server/giny/Sources/Giny.Protocol/Messages/Game/Presets/PresetSaveErrorMessage.cs:12	2	presetId:short;code:byte
PresetSavedMessage	3815	refs/dofus-server-client-2.68/server/giny/Sources/Giny.Protocol/Messages/Game/Presets/PresetSavedMessage.cs:12	2	presetId:short;preset:Preset
PresetUseRequestMessage	1536	refs/dofus-server-client-2.68/server/giny/Sources/Giny.Protocol/Messages/Game/Presets/PresetUseRequestMessage.cs:12	1	presetId:short
PresetUseResultMessage	1648	refs/dofus-server-client-2.68/server/giny/Sources/Giny.Protocol/Messages/Game/Presets/PresetUseResultMessage.cs:12	2	presetId:short;code:byte
PresetUseResultWithMissingIdsMessage	4950	refs/dofus-server-client-2.68/server/giny/Sources/Giny.Protocol/Messages/Game/Presets/PresetUseResultWithMissingIdsMessage.cs:12	1	missingIds:short[]
PresetsMessage	9259	refs/dofus-server-client-2.68/server/giny/Sources/Giny.Protocol/Messages/Game/Presets/PresetsMessage.cs:12	1	presets:Preset[]
PrismAddOrUpdateMessage	3378	refs/dofus-server-client-2.68/server/giny/Sources/Giny.Protocol/Messages/Game/Prism/PrismAddOrUpdateMessage.cs:12	1	prism:PrismGeolocalizedInformation
PrismAttackRequestMessage	2774	refs/dofus-server-client-2.68/server/giny/Sources/Giny.Protocol/Messages/Game/Prism/PrismAttackRequestMessage.cs:12	0	
PrismAttackResultMessage	4128	refs/dofus-server-client-2.68/server/giny/Sources/Giny.Protocol/Messages/Game/Prism/PrismAttackResultMessage.cs:12	2	prism:PrismGeolocalizedInformation;result:byte
PrismAttackedMessage	2689	refs/dofus-server-client-2.68/server/giny/Sources/Giny.Protocol/Messages/Game/Prism/PrismAttackedMessage.cs:12	1	prism:PrismGeolocalizedInformation
PrismExchangeRequestMessage	4630	refs/dofus-server-client-2.68/server/giny/Sources/Giny.Protocol/Messages/Game/Prism/PrismExchangeRequestMessage.cs:12	0	
PrismRecycleTradeRequestMessage	8103	refs/dofus-server-client-2.68/server/giny/Sources/Giny.Protocol/Messages/Game/Prism/PrismRecycleTradeRequestMessage.cs:12	0	
PrismRemoveMessage	1921	refs/dofus-server-client-2.68/server/giny/Sources/Giny.Protocol/Messages/Game/Prism/PrismRemoveMessage.cs:12	1	prism:PrismGeolocalizedInformation
PrismTeleportationRequestMessage	4692	refs/dofus-server-client-2.68/server/giny/Sources/Giny.Protocol/Messages/Game/Prism/PrismTeleportationRequestMessage.cs:12	0	
PrismsListMessage	3610	refs/dofus-server-client-2.68/server/giny/Sources/Giny.Protocol/Messages/Game/Prism/PrismsListMessage.cs:12	1	prisms:PrismGeolocalizedInformation[]
ActivityHideRequestMessage	5559	refs/dofus-server-client-2.68/server/giny/Sources/Giny.Protocol/Messages/Game/Progression/Suggestion/ActivityHideRequestMessage.cs:12	1	activityId:short
ActivityLockRequestMessage	5899	refs/dofus-server-client-2.68/server/giny/Sources/Giny.Protocol/Messages/Game/Progression/Suggestion/ActivityLockRequestMessage.cs:12	1	activityId:short
ActivitySuggestionsMessage	6457	refs/dofus-server-client-2.68/server/giny/Sources/Giny.Protocol/Messages/Game/Progression/Suggestion/ActivitySuggestionsMessage.cs:12	2	lockedActivitiesIds:short[];unlockedActivitiesIds:short[]
ActivitySuggestionsRequestMessage	1972	refs/dofus-server-client-2.68/server/giny/Sources/Giny.Protocol/Messages/Game/Progression/Suggestion/ActivitySuggestionsRequestMessage.cs:12	5	minLevel:short;maxLevel:short;areaId:short;activityCategoryId:short;nbCards:short
AlignmentRankUpdateMessage	2232	refs/dofus-server-client-2.68/server/giny/Sources/Giny.Protocol/Messages/Game/Pvp/AlignmentRankUpdateMessage.cs:12	2	alignmentRank:byte;verbose:bool
SetEnableAVARequestMessage	4428	refs/dofus-server-client-2.68/server/giny/Sources/Giny.Protocol/Messages/Game/Pvp/SetEnableAVARequestMessage.cs:12	1	enable:bool
SetEnablePVPRequestMessage	9540	refs/dofus-server-client-2.68/server/giny/Sources/Giny.Protocol/Messages/Game/Pvp/SetEnablePVPRequestMessage.cs:12	1	enable:bool
UpdateMapPlayersAgressableStatusMessage	9727	refs/dofus-server-client-2.68/server/giny/Sources/Giny.Protocol/Messages/Game/Pvp/UpdateMapPlayersAgressableStatusMessage.cs:12	1	playerAvAMessages:AgressableStatusMessage[]
UpdateSelfAgressableStatusMessage	8145	refs/dofus-server-client-2.68/server/giny/Sources/Giny.Protocol/Messages/Game/Pvp/UpdateSelfAgressableStatusMessage.cs:12	4	status:byte;probationTime:double;roleAvAId:int;pictoScore:int
CinematicMessage	5911	refs/dofus-server-client-2.68/server/giny/Sources/Giny.Protocol/Messages/Game/Script/CinematicMessage.cs:12	1	cinematicId:short
ShortcutBarAddErrorMessage	1938	refs/dofus-server-client-2.68/server/giny/Sources/Giny.Protocol/Messages/Game/Shortcut/ShortcutBarAddErrorMessage.cs:12	1	error:byte
ShortcutBarAddRequestMessage	1120	refs/dofus-server-client-2.68/server/giny/Sources/Giny.Protocol/Messages/Game/Shortcut/ShortcutBarAddRequestMessage.cs:12	2	barType:byte;shortcut:Shortcut
ShortcutBarContentMessage	1608	refs/dofus-server-client-2.68/server/giny/Sources/Giny.Protocol/Messages/Game/Shortcut/ShortcutBarContentMessage.cs:12	2	barType:byte;shortcuts:Shortcut[]
ShortcutBarRefreshMessage	8442	refs/dofus-server-client-2.68/server/giny/Sources/Giny.Protocol/Messages/Game/Shortcut/ShortcutBarRefreshMessage.cs:12	2	barType:byte;shortcut:Shortcut
ShortcutBarRemoveErrorMessage	2825	refs/dofus-server-client-2.68/server/giny/Sources/Giny.Protocol/Messages/Game/Shortcut/ShortcutBarRemoveErrorMessage.cs:12	1	error:byte
ShortcutBarRemoveRequestMessage	665	refs/dofus-server-client-2.68/server/giny/Sources/Giny.Protocol/Messages/Game/Shortcut/ShortcutBarRemoveRequestMessage.cs:12	2	barType:byte;slot:byte
ShortcutBarRemovedMessage	2881	refs/dofus-server-client-2.68/server/giny/Sources/Giny.Protocol/Messages/Game/Shortcut/ShortcutBarRemovedMessage.cs:12	2	barType:byte;slot:byte
ShortcutBarReplacedMessage	2423	refs/dofus-server-client-2.68/server/giny/Sources/Giny.Protocol/Messages/Game/Shortcut/ShortcutBarReplacedMessage.cs:12	2	barType:byte;shortcut:Shortcut
ShortcutBarSwapErrorMessage	4659	refs/dofus-server-client-2.68/server/giny/Sources/Giny.Protocol/Messages/Game/Shortcut/ShortcutBarSwapErrorMessage.cs:12	1	error:byte
ShortcutBarSwapRequestMessage	9543	refs/dofus-server-client-2.68/server/giny/Sources/Giny.Protocol/Messages/Game/Shortcut/ShortcutBarSwapRequestMessage.cs:12	3	barType:byte;firstSlot:byte;secondSlot:byte
BulletinMessage	881	refs/dofus-server-client-2.68/server/giny/Sources/Giny.Protocol/Messages/Game/Social/BulletinMessage.cs:12	0	
ContactLookErrorMessage	4487	refs/dofus-server-client-2.68/server/giny/Sources/Giny.Protocol/Messages/Game/Social/ContactLookErrorMessage.cs:12	1	requestId:int
ContactLookMessage	782	refs/dofus-server-client-2.68/server/giny/Sources/Giny.Protocol/Messages/Game/Social/ContactLookMessage.cs:12	4	requestId:int;playerName:string;playerId:long;look:EntityLook
ContactLookRequestByIdMessage	3941	refs/dofus-server-client-2.68/server/giny/Sources/Giny.Protocol/Messages/Game/Social/ContactLookRequestByIdMessage.cs:12	1	playerId:long
ContactLookRequestByNameMessage	7171	refs/dofus-server-client-2.68/server/giny/Sources/Giny.Protocol/Messages/Game/Social/ContactLookRequestByNameMessage.cs:12	1	playerName:string
ContactLookRequestMessage	8699	refs/dofus-server-client-2.68/server/giny/Sources/Giny.Protocol/Messages/Game/Social/ContactLookRequestMessage.cs:12	2	requestId:byte;contactType:byte
SocialFightJoinRequestMessage	5289	refs/dofus-server-client-2.68/server/giny/Sources/Giny.Protocol/Messages/Game/Social/Fight/SocialFightJoinRequestMessage.cs:12	1	socialFightInfo:SocialFightInfo
SocialFightLeaveRequestMessage	5697	refs/dofus-server-client-2.68/server/giny/Sources/Giny.Protocol/Messages/Game/Social/Fight/SocialFightLeaveRequestMessage.cs:12	1	socialFightInfo:SocialFightInfo
SocialFightTakePlaceRequestMessage	6499	refs/dofus-server-client-2.68/server/giny/Sources/Giny.Protocol/Messages/Game/Social/Fight/SocialFightTakePlaceRequestMessage.cs:12	2	socialFightInfo:SocialFightInfo;replacedCharacterId:long
SocialNoticeMessage	3103	refs/dofus-server-client-2.68/server/giny/Sources/Giny.Protocol/Messages/Game/Social/SocialNoticeMessage.cs:12	4	content:string;timestamp:int;memberId:long;memberName:string
SocialNoticeSetErrorMessage	8254	refs/dofus-server-client-2.68/server/giny/Sources/Giny.Protocol/Messages/Game/Social/SocialNoticeSetErrorMessage.cs:12	1	reason:byte
SocialNoticeSetRequestMessage	4424	refs/dofus-server-client-2.68/server/giny/Sources/Giny.Protocol/Messages/Game/Social/SocialNoticeSetRequestMessage.cs:12	0	
ConsumeAllGameActionItemMessage	1273	refs/dofus-server-client-2.68/server/giny/Sources/Giny.Protocol/Messages/Game/Startup/ConsumeAllGameActionItemMessage.cs:12	1	characterId:long
ConsumeGameActionItemMessage	2860	refs/dofus-server-client-2.68/server/giny/Sources/Giny.Protocol/Messages/Game/Startup/ConsumeGameActionItemMessage.cs:12	2	actionId:int;characterId:long
GameActionItemAddMessage	8600	refs/dofus-server-client-2.68/server/giny/Sources/Giny.Protocol/Messages/Game/Startup/GameActionItemAddMessage.cs:12	1	newAction:GameActionItem
GameActionItemConsumedMessage	1257	refs/dofus-server-client-2.68/server/giny/Sources/Giny.Protocol/Messages/Game/Startup/GameActionItemConsumedMessage.cs:12	3	success:bool;actionId:int;automaticAction:bool
GameActionItemListMessage	1976	refs/dofus-server-client-2.68/server/giny/Sources/Giny.Protocol/Messages/Game/Startup/GameActionItemListMessage.cs:12	1	actions:GameActionItem[]
SubscriptionLimitationMessage	7943	refs/dofus-server-client-2.68/server/giny/Sources/Giny.Protocol/Messages/Game/Subscriber/SubscriptionLimitationMessage.cs:12	1	reason:byte
SubscriptionZoneMessage	7990	refs/dofus-server-client-2.68/server/giny/Sources/Giny.Protocol/Messages/Game/Subscriber/SubscriptionZoneMessage.cs:12	1	active:bool
OrnamentGainedMessage	2340	refs/dofus-server-client-2.68/server/giny/Sources/Giny.Protocol/Messages/Game/Tinsel/OrnamentGainedMessage.cs:12	1	ornamentId:short
OrnamentLostMessage	9671	refs/dofus-server-client-2.68/server/giny/Sources/Giny.Protocol/Messages/Game/Tinsel/OrnamentLostMessage.cs:12	1	ornamentId:short
OrnamentSelectErrorMessage	5458	refs/dofus-server-client-2.68/server/giny/Sources/Giny.Protocol/Messages/Game/Tinsel/OrnamentSelectErrorMessage.cs:12	1	reason:byte
OrnamentSelectRequestMessage	3742	refs/dofus-server-client-2.68/server/giny/Sources/Giny.Protocol/Messages/Game/Tinsel/OrnamentSelectRequestMessage.cs:12	1	ornamentId:short
OrnamentSelectedMessage	439	refs/dofus-server-client-2.68/server/giny/Sources/Giny.Protocol/Messages/Game/Tinsel/OrnamentSelectedMessage.cs:12	1	ornamentId:short
TitleGainedMessage	478	refs/dofus-server-client-2.68/server/giny/Sources/Giny.Protocol/Messages/Game/Tinsel/TitleGainedMessage.cs:12	1	titleId:short
TitleLostMessage	541	refs/dofus-server-client-2.68/server/giny/Sources/Giny.Protocol/Messages/Game/Tinsel/TitleLostMessage.cs:12	1	titleId:short
TitleSelectErrorMessage	7277	refs/dofus-server-client-2.68/server/giny/Sources/Giny.Protocol/Messages/Game/Tinsel/TitleSelectErrorMessage.cs:12	1	reason:byte
TitleSelectRequestMessage	6172	refs/dofus-server-client-2.68/server/giny/Sources/Giny.Protocol/Messages/Game/Tinsel/TitleSelectRequestMessage.cs:12	1	titleId:short
TitleSelectedMessage	5032	refs/dofus-server-client-2.68/server/giny/Sources/Giny.Protocol/Messages/Game/Tinsel/TitleSelectedMessage.cs:12	1	titleId:short
TitlesAndOrnamentsListMessage	7011	refs/dofus-server-client-2.68/server/giny/Sources/Giny.Protocol/Messages/Game/Tinsel/TitlesAndOrnamentsListMessage.cs:12	4	titles:short[];ornaments:short[];activeTitle:short;activeOrnament:short
TitlesAndOrnamentsListRequestMessage	7199	refs/dofus-server-client-2.68/server/giny/Sources/Giny.Protocol/Messages/Game/Tinsel/TitlesAndOrnamentsListRequestMessage.cs:12	0	
ClientUIOpenedByObjectMessage	5305	refs/dofus-server-client-2.68/server/giny/Sources/Giny.Protocol/Messages/Game/Ui/ClientUIOpenedByObjectMessage.cs:12	1	uid:int
ClientUIOpenedMessage	2372	refs/dofus-server-client-2.68/server/giny/Sources/Giny.Protocol/Messages/Game/Ui/ClientUIOpenedMessage.cs:12	1	type:byte
ProtocolRequired	610	refs/dofus-server-client-2.68/server/giny/Sources/Giny.Protocol/Messages/Handshake/ProtocolRequired.cs:12	1	version:string
LoginQueueStatusMessage	5436	refs/dofus-server-client-2.68/server/giny/Sources/Giny.Protocol/Messages/Queues/LoginQueueStatusMessage.cs:12	2	position:short;total:short
QueueStatusMessage	5491	refs/dofus-server-client-2.68/server/giny/Sources/Giny.Protocol/Messages/Queues/QueueStatusMessage.cs:12	2	position:short;total:short
TrustStatusMessage	9399	refs/dofus-server-client-2.68/server/giny/Sources/Giny.Protocol/Messages/Secure/TrustStatusMessage.cs:12	1	certified:bool
CheckFileMessage	1300	refs/dofus-server-client-2.68/server/giny/Sources/Giny.Protocol/Messages/Security/CheckFileMessage.cs:12	3	filenameHash:string;type:byte;value:string
CheckFileRequestMessage	2483	refs/dofus-server-client-2.68/server/giny/Sources/Giny.Protocol/Messages/Security/CheckFileRequestMessage.cs:12	2	filename:string;type:byte
CheckIntegrityMessage	7074	refs/dofus-server-client-2.68/server/giny/Sources/Giny.Protocol/Messages/Security/CheckIntegrityMessage.cs:12	1	data:byte[]
ClientKeyMessage	3370	refs/dofus-server-client-2.68/server/giny/Sources/Giny.Protocol/Messages/Security/ClientKeyMessage.cs:12	1	key:string
RawDataMessage	3710	refs/dofus-server-client-2.68/server/giny/Sources/Giny.Protocol/Messages/Security/RawDataMessage.cs:12	1	content:byte[]
SystemMessageDisplayMessage	3970	refs/dofus-server-client-2.68/server/giny/Sources/Giny.Protocol/Messages/Server/Basic/SystemMessageDisplayMessage.cs:12	3	hangUp:bool;msgId:short;parameters:string[]
AccountInformationsUpdateMessage	9970	refs/dofus-server-client-2.68/server/giny/Sources/Giny.Protocol/Messages/Subscription/AccountInformationsUpdateMessage.cs:12	1	subscriptionEndDate:double
AccountSubscriptionElapsedDurationMessage	667	refs/dofus-server-client-2.68/server/giny/Sources/Giny.Protocol/Messages/Subscription/AccountSubscriptionElapsedDurationMessage.cs:12	1	subscriptionElapsedDuration:double
HaapiApiKeyMessage	4529	refs/dofus-server-client-2.68/server/giny/Sources/Giny.Protocol/Messages/Web/Haapi/HaapiApiKeyMessage.cs:12	1	token:string
HaapiApiKeyRequestMessage	1598	refs/dofus-server-client-2.68/server/giny/Sources/Giny.Protocol/Messages/Web/Haapi/HaapiApiKeyRequestMessage.cs:12	0	
HaapiAuthErrorMessage	8765	refs/dofus-server-client-2.68/server/giny/Sources/Giny.Protocol/Messages/Web/Haapi/HaapiAuthErrorMessage.cs:12	1	type:byte
HaapiBufferListMessage	7406	refs/dofus-server-client-2.68/server/giny/Sources/Giny.Protocol/Messages/Web/Haapi/HaapiBufferListMessage.cs:12	1	buffers:BufferInformation[]
HaapiBufferListRequestMessage	4050	refs/dofus-server-client-2.68/server/giny/Sources/Giny.Protocol/Messages/Web/Haapi/HaapiBufferListRequestMessage.cs:12	0	
HaapiBuyValidationMessage	4967	refs/dofus-server-client-2.68/server/giny/Sources/Giny.Protocol/Messages/Web/Haapi/HaapiBuyValidationMessage.cs:12	2	amount:long;email:string
HaapiCancelBidRequestMessage	3692	refs/dofus-server-client-2.68/server/giny/Sources/Giny.Protocol/Messages/Web/Haapi/HaapiCancelBidRequestMessage.cs:12	2	id:long;type:byte
HaapiConfirmationMessage	7136	refs/dofus-server-client-2.68/server/giny/Sources/Giny.Protocol/Messages/Web/Haapi/HaapiConfirmationMessage.cs:12	5	kamas:long;amount:long;rate:short;action:byte;transaction:string
HaapiConfirmationRequestMessage	4525	refs/dofus-server-client-2.68/server/giny/Sources/Giny.Protocol/Messages/Web/Haapi/HaapiConfirmationRequestMessage.cs:12	4	kamas:long;ogrines:long;rate:short;action:byte
HaapiConsumeBufferRequestMessage	4843	refs/dofus-server-client-2.68/server/giny/Sources/Giny.Protocol/Messages/Web/Haapi/HaapiConsumeBufferRequestMessage.cs:12	0	
HaapiSessionMessage	4839	refs/dofus-server-client-2.68/server/giny/Sources/Giny.Protocol/Messages/Web/Haapi/HaapiSessionMessage.cs:12	2	key:string;type:byte
HaapiShopApiKeyMessage	7531	refs/dofus-server-client-2.68/server/giny/Sources/Giny.Protocol/Messages/Web/Haapi/HaapiShopApiKeyMessage.cs:12	1	token:string
HaapiShopApiKeyRequestMessage	9680	refs/dofus-server-client-2.68/server/giny/Sources/Giny.Protocol/Messages/Web/Haapi/HaapiShopApiKeyRequestMessage.cs:12	0	
HaapiTokenMessage	4755	refs/dofus-server-client-2.68/server/giny/Sources/Giny.Protocol/Messages/Web/Haapi/HaapiTokenMessage.cs:12	1	token:string
HaapiTokenRequestMessage	6608	refs/dofus-server-client-2.68/server/giny/Sources/Giny.Protocol/Messages/Web/Haapi/HaapiTokenRequestMessage.cs:12	0	
HaapiValidationMessage	487	refs/dofus-server-client-2.68/server/giny/Sources/Giny.Protocol/Messages/Web/Haapi/HaapiValidationMessage.cs:12	2	action:byte;code:byte
HaapiValidationRequestMessage	4480	refs/dofus-server-client-2.68/server/giny/Sources/Giny.Protocol/Messages/Web/Haapi/HaapiValidationRequestMessage.cs:12	1	transaction:string
ClientYouAreDrunkMessage	2273	refs/dofus-server-client-2.68/server/giny/Sources/Giny.Protocol/Messages/Wtf/ClientYouAreDrunkMessage.cs:12	0	
AbstractPlayerSearchInformation	2301	refs/dofus-server-client-2.68/server/giny/Sources/Giny.Protocol/Types/Common/AbstractPlayerSearchInformation.cs:10	0	
AccountTagInformation	1732	refs/dofus-server-client-2.68/server/giny/Sources/Giny.Protocol/Types/Common/AccountTagInformation.cs:10	2	nickname:string;tagNumber:string
StatisticData	5268	refs/dofus-server-client-2.68/server/giny/Sources/Giny.Protocol/Types/Common/Basic/StatisticData.cs:10	0	
StatisticDataBoolean	5862	refs/dofus-server-client-2.68/server/giny/Sources/Giny.Protocol/Types/Common/Basic/StatisticDataBoolean.cs:10	1	value:bool
StatisticDataByte	8107	refs/dofus-server-client-2.68/server/giny/Sources/Giny.Protocol/Types/Common/Basic/StatisticDataByte.cs:10	1	value:byte
StatisticDataInt	854	refs/dofus-server-client-2.68/server/giny/Sources/Giny.Protocol/Types/Common/Basic/StatisticDataInt.cs:10	1	value:int
StatisticDataShort	6834	refs/dofus-server-client-2.68/server/giny/Sources/Giny.Protocol/Types/Common/Basic/StatisticDataShort.cs:10	1	value:short
StatisticDataString	2561	refs/dofus-server-client-2.68/server/giny/Sources/Giny.Protocol/Types/Common/Basic/StatisticDataString.cs:10	1	value:string
PlayerSearchCharacterNameInformation	2980	refs/dofus-server-client-2.68/server/giny/Sources/Giny.Protocol/Types/Common/PlayerSearchCharacterNameInformation.cs:10	1	name:string
PlayerSearchTagInformation	500	refs/dofus-server-client-2.68/server/giny/Sources/Giny.Protocol/Types/Common/PlayerSearchTagInformation.cs:10	1	tag:AccountTagInformation
GameServerInformations	3901	refs/dofus-server-client-2.68/server/giny/Sources/Giny.Protocol/Types/Connection/GameServerInformations.cs:10	9	id:short;type:byte;isMonoAccount:bool;status:byte;completion:byte;isSelectable:bool;charactersCount:byte;charactersSlots:byte;date:double
Achievement	5129	refs/dofus-server-client-2.68/server/giny/Sources/Giny.Protocol/Types/Game/Achievement/Achievement.cs:10	3	id:short;finishedObjective:AchievementObjective[];startedObjectives:AchievementStartedObjective[]
AchievementAchieved	3852	refs/dofus-server-client-2.68/server/giny/Sources/Giny.Protocol/Types/Game/Achievement/AchievementAchieved.cs:10	2	id:short;achievedBy:long
AchievementAchievedRewardable	5566	refs/dofus-server-client-2.68/server/giny/Sources/Giny.Protocol/Types/Game/Achievement/AchievementAchievedRewardable.cs:10	1	finishedlevel:short
AchievementObjective	4442	refs/dofus-server-client-2.68/server/giny/Sources/Giny.Protocol/Types/Game/Achievement/AchievementObjective.cs:10	2	id:int;maxValue:short
AchievementStartedObjective	6953	refs/dofus-server-client-2.68/server/giny/Sources/Giny.Protocol/Types/Game/Achievement/AchievementStartedObjective.cs:10	1	value:short
FightDispellableEffectExtendedInformations	9608	refs/dofus-server-client-2.68/server/giny/Sources/Giny.Protocol/Types/Game/Action/Fight/FightDispellableEffectExtendedInformations.cs:10	3	actionId:short;sourceId:double;effect:AbstractFightDispellableEffect
AbstractFightDispellableEffect	3432	refs/dofus-server-client-2.68/server/giny/Sources/Giny.Protocol/Types/Game/Actions/Fight/AbstractFightDispellableEffect.cs:10	7	uid:int;targetId:double;turnDuration:short;dispelable:byte;spellId:short;effectId:int;parentBoostUid:int
FightTemporaryBoostEffect	5112	refs/dofus-server-client-2.68/server/giny/Sources/Giny.Protocol/Types/Game/Actions/Fight/FightTemporaryBoostEffect.cs:10	1	delta:int
FightTemporaryBoostStateEffect	1864	refs/dofus-server-client-2.68/server/giny/Sources/Giny.Protocol/Types/Game/Actions/Fight/FightTemporaryBoostStateEffect.cs:10	1	stateId:short
FightTemporaryBoostWeaponDamagesEffect	7303	refs/dofus-server-client-2.68/server/giny/Sources/Giny.Protocol/Types/Game/Actions/Fight/FightTemporaryBoostWeaponDamagesEffect.cs:10	1	weaponTypeId:short
FightTemporarySpellBoostEffect	4329	refs/dofus-server-client-2.68/server/giny/Sources/Giny.Protocol/Types/Game/Actions/Fight/FightTemporarySpellBoostEffect.cs:10	1	boostedSpellId:short
FightTemporarySpellImmunityEffect	7629	refs/dofus-server-client-2.68/server/giny/Sources/Giny.Protocol/Types/Game/Actions/Fight/FightTemporarySpellImmunityEffect.cs:10	1	immuneSpellId:int
FightTriggeredEffect	1020	refs/dofus-server-client-2.68/server/giny/Sources/Giny.Protocol/Types/Game/Actions/Fight/FightTriggeredEffect.cs:10	4	param1:int;param2:int;param3:int;delay:short
GameActionMark	8954	refs/dofus-server-client-2.68/server/giny/Sources/Giny.Protocol/Types/Game/Actions/Fight/GameActionMark.cs:10	9	markAuthorId:double;markTeamId:byte;markSpellId:int;markSpellLevel:short;markId:short;markType:byte;markimpactCell:short;cells:GameActionMarkedCell[];active:bool
GameActionMarkedCell	3766	refs/dofus-server-client-2.68/server/giny/Sources/Giny.Protocol/Types/Game/Actions/Fight/GameActionMarkedCell.cs:10	4	cellId:short;zoneSize:byte;cellColor:int;cellsType:byte
AllianceMemberInfo	3155	refs/dofus-server-client-2.68/server/giny/Sources/Giny.Protocol/Types/Game/Alliance/AllianceMemberInfo.cs:10	1	avaRoleId:int
KohAllianceInfo	4416	refs/dofus-server-client-2.68/server/giny/Sources/Giny.Protocol/Types/Game/Alliance/KohAllianceInfo.cs:10	5	alliance:AllianceInformation;memberCount:long;kohAllianceRoleMembers:KohAllianceRoleMembers[];scores:KohScore[];matchDominationScores:int
KohAllianceRoleMembers	4698	refs/dofus-server-client-2.68/server/giny/Sources/Giny.Protocol/Types/Game/Alliance/KohAllianceRoleMembers.cs:10	2	memberCount:long;roleAvAId:int
KohScore	5867	refs/dofus-server-client-2.68/server/giny/Sources/Giny.Protocol/Types/Game/Alliance/KohScore.cs:10	3	avaScoreTypeEnum:byte;roundScores:int;cumulScores:int
KothWinner	629	refs/dofus-server-client-2.68/server/giny/Sources/Giny.Protocol/Types/Game/Alliance/KothWinner.cs:10	0	
AllianceRecruitmentInformation	1631	refs/dofus-server-client-2.68/server/giny/Sources/Giny.Protocol/Types/Game/Alliance/Recruitment/AllianceRecruitmentInformation.cs:10	0	
ServerSessionConstant	6427	refs/dofus-server-client-2.68/server/giny/Sources/Giny.Protocol/Types/Game/Approach/ServerSessionConstant.cs:10	1	id:short
ServerSessionConstantInteger	4796	refs/dofus-server-client-2.68/server/giny/Sources/Giny.Protocol/Types/Game/Approach/ServerSessionConstantInteger.cs:10	1	value:int
ServerSessionConstantLong	5351	refs/dofus-server-client-2.68/server/giny/Sources/Giny.Protocol/Types/Game/Approach/ServerSessionConstantLong.cs:10	1	value:double
ServerSessionConstantString	1669	refs/dofus-server-client-2.68/server/giny/Sources/Giny.Protocol/Types/Game/Approach/ServerSessionConstantString.cs:10	1	value:string
AbstractCharacterInformation	846	refs/dofus-server-client-2.68/server/giny/Sources/Giny.Protocol/Types/Game/Character/AbstractCharacterInformation.cs:10	1	id:long
ActorAlignmentInformations	9391	refs/dofus-server-client-2.68/server/giny/Sources/Giny.Protocol/Types/Game/Character/Alignment/ActorAlignmentInformations.cs:10	4	alignmentSide:byte;alignmentValue:byte;alignmentGrade:byte;characterPower:double
ActorExtendedAlignmentInformations	4199	refs/dofus-server-client-2.68/server/giny/Sources/Giny.Protocol/Types/Game/Character/Alignment/ActorExtendedAlignmentInformations.cs:10	4	honor:short;honorGradeFloor:short;honorNextGradeFloor:short;aggressable:byte
AlterationInfo	980	refs/dofus-server-client-2.68/server/giny/Sources/Giny.Protocol/Types/Game/Character/Alteration/AlterationInfo.cs:10	5	alterationId:uint;creationTime:double;expirationType:byte;expirationValue:double;effects:ObjectEffect[]
CharacterBasicMinimalInformations	9516	refs/dofus-server-client-2.68/server/giny/Sources/Giny.Protocol/Types/Game/Character/CharacterBasicMinimalInformations.cs:10	1	name:string
CharacterMinimalAllianceInformations	4721	refs/dofus-server-client-2.68/server/giny/Sources/Giny.Protocol/Types/Game/Character/CharacterMinimalAllianceInformations.cs:10	1	alliance:BasicNamedAllianceInformations
CharacterMinimalGuildInformations	2569	refs/dofus-server-client-2.68/server/giny/Sources/Giny.Protocol/Types/Game/Character/CharacterMinimalGuildInformations.cs:10	1	guild:BasicGuildInformations
CharacterMinimalInformations	6989	refs/dofus-server-client-2.68/server/giny/Sources/Giny.Protocol/Types/Game/Character/CharacterMinimalInformations.cs:10	1	level:short
CharacterMinimalPlusLookInformations	1373	refs/dofus-server-client-2.68/server/giny/Sources/Giny.Protocol/Types/Game/Character/CharacterMinimalPlusLookInformations.cs:10	2	entityLook:EntityLook;breed:byte
CharacterMinimalSocialPublicInformations	4700	refs/dofus-server-client-2.68/server/giny/Sources/Giny.Protocol/Types/Game/Character/CharacterMinimalSocialPublicInformations.cs:10	1	rank:RankPublicInformation
CharacterCharacteristic	763	refs/dofus-server-client-2.68/server/giny/Sources/Giny.Protocol/Types/Game/Character/Characteristic/CharacterCharacteristic.cs:10	1	characteristicId:short
CharacterCharacteristicDetailed	4380	refs/dofus-server-client-2.68/server/giny/Sources/Giny.Protocol/Types/Game/Character/Characteristic/CharacterCharacteristicDetailed.cs:10	4	additional:int;objectsAndMountBonus:int;alignGiftBonus:int;contextModif:int
CharacterCharacteristicValue	5953	refs/dofus-server-client-2.68/server/giny/Sources/Giny.Protocol/Types/Game/Character/Characteristic/CharacterCharacteristicValue.cs:10	1	total:int
CharacterCharacteristics	3075	refs/dofus-server-client-2.68/server/giny/Sources/Giny.Protocol/Types/Game/Character/Characteristic/CharacterCharacteristics.cs:10	1	characteristics:CharacterCharacteristic[]
CharacterCharacteristicsInformations	6352	refs/dofus-server-client-2.68/server/giny/Sources/Giny.Protocol/Types/Game/Character/Characteristic/CharacterCharacteristicsInformations.cs:10	10	experience:long;experienceLevelFloor:long;experienceNextLevelFloor:long;experienceBonusLimit:long;kamas:long;alignmentInfos:ActorExtendedAlignmentInformations;criticalHitWeapon:short;characteristics:CharacterCharacteristic[];spellModifiers:SpellModifierMessage[];probationTime:double
CharacterUsableCharacteristicDetailed	1123	refs/dofus-server-client-2.68/server/giny/Sources/Giny.Protocol/Types/Game/Character/Characteristic/CharacterUsableCharacteristicDetailed.cs:10	1	used:int
CharacterBaseInformations	9071	refs/dofus-server-client-2.68/server/giny/Sources/Giny.Protocol/Types/Game/Character/Choice/CharacterBaseInformations.cs:10	1	sex:bool
CharacterHardcoreOrEpicInformations	5693	refs/dofus-server-client-2.68/server/giny/Sources/Giny.Protocol/Types/Game/Character/Choice/CharacterHardcoreOrEpicInformations.cs:10	3	deathState:byte;deathCount:short;deathMaxLevel:short
CharacterRemodelingInformation	7974	refs/dofus-server-client-2.68/server/giny/Sources/Giny.Protocol/Types/Game/Character/Choice/CharacterRemodelingInformation.cs:10	5	name:string;breed:byte;sex:bool;cosmeticId:short;colors:int[]
CharacterToRemodelInformations	3191	refs/dofus-server-client-2.68/server/giny/Sources/Giny.Protocol/Types/Game/Character/Choice/CharacterToRemodelInformations.cs:10	2	possibleChangeMask:byte;mandatoryChangeMask:byte
RemodelingInformation	1077	refs/dofus-server-client-2.68/server/giny/Sources/Giny.Protocol/Types/Game/Character/Choice/RemodelingInformation.cs:10	5	name:string;breed:byte;sex:bool;cosmeticId:short;colors:int[]
DebtInformation	6622	refs/dofus-server-client-2.68/server/giny/Sources/Giny.Protocol/Types/Game/Character/Debt/DebtInformation.cs:10	2	id:double;timestamp:double
KamaDebtInformation	3945	refs/dofus-server-client-2.68/server/giny/Sources/Giny.Protocol/Types/Game/Character/Debt/KamaDebtInformation.cs:10	1	kamas:long
PlayerNote	8498	refs/dofus-server-client-2.68/server/giny/Sources/Giny.Protocol/Types/Game/Character/Guild/Note/PlayerNote.cs:10	2	content:string;lastEditDate:double
ActorRestrictionsInformations	9939	refs/dofus-server-client-2.68/server/giny/Sources/Giny.Protocol/Types/Game/Character/Restriction/ActorRestrictionsInformations.cs:10	19	cantBeAggressed:bool;cantBeChallenged:bool;cantTrade:bool;cantBeAttackedByMutant:bool;cantRun:bool;forceSlowWalk:bool;cantMinimize:bool;cantMove:bool;cantAggress:bool;cantChallenge:bool;cantExchange:bool;cantAttack:bool;cantChat:bool;cantUseObject:bool;cantUseTaxCollector:bool;cantUseInteractive:bool;cantSpeakToNPC:bool;cantChangeZone:bool;cantAttackMonster:bool
SpellModifierMessage	9395	refs/dofus-server-client-2.68/server/giny/Sources/Giny.Protocol/Types/Game/Character/Spellmodifier/SpellModifierMessage.cs:10	5	spellId:short;actionType:byte;modifierType:byte;context:int;equipment:int
PlayerStatus	5664	refs/dofus-server-client-2.68/server/giny/Sources/Giny.Protocol/Types/Game/Character/Status/PlayerStatus.cs:10	1	statusId:byte
PlayerStatusExtended	1512	refs/dofus-server-client-2.68/server/giny/Sources/Giny.Protocol/Types/Game/Character/Status/PlayerStatusExtended.cs:10	1	message:string
AdditionalTaxCollectorInformation	7712	refs/dofus-server-client-2.68/server/giny/Sources/Giny.Protocol/Types/Game/Collector/Tax/AdditionalTaxCollectorInformation.cs:10	3	collectorCallerId:long;collectorCallerName:string;date:int
TaxCollectorBasicInformations	5921	refs/dofus-server-client-2.68/server/giny/Sources/Giny.Protocol/Types/Game/Collector/Tax/TaxCollectorBasicInformations.cs:10	6	firstNameId:short;lastNameId:short;worldX:short;worldY:short;mapId:double;subAreaId:short
TaxCollectorComplementaryInformations	875	refs/dofus-server-client-2.68/server/giny/Sources/Giny.Protocol/Types/Game/Collector/Tax/TaxCollectorComplementaryInformations.cs:10	0	
TaxCollectorInformations	3218	refs/dofus-server-client-2.68/server/giny/Sources/Giny.Protocol/Types/Game/Collector/Tax/TaxCollectorInformations.cs:10	14	uniqueId:double;firstNameId:short;lastNameId:short;allianceIdentity:AllianceInformation;additionalInfos:AdditionalTaxCollectorInformation;worldX:short;worldY:short;subAreaId:short;state:byte;look:EntityLook;complements:TaxCollectorComplementaryInformations[];characteristics:CharacterCharacteristics;equipments:ObjectItem[];spells:TaxCollectorOrderedSpell[]
TaxCollectorLootInformations	5296	refs/dofus-server-client-2.68/server/giny/Sources/Giny.Protocol/Types/Game/Collector/Tax/TaxCollectorLootInformations.cs:10	2	pods:int;itemsValue:long
TaxCollectorMovement	1327	refs/dofus-server-client-2.68/server/giny/Sources/Giny.Protocol/Types/Game/Collector/Tax/TaxCollectorMovement.cs:10	4	movementType:byte;basicInfos:TaxCollectorBasicInformations;playerId:long;playerName:string
TaxCollectorOrderedSpell	382	refs/dofus-server-client-2.68/server/giny/Sources/Giny.Protocol/Types/Game/Collector/Tax/TaxCollectorOrderedSpell.cs:10	2	spellId:int;slot:byte
TaxCollectorPreset	5480	refs/dofus-server-client-2.68/server/giny/Sources/Giny.Protocol/Types/Game/Collector/Tax/TaxCollectorPreset.cs:10	3	presetId:Uuid;spells:TaxCollectorOrderedSpell[];characteristics:CharacterCharacteristics
TaxCollectorWaitingForHelpInformations	7073	refs/dofus-server-client-2.68/server/giny/Sources/Giny.Protocol/Types/Game/Collector/Tax/TaxCollectorWaitingForHelpInformations.cs:10	1	waitingForHelpInfo:ProtectedEntityWaitingForHelpInfo
ActorOrientation	9830	refs/dofus-server-client-2.68/server/giny/Sources/Giny.Protocol/Types/Game/Context/ActorOrientation.cs:10	2	id:double;direction:byte
EntityDispositionInformations	5813	refs/dofus-server-client-2.68/server/giny/Sources/Giny.Protocol/Types/Game/Context/EntityDispositionInformations.cs:10	2	cellId:short;direction:byte
EntityMovementInformations	9481	refs/dofus-server-client-2.68/server/giny/Sources/Giny.Protocol/Types/Game/Context/EntityMovementInformations.cs:10	2	id:int;steps:byte[]
AbstractFightTeamInformations	7595	refs/dofus-server-client-2.68/server/giny/Sources/Giny.Protocol/Types/Game/Context/Fight/AbstractFightTeamInformations.cs:10	5	teamId:byte;leaderId:double;teamSide:byte;teamTypeId:byte;nbWaves:byte
BaseSpawnMonsterInformation	1758	refs/dofus-server-client-2.68/server/giny/Sources/Giny.Protocol/Types/Game/Context/Fight/BaseSpawnMonsterInformation.cs:10	1	creatureGenericId:short
ChallengeInformation	5736	refs/dofus-server-client-2.68/server/giny/Sources/Giny.Protocol/Types/Game/Context/Fight/Challenge/ChallengeInformation.cs:10	5	challengeId:int;targetsList:ChallengeTargetInformation[];dropBonus:int;xpBonus:int;state:byte
ChallengeTargetInformation	3951	refs/dofus-server-client-2.68/server/giny/Sources/Giny.Protocol/Types/Game/Context/Fight/Challenge/ChallengeTargetInformation.cs:10	2	targetId:double;targetCell:short
ChallengeTargetWithAttackerInformation	9326	refs/dofus-server-client-2.68/server/giny/Sources/Giny.Protocol/Types/Game/Context/Fight/Challenge/ChallengeTargetWithAttackerInformation.cs:10	1	attackersIds:double[]
FightAllianceTeamInformations	6801	refs/dofus-server-client-2.68/server/giny/Sources/Giny.Protocol/Types/Game/Context/Fight/FightAllianceTeamInformations.cs:10	1	relation:byte
FightCommonInformations	9208	refs/dofus-server-client-2.68/server/giny/Sources/Giny.Protocol/Types/Game/Context/Fight/FightCommonInformations.cs:10	5	fightId:short;fightType:byte;fightTeams:FightTeamInformations[];fightTeamsPositions:short[];fightTeamsOptions:FightOptionsInformations[]
FightExternalInformations	6224	refs/dofus-server-client-2.68/server/giny/Sources/Giny.Protocol/Types/Game/Context/Fight/FightExternalInformations.cs:10	6	fightId:short;fightType:byte;fightStart:int;fightSpectatorLocked:bool;fightTeams:FightTeamLightInformations[];fightTeamsOptions:FightOptionsInformations[]
FightLoot	5092	refs/dofus-server-client-2.68/server/giny/Sources/Giny.Protocol/Types/Game/Context/Fight/FightLoot.cs:10	2	objects:FightLootObject[];kamas:long
FightLootObject	4940	refs/dofus-server-client-2.68/server/giny/Sources/Giny.Protocol/Types/Game/Context/Fight/FightLootObject.cs:10	3	objectId:int;quantity:int;priorityHint:int
FightOptionsInformations	1641	refs/dofus-server-client-2.68/server/giny/Sources/Giny.Protocol/Types/Game/Context/Fight/FightOptionsInformations.cs:10	4	isSecret:bool;isRestrictedToPartyOnly:bool;isClosed:bool;isAskingForHelp:bool
FightPhase	5435	refs/dofus-server-client-2.68/server/giny/Sources/Giny.Protocol/Types/Game/Context/Fight/FightPhase.cs:10	2	phase:byte;phaseEndTimeStamp:double
FightResultAdditionalData	6226	refs/dofus-server-client-2.68/server/giny/Sources/Giny.Protocol/Types/Game/Context/Fight/FightResultAdditionalData.cs:10	0	
FightResultExperienceData	3328	refs/dofus-server-client-2.68/server/giny/Sources/Giny.Protocol/Types/Game/Context/Fight/FightResultExperienceData.cs:10	14	experience:long;showExperience:bool;experienceLevelFloor:long;showExperienceLevelFloor:bool;experienceNextLevelFloor:long;showExperienceNextLevelFloor:bool;experienceFightDelta:long;showExperienceFightDelta:bool;experienceForGuild:long;showExperienceForGuild:bool;experienceForMount:long;showExperienceForMount:bool;isIncarnationExperience:bool;rerollExperienceMul:byte
FightResultFighterListEntry	4005	refs/dofus-server-client-2.68/server/giny/Sources/Giny.Protocol/Types/Game/Context/Fight/FightResultFighterListEntry.cs:10	2	id:double;alive:bool
FightResultListEntry	1699	refs/dofus-server-client-2.68/server/giny/Sources/Giny.Protocol/Types/Game/Context/Fight/FightResultListEntry.cs:10	3	outcome:short;wave:byte;rewards:FightLoot
FightResultMutantListEntry	1132	refs/dofus-server-client-2.68/server/giny/Sources/Giny.Protocol/Types/Game/Context/Fight/FightResultMutantListEntry.cs:10	1	level:short
FightResultPlayerListEntry	1467	refs/dofus-server-client-2.68/server/giny/Sources/Giny.Protocol/Types/Game/Context/Fight/FightResultPlayerListEntry.cs:10	2	level:short;additional:FightResultAdditionalData[]
FightResultPvpData	3270	refs/dofus-server-client-2.68/server/giny/Sources/Giny.Protocol/Types/Game/Context/Fight/FightResultPvpData.cs:10	5	grade:byte;minHonorForGrade:short;maxHonorForGrade:short;honor:short;honorDelta:short
FightResultTaxCollectorListEntry	1075	refs/dofus-server-client-2.68/server/giny/Sources/Giny.Protocol/Types/Game/Context/Fight/FightResultTaxCollectorListEntry.cs:10	1	allianceInfo:BasicAllianceInformations
FightStartingPositions	2219	refs/dofus-server-client-2.68/server/giny/Sources/Giny.Protocol/Types/Game/Context/Fight/FightStartingPositions.cs:10	2	positionsForChallengers:short[];positionsForDefenders:short[]
FightTeamInformations	8922	refs/dofus-server-client-2.68/server/giny/Sources/Giny.Protocol/Types/Game/Context/Fight/FightTeamInformations.cs:10	1	teamMembers:FightTeamMemberInformations[]
FightTeamLightInformations	2652	refs/dofus-server-client-2.68/server/giny/Sources/Giny.Protocol/Types/Game/Context/Fight/FightTeamLightInformations.cs:10	7	teamMembersCount:byte;meanLevel:int;hasFriend:bool;hasGuildMember:bool;hasAllianceMember:bool;hasGroupMember:bool;hasMyTaxCollector:bool
FightTeamMemberCharacterInformations	3236	refs/dofus-server-client-2.68/server/giny/Sources/Giny.Protocol/Types/Game/Context/Fight/FightTeamMemberCharacterInformations.cs:10	2	name:string;level:short
FightTeamMemberEntityInformation	4058	refs/dofus-server-client-2.68/server/giny/Sources/Giny.Protocol/Types/Game/Context/Fight/FightTeamMemberEntityInformation.cs:10	3	entityModelId:byte;level:short;masterId:double
FightTeamMemberInformations	1196	refs/dofus-server-client-2.68/server/giny/Sources/Giny.Protocol/Types/Game/Context/Fight/FightTeamMemberInformations.cs:10	1	id:double
FightTeamMemberMonsterInformations	3080	refs/dofus-server-client-2.68/server/giny/Sources/Giny.Protocol/Types/Game/Context/Fight/FightTeamMemberMonsterInformations.cs:10	2	monsterId:int;grade:byte
FightTeamMemberTaxCollectorInformations	9811	refs/dofus-server-client-2.68/server/giny/Sources/Giny.Protocol/Types/Game/Context/Fight/FightTeamMemberTaxCollectorInformations.cs:10	4	firstNameId:short;lastNameId:short;groupId:int;uid:double
FightTeamMemberWithAllianceCharacterInformations	4930	refs/dofus-server-client-2.68/server/giny/Sources/Giny.Protocol/Types/Game/Context/Fight/FightTeamMemberWithAllianceCharacterInformations.cs:10	1	allianceInfos:BasicAllianceInformations
GameContextBasicSpawnInformation	8501	refs/dofus-server-client-2.68/server/giny/Sources/Giny.Protocol/Types/Game/Context/Fight/GameContextBasicSpawnInformation.cs:10	3	teamId:byte;alive:bool;informations:GameContextActorPositionInformations
GameContextSummonsInformation	3745	refs/dofus-server-client-2.68/server/giny/Sources/Giny.Protocol/Types/Game/Context/Fight/GameContextSummonsInformation.cs:10	5	spawnInformation:SpawnInformation;wave:byte;look:EntityLook;stats:GameFightCharacteristics;summons:GameContextBasicSpawnInformation[]
GameFightAIInformations	4653	refs/dofus-server-client-2.68/server/giny/Sources/Giny.Protocol/Types/Game/Context/Fight/GameFightAIInformations.cs:10	0	
GameFightCharacterInformations	1332	refs/dofus-server-client-2.68/server/giny/Sources/Giny.Protocol/Types/Game/Context/Fight/GameFightCharacterInformations.cs:10	4	level:short;alignmentInfos:ActorAlignmentInformations;breed:byte;sex:bool
GameFightCharacteristics	2892	refs/dofus-server-client-2.68/server/giny/Sources/Giny.Protocol/Types/Game/Context/Fight/GameFightCharacteristics.cs:10	4	characteristics:CharacterCharacteristics;summoner:double;summoned:bool;invisibilityState:byte
GameFightEffectTriggerCount	4051	refs/dofus-server-client-2.68/server/giny/Sources/Giny.Protocol/Types/Game/Context/Fight/GameFightEffectTriggerCount.cs:10	3	effectId:int;targetId:double;count:short
GameFightEntityInformation	7538	refs/dofus-server-client-2.68/server/giny/Sources/Giny.Protocol/Types/Game/Context/Fight/GameFightEntityInformation.cs:10	3	entityModelId:byte;level:short;masterId:double
GameFightFighterEntityLightInformation	8775	refs/dofus-server-client-2.68/server/giny/Sources/Giny.Protocol/Types/Game/Context/Fight/GameFightFighterEntityLightInformation.cs:10	2	entityModelId:byte;masterId:double
GameFightFighterInformations	486	refs/dofus-server-client-2.68/server/giny/Sources/Giny.Protocol/Types/Game/Context/Fight/GameFightFighterInformations.cs:10	4	spawnInfo:GameContextBasicSpawnInformation;wave:byte;stats:GameFightCharacteristics;previousPositions:short[]
GameFightFighterLightInformations	7874	refs/dofus-server-client-2.68/server/giny/Sources/Giny.Protocol/Types/Game/Context/Fight/GameFightFighterLightInformations.cs:10	6	id:double;wave:byte;level:short;breed:byte;sex:bool;alive:bool
GameFightFighterMonsterLightInformations	9343	refs/dofus-server-client-2.68/server/giny/Sources/Giny.Protocol/Types/Game/Context/Fight/GameFightFighterMonsterLightInformations.cs:10	1	creatureGenericId:short
GameFightFighterNamedInformations	5498	refs/dofus-server-client-2.68/server/giny/Sources/Giny.Protocol/Types/Game/Context/Fight/GameFightFighterNamedInformations.cs:10	5	name:string;status:PlayerStatus;leagueId:short;ladderPosition:int;hiddenInPrefight:bool
GameFightFighterNamedLightInformations	4905	refs/dofus-server-client-2.68/server/giny/Sources/Giny.Protocol/Types/Game/Context/Fight/GameFightFighterNamedLightInformations.cs:10	1	name:string
GameFightFighterTaxCollectorLightInformations	9215	refs/dofus-server-client-2.68/server/giny/Sources/Giny.Protocol/Types/Game/Context/Fight/GameFightFighterTaxCollectorLightInformations.cs:10	2	firstNameId:short;lastNameId:short
GameFightMonsterInformations	6284	refs/dofus-server-client-2.68/server/giny/Sources/Giny.Protocol/Types/Game/Context/Fight/GameFightMonsterInformations.cs:10	3	creatureGenericId:short;creatureGrade:byte;creatureLevel:short
GameFightMonsterWithAlignmentInformations	7765	refs/dofus-server-client-2.68/server/giny/Sources/Giny.Protocol/Types/Game/Context/Fight/GameFightMonsterWithAlignmentInformations.cs:10	1	alignmentInfos:ActorAlignmentInformations
GameFightMutantInformations	2950	refs/dofus-server-client-2.68/server/giny/Sources/Giny.Protocol/Types/Game/Context/Fight/GameFightMutantInformations.cs:10	1	powerLevel:byte
GameFightResumeSlaveInfo	6321	refs/dofus-server-client-2.68/server/giny/Sources/Giny.Protocol/Types/Game/Context/Fight/GameFightResumeSlaveInfo.cs:10	4	slaveId:double;spellCooldowns:GameFightSpellCooldown[];summonCount:byte;bombCount:byte
GameFightSpellCooldown	8809	refs/dofus-server-client-2.68/server/giny/Sources/Giny.Protocol/Types/Game/Context/Fight/GameFightSpellCooldown.cs:10	2	spellId:int;cooldown:byte
GameFightTaxCollectorInformations	5929	refs/dofus-server-client-2.68/server/giny/Sources/Giny.Protocol/Types/Game/Context/Fight/GameFightTaxCollectorInformations.cs:10	2	firstNameId:short;lastNameId:short
SpawnCharacterInformation	6545	refs/dofus-server-client-2.68/server/giny/Sources/Giny.Protocol/Types/Game/Context/Fight/SpawnCharacterInformation.cs:10	2	name:string;level:short
SpawnCompanionInformation	7699	refs/dofus-server-client-2.68/server/giny/Sources/Giny.Protocol/Types/Game/Context/Fight/SpawnCompanionInformation.cs:10	4	modelId:byte;level:short;summonerId:double;ownerId:double
SpawnInformation	5624	refs/dofus-server-client-2.68/server/giny/Sources/Giny.Protocol/Types/Game/Context/Fight/SpawnInformation.cs:10	0	
SpawnMonsterInformation	3481	refs/dofus-server-client-2.68/server/giny/Sources/Giny.Protocol/Types/Game/Context/Fight/SpawnMonsterInformation.cs:10	1	creatureGrade:byte
SpawnScaledMonsterInformation	606	refs/dofus-server-client-2.68/server/giny/Sources/Giny.Protocol/Types/Game/Context/Fight/SpawnScaledMonsterInformation.cs:10	1	creatureLevel:short
FightEntityDispositionInformations	8497	refs/dofus-server-client-2.68/server/giny/Sources/Giny.Protocol/Types/Game/Context/FightEntityDispositionInformations.cs:10	1	carryingCharacterId:double
GameContextActorInformations	7738	refs/dofus-server-client-2.68/server/giny/Sources/Giny.Protocol/Types/Game/Context/GameContextActorInformations.cs:10	1	look:EntityLook
GameContextActorPositionInformations	4277	refs/dofus-server-client-2.68/server/giny/Sources/Giny.Protocol/Types/Game/Context/GameContextActorPositionInformations.cs:10	2	contextualId:double;disposition:EntityDispositionInformations
GameRolePlayTaxCollectorInformations	7225	refs/dofus-server-client-2.68/server/giny/Sources/Giny.Protocol/Types/Game/Context/GameRolePlayTaxCollectorInformations.cs:10	2	identification:TaxCollectorStaticInformations;taxCollectorAttack:int
IdentifiedEntityDispositionInformations	3464	refs/dofus-server-client-2.68/server/giny/Sources/Giny.Protocol/Types/Game/Context/IdentifiedEntityDispositionInformations.cs:10	1	id:double
MapCoordinates	5969	refs/dofus-server-client-2.68/server/giny/Sources/Giny.Protocol/Types/Game/Context/MapCoordinates.cs:10	2	worldX:short;worldY:short
MapCoordinatesAndId	3053	refs/dofus-server-client-2.68/server/giny/Sources/Giny.Protocol/Types/Game/Context/MapCoordinatesAndId.cs:10	1	mapId:double
MapCoordinatesExtended	7628	refs/dofus-server-client-2.68/server/giny/Sources/Giny.Protocol/Types/Game/Context/MapCoordinatesExtended.cs:10	1	subAreaId:short
AlignmentWarEffortInformation	6153	refs/dofus-server-client-2.68/server/giny/Sources/Giny.Protocol/Types/Game/Context/Roleplay/Alignment/War/Effort/AlignmentWarEffortInformation.cs:10	2	alignmentSide:byte;alignmentWarEffort:long
AllianceInformation	3263	refs/dofus-server-client-2.68/server/giny/Sources/Giny.Protocol/Types/Game/Context/Roleplay/AllianceInformation.cs:10	1	allianceEmblem:SocialEmblem
AlternativeMonstersInGroupLightInformations	539	refs/dofus-server-client-2.68/server/giny/Sources/Giny.Protocol/Types/Game/Context/Roleplay/AlternativeMonstersInGroupLightInformations.cs:10	2	playerCount:int;monsters:MonsterInGroupLightInformations[]
AnomalySubareaInformation	3659	refs/dofus-server-client-2.68/server/giny/Sources/Giny.Protocol/Types/Game/Context/Roleplay/AnomalySubareaInformation.cs:10	4	subAreaId:short;rewardRate:short;hasAnomaly:bool;anomalyClosingTime:long
AtlasPointsInformations	3823	refs/dofus-server-client-2.68/server/giny/Sources/Giny.Protocol/Types/Game/Context/Roleplay/AtlasPointsInformations.cs:10	2	type:byte;coords:MapCoordinatesExtended[]
BasicAllianceInformations	1958	refs/dofus-server-client-2.68/server/giny/Sources/Giny.Protocol/Types/Game/Context/Roleplay/BasicAllianceInformations.cs:10	2	allianceId:int;allianceTag:string
BasicGuildInformations	8444	refs/dofus-server-client-2.68/server/giny/Sources/Giny.Protocol/Types/Game/Context/Roleplay/BasicGuildInformations.cs:10	3	guildId:int;guildName:string;guildLevel:byte
BasicNamedAllianceInformations	6986	refs/dofus-server-client-2.68/server/giny/Sources/Giny.Protocol/Types/Game/Context/Roleplay/BasicNamedAllianceInformations.cs:10	1	allianceName:string
BreachBranch	5116	refs/dofus-server-client-2.68/server/giny/Sources/Giny.Protocol/Types/Game/Context/Roleplay/Breach/BreachBranch.cs:10	7	room:byte;element:int;bosses:MonsterInGroupLightInformations[];map:double;score:short;relativeScore:short;monsters:MonsterInGroupLightInformations[]
BreachReward	3634	refs/dofus-server-client-2.68/server/giny/Sources/Giny.Protocol/Types/Game/Context/Roleplay/Breach/BreachReward.cs:10	5	id:int;buyLocks:byte[];buyCriterion:string;remainingQty:int;price:int
ExtendedBreachBranch	1449	refs/dofus-server-client-2.68/server/giny/Sources/Giny.Protocol/Types/Game/Context/Roleplay/Breach/ExtendedBreachBranch.cs:10	3	rewards:BreachReward[];modifier:int;prize:int
ExtendedLockedBreachBranch	5343	refs/dofus-server-client-2.68/server/giny/Sources/Giny.Protocol/Types/Game/Context/Roleplay/Breach/ExtendedLockedBreachBranch.cs:10	1	unlockPrice:int
ArenaLeagueRanking	561	refs/dofus-server-client-2.68/server/giny/Sources/Giny.Protocol/Types/Game/Context/Roleplay/Fight/Arena/ArenaLeagueRanking.cs:10	5	rank:short;leagueId:short;leaguePoints:short;totalLeaguePoints:short;ladderPosition:int
ArenaRankInfos	8800	refs/dofus-server-client-2.68/server/giny/Sources/Giny.Protocol/Types/Game/Context/Roleplay/Fight/Arena/ArenaRankInfos.cs:10	5	ranking:ArenaRanking;leagueRanking:ArenaLeagueRanking;victoryCount:short;fightcount:short;numFightNeededForLadder:short
ArenaRanking	3529	refs/dofus-server-client-2.68/server/giny/Sources/Giny.Protocol/Types/Game/Context/Roleplay/Fight/Arena/ArenaRanking.cs:10	2	rank:short;bestRank:short
LeagueFriendInformations	6716	refs/dofus-server-client-2.68/server/giny/Sources/Giny.Protocol/Types/Game/Context/Roleplay/Fight/Arena/LeagueFriendInformations.cs:10	8	playerId:long;playerName:string;breed:byte;sex:bool;level:short;leagueId:short;totalLeaguePoints:short;ladderPosition:int
GameRolePlayActorInformations	9162	refs/dofus-server-client-2.68/server/giny/Sources/Giny.Protocol/Types/Game/Context/Roleplay/GameRolePlayActorInformations.cs:10	0	
GameRolePlayCharacterInformations	9497	refs/dofus-server-client-2.68/server/giny/Sources/Giny.Protocol/Types/Game/Context/Roleplay/GameRolePlayCharacterInformations.cs:10	1	alignmentInfos:ActorAlignmentInformations
GameRolePlayGroupMonsterInformations	7008	refs/dofus-server-client-2.68/server/giny/Sources/Giny.Protocol/Types/Game/Context/Roleplay/GameRolePlayGroupMonsterInformations.cs:10	4	lootShare:byte;alignmentSide:byte;hasHardcoreDrop:bool;staticInfos:GroupMonsterStaticInformations
GameRolePlayGroupMonsterWaveInformations	8988	refs/dofus-server-client-2.68/server/giny/Sources/Giny.Protocol/Types/Game/Context/Roleplay/GameRolePlayGroupMonsterWaveInformations.cs:10	2	nbWaves:byte;alternatives:GroupMonsterStaticInformations[]
GameRolePlayHumanoidInformations	8790	refs/dofus-server-client-2.68/server/giny/Sources/Giny.Protocol/Types/Game/Context/Roleplay/GameRolePlayHumanoidInformations.cs:10	2	humanoidInfo:HumanInformations;accountId:int
GameRolePlayMountInformations	3340	refs/dofus-server-client-2.68/server/giny/Sources/Giny.Protocol/Types/Game/Context/Roleplay/GameRolePlayMountInformations.cs:10	2	ownerName:string;level:byte
GameRolePlayMutantInformations	6556	refs/dofus-server-client-2.68/server/giny/Sources/Giny.Protocol/Types/Game/Context/Roleplay/GameRolePlayMutantInformations.cs:10	2	monsterId:short;powerLevel:byte
GameRolePlayNamedActorInformations	594	refs/dofus-server-client-2.68/server/giny/Sources/Giny.Protocol/Types/Game/Context/Roleplay/GameRolePlayNamedActorInformations.cs:10	1	name:string
GameRolePlayNpcInformations	2951	refs/dofus-server-client-2.68/server/giny/Sources/Giny.Protocol/Types/Game/Context/Roleplay/GameRolePlayNpcInformations.cs:10	3	npcId:short;sex:bool;specialArtworkId:short
GameRolePlayNpcWithQuestInformations	2889	refs/dofus-server-client-2.68/server/giny/Sources/Giny.Protocol/Types/Game/Context/Roleplay/GameRolePlayNpcWithQuestInformations.cs:10	1	questFlag:GameRolePlayNpcQuestFlag
GameRolePlayPortalInformations	4429	refs/dofus-server-client-2.68/server/giny/Sources/Giny.Protocol/Types/Game/Context/Roleplay/GameRolePlayPortalInformations.cs:10	1	portal:PortalInformation
GameRolePlayPrismInformations	9294	refs/dofus-server-client-2.68/server/giny/Sources/Giny.Protocol/Types/Game/Context/Roleplay/GameRolePlayPrismInformations.cs:10	1	prism:PrismInformation
GameRolePlayTreasureHintInformations	8092	refs/dofus-server-client-2.68/server/giny/Sources/Giny.Protocol/Types/Game/Context/Roleplay/GameRolePlayTreasureHintInformations.cs:10	1	npcId:short
GroupMonsterStaticInformations	2255	refs/dofus-server-client-2.68/server/giny/Sources/Giny.Protocol/Types/Game/Context/Roleplay/GroupMonsterStaticInformations.cs:10	2	mainCreatureLightInfos:MonsterInGroupLightInformations;underlings:MonsterInGroupInformations[]
GroupMonsterStaticInformationsWithAlternatives	1872	refs/dofus-server-client-2.68/server/giny/Sources/Giny.Protocol/Types/Game/Context/Roleplay/GroupMonsterStaticInformationsWithAlternatives.cs:10	1	alternatives:AlternativeMonstersInGroupLightInformations[]
GuildInformations	2358	refs/dofus-server-client-2.68/server/giny/Sources/Giny.Protocol/Types/Game/Context/Roleplay/GuildInformations.cs:10	1	guildEmblem:SocialEmblem
HumanInformations	6568	refs/dofus-server-client-2.68/server/giny/Sources/Giny.Protocol/Types/Game/Context/Roleplay/HumanInformations.cs:10	3	restrictions:ActorRestrictionsInformations;sex:bool;options:HumanOption[]
HumanOption	2920	refs/dofus-server-client-2.68/server/giny/Sources/Giny.Protocol/Types/Game/Context/Roleplay/HumanOption.cs:10	0	
HumanOptionAlliance	5811	refs/dofus-server-client-2.68/server/giny/Sources/Giny.Protocol/Types/Game/Context/Roleplay/HumanOptionAlliance.cs:10	2	allianceInformation:AllianceInformation;aggressable:byte
HumanOptionEmote	3316	refs/dofus-server-client-2.68/server/giny/Sources/Giny.Protocol/Types/Game/Context/Roleplay/HumanOptionEmote.cs:10	2	emoteId:short;emoteStartTime:double
HumanOptionFollowers	8012	refs/dofus-server-client-2.68/server/giny/Sources/Giny.Protocol/Types/Game/Context/Roleplay/HumanOptionFollowers.cs:10	1	followingCharactersLook:IndexedEntityLook[]
HumanOptionGuild	8515	refs/dofus-server-client-2.68/server/giny/Sources/Giny.Protocol/Types/Game/Context/Roleplay/HumanOptionGuild.cs:10	1	guildInformations:GuildInformations
HumanOptionObjectUse	4513	refs/dofus-server-client-2.68/server/giny/Sources/Giny.Protocol/Types/Game/Context/Roleplay/HumanOptionObjectUse.cs:10	3	delayTypeId:byte;delayEndTime:double;objectGID:int
HumanOptionOrnament	355	refs/dofus-server-client-2.68/server/giny/Sources/Giny.Protocol/Types/Game/Context/Roleplay/HumanOptionOrnament.cs:10	4	ornamentId:short;level:short;leagueId:short;ladderPosition:int
HumanOptionSkillUse	8721	refs/dofus-server-client-2.68/server/giny/Sources/Giny.Protocol/Types/Game/Context/Roleplay/HumanOptionSkillUse.cs:10	3	elementId:int;skillId:short;skillEndTime:double
HumanOptionSpeedMultiplier	3522	refs/dofus-server-client-2.68/server/giny/Sources/Giny.Protocol/Types/Game/Context/Roleplay/HumanOptionSpeedMultiplier.cs:10	1	speedMultiplier:int
HumanOptionTitle	7437	refs/dofus-server-client-2.68/server/giny/Sources/Giny.Protocol/Types/Game/Context/Roleplay/HumanOptionTitle.cs:10	2	titleId:short;titleParam:string
DecraftedItemStackInfo	216	refs/dofus-server-client-2.68/server/giny/Sources/Giny.Protocol/Types/Game/Context/Roleplay/Job/DecraftedItemStackInfo.cs:10	5	objectUID:int;bonusMin:float;bonusMax:float;runesId:int[];runesQty:int[]
JobBookSubscription	2960	refs/dofus-server-client-2.68/server/giny/Sources/Giny.Protocol/Types/Game/Context/Roleplay/Job/JobBookSubscription.cs:10	2	jobId:byte;subscribed:bool
JobCrafterDirectoryEntryJobInfo	2424	refs/dofus-server-client-2.68/server/giny/Sources/Giny.Protocol/Types/Game/Context/Roleplay/Job/JobCrafterDirectoryEntryJobInfo.cs:10	4	jobId:byte;jobLevel:byte;free:bool;minLevel:byte
JobCrafterDirectoryEntryPlayerInfo	642	refs/dofus-server-client-2.68/server/giny/Sources/Giny.Protocol/Types/Game/Context/Roleplay/Job/JobCrafterDirectoryEntryPlayerInfo.cs:10	12	playerId:long;playerName:string;alignmentSide:byte;breed:byte;sex:bool;isInWorkshop:bool;worldX:short;worldY:short;mapId:double;subAreaId:short;canCraftLegendary:bool;status:PlayerStatus
JobCrafterDirectoryListEntry	8615	refs/dofus-server-client-2.68/server/giny/Sources/Giny.Protocol/Types/Game/Context/Roleplay/Job/JobCrafterDirectoryListEntry.cs:10	2	playerInfo:JobCrafterDirectoryEntryPlayerInfo;jobInfo:JobCrafterDirectoryEntryJobInfo
JobCrafterDirectorySettings	3438	refs/dofus-server-client-2.68/server/giny/Sources/Giny.Protocol/Types/Game/Context/Roleplay/Job/JobCrafterDirectorySettings.cs:10	3	jobId:byte;minLevel:byte;free:bool
JobDescription	4847	refs/dofus-server-client-2.68/server/giny/Sources/Giny.Protocol/Types/Game/Context/Roleplay/Job/JobDescription.cs:10	2	jobId:byte;skills:SkillActionDescription[]
JobExperience	4237	refs/dofus-server-client-2.68/server/giny/Sources/Giny.Protocol/Types/Game/Context/Roleplay/Job/JobExperience.cs:10	5	jobId:byte;jobLevel:byte;jobXP:long;jobXpLevelFloor:long;jobXpNextLevelFloor:long
MonsterBoosts	876	refs/dofus-server-client-2.68/server/giny/Sources/Giny.Protocol/Types/Game/Context/Roleplay/MonsterBoosts.cs:10	3	id:int;xpBoost:short;dropBoost:short
MonsterInGroupInformations	902	refs/dofus-server-client-2.68/server/giny/Sources/Giny.Protocol/Types/Game/Context/Roleplay/MonsterInGroupInformations.cs:10	1	look:EntityLook
MonsterInGroupLightInformations	5721	refs/dofus-server-client-2.68/server/giny/Sources/Giny.Protocol/Types/Game/Context/Roleplay/MonsterInGroupLightInformations.cs:10	3	genericId:int;grade:byte;level:short
MapNpcQuestInfo	8369	refs/dofus-server-client-2.68/server/giny/Sources/Giny.Protocol/Types/Game/Context/Roleplay/Npc/MapNpcQuestInfo.cs:10	3	mapId:double;npcsIdsWithQuest:int[];questFlags:GameRolePlayNpcQuestFlag[]
ObjectItemInRolePlay	2267	refs/dofus-server-client-2.68/server/giny/Sources/Giny.Protocol/Types/Game/Context/Roleplay/ObjectItemInRolePlay.cs:10	2	cellId:short;objectGID:int
DungeonPartyFinderPlayer	9241	refs/dofus-server-client-2.68/server/giny/Sources/Giny.Protocol/Types/Game/Context/Roleplay/Party/DungeonPartyFinderPlayer.cs:10	5	playerId:long;playerName:string;breed:byte;sex:bool;level:short
PartyEntityBaseInformation	9722	refs/dofus-server-client-2.68/server/giny/Sources/Giny.Protocol/Types/Game/Context/Roleplay/Party/Entity/PartyEntityBaseInformation.cs:10	3	indexId:byte;entityModelId:byte;entityLook:EntityLook
PartyEntityMemberInformation	9590	refs/dofus-server-client-2.68/server/giny/Sources/Giny.Protocol/Types/Game/Context/Roleplay/Party/Entity/PartyEntityMemberInformation.cs:10	5	initiative:int;lifePoints:int;maxLifePoints:int;prospecting:int;regenRate:byte
NamedPartyTeam	6881	refs/dofus-server-client-2.68/server/giny/Sources/Giny.Protocol/Types/Game/Context/Roleplay/Party/NamedPartyTeam.cs:10	2	teamId:byte;partyName:string
NamedPartyTeamWithOutcome	6201	refs/dofus-server-client-2.68/server/giny/Sources/Giny.Protocol/Types/Game/Context/Roleplay/Party/NamedPartyTeamWithOutcome.cs:10	2	team:NamedPartyTeam;outcome:short
PartyGuestInformations	7304	refs/dofus-server-client-2.68/server/giny/Sources/Giny.Protocol/Types/Game/Context/Roleplay/Party/PartyGuestInformations.cs:10	8	guestId:long;hostId:long;name:string;guestLook:EntityLook;breed:byte;sex:bool;status:PlayerStatus;entities:PartyEntityBaseInformation[]
PartyInvitationMemberInformations	5638	refs/dofus-server-client-2.68/server/giny/Sources/Giny.Protocol/Types/Game/Context/Roleplay/Party/PartyInvitationMemberInformations.cs:10	5	worldX:short;worldY:short;mapId:double;subAreaId:short;entities:PartyEntityBaseInformation[]
PartyMemberArenaInformations	6541	refs/dofus-server-client-2.68/server/giny/Sources/Giny.Protocol/Types/Game/Context/Roleplay/Party/PartyMemberArenaInformations.cs:10	1	rank:short
PartyMemberGeoPosition	7799	refs/dofus-server-client-2.68/server/giny/Sources/Giny.Protocol/Types/Game/Context/Roleplay/Party/PartyMemberGeoPosition.cs:10	5	memberId:int;worldX:short;worldY:short;mapId:double;subAreaId:short
PartyMemberInformations	7992	refs/dofus-server-client-2.68/server/giny/Sources/Giny.Protocol/Types/Game/Context/Roleplay/Party/PartyMemberInformations.cs:10	12	lifePoints:int;maxLifePoints:int;prospecting:int;regenRate:byte;initiative:int;alignmentSide:byte;worldX:short;worldY:short;mapId:double;subAreaId:short;status:PlayerStatus;entities:PartyEntityBaseInformation[]
GameRolePlayNpcQuestFlag	252	refs/dofus-server-client-2.68/server/giny/Sources/Giny.Protocol/Types/Game/Context/Roleplay/Quest/GameRolePlayNpcQuestFlag.cs:10	2	questsToValidId:short[];questsToStartId:short[]
QuestActiveDetailedInformations	2347	refs/dofus-server-client-2.68/server/giny/Sources/Giny.Protocol/Types/Game/Context/Roleplay/Quest/QuestActiveDetailedInformations.cs:10	2	stepId:short;objectives:QuestObjectiveInformations[]
QuestActiveInformations	4012	refs/dofus-server-client-2.68/server/giny/Sources/Giny.Protocol/Types/Game/Context/Roleplay/Quest/QuestActiveInformations.cs:10	1	questId:short
QuestObjectiveInformations	3099	refs/dofus-server-client-2.68/server/giny/Sources/Giny.Protocol/Types/Game/Context/Roleplay/Quest/QuestObjectiveInformations.cs:10	3	objectiveId:short;objectiveStatus:bool;dialogParams:string[]
QuestObjectiveInformationsWithCompletion	2377	refs/dofus-server-client-2.68/server/giny/Sources/Giny.Protocol/Types/Game/Context/Roleplay/Quest/QuestObjectiveInformationsWithCompletion.cs:10	2	curCompletion:short;maxCompletion:short
PortalInformation	2687	refs/dofus-server-client-2.68/server/giny/Sources/Giny.Protocol/Types/Game/Context/Roleplay/TreasureHunt/PortalInformation.cs:10	2	portalId:int;areaId:short
TreasureHuntFlag	4127	refs/dofus-server-client-2.68/server/giny/Sources/Giny.Protocol/Types/Game/Context/Roleplay/TreasureHunt/TreasureHuntFlag.cs:10	2	mapId:double;state:byte
TreasureHuntStep	4064	refs/dofus-server-client-2.68/server/giny/Sources/Giny.Protocol/Types/Game/Context/Roleplay/TreasureHunt/TreasureHuntStep.cs:10	0	
TreasureHuntStepDig	6844	refs/dofus-server-client-2.68/server/giny/Sources/Giny.Protocol/Types/Game/Context/Roleplay/TreasureHunt/TreasureHuntStepDig.cs:10	0	
TreasureHuntStepFight	3707	refs/dofus-server-client-2.68/server/giny/Sources/Giny.Protocol/Types/Game/Context/Roleplay/TreasureHunt/TreasureHuntStepFight.cs:10	0	
TreasureHuntStepFollowDirection	7523	refs/dofus-server-client-2.68/server/giny/Sources/Giny.Protocol/Types/Game/Context/Roleplay/TreasureHunt/TreasureHuntStepFollowDirection.cs:10	2	direction:byte;mapCount:short
TreasureHuntStepFollowDirectionToHint	2292	refs/dofus-server-client-2.68/server/giny/Sources/Giny.Protocol/Types/Game/Context/Roleplay/TreasureHunt/TreasureHuntStepFollowDirectionToHint.cs:10	2	direction:byte;npcId:short
TreasureHuntStepFollowDirectionToPOI	9055	refs/dofus-server-client-2.68/server/giny/Sources/Giny.Protocol/Types/Game/Context/Roleplay/TreasureHunt/TreasureHuntStepFollowDirectionToPOI.cs:10	2	direction:byte;poiLabelId:short
TaxCollectorStaticInformations	7297	refs/dofus-server-client-2.68/server/giny/Sources/Giny.Protocol/Types/Game/Context/TaxCollectorStaticInformations.cs:10	4	firstNameId:short;lastNameId:short;allianceIdentity:AllianceInformation;callerId:long
BidExchangerObjectInfo	3317	refs/dofus-server-client-2.68/server/giny/Sources/Giny.Protocol/Types/Game/Data/Items/BidExchangerObjectInfo.cs:10	5	objectUID:int;objectGID:int;objectType:int;effects:ObjectEffect[];prices:long[]
ObjectEffect	2700	refs/dofus-server-client-2.68/server/giny/Sources/Giny.Protocol/Types/Game/Data/Items/Effects/ObjectEffect.cs:10	1	actionId:short
ObjectEffectCreature	6756	refs/dofus-server-client-2.68/server/giny/Sources/Giny.Protocol/Types/Game/Data/Items/Effects/ObjectEffectCreature.cs:10	1	monsterFamilyId:short
ObjectEffectDate	396	refs/dofus-server-client-2.68/server/giny/Sources/Giny.Protocol/Types/Game/Data/Items/Effects/ObjectEffectDate.cs:10	5	year:short;month:byte;day:byte;hour:byte;minute:byte
ObjectEffectDice	1988	refs/dofus-server-client-2.68/server/giny/Sources/Giny.Protocol/Types/Game/Data/Items/Effects/ObjectEffectDice.cs:10	3	diceNum:int;diceSide:int;diceConst:int
ObjectEffectDuration	7910	refs/dofus-server-client-2.68/server/giny/Sources/Giny.Protocol/Types/Game/Data/Items/Effects/ObjectEffectDuration.cs:10	3	days:short;hours:byte;minutes:byte
ObjectEffectInteger	9292	refs/dofus-server-client-2.68/server/giny/Sources/Giny.Protocol/Types/Game/Data/Items/Effects/ObjectEffectInteger.cs:10	1	value:int
ObjectEffectLadder	9404	refs/dofus-server-client-2.68/server/giny/Sources/Giny.Protocol/Types/Game/Data/Items/Effects/ObjectEffectLadder.cs:10	1	monsterCount:int
ObjectEffectMinMax	6229	refs/dofus-server-client-2.68/server/giny/Sources/Giny.Protocol/Types/Game/Data/Items/Effects/ObjectEffectMinMax.cs:10	2	min:int;max:int
ObjectEffectMount	5138	refs/dofus-server-client-2.68/server/giny/Sources/Giny.Protocol/Types/Game/Data/Items/Effects/ObjectEffectMount.cs:10	14	id:long;expirationDate:long;model:int;name:string;owner:string;level:byte;sex:bool;isRideable:bool;isFeconded:bool;isFecondationReady:bool;reproductionCount:int;reproductionCountMax:int;effects:ObjectEffectInteger[];capacities:int[]
ObjectEffectString	6359	refs/dofus-server-client-2.68/server/giny/Sources/Giny.Protocol/Types/Game/Data/Items/Effects/ObjectEffectString.cs:10	1	value:string
ForgettableSpellItem	4285	refs/dofus-server-client-2.68/server/giny/Sources/Giny.Protocol/Types/Game/Data/Items/ForgettableSpellItem.cs:10	1	available:bool
GoldItem	6097	refs/dofus-server-client-2.68/server/giny/Sources/Giny.Protocol/Types/Game/Data/Items/GoldItem.cs:10	1	sum:long
Item	2946	refs/dofus-server-client-2.68/server/giny/Sources/Giny.Protocol/Types/Game/Data/Items/Item.cs:10	0	
ObjectEffects	1985	refs/dofus-server-client-2.68/server/giny/Sources/Giny.Protocol/Types/Game/Data/Items/ObjectEffects.cs:10	1	effects:ObjectEffect[]
ObjectItem	9429	refs/dofus-server-client-2.68/server/giny/Sources/Giny.Protocol/Types/Game/Data/Items/ObjectItem.cs:10	5	position:short;objectGID:int;effects:ObjectEffect[];objectUID:int;quantity:int
ObjectItemGenericQuantity	2187	refs/dofus-server-client-2.68/server/giny/Sources/Giny.Protocol/Types/Game/Data/Items/ObjectItemGenericQuantity.cs:10	2	objectGID:int;quantity:int
ObjectItemInformationWithQuantity	4410	refs/dofus-server-client-2.68/server/giny/Sources/Giny.Protocol/Types/Game/Data/Items/ObjectItemInformationWithQuantity.cs:10	1	quantity:int
ObjectItemMinimalInformation	1626	refs/dofus-server-client-2.68/server/giny/Sources/Giny.Protocol/Types/Game/Data/Items/ObjectItemMinimalInformation.cs:10	2	objectGID:int;effects:ObjectEffect[]
ObjectItemNotInContainer	7047	refs/dofus-server-client-2.68/server/giny/Sources/Giny.Protocol/Types/Game/Data/Items/ObjectItemNotInContainer.cs:10	4	objectGID:int;effects:ObjectEffect[];objectUID:int;quantity:int
ObjectItemQuantity	4778	refs/dofus-server-client-2.68/server/giny/Sources/Giny.Protocol/Types/Game/Data/Items/ObjectItemQuantity.cs:10	2	objectUID:int;quantity:int
ObjectItemQuantityPriceDateEffects	7856	refs/dofus-server-client-2.68/server/giny/Sources/Giny.Protocol/Types/Game/Data/Items/ObjectItemQuantityPriceDateEffects.cs:10	3	price:long;effects:ObjectEffects;date:int
ObjectItemToSell	4245	refs/dofus-server-client-2.68/server/giny/Sources/Giny.Protocol/Types/Game/Data/Items/ObjectItemToSell.cs:10	5	objectGID:int;effects:ObjectEffect[];objectUID:int;quantity:int;objectPrice:long
ObjectItemToSellInBid	6	refs/dofus-server-client-2.68/server/giny/Sources/Giny.Protocol/Types/Game/Data/Items/ObjectItemToSellInBid.cs:10	1	unsoldDelay:int
ObjectItemToSellInNpcShop	5192	refs/dofus-server-client-2.68/server/giny/Sources/Giny.Protocol/Types/Game/Data/Items/ObjectItemToSellInNpcShop.cs:10	2	objectPrice:long;buyCriterion:string
SellerBuyerDescriptor	1317	refs/dofus-server-client-2.68/server/giny/Sources/Giny.Protocol/Types/Game/Data/Items/SellerBuyerDescriptor.cs:10	8	quantities:int[];types:int[];taxPercentage:float;taxModificationPercentage:float;maxItemLevel:byte;maxItemPerAccount:int;npcContextualId:int;unsoldDelay:short
SpellItem	6177	refs/dofus-server-client-2.68/server/giny/Sources/Giny.Protocol/Types/Game/Data/Items/SpellItem.cs:10	2	spellId:int;spellLevel:short
EntityInformation	6144	refs/dofus-server-client-2.68/server/giny/Sources/Giny.Protocol/Types/Game/Entity/EntityInformation.cs:10	3	id:short;experience:int;status:bool
ProtectedEntityWaitingForHelpInfo	8921	refs/dofus-server-client-2.68/server/giny/Sources/Giny.Protocol/Types/Game/Fight/ProtectedEntityWaitingForHelpInfo.cs:10	3	timeLeftBeforeFight:int;waitTimeForPlacement:int;nbPositionForDefensors:byte
FinishMoveInformations	9504	refs/dofus-server-client-2.68/server/giny/Sources/Giny.Protocol/Types/Game/Finishmoves/FinishMoveInformations.cs:10	2	finishMoveId:int;finishMoveState:bool
AbstractContactInformations	2944	refs/dofus-server-client-2.68/server/giny/Sources/Giny.Protocol/Types/Game/Friend/AbstractContactInformations.cs:10	2	accountId:int;accountTag:AccountTagInformation
AcquaintanceInformation	1170	refs/dofus-server-client-2.68/server/giny/Sources/Giny.Protocol/Types/Game/Friend/AcquaintanceInformation.cs:10	1	playerState:byte
AcquaintanceOnlineInformation	7696	refs/dofus-server-client-2.68/server/giny/Sources/Giny.Protocol/Types/Game/Friend/AcquaintanceOnlineInformation.cs:10	4	playerId:long;playerName:string;moodSmileyId:short;status:PlayerStatus
FriendInformations	9	refs/dofus-server-client-2.68/server/giny/Sources/Giny.Protocol/Types/Game/Friend/FriendInformations.cs:10	5	playerState:byte;lastConnection:short;achievementPoints:int;leagueId:short;ladderPosition:int
FriendOnlineInformations	6761	refs/dofus-server-client-2.68/server/giny/Sources/Giny.Protocol/Types/Game/Friend/FriendOnlineInformations.cs:10	10	playerId:long;playerName:string;level:short;alignmentSide:byte;breed:byte;sex:bool;guildInfo:GuildInformations;moodSmileyId:short;status:PlayerStatus;havenBagShared:bool
FriendSpouseInformations	2963	refs/dofus-server-client-2.68/server/giny/Sources/Giny.Protocol/Types/Game/Friend/FriendSpouseInformations.cs:10	9	spouseAccountId:int;spouseId:long;spouseName:string;spouseLevel:short;breed:byte;sex:byte;spouseEntityLook:EntityLook;guildInfo:GuildInformations;alignmentSide:byte
FriendSpouseOnlineInformations	24	refs/dofus-server-client-2.68/server/giny/Sources/Giny.Protocol/Types/Game/Friend/FriendSpouseOnlineInformations.cs:10	4	mapId:double;subAreaId:short;inFight:bool;followSpouse:bool
IgnoredInformations	4916	refs/dofus-server-client-2.68/server/giny/Sources/Giny.Protocol/Types/Game/Friend/IgnoredInformations.cs:10	0	
IgnoredOnlineInformations	9704	refs/dofus-server-client-2.68/server/giny/Sources/Giny.Protocol/Types/Game/Friend/IgnoredOnlineInformations.cs:10	4	playerId:long;playerName:string;breed:byte;sex:bool
Contribution	1331	refs/dofus-server-client-2.68/server/giny/Sources/Giny.Protocol/Types/Game/Guild/Contribution.cs:10	3	contributorId:long;contributorName:string;amount:long
GuildMemberInfo	5050	refs/dofus-server-client-2.68/server/giny/Sources/Giny.Protocol/Types/Game/Guild/GuildMemberInfo.cs:10	7	givenExperience:long;experienceGivenPercent:byte;alignmentSide:byte;moodSmileyId:short;achievementPoints:int;havenBagShared:bool;note:PlayerNote
HavenBagFurnitureInformation	2261	refs/dofus-server-client-2.68/server/giny/Sources/Giny.Protocol/Types/Game/Guild/HavenBagFurnitureInformation.cs:10	3	cellId:short;funitureId:int;orientation:byte
GuildLogbookChestActivity	6005	refs/dofus-server-client-2.68/server/giny/Sources/Giny.Protocol/Types/Game/Guild/Logbook/Chest/GuildLogbookChestActivity.cs:10	6	playerId:long;playerName:string;eventType:byte;quantity:int;sourceTabId:int;destinationTabId:int
GuildLevelUpActivity	3144	refs/dofus-server-client-2.68/server/giny/Sources/Giny.Protocol/Types/Game/Guild/Logbook/Global/GuildLevelUpActivity.cs:10	1	newGuildLevel:byte
GuildPaddockActivity	9496	refs/dofus-server-client-2.68/server/giny/Sources/Giny.Protocol/Types/Game/Guild/Logbook/Global/GuildPaddockActivity.cs:10	5	playerId:long;playerName:string;paddockCoordinates:MapCoordinatesExtended;farmId:double;paddockEventType:byte
GuildPlayerFlowActivity	418	refs/dofus-server-client-2.68/server/giny/Sources/Giny.Protocol/Types/Game/Guild/Logbook/Global/GuildPlayerFlowActivity.cs:10	3	playerId:long;playerName:string;playerFlowEventType:byte
GuildPlayerRankUpdateActivity	2109	refs/dofus-server-client-2.68/server/giny/Sources/Giny.Protocol/Types/Game/Guild/Logbook/Global/GuildPlayerRankUpdateActivity.cs:10	5	guildRankMinimalInfos:RankMinimalInformation;sourcePlayerId:long;targetPlayerId:long;sourcePlayerName:string;targetPlayerName:string
GuildRankActivity	7599	refs/dofus-server-client-2.68/server/giny/Sources/Giny.Protocol/Types/Game/Guild/Logbook/Global/GuildRankActivity.cs:10	2	rankActivityType:byte;guildRankMinimalInfos:RankMinimalInformation
GuildUnlockNewTabActivity	2924	refs/dofus-server-client-2.68/server/giny/Sources/Giny.Protocol/Types/Game/Guild/Logbook/Global/GuildUnlockNewTabActivity.cs:10	0	
GuildLogbookEntryBasicInformation	9523	refs/dofus-server-client-2.68/server/giny/Sources/Giny.Protocol/Types/Game/Guild/Logbook/GuildLogbookEntryBasicInformation.cs:10	2	id:int;date:double
RankPublicInformation	8064	refs/dofus-server-client-2.68/server/giny/Sources/Giny.Protocol/Types/Game/Guild/RankPublicInformation.cs:10	2	order:int;gfxId:int
GuildRecruitmentInformation	8160	refs/dofus-server-client-2.68/server/giny/Sources/Giny.Protocol/Types/Game/Guild/Recruitment/GuildRecruitmentInformation.cs:10	2	minSuccess:int;minSuccessFacultative:bool
HavenBagRoomPreviewInformation	5153	refs/dofus-server-client-2.68/server/giny/Sources/Giny.Protocol/Types/Game/Havenbag/HavenBagRoomPreviewInformation.cs:10	2	roomId:byte;themeId:byte
AccountHouseInformations	7977	refs/dofus-server-client-2.68/server/giny/Sources/Giny.Protocol/Types/Game/House/AccountHouseInformations.cs:10	5	houseInfos:HouseInstanceInformations;worldX:short;worldY:short;mapId:double;subAreaId:short
HouseGuildedInformations	4880	refs/dofus-server-client-2.68/server/giny/Sources/Giny.Protocol/Types/Game/House/HouseGuildedInformations.cs:10	1	guildInfo:GuildInformations
HouseInformations	5854	refs/dofus-server-client-2.68/server/giny/Sources/Giny.Protocol/Types/Game/House/HouseInformations.cs:10	2	houseId:int;modelId:short
HouseInformationsForGuild	5625	refs/dofus-server-client-2.68/server/giny/Sources/Giny.Protocol/Types/Game/House/HouseInformationsForGuild.cs:10	9	instanceId:int;secondHand:bool;ownerTag:AccountTagInformation;worldX:short;worldY:short;mapId:double;subAreaId:short;skillListIds:int[];guildshareParams:int
HouseInformationsForSell	4035	refs/dofus-server-client-2.68/server/giny/Sources/Giny.Protocol/Types/Game/House/HouseInformationsForSell.cs:10	14	instanceId:int;secondHand:bool;modelId:int;ownerTag:AccountTagInformation;hasOwner:bool;ownerCharacterName:string;worldX:short;worldY:short;subAreaId:short;nbRoom:byte;nbChest:byte;skillListIds:int[];isLocked:bool;price:long
HouseInformationsInside	9507	refs/dofus-server-client-2.68/server/giny/Sources/Giny.Protocol/Types/Game/House/HouseInformationsInside.cs:10	3	houseInfos:HouseInstanceInformations;worldX:short;worldY:short
HouseInstanceInformations	4306	refs/dofus-server-client-2.68/server/giny/Sources/Giny.Protocol/Types/Game/House/HouseInstanceInformations.cs:10	8	instanceId:int;secondHand:bool;isLocked:bool;ownerTag:AccountTagInformation;hasOwner:bool;price:long;isSaleLocked:bool;isAdminLocked:bool
HouseOnMapInformations	9048	refs/dofus-server-client-2.68/server/giny/Sources/Giny.Protocol/Types/Game/House/HouseOnMapInformations.cs:10	2	doorsOnMap:int[];houseInstances:HouseInstanceInformations[]
InteractiveElement	8946	refs/dofus-server-client-2.68/server/giny/Sources/Giny.Protocol/Types/Game/Interactive/InteractiveElement.cs:10	5	elementId:int;elementTypeId:int;enabledSkills:InteractiveElementSkill[];disabledSkills:InteractiveElementSkill[];onCurrentMap:bool
InteractiveElementNamedSkill	6946	refs/dofus-server-client-2.68/server/giny/Sources/Giny.Protocol/Types/Game/Interactive/InteractiveElementNamedSkill.cs:10	1	nameId:int
InteractiveElementSkill	7959	refs/dofus-server-client-2.68/server/giny/Sources/Giny.Protocol/Types/Game/Interactive/InteractiveElementSkill.cs:10	2	skillId:int;skillInstanceUid:int
InteractiveElementWithAgeBonus	312	refs/dofus-server-client-2.68/server/giny/Sources/Giny.Protocol/Types/Game/Interactive/InteractiveElementWithAgeBonus.cs:10	1	ageBonus:short
MapObstacle	4786	refs/dofus-server-client-2.68/server/giny/Sources/Giny.Protocol/Types/Game/Interactive/MapObstacle.cs:10	2	obstacleCellId:short;state:byte
SkillActionDescription	3991	refs/dofus-server-client-2.68/server/giny/Sources/Giny.Protocol/Types/Game/Interactive/Skill/SkillActionDescription.cs:10	1	skillId:short
SkillActionDescriptionCollect	8841	refs/dofus-server-client-2.68/server/giny/Sources/Giny.Protocol/Types/Game/Interactive/Skill/SkillActionDescriptionCollect.cs:10	2	min:short;max:short
SkillActionDescriptionCraft	4921	refs/dofus-server-client-2.68/server/giny/Sources/Giny.Protocol/Types/Game/Interactive/Skill/SkillActionDescriptionCraft.cs:10	1	probability:byte
SkillActionDescriptionTimed	9881	refs/dofus-server-client-2.68/server/giny/Sources/Giny.Protocol/Types/Game/Interactive/Skill/SkillActionDescriptionTimed.cs:10	1	time:byte
StatedElement	8253	refs/dofus-server-client-2.68/server/giny/Sources/Giny.Protocol/Types/Game/Interactive/StatedElement.cs:10	4	elementId:int;elementCellId:short;elementState:int;onCurrentMap:bool
TeleportDestination	7820	refs/dofus-server-client-2.68/server/giny/Sources/Giny.Protocol/Types/Game/Interactive/Zaap/TeleportDestination.cs:10	5	type:byte;mapId:double;subAreaId:short;level:short;cost:short
RecycledItem	4734	refs/dofus-server-client-2.68/server/giny/Sources/Giny.Protocol/Types/Game/Inventory/Exchanges/RecycledItem.cs:10	2	id:int;qty:uint
StorageTabInformation	2494	refs/dofus-server-client-2.68/server/giny/Sources/Giny.Protocol/Types/Game/Inventory/StorageTabInformation.cs:10	7	name:string;tabNumber:int;picto:int;openRight:int;dropRight:int;takeRight:int;dropTypeLimitation:int[]
UpdatedStorageTabInformation	1038	refs/dofus-server-client-2.68/server/giny/Sources/Giny.Protocol/Types/Game/Inventory/UpdatedStorageTabInformation.cs:10	4	name:string;tabNumber:int;picto:int;dropTypeLimitation:int[]
EntityLook	9813	refs/dofus-server-client-2.68/server/giny/Sources/Giny.Protocol/Types/Game/Look/EntityLook.cs:10	5	bonesId:short;skins:short[];indexedColors:int[];scales:short[];subentities:SubEntity[]
IndexedEntityLook	6734	refs/dofus-server-client-2.68/server/giny/Sources/Giny.Protocol/Types/Game/Look/IndexedEntityLook.cs:10	2	look:EntityLook;index:byte
SubEntity	6465	refs/dofus-server-client-2.68/server/giny/Sources/Giny.Protocol/Types/Game/Look/SubEntity.cs:10	3	bindingPointCategory:byte;bindingPointIndex:byte;subEntityLook:EntityLook
ItemDurability	8768	refs/dofus-server-client-2.68/server/giny/Sources/Giny.Protocol/Types/Game/Mount/ItemDurability.cs:10	2	durability:short;durabilityMax:short
MountClientData	7903	refs/dofus-server-client-2.68/server/giny/Sources/Giny.Protocol/Types/Game/Mount/MountClientData.cs:10	34	id:double;model:int;ancestor:int[];behaviors:int[];name:string;sex:bool;ownerId:int;experience:long;experienceForLevel:long;experienceForNextLevel:double;level:byte;isRideable:bool;maxPods:int;isWild:bool;stamina:int;staminaMax:int;maturity:int;maturityForAdult:int;energy:int;energyMax:int;serenity:int;aggressivityMax:int;serenityMax:int;love:int;loveMax:int;fecondationTime:int;isFecondationReady:bool;boostLimiter:int;boostMax:double;reproductionCount:int;reproductionCountMax:int;harnessGID:int;useHarnessColors:bool;effectList:ObjectEffectInteger[]
UpdateMountBooleanCharacteristic	7365	refs/dofus-server-client-2.68/server/giny/Sources/Giny.Protocol/Types/Game/Mount/UpdateMountBooleanCharacteristic.cs:10	1	value:bool
UpdateMountCharacteristic	8000	refs/dofus-server-client-2.68/server/giny/Sources/Giny.Protocol/Types/Game/Mount/UpdateMountCharacteristic.cs:10	1	type:byte
UpdateMountIntegerCharacteristic	9850	refs/dofus-server-client-2.68/server/giny/Sources/Giny.Protocol/Types/Game/Mount/UpdateMountIntegerCharacteristic.cs:10	1	value:int
NuggetsBeneficiary	1639	refs/dofus-server-client-2.68/server/giny/Sources/Giny.Protocol/Types/Game/Nuggets/NuggetsBeneficiary.cs:10	2	beneficiaryPlayerId:long;nuggetsQuantity:int
MountInformationsForPaddock	149	refs/dofus-server-client-2.68/server/giny/Sources/Giny.Protocol/Types/Game/Paddock/MountInformationsForPaddock.cs:10	3	modelId:short;name:string;ownerName:string
PaddockBuyableInformations	6219	refs/dofus-server-client-2.68/server/giny/Sources/Giny.Protocol/Types/Game/Paddock/PaddockBuyableInformations.cs:10	2	price:long;locked:bool
PaddockContentInformations	1296	refs/dofus-server-client-2.68/server/giny/Sources/Giny.Protocol/Types/Game/Paddock/PaddockContentInformations.cs:10	7	paddockId:double;worldX:short;worldY:short;mapId:double;subAreaId:short;abandonned:bool;mountsInformations:MountInformationsForPaddock[]
PaddockGuildedInformations	4482	refs/dofus-server-client-2.68/server/giny/Sources/Giny.Protocol/Types/Game/Paddock/PaddockGuildedInformations.cs:10	2	deserted:bool;guildInfo:GuildInformations
PaddockInformations	7442	refs/dofus-server-client-2.68/server/giny/Sources/Giny.Protocol/Types/Game/Paddock/PaddockInformations.cs:10	2	maxOutdoorMount:short;maxItems:short
PaddockInformationsForSell	6595	refs/dofus-server-client-2.68/server/giny/Sources/Giny.Protocol/Types/Game/Paddock/PaddockInformationsForSell.cs:10	7	guildOwner:string;worldX:short;worldY:short;subAreaId:short;nbMount:byte;nbObject:byte;price:long
PaddockInstancesInformations	4732	refs/dofus-server-client-2.68/server/giny/Sources/Giny.Protocol/Types/Game/Paddock/PaddockInstancesInformations.cs:10	1	paddocks:PaddockBuyableInformations[]
PaddockItem	5892	refs/dofus-server-client-2.68/server/giny/Sources/Giny.Protocol/Types/Game/Paddock/PaddockItem.cs:10	1	durability:ItemDurability
CharacterCharacteristicForPreset	8956	refs/dofus-server-client-2.68/server/giny/Sources/Giny.Protocol/Types/Game/Presets/CharacterCharacteristicForPreset.cs:10	1	stuff:int
EntitiesPreset	2574	refs/dofus-server-client-2.68/server/giny/Sources/Giny.Protocol/Types/Game/Presets/EntitiesPreset.cs:10	2	iconId:short;entityIds:short[]
ForgettableSpellsPreset	4852	refs/dofus-server-client-2.68/server/giny/Sources/Giny.Protocol/Types/Game/Presets/ForgettableSpellsPreset.cs:10	2	baseSpellsPreset:SpellsPreset;forgettableSpells:SpellForPreset[]
FullStatsPreset	563	refs/dofus-server-client-2.68/server/giny/Sources/Giny.Protocol/Types/Game/Presets/FullStatsPreset.cs:10	1	stats:CharacterCharacteristicForPreset[]
IconNamedPreset	4926	refs/dofus-server-client-2.68/server/giny/Sources/Giny.Protocol/Types/Game/Presets/IconNamedPreset.cs:10	2	iconId:short;name:string
ItemForPreset	5762	refs/dofus-server-client-2.68/server/giny/Sources/Giny.Protocol/Types/Game/Presets/ItemForPreset.cs:10	3	position:short;objGid:int;objUid:int
ItemsPreset	1179	refs/dofus-server-client-2.68/server/giny/Sources/Giny.Protocol/Types/Game/Presets/ItemsPreset.cs:10	3	items:ItemForPreset[];mountEquipped:bool;look:EntityLook
Preset	1447	refs/dofus-server-client-2.68/server/giny/Sources/Giny.Protocol/Types/Game/Presets/Preset.cs:10	1	id:short
PresetsContainerPreset	5239	refs/dofus-server-client-2.68/server/giny/Sources/Giny.Protocol/Types/Game/Presets/PresetsContainerPreset.cs:10	1	presets:Preset[]
SimpleCharacterCharacteristicForPreset	4462	refs/dofus-server-client-2.68/server/giny/Sources/Giny.Protocol/Types/Game/Presets/SimpleCharacterCharacteristicForPreset.cs:10	2	keyword:string;additionnal:int
SpellForPreset	6238	refs/dofus-server-client-2.68/server/giny/Sources/Giny.Protocol/Types/Game/Presets/SpellForPreset.cs:10	2	spellId:short;shortcuts:short[]
SpellsPreset	8478	refs/dofus-server-client-2.68/server/giny/Sources/Giny.Protocol/Types/Game/Presets/SpellsPreset.cs:10	1	spells:SpellForPreset[]
StatsPreset	2518	refs/dofus-server-client-2.68/server/giny/Sources/Giny.Protocol/Types/Game/Presets/StatsPreset.cs:10	1	stats:SimpleCharacterCharacteristicForPreset[]
AllianceInsiderPrismInformation	1593	refs/dofus-server-client-2.68/server/giny/Sources/Giny.Protocol/Types/Game/Prism/AllianceInsiderPrismInformation.cs:10	5	moduleObject:ObjectItem;moduleType:int;cristalObject:ObjectItem;cristalType:int;cristalNumberLeft:int
AlliancePrismInformation	5492	refs/dofus-server-client-2.68/server/giny/Sources/Giny.Protocol/Types/Game/Prism/AlliancePrismInformation.cs:10	1	alliance:AllianceInformation
PrismGeolocalizedInformation	4198	refs/dofus-server-client-2.68/server/giny/Sources/Giny.Protocol/Types/Game/Prism/PrismGeolocalizedInformation.cs:10	6	subAreaId:short;allianceId:int;worldX:short;worldY:short;mapId:double;prism:PrismInformation
PrismInformation	85	refs/dofus-server-client-2.68/server/giny/Sources/Giny.Protocol/Types/Game/Prism/PrismInformation.cs:10	5	state:byte;placementDate:int;nuggetsCount:int;durability:int;nextEvolutionDate:double
AgressableStatusMessage	8496	refs/dofus-server-client-2.68/server/giny/Sources/Giny.Protocol/Types/Game/Pvp/AgressableStatusMessage.cs:10	4	playerId:long;enable:byte;roleAvAId:int;pictoScore:int
RankInformation	2084	refs/dofus-server-client-2.68/server/giny/Sources/Giny.Protocol/Types/Game/Rank/RankInformation.cs:10	4	order:int;gfxId:int;modifiable:bool;rights:int[]
RankMinimalInformation	2095	refs/dofus-server-client-2.68/server/giny/Sources/Giny.Protocol/Types/Game/Rank/RankMinimalInformation.cs:10	2	id:int;name:string
Shortcut	5535	refs/dofus-server-client-2.68/server/giny/Sources/Giny.Protocol/Types/Game/Shortcut/Shortcut.cs:10	1	slot:byte
ShortcutEmote	144	refs/dofus-server-client-2.68/server/giny/Sources/Giny.Protocol/Types/Game/Shortcut/ShortcutEmote.cs:10	1	emoteId:short
ShortcutEntitiesPreset	8453	refs/dofus-server-client-2.68/server/giny/Sources/Giny.Protocol/Types/Game/Shortcut/ShortcutEntitiesPreset.cs:10	1	presetId:short
ShortcutObject	7459	refs/dofus-server-client-2.68/server/giny/Sources/Giny.Protocol/Types/Game/Shortcut/ShortcutObject.cs:10	0	
ShortcutObjectItem	1056	refs/dofus-server-client-2.68/server/giny/Sources/Giny.Protocol/Types/Game/Shortcut/ShortcutObjectItem.cs:10	2	itemUID:int;itemGID:int
ShortcutObjectPreset	4682	refs/dofus-server-client-2.68/server/giny/Sources/Giny.Protocol/Types/Game/Shortcut/ShortcutObjectPreset.cs:10	1	presetId:short
ShortcutSmiley	9448	refs/dofus-server-client-2.68/server/giny/Sources/Giny.Protocol/Types/Game/Shortcut/ShortcutSmiley.cs:10	1	smileyId:short
ShortcutSpell	7947	refs/dofus-server-client-2.68/server/giny/Sources/Giny.Protocol/Types/Game/Shortcut/ShortcutSpell.cs:10	1	spellId:short
AbstractSocialGroupInfos	9344	refs/dofus-server-client-2.68/server/giny/Sources/Giny.Protocol/Types/Game/Social/AbstractSocialGroupInfos.cs:10	0	
AllianceFactSheetInformation	7646	refs/dofus-server-client-2.68/server/giny/Sources/Giny.Protocol/Types/Game/Social/AllianceFactSheetInformation.cs:10	5	creationDate:int;nbMembers:short;nbSubarea:short;nbTaxCollectors:short;recruitment:AllianceRecruitmentInformation
ApplicationPlayerInformation	8601	refs/dofus-server-client-2.68/server/giny/Sources/Giny.Protocol/Types/Game/Social/Application/ApplicationPlayerInformation.cs:10	9	playerId:long;playerName:string;breed:byte;sex:bool;level:int;accountId:int;accountTag:string;accountNickname:string;status:PlayerStatus
SocialApplicationInformation	9221	refs/dofus-server-client-2.68/server/giny/Sources/Giny.Protocol/Types/Game/Social/Application/SocialApplicationInformation.cs:10	3	playerInfo:ApplicationPlayerInformation;applyText:string;creationDate:double
SocialFight	700	refs/dofus-server-client-2.68/server/giny/Sources/Giny.Protocol/Types/Game/Social/Fight/SocialFight.cs:10	4	socialFightInfo:SocialFightInfo;attackers:CharacterMinimalPlusLookInformations[];defenders:CharacterMinimalPlusLookInformations[];phase:FightPhase
SocialFightInfo	5620	refs/dofus-server-client-2.68/server/giny/Sources/Giny.Protocol/Types/Game/Social/Fight/SocialFightInfo.cs:10	3	fightId:short;fightType:byte;mapId:double
GuildFactSheetInformations	7323	refs/dofus-server-client-2.68/server/giny/Sources/Giny.Protocol/Types/Game/Social/GuildFactSheetInformations.cs:10	5	leaderId:long;nbMembers:short;lastActivityDay:short;recruitment:GuildRecruitmentInformation;nbPendingApply:int
GuildInsiderFactSheetInformations	1142	refs/dofus-server-client-2.68/server/giny/Sources/Giny.Protocol/Types/Game/Social/GuildInsiderFactSheetInformations.cs:10	1	leaderName:string
SocialRecruitmentInformation	6503	refs/dofus-server-client-2.68/server/giny/Sources/Giny.Protocol/Types/Game/Social/Recruitment/SocialRecruitmentInformation.cs:10	12	socialId:int;recruitmentType:byte;recruitmentTitle:string;recruitmentText:string;selectedLanguages:int[];selectedCriterion:int[];minLevel:short;minLevelFacultative:bool;invalidatedByModeration:bool;lastEditPlayerName:string;lastEditDate:double;recruitmentAutoLocked:bool
SocialEmblem	6497	refs/dofus-server-client-2.68/server/giny/Sources/Giny.Protocol/Types/Game/Social/SocialEmblem.cs:10	4	symbolShape:short;symbolColor:int;backgroundShape:byte;backgroundColor:int
SocialMember	7641	refs/dofus-server-client-2.68/server/giny/Sources/Giny.Protocol/Types/Game/Social/SocialMember.cs:10	8	breed:byte;sex:bool;connected:byte;hoursSinceLastConnection:short;accountId:int;status:PlayerStatus;rankId:int;enrollmentDate:double
GameActionItem	6799	refs/dofus-server-client-2.68/server/giny/Sources/Giny.Protocol/Types/Game/Startup/GameActionItem.cs:10	6	uid:int;title:string;text:string;descUrl:string;pictureUrl:string;items:ObjectItemInformationWithQuantity[]
Uuid	8529	refs/dofus-server-client-2.68/server/giny/Sources/Giny.Protocol/Types/Game/Uuid.cs:10	1	uuidString:string
TrustCertificate	1528	refs/dofus-server-client-2.68/server/giny/Sources/Giny.Protocol/Types/Secure/TrustCertificate.cs:10	2	id:int;hash:string
Version	2100	refs/dofus-server-client-2.68/server/giny/Sources/Giny.Protocol/Types/Version/Version.cs:10	5	major:byte;minor:byte;code:byte;build:int;buildType:byte
BufferInformation	7931	refs/dofus-server-client-2.68/server/giny/Sources/Giny.Protocol/Types/Web/Haapi/BufferInformation.cs:10	2	id:long;amount:long
