nom_message_clair	nom_complet	opcode_ou_typeurl	direction	champs	fichier:ligne
LoginMessage	Com.ankama.dofus.server.connection.protocol.LoginMessage	com.ankama.dofus.server.connection.protocol.LoginMessage		1:Request:request;2:Response:response;3:Event:event	refs/otomai/libs/Bubble.Shared/Protocol/Connection/LoginMessage.cs:13
Request	Com.ankama.dofus.server.connection.protocol.Request	com.ankama.dofus.server.connection.protocol.Request	C2S	1:string:uuid;2:Ping:ping;3:IdentificationRequest:identification;4:SelectServerRequest:selectServer;5:ForceAccountRequest:forceAccount;6:ReleaseAccountRequest:releaseAccount;7:FriendListRequest:friend_list_request;8:AcquaintanceServersRequest:acquaintance_servers_request	refs/otomai/libs/Bubble.Shared/Protocol/Connection/LoginMessage.cs:62
Response	Com.ankama.dofus.server.connection.protocol.Response	com.ankama.dofus.server.connection.protocol.Response	S2C	1:string:uuid;2:Pong:pong;3:IdentificationResponse:identification;4:SelectServerResponse:selectServer;5:ForceAccountResponse:forceAccount;6:FriendListResponse:friend_list;7:AcquaintanceServersResponse:acquaintance_servers_response	refs/otomai/libs/Bubble.Shared/Protocol/Connection/LoginMessage.cs:155
Event	Com.ankama.dofus.server.connection.protocol.Event	com.ankama.dofus.server.connection.protocol.Event	S2C	1:Server:server;2:UpdateServerEvent:update_server_event	refs/otomai/libs/Bubble.Shared/Protocol/Connection/LoginMessage.cs:238
Ping	Com.ankama.dofus.server.connection.protocol.Ping	com.ankama.dofus.server.connection.protocol.Ping			refs/otomai/libs/Bubble.Shared/Protocol/Connection/LoginMessage.cs:277
Pong	Com.ankama.dofus.server.connection.protocol.Pong	com.ankama.dofus.server.connection.protocol.Pong			refs/otomai/libs/Bubble.Shared/Protocol/Connection/LoginMessage.cs:287
UpdateServerEvent	Com.ankama.dofus.server.connection.protocol.UpdateServerEvent	com.ankama.dofus.server.connection.protocol.UpdateServerEvent	S2C	1:ServerInformation:serverInformation	refs/otomai/libs/Bubble.Shared/Protocol/Connection/LoginMessage.cs:297
IdentificationRequest	Com.ankama.dofus.server.connection.protocol.IdentificationRequest	com.ankama.dofus.server.connection.protocol.IdentificationRequest	C2S	1:string:device_identifier;5:string:client_version;3:TokenRequest:tokenRequest;4:LoginRequest:loginRequest	refs/otomai/libs/Bubble.Shared/Protocol/Connection/LoginMessage.cs:310
TokenRequest	Com.ankama.dofus.server.connection.protocol.TokenRequest	com.ankama.dofus.server.connection.protocol.TokenRequest	C2S	1:string:token;2:Shield:shield	refs/otomai/libs/Bubble.Shared/Protocol/Connection/LoginMessage.cs:357
Shield	Com.ankama.dofus.server.connection.protocol.TokenRequest+Shield	com.ankama.dofus.server.connection.protocol.Shield		1:long:certificateId;2:string:certificateHash	refs/otomai/libs/Bubble.Shared/Protocol/Connection/LoginMessage.cs:372
LoginRequest	Com.ankama.dofus.server.connection.protocol.LoginRequest	com.ankama.dofus.server.connection.protocol.LoginRequest	C2S	1:string:login	refs/otomai/libs/Bubble.Shared/Protocol/Connection/LoginMessage.cs:391
IdentificationResponse	Com.ankama.dofus.server.connection.protocol.IdentificationResponse	com.ankama.dofus.server.connection.protocol.IdentificationResponse	S2C	1:Success:success;2:Error:error	refs/otomai/libs/Bubble.Shared/Protocol/Connection/LoginMessage.cs:405
Success	Com.ankama.dofus.server.connection.protocol.IdentificationResponse+Success	com.ankama.dofus.server.connection.protocol.Success		1:long:account_id;2:string:account_nickname;3:string:account_tag;4:ServerList:server_list;5:string:subscription_end_date;6:Rights:rights;7:int:fight_reconnection_server_id	refs/otomai/libs/Bubble.Shared/Protocol/Connection/LoginMessage.cs:442
Rights	Com.ankama.dofus.server.connection.protocol.IdentificationResponse+Success+Rights	com.ankama.dofus.server.connection.protocol.Rights		1:bool:show_force_account;2:bool:show_console;3:bool:unlimited_access;4:bool:infinite_subscription;5:bool:report	refs/otomai/libs/Bubble.Shared/Protocol/Connection/LoginMessage.cs:481
Error	Com.ankama.dofus.server.connection.protocol.IdentificationResponse+Error	com.ankama.dofus.server.connection.protocol.Error		1:Reason:reason;2:string:ban_end_date;3:string:required_version	refs/otomai/libs/Bubble.Shared/Protocol/Connection/LoginMessage.cs:508
SelectServerRequest	Com.ankama.dofus.server.connection.protocol.SelectServerRequest	com.ankama.dofus.server.connection.protocol.SelectServerRequest	C2S	1:int:server	refs/otomai/libs/Bubble.Shared/Protocol/Connection/LoginMessage.cs:578
SelectServerResponse	Com.ankama.dofus.server.connection.protocol.SelectServerResponse	com.ankama.dofus.server.connection.protocol.SelectServerResponse	S2C	1:Success:success;2:Error:error	refs/otomai/libs/Bubble.Shared/Protocol/Connection/LoginMessage.cs:591
Success	Com.ankama.dofus.server.connection.protocol.SelectServerResponse+Success	com.ankama.dofus.server.connection.protocol.Success		1:string:token;2:string:host;3:List<int>:ports	refs/otomai/libs/Bubble.Shared/Protocol/Connection/LoginMessage.cs:628
ServerList	Com.ankama.dofus.server.connection.protocol.ServerList	com.ankama.dofus.server.connection.protocol.ServerList		1:List<ServerInformation>:servers;2:List<MaxSlotByTypeEntry>:max_slot_by_type;1:int:key;2:int:value	refs/otomai/libs/Bubble.Shared/Protocol/Connection/LoginMessage.cs:664
ServerInformation	Com.ankama.dofus.server.connection.protocol.ServerInformation	com.ankama.dofus.server.connection.protocol.ServerInformation		1:Server:server;2:Accessibility:accessibility;3:List<CharacterInformation>:characters	refs/otomai/libs/Bubble.Shared/Protocol/Connection/LoginMessage.cs:689
Server	Com.ankama.dofus.server.connection.protocol.Server	com.ankama.dofus.server.connection.protocol.Server		1:int:id;2:Status:status;3:bool:mono_account	refs/otomai/libs/Bubble.Shared/Protocol/Connection/LoginMessage.cs:721
ForceAccountRequest	Com.ankama.dofus.server.connection.protocol.ForceAccountRequest	com.ankama.dofus.server.connection.protocol.ForceAccountRequest	C2S	1:long:account_id	refs/otomai/libs/Bubble.Shared/Protocol/Connection/LoginMessage.cs:749
ForceAccountResponse	Com.ankama.dofus.server.connection.protocol.ForceAccountResponse	com.ankama.dofus.server.connection.protocol.ForceAccountResponse	S2C	2:ForceAccountStatus:success;3:ForceAccountError:error	refs/otomai/libs/Bubble.Shared/Protocol/Connection/LoginMessage.cs:762
ForceAccountStatus	Com.ankama.dofus.server.connection.protocol.ForceAccountStatus	com.ankama.dofus.server.connection.protocol.ForceAccountStatus		1:bool:is_forced;2:long:forced_account_id;3:string:forced_account_nickname;4:string:forced_account_tag;5:ServerList:server_list	refs/otomai/libs/Bubble.Shared/Protocol/Connection/LoginMessage.cs:801
ForceAccountError	Com.ankama.dofus.server.connection.protocol.ForceAccountError	com.ankama.dofus.server.connection.protocol.ForceAccountError			refs/otomai/libs/Bubble.Shared/Protocol/Connection/LoginMessage.cs:828
ReleaseAccountRequest	Com.ankama.dofus.server.connection.protocol.ReleaseAccountRequest	com.ankama.dofus.server.connection.protocol.ReleaseAccountRequest	C2S		refs/otomai/libs/Bubble.Shared/Protocol/Connection/LoginMessage.cs:838
CharacterInformation	Com.ankama.dofus.server.connection.protocol.CharacterInformation	com.ankama.dofus.server.connection.protocol.CharacterInformation		1:string:name;2:Breed:breed;3:Gender:gender;4:int:level;5:string:last_connection_date	refs/otomai/libs/Bubble.Shared/Protocol/Connection/LoginMessage.cs:848
FriendListRequest	Com.ankama.dofus.server.connection.protocol.FriendListRequest	com.ankama.dofus.server.connection.protocol.FriendListRequest	C2S		refs/otomai/libs/Bubble.Shared/Protocol/Connection/LoginMessage.cs:927
FriendListResponse	Com.ankama.dofus.server.connection.protocol.FriendListResponse	com.ankama.dofus.server.connection.protocol.FriendListResponse	S2C	1:FriendList:friends;2:Error:error	refs/otomai/libs/Bubble.Shared/Protocol/Connection/LoginMessage.cs:937
FriendList	Com.ankama.dofus.server.connection.protocol.FriendListResponse+FriendList	com.ankama.dofus.server.connection.protocol.FriendList		1:List<Friend>:friends	refs/otomai/libs/Bubble.Shared/Protocol/Connection/LoginMessage.cs:974
Friend	Com.ankama.dofus.server.connection.protocol.FriendListResponse+FriendList+Friend	com.ankama.dofus.server.connection.protocol.Friend		1:string:account_name;2:string:account_tag;3:List<int>:servers	refs/otomai/libs/Bubble.Shared/Protocol/Connection/LoginMessage.cs:985
AcquaintanceServersRequest	Com.ankama.dofus.server.connection.protocol.AcquaintanceServersRequest	com.ankama.dofus.server.connection.protocol.AcquaintanceServersRequest	C2S	1:string:name;2:string:tag	refs/otomai/libs/Bubble.Shared/Protocol/Connection/LoginMessage.cs:1019
AcquaintanceServersResponse	Com.ankama.dofus.server.connection.protocol.AcquaintanceServersResponse	com.ankama.dofus.server.connection.protocol.AcquaintanceServersResponse	S2C	1:Servers:servers;2:Error:error	refs/otomai/libs/Bubble.Shared/Protocol/Connection/LoginMessage.cs:1037
Servers	Com.ankama.dofus.server.connection.protocol.AcquaintanceServersResponse+Servers	com.ankama.dofus.server.connection.protocol.Servers		1:List<int>:servers	refs/otomai/libs/Bubble.Shared/Protocol/Connection/LoginMessage.cs:1074
Error	Com.ankama.dofus.server.connection.protocol.AcquaintanceServersResponse+Error	com.ankama.dofus.server.connection.protocol.Error		1:Reason:reason	refs/otomai/libs/Bubble.Shared/Protocol/Connection/LoginMessage.cs:1087
Request	Request	.Request	C2S	1:int:uid;2:Any:content	refs/otomai/libs/Bubble.Shared/Protocol/Game/Hcm.cs:10
GameMessage	GameMessage	.GameMessage		3:Response:responseFake;1:Event:event;2:Request:request;4:Response:response	refs/otomai/libs/Bubble.Shared/Protocol/Game/Hco.cs:10
Response	Response	.Response	S2C	1:int:uid;2:Any:content	refs/otomai/libs/Bubble.Shared/Protocol/Game/Hcp.cs:10
Event	Event	.Event	S2C	1:Any:content	refs/otomai/libs/Bubble.Shared/Protocol/Game/Hcq.cs:10
ClientUIOpenedEvent	ClientUIOpenedEvent	hcu	S2C	1:int:dzmk;2:Dictionary<string, long>:dzmm;3:Hcs:dzmn;4:Hcs:dzmo	refs/otomai/libs/Bubble.Shared/Protocol/Game/Hcu.cs:10
PortalUseRequest	PortalUseRequest	hcx	C2S	1:int:dzmt	refs/otomai/libs/Bubble.Shared/Protocol/Game/Hcx.cs:10
TreasureHuntDigAnswerEvent	TreasureHuntDigAnswerEvent	hda	S2C	1:TreasureHuntType:quest_type;2:DigResult:result;3:int:wrong_flag_count	refs/otomai/libs/Bubble.Shared/Protocol/Game/Hda.cs:10
TreasureHuntLegendaryEvent	TreasureHuntLegendaryEvent	hdb	S2C	1:List<int>:dzne	refs/otomai/libs/Bubble.Shared/Protocol/Game/Hdb.cs:10
TreasureHuntEvent	TreasureHuntEvent	hdo	S2C	1:long:start_map_id;2:List<TreasureHuntFlag>:flags;3:int:current_check_point;4:int:total_check_point;5:int:available_retry_count;6:List<TreasureHuntStep>:known_steps;7:TreasureHuntType:quest_type;8:int:total_step_count	refs/otomai/libs/Bubble.Shared/Protocol/Game/Hdo.cs:10
TreasureHuntFlag	TreasureHuntEvent+TreasureHuntFlag	.TreasureHuntFlag		1:FlagState:dzoo;2:long:map_id	refs/otomai/libs/Bubble.Shared/Protocol/Game/Hdo.cs:42
TreasureHuntStep	TreasureHuntEvent+TreasureHuntStep	.TreasureHuntStep		2:string:dzod;4:Hdh:dzoe;1:Hdh:fight;3:Hdd:follow_direction_to_poi;5:Hdf:follow_direction;6:Hdg:dig;7:Hde:follow_direction_to_hint	refs/otomai/libs/Bubble.Shared/Protocol/Game/Hdo.cs:69
Hdh	TreasureHuntEvent+TreasureHuntStep+Hdh	.hdh			refs/otomai/libs/Bubble.Shared/Protocol/Game/Hdo.cs:143
Hdd	TreasureHuntEvent+TreasureHuntStep+Hdd	.hdd		1:Jdg:direction;2:int:poi_label_id	refs/otomai/libs/Bubble.Shared/Protocol/Game/Hdo.cs:153
Hdf	TreasureHuntEvent+TreasureHuntStep+Hdf	.hdf		1:int:map_count;2:Jdg:direction	refs/otomai/libs/Bubble.Shared/Protocol/Game/Hdo.cs:169
Hdg	TreasureHuntEvent+TreasureHuntStep+Hdg	.hdg			refs/otomai/libs/Bubble.Shared/Protocol/Game/Hdo.cs:185
Hde	TreasureHuntEvent+TreasureHuntStep+Hde	.hde		1:int:npc_id;2:Jdg:direction	refs/otomai/libs/Bubble.Shared/Protocol/Game/Hdo.cs:195
TreasureHuntFlagRequest	TreasureHuntFlagRequest	hdp	C2S	1:int:index;2:TreasureHuntType:quest_type;3:TreasureHuntType:quest_type2	refs/otomai/libs/Bubble.Shared/Protocol/Game/Hdp.cs:10
TreasureHuntFlagRemoveRequest	TreasureHuntFlagRemoveRequest	hdq	C2S	1:int:dzpk;2:TreasureHuntType:dzpl	refs/otomai/libs/Bubble.Shared/Protocol/Game/Hdq.cs:10
TreasureHuntLegendaryRequest	TreasureHuntLegendaryRequest	hdr	C2S	1:int:dzpp	refs/otomai/libs/Bubble.Shared/Protocol/Game/Hdr.cs:10
TreasureHuntDigRequest	TreasureHuntDigRequest	hds	C2S	1:TreasureHuntType:quest_type	refs/otomai/libs/Bubble.Shared/Protocol/Game/Hds.cs:10
TreasureHuntAnswerEvent	TreasureHuntAnswerEvent	hdv	S2C	1:TreasureHuntType:quest_type;2:Result:result	refs/otomai/libs/Bubble.Shared/Protocol/Game/Hdv.cs:10
TreasureHuntFlagAnswerEvent	TreasureHuntFlagAnswerEvent	hdy	S2C	1:int:index;2:FlagResult:result;3:TreasureHuntType:quest_type	refs/otomai/libs/Bubble.Shared/Protocol/Game/Hdy.cs:10
TreasureHuntFinishedEvent	TreasureHuntFinishedEvent	hdz	S2C	1:TreasureHuntType:dzqi	refs/otomai/libs/Bubble.Shared/Protocol/Game/Hdz.cs:10
TreasureHuntGiveUpRequest	TreasureHuntGiveUpRequest	hea	C2S	1:TreasureHuntType:quest_type	refs/otomai/libs/Bubble.Shared/Protocol/Game/Hea.cs:10
OrnamentGainedEvent	OrnamentGainedEvent	hed	S2C	1:int:dzqr;2:Dictionary<bool, bool>:dzqs	refs/otomai/libs/Bubble.Shared/Protocol/Game/Hed.cs:10
TitleLostEvent	TitleLostEvent	hee	S2C	1:int:dzqw	refs/otomai/libs/Bubble.Shared/Protocol/Game/Hee.cs:10
OrnamentSelectedEvent	OrnamentSelectedEvent	hef	S2C	1:int:dzra	refs/otomai/libs/Bubble.Shared/Protocol/Game/Hef.cs:10
OrnamentLostEvent	OrnamentLostEvent	heg	S2C	1:int:dzre	refs/otomai/libs/Bubble.Shared/Protocol/Game/Heg.cs:10
TitleSelectErrorEvent	TitleSelectErrorEvent	heh	S2C	1:Hec:dzri	refs/otomai/libs/Bubble.Shared/Protocol/Game/Heh.cs:10
TitleGainedEvent	TitleGainedEvent	hei	S2C	1:int:dzrm	refs/otomai/libs/Bubble.Shared/Protocol/Game/Hei.cs:10
TitlesAndOrnamentsEvent	TitlesAndOrnamentsEvent	hej	S2C	1:List<int>:dzrq;2:List<int>:dzrr	refs/otomai/libs/Bubble.Shared/Protocol/Game/Hej.cs:10
TitleSelectedEvent	TitleSelectedEvent	hek	S2C	1:int:dzrv	refs/otomai/libs/Bubble.Shared/Protocol/Game/Hek.cs:10
OrnamentSelectErrorEvent	OrnamentSelectErrorEvent	hel	S2C	1:Hec:dzrz	refs/otomai/libs/Bubble.Shared/Protocol/Game/Hel.cs:10
TeleportDestination	TeleportDestination	her		2:Teleporter:type;3:int:subarea_id;4:long:map_id;5:int:cost;6:int:level;1:Hep:anomaly	refs/otomai/libs/Bubble.Shared/Protocol/Game/Her.cs:10
Hep	TeleportDestination+Hep	.hep		1:int:bonus_pourcentage;2:long:remaining_time	refs/otomai/libs/Bubble.Shared/Protocol/Game/Her.cs:44
ZaapRespawnSaveRequest	ZaapRespawnSaveRequest	hes	C2S		refs/otomai/libs/Bubble.Shared/Protocol/Game/Hes.cs:10
TeleportRequest	TeleportRequest	het	C2S	1:Teleporter:source_type;2:Teleporter:destination_type;3:long:map_id	refs/otomai/libs/Bubble.Shared/Protocol/Game/Het.cs:10
TeleportToBuddyAnswerRequest	TeleportToBuddyAnswerRequest	heu	C2S	1:bool:dztc;2:long:dztd	refs/otomai/libs/Bubble.Shared/Protocol/Game/Heu.cs:10
TeleportToBuddyOfferEvent	TeleportToBuddyOfferEvent	hev	S2C	1:int:dzth;2:int:dzti;3:long:dztj	refs/otomai/libs/Bubble.Shared/Protocol/Game/Hev.cs:10
TeleportPlayerOfferEvent	TeleportPlayerOfferEvent	hew	S2C	1:string:dztn;2:long:dzto;3:int:dztp;4:long:dztq	refs/otomai/libs/Bubble.Shared/Protocol/Game/Hew.cs:10
GroupTeleportPlayerAnswerRequest	GroupTeleportPlayerAnswerRequest	hex	C2S	1:bool:dztu	refs/otomai/libs/Bubble.Shared/Protocol/Game/Hex.cs:10
TeleportPlayerAnswerRequest	TeleportPlayerAnswerRequest	hey	C2S	1:bool:dzty	refs/otomai/libs/Bubble.Shared/Protocol/Game/Hey.cs:10
TeleportBuddiesAnswerRequest	TeleportBuddiesAnswerRequest	hez	C2S	1:Dictionary<string, int>:dzuc;2:bool:dzud;3:bool:dzue	refs/otomai/libs/Bubble.Shared/Protocol/Game/Hez.cs:10
TeleportToBuddyClosedEvent	TeleportToBuddyClosedEvent	hfa	S2C	1:long:dzui;2:int:dzuj;3:long:dzuk	refs/otomai/libs/Bubble.Shared/Protocol/Game/Hfa.cs:10
TeleportBuddiesEvent	TeleportBuddiesEvent	hfb	S2C	1:int:dzup	refs/otomai/libs/Bubble.Shared/Protocol/Game/Hfb.cs:10
GroupTeleportPlayerOfferEvent	GroupTeleportPlayerOfferEvent	hfc	S2C	1:int:dzut;2:int:dzuu;3:long:dzuv;4:int:dzuw;5:long:dzux;6:int:dzuy;7:string:dzuz	refs/otomai/libs/Bubble.Shared/Protocol/Game/Hfc.cs:10
GroupTeleportPlayerClosedEvent	GroupTeleportPlayerClosedEvent	hfd	S2C	1:long:dzvd;2:long:dzve	refs/otomai/libs/Bubble.Shared/Protocol/Game/Hfd.cs:10
ZaapRespawnUpdatedEvent	ZaapRespawnUpdatedEvent	hfe	S2C	1:long:dzvi	refs/otomai/libs/Bubble.Shared/Protocol/Game/Hfe.cs:10
ZaapKnownListEvent	ZaapKnownListEvent	hff	S2C	1:List<long>:dzvm	refs/otomai/libs/Bubble.Shared/Protocol/Game/Hff.cs:10
TeleportBuddiesRequestedEvent	TeleportBuddiesRequestedEvent	hfg	S2C	1:int:dzvq;2:long:dzvr;3:List<long>:dzvs	refs/otomai/libs/Bubble.Shared/Protocol/Game/Hfg.cs:10
TeleportDestinationsEvent	TeleportDestinationsEvent	hfh	S2C	1:List<TeleportDestination>:destinations;2:Teleporter:type;3:long:spawn_map_id	refs/otomai/libs/Bubble.Shared/Protocol/Game/Hfh.cs:10
TeleportPlayerClosedEvent	TeleportPlayerClosedEvent	hfi	S2C	1:bool:dzwd;2:long:dzwf;3:long:dzwg	refs/otomai/libs/Bubble.Shared/Protocol/Game/Hfi.cs:10
TaxCollectorOrderedSpellMoveRequest	TaxCollectorOrderedSpellMoveRequest	hfk	C2S	1:int:dzwl;2:int:dzwm;3:string:dzwn;4:int:dzwo	refs/otomai/libs/Bubble.Shared/Protocol/Game/Hfk.cs:10
TaxCollectorAttackedEvent	TaxCollectorAttackedEvent	hfl	S2C	1:string:dzws;2:MapExtendedCoordinates:dzwt;3:int:dzwu;4:string:dzwv;5:int:dzww	refs/otomai/libs/Bubble.Shared/Protocol/Game/Hfl.cs:10
TaxCollectorPresetSpellUpdatedEvent	TaxCollectorPresetSpellUpdatedEvent	hfm	S2C	1:string:dzxa;2:List<TaxCollectorOrderedSpell>:dzxb	refs/otomai/libs/Bubble.Shared/Protocol/Game/Hfm.cs:10
TaxCollectorOrderedSpellUpdatedEvent	TaxCollectorOrderedSpellUpdatedEvent	hfn	S2C	1:List<TaxCollectorOrderedSpell>:dzxf;2:string:dzxg	refs/otomai/libs/Bubble.Shared/Protocol/Game/Hfn.cs:10
TaxCollectorUpdatesListenStartRequest	TaxCollectorUpdatesListenStartRequest	hfo	C2S	1:string:dzxk	refs/otomai/libs/Bubble.Shared/Protocol/Game/Hfo.cs:10
TaxCollectorPresetsUpdatesListenStartRequest	TaxCollectorPresetsUpdatesListenStartRequest	hfp	C2S		refs/otomai/libs/Bubble.Shared/Protocol/Game/Hfp.cs:10
TaxCollectorErrorEvent	TaxCollectorErrorEvent	hfs	S2C	1:Hfq:dzxr	refs/otomai/libs/Bubble.Shared/Protocol/Game/Hfs.cs:10
TaxCollectorTopListEvent	TaxCollectorTopListEvent	hft	S2C	1:List<TaxCollectorInformation>:dzxv;2:List<TaxCollectorInformation>:dzxw;3:List<TaxCollectorInformation>:dzxx	refs/otomai/libs/Bubble.Shared/Protocol/Game/Hft.cs:10
TaxCollectorFightRequest	TaxCollectorFightRequest	hfu	C2S	1:bool:dzyb	refs/otomai/libs/Bubble.Shared/Protocol/Game/Hfu.cs:10
TaxCollectorAttackResultEvent	TaxCollectorAttackResultEvent	hfv	S2C	1:string:dzyg;2:bool:dzyh;3:MapExtendedCoordinates:dzyi;4:string:dzyj;5:int:dzyk;6:int:dzyl	refs/otomai/libs/Bubble.Shared/Protocol/Game/Hfv.cs:10
TaxCollectorPresetSpellMoveRequest	TaxCollectorPresetSpellMoveRequest	hfw	C2S	1:int:dzyp;2:int:dzyq;3:string:dzyr	refs/otomai/libs/Bubble.Shared/Protocol/Game/Hfw.cs:10
TaxCollectorPresetsEvent	TaxCollectorPresetsEvent	hfx	S2C	1:List<TaxCollectorPreset>:dzyv	refs/otomai/libs/Bubble.Shared/Protocol/Game/Hfx.cs:10
TaxCollectorUpdatesListeningConfirmationEvent	TaxCollectorUpdatesListeningConfirmationEvent	hfy	S2C	1:TaxCollectorInformation:dzyz	refs/otomai/libs/Bubble.Shared/Protocol/Game/Hfy.cs:10
TaxCollectorUpdatesListenStopRequest	TaxCollectorUpdatesListenStopRequest	hfz	C2S	1:string:dzzd	refs/otomai/libs/Bubble.Shared/Protocol/Game/Hfz.cs:10
TaxCollectorMovementsOfflineEvent	TaxCollectorMovementsOfflineEvent	hga	S2C	1:List<TaxCollectorMovement>:dzzh	refs/otomai/libs/Bubble.Shared/Protocol/Game/Hga.cs:10
TaxCollectorOrderedSpellRemoveRequest	TaxCollectorOrderedSpellRemoveRequest	hgb	C2S	1:int:dzzl;2:string:dzzm	refs/otomai/libs/Bubble.Shared/Protocol/Game/Hgb.cs:10
TaxCollectorPresetSpellAddRequest	TaxCollectorPresetSpellAddRequest	hgc	C2S	1:TaxCollectorOrderedSpell:dzzq;2:Dictionary<int, long>:dzzr;3:string:dzzs	refs/otomai/libs/Bubble.Shared/Protocol/Game/Hgc.cs:10
TaxCollectorOrderedSpellAddRequest	TaxCollectorOrderedSpellAddRequest	hgd	C2S	1:string:dzzw;2:TaxCollectorOrderedSpell:dzzx	refs/otomai/libs/Bubble.Shared/Protocol/Game/Hgd.cs:10
TaxCollectorPresetsUpdatesListenStopRequest	TaxCollectorPresetsUpdatesListenStopRequest	hge	C2S	1:Dictionary<int, long>:eaab	refs/otomai/libs/Bubble.Shared/Protocol/Game/Hge.cs:10
TaxCollectorEquipmentUpdateEvent	TaxCollectorEquipmentUpdateEvent	hgf	S2C	1:bool:eaaf;2:List<CharacterCharacteristic>:eaag;3:ObjectItemInventory:eaah;4:string:eaai	refs/otomai/libs/Bubble.Shared/Protocol/Game/Hgf.cs:10
TaxCollectorAddedEvent	TaxCollectorAddedEvent	hgg	S2C	1:TaxCollectorInformation:eaam;2:TaxCollectorInformation:eaan;3:long:eaao	refs/otomai/libs/Bubble.Shared/Protocol/Game/Hgg.cs:10
TaxCollectorHarvestedEvent	TaxCollectorHarvestedEvent	hgh	S2C	1:string:eaas;2:long:eaat;3:string:eaau	refs/otomai/libs/Bubble.Shared/Protocol/Game/Hgh.cs:10
TaxCollectorRemovedEvent	TaxCollectorRemovedEvent	hgi	S2C	1:string:eaay	refs/otomai/libs/Bubble.Shared/Protocol/Game/Hgi.cs:10
TaxCollectorStateUpdateEvent	TaxCollectorStateUpdateEvent	hgj	S2C	1:Jdp:eabc;2:string:eabd	refs/otomai/libs/Bubble.Shared/Protocol/Game/Hgj.cs:10
TaxCollectorPresetSpellRemoveRequest	TaxCollectorPresetSpellRemoveRequest	hgk	C2S	1:int:eabh;2:string:eabi	refs/otomai/libs/Bubble.Shared/Protocol/Game/Hgk.cs:10
TaxCollectorMovement	TaxCollectorMovement	hgn		1:int:eabm;2:long:eabn;3:long:eabo;4:MapExtendedCoordinates:eabq;5:Hgl:eabr;6:int:eabs;7:string:eabt	refs/otomai/libs/Bubble.Shared/Protocol/Game/Hgn.cs:10
RemoveTagObjectRequest	RemoveTagObjectRequest	hgp	C2S	1:List<TagObjectUpdateContent>:eaby	refs/otomai/libs/Bubble.Shared/Protocol/Game/Hgp.cs:10
TagStorageData	TagStorageData	hgq		1:Dictionary<int, string>:eacc;2:string:eacd;3:int:eace;4:string:eacf	refs/otomai/libs/Bubble.Shared/Protocol/Game/Hgq.cs:10
RemoveTagStorageResponse	RemoveTagStorageResponse	hgr	S2C	1:string:eacj	refs/otomai/libs/Bubble.Shared/Protocol/Game/Hgr.cs:10
TagObjectUpdateContent	TagObjectUpdateContent	hgs		1:int:eacn;2:string:eaco	refs/otomai/libs/Bubble.Shared/Protocol/Game/Hgs.cs:10
UpdateTagStorageContentRequest	UpdateTagStorageContentRequest	hgt	C2S	1:TagStorageData:eacs	refs/otomai/libs/Bubble.Shared/Protocol/Game/Hgt.cs:10
UpdateTagStorageContentResponse	UpdateTagStorageContentResponse	hgu	S2C	1:string:eacw	refs/otomai/libs/Bubble.Shared/Protocol/Game/Hgu.cs:10
AddTagStorageResponse	AddTagStorageResponse	hgv	S2C	1:string:eada	refs/otomai/libs/Bubble.Shared/Protocol/Game/Hgv.cs:10
AddTagStorageRequest	AddTagStorageRequest	hgw	C2S	1:int:eade;2:string:eadf	refs/otomai/libs/Bubble.Shared/Protocol/Game/Hgw.cs:10
RemoveTagObjectResponse	RemoveTagObjectResponse	hgx	S2C	1:List<int>:eadj	refs/otomai/libs/Bubble.Shared/Protocol/Game/Hgx.cs:10
AddTagObjectRequest	AddTagObjectRequest	hgy	C2S	1:List<TagObjectUpdateContent>:eadn	refs/otomai/libs/Bubble.Shared/Protocol/Game/Hgy.cs:10
RemoveTagStorageRequest	RemoveTagStorageRequest	hgz	C2S	1:string:eadr	refs/otomai/libs/Bubble.Shared/Protocol/Game/Hgz.cs:10
TagInformation	TagInformation	hha		1:TagStorageData:eadv;2:TagObjectData:eadw	refs/otomai/libs/Bubble.Shared/Protocol/Game/Hha.cs:10
TagObjectData	TagObjectData	hhb		1:List<int>:eaea	refs/otomai/libs/Bubble.Shared/Protocol/Game/Hhb.cs:10
TagStoragesRefreshEvent	TagStoragesRefreshEvent	hhc	S2C	1:List<TagInformation>:eaee	refs/otomai/libs/Bubble.Shared/Protocol/Game/Hhc.cs:10
AddTagObjectResponse	AddTagObjectResponse	hhd	S2C	1:List<int>:eaei	refs/otomai/libs/Bubble.Shared/Protocol/Game/Hhd.cs:10
MimicryFreeRequest	MimicryFreeRequest	hhg	C2S	1:int:eaen	refs/otomai/libs/Bubble.Shared/Protocol/Game/Hhg.cs:10
MimicryFreeResponse	MimicryFreeResponse	hhh	S2C	1:Hhf:eaer	refs/otomai/libs/Bubble.Shared/Protocol/Game/Hhh.cs:10
MimicryResponse	MimicryResponse	hhi	S2C	1:Hhf:eaev;2:int:eaew	refs/otomai/libs/Bubble.Shared/Protocol/Game/Hhi.cs:10
MimicryRequest	MimicryRequest	hhj	C2S	1:int:eafb;2:int:eafc	refs/otomai/libs/Bubble.Shared/Protocol/Game/Hhj.cs:10
WrapperObjectDissociateRequest	WrapperObjectDissociateRequest	hhk	C2S	1:int:eafg;2:int:eafh;3:Dictionary<string, long>:eafi	refs/otomai/libs/Bubble.Shared/Protocol/Game/Hhk.cs:10
ActivitySuggestionsEvent	ActivitySuggestionsEvent	hhm	S2C	1:List<int>:eafn;2:List<int>:eafo	refs/otomai/libs/Bubble.Shared/Protocol/Game/Hhm.cs:10
ActivitySuggestionsRequest	ActivitySuggestionsRequest	hhn	C2S	1:int:eafs;2:int:eaft;3:int:eafu;4:int:eafv;5:int:eafw	refs/otomai/libs/Bubble.Shared/Protocol/Game/Hhn.cs:10
ActivityHideRequest	ActivityHideRequest	hho	C2S	1:int:eaga	refs/otomai/libs/Bubble.Shared/Protocol/Game/Hho.cs:10
ActivityLockRequest	ActivityLockRequest	hhp	C2S	1:int:eage	refs/otomai/libs/Bubble.Shared/Protocol/Game/Hhp.cs:10
SpellVariantActivationEvent	SpellVariantActivationEvent	hhr	S2C	1:bool:eagj;2:string:eagk;3:int:eagm	refs/otomai/libs/Bubble.Shared/Protocol/Game/Hhr.cs:10
ForgettableSpellEquipmentSlotsEvent	ForgettableSpellEquipmentSlotsEvent	hhs	S2C	1:int:eagq	refs/otomai/libs/Bubble.Shared/Protocol/Game/Hhs.cs:10
SpellItem	SpellItem	hht		1:Dictionary<string, string>:eagu;2:bool:available;3:int:spell_level;4:int:spell_id	refs/otomai/libs/Bubble.Shared/Protocol/Game/Hht.cs:10
ForgettableSpellDeletionEvent	ForgettableSpellDeletionEvent	hhw	S2C	1:Hhu:eahc;2:List<int>:eahd	refs/otomai/libs/Bubble.Shared/Protocol/Game/Hhw.cs:10
RemoveSpellModifierEvent	RemoveSpellModifierEvent	hhx	S2C	1:Jds:eahh;2:int:eahi;3:long:eahj;4:Jdr:eahk;5:Jdr:eahl	refs/otomai/libs/Bubble.Shared/Protocol/Game/Hhx.cs:10
ForgettableSpellActionRequest	ForgettableSpellActionRequest	hia	C2S	1:int:eahp;2:Hhy:eahq	refs/otomai/libs/Bubble.Shared/Protocol/Game/Hia.cs:10
SpellVariantActivationRequest	SpellVariantActivationRequest	hib	C2S	1:Dictionary<bool, int>:eahu;2:int:eahv	refs/otomai/libs/Bubble.Shared/Protocol/Game/Hib.cs:10
ApplySpellModifierEvent	ApplySpellModifierEvent	hic	S2C	1:long:eahz;2:SpellModifier:eaia	refs/otomai/libs/Bubble.Shared/Protocol/Game/Hic.cs:10
ForgettableSpellsEvent	ForgettableSpellsEvent	hif	S2C	1:Hid:eaie;2:List<SpellItem>:eaif	refs/otomai/libs/Bubble.Shared/Protocol/Game/Hif.cs:10
SpellsEvent	SpellsEvent	hig	S2C	1:bool:spell_visualisation;2:List<SpellItem>:human_spells;3:List<SpellItem>:mutant_spells;4:List<int>:eaim	refs/otomai/libs/Bubble.Shared/Protocol/Game/Hig.cs:10
SetMoodRequest	SetMoodRequest	hii	C2S	1:int:eair;2:Dictionary<bool, bool>:eais	refs/otomai/libs/Bubble.Shared/Protocol/Game/Hii.cs:10
SpouseStatusEvent	SpouseStatusEvent	hij	S2C	1:bool:eaiw	refs/otomai/libs/Bubble.Shared/Protocol/Game/Hij.cs:10
PvpEnableSetRequest	PvpEnableSetRequest	hik	C2S	1:bool:eaja	refs/otomai/libs/Bubble.Shared/Protocol/Game/Hik.cs:10
MoodUpdateEvent	MoodUpdateEvent	hil	S2C	1:long:eaje;2:long:eajf;3:int:eajg	refs/otomai/libs/Bubble.Shared/Protocol/Game/Hil.cs:10
SelfAttackableStatusUpdateEvent	SelfAttackableStatusUpdateEvent	him	S2C	1:int:eajk;2:int:eajl;3:long:eajm;4:Jcu:eajn	refs/otomai/libs/Bubble.Shared/Protocol/Game/Him.cs:10
SubscribeSpouseCompassRequest	SubscribeSpouseCompassRequest	hin	C2S	1:bool:eajr	refs/otomai/libs/Bubble.Shared/Protocol/Game/Hin.cs:10
PlayersMapAttackableStatusUpdateEvent	PlayersMapAttackableStatusUpdateEvent	hiq	S2C	1:List<Hio>:eakf	refs/otomai/libs/Bubble.Shared/Protocol/Game/Hiq.cs:10
Hio	PlayersMapAttackableStatusUpdateEvent+Hio	.hio		1:long:eajv;2:long:eajw;3:Jcu:eajx;4:int:eajy;5:int:eajz;6:List<bool>:eakb	refs/otomai/libs/Bubble.Shared/Protocol/Game/Hiq.cs:21
JoinFriendRequest	JoinFriendRequest	hir	C2S	1:long:eakj	refs/otomai/libs/Bubble.Shared/Protocol/Game/Hir.cs:10
JoinSpouseRequest	JoinSpouseRequest	his	C2S		refs/otomai/libs/Bubble.Shared/Protocol/Game/His.cs:10
DiceRollRequest	DiceRollRequest	hit	C2S	1:int:eakq;2:int:eakr;3:string:eaks	refs/otomai/libs/Bubble.Shared/Protocol/Game/Hit.cs:10
AlignmentRankUpdateEvent	AlignmentRankUpdateEvent	hiu	S2C	1:bool:eakx;2:int:eaky	refs/otomai/libs/Bubble.Shared/Protocol/Game/Hiu.cs:10
SpouseInformationRequest	SpouseInformationRequest	hiv	C2S		refs/otomai/libs/Bubble.Shared/Protocol/Game/Hiv.cs:10
SetMoodEvent	SetMoodEvent	hiy	S2C	1:int:ealf;2:Hiw:ealg	refs/otomai/libs/Bubble.Shared/Protocol/Game/Hiy.cs:10
AdditionalSmileyEvent	AdditionalSmileyEvent	hiz	S2C	1:List<int>:ealk	refs/otomai/libs/Bubble.Shared/Protocol/Game/Hiz.cs:10
SpouseInformationEvent	SpouseInformationEvent	hjc	S2C	1:int:ealw;2:int:ealx;3:AllianceInformation:ealy;4:GuildInformation:ealz;5:string:eama;6:Hja:eamb;7:Gender:eamc;8:EntityLook:eamd;9:long:eame;10:Jcr:eamf;11:long:eamg	refs/otomai/libs/Bubble.Shared/Protocol/Game/Hjc.cs:10
Hja	SpouseInformationEvent+Hja	.hja		1:bool:ealo;2:bool:ealp;3:long:ealq;4:int:ealr;5:int:eals	refs/otomai/libs/Bubble.Shared/Protocol/Game/Hjc.cs:52
SmileyRequest	SmileyRequest	hjd	C2S	1:int:eamk	refs/otomai/libs/Bubble.Shared/Protocol/Game/Hjd.cs:10
SmileyEvent	SmileyEvent	hje	S2C	1:long:eamo;2:int:eamq;3:int:eamr;4:long:eamt	refs/otomai/libs/Bubble.Shared/Protocol/Game/Hje.cs:10
AccessoryPreviewErrorEvent	AccessoryPreviewErrorEvent	hji	S2C	1:Hjg:eamy	refs/otomai/libs/Bubble.Shared/Protocol/Game/Hji.cs:10
AccessoryPreviewRequest	AccessoryPreviewRequest	hjj	C2S	1:bool:eanc;2:List<int>:eand	refs/otomai/libs/Bubble.Shared/Protocol/Game/Hjj.cs:10
AccessoryPreviewEvent	AccessoryPreviewEvent	hjk	S2C	1:EntityLook:eanh	refs/otomai/libs/Bubble.Shared/Protocol/Game/Hjk.cs:10
ServerSessionConstantsEvent	ServerSessionConstantsEvent	hjo	S2C	1:List<Hjm>:eanr	refs/otomai/libs/Bubble.Shared/Protocol/Game/Hjo.cs:10
Hjm	ServerSessionConstantsEvent+Hjm	.hjm		1:int:eanm;2:long:eann	refs/otomai/libs/Bubble.Shared/Protocol/Game/Hjo.cs:21
ServerExperienceModifierEvent	ServerExperienceModifierEvent	hjp	S2C	1:int:eanv	refs/otomai/libs/Bubble.Shared/Protocol/Game/Hjp.cs:10
ServerSettingsEvent	ServerSettingsEvent	hjq	S2C	1:Jdl:eanz;2:bool:eaoa;3:int:eaob;4:int:eaoc;5:string:eaod;6:int:eaoe	refs/otomai/libs/Bubble.Shared/Protocol/Game/Hjq.cs:10
FileCheckEvent	FileCheckEvent	hjt	S2C	1:Hjs:eaoj;2:string:eaok	refs/otomai/libs/Bubble.Shared/Protocol/Game/Hjt.cs:10
FileCheckRequest	FileCheckRequest	hju	C2S	1:Hjs:eaoo;2:string:eaop	refs/otomai/libs/Bubble.Shared/Protocol/Game/Hju.cs:10
TrustStatusEvent	TrustStatusEvent	hjv	S2C	1:bool:eaot;2:bool:eaou	refs/otomai/libs/Bubble.Shared/Protocol/Game/Hjv.cs:10
CinematicEvent	CinematicEvent	hjx	S2C	1:int:eaoz	refs/otomai/libs/Bubble.Shared/Protocol/Game/Hjx.cs:10
MonsterNotAngryAtPlayerEvent	MonsterNotAngryAtPlayerEvent	hjz	S2C	1:long:eape;2:long:eapf;3:long:eapg	refs/otomai/libs/Bubble.Shared/Protocol/Game/Hjz.cs:10
PlayerFightFriendlyAnsweredEvent	PlayerFightFriendlyAnsweredEvent	hka	S2C	1:long:eapk;2:bool:eapl;3:long:eapm;4:int:eapn	refs/otomai/libs/Bubble.Shared/Protocol/Game/Hka.cs:10
FightRequestCanceledEvent	FightRequestCanceledEvent	hkb	S2C	1:long:eapr;2:long:eaps;3:int:eapt	refs/otomai/libs/Bubble.Shared/Protocol/Game/Hkb.cs:10
MonsterAngryAtPlayerEvent	MonsterAngryAtPlayerEvent	hkc	S2C	1:long:eapx;2:long:eapy;3:long:eapz;4:long:eaqa;5:long:eaqb	refs/otomai/libs/Bubble.Shared/Protocol/Game/Hkc.cs:10
RemoveChallengeEvent	RemoveChallengeEvent	hkd	S2C	1:int:eaqf	refs/otomai/libs/Bubble.Shared/Protocol/Game/Hkd.cs:10
PlayerFightFriendlyRequestedEvent	PlayerFightFriendlyRequestedEvent	hke	S2C	1:int:fight_id;2:int:fight_id2;3:long:source_id;4:long:target_id	refs/otomai/libs/Bubble.Shared/Protocol/Game/Hke.cs:10
DelayedActionFinishedEvent	DelayedActionFinishedEvent	hkf	S2C	1:long:eaqq;2:List<long>:eaqr;3:Jcm:eaqs	refs/otomai/libs/Bubble.Shared/Protocol/Game/Hkf.cs:10
PlayerFightRequest	PlayerFightRequest	hkg	C2S	1:int:eaqw;2:bool:eaqx;3:long:eaqy	refs/otomai/libs/Bubble.Shared/Protocol/Game/Hkg.cs:10
SpellAnimEvent	SpellAnimEvent	hkh	S2C	1:long:earc;2:Jdg:eard;3:int:eare;4:int:earf;5:int:earg	refs/otomai/libs/Bubble.Shared/Protocol/Game/Hkh.cs:10
DelayedActionCancelRequest	DelayedActionCancelRequest	hki	C2S		refs/otomai/libs/Bubble.Shared/Protocol/Game/Hki.cs:10
ShowChallengeEvent	ShowChallengeEvent	hkj	S2C	1:FightCommonInformation:earn	refs/otomai/libs/Bubble.Shared/Protocol/Game/Hkj.cs:10
AggressionEvent	AggressionEvent	hkk	S2C	1:long:earr;2:long:ears;3:long:eart	refs/otomai/libs/Bubble.Shared/Protocol/Game/Hkk.cs:10
AttackMonsterRequest	AttackMonsterRequest	hkl	C2S	1:long:monster_group_id	refs/otomai/libs/Bubble.Shared/Protocol/Game/Hkl.cs:10
DelayedActionEvent	DelayedActionEvent	hkm	S2C	1:Jcm:easb;2:int:easc;3:long:ease;4:long:easf	refs/otomai/libs/Bubble.Shared/Protocol/Game/Hkm.cs:10
PlayerFightFriendlyAnswerRequest	PlayerFightFriendlyAnswerRequest	hkn	C2S	1:int:fight_id;2:bool:accept;3:bool:accept2	refs/otomai/libs/Bubble.Shared/Protocol/Game/Hkn.cs:10
ExitRequest	ExitRequest	hko	C2S		refs/otomai/libs/Bubble.Shared/Protocol/Game/Hko.cs:10
ReportResponse	ReportResponse	hks	S2C	1:bool:east;2:Hkq:easu	refs/otomai/libs/Bubble.Shared/Protocol/Game/Hks.cs:10
ReportRequest	ReportRequest	hkv	C2S	1:Hkt:easy;2:string:easz;3:string:eata;4:long:eatb	refs/otomai/libs/Bubble.Shared/Protocol/Game/Hkv.cs:10
QuestObjectiveValidationRequest	QuestObjectiveValidationRequest	hkx	C2S	1:int:eatg;2:int:eath	refs/otomai/libs/Bubble.Shared/Protocol/Game/Hkx.cs:10
QuestObjectiveUpdatedEvent	QuestObjectiveUpdatedEvent	hky	S2C	1:int:eatl;2:Completion:eatm;3:int:eatn	refs/otomai/libs/Bubble.Shared/Protocol/Game/Hky.cs:10
QuestStepValidatedEvent	QuestStepValidatedEvent	hkz	S2C	1:List<string>:eatr;2:int:eats;3:int:eatt	refs/otomai/libs/Bubble.Shared/Protocol/Game/Hkz.cs:10
QuestActive	QuestActive	hlc		1:Hla:eauc;2:int:eaud	refs/otomai/libs/Bubble.Shared/Protocol/Game/Hlc.cs:10
Hla	QuestActive+Hla	.hla		1:int:eatx;2:List<QuestObjective>:eaty	refs/otomai/libs/Bubble.Shared/Protocol/Game/Hlc.cs:24
QuestStepStartedEvent	QuestStepStartedEvent	hld	S2C	1:int:eauh;2:int:eaui	refs/otomai/libs/Bubble.Shared/Protocol/Game/Hld.cs:10
QuestStepInformationRequest	QuestStepInformationRequest	hle	C2S	1:int:eaum	refs/otomai/libs/Bubble.Shared/Protocol/Game/Hle.cs:10
QuestObjectiveFollowRequest	QuestObjectiveFollowRequest	hlf	C2S	1:int:eauq;2:int:eaur	refs/otomai/libs/Bubble.Shared/Protocol/Game/Hlf.cs:10
QuestObjective	QuestObjective	hlg		1:int:eauv;2:bool:eauw;3:Completion:eaux;4:List<string>:eauy	refs/otomai/libs/Bubble.Shared/Protocol/Game/Hlg.cs:10
QuestStepInformationEvent	QuestStepInformationEvent	hlh	S2C	1:QuestActive:eavc;2:long:eavd;3:long:eavf	refs/otomai/libs/Bubble.Shared/Protocol/Game/Hlh.cs:10
QuestStartedEvent	QuestStartedEvent	hli	S2C	1:int:eavk	refs/otomai/libs/Bubble.Shared/Protocol/Game/Hli.cs:10
QuestsFollowedOrderRefreshRequest	QuestsFollowedOrderRefreshRequest	hlj	C2S	1:List<int>:eavo;2:int:eavp	refs/otomai/libs/Bubble.Shared/Protocol/Game/Hlj.cs:10
QuestsFollowedEvent	QuestsFollowedEvent	hlk	S2C	1:List<QuestActive>:eavu;2:int:eavv	refs/otomai/libs/Bubble.Shared/Protocol/Game/Hlk.cs:10
QuestStartRequest	QuestStartRequest	hll	C2S	1:int:eavz;2:bool:eawa	refs/otomai/libs/Bubble.Shared/Protocol/Game/Hll.cs:10
QuestObjectiveValidatedEvent	QuestObjectiveValidatedEvent	hlm	S2C	1:int:eawe;2:int:eawf	refs/otomai/libs/Bubble.Shared/Protocol/Game/Hlm.cs:10
GuideModQuitRequest	GuideModQuitRequest	hln	C2S		refs/otomai/libs/Bubble.Shared/Protocol/Game/Hln.cs:10
QuestsRequest	QuestsRequest	hlo	C2S		refs/otomai/libs/Bubble.Shared/Protocol/Game/Hlo.cs:10
QuestsEvent	QuestsEvent	hlr	S2C	1:List<int>:eawv;2:List<Hlp>:eaww;3:long:eawx;4:List<QuestActive>:eawz;5:long:eaxa	refs/otomai/libs/Bubble.Shared/Protocol/Game/Hlr.cs:10
Hlp	QuestsEvent+Hlp	.hlp		1:int:eawp;2:int:eawq;3:int:eawr	refs/otomai/libs/Bubble.Shared/Protocol/Game/Hlr.cs:47
Completion	Completion	hls		1:long:eaxf;2:long:eaxg	refs/otomai/libs/Bubble.Shared/Protocol/Game/Hls.cs:10
GuideModReturnRequest	GuideModReturnRequest	hlt	C2S		refs/otomai/libs/Bubble.Shared/Protocol/Game/Hlt.cs:10
QuestObjectiveUnfollowRequest	QuestObjectiveUnfollowRequest	hlu	C2S	1:int:eaxn;2:int:eaxo	refs/otomai/libs/Bubble.Shared/Protocol/Game/Hlu.cs:10
QuestValidatedEvent	QuestValidatedEvent	hlv	S2C	1:int:eaxs	refs/otomai/libs/Bubble.Shared/Protocol/Game/Hlv.cs:10
PrismAttackedEvent	PrismAttackedEvent	hlx	S2C	1:PrismLocalizedInformation:eaxx	refs/otomai/libs/Bubble.Shared/Protocol/Game/Hlx.cs:10
PrismExchangeRequest	PrismExchangeRequest	hly	C2S		refs/otomai/libs/Bubble.Shared/Protocol/Game/Hly.cs:10
PrismRecycleRequest	PrismRecycleRequest	hlz	C2S		refs/otomai/libs/Bubble.Shared/Protocol/Game/Hlz.cs:10
PrismListEvent	PrismListEvent	hma	S2C	1:Dictionary<long, string>:eayh;2:List<PrismLocalizedInformation>:eayi	refs/otomai/libs/Bubble.Shared/Protocol/Game/Hma.cs:10
PrismAttackRequest	PrismAttackRequest	hmb	C2S		refs/otomai/libs/Bubble.Shared/Protocol/Game/Hmb.cs:10
PrismAddOrUpdateEvent	PrismAddOrUpdateEvent	hmc	S2C	1:PrismLocalizedInformation:eayp	refs/otomai/libs/Bubble.Shared/Protocol/Game/Hmc.cs:10
PrismTeleportationRequest	PrismTeleportationRequest	hmd	C2S		refs/otomai/libs/Bubble.Shared/Protocol/Game/Hmd.cs:10
PrismRemoveEvent	PrismRemoveEvent	hme	S2C	1:int:eayw	refs/otomai/libs/Bubble.Shared/Protocol/Game/Hme.cs:10
PrismAttackResultEvent	PrismAttackResultEvent	hmh	S2C	1:Hmf:eaza;2:long:eazb;3:PrismLocalizedInformation:eazd	refs/otomai/libs/Bubble.Shared/Protocol/Game/Hmh.cs:10
PresetSetFavoriteRequest	PresetSetFavoriteRequest	hmj	C2S	1:bool:eazi;2:Jdf:eazj;3:string:eazk	refs/otomai/libs/Bubble.Shared/Protocol/Game/Hmj.cs:10
PresetDeleteResponse	PresetDeleteResponse	hmk	S2C	1:bool:eazo;2:bool:eazp	refs/otomai/libs/Bubble.Shared/Protocol/Game/Hmk.cs:10
CharacterPresetCurrentStateResponse	CharacterPresetCurrentStateResponse	hml	S2C	1:CharacterPresetInfo:eazt	refs/otomai/libs/Bubble.Shared/Protocol/Game/Hml.cs:10
SpellPreset	SpellPreset	hmm		1:Dictionary<int, SpellPositions>:eazx	refs/otomai/libs/Bubble.Shared/Protocol/Game/Hmm.cs:10
PresetOutfitUpdateRequest	PresetOutfitUpdateRequest	hmn	C2S	1:int:ebab;2:string:ebac;3:string:ebad	refs/otomai/libs/Bubble.Shared/Protocol/Game/Hmn.cs:10
ForgettableSpellPresetResetRequest	ForgettableSpellPresetResetRequest	hmo	C2S	1:string:ebai	refs/otomai/libs/Bubble.Shared/Protocol/Game/Hmo.cs:10
ForgettableSpellPresetInfoResponse	ForgettableSpellPresetInfoResponse	hmp	S2C	1:ForgettableSpellPresetInfo:ebam;2:bool:eban	refs/otomai/libs/Bubble.Shared/Protocol/Game/Hmp.cs:10
PresetSaveResponse	PresetSaveResponse	hmq	S2C	1:bool:ebar	refs/otomai/libs/Bubble.Shared/Protocol/Game/Hmq.cs:10
CharacterPresetCreateResponse	CharacterPresetCreateResponse	hmv	S2C	3:Hmt:ebaz;1:Hmt:ebba;2:Hms:ebbb	refs/otomai/libs/Bubble.Shared/Protocol/Game/Hmv.cs:10
Hmt	CharacterPresetCreateResponse+Hmt	.hmt		1:CharacterPresetInfo:ebav	refs/otomai/libs/Bubble.Shared/Protocol/Game/Hmv.cs:50
SpellPositions	SpellPositions	hmw		1:List<int>:ebbh	refs/otomai/libs/Bubble.Shared/Protocol/Game/Hmw.cs:10
CharacterPresetInfoRequest	CharacterPresetInfoRequest	hmx	C2S	1:string:ebbl	refs/otomai/libs/Bubble.Shared/Protocol/Game/Hmx.cs:10
ForgettableSpellPresetResetResponse	ForgettableSpellPresetResetResponse	hmy	S2C	1:bool:ebbp;2:ForgettableSpellPresetInfo:ebbq	refs/otomai/libs/Bubble.Shared/Protocol/Game/Hmy.cs:10
ForgettableSpellPresetSetRequest	ForgettableSpellPresetSetRequest	hmz	C2S	1:PresetOrigin:ebbu;2:string:ebbv	refs/otomai/libs/Bubble.Shared/Protocol/Game/Hmz.cs:10
PresetSymbolUpdateRequest	PresetSymbolUpdateRequest	hna	C2S	1:Jdf:ebbz;2:List<bool>:ebca;3:string:ebcb;4:int:ebcc	refs/otomai/libs/Bubble.Shared/Protocol/Game/Hna.cs:10
CharacterPresetSetRequest	CharacterPresetSetRequest	hnb	C2S	1:PresetOrigin:ebcg;2:string:ebch	refs/otomai/libs/Bubble.Shared/Protocol/Game/Hnb.cs:10
PresetUseResponse	PresetUseResponse	hng	S2C	1:Hnd:ebcr;2:Hne:ebct	refs/otomai/libs/Bubble.Shared/Protocol/Game/Hng.cs:10
Hne	PresetUseResponse+Hne	.hne		1:int:ebcl;2:List<int>:ebcn	refs/otomai/libs/Bubble.Shared/Protocol/Game/Hng.cs:47
PresetEquipmentUpdateRequest	PresetEquipmentUpdateRequest	hnn	C2S	1:string:ebdn;4:Hnk:ebdo;2:Hnl:ebdp;3:Hnj:ebdq;5:Hni:ebdr;6:Hnk:ebds	refs/otomai/libs/Bubble.Shared/Protocol/Game/Hnn.cs:10
Hnk	PresetEquipmentUpdateRequest+Hnk	.hnk			refs/otomai/libs/Bubble.Shared/Protocol/Game/Hnn.cs:74
Hnl	PresetEquipmentUpdateRequest+Hnl	.hnl			refs/otomai/libs/Bubble.Shared/Protocol/Game/Hnn.cs:84
Hnj	PresetEquipmentUpdateRequest+Hnj	.hnj		1:int:ebdd	refs/otomai/libs/Bubble.Shared/Protocol/Game/Hnn.cs:94
Hni	PresetEquipmentUpdateRequest+Hni	.hni		1:int:ebcy;2:int:ebcz	refs/otomai/libs/Bubble.Shared/Protocol/Game/Hnn.cs:107
PresetSpellUpdateResponse	PresetSpellUpdateResponse	hno	S2C	1:bool:ebdx	refs/otomai/libs/Bubble.Shared/Protocol/Game/Hno.cs:10
CharacterPresetCreateRequest	CharacterPresetCreateRequest	hnp	C2S	1:int:ebeb;2:string:ebec;3:PresetOrigin:ebed	refs/otomai/libs/Bubble.Shared/Protocol/Game/Hnp.cs:10
PresetItemUpdateEvent	PresetItemUpdateEvent	hnq	S2C	1:int:ebeh;2:Dictionary<string, int>:ebei;3:bool:ebej	refs/otomai/libs/Bubble.Shared/Protocol/Game/Hnq.cs:10
ForgettableSpellPresetInfoRequest	ForgettableSpellPresetInfoRequest	hnr	C2S	1:string:eben	refs/otomai/libs/Bubble.Shared/Protocol/Game/Hnr.cs:10
ForgettableSpellPresetSetResponse	ForgettableSpellPresetSetResponse	hns	S2C	1:bool:eber;2:ForgettableSpellPresetInfo:ebes	refs/otomai/libs/Bubble.Shared/Protocol/Game/Hns.cs:10
ForgettableSpellPresetCreateResponse	ForgettableSpellPresetCreateResponse	hnx	S2C	1:Hnv:ebfa;2:Hnu:ebfb	refs/otomai/libs/Bubble.Shared/Protocol/Game/Hnx.cs:10
Hnv	ForgettableSpellPresetCreateResponse+Hnv	.hnv		1:ForgettableSpellPresetInfo:ebew	refs/otomai/libs/Bubble.Shared/Protocol/Game/Hnx.cs:47
PresetStatUpdateRequest	PresetStatUpdateRequest	hny	C2S	1:string:ebfh;2:Dictionary<int, int>:ebfi	refs/otomai/libs/Bubble.Shared/Protocol/Game/Hny.cs:10
ForgettableSpellInfo	ForgettableSpellInfo	hnz		1:SpellPositions:ebfm;2:bool:ebfn	refs/otomai/libs/Bubble.Shared/Protocol/Game/Hnz.cs:10
CharacterPresetResetRequest	CharacterPresetResetRequest	hoa	C2S	1:string:ebfr	refs/otomai/libs/Bubble.Shared/Protocol/Game/Hoa.cs:10
PresetEquipmentUpdateResponse	PresetEquipmentUpdateResponse	hod	S2C	1:Hob:ebga;2:bool:ebgb	refs/otomai/libs/Bubble.Shared/Protocol/Game/Hod.cs:10
Hob	PresetEquipmentUpdateResponse+Hob	.hob		1:CharacteristicsInfo:ebfv;2:PresetLook:ebfw	refs/otomai/libs/Bubble.Shared/Protocol/Game/Hod.cs:24
PresetSymbolUpdateResponse	PresetSymbolUpdateResponse	hoe	S2C	1:bool:ebgf	refs/otomai/libs/Bubble.Shared/Protocol/Game/Hoe.cs:10
PresetRenameResponse	PresetRenameResponse	hoh	S2C	1:Hof:ebgj	refs/otomai/libs/Bubble.Shared/Protocol/Game/Hoh.cs:10
PresetDeleteRequest	PresetDeleteRequest	hoi	C2S	1:string:ebgn;2:Jdf:ebgo	refs/otomai/libs/Bubble.Shared/Protocol/Game/Hoi.cs:10
CharacterPresetSetResponse	CharacterPresetSetResponse	hoj	S2C	1:bool:ebgs;2:CharacterPresetInfo:ebgt	refs/otomai/libs/Bubble.Shared/Protocol/Game/Hoj.cs:10
CharacteristicsInfo	CharacteristicsInfo	hom		1:Dictionary<int, CharacteristicsInfo.Hok>:ebhh	refs/otomai/libs/Bubble.Shared/Protocol/Game/Hom.cs:10
Hok	CharacteristicsInfo+Hok	.hok		1:int:ebgx;2:int:ebgy;3:int:ebgz;4:int:ebhb;5:int:ebhc;6:int:ebhd	refs/otomai/libs/Bubble.Shared/Protocol/Game/Hom.cs:22
PresetOutfitUpdateResponse	PresetOutfitUpdateResponse	hon	S2C	1:bool:ebhl;2:PresetLook:ebhm	refs/otomai/libs/Bubble.Shared/Protocol/Game/Hon.cs:10
PresetRenameRequest	PresetRenameRequest	hoo	C2S	1:string:ebhq;2:Jdf:ebhr;3:string:ebhs;4:Jdf:ebht	refs/otomai/libs/Bubble.Shared/Protocol/Game/Hoo.cs:10
ForgettableSpellPresetInfo	ForgettableSpellPresetInfo	hop		1:int:ebhx;2:SpellPreset:ebhy;3:Dictionary<int, ForgettableSpellInfo>:ebhz;4:bool:ebia;5:string:ebib;6:string:ebic;7:string:ebid	refs/otomai/libs/Bubble.Shared/Protocol/Game/Hop.cs:10
Equipment	Equipment	hoq		1:int:ebih;2:List<ObjectEffect>:ebij;3:int:ebik	refs/otomai/libs/Bubble.Shared/Protocol/Game/Hoq.cs:10
PresetSaveRequest	PresetSaveRequest	hor	C2S	1:string:ebio;2:Jdf:ebip	refs/otomai/libs/Bubble.Shared/Protocol/Game/Hor.cs:10
ForgettableSpellPresetCreateRequest	ForgettableSpellPresetCreateRequest	hos	C2S	1:PresetOrigin:ebit;2:int:ebiu;3:string:ebiv	refs/otomai/libs/Bubble.Shared/Protocol/Game/Hos.cs:10
PresetStatUpdateResponse	PresetStatUpdateResponse	hot	S2C	1:CharacteristicsInfo:ebiz;2:bool:ebja	refs/otomai/libs/Bubble.Shared/Protocol/Game/Hot.cs:10
CharacterPresetInfo	CharacterPresetInfo	hou		1:SpellPreset:ebje;2:bool:ebjf;3:string:ebjg;4:CharacteristicsInfo:ebjh;5:int:ebji;6:string:ebjj;7:string:ebjk;8:Ride:ebjl;9:string:ebjm;10:PresetLook:ebjo;11:Dictionary<int, Equipment>:ebjp	refs/otomai/libs/Bubble.Shared/Protocol/Game/Hou.cs:10
PresetLook	PresetLook	hov		1:EntityLook:ebjt;2:EntityLook:ebju	refs/otomai/libs/Bubble.Shared/Protocol/Game/Hov.cs:10
CharacterPresetResetResponse	CharacterPresetResetResponse	how	S2C	1:CharacterPresetInfo:ebjy;2:bool:ebjz	refs/otomai/libs/Bubble.Shared/Protocol/Game/How.cs:10
PresetSetFavoriteResponse	PresetSetFavoriteResponse	hox	S2C	1:bool:ebkd	refs/otomai/libs/Bubble.Shared/Protocol/Game/Hox.cs:10
PresetSpellUpdateRequest	PresetSpellUpdateRequest	hpa	C2S	1:SpellPreset:ebkh;2:Hoy:ebki;3:string:ebkj;4:string:ebkk	refs/otomai/libs/Bubble.Shared/Protocol/Game/Hpa.cs:10
Ride	Ride	hpb		1:int:ebko;2:bool:ebkp;3:int:ebkq;4:List<string>:ebkr	refs/otomai/libs/Bubble.Shared/Protocol/Game/Hpb.cs:10
PresetListEvent	PresetListEvent	hpc	S2C	1:Dictionary<string, ForgettableSpellPresetInfo>:ebkv;2:Dictionary<string, CharacterPresetInfo>:ebkw	refs/otomai/libs/Bubble.Shared/Protocol/Game/Hpc.cs:10
CharacterPresetCurrentStateRequest	CharacterPresetCurrentStateRequest	hpd	C2S		refs/otomai/libs/Bubble.Shared/Protocol/Game/Hpd.cs:10
PresetOrigin	PresetOrigin	hpj		1:Hpf:ebln;2:Hph:eblo;3:Hpg:eblp	refs/otomai/libs/Bubble.Shared/Protocol/Game/Hpj.cs:10
Hpf	PresetOrigin+Hpf	.hpf			refs/otomai/libs/Bubble.Shared/Protocol/Game/Hpj.cs:57
Hph	PresetOrigin+Hph	.hph		1:string:eblj	refs/otomai/libs/Bubble.Shared/Protocol/Game/Hpj.cs:67
Hpg	PresetOrigin+Hpg	.hpg			refs/otomai/libs/Bubble.Shared/Protocol/Game/Hpj.cs:81
CharacterPresetInfoResponse	CharacterPresetInfoResponse	hpk	S2C	1:bool:eblu;2:CharacterPresetInfo:eblv	refs/otomai/libs/Bubble.Shared/Protocol/Game/Hpk.cs:10
PresetUseRequest	PresetUseRequest	hpl	C2S	1:Jdf:eblz;2:string:ebma	refs/otomai/libs/Bubble.Shared/Protocol/Game/Hpl.cs:10
PartyNewGuestEvent	PartyNewGuestEvent	hpp	S2C	1:PartyGuest:ebmf;2:int:ebmg	refs/otomai/libs/Bubble.Shared/Protocol/Game/Hpp.cs:10
PartyMemberRemoveEvent	PartyMemberRemoveEvent	hpq	S2C	1:long:kicker_id;2:int:party_id;3:long:leaving_player_id	refs/otomai/libs/Bubble.Shared/Protocol/Game/Hpq.cs:10
PartyKickedByEvent	PartyKickedByEvent	hpr	S2C	1:int:ebmr;2:long:ebms	refs/otomai/libs/Bubble.Shared/Protocol/Game/Hpr.cs:10
PartyKickRequest	PartyKickRequest	hps	C2S	1:bool:ebmw;2:int:ebmy;3:long:ebmz	refs/otomai/libs/Bubble.Shared/Protocol/Game/Hps.cs:10
PartyInvitationDetailsEvent	PartyInvitationDetailsEvent	hpt	S2C	1:string:ebnd;2:List<PartyGuest>:ebne;3:string:ebnf;4:PartyType:ebng;5:List<Character>:ebnh;6:int:ebni;7:long:ebnj;8:long:ebnk	refs/otomai/libs/Bubble.Shared/Protocol/Game/Hpt.cs:10
PartyStopFollowMemberRequest	PartyStopFollowMemberRequest	hpu	C2S	1:long:ebno;2:int:ebnp	refs/otomai/libs/Bubble.Shared/Protocol/Game/Hpu.cs:10
PartyLeaderUpdateEvent	PartyLeaderUpdateEvent	hpv	S2C	1:int:ebnt;2:long:ebnu	refs/otomai/libs/Bubble.Shared/Protocol/Game/Hpv.cs:10
FightAutoReadyActivationRequest	FightAutoReadyActivationRequest	hpw	C2S		refs/otomai/libs/Bubble.Shared/Protocol/Game/Hpw.cs:10
FightAutoJoinDeactivatedResponse	FightAutoJoinDeactivatedResponse	hpz	S2C	1:Hpx:ebob	refs/otomai/libs/Bubble.Shared/Protocol/Game/Hpz.cs:10
PartyFollowMemberRequest	PartyFollowMemberRequest	hqa	C2S	1:long:ebof;2:bool:ebog;3:int:eboi	refs/otomai/libs/Bubble.Shared/Protocol/Game/Hqa.cs:10
PartyNameSetErrorEvent	PartyNameSetErrorEvent	hqd	S2C	1:Hqb:ebom;2:int:ebon	refs/otomai/libs/Bubble.Shared/Protocol/Game/Hqd.cs:10
FightAutoJoinDeactivationRequest	FightAutoJoinDeactivationRequest	hqe	C2S		refs/otomai/libs/Bubble.Shared/Protocol/Game/Hqe.cs:10
PartyNewMemberEvent	PartyNewMemberEvent	hqf	S2C	1:Character:ebou;2:int:ebov	refs/otomai/libs/Bubble.Shared/Protocol/Game/Hqf.cs:10
PartyJoinEvent	PartyJoinEvent	hqg	S2C	1:int:party_id;2:bool:restricted;3:long:leader_id;4:List<Character>:members;5:PartyType:party_type;6:int:max_participants;7:List<PartyGuest>:guests;8:string:party_name	refs/otomai/libs/Bubble.Shared/Protocol/Game/Hqg.cs:10
PartyFollowStatusUpdateEvent	PartyFollowStatusUpdateEvent	hqh	S2C	1:long:ebpk;2:int:ebpl;3:bool:ebpm;4:bool:ebpn	refs/otomai/libs/Bubble.Shared/Protocol/Game/Hqh.cs:10
PartyGuest	PartyGuest	hqi		1:List<PartyEntity>:ebpr;2:long:ebps;3:Gender:ebpt;4:CharacterStatus:ebpu;5:string:ebpv;6:int:ebpw;7:EntityLook:ebpx;8:long:ebpy	refs/otomai/libs/Bubble.Shared/Protocol/Game/Hqi.cs:10
AutoFollowDeactivationResponse	AutoFollowDeactivationResponse	hql	S2C	1:Hqj:ebqc;2:Hqj:ebqd	refs/otomai/libs/Bubble.Shared/Protocol/Game/Hql.cs:10
PartyInvitationCancelRequest	PartyInvitationCancelRequest	hqm	C2S	1:int:ebqh;2:long:ebqi;3:int:ebqj	refs/otomai/libs/Bubble.Shared/Protocol/Game/Hqm.cs:10
FightAutoReadyActivationResponse	FightAutoReadyActivationResponse	hqp	S2C	1:Hqn:ebqn	refs/otomai/libs/Bubble.Shared/Protocol/Game/Hqp.cs:10
FightAutoReadyDeactivationRequest	FightAutoReadyDeactivationRequest	hqq	C2S		refs/otomai/libs/Bubble.Shared/Protocol/Game/Hqq.cs:10
PartyLeaveEvent	PartyLeaveEvent	hqr	S2C	1:int:ebqu	refs/otomai/libs/Bubble.Shared/Protocol/Game/Hqr.cs:10
PartyLocateMembersRequest	PartyLocateMembersRequest	hqs	C2S	1:int:ebqy	refs/otomai/libs/Bubble.Shared/Protocol/Game/Hqs.cs:10
PartyInvitationCancelledEvent	PartyInvitationCancelledEvent	hqt	S2C	1:int:ebrc;2:long:ebrd;3:long:ebre	refs/otomai/libs/Bubble.Shared/Protocol/Game/Hqt.cs:10
PartyLeaveRequest	PartyLeaveRequest	hqu	C2S	1:int:ebri	refs/otomai/libs/Bubble.Shared/Protocol/Game/Hqu.cs:10
FightAutoJoinActivationRequest	FightAutoJoinActivationRequest	hqv	C2S	1:int:ebrm	refs/otomai/libs/Bubble.Shared/Protocol/Game/Hqv.cs:10
PartyMemberInFightEvent	PartyMemberInFightEvent	hqw	S2C	1:int:party_id;2:Hpn:reason;3:string:member_name;4:int:fight_id;5:int:time_before_fight_start;6:long:member_id;7:long:member_account_id;8:MapExtendedCoordinates:standard_fight_map	refs/otomai/libs/Bubble.Shared/Protocol/Game/Hqw.cs:10
PartyInvitationAcceptRequest	PartyInvitationAcceptRequest	hqx	C2S	1:int:party_id	refs/otomai/libs/Bubble.Shared/Protocol/Game/Hqx.cs:10
PartyNameSetRequest	PartyNameSetRequest	hqy	C2S	1:string:ebsf;2:int:ebsg;3:string:ebsh	refs/otomai/libs/Bubble.Shared/Protocol/Game/Hqy.cs:10
LeaderPositionEvent	LeaderPositionEvent	hqz	S2C	1:int:cell_id;2:MapExtendedCoordinates:map;3:MapExtendedCoordinates:map2;4:long:player_id	refs/otomai/libs/Bubble.Shared/Protocol/Game/Hqz.cs:10
FightAutoReadyActivatedEvent	FightAutoReadyActivatedEvent	hra	S2C	1:long:ebss	refs/otomai/libs/Bubble.Shared/Protocol/Game/Hra.cs:10
FightAutoJoinActivationResponse	FightAutoJoinActivationResponse	hrd	S2C	1:Hrb:ebsw	refs/otomai/libs/Bubble.Shared/Protocol/Game/Hrd.cs:10
AutoFollowActivatedEvent	AutoFollowActivatedEvent	hre	S2C	1:long:ebta	refs/otomai/libs/Bubble.Shared/Protocol/Game/Hre.cs:10
PartyAbdicateThroneRequest	PartyAbdicateThroneRequest	hrf	C2S	1:int:ebte;2:long:ebtf	refs/otomai/libs/Bubble.Shared/Protocol/Game/Hrf.cs:10
PartyLoyaltyStatusEvent	PartyLoyaltyStatusEvent	hrg	S2C	1:bool:ebtj;2:int:ebtk	refs/otomai/libs/Bubble.Shared/Protocol/Game/Hrg.cs:10
FightAutoReadyDeactivatedEvent	FightAutoReadyDeactivatedEvent	hrh	S2C	1:long:ebto	refs/otomai/libs/Bubble.Shared/Protocol/Game/Hrh.cs:10
PartyNameUpdateEvent	PartyNameUpdateEvent	hri	S2C	1:int:ebts;2:string:ebtt	refs/otomai/libs/Bubble.Shared/Protocol/Game/Hri.cs:10
PartyMemberUpdateLightEvent	PartyMemberUpdateLightEvent	hrj	S2C	1:int:ebtx;2:int:ebty;3:int:ebua;4:PartyUpdateCommonsInformation:ebuc;5:bool:ebud;6:long:ebuf	refs/otomai/libs/Bubble.Shared/Protocol/Game/Hrj.cs:10
PartyMemberInBreachFightEvent	PartyMemberInBreachFightEvent	hrk	S2C	1:int:ebuj;2:long:ebuk;3:int:ebul;4:int:ebum;5:string:ebun;6:long:ebuo;7:int:ebup;8:Hpn:ebuq;9:long:ebur;10:int:ebus	refs/otomai/libs/Bubble.Shared/Protocol/Game/Hrk.cs:10
PartyInvitationDetailsRequest	PartyInvitationDetailsRequest	hrl	C2S	1:int:ebuw	refs/otomai/libs/Bubble.Shared/Protocol/Game/Hrl.cs:10
FightAutoJoinActivatedEvent	FightAutoJoinActivatedEvent	hrm	S2C	1:long:ebva	refs/otomai/libs/Bubble.Shared/Protocol/Game/Hrm.cs:10
FightAutoReadyDeactivationResponse	FightAutoReadyDeactivationResponse	hrp	S2C	1:Hrn:ebve	refs/otomai/libs/Bubble.Shared/Protocol/Game/Hrp.cs:10
PartyInvitationEvent	PartyInvitationEvent	hrq	S2C	1:int:party_id;2:string:from_player_name;3:long:from_player_id;4:string:party_name;5:long:to_player_id;6:PartyType:party_type;7:int:max_participants	refs/otomai/libs/Bubble.Shared/Protocol/Game/Hrq.cs:10
PartyJoinErrorEvent	PartyJoinErrorEvent	hrt	S2C	1:int:party_id;2:Hrr:reason	refs/otomai/libs/Bubble.Shared/Protocol/Game/Hrt.cs:10
PartyInvitationRefusedEvent	PartyInvitationRefusedEvent	hru	S2C	1:int:ebvx;2:long:ebvy;3:string:ebvz	refs/otomai/libs/Bubble.Shared/Protocol/Game/Hru.cs:10
PartyInvitationCancelledForGuestEvent	PartyInvitationCancelledForGuestEvent	hrv	S2C	1:int:ebwd;2:long:ebwe	refs/otomai/libs/Bubble.Shared/Protocol/Game/Hrv.cs:10
AutoFollowActivationRequest	AutoFollowActivationRequest	hrw	C2S		refs/otomai/libs/Bubble.Shared/Protocol/Game/Hrw.cs:10
FightAutoJoinDeactivatedEvent	FightAutoJoinDeactivatedEvent	hrx	S2C	1:long:player_id;2:long:player_id2	refs/otomai/libs/Bubble.Shared/Protocol/Game/Hrx.cs:10
PartyRestrictedEvent	PartyRestrictedEvent	hry	S2C	1:bool:ebwq;2:int:ebwr	refs/otomai/libs/Bubble.Shared/Protocol/Game/Hry.cs:10
PartyMemberUpdateEvent	PartyMemberUpdateEvent	hrz	S2C	1:Character:ebwv;2:int:ebww	refs/otomai/libs/Bubble.Shared/Protocol/Game/Hrz.cs:10
PartyInvitationRefuseRequest	PartyInvitationRefuseRequest	hsa	C2S	1:int:ebxa	refs/otomai/libs/Bubble.Shared/Protocol/Game/Hsa.cs:10
AutoFollowDeactivationRequest	AutoFollowDeactivationRequest	hsb	C2S		refs/otomai/libs/Bubble.Shared/Protocol/Game/Hsb.cs:10
AutoFollowActivationResponse	AutoFollowActivationResponse	hse	S2C	1:Hsc:ebxh;2:Hsc:ebxi	refs/otomai/libs/Bubble.Shared/Protocol/Game/Hse.cs:10
AutoFollowDeactivatedEvent	AutoFollowDeactivatedEvent	hsf	S2C	1:List<int>:ebxm;2:long:ebxn	refs/otomai/libs/Bubble.Shared/Protocol/Game/Hsf.cs:10
PartyPledgeLoyaltyRequest	PartyPledgeLoyaltyRequest	hsg	C2S	1:int:ebxr;2:bool:ebxs;3:bool:ebxt	refs/otomai/libs/Bubble.Shared/Protocol/Game/Hsg.cs:10
PartyInvitationRequest	PartyInvitationRequest	hsh	C2S	1:PartyType:party_type;2:PlayerSearch:target	refs/otomai/libs/Bubble.Shared/Protocol/Game/Hsh.cs:10
PartyDeletedEvent	PartyDeletedEvent	hsi	S2C	1:bool:ebyc;2:int:ebye	refs/otomai/libs/Bubble.Shared/Protocol/Game/Hsi.cs:10
PaddockBuyResultEvent	PaddockBuyResultEvent	hsk	S2C	1:long:ebyj;2:bool:ebyk;3:long:ebyl	refs/otomai/libs/Bubble.Shared/Protocol/Game/Hsk.cs:10
PaddockSellRequest	PaddockSellRequest	hsl	C2S	1:bool:ebyp;2:long:ebyq	refs/otomai/libs/Bubble.Shared/Protocol/Game/Hsl.cs:10
PaddockObjectAddedEvent	PaddockObjectAddedEvent	hsm	S2C	1:ObjectInRolePlay:ebyu	refs/otomai/libs/Bubble.Shared/Protocol/Game/Hsm.cs:10
PaddocksToSellRequest	PaddocksToSellRequest	hsn	C2S	1:int:ebyy	refs/otomai/libs/Bubble.Shared/Protocol/Game/Hsn.cs:10
PaddockRemoveItemRequest	PaddockRemoveItemRequest	hso	C2S	1:int:ebzc	refs/otomai/libs/Bubble.Shared/Protocol/Game/Hso.cs:10
PaddockObjectAnimationPlayEvent	PaddockObjectAnimationPlayEvent	hsp	S2C	1:List<int>:ebzg	refs/otomai/libs/Bubble.Shared/Protocol/Game/Hsp.cs:10
PaddockObjectsAddedEvent	PaddockObjectsAddedEvent	hsq	S2C	1:List<ObjectInRolePlay>:ebzk	refs/otomai/libs/Bubble.Shared/Protocol/Game/Hsq.cs:10
PaddockObjectRemovedEvent	PaddockObjectRemovedEvent	hsr	S2C	1:int:ebzo	refs/otomai/libs/Bubble.Shared/Protocol/Game/Hsr.cs:10
PaddockMoveItemRequest	PaddockMoveItemRequest	hss	C2S	1:int:ebzs;2:int:ebzt	refs/otomai/libs/Bubble.Shared/Protocol/Game/Hss.cs:10
PaddockTransactionDialogEvent	PaddockTransactionDialogEvent	hsv	S2C	1:Hst:ebzx;2:long:ebzy;3:int:ebzz	refs/otomai/libs/Bubble.Shared/Protocol/Game/Hsv.cs:10
PaddockPropertiesEvent	PaddockPropertiesEvent	hsw	S2C	1:PaddockInformation:ecad	refs/otomai/libs/Bubble.Shared/Protocol/Game/Hsw.cs:10
PaddocksToSellFiltersRequest	PaddocksToSellFiltersRequest	hsx	C2S	1:long:ecah;2:int:ecai;3:int:ecaj;4:int:ecak;5:Jdt:ecal	refs/otomai/libs/Bubble.Shared/Protocol/Game/Hsx.cs:10
PaddockBuyRequest	PaddockBuyRequest	hsy	C2S	1:long:ecap	refs/otomai/libs/Bubble.Shared/Protocol/Game/Hsy.cs:10
PaddocksToSellEvent	PaddocksToSellEvent	htb	S2C	1:List<Hsz>:ecbc;2:int:ecbd;3:int:ecbe;4:int:ecbf	refs/otomai/libs/Bubble.Shared/Protocol/Game/Htb.cs:10
Hsz	PaddocksToSellEvent+Hsz	.hsz		1:int:ecat;2:MapCoordinates:ecau;3:string:ecav;4:int:ecaw;5:int:ecax;6:long:ecay	refs/otomai/libs/Bubble.Shared/Protocol/Game/Htb.cs:30
PlayEmoteOnNpcEvent	PlayEmoteOnNpcEvent	htd	S2C	1:int:ecbk;2:int:ecbl	refs/otomai/libs/Bubble.Shared/Protocol/Game/Htd.cs:10
NpcGenericActionRequest	NpcGenericActionRequest	hte	C2S	1:int:npc_id;2:int:npc_action_id;3:long:npc_map_id	refs/otomai/libs/Bubble.Shared/Protocol/Game/Hte.cs:10
NpcsMapQuestStatusUpdateEvent	NpcsMapQuestStatusUpdateEvent	htj	S2C	1:List<Hth>:eccg	refs/otomai/libs/Bubble.Shared/Protocol/Game/Htj.cs:10
Hth	NpcsMapQuestStatusUpdateEvent+Hth	.hth		1:List<Htf>:eccb;2:long:eccc	refs/otomai/libs/Bubble.Shared/Protocol/Game/Htj.cs:21
Htf	NpcsMapQuestStatusUpdateEvent+Hth+Htf	.htf		1:List<int>:ecbv;2:int:ecbw;3:List<int>:ecbx	refs/otomai/libs/Bubble.Shared/Protocol/Game/Htj.cs:35
NpcDialogCreationEvent	NpcDialogCreationEvent	htm	S2C	1:long:ecck;2:Htk:eccl;3:int:eccn	refs/otomai/libs/Bubble.Shared/Protocol/Game/Htm.cs:10
NpcGenericActionFailureEvent	NpcGenericActionFailureEvent	htn	S2C		refs/otomai/libs/Bubble.Shared/Protocol/Game/Htn.cs:10
NpcDialogQuestionEvent	NpcDialogQuestionEvent	hts	S2C	1:List<string>:ecdg;2:List<Htq>:ecdh;3:int:ecdi	refs/otomai/libs/Bubble.Shared/Protocol/Game/Hts.cs:10
Htq	NpcDialogQuestionEvent+Htq	.htq		1:List<Hto>:ecda;2:int:ecdb;3:List<Hto>:ecdc	refs/otomai/libs/Bubble.Shared/Protocol/Game/Hts.cs:27
Hto	NpcDialogQuestionEvent+Htq+Hto	.hto		1:int:eccu;2:bool:eccv	refs/otomai/libs/Bubble.Shared/Protocol/Game/Hts.cs:44
NpcDialogReplyRequest	NpcDialogReplyRequest	htt	C2S	1:int:ecdm;2:int:reply_id;3:int:reply_id2	refs/otomai/libs/Bubble.Shared/Protocol/Game/Htt.cs:10
TaxCollectorDialogQuestionEvent	TaxCollectorDialogQuestionEvent	htu	S2C	1:int:ecdt;2:int:ecdu;3:List<int>:ecdv;4:int:ecdw;5:int:ecdx;6:long:ecdy;7:AllianceInformation:ecdz;8:int:ecea	refs/otomai/libs/Bubble.Shared/Protocol/Game/Htu.cs:10
PrismDialogQuestionEvent	PrismDialogQuestionEvent	htv	S2C	1:Dictionary<int, bool>:ecef	refs/otomai/libs/Bubble.Shared/Protocol/Game/Htv.cs:10
EntityTalkEvent	EntityTalkEvent	htw	S2C	1:List<string>:ecej;2:int:ecek;3:int:ecel;4:long:ecem	refs/otomai/libs/Bubble.Shared/Protocol/Game/Htw.cs:10
PlayAnimationOnNpcEvent	PlayAnimationOnNpcEvent	htx	S2C	1:int:eceq;2:bool:ecer;3:string:eces	refs/otomai/libs/Bubble.Shared/Protocol/Game/Htx.cs:10
PlaySpellScriptOnNpcEvent	PlaySpellScriptOnNpcEvent	hty	S2C	1:int:ecew;2:int:ecex;3:int:ecey	refs/otomai/libs/Bubble.Shared/Protocol/Game/Hty.cs:10
NotificationResetRequest	NotificationResetRequest	hua	C2S	1:int:ecfd	refs/otomai/libs/Bubble.Shared/Protocol/Game/Hua.cs:10
NotificationsEvent	NotificationsEvent	hub	S2C	1:List<int>:ecfi	refs/otomai/libs/Bubble.Shared/Protocol/Game/Hub.cs:10
NotificationUpdateFlagRequest	NotificationUpdateFlagRequest	huc	C2S	1:int:ecfm	refs/otomai/libs/Bubble.Shared/Protocol/Game/Huc.cs:10
RemoveNotificationEvent	RemoveNotificationEvent	hud	S2C	1:List<int>:ecfq	refs/otomai/libs/Bubble.Shared/Protocol/Game/Hud.cs:10
NotificationEvent	NotificationEvent	hue	S2C	1:int:ecfu;2:bool:ecfv;3:List<string>:ecfw	refs/otomai/libs/Bubble.Shared/Protocol/Game/Hue.cs:10
MountReleaseRequest	MountReleaseRequest	hug	C2S		refs/otomai/libs/Bubble.Shared/Protocol/Game/Hug.cs:10
MountHarnessColorsUpdateRequest	MountHarnessColorsUpdateRequest	huh	C2S	1:bool:ecge	refs/otomai/libs/Bubble.Shared/Protocol/Game/Huh.cs:10
MountUpdateCharacteristicsEvent	MountUpdateCharacteristicsEvent	huk	S2C	1:List<Hui>:ecgo;2:int:ecgp	refs/otomai/libs/Bubble.Shared/Protocol/Game/Huk.cs:10
Hui	MountUpdateCharacteristicsEvent+Hui	.hui		1:Jdq:ecgi;2:int:ecgj	refs/otomai/libs/Bubble.Shared/Protocol/Game/Huk.cs:24
MountRenameRequest	MountRenameRequest	hul	C2S	1:int:ecgt;2:string:ecgu;3:Dictionary<int, string>:ecgv	refs/otomai/libs/Bubble.Shared/Protocol/Game/Hul.cs:10
MountRidingEvent	MountRidingEvent	hum	S2C	1:bool:ecgz	refs/otomai/libs/Bubble.Shared/Protocol/Game/Hum.cs:10
MountEquippedEvent	MountEquippedEvent	hun	S2C	1:MountData:echd;2:MountData:eche	refs/otomai/libs/Bubble.Shared/Protocol/Game/Hun.cs:10
MountFeedRequest	MountFeedRequest	huq	C2S	1:Huo:echi;2:int:echj;3:int:echk;4:int:echl	refs/otomai/libs/Bubble.Shared/Protocol/Game/Huq.cs:10
MountSterilizedEvent	MountSterilizedEvent	hur	S2C	1:int:echp	refs/otomai/libs/Bubble.Shared/Protocol/Game/Hur.cs:10
MountUnequippedEvent	MountUnequippedEvent	hus	S2C	1:List<long>:echt	refs/otomai/libs/Bubble.Shared/Protocol/Game/Hus.cs:10
MountDataEvent	MountDataEvent	hut	S2C	1:MountData:echx	refs/otomai/libs/Bubble.Shared/Protocol/Game/Hut.cs:10
MountSterilizeRequest	MountSterilizeRequest	huu	C2S		refs/otomai/libs/Bubble.Shared/Protocol/Game/Huu.cs:10
MountEmoteIconUsedEvent	MountEmoteIconUsedEvent	huv	S2C	1:bool:ecie;2:int:ecif;3:int:ecig	refs/otomai/libs/Bubble.Shared/Protocol/Game/Huv.cs:10
MountInformationInPaddockRequest	MountInformationInPaddockRequest	huw	C2S	1:int:ecik	refs/otomai/libs/Bubble.Shared/Protocol/Game/Huw.cs:10
MountReleasedEvent	MountReleasedEvent	hux	S2C	1:int:ecio;2:List<bool>:ecip	refs/otomai/libs/Bubble.Shared/Protocol/Game/Hux.cs:10
MountXpRatioEvent	MountXpRatioEvent	huy	S2C	1:int:ecit	refs/otomai/libs/Bubble.Shared/Protocol/Game/Huy.cs:10
MountHarnessDissociateRequest	MountHarnessDissociateRequest	huz	C2S		refs/otomai/libs/Bubble.Shared/Protocol/Game/Huz.cs:10
MountEquippedErrorEvent	MountEquippedErrorEvent	hvc	S2C	1:Hva:ecja	refs/otomai/libs/Bubble.Shared/Protocol/Game/Hvc.cs:10
MountToggleRidingRequest	MountToggleRidingRequest	hvd	C2S		refs/otomai/libs/Bubble.Shared/Protocol/Game/Hvd.cs:10
MountInformationRequest	MountInformationRequest	hve	C2S	1:long:ecjh;2:int:ecji	refs/otomai/libs/Bubble.Shared/Protocol/Game/Hve.cs:10
MountRenamedErrorEvent	MountRenamedErrorEvent	hvf	S2C	1:int:ecjm	refs/otomai/libs/Bubble.Shared/Protocol/Game/Hvf.cs:10
DisplayNumericalValuePaddockEvent	DisplayNumericalValuePaddockEvent	hvg	S2C	1:int:ecjq;2:Jdq:ecjr;3:Jdq:ecjs;4:int:ecjt	refs/otomai/libs/Bubble.Shared/Protocol/Game/Hvg.cs:10
MountDataErrorEvent	MountDataErrorEvent	hvj	S2C	1:Hvh:ecjx	refs/otomai/libs/Bubble.Shared/Protocol/Game/Hvj.cs:10
MountSetXpRatioRequest	MountSetXpRatioRequest	hvk	C2S	1:int:eckb	refs/otomai/libs/Bubble.Shared/Protocol/Game/Hvk.cs:10
MountRenamedEvent	MountRenamedEvent	hvl	S2C	1:int:eckf;2:string:eckg	refs/otomai/libs/Bubble.Shared/Protocol/Game/Hvl.cs:10
PopupWarningEvent	PopupWarningEvent	hvn	S2C	1:int:eckl;2:string:eckm;3:string:eckn	refs/otomai/libs/Bubble.Shared/Protocol/Game/Hvn.cs:10
PopupWarningCloseRequest	PopupWarningCloseRequest	hvo	C2S		refs/otomai/libs/Bubble.Shared/Protocol/Game/Hvo.cs:10
PopupWarningClosedEvent	PopupWarningClosedEvent	hvp	S2C		refs/otomai/libs/Bubble.Shared/Protocol/Game/Hvp.cs:10
LivingObjectDissociateRequest	LivingObjectDissociateRequest	hvr	C2S	1:int:ecky;2:int:eckz	refs/otomai/libs/Bubble.Shared/Protocol/Game/Hvr.cs:10
LivingObjectMessageRequest	LivingObjectMessageRequest	hvs	C2S	1:int:ecld;2:int:ecle;3:int:eclf	refs/otomai/libs/Bubble.Shared/Protocol/Game/Hvs.cs:10
LivingObjectMessageEvent	LivingObjectMessageEvent	hvt	S2C	1:string:eclj;2:long:eclk;3:int:ecll;4:int:eclm	refs/otomai/libs/Bubble.Shared/Protocol/Game/Hvt.cs:10
LivingObjectChangeSkinRequest	LivingObjectChangeSkinRequest	hvu	C2S	1:int:eclq;2:int:eclr;3:int:ecls	refs/otomai/libs/Bubble.Shared/Protocol/Game/Hvu.cs:10
JobExperiencesUpdateEvent	JobExperiencesUpdateEvent	hvw	S2C	1:List<JobExperience>:eclx	refs/otomai/libs/Bubble.Shared/Protocol/Game/Hvw.cs:10
JobCrafterDirectoryEntry	JobCrafterDirectoryEntry	hvx		1:JobCrafterDirectoryPlayerInformation:ecmb;2:JobCrafterDirectoryJobInformation:ecmc	refs/otomai/libs/Bubble.Shared/Protocol/Game/Hvx.cs:10
JobCrafterDirectoryListEvent	JobCrafterDirectoryListEvent	hvy	S2C	1:List<JobCrafterDirectoryEntry>:ecmg	refs/otomai/libs/Bubble.Shared/Protocol/Game/Hvy.cs:10
JobCrafterDirectoryEntryEvent	JobCrafterDirectoryEntryEvent	hvz	S2C	1:EntityLook:ecmk;2:JobCrafterDirectoryPlayerInformation:ecml;3:List<JobCrafterDirectoryJobInformation>:ecmm	refs/otomai/libs/Bubble.Shared/Protocol/Game/Hvz.cs:10
JobCrafterDirectoryAddEvent	JobCrafterDirectoryAddEvent	hwa	S2C	1:JobCrafterDirectoryEntry:ecmq	refs/otomai/libs/Bubble.Shared/Protocol/Game/Hwa.cs:10
JobCrafterDirectoryJobInformation	JobCrafterDirectoryJobInformation	hwb		1:int:ecmu;2:bool:ecmv;3:int:ecmw;4:int:ecmx	refs/otomai/libs/Bubble.Shared/Protocol/Game/Hwb.cs:10
JobExperienceOtherPlayerUpdateEvent	JobExperienceOtherPlayerUpdateEvent	hwc	S2C	1:long:ecnb;2:JobExperience:ecnc	refs/otomai/libs/Bubble.Shared/Protocol/Game/Hwc.cs:10
JobCrafterDirectoryPlayerInformation	JobCrafterDirectoryPlayerInformation	hwd		1:long:ecng;2:Gender:ecnh;3:Jcr:ecni;4:CharacterStatus:ecnj;5:MapExtendedCoordinates:ecnk;6:bool:ecnl;7:bool:ecnm;8:int:ecnn;9:string:ecno	refs/otomai/libs/Bubble.Shared/Protocol/Game/Hwd.cs:10
JobLevelUpEvent	JobLevelUpEvent	hwe	S2C	1:JobDescription:ecns;2:int:ecnt;3:List<long>:ecnu	refs/otomai/libs/Bubble.Shared/Protocol/Game/Hwe.cs:10
JobCrafterDirectorySettingsEvent	JobCrafterDirectorySettingsEvent	hwf	S2C	1:List<JobCrafterDirectorySettings>:ecny	refs/otomai/libs/Bubble.Shared/Protocol/Game/Hwf.cs:10
JobDescription	JobDescription	hwo		1:string:ecox;2:int:ecoy;3:List<Hwm>:ecoz	refs/otomai/libs/Bubble.Shared/Protocol/Game/Hwo.cs:10
Hwm	JobDescription+Hwm	.hwm		3:int:ecoq;1:Hwk:ecor;2:Hwj:ecos	refs/otomai/libs/Bubble.Shared/Protocol/Game/Hwo.cs:28
Hwk	JobDescription+Hwm+Hwk	.hwk		1:int:ecom	refs/otomai/libs/Bubble.Shared/Protocol/Game/Hwo.cs:68
Hwj	JobDescription+Hwm+Hwj	.hwj		1:Hwh:ecoh;2:int:ecoi	refs/otomai/libs/Bubble.Shared/Protocol/Game/Hwo.cs:81
Hwh	JobDescription+Hwm+Hwj+Hwh	.hwh		1:int:ecoc;2:int:ecod	refs/otomai/libs/Bubble.Shared/Protocol/Game/Hwo.cs:95
JobMultiCraftStateEvent	JobMultiCraftStateEvent	hwr	S2C	1:bool:ecpi;2:Hwp:ecpj	refs/otomai/libs/Bubble.Shared/Protocol/Game/Hwr.cs:10
Hwp	JobMultiCraftStateEvent+Hwp	.hwp		1:List<int>:ecpd;2:long:ecpe	refs/otomai/libs/Bubble.Shared/Protocol/Game/Hwr.cs:24
JobCrafterDirectoryRemoveEvent	JobCrafterDirectoryRemoveEvent	hws	S2C	1:int:ecpn;2:long:ecpo	refs/otomai/libs/Bubble.Shared/Protocol/Game/Hws.cs:10
JobDescriptionEvent	JobDescriptionEvent	hwt	S2C	1:List<JobDescription>:ecps	refs/otomai/libs/Bubble.Shared/Protocol/Game/Hwt.cs:10
JobBookSubscriptionEvent	JobBookSubscriptionEvent	hww	S2C	1:List<Hwu>:ecqb	refs/otomai/libs/Bubble.Shared/Protocol/Game/Hww.cs:10
Hwu	JobBookSubscriptionEvent+Hwu	.hwu		1:bool:ecpw;2:int:ecpx	refs/otomai/libs/Bubble.Shared/Protocol/Game/Hww.cs:21
JobCrafterDirectoryListRequest	JobCrafterDirectoryListRequest	hwx	C2S	1:int:ecqf;2:int:ecqg	refs/otomai/libs/Bubble.Shared/Protocol/Game/Hwx.cs:10
JobCrafterDirectorySettings	JobCrafterDirectorySettings	hwy		1:int:ecqk;2:bool:ecql;3:int:ecqm;4:int:ecqn;5:Dictionary<bool, string>:ecqo	refs/otomai/libs/Bubble.Shared/Protocol/Game/Hwy.cs:10
JobExperience	JobExperience	hwz		1:int:ecqs;2:long:ecqt;3:long:ecqu;4:long:ecqv;5:int:ecqw	refs/otomai/libs/Bubble.Shared/Protocol/Game/Hwz.cs:10
JobCrafterDirectorySettingsRequest	JobCrafterDirectorySettingsRequest	hxa	C2S	1:JobCrafterDirectorySettings:ecra	refs/otomai/libs/Bubble.Shared/Protocol/Game/Hxa.cs:10
ShortcutBarContentEvent	ShortcutBarContentEvent	hxc	S2C	1:ShortcutBar:bar_type;2:List<Shortcut>:shortcuts	refs/otomai/libs/Bubble.Shared/Protocol/Game/Hxc.cs:10
InventoryWeightEvent	InventoryWeightEvent	hxd	S2C	1:int:ecrk;2:int:ecrl	refs/otomai/libs/Bubble.Shared/Protocol/Game/Hxd.cs:10
ObjectUseRequest	ObjectUseRequest	hxe	C2S	1:int:object_uid	refs/otomai/libs/Bubble.Shared/Protocol/Game/Hxe.cs:10
ObjectDroppedEvent	ObjectDroppedEvent	hxf	S2C	1:ObjectInRolePlay:ecrt	refs/otomai/libs/Bubble.Shared/Protocol/Game/Hxf.cs:10
ObjectFavoriteResponse	ObjectFavoriteResponse	hxg	S2C	1:bool:ecrx	refs/otomai/libs/Bubble.Shared/Protocol/Game/Hxg.cs:10
ShortcutBarAddRequest	ShortcutBarAddRequest	hxh	C2S	1:Shortcut:ecsb;2:ShortcutBar:ecsc	refs/otomai/libs/Bubble.Shared/Protocol/Game/Hxh.cs:10
ObjectHarvestedEvent	ObjectHarvestedEvent	hxi	S2C	1:int:ecsg;2:int:ecsh	refs/otomai/libs/Bubble.Shared/Protocol/Game/Hxi.cs:10
ObjectDropRequest	ObjectDropRequest	hxj	C2S	1:ObjectUidWithQuantity:ecsl	refs/otomai/libs/Bubble.Shared/Protocol/Game/Hxj.cs:10
InventoryContentWatchEvent	InventoryContentWatchEvent	hxk	S2C	1:Dictionary<string, bool>:ecsp;2:long:ecsq;3:List<ObjectItemInventory>:ecsr	refs/otomai/libs/Bubble.Shared/Protocol/Game/Hxk.cs:10
ShortcutBarReplacedEvent	ShortcutBarReplacedEvent	hxl	S2C	1:ShortcutBar:ecsv;2:Shortcut:ecsw	refs/otomai/libs/Bubble.Shared/Protocol/Game/Hxl.cs:10
KamasUpdateEvent	KamasUpdateEvent	hxm	S2C	1:List<string>:ecta;2:long:quantity	refs/otomai/libs/Bubble.Shared/Protocol/Game/Hxm.cs:10
ObjectErrorEvent	ObjectErrorEvent	hxn	S2C	1:Jdh:ectf	refs/otomai/libs/Bubble.Shared/Protocol/Game/Hxn.cs:10
ObjectsQuantityEvent	ObjectsQuantityEvent	hxo	S2C	1:List<ObjectUidWithQuantity>:ectj	refs/otomai/libs/Bubble.Shared/Protocol/Game/Hxo.cs:10
ObjectCellDeleteEvent	ObjectCellDeleteEvent	hxp	S2C	1:long:ectn;2:int:ecto	refs/otomai/libs/Bubble.Shared/Protocol/Game/Hxp.cs:10
ShortcutBarRemovedEvent	ShortcutBarRemovedEvent	hxq	S2C	1:ShortcutBar:ects;2:int:ectt	refs/otomai/libs/Bubble.Shared/Protocol/Game/Hxq.cs:10
ObjectMovementEvent	ObjectMovementEvent	hxr	S2C	1:int:ectx;2:int:ecty	refs/otomai/libs/Bubble.Shared/Protocol/Game/Hxr.cs:10
ObjectSetPositionRequest	ObjectSetPositionRequest	hxs	C2S	1:int:object_uid;2:int:position;3:int:quantity;4:int:quantity2	refs/otomai/libs/Bubble.Shared/Protocol/Game/Hxs.cs:10
ObjectFeedRequest	ObjectFeedRequest	hxt	C2S	1:List<ObjectUidWithQuantity>:ecuj;2:long:ecuk;3:int:ecum	refs/otomai/libs/Bubble.Shared/Protocol/Game/Hxt.cs:10
ObjectUseOnCellRequest	ObjectUseOnCellRequest	hxu	C2S	1:int:ecuq;2:int:ecur	refs/otomai/libs/Bubble.Shared/Protocol/Game/Hxu.cs:10
ObjectCellsDeleteEvent	ObjectCellsDeleteEvent	hxv	S2C	1:long:ecuv;2:List<int>:ecux	refs/otomai/libs/Bubble.Shared/Protocol/Game/Hxv.cs:10
StorageObjectsRemovedEvent	StorageObjectsRemovedEvent	hxw	S2C	1:List<int>:ecvb	refs/otomai/libs/Bubble.Shared/Protocol/Game/Hxw.cs:10
ShortcutBarSwapRequest	ShortcutBarSwapRequest	hxx	C2S	1:int:ecvf;2:int:ecvg;3:ShortcutBar:ecvh	refs/otomai/libs/Bubble.Shared/Protocol/Game/Hxx.cs:10
ObjectAddedEvent	ObjectAddedEvent	hxy	S2C	1:Jdi:origin;2:ObjectItemInventory:object2;3:ObjectItemInventory:object	refs/otomai/libs/Bubble.Shared/Protocol/Game/Hxy.cs:10
ObjectModifiedEvent	ObjectModifiedEvent	hxz	S2C	1:ObjectItemInventory:ecvr	refs/otomai/libs/Bubble.Shared/Protocol/Game/Hxz.cs:10
ObjectHarvestedWithBonusEvent	ObjectHarvestedWithBonusEvent	hya	S2C	1:int:ecvv;2:int:ecvw;3:int:ecvx	refs/otomai/libs/Bubble.Shared/Protocol/Game/Hya.cs:10
ObjectUseMultipleRequest	ObjectUseMultipleRequest	hyb	C2S	1:int:ecwb;2:int:ecwc	refs/otomai/libs/Bubble.Shared/Protocol/Game/Hyb.cs:10
StorageKamasUpdateEvent	StorageKamasUpdateEvent	hyc	S2C	1:long:ecwg	refs/otomai/libs/Bubble.Shared/Protocol/Game/Hyc.cs:10
ObjectDeleteRequest	ObjectDeleteRequest	hyd	C2S	1:ObjectUidWithQuantity:object	refs/otomai/libs/Bubble.Shared/Protocol/Game/Hyd.cs:10
ObjectsDeletedEvent	ObjectsDeletedEvent	hye	S2C	1:List<int>:ecwo	refs/otomai/libs/Bubble.Shared/Protocol/Game/Hye.cs:10
StorageObjectUpdateEvent	StorageObjectUpdateEvent	hyf	S2C	1:ObjectItemInventory:ecws	refs/otomai/libs/Bubble.Shared/Protocol/Game/Hyf.cs:10
ObjectsDroppedEvent	ObjectsDroppedEvent	hyg	S2C	1:List<ObjectInRolePlay>:ecww	refs/otomai/libs/Bubble.Shared/Protocol/Game/Hyg.cs:10
StorageTab	StorageTab	hyh		1:int:ecxa;2:int:ecxb;3:List<int>:ecxc;4:int:ecxd;5:int:ecxe;6:string:ecxf;7:int:ecxg	refs/otomai/libs/Bubble.Shared/Protocol/Game/Hyh.cs:10
ObjectUseOnCharacterRequest	ObjectUseOnCharacterRequest	hyi	C2S	1:long:ecxk;2:int:ecxl	refs/otomai/libs/Bubble.Shared/Protocol/Game/Hyi.cs:10
StorageObjectsUpdateEvent	StorageObjectsUpdateEvent	hyj	S2C	1:List<ObjectItemInventory>:ecxp	refs/otomai/libs/Bubble.Shared/Protocol/Game/Hyj.cs:10
InventoryContentEvent	InventoryContentEvent	hyk	S2C	1:long:kamas;2:List<ObjectItemInventory>:objects	refs/otomai/libs/Bubble.Shared/Protocol/Game/Hyk.cs:10
ShortcutBarRemoveRequest	ShortcutBarRemoveRequest	hyl	C2S	1:int:ecxy;2:ShortcutBar:ecxz	refs/otomai/libs/Bubble.Shared/Protocol/Game/Hyl.cs:10
ObjectDeletedEvent	ObjectDeletedEvent	hym	S2C	1:Dictionary<int, int>:ecyd;2:int:object_uid	refs/otomai/libs/Bubble.Shared/Protocol/Game/Hym.cs:10
SetUpdateEvent	SetUpdateEvent	hyn	S2C	1:List<int>:ecyi;2:List<ObjectEffect>:ecyj;3:int:ecyk	refs/otomai/libs/Bubble.Shared/Protocol/Game/Hyn.cs:10
ObjectQuantityEvent	ObjectQuantityEvent	hyo	S2C	1:ObjectUidWithQuantity:object2;2:ObjectUidWithQuantity:object;3:Jdi:origin	refs/otomai/libs/Bubble.Shared/Protocol/Game/Hyo.cs:10
ObjectsAddedEvent	ObjectsAddedEvent	hyp	S2C	1:List<ObjectItemInventory>:ecyu	refs/otomai/libs/Bubble.Shared/Protocol/Game/Hyp.cs:10
ShortcutBarRefreshEvent	ShortcutBarRefreshEvent	hyq	S2C	1:ShortcutBar:ecyy;2:Shortcut:ecyz	refs/otomai/libs/Bubble.Shared/Protocol/Game/Hyq.cs:10
StorageInventoryContentEvent	StorageInventoryContentEvent	hyr	S2C	1:List<int>:eczd;2:long:ecze;3:List<ObjectItemInventory>:eczf	refs/otomai/libs/Bubble.Shared/Protocol/Game/Hyr.cs:10
StorageObjectRemovedEvent	StorageObjectRemovedEvent	hys	S2C	1:int:eczj	refs/otomai/libs/Bubble.Shared/Protocol/Game/Hys.cs:10
MultiTabStorageEvent	MultiTabStorageEvent	hyt	S2C	1:List<StorageTab>:eczn	refs/otomai/libs/Bubble.Shared/Protocol/Game/Hyt.cs:10
ObjectFavoriteRequest	ObjectFavoriteRequest	hyw	C2S	1:List<Hyu>:eczw;2:bool:eczx	refs/otomai/libs/Bubble.Shared/Protocol/Game/Hyw.cs:10
Hyu	ObjectFavoriteRequest+Hyu	.hyu		1:int:eczr;2:int:eczs	refs/otomai/libs/Bubble.Shared/Protocol/Game/Hyw.cs:24
GoldAddedEvent	GoldAddedEvent	hyx	S2C	1:long:edab;2:Dictionary<string, bool>:edac	refs/otomai/libs/Bubble.Shared/Protocol/Game/Hyx.cs:10
InteractiveUseRequest	InteractiveUseRequest	hyz	C2S	1:int:element_id;2:int:skill_instance_uid;3:int:specific_instance_id	refs/otomai/libs/Bubble.Shared/Protocol/Game/Hyz.cs:10
InteractiveUseEndedEvent	InteractiveUseEndedEvent	hza	S2C	1:int:edao;2:int:edap;3:int:edaq	refs/otomai/libs/Bubble.Shared/Protocol/Game/Hza.cs:10
InteractiveUseErrorEvent	InteractiveUseErrorEvent	hzb	S2C	1:int:edau;2:int:edav;3:int:edaw	refs/otomai/libs/Bubble.Shared/Protocol/Game/Hzb.cs:10
StatedMapUpdateEvent	StatedMapUpdateEvent	hzc	S2C	1:List<StatedElement>:edbb	refs/otomai/libs/Bubble.Shared/Protocol/Game/Hzc.cs:10
StatedElementUpdatedEvent	StatedElementUpdatedEvent	hzd	S2C	1:StatedElement:edbf	refs/otomai/libs/Bubble.Shared/Protocol/Game/Hzd.cs:10
InteractiveMapUpdateEvent	InteractiveMapUpdateEvent	hze	S2C	1:List<InteractiveElement>:edbj	refs/otomai/libs/Bubble.Shared/Protocol/Game/Hze.cs:10
InteractiveUsedEvent	InteractiveUsedEvent	hzf	S2C	1:int:edbn;2:int:edbo;3:int:edbp;4:long:edbq;5:int:edbr;6:bool:edbs	refs/otomai/libs/Bubble.Shared/Protocol/Game/Hzf.cs:10
InteractiveElementUpdatedEvent	InteractiveElementUpdatedEvent	hzg	S2C	1:InteractiveElement:edbw	refs/otomai/libs/Bubble.Shared/Protocol/Game/Hzg.cs:10
HouseTeleportRequest	HouseTeleportRequest	hzi	C2S	1:int:edcb;2:int:edcc	refs/otomai/libs/Bubble.Shared/Protocol/Game/Hzi.cs:10
HouseGuildShareRequest	HouseGuildShareRequest	hzj	C2S	1:int:edcg;2:int:edch;3:bool:edci;4:int:edcj	refs/otomai/libs/Bubble.Shared/Protocol/Game/Hzj.cs:10
HouseKickRequest	HouseKickRequest	hzk	C2S	1:long:edcn	refs/otomai/libs/Bubble.Shared/Protocol/Game/Hzk.cs:10
HouseBuyRequest	HouseBuyRequest	hzl	C2S	1:long:edcr	refs/otomai/libs/Bubble.Shared/Protocol/Game/Hzl.cs:10
HouseLockFromInsideRequest	HouseLockFromInsideRequest	hzm	C2S	1:string:edcv	refs/otomai/libs/Bubble.Shared/Protocol/Game/Hzm.cs:10
HousesToSellRequest	HousesToSellRequest	hzn	C2S	1:int:edcz;2:int:edda	refs/otomai/libs/Bubble.Shared/Protocol/Game/Hzn.cs:10
HouseGuildRightsEvent	HouseGuildRightsEvent	hzo	S2C	1:int:edde;2:int:eddf;3:bool:eddg;4:GuildInformation:eddh;5:bool:eddi;6:int:eddj	refs/otomai/libs/Bubble.Shared/Protocol/Game/Hzo.cs:10
HouseGuildNoneEvent	HouseGuildNoneEvent	hzp	S2C	1:bool:eddn;2:int:eddo;3:int:eddp	refs/otomai/libs/Bubble.Shared/Protocol/Game/Hzp.cs:10
HouseSellingUpdateEvent	HouseSellingUpdateEvent	hzq	S2C	1:string:eddt;2:long:eddu;3:bool:eddv;4:int:eddw;5:int:eddx;6:string:eddy	refs/otomai/libs/Bubble.Shared/Protocol/Game/Hzq.cs:10
HousesToSellFiltersRequest	HousesToSellFiltersRequest	hzr	C2S	1:long:edec;2:Jdt:eded;3:int:edee;4:int:edef;5:int:edeg;6:bool:edeh;7:int:edei	refs/otomai/libs/Bubble.Shared/Protocol/Game/Hzr.cs:10
HouseGuildRightsViewRequest	HouseGuildRightsViewRequest	hzs	C2S	1:int:edem;2:int:eden	refs/otomai/libs/Bubble.Shared/Protocol/Game/Hzs.cs:10
HouseInformationResponse	HouseInformationResponse	hzt	S2C	1:HouseInstance:eder	refs/otomai/libs/Bubble.Shared/Protocol/Game/Hzt.cs:10
HouseSellRequest	HouseSellRequest	hzu	C2S	1:long:edev;2:int:edew;3:bool:edex;4:bool:edey	refs/otomai/libs/Bubble.Shared/Protocol/Game/Hzu.cs:10
HouseAccountEvent	HouseAccountEvent	hzv	S2C	1:List<House>:edfc	refs/otomai/libs/Bubble.Shared/Protocol/Game/Hzv.cs:10
HousesToSellEvent	HousesToSellEvent	hzy	S2C	1:int:edfx;2:List<Hzw>:edfy;3:int:edfz	refs/otomai/libs/Bubble.Shared/Protocol/Game/Hzy.cs:10
Hzw	HousesToSellEvent+Hzw	.hzw		1:List<int>:edfg;2:bool:edfh;3:long:edfi;4:int:edfj;5:bool:edfk;6:string:edfl;7:MapCoordinates:edfm;8:bool:edfn;9:int:edfo;10:int:edfp;11:int:edfq;12:string:edfr;13:int:edfs;14:string:edft	refs/otomai/libs/Bubble.Shared/Protocol/Game/Hzy.cs:27
HouseBuyResultEvent	HouseBuyResultEvent	hzz	S2C	1:bool:edgd;2:bool:edge;3:int:edgf;4:long:edgg;5:int:edgh	refs/otomai/libs/Bubble.Shared/Protocol/Game/Hzz.cs:10
HouseInformationRequest	HouseInformationRequest	iaa	C2S	1:long:edgl;2:int:edgm	refs/otomai/libs/Bubble.Shared/Protocol/Game/Iaa.cs:10
HousePropertiesEvent	HousePropertiesEvent	iab	S2C	1:List<long>:edgq;2:List<int>:edgr;3:int:edgs;4:HouseInstance:edgt	refs/otomai/libs/Bubble.Shared/Protocol/Game/Iab.cs:10
HavenBagPackListEvent	HavenBagPackListEvent	iad	S2C	1:List<int>:edgy	refs/otomai/libs/Bubble.Shared/Protocol/Game/Iad.cs:10
HavenBagThemeChangeRequest	HavenBagThemeChangeRequest	iae	C2S	1:int:edhc	refs/otomai/libs/Bubble.Shared/Protocol/Game/Iae.cs:10
HavenBagDailyLotteryEvent	HavenBagDailyLotteryEvent	iah	S2C	1:long:edhg;2:Iaf:edhi;3:long:edhj	refs/otomai/libs/Bubble.Shared/Protocol/Game/Iah.cs:10
HavenBagFurnitureEvent	HavenBagFurnitureEvent	iai	S2C	1:List<Element>:edho	refs/otomai/libs/Bubble.Shared/Protocol/Game/Iai.cs:10
HavenBagInvitationEvent	HavenBagInvitationEvent	iaj	S2C	1:bool:edhs;2:Character:edht	refs/otomai/libs/Bubble.Shared/Protocol/Game/Iaj.cs:10
HavenBagEditCancelRequest	HavenBagEditCancelRequest	iak	C2S		refs/otomai/libs/Bubble.Shared/Protocol/Game/Iak.cs:10
HavenBagExitRequest	HavenBagExitRequest	ial	C2S		refs/otomai/libs/Bubble.Shared/Protocol/Game/Ial.cs:10
HavenBagEditFinishedEvent	HavenBagEditFinishedEvent	iam	S2C	1:long:edid	refs/otomai/libs/Bubble.Shared/Protocol/Game/Iam.cs:10
HavenBagFurnitureCloseRequest	HavenBagFurnitureCloseRequest	ian	C2S		refs/otomai/libs/Bubble.Shared/Protocol/Game/Ian.cs:10
HavenBagInvitationRequest	HavenBagInvitationRequest	iao	C2S	1:long:edik	refs/otomai/libs/Bubble.Shared/Protocol/Game/Iao.cs:10
Element	Element	iap		1:int:edio;2:int:edip;3:int:ediq	refs/otomai/libs/Bubble.Shared/Protocol/Game/Iap.cs:10
HavenBagInvitationOfferedEvent	HavenBagInvitationOfferedEvent	iaq	S2C	1:long:ediv;2:Character:ediw;3:Character:edix	refs/otomai/libs/Bubble.Shared/Protocol/Game/Iaq.cs:10
HavenBagInvitationClosedEvent	HavenBagInvitationClosedEvent	iar	S2C	1:int:edjb;2:Character:edjd	refs/otomai/libs/Bubble.Shared/Protocol/Game/Iar.cs:10
HavenBagRoomUpdateEvent	HavenBagRoomUpdateEvent	iav	S2C	1:Ias:edjo;2:List<Iat>:edjp	refs/otomai/libs/Bubble.Shared/Protocol/Game/Iav.cs:10
Iat	HavenBagRoomUpdateEvent+Iat	.iat		1:int:edjh;2:bool:edji;3:int:edjk	refs/otomai/libs/Bubble.Shared/Protocol/Game/Iav.cs:24
HavenBagPermissionsUpdateRequest	HavenBagPermissionsUpdateRequest	iaw	C2S	1:int:edjt	refs/otomai/libs/Bubble.Shared/Protocol/Game/Iaw.cs:10
HavenBagEnterRequest	HavenBagEnterRequest	iax	C2S	1:long:owner	refs/otomai/libs/Bubble.Shared/Protocol/Game/Iax.cs:10
HavenBagEditRequest	HavenBagEditRequest	iay	C2S		refs/otomai/libs/Bubble.Shared/Protocol/Game/Iay.cs:10
HavenBagInvitationAnswerRequest	HavenBagInvitationAnswerRequest	iaz	C2S	1:bool:edke;2:bool:edkf	refs/otomai/libs/Bubble.Shared/Protocol/Game/Iaz.cs:10
HavenBagFurnitureRequest	HavenBagFurnitureRequest	iba	C2S	1:List<Element>:edkj	refs/otomai/libs/Bubble.Shared/Protocol/Game/Iba.cs:10
HavenBagEditStartEvent	HavenBagEditStartEvent	ibb	S2C		refs/otomai/libs/Bubble.Shared/Protocol/Game/Ibb.cs:10
HavenBagChangeRoomRequest	HavenBagChangeRoomRequest	ibc	C2S	1:int:edkq	refs/otomai/libs/Bubble.Shared/Protocol/Game/Ibc.cs:10
HavenBagPermissionsUpdateEvent	HavenBagPermissionsUpdateEvent	ibd	S2C	1:int:edku	refs/otomai/libs/Bubble.Shared/Protocol/Game/Ibd.cs:10
HavenBagFurnitureOpenRequest	HavenBagFurnitureOpenRequest	ibe	C2S		refs/otomai/libs/Bubble.Shared/Protocol/Game/Ibe.cs:10
HavenBagKickRequest	HavenBagKickRequest	ibf	C2S	1:long:edlb	refs/otomai/libs/Bubble.Shared/Protocol/Game/Ibf.cs:10
HaapiTokenRequest	HaapiTokenRequest	ibh	C2S		refs/otomai/libs/Bubble.Shared/Protocol/Game/Ibh.cs:10
HaapiTokenEvent	HaapiTokenEvent	ibi	S2C	1:string:edlj	refs/otomai/libs/Bubble.Shared/Protocol/Game/Ibi.cs:10
HaapiAuthenticationErrorEvent	HaapiAuthenticationErrorEvent	ibj	S2C		refs/otomai/libs/Bubble.Shared/Protocol/Game/Ibj.cs:10
HaapiSessionEvent	HaapiSessionEvent	ibk	S2C	1:string:edlq	refs/otomai/libs/Bubble.Shared/Protocol/Game/Ibk.cs:10
GuildRecruitmentEvent	GuildRecruitmentEvent	ibm	S2C	1:GuildRecruitmentInformation:edlv	refs/otomai/libs/Bubble.Shared/Protocol/Game/Ibm.cs:10
GuildRecruitmentInvalidateEvent	GuildRecruitmentInvalidateEvent	ibn	S2C		refs/otomai/libs/Bubble.Shared/Protocol/Game/Ibn.cs:10
GuildRecruitmentUpdateRequest	GuildRecruitmentUpdateRequest	ibo	C2S	1:GuildRecruitmentInformation:edmc	refs/otomai/libs/Bubble.Shared/Protocol/Game/Ibo.cs:10
GuildRankUpdateAllRequest	GuildRankUpdateAllRequest	ibq	C2S	1:List<RankInformation>:edmh	refs/otomai/libs/Bubble.Shared/Protocol/Game/Ibq.cs:10
GuildRankUpdateRequest	GuildRankUpdateRequest	ibr	C2S	1:RankInformation:edml	refs/otomai/libs/Bubble.Shared/Protocol/Game/Ibr.cs:10
GuildRanksEvent	GuildRanksEvent	ibs	S2C	1:List<RankInformation>:edmp	refs/otomai/libs/Bubble.Shared/Protocol/Game/Ibs.cs:10
GuildRankRemoveRequest	GuildRankRemoveRequest	ibt	C2S	1:int:edmt;2:int:edmu	refs/otomai/libs/Bubble.Shared/Protocol/Game/Ibt.cs:10
GuildRanksRequest	GuildRanksRequest	ibu	C2S		refs/otomai/libs/Bubble.Shared/Protocol/Game/Ibu.cs:10
GuildRightsUpdateRequest	GuildRightsUpdateRequest	ibv	C2S	1:List<int>:ednb;2:int:ednc	refs/otomai/libs/Bubble.Shared/Protocol/Game/Ibv.cs:10
GuildRankCreateRequest	GuildRankCreateRequest	ibw	C2S	1:int:edng;2:int:ednh;3:string:edni	refs/otomai/libs/Bubble.Shared/Protocol/Game/Ibw.cs:10
GuildMemberWarnOnConnectionStopRequest	GuildMemberWarnOnConnectionStopRequest	iby	C2S		refs/otomai/libs/Bubble.Shared/Protocol/Game/Iby.cs:10
GuildJoinedEvent	GuildJoinedEvent	ibz	S2C	1:int:ednq;2:GuildInformation:ednr	refs/otomai/libs/Bubble.Shared/Protocol/Game/Ibz.cs:10
GuildMemberWarnOnConnectionStartRequest	GuildMemberWarnOnConnectionStartRequest	ica	C2S		refs/otomai/libs/Bubble.Shared/Protocol/Game/Ica.cs:10
GuildMemberUpdateEvent	GuildMemberUpdateEvent	icb	S2C	1:Character:edny	refs/otomai/libs/Bubble.Shared/Protocol/Game/Icb.cs:10
GuildMemberParametersChangeRequest	GuildMemberParametersChangeRequest	icc	C2S	1:int:edoc;2:int:edod;3:long:edoe;4:int:edof	refs/otomai/libs/Bubble.Shared/Protocol/Game/Icc.cs:10
GuildMembershipEvent	GuildMembershipEvent	icd	S2C	1:int:edoj;2:GuildInformation:edok	refs/otomai/libs/Bubble.Shared/Protocol/Game/Icd.cs:10
GuildMembersEvent	GuildMembersEvent	ice	S2C	1:List<Character>:edoo	refs/otomai/libs/Bubble.Shared/Protocol/Game/Ice.cs:10
GuildMemberLeaveEvent	GuildMemberLeaveEvent	icf	S2C	1:bool:edos;2:long:edot	refs/otomai/libs/Bubble.Shared/Protocol/Game/Icf.cs:10
GuildLeftEvent	GuildLeftEvent	icg	S2C		refs/otomai/libs/Bubble.Shared/Protocol/Game/Icg.cs:10
GuildMemberOnlineStatusEvent	GuildMemberOnlineStatusEvent	ich	S2C	1:bool:edpa;2:long:edpb	refs/otomai/libs/Bubble.Shared/Protocol/Game/Ich.cs:10
GuildCardEvent	GuildCardEvent	icj	S2C	1:int:edpg;2:GuildInformation:edph;3:List<Character>:edpi	refs/otomai/libs/Bubble.Shared/Protocol/Game/Icj.cs:10
GuildLogbookRequest	GuildLogbookRequest	ick	C2S		refs/otomai/libs/Bubble.Shared/Protocol/Game/Ick.cs:10
GuildBulletinEvent	GuildBulletinEvent	icl	S2C	1:SocialNoticeInformation:edpp	refs/otomai/libs/Bubble.Shared/Protocol/Game/Icl.cs:10
GuildInvitationRequest	GuildInvitationRequest	icm	C2S	1:long:edpt	refs/otomai/libs/Bubble.Shared/Protocol/Game/Icm.cs:10
GuildBulletinSetRequest	GuildBulletinSetRequest	icn	C2S	1:string:edpx	refs/otomai/libs/Bubble.Shared/Protocol/Game/Icn.cs:10
GuildBulletinSetErrorEvent	GuildBulletinSetErrorEvent	ico	S2C	1:Jdn:edqb	refs/otomai/libs/Bubble.Shared/Protocol/Game/Ico.cs:10
GuildModificationResultEvent	GuildModificationResultEvent	icp	S2C	1:List<int>:edqf;2:SocialGroupOperationResult:edqg	refs/otomai/libs/Bubble.Shared/Protocol/Game/Icp.cs:10
GuildCardRequest	GuildCardRequest	icq	C2S	1:int:edqk	refs/otomai/libs/Bubble.Shared/Protocol/Game/Icq.cs:10
GuildPaddockRemovedEvent	GuildPaddockRemovedEvent	icr	S2C	1:long:edqo	refs/otomai/libs/Bubble.Shared/Protocol/Game/Icr.cs:10
GuildKickRequest	GuildKickRequest	ics	C2S	1:long:edqs	refs/otomai/libs/Bubble.Shared/Protocol/Game/Ics.cs:10
GuildPaddockBoughtEvent	GuildPaddockBoughtEvent	ict	S2C	1:PaddockInformation:edqw;2:PaddockInformation:edqx	refs/otomai/libs/Bubble.Shared/Protocol/Game/Ict.cs:10
GuildInvitedEvent	GuildInvitedEvent	icu	S2C	1:string:edrb;2:GuildInformation:edrc;3:string:edrd	refs/otomai/libs/Bubble.Shared/Protocol/Game/Icu.cs:10
GuildMotdEvent	GuildMotdEvent	icv	S2C	1:SocialNoticeInformation:edrh	refs/otomai/libs/Bubble.Shared/Protocol/Game/Icv.cs:10
GuildGeneralInformationEvent	GuildGeneralInformationEvent	icw	S2C	1:long:edrl;2:int:edrm;3:int:edrn;4:long:edro;5:string:edrp;6:bool:edrq;7:int:edrr;8:long:edrs	refs/otomai/libs/Bubble.Shared/Protocol/Game/Icw.cs:10
GuildModificationStartedEvent	GuildModificationStartedEvent	icx	S2C	1:bool:edrw;2:bool:edrx;3:bool:edry	refs/otomai/libs/Bubble.Shared/Protocol/Game/Icx.cs:10
GuildCreationValidRequest	GuildCreationValidRequest	icy	C2S	1:string:name;2:SocialEmblem:emblem	refs/otomai/libs/Bubble.Shared/Protocol/Game/Icy.cs:10
GuildModificationNameValidRequest	GuildModificationNameValidRequest	icz	C2S	1:string:edsh	refs/otomai/libs/Bubble.Shared/Protocol/Game/Icz.cs:10
GuildPaddockTeleportRequest	GuildPaddockTeleportRequest	ida	C2S	1:long:edsl	refs/otomai/libs/Bubble.Shared/Protocol/Game/Ida.cs:10
GuildSummaryEvent	GuildSummaryEvent	idb	S2C	1:long:edsp;2:long:edsq;3:List<GuildInformation>:edsr;4:long:edss	refs/otomai/libs/Bubble.Shared/Protocol/Game/Idb.cs:10
GuildMotdSetErrorEvent	GuildMotdSetErrorEvent	idc	S2C	1:Jdn:edsw	refs/otomai/libs/Bubble.Shared/Protocol/Game/Idc.cs:10
GuildJoinAutomaticallyRequest	GuildJoinAutomaticallyRequest	idd	C2S	1:int:edta	refs/otomai/libs/Bubble.Shared/Protocol/Game/Idd.cs:10
GuildModificationEmblemValidRequest	GuildModificationEmblemValidRequest	ide	C2S	1:SocialEmblem:edte	refs/otomai/libs/Bubble.Shared/Protocol/Game/Ide.cs:10
GuildInformationRequest	GuildInformationRequest	idh	C2S	1:Idf:edti;2:Idf:edtj	refs/otomai/libs/Bubble.Shared/Protocol/Game/Idh.cs:10
GuildNoteUpdateRequest	GuildNoteUpdateRequest	idi	C2S	1:long:edtn;2:string:edto	refs/otomai/libs/Bubble.Shared/Protocol/Game/Idi.cs:10
GuildCreationResultEvent	GuildCreationResultEvent	idj	S2C	1:SocialGroupOperationResult:result	refs/otomai/libs/Bubble.Shared/Protocol/Game/Idj.cs:10
GuildInvitationAnswerRequest	GuildInvitationAnswerRequest	idk	C2S	1:bool:edtw	refs/otomai/libs/Bubble.Shared/Protocol/Game/Idk.cs:10
GuildSummaryRequest	GuildSummaryRequest	idn	C2S	1:long:edua;2:bool:edub;3:List<int>:educ;4:int:edud;5:int:edue;6:bool:eduf;7:int:edug;8:int:eduh;9:int:edui;10:List<Jdj>:eduj;11:string:eduk;12:bool:edul;13:List<int>:edum;14:int:edun;15:int:eduo;16:Idl:edup	refs/otomai/libs/Bubble.Shared/Protocol/Game/Idn.cs:10
GuildPaddocksInformationEvent	GuildPaddocksInformationEvent	ido	S2C	1:int:edut;2:List<PaddockInformation>:eduu	refs/otomai/libs/Bubble.Shared/Protocol/Game/Ido.cs:10
GuildCardErrorEvent	GuildCardErrorEvent	idp	S2C	1:int:eduy	refs/otomai/libs/Bubble.Shared/Protocol/Game/Idp.cs:10
GuildCreationStartedEvent	GuildCreationStartedEvent	idq	S2C		refs/otomai/libs/Bubble.Shared/Protocol/Game/Idq.cs:10
GuildMotdSetRequest	GuildMotdSetRequest	idr	C2S	1:string:edvf	refs/otomai/libs/Bubble.Shared/Protocol/Game/Idr.cs:10
GuildModificationValidRequest	GuildModificationValidRequest	idt	C2S	1:string:edvj;2:SocialEmblem:edvk	refs/otomai/libs/Bubble.Shared/Protocol/Game/Idt.cs:10
GuildInvitationStateRecruiterEvent	GuildInvitationStateRecruiterEvent	idu	S2C	1:int:edvo;2:Jdo:edvp;3:string:edvq	refs/otomai/libs/Bubble.Shared/Protocol/Game/Idu.cs:10
GuildInvitationStateRecruitedEvent	GuildInvitationStateRecruitedEvent	idv	S2C	1:Jdo:edvu	refs/otomai/libs/Bubble.Shared/Protocol/Game/Idv.cs:10
GuildLogbookEvent	GuildLogbookEvent	idw	S2C	1:List<GuildLogbookEntry>:edvy;2:List<bool>:edvz;3:List<GuildLogbookEntry>:edwa	refs/otomai/libs/Bubble.Shared/Protocol/Game/Idw.cs:10
GuildHouseRemoveEvent	GuildHouseRemoveEvent	idy	S2C	1:bool:edwf;2:int:edwg;3:int:edwh	refs/otomai/libs/Bubble.Shared/Protocol/Game/Idy.cs:10
GuildHouseUpdateEvent	GuildHouseUpdateEvent	idz	S2C	1:House:edwl	refs/otomai/libs/Bubble.Shared/Protocol/Game/Idz.cs:10
GuildHousesEvent	GuildHousesEvent	iea	S2C	1:List<House>:edwp	refs/otomai/libs/Bubble.Shared/Protocol/Game/Iea.cs:10
GuildChestContributionStopRequest	GuildChestContributionStopRequest	iec	C2S		refs/otomai/libs/Bubble.Shared/Protocol/Game/Iec.cs:10
GuildChestCurrentListenersEvent	GuildChestCurrentListenersEvent	ied	S2C	1:List<string>:edwx	refs/otomai/libs/Bubble.Shared/Protocol/Game/Ied.cs:10
GuildChestStructureStopListeningRequest	GuildChestStructureStopListeningRequest	iee	C2S		refs/otomai/libs/Bubble.Shared/Protocol/Game/Iee.cs:10
GuildChestTabContributionsEvent	GuildChestTabContributionsEvent	ieh	S2C	1:List<Ief>:edxk	refs/otomai/libs/Bubble.Shared/Protocol/Game/Ieh.cs:10
Ief	GuildChestTabContributionsEvent+Ief	.ief		1:long:edxe;2:long:edxf;3:string:edxg	refs/otomai/libs/Bubble.Shared/Protocol/Game/Ieh.cs:21
GuildChestTabUpdateRequest	GuildChestTabUpdateRequest	iei	C2S	1:int:edxo;2:int:edxp;3:string:edxq;4:List<int>:edxr	refs/otomai/libs/Bubble.Shared/Protocol/Game/Iei.cs:10
GuildChestTabSelectRequest	GuildChestTabSelectRequest	iej	C2S	1:int:edxv	refs/otomai/libs/Bubble.Shared/Protocol/Game/Iej.cs:10
GuildChestCurrentListenersRemoveEvent	GuildChestCurrentListenersRemoveEvent	iek	S2C	1:string:edxz	refs/otomai/libs/Bubble.Shared/Protocol/Game/Iek.cs:10
GuildChestTabLastContributionDateEvent	GuildChestTabLastContributionDateEvent	iel	S2C	1:long:edyd;2:long:edye	refs/otomai/libs/Bubble.Shared/Protocol/Game/Iel.cs:10
GuildChestStructureStartListeningRequest	GuildChestStructureStartListeningRequest	iem	C2S		refs/otomai/libs/Bubble.Shared/Protocol/Game/Iem.cs:10
GuildChestTabContributionsRequest	GuildChestTabContributionsRequest	ien	C2S		refs/otomai/libs/Bubble.Shared/Protocol/Game/Ien.cs:10
GuildChestCurrentListenersAddEvent	GuildChestCurrentListenersAddEvent	ieo	S2C	1:Dictionary<string, int>:edyo;2:string:edyp	refs/otomai/libs/Bubble.Shared/Protocol/Game/Ieo.cs:10
GuildChestTabContributionEvent	GuildChestTabContributionEvent	iep	S2C	1:int:edyt;2:long:edyu;3:long:edyv;4:long:edyw;5:long:edyx	refs/otomai/libs/Bubble.Shared/Protocol/Game/Iep.cs:10
GuildChestContributionStartRequest	GuildChestContributionStartRequest	ieq	C2S	1:string:edzb	refs/otomai/libs/Bubble.Shared/Protocol/Game/Ieq.cs:10
GuildApplicationUpdateRequest	GuildApplicationUpdateRequest	ies	C2S	1:int:edzh;2:string:edzi	refs/otomai/libs/Bubble.Shared/Protocol/Game/Ies.cs:10
GuildApplicationListenRequest	GuildApplicationListenRequest	iet	C2S	1:bool:edzm	refs/otomai/libs/Bubble.Shared/Protocol/Game/Iet.cs:10
GuildApplicationGetOwnRequest	GuildApplicationGetOwnRequest	ieu	C2S		refs/otomai/libs/Bubble.Shared/Protocol/Game/Ieu.cs:10
GuildApplicationsRequest	GuildApplicationsRequest	iev	C2S	1:bool:edzt;2:int:edzu;3:long:edzv	refs/otomai/libs/Bubble.Shared/Protocol/Game/Iev.cs:10
GuildApplicationAnswerRequest	GuildApplicationAnswerRequest	iew	C2S	1:long:edzz;2:bool:eeaa	refs/otomai/libs/Bubble.Shared/Protocol/Game/Iew.cs:10
GuildApplicationsEvent	GuildApplicationsEvent	iex	S2C	1:long:eeae;2:long:eeaf;3:long:eeag;4:List<SocialApplicationInformation>:eeah	refs/otomai/libs/Bubble.Shared/Protocol/Game/Iex.cs:10
GuildApplicationModifiedEvent	GuildApplicationModifiedEvent	iey	S2C	1:SocialApplicationInformation:eeal;2:long:eeam;3:Jdk:eean	refs/otomai/libs/Bubble.Shared/Protocol/Game/Iey.cs:10
GuildApplicationPresenceEvent	GuildApplicationPresenceEvent	iez	S2C	1:bool:eear	refs/otomai/libs/Bubble.Shared/Protocol/Game/Iez.cs:10
GuildApplicationPlayerEvent	GuildApplicationPlayerEvent	ifc	S2C	1:Ifa:eeba;2:Ifa:eebb	refs/otomai/libs/Bubble.Shared/Protocol/Game/Ifc.cs:10
Ifa	GuildApplicationPlayerEvent+Ifa	.ifa		1:SocialApplicationInformation:eeav;2:GuildInformation:eeaw	refs/otomai/libs/Bubble.Shared/Protocol/Game/Ifc.cs:24
GuildApplicationReceivedEvent	GuildApplicationReceivedEvent	ifd	S2C	1:long:eebf;2:string:eebg	refs/otomai/libs/Bubble.Shared/Protocol/Game/Ifd.cs:10
GuildApplicationPresenceRequest	GuildApplicationPresenceRequest	ife	C2S		refs/otomai/libs/Bubble.Shared/Protocol/Game/Ife.cs:10
GuildApplicationSubmitRequest	GuildApplicationSubmitRequest	iff	C2S	1:string:eebn;2:int:eebo;3:string:eebp;4:string:eebq;5:string:eebr;6:string:eebs;7:string:eebt;8:string:eebu;9:string:eebv;10:int:eebw;11:string:eebx;12:string:eeby;13:string:eebz	refs/otomai/libs/Bubble.Shared/Protocol/Game/Iff.cs:10
GuildApplicationDeletedEvent	GuildApplicationDeletedEvent	ifg	S2C	1:bool:eecd	refs/otomai/libs/Bubble.Shared/Protocol/Game/Ifg.cs:10
GuildApplicationDeleteRequest	GuildApplicationDeleteRequest	ifh	C2S		refs/otomai/libs/Bubble.Shared/Protocol/Game/Ifh.cs:10
GuildApplicationAnswerEvent	GuildApplicationAnswerEvent	ifi	S2C	1:GuildInformation:eeck;2:bool:eecl	refs/otomai/libs/Bubble.Shared/Protocol/Game/Ifi.cs:10
MapRunningFightStopListeningRequest	MapRunningFightStopListeningRequest	ifk	C2S		refs/otomai/libs/Bubble.Shared/Protocol/Game/Ifk.cs:10
GameRolePlayShowActorsEvent	GameRolePlayShowActorsEvent	ifl	S2C	1:List<ActorPositionInformation>:actors	refs/otomai/libs/Bubble.Shared/Protocol/Game/Ifl.cs:10
MapMovementRefusedEvent	MapMovementRefusedEvent	ifm	S2C	1:int:cell_y;2:int:cell_x	refs/otomai/libs/Bubble.Shared/Protocol/Game/Ifm.cs:10
MapComplementaryInformationEvent	MapComplementaryInformationEvent	ifo	S2C	1:int:subarea_id;3:List<InteractiveElement>:interactive_elements;5:long:map_id;8:List<StatedElement>:stated_elements;9:List<MapObstacle>:obstacles;10:List<FightCommonInformation>:fights;12:bool:has_aggressive_monsters;13:List<ActorPositionInformation>:actors;14:List<House>:houses;2:MapComplementaryInHouseInformation:in_house_information;4:MapComplementaryBreachInformation:breach_information;6:MapComplementaryHavenBagInformation:haven_bag_information;7:MapComplementaryAnomalyInformation:anomaly_information;11:MapCoordinates:coordinates	refs/otomai/libs/Bubble.Shared/Protocol/Game/Ifo.cs:10
MapFightCountEvent	MapFightCountEvent	ifp	S2C	1:int:eedu	refs/otomai/libs/Bubble.Shared/Protocol/Game/Ifp.cs:10
MapMovementRequest	MapMovementRequest	ifq	C2S	1:List<int>:key_cells;2:bool:cautious;3:long:map_id	refs/otomai/libs/Bubble.Shared/Protocol/Game/Ifq.cs:10
MapComplementaryWithCoordsInformation	MapComplementaryWithCoordsInformation	ifr		1:MapCoordinates:eeee	refs/otomai/libs/Bubble.Shared/Protocol/Game/Ifr.cs:10
MapMovementConfirmResponse	MapMovementConfirmResponse	ifs	S2C		refs/otomai/libs/Bubble.Shared/Protocol/Game/Ifs.cs:10
MapRunningFightDetailsExtendedEvent	MapRunningFightDetailsExtendedEvent	ift	S2C	1:List<NamedPartyTeam>:eeel;2:int:eeem;3:List<FighterLightInformation>:eeen;4:List<FighterLightInformation>:eeeo	refs/otomai/libs/Bubble.Shared/Protocol/Game/Ift.cs:10
MapChangeRequest	MapChangeRequest	ifu	C2S	1:bool:auto_pilot;2:int:map_id;3:List<long>:eeeu	refs/otomai/libs/Bubble.Shared/Protocol/Game/Ifu.cs:10
MapCurrentInstanceEvent	MapCurrentInstanceEvent	ifv	S2C	1:long:eeey;2:long:eeez	refs/otomai/libs/Bubble.Shared/Protocol/Game/Ifv.cs:10
MapComplementaryInHouseInformation	MapComplementaryInHouseInformation	ifw		1:House:eefd	refs/otomai/libs/Bubble.Shared/Protocol/Game/Ifw.cs:10
MapInformationRequest	MapInformationRequest	ifx	C2S	1:int:map_id	refs/otomai/libs/Bubble.Shared/Protocol/Game/Ifx.cs:10
FightMapInformationEvent	FightMapInformationEvent	ifz	S2C	2:int:subarea_id;4:long:map_id;1:MapCoordinates:coordinates;3:MapComplementaryBreachInformation:breach_information;5:MapComplementaryAnomalyInformation:anomaly_information	refs/otomai/libs/Bubble.Shared/Protocol/Game/Ifz.cs:10
MapChangeOrientationRequest	MapChangeOrientationRequest	iga	C2S	1:Jdg:eefu	refs/otomai/libs/Bubble.Shared/Protocol/Game/Iga.cs:10
MapObstacle	MapObstacle	igd		1:Igb:eefy;2:int:eefz	refs/otomai/libs/Bubble.Shared/Protocol/Game/Igd.cs:10
MapRunningFightDetailsEvent	MapRunningFightDetailsEvent	ige	S2C	1:List<FighterLightInformation>:eegd;2:List<FighterLightInformation>:eege;3:int:eegf	refs/otomai/libs/Bubble.Shared/Protocol/Game/Ige.cs:10
MapTeleportOnSameEvent	MapTeleportOnSameEvent	igf	S2C	1:long:eegj;2:int:eegk	refs/otomai/libs/Bubble.Shared/Protocol/Game/Igf.cs:10
MapMovementConfirmRequest	MapMovementConfirmRequest	igg	C2S		refs/otomai/libs/Bubble.Shared/Protocol/Game/Igg.cs:10
MapRunningFightsRequest	MapRunningFightsRequest	igh	C2S		refs/otomai/libs/Bubble.Shared/Protocol/Game/Igh.cs:10
MapComplementaryBreachInformation	MapComplementaryBreachInformation	igi		1:int:eegu;2:int:eegv;3:int:eegw;4:List<BreachBranch>:eegx;5:int:eegy	refs/otomai/libs/Bubble.Shared/Protocol/Game/Igi.cs:10
MapObstacleUpdateEvent	MapObstacleUpdateEvent	igj	S2C	1:List<MapObstacle>:eehc	refs/otomai/libs/Bubble.Shared/Protocol/Game/Igj.cs:10
MapCurrentEvent	MapCurrentEvent	igk	S2C	1:long:map_id	refs/otomai/libs/Bubble.Shared/Protocol/Game/Igk.cs:10
MapComplementaryHavenBagInformation	MapComplementaryHavenBagInformation	igl		1:Character:eehk;2:int:eehl;3:int:eehm;4:int:eehn	refs/otomai/libs/Bubble.Shared/Protocol/Game/Igl.cs:10
MapRunningFightDetailsRequest	MapRunningFightDetailsRequest	igm	C2S	1:int:eehr	refs/otomai/libs/Bubble.Shared/Protocol/Game/Igm.cs:10
MapChangeOrientationEvent	MapChangeOrientationEvent	ign	S2C	1:long:eehv;2:Jdg:eehw	refs/otomai/libs/Bubble.Shared/Protocol/Game/Ign.cs:10
MapRunningFightsEvent	MapRunningFightsEvent	igo	S2C	1:List<FightExternalInformation>:eeia	refs/otomai/libs/Bubble.Shared/Protocol/Game/Igo.cs:10
MapMovementEvent	MapMovementEvent	igp	S2C	1:int:direction;2:List<int>:cells;3:long:character_id;4:bool:cautious	refs/otomai/libs/Bubble.Shared/Protocol/Game/Igp.cs:10
MapComplementaryAnomalyInformation	MapComplementaryAnomalyInformation	igq		1:int:eeim;2:long:eein	refs/otomai/libs/Bubble.Shared/Protocol/Game/Igq.cs:10
MapMovementCancelRequest	MapMovementCancelRequest	igr	C2S	1:int:eeir	refs/otomai/libs/Bubble.Shared/Protocol/Game/Igr.cs:10
MapErrorNotFoundRequest	MapErrorNotFoundRequest	igs	C2S	1:int:eeiv	refs/otomai/libs/Bubble.Shared/Protocol/Game/Igs.cs:10
GameActionItemConsumedEvent	GameActionItemConsumedEvent	igw	S2C	1:bool:eeja;2:int:eejb;3:bool:eejc	refs/otomai/libs/Bubble.Shared/Protocol/Game/Igw.cs:10
GameActionSpamEvent	GameActionSpamEvent	igx	S2C	1:List<int>:eejg	refs/otomai/libs/Bubble.Shared/Protocol/Game/Igx.cs:10
GameActionItemConsumeRequest	GameActionItemConsumeRequest	igy	C2S	1:int:eejk;2:long:eejl	refs/otomai/libs/Bubble.Shared/Protocol/Game/Igy.cs:10
GameActionItemConsumeAllRequest	GameActionItemConsumeAllRequest	igz	C2S	1:long:eejp	refs/otomai/libs/Bubble.Shared/Protocol/Game/Igz.cs:10
SequenceStartEvent	SequenceStartEvent	iha	S2C	1:long:author_id;2:SequenceType:sequence_type	refs/otomai/libs/Bubble.Shared/Protocol/Game/Iha.cs:10
GameActionItemListEvent	GameActionItemListEvent	ihb	S2C	1:List<GameActionItem>:eejy	refs/otomai/libs/Bubble.Shared/Protocol/Game/Ihb.cs:10
GameActionFightCastOnTargetRequest	GameActionFightCastOnTargetRequest	ihc	C2S	1:long:target_id;2:List<string>:eekd;3:int:spell_id	refs/otomai/libs/Bubble.Shared/Protocol/Game/Ihc.cs:10
GameActionAcknowledgementRequest	GameActionAcknowledgementRequest	ihd	C2S	1:bool:valid;2:int:action_id;3:int:action_id2	refs/otomai/libs/Bubble.Shared/Protocol/Game/Ihd.cs:10
EntitySpawnInformation	EntitySpawnInformation	ihk		1:string:eelk;3:Character:xx;2:Character:character;4:Monster:monster;5:Companion:companion	refs/otomai/libs/Bubble.Shared/Protocol/Game/Ihk.cs:10
Character	EntitySpawnInformation+Character	jon		1:int:level;2:string:name	refs/otomai/libs/Bubble.Shared/Protocol/Game/Ihk.cs:71
Monster	EntitySpawnInformation+Monster	.Monster		1:int:monster_gid;2:int:grade;3:int:level	refs/otomai/libs/Bubble.Shared/Protocol/Game/Ihk.cs:88
Companion	EntitySpawnInformation+Companion	.Companion		1:List<int>:eelc;2:int:model_id;3:int:level;4:long:summoner_id;5:long:owner_id	refs/otomai/libs/Bubble.Shared/Protocol/Game/Ihk.cs:130
GameActionUpdateEffectTriggerCountEvent	GameActionUpdateEffectTriggerCountEvent	ihn	S2C	1:Dictionary<long, long>:eemb;2:List<Ihl>:eemc	refs/otomai/libs/Bubble.Shared/Protocol/Game/Ihn.cs:10
Ihl	GameActionUpdateEffectTriggerCountEvent+Ihl	.ihl		1:int:eelu;2:int:eelv;3:int:eelw;4:long:eelx	refs/otomai/libs/Bubble.Shared/Protocol/Game/Ihn.cs:25
GameActionFightCastRequest	GameActionFightCastRequest	iho	C2S	1:int:spell_id;2:int:cell	refs/otomai/libs/Bubble.Shared/Protocol/Game/Iho.cs:10
SequenceEndEvent	SequenceEndEvent	ihp	S2C	1:int:action_id;2:long:author_id;3:SequenceType:sequence_type	refs/otomai/libs/Bubble.Shared/Protocol/Game/Ihp.cs:10
GameActionFightEvent	GameActionFightEvent	ijl	S2C	2:long:source_id;27:int:action_id;1:Iir:eevg;3:Summons:summons;4:Ijg:eevi;5:Ihw:eevj;6:Ihx:eevk;7:Ihr:eevl;8:Iig:eevm;9:Ijh:eevn;10:Ihy:eevo;11:Ihs:eevp;12:Iil:eevq;13:Iis:eevr;14:Iih:eevs;15:Ijj:eevt;16:Iiq:eevu;17:ChangeLook:change_look;18:Ijc:eevw;19:Ihv:eevx;20:Iji:eevy;21:Iip:eevz;22:Iix:eewa;23:Iii:eewb;24:Ija:eewc;25:Ije:eewd;26:Ijd:eewe;28:Ijb:eewf;29:Ihu:eewg;30:Iht:eewh;31:Death:eewi;32:Iik:eewj;33:TargetedAbility:targeted_ability;34:Ijf:eewl;35:Kill:kill	refs/otomai/libs/Bubble.Shared/Protocol/Game/Ijl.cs:10
Iir	GameActionFightEvent+Iir	.iir		1:int:eerf;2:long:eerg	refs/otomai/libs/Bubble.Shared/Protocol/Game/Ijl.cs:363
Summons	GameActionFightEvent+Summons	.Summons		1:SummonsByActor:summons_by_actor;2:SummonsByContextInformation:summons_by_context_information	refs/otomai/libs/Bubble.Shared/Protocol/Game/Ijl.cs:379
SummonsByActor	GameActionFightEvent+Summons+SummonsByActor	.SummonsByActor		1:List<ActorPositionInformation>:summons	refs/otomai/libs/Bubble.Shared/Protocol/Game/Ijl.cs:416
SummonsByContextInformation	GameActionFightEvent+Summons+SummonsByContextInformation	.SummonsByContextInformation		1:List<SummonContextInformation>:summons	refs/otomai/libs/Bubble.Shared/Protocol/Game/Ijl.cs:429
SummonContextInformation	GameActionFightEvent+Summons+SummonsByContextInformation+SummonContextInformation	.SummonContextInformation		1:int:wave;2:FightCharacteristics:characteristics;3:List<SpawnInformation>:summons;4:EntityLook:look;5:EntitySpawnInformation:spawn_information	refs/otomai/libs/Bubble.Shared/Protocol/Game/Ijl.cs:440
Ijg	GameActionFightEvent+Ijg	.ijg		1:long:eeuk;2:int:eeul	refs/otomai/libs/Bubble.Shared/Protocol/Game/Ijl.cs:469
Ihw	GameActionFightEvent+Ihw	.ihw		1:int:eens;2:long:eent;3:int:eenu;4:long:eenv	refs/otomai/libs/Bubble.Shared/Protocol/Game/Ijl.cs:485
Ihx	GameActionFightEvent+Ihx	.ihx		1:bool:eeoa;2:int:eeob	refs/otomai/libs/Bubble.Shared/Protocol/Game/Ijl.cs:514
Ihr	GameActionFightEvent+Ihr	.ihr		1:int:eemr;2:long:eems	refs/otomai/libs/Bubble.Shared/Protocol/Game/Ijl.cs:530
Iig	GameActionFightEvent+Iig	.iig		1:FightMark:eeph	refs/otomai/libs/Bubble.Shared/Protocol/Game/Ijl.cs:546
Ijh	GameActionFightEvent+Ijh	.ijh		1:long:eeup;2:long:eeuq	refs/otomai/libs/Bubble.Shared/Protocol/Game/Ijl.cs:559
Ihy	GameActionFightEvent+Ihy	.ihy		1:Jdc:eeof;2:Dictionary<bool, long>:eeog;3:long:eeoh	refs/otomai/libs/Bubble.Shared/Protocol/Game/Ijl.cs:575
Ihs	GameActionFightEvent+Ihs	.ihs		1:int:eemw;2:long:eemx	refs/otomai/libs/Bubble.Shared/Protocol/Game/Ijl.cs:595
Iil	GameActionFightEvent+Iil	.iil		1:int:eeqh;2:long:eeqi;3:int:eeqj	refs/otomai/libs/Bubble.Shared/Protocol/Game/Ijl.cs:611
Iis	GameActionFightEvent+Iis	.iis		1:long:eerk;2:int:eerl;3:long:eerm	refs/otomai/libs/Bubble.Shared/Protocol/Game/Ijl.cs:630
Iih	GameActionFightEvent+Iih	.iih		1:int:eepl;2:long:eepm	refs/otomai/libs/Bubble.Shared/Protocol/Game/Ijl.cs:649
Ijj	GameActionFightEvent+Ijj	.ijj		1:bool:eeuz;2:long:eeva	refs/otomai/libs/Bubble.Shared/Protocol/Game/Ijl.cs:665
Iiq	GameActionFightEvent+Iiq	.iiq		1:List<long>:eerb	refs/otomai/libs/Bubble.Shared/Protocol/Game/Ijl.cs:681
ChangeLook	GameActionFightEvent+ChangeLook	.ChangeLook		1:long:target_id;2:EntityLook:look	refs/otomai/libs/Bubble.Shared/Protocol/Game/Ijl.cs:694
Ijc	GameActionFightEvent+Ijc	.ijc		1:int:eetk;2:long:eetl;3:int:eetm;4:int:eeto;5:int:eetp;6:int:eetq	refs/otomai/libs/Bubble.Shared/Protocol/Game/Ijl.cs:710
Ihv	GameActionFightEvent+Ihv	.ihv		1:int:eeno	refs/otomai/libs/Bubble.Shared/Protocol/Game/Ijl.cs:745
Iji	GameActionFightEvent+Iji	.iji		1:int:eeuu;2:long:eeuv	refs/otomai/libs/Bubble.Shared/Protocol/Game/Ijl.cs:758
Iip	GameActionFightEvent+Iip	.iip		1:bool:eeqs;2:long:eeqt;3:int:eequ;4:Iin:eeqw	refs/otomai/libs/Bubble.Shared/Protocol/Game/Ijl.cs:774
Iin	GameActionFightEvent+Iip+Iin	.iin		1:bool:eeqn;2:int:eeqo	refs/otomai/libs/Bubble.Shared/Protocol/Game/Ijl.cs:817
Iix	GameActionFightEvent+Iix	.iix		1:long:eesk	refs/otomai/libs/Bubble.Shared/Protocol/Game/Ijl.cs:835
Iii	GameActionFightEvent+Iii	.iii		1:long:eepq;2:long:eepr;3:long:eeps	refs/otomai/libs/Bubble.Shared/Protocol/Game/Ijl.cs:848
Ija	GameActionFightEvent+Ija	.ija		1:long:eesx;2:long:eesy;3:int:eesz;4:List<bool>:eeta	refs/otomai/libs/Bubble.Shared/Protocol/Game/Ijl.cs:867
Ije	GameActionFightEvent+Ije	.ije		1:FightRemovableEffect:eetz;2:FightRemovableEffect:eeua	refs/otomai/libs/Bubble.Shared/Protocol/Game/Ijl.cs:889
Ijd	GameActionFightEvent+Ijd	.ijd		1:long:eetu;2:int:eetv	refs/otomai/libs/Bubble.Shared/Protocol/Game/Ijl.cs:905
Ijb	GameActionFightEvent+Ijb	.ijb		1:int:eete;2:long:eetf;3:int:eetg	refs/otomai/libs/Bubble.Shared/Protocol/Game/Ijl.cs:921
Ihu	GameActionFightEvent+Ihu	.ihu		1:bool:eeng;2:int:eenh;3:int:eeni;4:int:eenj;5:int:eenk	refs/otomai/libs/Bubble.Shared/Protocol/Game/Ijl.cs:940
Iht	GameActionFightEvent+Iht	.iht		1:int:eenb;2:long:eenc	refs/otomai/libs/Bubble.Shared/Protocol/Game/Ijl.cs:965
Death	GameActionFightEvent+Death	.Death		1:long:target_id;2:long:target_id2	refs/otomai/libs/Bubble.Shared/Protocol/Game/Ijl.cs:981
Iik	GameActionFightEvent+Iik	.iik		1:int:eeqb;2:long:eeqc;3:int:eeqd	refs/otomai/libs/Bubble.Shared/Protocol/Game/Ijl.cs:997
TargetedAbility	GameActionFightEvent+TargetedAbility	.TargetedAbility		1:bool:silent_cast;3:int:destination_cell;5:long:target_id;6:Igu:critical;7:bool:verbose_cast;2:SpellCast:spell_cast;4:int:eeseweapon_generic_id	refs/otomai/libs/Bubble.Shared/Protocol/Game/Ijl.cs:1016
SpellCast	GameActionFightEvent+TargetedAbility+SpellCast	.SpellCast		1:int:spell_id;2:int:spell_level;3:int:spell_level2;4:List<int>:portals_id;5:List<int>:portals_id2	refs/otomai/libs/Bubble.Shared/Protocol/Game/Ijl.cs:1068
Ijf	GameActionFightEvent+Ijf	.ijf		1:long:eeue;2:int:eeuf;3:int:eeug	refs/otomai/libs/Bubble.Shared/Protocol/Game/Ijl.cs:1095
Kill	GameActionFightEvent+Kill	.Kill		1:long:target_id	refs/otomai/libs/Bubble.Shared/Protocol/Game/Ijl.cs:1114
FinishMoveSetRequest	FinishMoveSetRequest	ijn	C2S	1:bool:eews;2:int:eewt	refs/otomai/libs/Bubble.Shared/Protocol/Game/Ijn.cs:10
FinishMovesRequest	FinishMovesRequest	ijo	C2S		refs/otomai/libs/Bubble.Shared/Protocol/Game/Ijo.cs:10
FinishMovesEvent	FinishMovesEvent	ijr	S2C	1:List<Ijp>:eexf	refs/otomai/libs/Bubble.Shared/Protocol/Game/Ijr.cs:10
Ijp	FinishMovesEvent+Ijp	.ijp		1:bool:eexa;2:int:eexb	refs/otomai/libs/Bubble.Shared/Protocol/Game/Ijr.cs:21
FightTurnStartPlayingEvent	FightTurnStartPlayingEvent	ijt	S2C		refs/otomai/libs/Bubble.Shared/Protocol/Game/Ijt.cs:10
FightSynchronizeEvent	FightSynchronizeEvent	iju	S2C	1:List<ActorPositionInformation>:fighters	refs/otomai/libs/Bubble.Shared/Protocol/Game/Iju.cs:10
FightTurnEndEvent	FightTurnEndEvent	ijv	S2C	1:long:eexr	refs/otomai/libs/Bubble.Shared/Protocol/Game/Ijv.cs:10
TimelineRefreshEvent	TimelineRefreshEvent	ijy	S2C	1:List<Ijw>:eeya	refs/otomai/libs/Bubble.Shared/Protocol/Game/Ijy.cs:10
Ijw	TimelineRefreshEvent+Ijw	.ijw		1:long:eexv;2:bool:eexw	refs/otomai/libs/Bubble.Shared/Protocol/Game/Ijy.cs:21
FightNewWaveEvent	FightNewWaveEvent	ijz	S2C	1:Jdd:eeye;2:int:eeyf;3:int:eeyg	refs/otomai/libs/Bubble.Shared/Protocol/Game/Ijz.cs:10
FightChallengeJoinRefuseEvent	FightChallengeJoinRefuseEvent	ikc	S2C	1:Ika:eeyk;2:long:eeyl	refs/otomai/libs/Bubble.Shared/Protocol/Game/Ikc.cs:10
DetailedStatistics	DetailedStatistics	ikm		1:Ike:efbd;2:Ikg:efbe;3:Iki:efbf;4:Ikd:efbg;5:Ikj:efbh;6:Ikh:efbi;7:Ikj:efbj;8:FighterIdentity:efbk;9:Ikk:efbl;10:Ikf:efbm	refs/otomai/libs/Bubble.Shared/Protocol/Game/Ikm.cs:10
Ike	DetailedStatistics+Ike	.ike		1:int:eezb;2:int:eezc;3:float:eezd;4:int:eeze;5:int:eezf;6:int:eezg;7:int:eezh;8:int:eezi;9:int:eezj	refs/otomai/libs/Bubble.Shared/Protocol/Game/Ikm.cs:48
Ikg	DetailedStatistics+Ikg	.ikg		1:Dictionary<string, long>:eezu;2:float:eezv;3:int:eezw;4:int:eezx	refs/otomai/libs/Bubble.Shared/Protocol/Game/Ikm.cs:85
Iki	DetailedStatistics+Iki	.iki		1:int:efah;2:int:efai;3:float:efaj	refs/otomai/libs/Bubble.Shared/Protocol/Game/Ikm.cs:108
Ikd	DetailedStatistics+Ikd	.ikd		1:int:eeyp;2:int:eeyq;3:float:eeyr;4:float:eeys;5:int:eeyt;6:int:eeyu;7:int:eeyv;8:int:eeyw;9:int:eeyx	refs/otomai/libs/Bubble.Shared/Protocol/Game/Ikm.cs:127
Ikj	DetailedStatistics+Ikj	.ikj		1:int:efan;2:float:efao;3:float:efap;4:int:efaq;5:float:efar;6:float:efas;7:int:efat	refs/otomai/libs/Bubble.Shared/Protocol/Game/Ikm.cs:164
Ikh	DetailedStatistics+Ikh	.ikh		1:int:efab;2:int:efac;3:float:efad	refs/otomai/libs/Bubble.Shared/Protocol/Game/Ikm.cs:195
Ikk	DetailedStatistics+Ikk	.ikk		1:int:efax;2:int:efay;3:int:efaz	refs/otomai/libs/Bubble.Shared/Protocol/Game/Ikm.cs:214
Ikf	DetailedStatistics+Ikf	.ikf		1:float:eezn;2:int:eezo;3:float:eezp;4:int:eezq	refs/otomai/libs/Bubble.Shared/Protocol/Game/Ikm.cs:233
BaseStatistics	BaseStatistics	ikn		1:int:efbq;2:int:efbr;3:int:efbs;4:int:efbt;5:int:efbu;6:int:efbv;7:int:efbw;8:int:efbx	refs/otomai/libs/Bubble.Shared/Protocol/Game/Ikn.cs:10
FightFighterRefreshEvent	FightFighterRefreshEvent	iko	S2C	1:ActorPositionInformation:information;2:ActorPositionInformation:information2	refs/otomai/libs/Bubble.Shared/Protocol/Game/Iko.cs:10
FightFighterShowEvent	FightFighterShowEvent	ikp	S2C	1:ActorPositionInformation:information;2:bool:static_pose	refs/otomai/libs/Bubble.Shared/Protocol/Game/Ikp.cs:10
FightPauseEvent	FightPauseEvent	ikq	S2C	1:bool:efcl	refs/otomai/libs/Bubble.Shared/Protocol/Game/Ikq.cs:10
FightMapInformationResponse	FightMapInformationResponse	ikr	S2C	1:FightStartingPositions:efcp;2:long:efcq;3:int:efcr;4:long:efct	refs/otomai/libs/Bubble.Shared/Protocol/Game/Ikr.cs:10
FightJoinRunningEvent	FightJoinRunningEvent	iks	S2C	1:List<FightRemovableEffectExtendedInformation>:efcx;2:List<FightEffectTriggerCount>:efcy;3:int:efcz;4:int:efda;5:List<FightMark>:efdb;6:FightResume:efdc	refs/otomai/libs/Bubble.Shared/Protocol/Game/Iks.cs:10
FightScenarioEvent	FightScenarioEvent	ikv	S2C	1:List<Ikt>:efdl	refs/otomai/libs/Bubble.Shared/Protocol/Game/Ikv.cs:10
Ikt	FightScenarioEvent+Ikt	.ikt		1:int:efdg;2:long:efdh	refs/otomai/libs/Bubble.Shared/Protocol/Game/Ikv.cs:21
FightResume	FightResume	ikw		1:List<FightSpellCoolDown>:efdp;2:int:efdq;3:List<FightResumeSlaves>:efdr;4:int:efds	refs/otomai/libs/Bubble.Shared/Protocol/Game/Ikw.cs:10
FightNewRoundEvent	FightNewRoundEvent	ikx	S2C	1:int:efdw	refs/otomai/libs/Bubble.Shared/Protocol/Game/Ikx.cs:10
FightSlaveSwitchContextEvent	FightSlaveSwitchContextEvent	iky	S2C	1:CharacterCharacteristics:efea;2:List<Shortcut>:efeb;3:int:efec;4:long:efed;5:List<SpellItem>:efee;6:long:efef	refs/otomai/libs/Bubble.Shared/Protocol/Game/Iky.cs:10
FighterIdentity	FighterIdentity	ilf		2:long:effa;5:Jdd:effb;1:Ilb:effc;3:Ild:effd;4:Ilc:effe;6:Ila:efff	refs/otomai/libs/Bubble.Shared/Protocol/Game/Ilf.cs:10
Ilb	FighterIdentity+Ilb	.ilb		1:int:efem	refs/otomai/libs/Bubble.Shared/Protocol/Game/Ilf.cs:73
Ild	FighterIdentity+Ild	.ild		1:int:efev;2:FighterIdentity:efew	refs/otomai/libs/Bubble.Shared/Protocol/Game/Ilf.cs:86
Ilc	FighterIdentity+Ilc	.ilc		1:int:efeq;2:FighterIdentity:efer	refs/otomai/libs/Bubble.Shared/Protocol/Game/Ilf.cs:102
Ila	FighterIdentity+Ila	.ila			refs/otomai/libs/Bubble.Shared/Protocol/Game/Ilf.cs:118
FightSlaveNoLongerControlledEvent	FightSlaveNoLongerControlledEvent	ilg	S2C	1:long:effk;2:long:effl	refs/otomai/libs/Bubble.Shared/Protocol/Game/Ilg.cs:10
FightIsTurnReadyEvent	FightIsTurnReadyEvent	ilh	S2C	1:long:effp	refs/otomai/libs/Bubble.Shared/Protocol/Game/Ilh.cs:10
FightRefreshCharacterStatsEvent	FightRefreshCharacterStatsEvent	ili	S2C	1:long:fighter_id;2:FightCharacteristics:stats	refs/otomai/libs/Bubble.Shared/Protocol/Game/Ili.cs:10
FightTurnEvent	FightTurnEvent	ilj	S2C	1:long:character_id;2:int:base_time;3:int:extra_time;4:int:remaining_time	refs/otomai/libs/Bubble.Shared/Protocol/Game/Ilj.cs:10
FightTurnFinishRequest	FightTurnFinishRequest	ilk	C2S	1:bool:is_afk;2:bool:is_afk2	refs/otomai/libs/Bubble.Shared/Protocol/Game/Ilk.cs:10
FightStatisticsEvent	FightStatisticsEvent	ill	S2C	1:BaseStatistics:efgl;2:Dictionary<long, DetailedStatistics>:efgm	refs/otomai/libs/Bubble.Shared/Protocol/Game/Ill.cs:10
FightEndEvent	FightEndEvent	ilm	S2C	1:int:efgq;2:int:efgr;3:List<FightResultListEntry>:efgs;4:int:efgt;5:int:efgu;6:List<NamedPartyTeamWithOutcome>:efgw	refs/otomai/libs/Bubble.Shared/Protocol/Game/Ilm.cs:10
FightTurnReadyRequest	FightTurnReadyRequest	iln	C2S	1:bool:is_ready;2:bool:is_ready2	refs/otomai/libs/Bubble.Shared/Protocol/Game/Iln.cs:10
FightPlacementSwapPositionsEvent	FightPlacementSwapPositionsEvent	ilp	S2C	1:List<EntityDisposition>:efhg	refs/otomai/libs/Bubble.Shared/Protocol/Game/Ilp.cs:10
FightStartingEvent	FightStartingEvent	ilq	S2C	1:bool:efhk;2:int:efhl;3:Jcy:efhm;4:long:efhn;5:List<int>:efho;6:long:efhp	refs/otomai/libs/Bubble.Shared/Protocol/Game/Ilq.cs:10
FightSpectatorJoinEvent	FightSpectatorJoinEvent	ilr	S2C	1:List<NamedPartyTeam>:efht;2:FightJoinEvent:efhu	refs/otomai/libs/Bubble.Shared/Protocol/Game/Ilr.cs:10
FightTeamRemoveMemberEvent	FightTeamRemoveMemberEvent	ils	S2C	1:int:efhy;2:long:efhz;3:Jdd:efia	refs/otomai/libs/Bubble.Shared/Protocol/Game/Ils.cs:10
FightPlacementPositionRequest	FightPlacementPositionRequest	ilt	C2S	1:int:cell_id;2:long:entity_id	refs/otomai/libs/Bubble.Shared/Protocol/Game/Ilt.cs:10
FightPlacementSwapPositionsCancelledEvent	FightPlacementSwapPositionsCancelledEvent	ilu	S2C	1:int:efij;2:long:efik	refs/otomai/libs/Bubble.Shared/Protocol/Game/Ilu.cs:10
FightMapRequest	FightMapRequest	ilv	C2S		refs/otomai/libs/Bubble.Shared/Protocol/Game/Ilv.cs:10
FightLeaveEvent	FightLeaveEvent	ilw	S2C	1:long:efir	refs/otomai/libs/Bubble.Shared/Protocol/Game/Ilw.cs:10
FightPlacementSwapPositionsErrorEvent	FightPlacementSwapPositionsErrorEvent	ilx	S2C	1:List<bool>:efiv	refs/otomai/libs/Bubble.Shared/Protocol/Game/Ilx.cs:10
FightSpectatePlayerRequest	FightSpectatePlayerRequest	ily	C2S	1:long:efiz	refs/otomai/libs/Bubble.Shared/Protocol/Game/Ily.cs:10
FightReadyRequest	FightReadyRequest	ilz	C2S	1:bool:is_ready	refs/otomai/libs/Bubble.Shared/Protocol/Game/Ilz.cs:10
FightOptionToggleRequest	FightOptionToggleRequest	ima	C2S	1:FightOption:option	refs/otomai/libs/Bubble.Shared/Protocol/Game/Ima.cs:10
FightPlacementSwapPositionsOfferEvent	FightPlacementSwapPositionsOfferEvent	imb	S2C	1:int:efjl;2:int:efjm;3:int:efjn;4:long:efjo;5:long:efjp	refs/otomai/libs/Bubble.Shared/Protocol/Game/Imb.cs:10
FightPlacementSwapPositionsAcceptRequest	FightPlacementSwapPositionsAcceptRequest	imc	C2S	1:int:efjt	refs/otomai/libs/Bubble.Shared/Protocol/Game/Imc.cs:10
FightJoinRequest	FightJoinRequest	imd	C2S	1:int:fight_id;2:long:fighter_id	refs/otomai/libs/Bubble.Shared/Protocol/Game/Imd.cs:10
FightPlacementSwapPositionsCancelRequest	FightPlacementSwapPositionsCancelRequest	ime	C2S	1:int:efkc	refs/otomai/libs/Bubble.Shared/Protocol/Game/Ime.cs:10
FightHumanReadyStateEvent	FightHumanReadyStateEvent	imf	S2C	1:bool:efkg;2:long:efkh	refs/otomai/libs/Bubble.Shared/Protocol/Game/Imf.cs:10
FightJoinEvent	FightJoinEvent	imh	S2C	1:bool:efkl;2:Jcy:efkm;3:bool:efkn;4:bool:efko;5:bool:efkp;6:long:efkq	refs/otomai/libs/Bubble.Shared/Protocol/Game/Imh.cs:10
FightOptionUpdateEvent	FightOptionUpdateEvent	imi	S2C	1:Jdd:team;2:int:fight_id;3:FightOption:option;4:bool:state	refs/otomai/libs/Bubble.Shared/Protocol/Game/Imi.cs:10
FightStartEvent	FightStartEvent	imj	S2C		refs/otomai/libs/Bubble.Shared/Protocol/Game/Imj.cs:10
FightPlacementPossiblePositionsEvent	FightPlacementPossiblePositionsEvent	imk	S2C	1:Jdd:team;2:FightStartingPositions:starting_positions	refs/otomai/libs/Bubble.Shared/Protocol/Game/Imk.cs:10
FightTeamUpdateEvent	FightTeamUpdateEvent	iml	S2C	1:int:eflj;2:FightTeamInformation:eflk	refs/otomai/libs/Bubble.Shared/Protocol/Game/Iml.cs:10
ExchangeObjectsModifiedEvent	ExchangeObjectsModifiedEvent	imn	S2C	1:bool:eflp;2:List<ObjectItemInventory>:eflq	refs/otomai/libs/Bubble.Shared/Protocol/Game/Imn.cs:10
ExchangeJobIndexStartedEvent	ExchangeJobIndexStartedEvent	imo	S2C	1:List<int>:eflu	refs/otomai/libs/Bubble.Shared/Protocol/Game/Imo.cs:10
ExchangeHandleMountsRequest	ExchangeHandleMountsRequest	imr	C2S	1:List<int>:efly;2:Imp:eflz	refs/otomai/libs/Bubble.Shared/Protocol/Game/Imr.cs:10
ExchangeBidHouseSearchRequest	ExchangeBidHouseSearchRequest	ims	C2S	1:int:object_gid;2:bool:follow;3:int:object_gid2	refs/otomai/libs/Bubble.Shared/Protocol/Game/Ims.cs:10
ExchangeBidSellerStartedEvent	ExchangeBidSellerStartedEvent	imv	S2C	1:SellingConditions:efmp;2:List<Imt>:efmq	refs/otomai/libs/Bubble.Shared/Protocol/Game/Imv.cs:10
Imt	ExchangeBidSellerStartedEvent+Imt	.imt		1:int:efmj;2:BidItem:efmk;3:long:efml	refs/otomai/libs/Bubble.Shared/Protocol/Game/Imv.cs:24
ExchangeBidHouseOfflineSoldItemsEvent	ExchangeBidHouseOfflineSoldItemsEvent	imw	S2C	1:List<ObjectGidWithQuantity>:bid_house_items	refs/otomai/libs/Bubble.Shared/Protocol/Game/Imw.cs:10
ExchangeBidHouseBuyRequest	ExchangeBidHouseBuyRequest	imx	C2S	1:int:bid_item_uid;2:int:quantity;3:long:price	refs/otomai/libs/Bubble.Shared/Protocol/Game/Imx.cs:10
ExchangeBidHouseGenericItemRemovedEvent	ExchangeBidHouseGenericItemRemovedEvent	imy	S2C	1:int:efne;2:Dictionary<bool, long>:efnf	refs/otomai/libs/Bubble.Shared/Protocol/Game/Imy.cs:10
ExchangeTypesExchangerDescriptionForUserEvent	ExchangeTypesExchangerDescriptionForUserEvent	imz	S2C	1:int:efnj;2:List<int>:efnk	refs/otomai/libs/Bubble.Shared/Protocol/Game/Imz.cs:10
ExchangeNpcShopStartedEvent	ExchangeNpcShopStartedEvent	ina	S2C	1:List<ItemMinimalInformation>:efno;2:int:efnp;3:long:efnq	refs/otomai/libs/Bubble.Shared/Protocol/Game/Ina.cs:10
ExchangeRequestedTradeEvent	ExchangeRequestedTradeEvent	inb	S2C	1:long:source_id;2:Jcx:exchange_type;3:bool:efnw;4:long:target_id	refs/otomai/libs/Bubble.Shared/Protocol/Game/Inb.cs:10
ExchangeCraftStartedEvent	ExchangeCraftStartedEvent	inc	S2C	1:int:efoc	refs/otomai/libs/Bubble.Shared/Protocol/Game/Inc.cs:10
ExchangeMountsStableAddedEvent	ExchangeMountsStableAddedEvent	ind	S2C	1:List<MountData>:efoh;2:bool:efoi;3:int:efoj;4:List<MountData>:efol	refs/otomai/libs/Bubble.Shared/Protocol/Game/Ind.cs:10
ExchangeTypesItemsExchangerDescriptionForUserEvent	ExchangeTypesItemsExchangerDescriptionForUserEvent	ing	S2C	1:int:object_gid;2:List<BidExchangerObject>:item_descriptions;3:int:object_type	refs/otomai/libs/Bubble.Shared/Protocol/Game/Ing.cs:10
BidExchangerObject	ExchangeTypesItemsExchangerDescriptionForUserEvent+BidExchangerObject	.BidExchangerObject		1:int:uid;2:int:gid;3:List<long>:prices;4:List<ObjectEffect>:effects;5:int:type	refs/otomai/libs/Bubble.Shared/Protocol/Game/Ing.cs:27
ExchangeTaxCollectorEquipmentRequest	ExchangeTaxCollectorEquipmentRequest	inh	C2S	1:string:efpd	refs/otomai/libs/Bubble.Shared/Protocol/Game/Inh.cs:10
ExchangeCraftPaymentModificationRequest	ExchangeCraftPaymentModificationRequest	ini	C2S	1:long:efph;2:long:efpi	refs/otomai/libs/Bubble.Shared/Protocol/Game/Ini.cs:10
ObjectAveragePricesErrorEvent	ObjectAveragePricesErrorEvent	inj	S2C		refs/otomai/libs/Bubble.Shared/Protocol/Game/Inj.cs:10
ExchangeBidHouseItemAddedEvent	ExchangeBidHouseItemAddedEvent	ink	S2C	1:BidItem:efpp;2:long:efpq;3:long:efpr	refs/otomai/libs/Bubble.Shared/Protocol/Game/Ink.cs:10
ExchangeMultiCraftCrafterStartedEvent	ExchangeMultiCraftCrafterStartedEvent	inl	S2C	1:int:efpv	refs/otomai/libs/Bubble.Shared/Protocol/Game/Inl.cs:10
ExchangeBidHouseTypeRequest	ExchangeBidHouseTypeRequest	inm	C2S	1:int:efpz;2:bool:efqa	refs/otomai/libs/Bubble.Shared/Protocol/Game/Inm.cs:10
SellingConditions	SellingConditions	inn		1:int:efqe;2:List<int>:efqf;3:int:efqg;4:List<long>:efqh;5:List<int>:efqi;6:int:efqj;7:int:efqk;8:float:efql;9:float:efqm	refs/otomai/libs/Bubble.Shared/Protocol/Game/Inn.cs:10
ExchangeItemAutoCraftStoppedEvent	ExchangeItemAutoCraftStoppedEvent	inq	S2C	1:Ino:efqq	refs/otomai/libs/Bubble.Shared/Protocol/Game/Inq.cs:10
ExchangePlayerRequest	ExchangePlayerRequest	inr	C2S	1:long:target_id	refs/otomai/libs/Bubble.Shared/Protocol/Game/Inr.cs:10
ExchangeMoneyMovementLimitEvent	ExchangeMoneyMovementLimitEvent	ins	S2C	1:long:efqy	refs/otomai/libs/Bubble.Shared/Protocol/Game/Ins.cs:10
ExchangeStartedWithMultiTabStorageEvent	ExchangeStartedWithMultiTabStorageEvent	int	S2C	1:Jcx:efrc;2:int:efrd;3:int:efre	refs/otomai/libs/Bubble.Shared/Protocol/Game/Int.cs:10
ExchangeKamaModifiedEvent	ExchangeKamaModifiedEvent	inu	S2C	1:bool:efri;2:long:efrj	refs/otomai/libs/Bubble.Shared/Protocol/Game/Inu.cs:10
ExchangeObjectMoveAndSetReadyRequest	ExchangeObjectMoveAndSetReadyRequest	inv	C2S	1:bool:efrn;2:int:efro;3:int:efrp;4:int:efrq	refs/otomai/libs/Bubble.Shared/Protocol/Game/Inv.cs:10
ExchangeObjectTransferListFromInventoryRequest	ExchangeObjectTransferListFromInventoryRequest	inw	C2S	1:List<int>:efru	refs/otomai/libs/Bubble.Shared/Protocol/Game/Inw.cs:10
ExchangeObjectTransferAllToInventoryRequest	ExchangeObjectTransferAllToInventoryRequest	inx	C2S	1:long:efry	refs/otomai/libs/Bubble.Shared/Protocol/Game/Inx.cs:10
ExchangeCraftResultEvent	ExchangeCraftResultEvent	ioe	S2C	1:Inz:efsj;2:int:efsk;3:Ioc:efsm	refs/otomai/libs/Bubble.Shared/Protocol/Game/Ioe.cs:10
Ioc	ExchangeCraftResultEvent+Ioc	.ioc		1:float:efsc;2:Ioa:efsd;3:ObjectItem:efsf	refs/otomai/libs/Bubble.Shared/Protocol/Game/Ioe.cs:50
ExchangeObjectTransferAllFromInventoryRequest	ExchangeObjectTransferAllFromInventoryRequest	iof	C2S		refs/otomai/libs/Bubble.Shared/Protocol/Game/Iof.cs:10
ExchangeMultiCraftSetCrafterCanUseHisResourcesRequest	ExchangeMultiCraftSetCrafterCanUseHisResourcesRequest	iog	C2S	1:bool:efsu	refs/otomai/libs/Bubble.Shared/Protocol/Game/Iog.cs:10
ExchangeBoughtEvent	ExchangeBoughtEvent	ioh	S2C	1:Dictionary<string, bool>:efsy	refs/otomai/libs/Bubble.Shared/Protocol/Game/Ioh.cs:10
ExchangePodsModifiedEvent	ExchangePodsModifiedEvent	ioi	S2C	1:bool:eftc;2:int:eftd;3:int:efte	refs/otomai/libs/Bubble.Shared/Protocol/Game/Ioi.cs:10
ExchangeObjectModifiedInBagEvent	ExchangeObjectModifiedInBagEvent	ioj	S2C	1:ObjectItemInventory:efti;2:bool:eftj	refs/otomai/libs/Bubble.Shared/Protocol/Game/Ioj.cs:10
ExchangeObjectTransferListWithQuantityToInventoryRequest	ExchangeObjectTransferListWithQuantityToInventoryRequest	iok	C2S	1:List<ObjectUidWithQuantity>:eftn;2:int:efto	refs/otomai/libs/Bubble.Shared/Protocol/Game/Iok.cs:10
JobBookSubscribeRequest	JobBookSubscribeRequest	iol	C2S	1:List<int>:eftt	refs/otomai/libs/Bubble.Shared/Protocol/Game/Iol.cs:10
ExchangeObjectsSellRequest	ExchangeObjectsSellRequest	ioo	C2S	1:List<Iom>:efuc	refs/otomai/libs/Bubble.Shared/Protocol/Game/Ioo.cs:10
Iom	ExchangeObjectsSellRequest+Iom	.iom		1:int:eftx;2:int:efty	refs/otomai/libs/Bubble.Shared/Protocol/Game/Ioo.cs:21
ExchangeObjectsRemovedEvent	ExchangeObjectsRemovedEvent	iop	S2C	1:bool:efug;2:List<int>:efuh;3:bool:efui	refs/otomai/libs/Bubble.Shared/Protocol/Game/Iop.cs:10
ExchangeBidPriceEvent	ExchangeBidPriceEvent	ios	S2C	1:Ioq:efur;2:long:efus;3:int:efut	refs/otomai/libs/Bubble.Shared/Protocol/Game/Ios.cs:10
Ioq	ExchangeBidPriceEvent+Ioq	.ioq		1:bool:efum;2:List<long>:efun	refs/otomai/libs/Bubble.Shared/Protocol/Game/Ios.cs:27
ExchangeStoppedEvent	ExchangeStoppedEvent	iot	S2C	1:long:efux	refs/otomai/libs/Bubble.Shared/Protocol/Game/Iot.cs:10
ExchangeReadyRequest	ExchangeReadyRequest	iou	C2S	1:string:efvb;2:int:step;3:bool:ready	refs/otomai/libs/Bubble.Shared/Protocol/Game/Iou.cs:10
ExchangeObjectTransferExistingFromInventoryRequest	ExchangeObjectTransferExistingFromInventoryRequest	iov	C2S		refs/otomai/libs/Bubble.Shared/Protocol/Game/Iov.cs:10
ExchangeMountWithoutPaddockStartedEvent	ExchangeMountWithoutPaddockStartedEvent	iow	S2C	1:List<MountData>:efvk;2:List<MountData>:efvl	refs/otomai/libs/Bubble.Shared/Protocol/Game/Iow.cs:10
ExchangeCraftPaymentModifiedEvent	ExchangeCraftPaymentModifiedEvent	iox	S2C	1:long:efvp	refs/otomai/libs/Bubble.Shared/Protocol/Game/Iox.cs:10
ExchangeMultiCraftOkEvent	ExchangeMultiCraftOkEvent	ioy	S2C	1:long:efvt;2:Jcx:efvu;3:long:efvv	refs/otomai/libs/Bubble.Shared/Protocol/Game/Ioy.cs:10
ExchangeBidHouseItemRemovedEvent	ExchangeBidHouseItemRemovedEvent	ioz	S2C	1:int:efvz;2:int:efwa	refs/otomai/libs/Bubble.Shared/Protocol/Game/Ioz.cs:10
ExchangeFocusedReadyRequest	ExchangeFocusedReadyRequest	ipa	C2S	1:bool:efwe;2:int:efwf;3:int:efwg	refs/otomai/libs/Bubble.Shared/Protocol/Game/Ipa.cs:10
ExchangeMountFreeFromPaddockEvent	ExchangeMountFreeFromPaddockEvent	ipb	S2C	1:string:efwk;2:MapCoordinates:efwl;3:string:efwm	refs/otomai/libs/Bubble.Shared/Protocol/Game/Ipb.cs:10
ExchangeSetCraftRecipeRequest	ExchangeSetCraftRecipeRequest	ipc	C2S	1:int:efwq	refs/otomai/libs/Bubble.Shared/Protocol/Game/Ipc.cs:10
ExchangePlayerMultiCraftRequest	ExchangePlayerMultiCraftRequest	ipd	C2S	1:int:efwu;2:Jcx:efwv;3:long:efww	refs/otomai/libs/Bubble.Shared/Protocol/Game/Ipd.cs:10
ExchangeMultiCraftCrafterCanUseHisResourcesEvent	ExchangeMultiCraftCrafterCanUseHisResourcesEvent	ipe	S2C	1:bool:efxa	refs/otomai/libs/Bubble.Shared/Protocol/Game/Ipe.cs:10
ExchangeBidHousePriceRequest	ExchangeBidHousePriceRequest	ipf	C2S	1:int:efxe	refs/otomai/libs/Bubble.Shared/Protocol/Game/Ipf.cs:10
ExchangeCraftCountModifiedEvent	ExchangeCraftCountModifiedEvent	ipg	S2C	1:int:efxi	refs/otomai/libs/Bubble.Shared/Protocol/Game/Ipg.cs:10
ExchangeMountsPaddockAddedEvent	ExchangeMountsPaddockAddedEvent	iph	S2C	1:List<MountData>:efxm	refs/otomai/libs/Bubble.Shared/Protocol/Game/Iph.cs:10
ExchangeStartedWithPodsEvent	ExchangeStartedWithPodsEvent	ipi	S2C	1:long:efxq;2:int:efxr;3:int:efxs;4:int:efxt;5:int:efxu;6:Jcx:efxv;7:long:efxw	refs/otomai/libs/Bubble.Shared/Protocol/Game/Ipi.cs:10
ExchangeTaxCollectorShopStartedEvent	ExchangeTaxCollectorShopStartedEvent	ipj	S2C	1:long:efya;2:List<ObjectItemInventory>:efyb	refs/otomai/libs/Bubble.Shared/Protocol/Game/Ipj.cs:10
ExchangeStartedEvent	ExchangeStartedEvent	ipk	S2C	1:Jcx:efyf	refs/otomai/libs/Bubble.Shared/Protocol/Game/Ipk.cs:10
ExchangeObjectRemovedEvent	ExchangeObjectRemovedEvent	ipl	S2C	1:bool:efyj;2:int:efyk	refs/otomai/libs/Bubble.Shared/Protocol/Game/Ipl.cs:10
ExchangeObjectUseInWorkshopRequest	ExchangeObjectUseInWorkshopRequest	ipm	C2S	1:int:efyo;2:int:efyp	refs/otomai/libs/Bubble.Shared/Protocol/Game/Ipm.cs:10
ExchangeWeightEvent	ExchangeWeightEvent	ipn	S2C	1:int:efyt;2:int:efyu;3:int:efyv	refs/otomai/libs/Bubble.Shared/Protocol/Game/Ipn.cs:10
ExchangeTaxCollectorEquipmentStartedEvent	ExchangeTaxCollectorEquipmentStartedEvent	ipo	S2C	1:TaxCollectorInformation:efyz;2:TaxCollectorInformation:efza	refs/otomai/libs/Bubble.Shared/Protocol/Game/Ipo.cs:10
ExchangeCrafterJobLevelUpEvent	ExchangeCrafterJobLevelUpEvent	ipp	S2C	1:int:efze	refs/otomai/libs/Bubble.Shared/Protocol/Game/Ipp.cs:10
ExchangeObjectMoveRequest	ExchangeObjectMoveRequest	ipq	C2S	1:int:object_uid;2:int:quantity	refs/otomai/libs/Bubble.Shared/Protocol/Game/Ipq.cs:10
ExchangeNpcTradeStartedEvent	ExchangeNpcTradeStartedEvent	ipr	S2C	1:long:efzn	refs/otomai/libs/Bubble.Shared/Protocol/Game/Ipr.cs:10
ExchangeBidHouseInListUpdatedEvent	ExchangeBidHouseInListUpdatedEvent	ips	S2C	1:List<long>:efzr;2:int:efzs;3:int:efzt;4:List<ObjectEffect>:efzu;5:int:efzv	refs/otomai/libs/Bubble.Shared/Protocol/Game/Ips.cs:10
ExchangeMountsPaddockRemoveEvent	ExchangeMountsPaddockRemoveEvent	ipt	S2C	1:List<int>:efzz	refs/otomai/libs/Bubble.Shared/Protocol/Game/Ipt.cs:10
ExchangeErrorEvent	ExchangeErrorEvent	ipw	S2C	1:ExchangeError:error_type	refs/otomai/libs/Bubble.Shared/Protocol/Game/Ipw.cs:10
ExchangeObjectMoveAndSetReadyResponse	ExchangeObjectMoveAndSetReadyResponse	ipx	S2C	1:bool:egah	refs/otomai/libs/Bubble.Shared/Protocol/Game/Ipx.cs:10
ExchangeObjectTransferListToInventoryRequest	ExchangeObjectTransferListToInventoryRequest	ipy	C2S	1:List<int>:egal	refs/otomai/libs/Bubble.Shared/Protocol/Game/Ipy.cs:10
ExchangeBidHouseListRequest	ExchangeBidHouseListRequest	ipz	C2S	1:int:egap;2:bool:egaq	refs/otomai/libs/Bubble.Shared/Protocol/Game/Ipz.cs:10
ExchangeReplayStopRequest	ExchangeReplayStopRequest	iqa	C2S		refs/otomai/libs/Bubble.Shared/Protocol/Game/Iqa.cs:10
ExchangeSoldEvent	ExchangeSoldEvent	iqb	S2C		refs/otomai/libs/Bubble.Shared/Protocol/Game/Iqb.cs:10
ExchangeTaxCollectorRequest	ExchangeTaxCollectorRequest	iqc	C2S	1:string:egba	refs/otomai/libs/Bubble.Shared/Protocol/Game/Iqc.cs:10
ExchangeStartedWithStorageEvent	ExchangeStartedWithStorageEvent	iqd	S2C	1:Jcx:egbe;2:long:egbf;3:int:egbg	refs/otomai/libs/Bubble.Shared/Protocol/Game/Iqd.cs:10
ExchangeLeaveEvent	ExchangeLeaveEvent	iqe	S2C	1:bool:egbk;2:List<long>:egbl;3:DialogType:egbm	refs/otomai/libs/Bubble.Shared/Protocol/Game/Iqe.cs:10
DecraftResultEvent	DecraftResultEvent	iqj	S2C	1:List<Iqh>:egcc	refs/otomai/libs/Bubble.Shared/Protocol/Game/Iqj.cs:10
Iqh	DecraftResultEvent+Iqh	.iqh		1:List<Iqf>:egbv;2:float:egbw;3:int:egbx;4:float:egby	refs/otomai/libs/Bubble.Shared/Protocol/Game/Iqj.cs:21
Iqf	DecraftResultEvent+Iqh+Iqf	.iqf		1:int:egbq;2:int:egbr	refs/otomai/libs/Bubble.Shared/Protocol/Game/Iqj.cs:41
ExchangeBuyRequest	ExchangeBuyRequest	iqk	C2S	1:int:object_uid;2:int:quantity	refs/otomai/libs/Bubble.Shared/Protocol/Game/Iqk.cs:10
ExchangeBidHouseGenericItemAddedEvent	ExchangeBidHouseGenericItemAddedEvent	iql	S2C	1:int:egcl	refs/otomai/libs/Bubble.Shared/Protocol/Game/Iql.cs:10
ExchangeBidBuyerStartedEvent	ExchangeBidBuyerStartedEvent	iqm	S2C	1:SellingConditions:egcp	refs/otomai/libs/Bubble.Shared/Protocol/Game/Iqm.cs:10
ExchangeRunesTradeStartedEvent	ExchangeRunesTradeStartedEvent	iqn	S2C		refs/otomai/libs/Bubble.Shared/Protocol/Game/Iqn.cs:10
ExchangeMoveKamaRequest	ExchangeMoveKamaRequest	iqo	C2S	1:long:egcw;2:long:egcx	refs/otomai/libs/Bubble.Shared/Protocol/Game/Iqo.cs:10
ExchangeObjectsAddedEvent	ExchangeObjectsAddedEvent	iqp	S2C	1:bool:egdb;2:List<ObjectItemInventory>:egdc;3:float:egdd	refs/otomai/libs/Bubble.Shared/Protocol/Game/Iqp.cs:10
ExchangeBidHouseInListRemovedEvent	ExchangeBidHouseInListRemovedEvent	iqq	S2C	1:int:egdi;2:int:egdj;3:int:egdk	refs/otomai/libs/Bubble.Shared/Protocol/Game/Iqq.cs:10
ExchangeBidHouseBuyResultEvent	ExchangeBidHouseBuyResultEvent	iqr	S2C	1:bool:egdo;2:int:egdp	refs/otomai/libs/Bubble.Shared/Protocol/Game/Iqr.cs:10
ExchangeObjectModifyPricedRequest	ExchangeObjectModifyPricedRequest	iqs	C2S	1:long:egdt;2:int:egdu;3:int:egdv	refs/otomai/libs/Bubble.Shared/Protocol/Game/Iqs.cs:10
ExchangeObjectMoveToTabRequest	ExchangeObjectMoveToTabRequest	iqt	C2S	1:int:egdz;2:int:egea;3:int:egeb	refs/otomai/libs/Bubble.Shared/Protocol/Game/Iqt.cs:10
BidItem	BidItem	iqu		1:List<ObjectEffect>:egef;2:long:egeg;3:int:egeh;4:int:egei	refs/otomai/libs/Bubble.Shared/Protocol/Game/Iqu.cs:10
ExchangeBidHouseInListAddedEvent	ExchangeBidHouseInListAddedEvent	iqv	S2C	1:int:egem;2:int:egen;3:List<long>:egeo;4:List<ObjectEffect>:egep;5:int:egeq	refs/otomai/libs/Bubble.Shared/Protocol/Game/Iqv.cs:10
ExchangeMountStockStartedEvent	ExchangeMountStockStartedEvent	iqw	S2C	1:List<ObjectItemInventory>:egeu	refs/otomai/libs/Bubble.Shared/Protocol/Game/Iqw.cs:10
ExchangeMountRequest	ExchangeMountRequest	iqx	C2S		refs/otomai/libs/Bubble.Shared/Protocol/Game/Iqx.cs:10
ExchangeObjectTransferExistingToInventoryRequest	ExchangeObjectTransferExistingToInventoryRequest	iqy	C2S		refs/otomai/libs/Bubble.Shared/Protocol/Game/Iqy.cs:10
ExchangeReadyEvent	ExchangeReadyEvent	iqz	S2C	1:bool:ready;2:long:character_id	refs/otomai/libs/Bubble.Shared/Protocol/Game/Iqz.cs:10
ObjectAveragePricesEvent	ObjectAveragePricesEvent	irc	S2C	1:List<Ira>:egfo	refs/otomai/libs/Bubble.Shared/Protocol/Game/Irc.cs:10
Ira	ObjectAveragePricesEvent+Ira	.ira		1:int:egfj;2:long:egfk	refs/otomai/libs/Bubble.Shared/Protocol/Game/Irc.cs:21
ExchangeTaxCollectorGetEvent	ExchangeTaxCollectorGetEvent	ird	S2C	1:string:egfs;2:EntityLook:egft;3:List<ObjectGidWithQuantity>:egfu;4:string:egfv;5:int:egfw;6:MapExtendedCoordinates:egfx;7:string:egfy;8:long:egfz	refs/otomai/libs/Bubble.Shared/Protocol/Game/Ird.cs:10
RecycleResultEvent	RecycleResultEvent	ire	S2C	1:int:eggd;2:int:egge	refs/otomai/libs/Bubble.Shared/Protocol/Game/Ire.cs:10
ExchangeCraftCountRequest	ExchangeCraftCountRequest	irf	C2S	1:int:eggi	refs/otomai/libs/Bubble.Shared/Protocol/Game/Irf.cs:10
ExchangeObjectPutInBagEvent	ExchangeObjectPutInBagEvent	irg	S2C	1:bool:eggm;2:ObjectItemInventory:eggn	refs/otomai/libs/Bubble.Shared/Protocol/Game/Irg.cs:10
ExchangeObjectMovePricedRequest	ExchangeObjectMovePricedRequest	irh	C2S	1:long:eggr;2:int:eggs;3:long:eggt;4:int:eggu	refs/otomai/libs/Bubble.Shared/Protocol/Game/Irh.cs:10
ObjectAveragePricesRequest	ObjectAveragePricesRequest	iri	C2S	1:string:eggy	refs/otomai/libs/Bubble.Shared/Protocol/Game/Iri.cs:10
ExchangeMultiCraftCustomerStartedEvent	ExchangeMultiCraftCustomerStartedEvent	irj	S2C	1:int:eghd;2:int:eghe	refs/otomai/libs/Bubble.Shared/Protocol/Game/Irj.cs:10
ExchangeAcceptRequest	ExchangeAcceptRequest	irk	C2S		refs/otomai/libs/Bubble.Shared/Protocol/Game/Irk.cs:10
ExchangeObjectTransferTypeFromInventoryRequest	ExchangeObjectTransferTypeFromInventoryRequest	irl	C2S	1:int:eghl	refs/otomai/libs/Bubble.Shared/Protocol/Game/Irl.cs:10
ExchangeMountsStableRemoveEvent	ExchangeMountsStableRemoveEvent	irm	S2C	1:List<int>:eghp	refs/otomai/libs/Bubble.Shared/Protocol/Game/Irm.cs:10
ExchangeBidHouseUnsoldItemsEvent	ExchangeBidHouseUnsoldItemsEvent	irn	S2C	1:List<ObjectGidWithQuantity>:eght	refs/otomai/libs/Bubble.Shared/Protocol/Game/Irn.cs:10
ExchangeObjectRemovedFromBagEvent	ExchangeObjectRemovedFromBagEvent	iro	S2C	1:bool:eghx;2:int:eghy	refs/otomai/libs/Bubble.Shared/Protocol/Game/Iro.cs:10
ExchangeRecycleTradeStartedEvent	ExchangeRecycleTradeStartedEvent	irp	S2C	1:List<int>:egic;2:List<int>:egid;3:int:egie;4:int:egif	refs/otomai/libs/Bubble.Shared/Protocol/Game/Irp.cs:10
ExchangeSellRequest	ExchangeSellRequest	irq	C2S	1:int:egij;2:int:egik	refs/otomai/libs/Bubble.Shared/Protocol/Game/Irq.cs:10
EmotePlayErrorEvent	EmotePlayErrorEvent	irs	S2C	1:int:egip;2:int:egiq	refs/otomai/libs/Bubble.Shared/Protocol/Game/Irs.cs:10
EmotesEvent	EmotesEvent	irt	S2C	1:List<int>:egiu	refs/otomai/libs/Bubble.Shared/Protocol/Game/Irt.cs:10
EmoteAddedEvent	EmoteAddedEvent	iru	S2C	1:int:egiy	refs/otomai/libs/Bubble.Shared/Protocol/Game/Iru.cs:10
EmoteMassivePlayEvent	EmoteMassivePlayEvent	irv	S2C	1:List<long>:egjc;2:int:egjd;3:long:egje	refs/otomai/libs/Bubble.Shared/Protocol/Game/Irv.cs:10
EmotePlayRequest	EmotePlayRequest	irw	C2S	1:bool:egji;2:int:egjj	refs/otomai/libs/Bubble.Shared/Protocol/Game/Irw.cs:10
EmoteRemovedEvent	EmoteRemovedEvent	irx	S2C	1:int:egjn	refs/otomai/libs/Bubble.Shared/Protocol/Game/Irx.cs:10
EmotePlayEvent	EmotePlayEvent	iry	S2C	1:int:egjr;2:long:egjs;3:long:egjt;4:int:egju	refs/otomai/libs/Bubble.Shared/Protocol/Game/Iry.cs:10
LockableStateUpdateHouseDoorEvent	LockableStateUpdateHouseDoorEvent	isa	S2C	1:bool:egjz;2:bool:egka;3:int:egkb;4:int:egkc;5:int:egkd	refs/otomai/libs/Bubble.Shared/Protocol/Game/Isa.cs:10
LockableCodeResultEvent	LockableCodeResultEvent	isd	S2C	1:Isb:egkh	refs/otomai/libs/Bubble.Shared/Protocol/Game/Isd.cs:10
LockableChangeCodeRequest	LockableChangeCodeRequest	ise	C2S	1:string:egkl;2:string:egkm	refs/otomai/libs/Bubble.Shared/Protocol/Game/Ise.cs:10
PurchasableDialogEvent	PurchasableDialogEvent	ish	S2C	1:long:egkq;2:Isf:egkr;3:long:egks;4:bool:egkt;5:int:egku	refs/otomai/libs/Bubble.Shared/Protocol/Game/Ish.cs:10
LockableShowCodeDialogEvent	LockableShowCodeDialogEvent	isk	S2C	1:int:egky;2:Isi:egkz	refs/otomai/libs/Bubble.Shared/Protocol/Game/Isk.cs:10
LockableUseCodeRequest	LockableUseCodeRequest	isl	C2S	1:string:egld	refs/otomai/libs/Bubble.Shared/Protocol/Game/Isl.cs:10
OpenGuideBookEvent	OpenGuideBookEvent	isn	S2C	1:int:egli	refs/otomai/libs/Bubble.Shared/Protocol/Game/Isn.cs:10
DocumentReadingBeginEvent	DocumentReadingBeginEvent	iso	S2C	1:int:eglm	refs/otomai/libs/Bubble.Shared/Protocol/Game/Iso.cs:10
ChangeAppearanceDialogResult	ChangeAppearanceDialogResult	isq		1:bool:eglr;2:bool:egls	refs/otomai/libs/Bubble.Shared/Protocol/Game/Isq.cs:10
ChangeAppearanceDialogLeave	ChangeAppearanceDialogLeave	isr			refs/otomai/libs/Bubble.Shared/Protocol/Game/Isr.cs:10
DialogLeaveEvent	DialogLeaveEvent	iss	S2C	1:DialogType:dialog_type	refs/otomai/libs/Bubble.Shared/Protocol/Game/Iss.cs:10
ChangeAppearanceDialogStart	ChangeAppearanceDialogStart	isv		1:Ist:egmd	refs/otomai/libs/Bubble.Shared/Protocol/Game/Isv.cs:10
DialogLeaveRequest	DialogLeaveRequest	isw	C2S		refs/otomai/libs/Bubble.Shared/Protocol/Game/Isw.cs:10
DebugHighlightCellsEvent	DebugHighlightCellsEvent	isy	S2C	1:long:egml;2:List<int>:egmm	refs/otomai/libs/Bubble.Shared/Protocol/Game/Isy.cs:10
DebugInClientEvent	DebugInClientEvent	itb	S2C	1:Isz:egmq;2:string:egmr	refs/otomai/libs/Bubble.Shared/Protocol/Game/Itb.cs:10
DebugClearHighlightCellsEvent	DebugClearHighlightCellsEvent	itc	S2C		refs/otomai/libs/Bubble.Shared/Protocol/Game/Itc.cs:10
DumpedEntityStatsEvent	DumpedEntityStatsEvent	itd	S2C	1:List<CharacterCharacteristic>:egmy;2:long:egmz	refs/otomai/libs/Bubble.Shared/Protocol/Game/Itd.cs:10
DebtsUpdateEvent	DebtsUpdateEvent	iti	S2C	1:Itf:egnm;2:List<Itg>:egnn	refs/otomai/libs/Bubble.Shared/Protocol/Game/Iti.cs:10
Itg	DebtsUpdateEvent+Itg	.itg		1:long:egne;2:long:egnf;3:long:egnh;4:string:egni	refs/otomai/libs/Bubble.Shared/Protocol/Game/Iti.cs:24
DebtsDeleteEvent	DebtsDeleteEvent	itl	S2C	1:Itj:egnr;2:List<long>:egns	refs/otomai/libs/Bubble.Shared/Protocol/Game/Itl.cs:10
ShowCellEvent	ShowCellEvent	itn	S2C	1:int:egnx;2:List<string>:egny;3:long:egnz	refs/otomai/libs/Bubble.Shared/Protocol/Game/Itn.cs:10
ContextRemoveElementsEvent	ContextRemoveElementsEvent	ito	S2C	1:List<long>:element_id	refs/otomai/libs/Bubble.Shared/Protocol/Game/Ito.cs:10
RefreshMonsterBoostsEvent	RefreshMonsterBoostsEvent	itp	S2C	1:List<MonsterBoosts>:egoh;2:List<MonsterBoosts>:egoi	refs/otomai/libs/Bubble.Shared/Protocol/Game/Itp.cs:10
MonsterBoosts	MonsterBoosts	itq		1:int:egom;2:int:egon;3:int:egoo	refs/otomai/libs/Bubble.Shared/Protocol/Game/Itq.cs:10
ContextRefreshEntityLookEvent	ContextRefreshEntityLookEvent	itr	S2C	1:long:egos;2:EntityLook:egot	refs/otomai/libs/Bubble.Shared/Protocol/Game/Itr.cs:10
ContextRemoveElementEvent	ContextRemoveElementEvent	its	S2C	1:bool:egox;2:long:element_id	refs/otomai/libs/Bubble.Shared/Protocol/Game/Its.cs:10
ContextCreationRequest	ContextCreationRequest	itt	C2S		refs/otomai/libs/Bubble.Shared/Protocol/Game/Itt.cs:10
EntityDispositionErrorEvent	EntityDispositionErrorEvent	itu	S2C		refs/otomai/libs/Bubble.Shared/Protocol/Game/Itu.cs:10
ShowCellRequest	ShowCellRequest	itv	C2S	1:int:cell_id;2:List<bool>:idk	refs/otomai/libs/Bubble.Shared/Protocol/Game/Itv.cs:10
ContextQuitRequest	ContextQuitRequest	itw	C2S		refs/otomai/libs/Bubble.Shared/Protocol/Game/Itw.cs:10
ContextKickRequest	ContextKickRequest	itx	C2S	1:long:egpr;2:List<int>:egps	refs/otomai/libs/Bubble.Shared/Protocol/Game/Itx.cs:10
ContextDestroyEvent	ContextDestroyEvent	ity	S2C	1:bool:egpw	refs/otomai/libs/Bubble.Shared/Protocol/Game/Ity.cs:10
ContextReadyRequest	ContextReadyRequest	itz	C2S	1:long:map_id	refs/otomai/libs/Bubble.Shared/Protocol/Game/Itz.cs:10
EntitiesDispositionEvent	EntitiesDispositionEvent	iua	S2C	1:List<EntityDisposition>:egqe;2:List<EntityDisposition>:egqf	refs/otomai/libs/Bubble.Shared/Protocol/Game/Iua.cs:10
ContextCreationEvent	ContextCreationEvent	iud	S2C	1:GameContext:context;2:Dictionary<int, string>:egqk	refs/otomai/libs/Bubble.Shared/Protocol/Game/Iud.cs:10
ContactWarnOnAchievementCompleteStateEvent	ContactWarnOnAchievementCompleteStateEvent	iug	S2C	1:bool:egqp	refs/otomai/libs/Bubble.Shared/Protocol/Game/Iug.cs:10
FriendDeletionResultEvent	FriendDeletionResultEvent	iuh	S2C	1:bool:egqt;2:AccountTag:egqu	refs/otomai/libs/Bubble.Shared/Protocol/Game/Iuh.cs:10
UnBlockEvent	UnBlockEvent	iun	S2C	1:Iul:egrg;2:Iuk:egrh	refs/otomai/libs/Bubble.Shared/Protocol/Game/Iun.cs:10
Iul	UnBlockEvent+Iul	.iul		1:string:egrb;2:AccountTag:egrc	refs/otomai/libs/Bubble.Shared/Protocol/Game/Iun.cs:47
Iuk	UnBlockEvent+Iuk	.iuk			refs/otomai/libs/Bubble.Shared/Protocol/Game/Iun.cs:64
IgnoreEvent	IgnoreEvent	ius	S2C	1:Iup:egru;2:Iuq:egrv	refs/otomai/libs/Bubble.Shared/Protocol/Game/Ius.cs:10
Iup	IgnoreEvent+Iup	.iup		1:Iuf:egrm	refs/otomai/libs/Bubble.Shared/Protocol/Game/Ius.cs:47
Iuq	IgnoreEvent+Iuq	.iuq		1:ContactInformation:egrq	refs/otomai/libs/Bubble.Shared/Protocol/Game/Ius.cs:60
ContactLevelUpEvent	ContactLevelUpEvent	iut	S2C	1:int:egsa;2:long:egsb;3:string:egsc	refs/otomai/libs/Bubble.Shared/Protocol/Game/Iut.cs:10
UnIgnoreRequest	UnIgnoreRequest	iuu	C2S	1:long:egsg	refs/otomai/libs/Bubble.Shared/Protocol/Game/Iuu.cs:10
FriendStatusShareStateEvent	FriendStatusShareStateEvent	iuv	S2C	1:bool:egsk	refs/otomai/libs/Bubble.Shared/Protocol/Game/Iuv.cs:10
FriendSetStatusShareRequest	FriendSetStatusShareRequest	iuw	C2S	1:bool:egso	refs/otomai/libs/Bubble.Shared/Protocol/Game/Iuw.cs:10
FriendListRequest	FriendListRequest	iux	C2S	1:bool:egss	refs/otomai/libs/Bubble.Shared/Protocol/Game/Iux.cs:10
ContactWarnOnPermanentDeathSetRequest	ContactWarnOnPermanentDeathSetRequest	iuy	C2S	1:bool:egsw	refs/otomai/libs/Bubble.Shared/Protocol/Game/Iuy.cs:10
ContactLookRequest	ContactLookRequest	ivc	C2S	1:Iva:egta;2:string:egtb;5:int:egtc;3:long:egtd;4:string:egtf	refs/otomai/libs/Bubble.Shared/Protocol/Game/Ivc.cs:10
WarnOnPermanentDeathStateEvent	WarnOnPermanentDeathStateEvent	ivd	S2C	1:bool:egtl;2:bool:egtm	refs/otomai/libs/Bubble.Shared/Protocol/Game/Ivd.cs:10
FriendAddFailureEvent	FriendAddFailureEvent	ive	S2C	1:Iuf:egtq	refs/otomai/libs/Bubble.Shared/Protocol/Game/Ive.cs:10
FriendSetWarnOnLevelGainRequest	FriendSetWarnOnLevelGainRequest	ivf	C2S	1:bool:egtu	refs/otomai/libs/Bubble.Shared/Protocol/Game/Ivf.cs:10
UnBlockRequest	UnBlockRequest	ivg	C2S	1:long:egty	refs/otomai/libs/Bubble.Shared/Protocol/Game/Ivg.cs:10
FriendWarnOnConnectionStateEvent	FriendWarnOnConnectionStateEvent	ivh	S2C	1:bool:eguc	refs/otomai/libs/Bubble.Shared/Protocol/Game/Ivh.cs:10
ContactWarnOnAchievementCompleteSetRequest	ContactWarnOnAchievementCompleteSetRequest	ivi	C2S	1:bool:egug	refs/otomai/libs/Bubble.Shared/Protocol/Game/Ivi.cs:10
BlockEvent	BlockEvent	ivn	S2C	1:Ivl:egut;2:Ivk:eguu	refs/otomai/libs/Bubble.Shared/Protocol/Game/Ivn.cs:10
Ivl	BlockEvent+Ivl	.ivl		1:bool:eguo;2:ContactInformation:egup	refs/otomai/libs/Bubble.Shared/Protocol/Game/Ivn.cs:47
Ivk	BlockEvent+Ivk	.ivk		1:Iuf:eguk	refs/otomai/libs/Bubble.Shared/Protocol/Game/Ivn.cs:63
AcquaintanceListRequest	AcquaintanceListRequest	ivo	C2S		refs/otomai/libs/Bubble.Shared/Protocol/Game/Ivo.cs:10
AcquaintanceListEvent	AcquaintanceListEvent	ivp	S2C	1:List<AcquaintanceInformation>:egvc;2:List<AcquaintanceInformation>:egvd	refs/otomai/libs/Bubble.Shared/Protocol/Game/Ivp.cs:10
FriendListEvent	FriendListEvent	ivq	S2C	1:List<FriendInformation>:egvh	refs/otomai/libs/Bubble.Shared/Protocol/Game/Ivq.cs:10
BlockListRequest	BlockListRequest	ivr	C2S		refs/otomai/libs/Bubble.Shared/Protocol/Game/Ivr.cs:10
AcquaintanceInformation	AcquaintanceInformation	ivu		1:Jcq:egvv;2:long:egvw;3:Ivs:egvx;4:AccountTag:egvy	refs/otomai/libs/Bubble.Shared/Protocol/Game/Ivu.cs:10
Ivs	AcquaintanceInformation+Ivs	.ivs		1:string:egvo;2:long:egvp;3:int:egvq;4:CharacterStatus:egvr	refs/otomai/libs/Bubble.Shared/Protocol/Game/Ivu.cs:30
FriendWarnOnLevelGainStateEvent	FriendWarnOnLevelGainStateEvent	ivv	S2C	1:bool:egwc	refs/otomai/libs/Bubble.Shared/Protocol/Game/Ivv.cs:10
AcquaintanceAddedEvent	AcquaintanceAddedEvent	ivw	S2C	1:AcquaintanceInformation:egwg	refs/otomai/libs/Bubble.Shared/Protocol/Game/Ivw.cs:10
FriendSetWarnOnConnectionRequest	FriendSetWarnOnConnectionRequest	ivx	C2S	1:bool:egwk;2:bool:egwl;3:Dictionary<long, long>:egwm	refs/otomai/libs/Bubble.Shared/Protocol/Game/Ivx.cs:10
FriendAddRequest	FriendAddRequest	ivy	C2S	1:PlayerSearch:egwq;2:List<string>:egwr	refs/otomai/libs/Bubble.Shared/Protocol/Game/Ivy.cs:10
BlockRequest	BlockRequest	ivz	C2S	1:PlayerSearch:egwv;2:PlayerSearch:egww	refs/otomai/libs/Bubble.Shared/Protocol/Game/Ivz.cs:10
ContactLookEvent	ContactLookEvent	iwa	S2C	1:long:egxa;2:int:egxb;3:EntityLook:egxc;4:string:egxd	refs/otomai/libs/Bubble.Shared/Protocol/Game/Iwa.cs:10
FriendInformation	FriendInformation	iwd		1:Iwb:egxx;2:long:egxy;3:long:egxz;4:AccountTag:egya;5:int:egyb;6:Jcq:egyc	refs/otomai/libs/Bubble.Shared/Protocol/Game/Iwd.cs:10
Iwb	FriendInformation+Iwb	.iwb		1:AllianceInformation:egxh;2:Jcr:egxi;3:CharacterStatus:egxj;4:int:egxk;5:int:egxl;6:GuildInformation:egxm;7:int:egxn;8:string:egxo;9:long:egxp;10:bool:egxq;11:int:egxr;12:int:egxs;13:Gender:egxt	refs/otomai/libs/Bubble.Shared/Protocol/Game/Iwd.cs:36
AddContactFailureEvent	AddContactFailureEvent	iwe	S2C	1:Iuf:egyg	refs/otomai/libs/Bubble.Shared/Protocol/Game/Iwe.cs:10
ContactInformation	ContactInformation	iwf		1:long:egyk;2:AccountTag:egyl;3:long:egym	refs/otomai/libs/Bubble.Shared/Protocol/Game/Iwf.cs:10
FriendAddedEvent	FriendAddedEvent	iwg	S2C	1:List<int>:egyq;2:FriendInformation:egyr	refs/otomai/libs/Bubble.Shared/Protocol/Game/Iwg.cs:10
ContactLookErrorEvent	ContactLookErrorEvent	iwh	S2C	1:int:egyv	refs/otomai/libs/Bubble.Shared/Protocol/Game/Iwh.cs:10
FriendDeleteRequest	FriendDeleteRequest	iwi	C2S	1:long:egyz	refs/otomai/libs/Bubble.Shared/Protocol/Game/Iwi.cs:10
UnIgnoreEvent	UnIgnoreEvent	iwn	S2C	1:Iwl:egzk;2:Iwk:egzl	refs/otomai/libs/Bubble.Shared/Protocol/Game/Iwn.cs:10
Iwl	UnIgnoreEvent+Iwl	.iwl		1:AccountTag:egzg	refs/otomai/libs/Bubble.Shared/Protocol/Game/Iwn.cs:47
Iwk	UnIgnoreEvent+Iwk	.iwk			refs/otomai/libs/Bubble.Shared/Protocol/Game/Iwn.cs:60
BlockListEvent	BlockListEvent	iwo	S2C	1:List<ContactInformation>:egzq	refs/otomai/libs/Bubble.Shared/Protocol/Game/Iwo.cs:10
IgnoreRequest	IgnoreRequest	iwp	C2S	1:PlayerSearch:egzu;2:PlayerSearch:egzv	refs/otomai/libs/Bubble.Shared/Protocol/Game/Iwp.cs:10
ReloginRequest	ReloginRequest	iwr	C2S	1:Dictionary<long, bool>:ehaa	refs/otomai/libs/Bubble.Shared/Protocol/Game/Iwr.cs:10
PingRequest	PingRequest	iws	C2S	1:bool:quiet	refs/otomai/libs/Bubble.Shared/Protocol/Game/Iws.cs:10
ReconnectToGameServerEvent	ReconnectToGameServerEvent	iwt	S2C	1:string:ehai;2:bool:ehaj;3:int:ehak	refs/otomai/libs/Bubble.Shared/Protocol/Game/Iwt.cs:10
ReloginTokenEvent	ReloginTokenEvent	iwu	S2C	1:string:ehao;2:bool:ehap	refs/otomai/libs/Bubble.Shared/Protocol/Game/Iwu.cs:10
IdentificationRequest	IdentificationRequest	iwv	C2S	1:string:ticket_key;2:string:language_code	refs/otomai/libs/Bubble.Shared/Protocol/Game/Iwv.cs:10
PongEvent	PongEvent	iww	S2C	1:List<string>:ehay;2:bool:ehaz	refs/otomai/libs/Bubble.Shared/Protocol/Game/Iww.cs:10
AuthenticationTicketRefusedEvent	AuthenticationTicketRefusedEvent	iwx	S2C		refs/otomai/libs/Bubble.Shared/Protocol/Game/Iwx.cs:10
QueueStatusEvent	QueueStatusEvent	iwy	S2C	1:long:ehbg;2:int:ehbh;3:int:ehbi	refs/otomai/libs/Bubble.Shared/Protocol/Game/Iwy.cs:10
OptionalFeaturesEvent	OptionalFeaturesEvent	iwz	S2C	1:List<int>:ehbm	refs/otomai/libs/Bubble.Shared/Protocol/Game/Iwz.cs:10
AuthenticationTicketAcceptedEvent	AuthenticationTicketAcceptedEvent	ixa	S2C		refs/otomai/libs/Bubble.Shared/Protocol/Game/Ixa.cs:10
AlreadyConnectedEvent	AlreadyConnectedEvent	ixb	S2C	1:List<bool>:ehbt	refs/otomai/libs/Bubble.Shared/Protocol/Game/Ixb.cs:10
ClientChallengeProofRequest	ClientChallengeProofRequest	ixd	C2S	1:string:proof	refs/otomai/libs/Bubble.Shared/Protocol/Game/Ixd.cs:10
ServerChallengeEvent	ServerChallengeEvent	ixe	S2C	1:string:value	refs/otomai/libs/Bubble.Shared/Protocol/Game/Ixe.cs:10
YoshiRequest	YoshiRequest	ixf	C2S		refs/otomai/libs/Bubble.Shared/Protocol/Game/Ixf.cs:10
ServerSessionReadyEvent	ServerSessionReadyEvent	ixg	S2C		refs/otomai/libs/Bubble.Shared/Protocol/Game/Ixg.cs:10
ClientIdRequest	ClientIdRequest	ixh	C2S	1:string:id	refs/otomai/libs/Bubble.Shared/Protocol/Game/Ixh.cs:10
ServerVerificationEvent	ServerVerificationEvent	ixi	S2C		refs/otomai/libs/Bubble.Shared/Protocol/Game/Ixi.cs:10
ClientChallengeInitRequest	ClientChallengeInitRequest	ixj	C2S	1:string:ehcu	refs/otomai/libs/Bubble.Shared/Protocol/Game/Ixj.cs:10
CurrentGlobalChoiceSelectionEvent	CurrentGlobalChoiceSelectionEvent	ixl	S2C	1:int:ehcz;2:List<VotedChoice>:ehda	refs/otomai/libs/Bubble.Shared/Protocol/Game/Ixl.cs:10
ChoiceSelectedRequest	ChoiceSelectedRequest	ixm	C2S	1:int:ehde	refs/otomai/libs/Bubble.Shared/Protocol/Game/Ixm.cs:10
GlobalChoiceSelectionEvent	GlobalChoiceSelectionEvent	ixn	S2C	1:int:ehdi;2:List<Choice>:ehdj	refs/otomai/libs/Bubble.Shared/Protocol/Game/Ixn.cs:10
ChoiceSelectionEvent	ChoiceSelectionEvent	ixo	S2C	1:List<Choice>:ehdn;2:int:ehdo	refs/otomai/libs/Bubble.Shared/Protocol/Game/Ixo.cs:10
Choice	Choice	ixp		1:int:ehds;2:int:ehdt	refs/otomai/libs/Bubble.Shared/Protocol/Game/Ixp.cs:10
GlobalChoiceSelectedRequest	GlobalChoiceSelectedRequest	ixq	C2S	1:int:ehdx	refs/otomai/libs/Bubble.Shared/Protocol/Game/Ixq.cs:10
FightChoiceSelectionEvent	FightChoiceSelectionEvent	ixr	S2C	1:int:eheb;2:List<Choice>:ehec;3:long:ehed;4:string:ehee	refs/otomai/libs/Bubble.Shared/Protocol/Game/Ixr.cs:10
GlobalChoiceSelectedEvent	GlobalChoiceSelectedEvent	ixs	S2C	1:int:ehej	refs/otomai/libs/Bubble.Shared/Protocol/Game/Ixs.cs:10
GlobalChoiceVoteEvent	GlobalChoiceVoteEvent	ixt	S2C	1:long:ehen;2:int:eheo	refs/otomai/libs/Bubble.Shared/Protocol/Game/Ixt.cs:10
VotedChoice	VotedChoice	ixu		1:List<long>:ehes;2:int:ehet;3:int:eheu	refs/otomai/libs/Bubble.Shared/Protocol/Game/Ixu.cs:10
ChatChannelsEnabledEvent	ChatChannelsEnabledEvent	ixx	S2C	1:List<Channel>:ehez;2:List<Channel>:ehfa;3:Dictionary<string, string>:ehfb	refs/otomai/libs/Bubble.Shared/Protocol/Game/Ixx.cs:10
ChatChannelMessageEvent	ChatChannelMessageEvent	ixy	S2C	1:string:content;2:int:origin_server_id;3:bool:from_admin;4:long:sender_character_id;5:string:date;6:Channel:channel;7:string:sender_prefix;8:string:sender_name;9:long:sender_account_id;10:List<ObjectItemInventory>:object	refs/otomai/libs/Bubble.Shared/Protocol/Game/Ixy.cs:10
ChatPrivateMessageRequest	ChatPrivateMessageRequest	iya	C2S	1:List<ObjectItemInventory>:ehft;2:string:ehfu;4:List<ObjectItemInventory>:ehfv;3:string:ehfw;5:AccountTag:ehfy	refs/otomai/libs/Bubble.Shared/Protocol/Game/Iya.cs:10
ChatChannelMessageRequest	ChatChannelMessageRequest	iyb	C2S	1:Channel:ehgd;2:string:ehge;3:List<ObjectItemInventory>:ehgf	refs/otomai/libs/Bubble.Shared/Protocol/Game/Iyb.cs:10
ChannelUpdateEvent	ChannelUpdateEvent	iyc	S2C	1:Channel:ehgj;2:bool:ehgk	refs/otomai/libs/Bubble.Shared/Protocol/Game/Iyc.cs:10
ChatErrorEvent	ChatErrorEvent	iyf	S2C	1:Iyd:ehgo;2:Dictionary<int, string>:ehgp	refs/otomai/libs/Bubble.Shared/Protocol/Game/Iyf.cs:10
SubscribeMultipleChannelRequest	SubscribeMultipleChannelRequest	iyg	C2S	1:List<Channel>:channel_enabled;2:List<Channel>:channel_disabled	refs/otomai/libs/Bubble.Shared/Protocol/Game/Iyg.cs:10
ChatPrivateCopyMessageEvent	ChatPrivateCopyMessageEvent	iyh	S2C	1:List<ObjectItemInventory>:ehgy;2:int:ehgz;3:string:ehha;4:string:ehhb;5:string:ehhc;6:long:ehhd	refs/otomai/libs/Bubble.Shared/Protocol/Game/Iyh.cs:10
CharacterCharacteristicsEvent	CharacterCharacteristicsEvent	iyj	S2C	1:CharacterCharacteristics:ehhi	refs/otomai/libs/Bubble.Shared/Protocol/Game/Iyj.cs:10
CharacterExperienceGainEvent	CharacterExperienceGainEvent	iyk	S2C	1:long:ehhm;2:long:ehhn;3:long:ehho	refs/otomai/libs/Bubble.Shared/Protocol/Game/Iyk.cs:10
CharacterRestrictionsEvent	CharacterRestrictionsEvent	iyl	S2C	1:List<Restriction>:ehhs;2:long:ehht;3:string:ehhu	refs/otomai/libs/Bubble.Shared/Protocol/Game/Iyl.cs:10
CharacterOnConnectionEvent	CharacterOnConnectionEvent	iyo	S2C	1:Iym:ehhz	refs/otomai/libs/Bubble.Shared/Protocol/Game/Iyo.cs:10
UpdateLifePointsEvent	UpdateLifePointsEvent	iyp	S2C	1:int:ehid;2:int:ehif;3:int:ehig	refs/otomai/libs/Bubble.Shared/Protocol/Game/Iyp.cs:10
LifePointsRegenBeginEvent	LifePointsRegenBeginEvent	iyq	S2C	1:int:ehik;2:int:ehil	refs/otomai/libs/Bubble.Shared/Protocol/Game/Iyq.cs:10
GameOverEvent	GameOverEvent	iyr	S2C		refs/otomai/libs/Bubble.Shared/Protocol/Game/Iyr.cs:10
CharacterLevelUpEvent	CharacterLevelUpEvent	iys	S2C	1:int:new_level	refs/otomai/libs/Bubble.Shared/Protocol/Game/Iys.cs:10
CharacterCharacteristicUpgradeResultEvent	CharacterCharacteristicUpgradeResultEvent	iyv	S2C	1:CharacteristicUpgradeResult:result;2:int:points	refs/otomai/libs/Bubble.Shared/Protocol/Game/Iyv.cs:10
CharacterCharacteristicUpgradeRequest	CharacterCharacteristicUpgradeRequest	iyw	C2S	1:int:strength;2:int:vitality;3:int:wisdom;4:int:chance;5:int:agility;6:int:intelligence	refs/otomai/libs/Bubble.Shared/Protocol/Game/Iyw.cs:10
PlayerStatusUpdatedEvent	PlayerStatusUpdatedEvent	iyx	S2C	1:long:ehjk;2:CharacterStatus:ehjl;3:int:ehjm	refs/otomai/libs/Bubble.Shared/Protocol/Game/Iyx.cs:10
ResetCharacterCharacteristicsRequest	ResetCharacterCharacteristicsRequest	iyy	C2S	1:bool:ehjq	refs/otomai/libs/Bubble.Shared/Protocol/Game/Iyy.cs:10
FreeSoulRequest	FreeSoulRequest	iyz	C2S		refs/otomai/libs/Bubble.Shared/Protocol/Game/Iyz.cs:10
CharacterLifeStatusEvent	CharacterLifeStatusEvent	izc	S2C	1:long:ehjy;2:Iza:ehjz	refs/otomai/libs/Bubble.Shared/Protocol/Game/Izc.cs:10
PlayerStatusUpdateRequest	PlayerStatusUpdateRequest	izd	C2S	1:CharacterStatus:status	refs/otomai/libs/Bubble.Shared/Protocol/Game/Izd.cs:10
PlayerStatusUpdateErrorEvent	PlayerStatusUpdateErrorEvent	ize	S2C		refs/otomai/libs/Bubble.Shared/Protocol/Game/Ize.cs:10
CharacterCreationResultEvent	CharacterCreationResultEvent	izj	S2C	1:Izh:ehkl;2:Izg:ehkm	refs/otomai/libs/Bubble.Shared/Protocol/Game/Izj.cs:10
CharacterSelectionRequest	CharacterSelectionRequest	izk	C2S	1:long:character_id	refs/otomai/libs/Bubble.Shared/Protocol/Game/Izk.cs:10
CharacterCapabilitiesEvent	CharacterCapabilitiesEvent	izl	S2C	1:int:ehku	refs/otomai/libs/Bubble.Shared/Protocol/Game/Izl.cs:10
CharacterForceSelectionReadyRequest	CharacterForceSelectionReadyRequest	izm	C2S		refs/otomai/libs/Bubble.Shared/Protocol/Game/Izm.cs:10
CharacterDeletionRequest	CharacterDeletionRequest	izn	C2S	1:long:ehlb;2:string:ehlc	refs/otomai/libs/Bubble.Shared/Protocol/Game/Izn.cs:10
CharacterReplayWithRemodelRequest	CharacterReplayWithRemodelRequest	izo	C2S	1:long:ehlg;2:Character:ehlh	refs/otomai/libs/Bubble.Shared/Protocol/Game/Izo.cs:10
CharacterNameSuggestionRequest	CharacterNameSuggestionRequest	izp	C2S	1:List<long>:ehll	refs/otomai/libs/Bubble.Shared/Protocol/Game/Izp.cs:10
CharacterCreationRequest	CharacterCreationRequest	izq	C2S	1:CharacterRemodelingInformation:ehlp	refs/otomai/libs/Bubble.Shared/Protocol/Game/Izq.cs:10
CharacterLoadingCompleteEvent	CharacterLoadingCompleteEvent	izr	S2C		refs/otomai/libs/Bubble.Shared/Protocol/Game/Izr.cs:10
CharacterListWithRemodelingEvent	CharacterListWithRemodelingEvent	izs	S2C	1:List<Character>:ehlw;2:List<Character>:ehlx	refs/otomai/libs/Bubble.Shared/Protocol/Game/Izs.cs:10
CharacterFirstSelectionRequest	CharacterFirstSelectionRequest	izt	C2S	1:long:ehmb;2:bool:ehmc	refs/otomai/libs/Bubble.Shared/Protocol/Game/Izt.cs:10
CharacterNameGenerationFailedEvent	CharacterNameGenerationFailedEvent	izw	S2C	1:Izu:ehmg	refs/otomai/libs/Bubble.Shared/Protocol/Game/Izw.cs:10
CharacterReplayRequest	CharacterReplayRequest	izx	C2S	1:long:ehmk	refs/otomai/libs/Bubble.Shared/Protocol/Game/Izx.cs:10
CanCreateCharacterRequest	CanCreateCharacterRequest	izy	C2S	1:List<int>:ehmo	refs/otomai/libs/Bubble.Shared/Protocol/Game/Izy.cs:10
CharacterListRequest	CharacterListRequest	izz	C2S		refs/otomai/libs/Bubble.Shared/Protocol/Game/Izz.cs:10
CharacterSelectionEvent	CharacterSelectionEvent	jae	S2C	1:Success:success;2:Error:error	refs/otomai/libs/Bubble.Shared/Protocol/Game/Jae.cs:10
Success	CharacterSelectionEvent+Success	.Success		1:Dictionary<bool, bool>:ehmy;2:Character:character	refs/otomai/libs/Bubble.Shared/Protocol/Game/Jae.cs:47
Error	CharacterSelectionEvent+Error	.Error			refs/otomai/libs/Bubble.Shared/Protocol/Game/Jae.cs:64
CharacterForceSelectionEvent	CharacterForceSelectionEvent	jaf	S2C	1:long:character_id;2:long:character_id2	refs/otomai/libs/Bubble.Shared/Protocol/Game/Jaf.cs:10
CanCharacterBeCreatedResultEvent	CanCharacterBeCreatedResultEvent	jag	S2C	1:bool:ehno	refs/otomai/libs/Bubble.Shared/Protocol/Game/Jag.cs:10
PrepareCharacterDeletionRequest	PrepareCharacterDeletionRequest	jah	C2S	1:bool:ehns;2:long:ehnt	refs/otomai/libs/Bubble.Shared/Protocol/Game/Jah.cs:10
CharacterDeletionPrepareEvent	CharacterDeletionPrepareEvent	jai	S2C	1:bool:ehnx;2:string:ehny;3:long:ehnz;4:string:ehoa	refs/otomai/libs/Bubble.Shared/Protocol/Game/Jai.cs:10
CharacterSelectionWithRemodelRequest	CharacterSelectionWithRemodelRequest	jaj	C2S	1:Character:ehoe;2:long:ehof	refs/otomai/libs/Bubble.Shared/Protocol/Game/Jaj.cs:10
CharacterNameSuggestionEvent	CharacterNameSuggestionEvent	jak	S2C	1:string:ehoj;2:string:ehok	refs/otomai/libs/Bubble.Shared/Protocol/Game/Jak.cs:10
CharacterDeletionErrorEvent	CharacterDeletionErrorEvent	jan	S2C	1:Jal:ehoo	refs/otomai/libs/Bubble.Shared/Protocol/Game/Jan.cs:10
CharacterListEvent	CharacterListEvent	jao	S2C	1:List<Character>:characters	refs/otomai/libs/Bubble.Shared/Protocol/Game/Jao.cs:10
CharacterListErrorEvent	CharacterListErrorEvent	jap	S2C		refs/otomai/libs/Bubble.Shared/Protocol/Game/Jap.cs:10
ChallengeTargetsRequest	ChallengeTargetsRequest	jar	C2S	1:int:ehpa	refs/otomai/libs/Bubble.Shared/Protocol/Game/Jar.cs:10
ChallengeTargetsEvent	ChallengeTargetsEvent	jas	S2C	1:Challenge:ehpe;2:bool:ehpf;3:Challenge:ehph	refs/otomai/libs/Bubble.Shared/Protocol/Game/Jas.cs:10
ChallengeSelectionRequest	ChallengeSelectionRequest	jat	C2S	1:int:ehpl	refs/otomai/libs/Bubble.Shared/Protocol/Game/Jat.cs:10
ChallengeResultEvent	ChallengeResultEvent	jau	S2C	1:bool:ehpp;2:int:ehpq	refs/otomai/libs/Bubble.Shared/Protocol/Game/Jau.cs:10
ChallengeValidateRequest	ChallengeValidateRequest	jav	C2S	1:int:ehpu	refs/otomai/libs/Bubble.Shared/Protocol/Game/Jav.cs:10
ChallengeModSelectedEvent	ChallengeModSelectedEvent	jaw	S2C	1:Jco:ehpy	refs/otomai/libs/Bubble.Shared/Protocol/Game/Jaw.cs:10
ChallengeAddEvent	ChallengeAddEvent	jax	S2C	1:Challenge:ehqc	refs/otomai/libs/Bubble.Shared/Protocol/Game/Jax.cs:10
ChallengeBonusChoiceRequest	ChallengeBonusChoiceRequest	jay	C2S	1:Jcp:ehqg	refs/otomai/libs/Bubble.Shared/Protocol/Game/Jay.cs:10
ChallengeBonusChoiceSelectedEvent	ChallengeBonusChoiceSelectedEvent	jaz	S2C	1:Jcp:ehqk	refs/otomai/libs/Bubble.Shared/Protocol/Game/Jaz.cs:10
ChallengeReadyRequest	ChallengeReadyRequest	jba	C2S	1:Jco:ehqo	refs/otomai/libs/Bubble.Shared/Protocol/Game/Jba.cs:10
ChallengeSelectedEvent	ChallengeSelectedEvent	jbb	S2C	1:Challenge:ehqs	refs/otomai/libs/Bubble.Shared/Protocol/Game/Jbb.cs:10
ChallengeListEvent	ChallengeListEvent	jbc	S2C	1:List<Challenge>:ehqw	refs/otomai/libs/Bubble.Shared/Protocol/Game/Jbc.cs:10
ChallengeNumberEvent	ChallengeNumberEvent	jbd	S2C	1:int:ehra;2:int:ehrb	refs/otomai/libs/Bubble.Shared/Protocol/Game/Jbd.cs:10
ChallengeModSelectRequest	ChallengeModSelectRequest	jbe	C2S	1:Jco:ehrf	refs/otomai/libs/Bubble.Shared/Protocol/Game/Jbe.cs:10
ChallengeProposalEvent	ChallengeProposalEvent	jbf	S2C	1:long:ehrj;2:List<Challenge>:ehrk	refs/otomai/libs/Bubble.Shared/Protocol/Game/Jbf.cs:10
BreachRoomUnlockResultEvent	BreachRoomUnlockResultEvent	jbj	S2C	1:int:ehrp;2:Jbh:ehrq	refs/otomai/libs/Bubble.Shared/Protocol/Game/Jbj.cs:10
BreachRewardBoughtEvent	BreachRewardBoughtEvent	jbk	S2C	1:bool:ehru;2:int:ehrv	refs/otomai/libs/Bubble.Shared/Protocol/Game/Jbk.cs:10
BreachRoomLockedEvent	BreachRoomLockedEvent	jbl	S2C		refs/otomai/libs/Bubble.Shared/Protocol/Game/Jbl.cs:10
BreachBonusEvent	BreachBonusEvent	jbm	S2C	1:ObjectEffect:ehsc	refs/otomai/libs/Bubble.Shared/Protocol/Game/Jbm.cs:10
BreachRoomUnlockRequest	BreachRoomUnlockRequest	jbn	C2S	1:int:ehsg	refs/otomai/libs/Bubble.Shared/Protocol/Game/Jbn.cs:10
BreachRewardBuyRequest	BreachRewardBuyRequest	jbo	C2S	1:int:ehsk	refs/otomai/libs/Bubble.Shared/Protocol/Game/Jbo.cs:10
BreachSavedEvent	BreachSavedEvent	jbp	S2C	1:Dictionary<bool, long>:ehso;2:bool:ehsp	refs/otomai/libs/Bubble.Shared/Protocol/Game/Jbp.cs:10
BreachKickRequest	BreachKickRequest	jbq	C2S	1:long:ehst	refs/otomai/libs/Bubble.Shared/Protocol/Game/Jbq.cs:10
BreachTeleportResultEvent	BreachTeleportResultEvent	jbr	S2C	1:bool:ehsx	refs/otomai/libs/Bubble.Shared/Protocol/Game/Jbr.cs:10
BreachInvitationOfferEvent	BreachInvitationOfferEvent	jbs	S2C	1:int:ehtb;2:Character:ehtc	refs/otomai/libs/Bubble.Shared/Protocol/Game/Jbs.cs:10
BreachBudgetEvent	BreachBudgetEvent	jbt	S2C	1:int:ehtg	refs/otomai/libs/Bubble.Shared/Protocol/Game/Jbt.cs:10
BreachBranchesEvent	BreachBranchesEvent	jbu	S2C	1:List<BreachBranch>:ehtk	refs/otomai/libs/Bubble.Shared/Protocol/Game/Jbu.cs:10
BreachCharactersEvent	BreachCharactersEvent	jbv	S2C	1:List<long>:ehto;2:Dictionary<int, int>:ehtp	refs/otomai/libs/Bubble.Shared/Protocol/Game/Jbv.cs:10
BreachStateEvent	BreachStateEvent	jbw	S2C	1:bool:ehtt;2:Character:ehtu;3:int:ehtv;4:List<ObjectEffect>:ehtw	refs/otomai/libs/Bubble.Shared/Protocol/Game/Jbw.cs:10
BreachEnterEvent	BreachEnterEvent	jbx	S2C	1:long:ehua	refs/otomai/libs/Bubble.Shared/Protocol/Game/Jbx.cs:10
BreachInvitationRequest	BreachInvitationRequest	jby	C2S	1:List<long>:ehue;2:List<long>:ehuf	refs/otomai/libs/Bubble.Shared/Protocol/Game/Jby.cs:10
BreachTeleportRequest	BreachTeleportRequest	jbz	C2S		refs/otomai/libs/Bubble.Shared/Protocol/Game/Jbz.cs:10
BreachExitRequest	BreachExitRequest	jca	C2S	1:int:ehum	refs/otomai/libs/Bubble.Shared/Protocol/Game/Jca.cs:10
BreachRewardsEvent	BreachRewardsEvent	jcb	S2C	1:List<BreachReward>:ehur	refs/otomai/libs/Bubble.Shared/Protocol/Game/Jcb.cs:10
BreachInvitationAnswerRequest	BreachInvitationAnswerRequest	jcc	C2S	1:bool:ehuv	refs/otomai/libs/Bubble.Shared/Protocol/Game/Jcc.cs:10
BreachExitResultEvent	BreachExitResultEvent	jcd	S2C	1:bool:ehuz	refs/otomai/libs/Bubble.Shared/Protocol/Game/Jcd.cs:10
BreachInvitationCloseEvent	BreachInvitationCloseEvent	jce	S2C	1:Character:ehvd	refs/otomai/libs/Bubble.Shared/Protocol/Game/Jce.cs:10
BidActivityResponse	BidActivityResponse	jcg	S2C	1:List<BidActivity>:ehvi	refs/otomai/libs/Bubble.Shared/Protocol/Game/Jcg.cs:10
BidActivity	BidActivity	jcj		1:Dictionary<long, long>:ehvm;2:ItemMinimalInformation:ehvn;3:long:ehvo;4:int:ehvp;5:string:ehvq;6:Jch:ehvr	refs/otomai/libs/Bubble.Shared/Protocol/Game/Jcj.cs:10
BidActivitiesRequest	BidActivitiesRequest	jck	C2S		refs/otomai/libs/Bubble.Shared/Protocol/Game/Jck.cs:10
FightCharacteristics	FightCharacteristics	jdu		1:List<CharacterCharacteristic>:characteristics;2:Jdc:invisibility_state;3:bool:summoned;4:long:summoner	refs/otomai/libs/Bubble.Shared/Protocol/Game/Jdu.cs:10
HouseInstance	HouseInstance	jdv		1:List<int>:ehwg;2:bool:ehwh;3:long:ehwi;4:int:ehwk;5:bool:ehwl;6:bool:ehwm;7:AccountTag:ehwn;8:int:ehwo;9:int:ehwp;10:bool:ehwq;11:GuildInformation:ehwr;12:bool:ehws	refs/otomai/libs/Bubble.Shared/Protocol/Game/Jdv.cs:10
PartyEntity	PartyEntity	jdy		1:EntityLook:ehxb;2:Jdw:ehxc;3:int:ehxd;4:int:ehxe	refs/otomai/libs/Bubble.Shared/Protocol/Game/Jdy.cs:10
Jdw	PartyEntity+Jdw	.jdw		1:PartyUpdateCommonsInformation:ehww;2:int:ehwx	refs/otomai/libs/Bubble.Shared/Protocol/Game/Jdy.cs:30
ObjectEffect	ObjectEffect	jeg		2:int:action;9:int:ehza;1:Jeb:ehzc;3:Jed:ehzd;4:long:ehze;5:Jea:ehzg;6:Jec:ehzh;7:int:ehzi;8:string:ehzk;10:Jee:ehzm;11:int:ehzn	refs/otomai/libs/Bubble.Shared/Protocol/Game/Jeg.cs:10
Jeb	ObjectEffect+Jeb	.jeb		1:List<int>:ehxq;2:int:ehxr;3:int:ehxs	refs/otomai/libs/Bubble.Shared/Protocol/Game/Jeg.cs:131
Jed	ObjectEffect+Jed	.jed		1:int:ehyd;2:int:ehye	refs/otomai/libs/Bubble.Shared/Protocol/Game/Jeg.cs:150
Jea	ObjectEffect+Jea	.jea		1:int:year;2:int:month;3:int:day;4:int:hour;5:int:minute	refs/otomai/libs/Bubble.Shared/Protocol/Game/Jeg.cs:166
Jec	ObjectEffect+Jec	.jec		1:int:side;2:long:num;3:int:const;4:int:ehxz	refs/otomai/libs/Bubble.Shared/Protocol/Game/Jeg.cs:191
Jee	ObjectEffect+Jee	.jee		1:int:ehyi;2:List<int>:ehyj;3:bool:ehyk;4:bool:ehyl;5:int:ehym;6:Gender:ehyn;7:int:ehyo;8:int:ehyp;9:string:ehyq;10:string:ehyr;11:List<ObjectEffect>:ehys;12:string:ehyt;13:bool:ehyu;14:long:ehyv	refs/otomai/libs/Bubble.Shared/Protocol/Game/Jeg.cs:213
NamedPartyTeam	NamedPartyTeam	jeh		1:string:ehzt;2:Jdd:ehzu	refs/otomai/libs/Bubble.Shared/Protocol/Game/Jeh.cs:10
MonstersInGroupAlternativeInformation	MonstersInGroupAlternativeInformation	jei		1:long:ehzy;2:int:ehzz;3:List<MonsterInGroupInformation>:eiaa	refs/otomai/libs/Bubble.Shared/Protocol/Game/Jei.cs:10
MapCoordinates	MapCoordinates	jej		1:int:eiae;2:int:eiaf	refs/otomai/libs/Bubble.Shared/Protocol/Game/Jej.cs:10
SocialApplicationInformation	SocialApplicationInformation	jek		1:string:eiaj;2:CharacterInformation:eiak;3:long:eial	refs/otomai/libs/Bubble.Shared/Protocol/Game/Jek.cs:10
AllianceRecruitmentInformation	AllianceRecruitmentInformation	jel		1:string:eiap;2:Jdj:eiaq;3:bool:eiar;4:string:eias;5:List<int>:eiat;6:string:eiau;7:int:eiav;8:List<int>:eiaw;9:string:eiax;10:long:eiay;11:bool:eiaz;12:bool:eiba	refs/otomai/libs/Bubble.Shared/Protocol/Game/Jel.cs:10
TaxCollectorPreset	TaxCollectorPreset	jem		1:List<TaxCollectorOrderedSpell>:eibe;2:List<CharacterCharacteristic>:eibf;3:string:eibg	refs/otomai/libs/Bubble.Shared/Protocol/Game/Jem.cs:10
FightSpellCoolDown	FightSpellCoolDown	jen		1:int:eibk;2:int:eibl	refs/otomai/libs/Bubble.Shared/Protocol/Game/Jen.cs:10
ShortcutSmiley	ShortcutSmiley	jeo		1:int:eibp;2:int:eibq	refs/otomai/libs/Bubble.Shared/Protocol/Game/Jeo.cs:10
CharacterCharacteristicDetailed	CharacterCharacteristicDetailed	jep		1:int:base;2:int:additional;3:int:objects_and_mount_bonus;4:int:alignment_gift_bonus;5:int:context_modification;6:int:temporary	refs/otomai/libs/Bubble.Shared/Protocol/Game/Jep.cs:10
CharacterCharacteristic	CharacterCharacteristic	jer		3:int:characteristic_id;1:CharacterCharacteristicValue:value;2:CharacterCharacteristicDetailed:detailed;4:CharacterCharacteristicDetailedUsable:usable	refs/otomai/libs/Bubble.Shared/Protocol/Game/Jer.cs:10
BreachReward	BreachReward	jeu		1:int:eicl;2:List<Jes>:eicm;3:string:eicn;4:int:eico;5:int:eicp	refs/otomai/libs/Bubble.Shared/Protocol/Game/Jeu.cs:10
FightOptionsInformation	FightOptionsInformation	jev		1:bool:eict;2:bool:eicu;3:bool:eicv;4:bool:eicw	refs/otomai/libs/Bubble.Shared/Protocol/Game/Jev.cs:10
PartyUpdateCommonsInformation	PartyUpdateCommonsInformation	jew		1:int:eida;2:int:eidb;3:int:eidc;4:int:eidd	refs/otomai/libs/Bubble.Shared/Protocol/Game/Jew.cs:10
StatedElement	StatedElement	jex		1:bool:eidh;2:int:eidi;3:int:eidj;4:int:eidk	refs/otomai/libs/Bubble.Shared/Protocol/Game/Jex.cs:10
SocialFight	SocialFight	jey		1:FightPhaseInfo:eido;2:List<Character>:eidp;3:SocialFightInformation:eidq;4:List<Character>:eidr	refs/otomai/libs/Bubble.Shared/Protocol/Game/Jey.cs:10
ObjectItem	ObjectItem	jez		1:int:quantity;2:long:gid;3:int:uid;4:List<ObjectEffect>:effects	refs/otomai/libs/Bubble.Shared/Protocol/Game/Jez.cs:10
ObjectItemInventory	ObjectItemInventory	jfa		1:int:position;2:List<string>:tag_storage_uuids;3:ObjectItem:item;4:bool:favorite	refs/otomai/libs/Bubble.Shared/Protocol/Game/Jfa.cs:10
FightTeamMemberCharacter	FightTeamMemberCharacter	jfd		1:Jfb:eieo;2:int:eiep;3:string:eieq	refs/otomai/libs/Bubble.Shared/Protocol/Game/Jfd.cs:10
Jfb	FightTeamMemberCharacter+Jfb	.jfb		1:string:eiej;2:string:eiek	refs/otomai/libs/Bubble.Shared/Protocol/Game/Jfd.cs:28
TaxCollectorLootInformation	TaxCollectorLootInformation	jfe		1:int:eieu;2:long:eiev	refs/otomai/libs/Bubble.Shared/Protocol/Game/Jfe.cs:10
House	House	jfl		2:int:eifw;3:int:eifx;1:Jfh:eify;4:Jfi:eifz;5:Jfj:eiga;6:Jfg:eigb	refs/otomai/libs/Bubble.Shared/Protocol/Game/Jfl.cs:10
Jfh	House+Jfh	.jfh		1:List<int>:eiff;2:List<HouseInstance>:eifg	refs/otomai/libs/Bubble.Shared/Protocol/Game/Jfl.cs:73
Jfi	House+Jfi	.jfi		1:MapCoordinates:eifk;2:HouseInstance:eifl	refs/otomai/libs/Bubble.Shared/Protocol/Game/Jfl.cs:89
Jfj	House+Jfj	.jfj		1:HouseInstance:eifp;2:long:eifq;3:MapExtendedCoordinates:eifr;4:List<int>:eifs	refs/otomai/libs/Bubble.Shared/Protocol/Game/Jfl.cs:105
Jfg	House+Jfg	.jfg		1:HouseInstance:eiez;2:HouseInstance:eifa;3:MapExtendedCoordinates:eifb	refs/otomai/libs/Bubble.Shared/Protocol/Game/Jfl.cs:127
EntityDisposition	EntityDisposition	jfm		1:Jdg:direction;2:long:entity_id;3:long:carrying_character_id;4:int:cell_id	refs/otomai/libs/Bubble.Shared/Protocol/Game/Jfm.cs:10
FightTriggeredEffect	FightTriggeredEffect	jfn		1:int:eigq;2:int:eigr;3:int:eigs;4:int:eigt	refs/otomai/libs/Bubble.Shared/Protocol/Game/Jfn.cs:10
FightResumeSlaves	FightResumeSlaves	jfo		1:List<FightSpellCoolDown>:eigx;2:List<FightSpellCoolDown>:eigy;3:int:eigz;4:int:eiha;5:long:eihb	refs/otomai/libs/Bubble.Shared/Protocol/Game/Jfo.cs:10
RankInformation	RankInformation	jfs		1:string:eihr;2:int:eihs;3:Jfq:eiht;4:Jfp:eihu	refs/otomai/libs/Bubble.Shared/Protocol/Game/Jfs.cs:10
Jfq	RankInformation+Jfq	.jfq		1:List<int>:eihl;2:bool:eihm;3:bool:eihn	refs/otomai/libs/Bubble.Shared/Protocol/Game/Jfs.cs:31
Jfp	RankInformation+Jfp	.jfp		1:int:eihf;2:int:eihg;3:int:eihh	refs/otomai/libs/Bubble.Shared/Protocol/Game/Jfs.cs:50
TaxCollectorWaitingForHelpInformation	TaxCollectorWaitingForHelpInformation	jft		1:long:eihy;2:int:eihz;3:int:eiia;4:long:eiib	refs/otomai/libs/Bubble.Shared/Protocol/Game/Jft.cs:10
ActorPositionInformation	ActorPositionInformation	jhp		1:EntityDisposition:disposition;2:long:actor_id;3:ActorInformation:actor_information	refs/otomai/libs/Bubble.Shared/Protocol/Game/Jhp.cs:10
ActorInformation	ActorPositionInformation+ActorInformation	.ActorInformation		1:Dictionary<string, string>:eipp;4:EntityLook:look;2:FightFighterInformation:fighter;3:RolePlayActor:role_play_actor	refs/otomai/libs/Bubble.Shared/Protocol/Game/Jhp.cs:27
FightFighterInformation	ActorPositionInformation+ActorInformation+FightFighterInformation	.FightFighterInformation		1:FightCharacteristics:stats;2:List<int>:previous_positions;3:SpawnInformation:spawn_information;7:int:wave;4:AIFighterInformation:ai_fighter;5:EntityFighterInformation:entity_fighter;6:NamedFighterInformation:named_fighter	refs/otomai/libs/Bubble.Shared/Protocol/Game/Jhp.cs:71
AIFighterInformation	ActorPositionInformation+ActorInformation+FightFighterInformation+AIFighterInformation	.AIFighterInformation		1:MonsterFighter:monster_fighter_information;2:TaxCollectorFighter:tax_collector_information	refs/otomai/libs/Bubble.Shared/Protocol/Game/Jhp.cs:130
MonsterFighter	ActorPositionInformation+ActorInformation+FightFighterInformation+AIFighterInformation+MonsterFighter	.MonsterFighter		1:int:monster_gid;2:int:creature_grade;3:int:creature_level;4:AlignmentInformation:alignment_information	refs/otomai/libs/Bubble.Shared/Protocol/Game/Jhp.cs:167
TaxCollectorFighter	ActorPositionInformation+ActorInformation+FightFighterInformation+AIFighterInformation+TaxCollectorFighter	.TaxCollectorFighter		1:int:first_name_id;2:int:last_name_id	refs/otomai/libs/Bubble.Shared/Protocol/Game/Jhp.cs:189
EntityFighterInformation	ActorPositionInformation+ActorInformation+FightFighterInformation+EntityFighterInformation	.EntityFighterInformation		1:int:entity_model_id;2:long:master_id;3:int:level	refs/otomai/libs/Bubble.Shared/Protocol/Game/Jhp.cs:207
NamedFighterInformation	ActorPositionInformation+ActorInformation+FightFighterInformation+NamedFighterInformation	.NamedFighterInformation		1:Dictionary<string, string>:eint;3:int:league_id;4:CharacterStatus:status;5:bool:hidden_in_pre_fight;6:FightMutantInformation:mutant_information;7:string:name;8:int:ladder_position;2:FightMutantInformation:mutant_information2;9:FightCharacterInformation:character_information	refs/otomai/libs/Bubble.Shared/Protocol/Game/Jhp.cs:226
FightMutantInformation	ActorPositionInformation+ActorInformation+FightFighterInformation+NamedFighterInformation+FightMutantInformation	.FightMutantInformation		1:int:power_level	refs/otomai/libs/Bubble.Shared/Protocol/Game/Jhp.cs:286
FightCharacterInformation	ActorPositionInformation+ActorInformation+FightFighterInformation+NamedFighterInformation+FightCharacterInformation	.FightCharacterInformation		1:AlignmentInformation:alignment_information;2:int:level;3:Gender:gender;4:int:breed_id	refs/otomai/libs/Bubble.Shared/Protocol/Game/Jhp.cs:299
RolePlayActor	ActorPositionInformation+ActorInformation+RolePlayActor	.RolePlayActor		1:NpcStaticInformation:npc_actor;2:TaxCollectorActor:tax_collector_actor;3:PrismInformation:prism_actor;4:NamedActor:named_actor;5:MonsterGroupActor:monster_group_actor;6:PortalInformation:portal_actor;7:int:treasure_hunt_npc_id	refs/otomai/libs/Bubble.Shared/Protocol/Game/Jhp.cs:325
NpcStaticInformation	ActorPositionInformation+ActorInformation+RolePlayActor+NpcStaticInformation	.NpcStaticInformation		1:Gender:gender;2:int:npc_id;3:int:special_artwork_id;4:Quests:eims	refs/otomai/libs/Bubble.Shared/Protocol/Game/Jhp.cs:412
Quests	ActorPositionInformation+ActorInformation+RolePlayActor+NpcStaticInformation+Quests	.Quests		1:List<int>:eimj;2:Dictionary<string, int>:eimk;3:List<int>:eiml	refs/otomai/libs/Bubble.Shared/Protocol/Game/Jhp.cs:432
TaxCollectorActor	ActorPositionInformation+ActorInformation+RolePlayActor+TaxCollectorActor	.TaxCollectorActor		1:TaxCollectorStaticInformation:identification;2:int:attack	refs/otomai/libs/Bubble.Shared/Protocol/Game/Jhp.cs:454
NamedActor	ActorPositionInformation+ActorInformation+RolePlayActor+NamedActor	.NamedActor		1:string:name;2:Humanoid:humanoid_information;3:Mount:mount_information	refs/otomai/libs/Bubble.Shared/Protocol/Game/Jhp.cs:470
Humanoid	ActorPositionInformation+ActorInformation+RolePlayActor+NamedActor+Humanoid	.Humanoid		1:List<HumanOption>:options;2:long:account_id;3:AlignmentInformation:alignment_information;4:List<Restriction>:restrictions;5:Gender:gender;6:MutantInformation:mutant_information	refs/otomai/libs/Bubble.Shared/Protocol/Game/Jhp.cs:511
HumanOption	ActorPositionInformation+ActorInformation+RolePlayActor+NamedActor+Humanoid+HumanOption	.HumanOption		1:GuildInformation:guild_information;2:Jgg:eike;3:Jgf:eikf;4:Jgb:eikg;5:Jga:eikh;6:Jge:eiki;7:Jgd:eikj;8:int:eikk;9:Jgc:eikm	refs/otomai/libs/Bubble.Shared/Protocol/Game/Jhp.cs:537
Jgg	ActorPositionInformation+ActorInformation+RolePlayActor+NamedActor+Humanoid+HumanOption+Jgg	.jgg		1:string:eijx;2:int:eijy;3:int:eijz	refs/otomai/libs/Bubble.Shared/Protocol/Game/Jhp.cs:644
Jgf	ActorPositionInformation+ActorInformation+RolePlayActor+NamedActor+Humanoid+HumanOption+Jgf	.jgf		1:int:eijr;2:string:eijs;3:Jcm:eijt	refs/otomai/libs/Bubble.Shared/Protocol/Game/Jhp.cs:664
Jgb	ActorPositionInformation+ActorInformation+RolePlayActor+NamedActor+Humanoid+HumanOption+Jgb	.jgb		1:AllianceInformation:eiio;2:bool:eiip;3:Jcu:eiiq	refs/otomai/libs/Bubble.Shared/Protocol/Game/Jhp.cs:684
Jga	ActorPositionInformation+ActorInformation+RolePlayActor+NamedActor+Humanoid+HumanOption+Jga	.jga		1:List<Jfy>:eiik	refs/otomai/libs/Bubble.Shared/Protocol/Game/Jhp.cs:703
Jfy	ActorPositionInformation+ActorInformation+RolePlayActor+NamedActor+Humanoid+HumanOption+Jga+Jfy	.jfy		1:int:eiif;2:EntityLook:eiig	refs/otomai/libs/Bubble.Shared/Protocol/Game/Jhp.cs:714
Jge	ActorPositionInformation+ActorInformation+RolePlayActor+NamedActor+Humanoid+HumanOption+Jge	.jge		1:int:eijh;2:int:eijj;3:int:eijl;4:int:eijm	refs/otomai/libs/Bubble.Shared/Protocol/Game/Jhp.cs:732
Jgd	ActorPositionInformation+ActorInformation+RolePlayActor+NamedActor+Humanoid+HumanOption+Jgd	.jgd		1:string:eija;2:int:eijc	refs/otomai/libs/Bubble.Shared/Protocol/Game/Jhp.cs:775
Jgc	ActorPositionInformation+ActorInformation+RolePlayActor+NamedActor+Humanoid+HumanOption+Jgc	.jgc		1:int:eiiu;2:int:eiiv;3:string:eiiw	refs/otomai/libs/Bubble.Shared/Protocol/Game/Jhp.cs:806
MutantInformation	ActorPositionInformation+ActorInformation+RolePlayActor+NamedActor+Humanoid+MutantInformation	.MutantInformation		1:int:eikr;2:int:eiks	refs/otomai/libs/Bubble.Shared/Protocol/Game/Jhp.cs:828
Mount	ActorPositionInformation+ActorInformation+RolePlayActor+NamedActor+Mount	.Mount		1:string:eilf;2:int:eilg	refs/otomai/libs/Bubble.Shared/Protocol/Game/Jhp.cs:846
MonsterGroupActor	ActorPositionInformation+ActorInformation+RolePlayActor+MonsterGroupActor	.MonsterGroupActor		1:int:loot_share;2:Jcr:alignment;3:WaveInformation:wave_information;4:MonsterGroupStaticInformation:identification	refs/otomai/libs/Bubble.Shared/Protocol/Game/Jhp.cs:865
WaveInformation	ActorPositionInformation+ActorInformation+RolePlayActor+MonsterGroupActor+WaveInformation	.WaveInformation		1:List<MonsterGroupStaticInformation>:alternatives;2:int:wave_count	refs/otomai/libs/Bubble.Shared/Protocol/Game/Jhp.cs:885
EntityLook	EntityLook	jhq		1:List<SubEntityInformation>:sub_entities;2:int:bones_id;3:List<int>:indexed_colors;4:List<int>:skins;5:List<int>:scales	refs/otomai/libs/Bubble.Shared/Protocol/Game/Jhq.cs:10
PlayAnimationEvent	PlayAnimationEvent	jhr	S2C	1:string:eiql	refs/otomai/libs/Bubble.Shared/Protocol/Game/Jhr.cs:10
GuildLogbookEntry	GuildLogbookEntry	jij		6:int:eisl;7:long:eism;1:Jic:eisn;2:Jhv:eiso;3:Jih:eisp;4:Jib:eisq;5:Jig:eisr;8:Jid:eiss;9:Jhy:eist	refs/otomai/libs/Bubble.Shared/Protocol/Game/Jij.cs:10
Jic	GuildLogbookEntry+Jic	.jic		1:int:eirp;2:bool:eirq	refs/otomai/libs/Bubble.Shared/Protocol/Game/Jij.cs:103
Jhv	GuildLogbookEntry+Jhv	.jhv		1:int:eiqp;2:long:eiqq;3:int:eiqr;4:ObjectItem:eiqs;5:string:eiqt;6:int:eiqu;7:Jht:eiqv	refs/otomai/libs/Bubble.Shared/Protocol/Game/Jij.cs:126
Jih	GuildLogbookEntry+Jih	.jih		1:long:eisd;2:long:eise;3:string:eisf;4:RankInformation:eisg;5:string:eish	refs/otomai/libs/Bubble.Shared/Protocol/Game/Jij.cs:169
Jib	GuildLogbookEntry+Jib	.jib		1:string:eirj;2:long:eirk;3:Jhz:eirl	refs/otomai/libs/Bubble.Shared/Protocol/Game/Jij.cs:196
Jig	GuildLogbookEntry+Jig	.jig		1:Jie:eiry;2:RankInformation:eirz	refs/otomai/libs/Bubble.Shared/Protocol/Game/Jij.cs:227
Jid	GuildLogbookEntry+Jid	.jid			refs/otomai/libs/Bubble.Shared/Protocol/Game/Jij.cs:254
Jhy	GuildLogbookEntry+Jhy	.jhy		1:long:eiqz;2:string:eira;3:int:eirb;4:long:eird;5:Jhw:eire;6:MapExtendedCoordinates:eirf	refs/otomai/libs/Bubble.Shared/Protocol/Game/Jij.cs:264
SpellItem2	SpellItem2	hht		1:int:eisy;2:bool:eisz;3:Dictionary<int, string>:eitb;4:int:eitc	refs/otomai/libs/Bubble.Shared/Protocol/Game/Jik.cs:10
PaddockInformation	PaddockInformation	jiv		1:int:eiuj;4:int:eiuk;2:Jit:eiul;3:Jio:eium	refs/otomai/libs/Bubble.Shared/Protocol/Game/Jiv.cs:10
Jit	PaddockInformation+Jit	.jit		1:List<Jir>:eiue;2:List<Jir>:eiuf	refs/otomai/libs/Bubble.Shared/Protocol/Game/Jiv.cs:53
Jir	PaddockInformation+Jit+Jir	.jir		1:bool:eity;2:long:eitz;3:Jip:eiua	refs/otomai/libs/Bubble.Shared/Protocol/Game/Jiv.cs:67
Jip	PaddockInformation+Jit+Jir+Jip	.jip		1:GuildInformation:eitt;2:bool:eitu	refs/otomai/libs/Bubble.Shared/Protocol/Game/Jiv.cs:84
Jio	PaddockInformation+Jio	.jio		1:bool:eitm;2:long:eitn;3:List<Jim>:eito;4:MapExtendedCoordinates:eitp	refs/otomai/libs/Bubble.Shared/Protocol/Game/Jiv.cs:104
Jim	PaddockInformation+Jio+Jim	.jim		1:string:eitg;2:string:eith;3:int:eiti	refs/otomai/libs/Bubble.Shared/Protocol/Game/Jiv.cs:124
SocialEmblem	SocialEmblem	jiw		1:int:symbol_shape_id;2:int:symbol_color;3:int:background_shape_id;4:int:background_color	refs/otomai/libs/Bubble.Shared/Protocol/Game/Jiw.cs:10
NamedPartyTeamWithOutcome	NamedPartyTeamWithOutcome	jix		1:NamedPartyTeam:eiuy;2:Jdb:eiuz	refs/otomai/libs/Bubble.Shared/Protocol/Game/Jix.cs:10
Challenge	Challenge	jja		1:Jiy:eivd;2:List<ChallengeTarget>:eive;3:int:eivf;4:int:eivg;5:int:eivh	refs/otomai/libs/Bubble.Shared/Protocol/Game/Jja.cs:10
FightResultListEntry	FightResultListEntry	jjr		1:Jdb:eixx;2:Jjd:eixy;3:Jjp:eixz;4:int:eiya	refs/otomai/libs/Bubble.Shared/Protocol/Game/Jjr.cs:10
Jjd	FightResultListEntry+Jjd	.jjd		1:long:eivr;2:List<Jjb>:eivs	refs/otomai/libs/Bubble.Shared/Protocol/Game/Jjr.cs:30
Jjb	FightResultListEntry+Jjd+Jjb	.jjb		1:int:eivl;2:int:eivm;3:int:eivn	refs/otomai/libs/Bubble.Shared/Protocol/Game/Jjr.cs:44
Jjp	FightResultListEntry+Jjp	.jjp		2:long:eixn;3:bool:eixo;4:Jjm:eixp;1:Jjm:eixq;5:Jjn:eixr;6:Jjl:eixs	refs/otomai/libs/Bubble.Shared/Protocol/Game/Jjr.cs:65
Jjm	FightResultListEntry+Jjp+Jjm	.jjm		1:int:eixf	refs/otomai/libs/Bubble.Shared/Protocol/Game/Jjr.cs:121
Jjn	FightResultListEntry+Jjp+Jjn	.jjn		1:AllianceInformation:eixj	refs/otomai/libs/Bubble.Shared/Protocol/Game/Jjr.cs:134
Jjl	FightResultListEntry+Jjp+Jjl	.jjl		1:int:eixa;2:List<Jjj>:eixb	refs/otomai/libs/Bubble.Shared/Protocol/Game/Jjr.cs:147
Jjj	FightResultListEntry+Jjp+Jjl+Jjj	.jjj		1:Jjg:eiwu;2:Jjh:eiwv	refs/otomai/libs/Bubble.Shared/Protocol/Game/Jjr.cs:161
Jjg	FightResultListEntry+Jjp+Jjl+Jjj+Jjg	.jjg		1:bool:eivw;2:long:eivx;3:int:eivy;4:bool:eivz;5:long:eiwa;6:bool:eiwb;7:bool:eiwc;8:long:eiwd;9:bool:eiwe;10:long:eiwf;11:bool:eiwg;12:long:eiwh;13:long:eiwi	refs/otomai/libs/Bubble.Shared/Protocol/Game/Jjr.cs:198
Jjh	FightResultListEntry+Jjp+Jjl+Jjj+Jjh	.jjh		1:int:eiwm;2:int:eiwn;3:int:eiwo;4:int:eiwp;5:int:eiwq	refs/otomai/libs/Bubble.Shared/Protocol/Game/Jjr.cs:247
FighterLightInformation	FighterLightInformation	jjt		2:bool:eiye;3:int:eiyf;4:long:eiyg;6:Gender:eiyh;8:int:eiyi;10:int:eiyj;1:FighterTaxCollectorLightInformation:eiyk;5:FighterEntityLightInformation:eiyl;7:FighterNamedLightInformation:eiym;9:FighterMonsterLightInformation:eiyn	refs/otomai/libs/Bubble.Shared/Protocol/Game/Jjt.cs:10
SocialFightInformation	SocialFightInformation	jjw		1:bool:eiys;2:int:eiyt;3:long:eiyu;4:Jju:eiyv	refs/otomai/libs/Bubble.Shared/Protocol/Game/Jjw.cs:10
ShortcutCosmeticObject	ShortcutCosmeticObject	jjx		1:bool:eiyz;2:int:eiza;3:int:eizc	refs/otomai/libs/Bubble.Shared/Protocol/Game/Jjx.cs:10
FightTemporaryBoostEffect	FightTemporaryBoostEffect	jkb		3:int:eizm;1:int:eizn;2:int:eizp;4:int:eizr;5:Jjz:eizt	refs/otomai/libs/Bubble.Shared/Protocol/Game/Jkb.cs:10
Jjz	FightTemporaryBoostEffect+Jjz	.jjz		1:int:eizg;2:int:eizh;3:int:eizi	refs/otomai/libs/Bubble.Shared/Protocol/Game/Jkb.cs:70
FightTemporarySpellImmunityEffect	FightTemporarySpellImmunityEffect	jkc		1:int:eizy	refs/otomai/libs/Bubble.Shared/Protocol/Game/Jkc.cs:10
CharacterCharacteristicValue	CharacterCharacteristicValue	jkd		1:long:total	refs/otomai/libs/Bubble.Shared/Protocol/Game/Jkd.cs:10
ObjectUidWithQuantity	ObjectUidWithQuantity	jke		1:int:object_uid;2:int:quantity;3:int:quantity2	refs/otomai/libs/Bubble.Shared/Protocol/Game/Jke.cs:10
AllianceInformation	AllianceInformation	jkh		1:SocialEmblem:ejau;2:Jkf:ejav;3:string:ejaw;4:string:ejay;5:string:ejaz	refs/otomai/libs/Bubble.Shared/Protocol/Game/Jkh.cs:10
Jkf	AllianceInformation+Jkf	.jkf		1:int:ejam;2:int:ejan;3:AllianceRecruitmentInformation:ejao;4:int:ejap;5:long:ejaq	refs/otomai/libs/Bubble.Shared/Protocol/Game/Jkh.cs:43
PortalInformation	PortalInformation	jki		1:int:ejbd;2:int:ejbe	refs/otomai/libs/Bubble.Shared/Protocol/Game/Jki.cs:10
FighterMonsterLightInformation	FighterMonsterLightInformation	jkj		1:int:ejbi	refs/otomai/libs/Bubble.Shared/Protocol/Game/Jkj.cs:10
MountData	MountData	jkk		1:bool:ejbm;2:long:ejbn;3:long:ejbo;4:int:ejbq;5:int:ejbr;6:int:ejbs;7:int:ejbt;8:string:ejbu;9:int:ejbv;10:int:ejbw;11:List<ObjectEffect>:ejbx;12:bool:ejby;13:List<int>:ejbz;14:int:ejca;15:int:ejcb;16:int:ejcc;17:int:ejcd;18:int:ejce;19:bool:ejcf;20:int:ejcg;21:int:ejch;22:long:ejci;23:int:ejcj;24:long:ejck;25:List<int>:ejcl;26:long:ejcm;27:long:ejcn;28:int:ejco;29:Gender:ejcp;30:bool:ejcq;31:int:ejcr;32:int:ejcs;33:int:ejct;34:long:ejcu	refs/otomai/libs/Bubble.Shared/Protocol/Game/Jkk.cs:10
FighterEntityLightInformation	FighterEntityLightInformation	jkl		1:long:ejcy;2:int:ejcz	refs/otomai/libs/Bubble.Shared/Protocol/Game/Jkl.cs:10
TaxCollectorOrderedSpell	TaxCollectorOrderedSpell	jkm		1:int:ejdd;2:int:ejde	refs/otomai/libs/Bubble.Shared/Protocol/Game/Jkm.cs:10
FightTeamLightInformation	FightTeamLightInformation	jkn		1:int:ejdi;2:bool:ejdj;3:bool:ejdk;4:bool:ejdl;5:int:ejdm;6:bool:ejdn;7:bool:ejdo	refs/otomai/libs/Bubble.Shared/Protocol/Game/Jkn.cs:10
GuildRecruitmentInformation	GuildRecruitmentInformation	jko		1:bool:ejds;2:string:ejdt;3:bool:ejdu;4:bool:ejdv;5:long:ejdw;6:string:ejdx;7:string:ejdy;8:int:ejdz;9:int:ejea;10:bool:ejeb;11:Jdj:ejec;12:List<int>:ejed;13:int:ejee;14:List<int>:ejef	refs/otomai/libs/Bubble.Shared/Protocol/Game/Jko.cs:10
MapExtendedCoordinates	MapExtendedCoordinates	jkp		1:int:world_x;2:int:world_y;3:int:sub_area_id;4:long:map_id	refs/otomai/libs/Bubble.Shared/Protocol/Game/Jkp.cs:10
PrismModule	PrismModule	jks		1:long:ejeq;2:Jkq:ejes;3:ObjectItemInventory:ejet	refs/otomai/libs/Bubble.Shared/Protocol/Game/Jks.cs:10
BreachBranch	BreachBranch	jkv		1:List<MonsterInGroupInformation>:ejff;2:List<MonsterInGroupInformation>:ejfg;3:int:ejfh;4:int:ejfi;5:int:ejfj;6:long:ejfk;7:int:ejfl;8:Jkt:ejfm	refs/otomai/libs/Bubble.Shared/Protocol/Game/Jkv.cs:10
Jkt	BreachBranch+Jkt	.jkt		1:List<BreachReward>:ejex;2:int:ejey;3:int:ejez;4:int:ejfb	refs/otomai/libs/Bubble.Shared/Protocol/Game/Jkv.cs:42
ObjectInRolePlay	ObjectInRolePlay	jla		2:int:ejgd;4:int:ejge;1:Jkx:ejgf;3:Jky:ejgg	refs/otomai/libs/Bubble.Shared/Protocol/Game/Jla.cs:10
Jkx	ObjectInRolePlay+Jkx	.jkx		1:Jdg:ejfq;2:EntityLook:ejfs	refs/otomai/libs/Bubble.Shared/Protocol/Game/Jla.cs:53
Jky	ObjectInRolePlay+Jky	.jky		1:int:ejfw;2:bool:ejfx;3:int:ejfz	refs/otomai/libs/Bubble.Shared/Protocol/Game/Jla.cs:76
ShortcutPreset	ShortcutPreset	jlb		1:Jdf:ejgl;2:string:ejgm	refs/otomai/libs/Bubble.Shared/Protocol/Game/Jlb.cs:10
FightMark	FightMark	jlh		1:int:ejgx;2:List<Jlf>:ejgy;3:Jlc:ejgz;4:int:ejha;5:int:ejhb;6:long:ejhc;7:Jdd:ejhd;8:bool:ejhe;9:int:ejhf	refs/otomai/libs/Bubble.Shared/Protocol/Game/Jlh.cs:10
Jlf	FightMark+Jlf	.jlf		1:Jld:ejgq;2:int:ejgr;3:int:ejgs;4:int:ejgt	refs/otomai/libs/Bubble.Shared/Protocol/Game/Jlh.cs:45
SpawnInformation	SpawnInformation	jli		1:ActorPositionInformation:position;2:bool:alive;3:Jdd:team	refs/otomai/libs/Bubble.Shared/Protocol/Game/Jli.cs:10
PrismLocalizedInformation	PrismLocalizedInformation	jlj		1:MapCoordinates:ejhp;2:long:ejhq;3:PrismInformation:ejhr;4:string:ejhs;5:int:ejht	refs/otomai/libs/Bubble.Shared/Protocol/Game/Jlj.cs:10
AllianceMemberInformation	AllianceMemberInformation	jlk		1:Character:ejhx;2:int:ejhy	refs/otomai/libs/Bubble.Shared/Protocol/Game/Jlk.cs:10
FightTeamMemberEntity	FightTeamMemberEntity	jll		1:int:ejic;2:int:ejid;3:long:ejie	refs/otomai/libs/Bubble.Shared/Protocol/Game/Jll.cs:10
FightTeamMembersInformation	FightTeamMembersInformation	jlm		1:Jcn:ejii;2:List<FightTeamMemberInformation>:ejik	refs/otomai/libs/Bubble.Shared/Protocol/Game/Jlm.cs:10
SocialNoticeInformation	SocialNoticeInformation	jln		1:long:ejio;2:long:ejip;3:string:ejiq;4:string:ejir	refs/otomai/libs/Bubble.Shared/Protocol/Game/Jln.cs:10
GuildInformation	GuildInformation	jls		1:int:ejjl;2:string:ejjm;3:int:ejjn;4:Jlq:ejjo	refs/otomai/libs/Bubble.Shared/Protocol/Game/Jls.cs:10
Jlq	GuildInformation+Jlq	.jlq		1:SocialEmblem:ejjg;2:Jlo:ejjh	refs/otomai/libs/Bubble.Shared/Protocol/Game/Jls.cs:31
Jlo	GuildInformation+Jlq+Jlo	.jlo		1:long:ejiv;2:int:ejiw;3:GuildRecruitmentInformation:ejix;4:int:ejiy;5:string:ejiz;6:int:ejjb;7:int:ejjc	refs/otomai/libs/Bubble.Shared/Protocol/Game/Jls.cs:45
ItemMinimalInformation	ItemMinimalInformation	jlw		1:int:ejjx;2:List<ObjectEffect>:ejjy;3:int:ejjz;4:Jlu:ejkb	refs/otomai/libs/Bubble.Shared/Protocol/Game/Jlw.cs:10
Jlu	ItemMinimalInformation+Jlu	.jlu		1:string:ejjs;2:long:ejjt	refs/otomai/libs/Bubble.Shared/Protocol/Game/Jlw.cs:53
MonsterGroupStaticInformation	MonsterGroupStaticInformation	jlx		1:List<MonsterInGroupInformation>:underlings;2:MonsterInGroupInformation:main_creature;3:List<MonstersInGroupAlternativeInformation>:alternatives;4:MonsterInGroupInformation:main_creature2	refs/otomai/libs/Bubble.Shared/Protocol/Game/Jlx.cs:10
TaxCollectorStaticInformation	TaxCollectorStaticInformation	jly		1:int:ejkn;2:int:ejko;3:string:ejkp;4:long:ejkq;5:AllianceInformation:ejkr	refs/otomai/libs/Bubble.Shared/Protocol/Game/Jly.cs:10
FightRemovableEffect	FightRemovableEffect	jmc		1:long:ejkv;3:int:ejkw;5:int:ejkx;6:int:ejky;7:int:ejkz;8:Jma:ejla;9:int:ejlb;2:FightTemporarySpellImmunityEffect:ejlc;4:FightTriggeredEffect:ejld;10:FightTemporaryBoostEffect:ejle	refs/otomai/libs/Bubble.Shared/Protocol/Game/Jmc.cs:10
TaxCollectorComplementaryInformation	TaxCollectorComplementaryInformation	jme		1:TaxCollectorWaitingForHelpInformation:ejlj;2:TaxCollectorLootInformation:ejlk	refs/otomai/libs/Bubble.Shared/Protocol/Game/Jme.cs:10
FightRemovableEffectExtendedInformation	FightRemovableEffectExtendedInformation	jmf		1:int:ejlp;2:FightRemovableEffect:ejlq;3:long:ejlr;4:long:ejls	refs/otomai/libs/Bubble.Shared/Protocol/Game/Jmf.cs:10
PrismInformation	PrismInformation	jmi		1:int:ejlw;2:long:ejlx;3:PrismModule:ejly;4:int:ejlz;5:PrismCristal:ejma;6:int:ejmb;7:long:ejmd;8:long:ejme;9:AllianceInformation:ejmf;10:Jmg:ejmg	refs/otomai/libs/Bubble.Shared/Protocol/Game/Jmi.cs:10
FightTeamMemberMonster	FightTeamMemberMonster	jmj		1:int:ejmk;2:int:ejml	refs/otomai/libs/Bubble.Shared/Protocol/Game/Jmj.cs:10
FightTeamMemberTaxCollector	FightTeamMemberTaxCollector	jmk		1:int:ejmp;2:string:ejmq;3:int:ejmr;4:int:ejms	refs/otomai/libs/Bubble.Shared/Protocol/Game/Jmk.cs:10
ChallengeTarget	ChallengeTarget	jml		1:List<long>:ejmw;2:long:ejmx;3:int:ejmy	refs/otomai/libs/Bubble.Shared/Protocol/Game/Jml.cs:10
TaxCollectorInformation	TaxCollectorInformation	jmm		1:EntityLook:ejnc;2:long:ejnd;3:int:ejne;4:List<TaxCollectorOrderedSpell>:ejnf;5:MapCoordinates:ejng;6:Jdp:ejnh;7:long:ejni;8:string:ejnj;9:List<CharacterCharacteristic>:ejnk;10:string:ejnl;11:int:ejnm;12:int:ejnn;13:long:ejno;14:List<ObjectItemInventory>:ejnp;15:AllianceInformation:ejnq;16:List<TaxCollectorComplementaryInformation>:ejnr	refs/otomai/libs/Bubble.Shared/Protocol/Game/Jmm.cs:10
FighterTaxCollectorLightInformation	FighterTaxCollectorLightInformation	jmn		1:int:ejnv;2:int:ejnw	refs/otomai/libs/Bubble.Shared/Protocol/Game/Jmn.cs:10
FightCommonInformation	FightCommonInformation	jmo		1:Jcy:type;2:List<FightOptionsInformation>:teams_options;3:int:fight_id;4:List<int>:teams_position;5:List<FightTeamInformation>:teams_information	refs/otomai/libs/Bubble.Shared/Protocol/Game/Jmo.cs:10
FighterNamedLightInformation	FighterNamedLightInformation	jmp		1:string:ejoi;2:string:ejok	refs/otomai/libs/Bubble.Shared/Protocol/Game/Jmp.cs:10
GameActionItem	GameActionItem	jmq		1:List<ItemMinimalInformation>:ejoo;2:int:ejop;3:string:ejoq;4:string:ejor;5:string:ejos;6:string:ejot	refs/otomai/libs/Bubble.Shared/Protocol/Game/Jmq.cs:10
ShortcutObjectItem	ShortcutObjectItem	jmr		1:int:ejox;2:int:ejoy	refs/otomai/libs/Bubble.Shared/Protocol/Game/Jmr.cs:10
Shortcut	Shortcut	jmt		1:int:slot_id;2:ShortcutSpell:shortcut_spell;3:ShortcutCosmeticObject:shortcut_cosmetic_object;4:ShortcutPreset:shortcut_preset;5:ShortcutObjectItem:shortcut_object_item;6:ShortcutOutfit:shortcut_outfit;7:ShortcutSmiley:shortcut_smiley;8:ShortcutEmote:shortcut_emote	refs/otomai/libs/Bubble.Shared/Protocol/Game/Jmt.cs:10
AlignmentInformation	AlignmentInformation	jmw		1:Jcr:ejpx;2:int:ejpy;3:Jmu:ejpz;4:int:ejqa;5:long:ejqb;6:long:ejqc	refs/otomai/libs/Bubble.Shared/Protocol/Game/Jmw.cs:10
Jmu	AlignmentInformation+Jmu	.jmu		1:int:ejpo;2:string:ejpp;3:int:ejpr;4:int:ejps;5:Jcu:ejpt	refs/otomai/libs/Bubble.Shared/Protocol/Game/Jmw.cs:36
CharacterInformation	CharacterInformation	jmx		1:long:ejqg;2:CharacterStatus:ejqh;3:int:ejqi;4:string:ejqj;5:string:ejqk;6:int:ejql;7:long:ejqm;8:string:ejqn;9:Gender:ejqo	refs/otomai/libs/Bubble.Shared/Protocol/Game/Jmx.cs:10
ShortcutSpell	ShortcutSpell	jmy		1:int:spell_id	refs/otomai/libs/Bubble.Shared/Protocol/Game/Jmy.cs:10
FightTeamInformation	FightTeamInformation	jna		2:long:leader_id;3:Jcr:ejqx;4:int:ejqy;5:Jdd:ejqz;6:Jcz:ejra;1:FightTeamMembersInformation:ejrb;7:FightTeamLightInformation:ejrc	refs/otomai/libs/Bubble.Shared/Protocol/Game/Jna.cs:10
MonsterInGroupInformation	MonsterInGroupInformation	jnb		1:int:gid;2:int:grade;3:EntityLook:look;4:int:level	refs/otomai/libs/Bubble.Shared/Protocol/Game/Jnb.cs:10
FightExternalInformation	FightExternalInformation	jne		1:Jcy:ejrt;2:long:ejru;3:bool:ejrv;4:List<Jnc>:ejrw;5:int:ejrx	refs/otomai/libs/Bubble.Shared/Protocol/Game/Jne.cs:10
Jnc	FightExternalInformation+Jnc	.jnc		1:FightTeamInformation:ejro;2:FightOptionsInformation:ejrp	refs/otomai/libs/Bubble.Shared/Protocol/Game/Jne.cs:33
FightPhaseInfo	FightPhaseInfo	jnh		1:long:ejsb;2:Jnf:ejsc	refs/otomai/libs/Bubble.Shared/Protocol/Game/Jnh.cs:10
CharacterCharacteristics	CharacterCharacteristics	jni		1:long:ejsg;2:long:ejsh;3:long:ejsi;4:AlignmentInformation:ejsj;5:long:ejsk;6:long:ejsl;7:int:ejsm;8:long:ejsn;9:List<SpellModifier>:ejso;10:List<CharacterCharacteristic>:ejsp	refs/otomai/libs/Bubble.Shared/Protocol/Game/Jni.cs:10
SpellModifier	SpellModifier	jnj		1:Jdr:ejst;2:int:ejsu;3:int:ejsv;4:Jds:ejsw;5:int:ejsx	refs/otomai/libs/Bubble.Shared/Protocol/Game/Jnj.cs:10
PrismCristal	PrismCristal	jnm		1:ObjectItemInventory:ejtb;2:Jnk:ejtc	refs/otomai/libs/Bubble.Shared/Protocol/Game/Jnm.cs:10
FightEffectTriggerCount	FightEffectTriggerCount	jnn		1:long:ejtg;2:int:ejth;3:int:ejti	refs/otomai/libs/Bubble.Shared/Protocol/Game/Jnn.cs:10
ShortcutEmote	ShortcutEmote	jno		1:int:ejtm	refs/otomai/libs/Bubble.Shared/Protocol/Game/Jno.cs:10
FightTeamMemberInformation	FightTeamMemberInformation	jnq		1:long:ejtq;2:FightTeamMemberMonster:ejtr;3:FightTeamMemberEntity:ejts;4:FightTeamMemberTaxCollector:ejtt;5:FightTeamMemberCharacter:ejtu	refs/otomai/libs/Bubble.Shared/Protocol/Game/Jnq.cs:10
ShortcutOutfit	ShortcutOutfit	jnr		1:string:ejtz	refs/otomai/libs/Bubble.Shared/Protocol/Game/Jnr.cs:10
Character	Character	jon		2:long:id;1:CharacterRemodelingInformation:character_remodeling_information;3:CharacterBasicInformation:character_basic_information	refs/otomai/libs/Bubble.Shared/Protocol/Game/Jon.cs:10
CharacterBasicInformation	Character+CharacterBasicInformation	.CharacterBasicInformation		3:string:name;4:int:level;1:Jny:social_member;2:Joj:character_look;5:RankInformation:rank	refs/otomai/libs/Bubble.Shared/Protocol/Game/Jon.cs:50
Jny	Character+CharacterBasicInformation+Jny	.jny		1:long:account_id;2:int:ava_role_id;3:long:hours_since_last_connection;4:Gender:gender;5:long:enrollment_date;6:Jcq:state;7:Jnw:ejva;8:int:ejvb;9:CharacterStatus:ejvc;10:int:ejvd	refs/otomai/libs/Bubble.Shared/Protocol/Game/Jon.cs:111
Jnw	Character+CharacterBasicInformation+Jny+Jnw	.jnw		1:Jcr:ejuj;2:long:ejuk;3:Jnu:ejul;4:int:ejum;5:int:ejun;6:bool:ejuo;7:int:ejup	refs/otomai/libs/Bubble.Shared/Protocol/Game/Jon.cs:156
Jnu	Character+CharacterBasicInformation+Jny+Jnw+Jnu	.jnu		1:long:ejud;2:string:ejue;3:Dictionary<long, int>:ejuf	refs/otomai/libs/Bubble.Shared/Protocol/Game/Jon.cs:185
Joj	Character+CharacterBasicInformation+Joj	.joj		5:EntityLook:look;6:int:breed_id;1:AllianceInformation:ejwo;2:CharacterBaseInformation:base_information;3:GuildInformation:ejwq;4:int:ejwr	refs/otomai/libs/Bubble.Shared/Protocol/Game/Jon.cs:210
CharacterBaseInformation	Character+CharacterBasicInformation+Joj+CharacterBaseInformation	.CharacterBaseInformation		2:Gender:ejwe;1:Jod:ejwf;3:Jof:ejwg;4:Joe:ejwh	refs/otomai/libs/Bubble.Shared/Protocol/Game/Jon.cs:273
Jod	Character+CharacterBasicInformation+Joj+CharacterBaseInformation+Jod	.jod		1:int:ejvh;2:int:ejvi;3:Job:ejvj	refs/otomai/libs/Bubble.Shared/Protocol/Game/Jon.cs:323
Jof	Character+CharacterBasicInformation+Joj+CharacterBaseInformation+Jof	.jof		1:List<PartyEntity>:ejvy;2:MapExtendedCoordinates:ejvz;3:MapExtendedCoordinates:ejwa	refs/otomai/libs/Bubble.Shared/Protocol/Game/Jon.cs:353
Joe	Character+CharacterBasicInformation+Joj+CharacterBaseInformation+Joe	.joe		1:int:ejvn;2:PartyUpdateCommonsInformation:ejvo;3:MapExtendedCoordinates:ejvp;4:List<PartyEntity>:ejvq;5:Jcr:ejvr;6:CharacterStatus:ejvs;7:int:ejvt	refs/otomai/libs/Bubble.Shared/Protocol/Game/Jon.cs:372
AccountTag	AccountTag	joo		1:string:ejxo;2:List<string>:ejxp;3:string:ejxq	refs/otomai/libs/Bubble.Shared/Protocol/Game/Joo.cs:10
SubEntityInformation	SubEntityInformation	jor		1:BindingPointCategoryEnum:binding_point_category;2:EntityLook:sub_entity_look;3:int:binding_point_index	refs/otomai/libs/Bubble.Shared/Protocol/Game/Jor.cs:10
FightStartingPositions	FightStartingPositions	jos		1:List<int>:challengers_positions;2:List<int>:defenders_positions	refs/otomai/libs/Bubble.Shared/Protocol/Game/Jos.cs:10
PlayerSearch	PlayerSearch	jox		1:SearchByCharacterName:search_by_character_name;2:SearchByAccount:search_by_account	refs/otomai/libs/Bubble.Shared/Protocol/Game/Jox.cs:10
SearchByCharacterName	PlayerSearch+SearchByCharacterName	.SearchByCharacterName		1:string:name	refs/otomai/libs/Bubble.Shared/Protocol/Game/Jox.cs:47
SearchByAccount	PlayerSearch+SearchByAccount	.SearchByAccount		1:string:name;2:string:tag	refs/otomai/libs/Bubble.Shared/Protocol/Game/Jox.cs:61
ObjectGidWithQuantity	ObjectGidWithQuantity	jpa		1:int:object_gid;2:int:quantity;3:Joy:price_date_effect	refs/otomai/libs/Bubble.Shared/Protocol/Game/Jpa.cs:10
Joy	ObjectGidWithQuantity+Joy	.joy		1:List<ObjectEffect>:effects;2:long:price;3:long:date	refs/otomai/libs/Bubble.Shared/Protocol/Game/Jpa.cs:27
InteractiveElement	InteractiveElement	jpd		1:int:element_type_id;2:int:age_bonus;3:bool:on_current_map;4:int:element_id;5:List<InteractiveElementSkill>:disabled_skills;6:List<InteractiveElementSkill>:enabled_skills	refs/otomai/libs/Bubble.Shared/Protocol/Game/Jpd.cs:10
InteractiveElementSkill	InteractiveElement+InteractiveElementSkill	.InteractiveElementSkill		1:int:skill_id;2:int:skill_instance_uid;3:int:name_id	refs/otomai/libs/Bubble.Shared/Protocol/Game/Jpd.cs:43
CharacterCharacteristicDetailedUsable	CharacterCharacteristicDetailedUsable	jpe		1:int:base;2:int:additional;3:int:objects_and_mount_bonus;4:int:alignment_gift_bonus;5:int:context_modification;6:int:used;7:int:temporary	refs/otomai/libs/Bubble.Shared/Protocol/Game/Jpe.cs:10
PlaySpellScriptEvent	PlaySpellScriptEvent	jpf	S2C	1:int:ekah	refs/otomai/libs/Bubble.Shared/Protocol/Game/Jpf.cs:10
CharacterRemodelingInformation	CharacterRemodelingInformation	jpi		1:int:ekaq;2:Jpg:ekar;3:int:ekas;4:Gender:ekat;5:List<int>:ekau;6:string:ekav	refs/otomai/libs/Bubble.Shared/Protocol/Game/Jpi.cs:10
Jpg	CharacterRemodelingInformation+Jpg	.jpg		1:int:ekal;2:int:ekam	refs/otomai/libs/Bubble.Shared/Protocol/Game/Jpi.cs:37
CharacterStatus	CharacterStatus	jpl		1:string:message;2:Status:status	refs/otomai/libs/Bubble.Shared/Protocol/Game/Jpl.cs:10
DateRequest	DateRequest	jpn	C2S		refs/otomai/libs/Bubble.Shared/Protocol/Game/Jpn.cs:10
TextInformationEvent	TextInformationEvent	jpq	S2C	1:TextInformationType:message_type;2:List<string>:parameters;3:int:message_id	refs/otomai/libs/Bubble.Shared/Protocol/Game/Jpq.cs:10
BasicLatencyStatsEvent	BasicLatencyStatsEvent	jpr	S2C	1:Dictionary<bool, int>:ekbp	refs/otomai/libs/Bubble.Shared/Protocol/Game/Jpr.cs:10
WhoIsEvent	WhoIsEvent	jps	S2C	1:GuildInformation:ekbt;2:Jct:ekbu;3:Jcq:ekbv;4:bool:ekbw;5:long:ekbx;6:AllianceInformation:ekby;7:int:ekbz;8:int:ekca;9:bool:ekcb;10:string:ekcc;11:long:ekcd;12:int:ekce;13:string:ekcf;14:string:ekcg	refs/otomai/libs/Bubble.Shared/Protocol/Game/Jps.cs:10
AlmanachCalendarDateEvent	AlmanachCalendarDateEvent	jpt	S2C	1:Dictionary<long, string>:ekck;2:int:ekcl	refs/otomai/libs/Bubble.Shared/Protocol/Game/Jpt.cs:10
WhoIsNoMatchEvent	WhoIsNoMatchEvent	jpu	S2C		refs/otomai/libs/Bubble.Shared/Protocol/Game/Jpu.cs:10
SystemMessageDisplayEvent	SystemMessageDisplayEvent	jpv	S2C	1:int:ekcs;2:List<string>:ekct;3:bool:ekcu	refs/otomai/libs/Bubble.Shared/Protocol/Game/Jpv.cs:10
DateEvent	DateEvent	jpw	S2C	1:int:ekcy;2:int:ekcz;3:int:ekda	refs/otomai/libs/Bubble.Shared/Protocol/Game/Jpw.cs:10
WhoIsNumericEvent	WhoIsNumericEvent	jpx	S2C	1:long:ekde;2:long:ekdf	refs/otomai/libs/Bubble.Shared/Protocol/Game/Jpx.cs:10
WhoIsNumericRequest	WhoIsNumericRequest	jpy	C2S	1:long:ekdj	refs/otomai/libs/Bubble.Shared/Protocol/Game/Jpy.cs:10
TimeEvent	TimeEvent	jpz	S2C	1:long:ekdn;2:int:ekdo	refs/otomai/libs/Bubble.Shared/Protocol/Game/Jpz.cs:10
WhoAmIRequest	WhoAmIRequest	jqa	C2S	1:bool:ekds	refs/otomai/libs/Bubble.Shared/Protocol/Game/Jqa.cs:10
WhoIsRequest	WhoIsRequest	jqb	C2S	1:PlayerSearch:ekdw;2:int:ekdx;3:bool:ekdy	refs/otomai/libs/Bubble.Shared/Protocol/Game/Jqb.cs:10
SequenceNumberRequest	SequenceNumberRequest	jqc	C2S	1:int:number	refs/otomai/libs/Bubble.Shared/Protocol/Game/Jqc.cs:10
SequenceNumberEvent	SequenceNumberEvent	jqd	S2C		refs/otomai/libs/Bubble.Shared/Protocol/Game/Jqd.cs:10
BasicLatencyStatsRequest	BasicLatencyStatsRequest	jqe	C2S	1:int:latency	refs/otomai/libs/Bubble.Shared/Protocol/Game/Jqe.cs:10
BakShopTokenEvent	BakShopTokenEvent	jqh	S2C	1:string:ekeo	refs/otomai/libs/Bubble.Shared/Protocol/Game/Jqh.cs:10
BakBufferListRequest	BakBufferListRequest	jqi	C2S	1:int:ekes	refs/otomai/libs/Bubble.Shared/Protocol/Game/Jqi.cs:10
BakCancelBidRequest	BakCancelBidRequest	jql	C2S	1:Jqj:ekew;2:long:ekex	refs/otomai/libs/Bubble.Shared/Protocol/Game/Jql.cs:10
BakBufferListEvent	BakBufferListEvent	jqm	S2C	1:List<BufferInformation>:ekfb	refs/otomai/libs/Bubble.Shared/Protocol/Game/Jqm.cs:10
BufferInformation	BufferInformation	jqn		1:long:ekff;2:long:ekfg;3:long:ekfh	refs/otomai/libs/Bubble.Shared/Protocol/Game/Jqn.cs:10
BakBuyValidationEvent	BakBuyValidationEvent	jqo	S2C	1:BakTransactionValidationEvent:ekfl;2:string:ekfm;3:long:ekfn	refs/otomai/libs/Bubble.Shared/Protocol/Game/Jqo.cs:10
BakApiTokenRequest	BakApiTokenRequest	jqp	C2S		refs/otomai/libs/Bubble.Shared/Protocol/Game/Jqp.cs:10
BakConsumeBufferRequest	BakConsumeBufferRequest	jqq	C2S		refs/otomai/libs/Bubble.Shared/Protocol/Game/Jqq.cs:10
BakTransactionValidationRequest	BakTransactionValidationRequest	jqr	C2S	1:List<int>:ekfx;2:string:ekfy	refs/otomai/libs/Bubble.Shared/Protocol/Game/Jqr.cs:10
BakShopTokenRequest	BakShopTokenRequest	jqs	C2S		refs/otomai/libs/Bubble.Shared/Protocol/Game/Jqs.cs:10
BakActionEvent	BakActionEvent	jqt	S2C	1:long:ekgf;2:Jqg:ekgg;3:long:ekgh;4:int:ekgi;5:string:ekgj	refs/otomai/libs/Bubble.Shared/Protocol/Game/Jqt.cs:10
BakActionRequest	BakActionRequest	jqu	C2S	1:Jqg:ekgn;2:long:ekgo;3:int:ekgp;4:long:ekgq	refs/otomai/libs/Bubble.Shared/Protocol/Game/Jqu.cs:10
BakApiKeyEvent	BakApiKeyEvent	jqv	S2C	1:string:ekgu	refs/otomai/libs/Bubble.Shared/Protocol/Game/Jqv.cs:10
BakTransactionValidationEvent	BakTransactionValidationEvent	jqy	S2C	1:Jqw:ekgy;2:Jqg:ekgz	refs/otomai/libs/Bubble.Shared/Protocol/Game/Jqy.cs:10
CompassResetEvent	CompassResetEvent	jrb	S2C	1:Dictionary<bool, long>:ekhe;2:Jra:ekhf	refs/otomai/libs/Bubble.Shared/Protocol/Game/Jrb.cs:10
CompassUpdateEvent	CompassUpdateEvent	jrg	S2C	3:MapCoordinates:ekhu;4:Jra:ekhv;1:Jrd:ekhw;2:Jre:ekhx	refs/otomai/libs/Bubble.Shared/Protocol/Game/Jrg.cs:10
Jrd	CompassUpdateEvent+Jrd	.jrd		1:bool:ekhj;2:bool:ekhk;3:long:ekhl	refs/otomai/libs/Bubble.Shared/Protocol/Game/Jrg.cs:53
Jre	CompassUpdateEvent+Jre	.jre		1:string:ekhp;2:long:ekhq	refs/otomai/libs/Bubble.Shared/Protocol/Game/Jrg.cs:72
ArenaSwitchXpRewardsModeRequest	ArenaSwitchXpRewardsModeRequest	jrj	C2S	1:bool:ekid	refs/otomai/libs/Bubble.Shared/Protocol/Game/Jrj.cs:10
SurrenderStateEvent	SurrenderStateEvent	jrk	S2C	1:bool:ekih;2:bool:ekii	refs/otomai/libs/Bubble.Shared/Protocol/Game/Jrk.cs:10
ArenaRegisterRequest	ArenaRegisterRequest	jrl	C2S	1:Jri:arena_type	refs/otomai/libs/Bubble.Shared/Protocol/Game/Jrl.cs:10
ArenaRegistrationWarningEvent	ArenaRegistrationWarningEvent	jrm	S2C	1:Jri:ekiq	refs/otomai/libs/Bubble.Shared/Protocol/Game/Jrm.cs:10
OpponentSurrenderEvent	OpponentSurrenderEvent	jrn	S2C		refs/otomai/libs/Bubble.Shared/Protocol/Game/Jrn.cs:10
SurrenderVoteCastRequest	SurrenderVoteCastRequest	jro	C2S	1:bool:vote;2:bool:vote2	refs/otomai/libs/Bubble.Shared/Protocol/Game/Jro.cs:10
SurrenderInfoRequest	SurrenderInfoRequest	jrp	C2S		refs/otomai/libs/Bubble.Shared/Protocol/Game/Jrp.cs:10
SurrenderVoteStartEvent	SurrenderVoteStartEvent	jrq	S2C	1:int:ekjf;2:bool:ekjg;3:int:ekjh;4:int:ekji	refs/otomai/libs/Bubble.Shared/Protocol/Game/Jrq.cs:10
ArenaLeagueRewardsEvent	ArenaLeagueRewardsEvent	jrr	S2C	1:int:ekjm;2:bool:ekjn;3:int:ekjo;4:int:ekjp	refs/otomai/libs/Bubble.Shared/Protocol/Game/Jrr.cs:10
ArenaFighterIdleEvent	ArenaFighterIdleEvent	jrs	S2C		refs/otomai/libs/Bubble.Shared/Protocol/Game/Jrs.cs:10
ArenaPlayerBehavioursEvent	ArenaPlayerBehavioursEvent	jrt	S2C	1:int:ekjw;2:List<string>:ekjy;3:List<string>:ekjz	refs/otomai/libs/Bubble.Shared/Protocol/Game/Jrt.cs:10
ReadyToLeaveArenaResponse	ReadyToLeaveArenaResponse	jru	S2C	1:List<long>:ekkd	refs/otomai/libs/Bubble.Shared/Protocol/Game/Jru.cs:10
ArenaFighterStatusEvent	ArenaFighterStatusEvent	jrv	S2C	1:int:ekkh;2:bool:ekki;3:long:ekkj	refs/otomai/libs/Bubble.Shared/Protocol/Game/Jrv.cs:10
ArenaUpdatePlayerInformationEvent	ArenaUpdatePlayerInformationEvent	jsa	S2C	1:string:eklf;2:List<Jry>:eklg	refs/otomai/libs/Bubble.Shared/Protocol/Game/Jsa.cs:10
Jry	ArenaUpdatePlayerInformationEvent+Jry	.jry		1:int:ekkt;2:int:ekku;3:int:ekkv;4:Jri:ekkw;5:int:ekkx;6:Jrw:ekky;7:int:ekkz;8:int:ekla;9:int:eklb	refs/otomai/libs/Bubble.Shared/Protocol/Game/Jsa.cs:25
Jrw	ArenaUpdatePlayerInformationEvent+Jry+Jrw	.jrw		1:int:ekkn;2:int:ekko;3:int:ekkp	refs/otomai/libs/Bubble.Shared/Protocol/Game/Jsa.cs:60
ArenaSwitchToFightServerEvent	ArenaSwitchToFightServerEvent	jsb	S2C	1:string:address;2:List<int>:ports;3:string:token	refs/otomai/libs/Bubble.Shared/Protocol/Game/Jsb.cs:10
ArenaFightPropositionEvent	ArenaFightPropositionEvent	jsc	S2C	1:int:eklq;2:int:eklr;3:List<long>:ekls	refs/otomai/libs/Bubble.Shared/Protocol/Game/Jsc.cs:10
SurrenderVoteEndEvent	SurrenderVoteEndEvent	jsd	S2C	1:bool:eklw	refs/otomai/libs/Bubble.Shared/Protocol/Game/Jsd.cs:10
ArenaFightAnswerRequest	ArenaFightAnswerRequest	jse	C2S	1:bool:accept	refs/otomai/libs/Bubble.Shared/Protocol/Game/Jse.cs:10
ArenaUnregisterRequest	ArenaUnregisterRequest	jsf	C2S		refs/otomai/libs/Bubble.Shared/Protocol/Game/Jsf.cs:10
ArenaRegistrationStatusEvent	ArenaRegistrationStatusEvent	jsi	S2C	1:bool:registered;2:Jri:battle_mode;3:Step:step	refs/otomai/libs/Bubble.Shared/Protocol/Game/Jsi.cs:10
ArenaFightAnswerResponse	ArenaFightAnswerResponse	jsj	S2C	1:bool:ekmn	refs/otomai/libs/Bubble.Shared/Protocol/Game/Jsj.cs:10
SurrenderInfoResponse	SurrenderInfoResponse	jta	S2C	1:Jsy:ekop;2:Jsq:ekoq;3:bool:ekor	refs/otomai/libs/Bubble.Shared/Protocol/Game/Jta.cs:10
Jsy	SurrenderInfoResponse+Jsy	.jsy		1:Jsw:ekog;2:Jss:ekoh;3:Jsu:ekoi;4:Jsv:ekoj;5:Jst:ekok	refs/otomai/libs/Bubble.Shared/Protocol/Game/Jta.cs:27
Jsw	SurrenderInfoResponse+Jsy+Jsw	.jsw		1:string:ekoc	refs/otomai/libs/Bubble.Shared/Protocol/Game/Jta.cs:94
Jss	SurrenderInfoResponse+Jsy+Jss	.jss			refs/otomai/libs/Bubble.Shared/Protocol/Game/Jta.cs:108
Jsu	SurrenderInfoResponse+Jsy+Jsu	.jsu		1:int:eknt;2:int:eknu	refs/otomai/libs/Bubble.Shared/Protocol/Game/Jta.cs:118
Jsv	SurrenderInfoResponse+Jsy+Jsv	.jsv		1:Dictionary<string, int>:ekny	refs/otomai/libs/Bubble.Shared/Protocol/Game/Jta.cs:134
Jst	SurrenderInfoResponse+Jsy+Jst	.jst		1:Dictionary<bool, int>:eknp	refs/otomai/libs/Bubble.Shared/Protocol/Game/Jta.cs:148
Jsq	SurrenderInfoResponse+Jsq	.jsq		1:Jsn:ekne;2:Jsm:eknf;3:Jsl:ekng;4:Jso:eknh	refs/otomai/libs/Bubble.Shared/Protocol/Game/Jta.cs:164
Jsn	SurrenderInfoResponse+Jsq+Jsn	.jsn		1:int:ekmx	refs/otomai/libs/Bubble.Shared/Protocol/Game/Jta.cs:221
Jsm	SurrenderInfoResponse+Jsq+Jsm	.jsm			refs/otomai/libs/Bubble.Shared/Protocol/Game/Jta.cs:234
Jsl	SurrenderInfoResponse+Jsq+Jsl	.jsl			refs/otomai/libs/Bubble.Shared/Protocol/Game/Jta.cs:244
Jso	SurrenderInfoResponse+Jsq+Jso	.jso			refs/otomai/libs/Bubble.Shared/Protocol/Game/Jta.cs:254
SurrenderVoteUpdateEvent	SurrenderVoteUpdateEvent	jtb	S2C	1:List<int>:ekov	refs/otomai/libs/Bubble.Shared/Protocol/Game/Jtb.cs:10
ReadyToLeaveArenaRequest	ReadyToLeaveArenaRequest	jtc	C2S	1:long:ekoz	refs/otomai/libs/Bubble.Shared/Protocol/Game/Jtc.cs:10
SubareaRewardRateEvent	SubareaRewardRateEvent	jte	S2C	1:int:ekpf	refs/otomai/libs/Bubble.Shared/Protocol/Game/Jte.cs:10
AreaFightModifierUpdateEvent	AreaFightModifierUpdateEvent	jtf	S2C	1:List<int>:ekpj	refs/otomai/libs/Bubble.Shared/Protocol/Game/Jtf.cs:10
CharacterAppearancesResponse	CharacterAppearancesResponse	jth	S2C	1:Dictionary<bool, int>:ekpo;2:CharacterColors:ekpp;3:CharacterFaces:ekpq	refs/otomai/libs/Bubble.Shared/Protocol/Game/Jth.cs:10
CharacterFaceUpdatedEvent	CharacterFaceUpdatedEvent	jti	S2C	1:int:ekpu;2:int:ekpv	refs/otomai/libs/Bubble.Shared/Protocol/Game/Jti.cs:10
CharacterRenameRequest	CharacterRenameRequest	jtj	C2S	1:string:ekpz	refs/otomai/libs/Bubble.Shared/Protocol/Game/Jtj.cs:10
CharacterFaces	CharacterFaces	jtk		1:int:ekqd;2:List<int>:ekqe;3:int:ekqf	refs/otomai/libs/Bubble.Shared/Protocol/Game/Jtk.cs:10
CharacterUpdateFaceRequest	CharacterUpdateFaceRequest	jtl	C2S	1:int:ekqj;2:int:ekqk	refs/otomai/libs/Bubble.Shared/Protocol/Game/Jtl.cs:10
ColorPalette	ColorPalette	jtm		1:List<int>:ekqo;2:int:ekqp	refs/otomai/libs/Bubble.Shared/Protocol/Game/Jtm.cs:10
CharacterFillSlotColorsResponse	CharacterFillSlotColorsResponse	jtr	S2C	1:Jto:ekrb;2:Jtp:ekrc	refs/otomai/libs/Bubble.Shared/Protocol/Game/Jtr.cs:10
Jto	CharacterFillSlotColorsResponse+Jto	.jto		1:int:ekqt;2:List<int>:ekqu	refs/otomai/libs/Bubble.Shared/Protocol/Game/Jtr.cs:47
Jtp	CharacterFillSlotColorsResponse+Jtp	.jtp			refs/otomai/libs/Bubble.Shared/Protocol/Game/Jtr.cs:63
CharacterFillSlotFaceResponse	CharacterFillSlotFaceResponse	jtw	S2C	1:List<string>:ekrp;2:Jtt:ekrq;3:Jtu:ekrr	refs/otomai/libs/Bubble.Shared/Protocol/Game/Jtw.cs:10
Jtt	CharacterFillSlotFaceResponse+Jtt	.jtt		1:int:ekrh;2:int:ekri	refs/otomai/libs/Bubble.Shared/Protocol/Game/Jtw.cs:50
Jtu	CharacterFillSlotFaceResponse+Jtu	.jtu			refs/otomai/libs/Bubble.Shared/Protocol/Game/Jtw.cs:66
CharacterUpdatedNameEvent	CharacterUpdatedNameEvent	jtx	S2C	1:string:ekrw;2:string:ekrx;3:Izg:ekry	refs/otomai/libs/Bubble.Shared/Protocol/Game/Jtx.cs:10
CharacterFillSlotColorsRequest	CharacterFillSlotColorsRequest	jty	C2S	1:string:eksc;2:List<int>:ekse	refs/otomai/libs/Bubble.Shared/Protocol/Game/Jty.cs:10
CharacterUpdatedGenderEvent	CharacterUpdatedGenderEvent	jtz	S2C	1:Gender:eksi;2:string:eksj;3:EntityLook:eksk	refs/otomai/libs/Bubble.Shared/Protocol/Game/Jtz.cs:10
CharacterUpdateColorsRequest	CharacterUpdateColorsRequest	jua	C2S	1:int:ekso;2:List<int>:eksp	refs/otomai/libs/Bubble.Shared/Protocol/Game/Jua.cs:10
CharacterUpdatedBreedEvent	CharacterUpdatedBreedEvent	jub	S2C	1:string:ekst;2:Gender:eksu;3:EntityLook:eksv;4:Gender:eksw;5:int:eksx	refs/otomai/libs/Bubble.Shared/Protocol/Game/Jub.cs:10
CharacterUpdateGenderRequest	CharacterUpdateGenderRequest	juc	C2S	1:int:ektb;2:Gender:ektc;3:List<int>:ektd;4:Dictionary<bool, bool>:ekte;5:string:ektf	refs/otomai/libs/Bubble.Shared/Protocol/Game/Juc.cs:10
CharacterFillSlotFaceRequest	CharacterFillSlotFaceRequest	jud	C2S	1:int:ektj	refs/otomai/libs/Bubble.Shared/Protocol/Game/Jud.cs:10
CharacterUpdateBreedRequest	CharacterUpdateBreedRequest	jue	C2S	1:int:ektn;2:List<int>:ekto;3:Gender:ektp;4:string:ektq;5:int:ektr	refs/otomai/libs/Bubble.Shared/Protocol/Game/Jue.cs:10
CharacterAppearancesRequest	CharacterAppearancesRequest	juf	C2S		refs/otomai/libs/Bubble.Shared/Protocol/Game/Juf.cs:10
CharacterAppearanceCollectionEvent	CharacterAppearanceCollectionEvent	jug	S2C	1:CharacterFaces:ekty;2:CharacterColors:ektz	refs/otomai/libs/Bubble.Shared/Protocol/Game/Jug.cs:10
CharacterColors	CharacterColors	juh		1:int:ekud;2:List<ColorPalette>:ekue;3:int:ekuf;4:int:ekug	refs/otomai/libs/Bubble.Shared/Protocol/Game/Juh.cs:10
CharacterColorsUpdatedEvent	CharacterColorsUpdatedEvent	jui	S2C	1:List<int>:ekuk;2:int:ekul	refs/otomai/libs/Bubble.Shared/Protocol/Game/Jui.cs:10
OutfitEquipOrnamentResponse	OutfitEquipOrnamentResponse	jum	S2C	1:bool:ekuq	refs/otomai/libs/Bubble.Shared/Protocol/Game/Jum.cs:10
CosmeticInventoryPopObjectsResponse	CosmeticInventoryPopObjectsResponse	jun	S2C	1:Dictionary<int, bool>:ekuu;2:Dictionary<int, bool>:ekuv	refs/otomai/libs/Bubble.Shared/Protocol/Game/Jun.cs:10
OutfitRemoveResponse	OutfitRemoveResponse	juo	S2C	1:bool:ekuz	refs/otomai/libs/Bubble.Shared/Protocol/Game/Juo.cs:10
CosmeticInventoryAddObjectsRequest	CosmeticInventoryAddObjectsRequest	jup	C2S	1:List<int>:ekvd	refs/otomai/libs/Bubble.Shared/Protocol/Game/Jup.cs:10
OutfitCreateEmptyRequest	OutfitCreateEmptyRequest	juq	C2S	1:ColorPalette:ekvh;2:int:ekvi;3:string:ekvj;4:int:ekvk	refs/otomai/libs/Bubble.Shared/Protocol/Game/Juq.cs:10
OutfitUpdateRequest	OutfitUpdateRequest	jur	C2S	1:int:ekvo;2:string:ekvp;3:bool:ekvq;4:string:ekvr	refs/otomai/libs/Bubble.Shared/Protocol/Game/Jur.cs:10
OutfitEquipTitleRequest	OutfitEquipTitleRequest	jus	C2S	1:int:ekvv	refs/otomai/libs/Bubble.Shared/Protocol/Game/Jus.cs:10
OutfitEquipFaceResponse	OutfitEquipFaceResponse	jut	S2C	1:bool:ekwa	refs/otomai/libs/Bubble.Shared/Protocol/Game/Jut.cs:10
OutfitEquipTitleResponse	OutfitEquipTitleResponse	juu	S2C	1:bool:ekwe	refs/otomai/libs/Bubble.Shared/Protocol/Game/Juu.cs:10
Outfit	Outfit	jux		1:int:ekwo;2:EntityLook:ekwq;3:int:ekwr;4:bool:ekwt;5:string:ekwu;6:string:ekwv;7:ColorPalette:ekww;8:int:ekwx;9:int:ekwy;10:int:ekxa;11:string:ekxb;12:Dictionary<int, Outfit.Juv>:ekxc	refs/otomai/libs/Bubble.Shared/Protocol/Game/Jux.cs:10
Juv	Outfit+Juv	.juv		1:int:ekwi;2:int:ekwk	refs/otomai/libs/Bubble.Shared/Protocol/Game/Jux.cs:79
OutfitDuplicateRequest	OutfitDuplicateRequest	juy	C2S	1:string:ekxg;2:string:ekxh;3:int:ekxi;4:string:ekxj	refs/otomai/libs/Bubble.Shared/Protocol/Game/Juy.cs:10
OutfitEquipAuraRequest	OutfitEquipAuraRequest	juz	C2S	1:int:ekxn;2:int:ekxp	refs/otomai/libs/Bubble.Shared/Protocol/Game/Juz.cs:10
OutfitEquipColorsResponse	OutfitEquipColorsResponse	jva	S2C	1:bool:ekxu	refs/otomai/libs/Bubble.Shared/Protocol/Game/Jva.cs:10
OutfitEquipObjectRequest	OutfitEquipObjectRequest	jvb	C2S	1:int:ekxy;2:Jul:ekya;3:int:ekyb	refs/otomai/libs/Bubble.Shared/Protocol/Game/Jvb.cs:10
OutfitEquipResponse	OutfitEquipResponse	jvc	S2C	1:bool:ekyg	refs/otomai/libs/Bubble.Shared/Protocol/Game/Jvc.cs:10
OutfitCreationResponse	OutfitCreationResponse	jvd	S2C	1:bool:ekyk;2:Outfit:ekyl	refs/otomai/libs/Bubble.Shared/Protocol/Game/Jvd.cs:10
OutfitUpdateResponse	OutfitUpdateResponse	jve	S2C	1:bool:ekyp;2:bool:ekyq	refs/otomai/libs/Bubble.Shared/Protocol/Game/Jve.cs:10
OutfitEquipObjectBestSlotRequest	OutfitEquipObjectBestSlotRequest	jvf	C2S	1:int:ekyu;2:int:ekyv	refs/otomai/libs/Bubble.Shared/Protocol/Game/Jvf.cs:10
CosmeticInventoryAddedEvent	CosmeticInventoryAddedEvent	jvg	S2C	1:ObjectItem:ekza	refs/otomai/libs/Bubble.Shared/Protocol/Game/Jvg.cs:10
OutfitsLoadedEvent	OutfitsLoadedEvent	jvh	S2C	1:List<Outfit>:ekze;2:Outfit:ekzf	refs/otomai/libs/Bubble.Shared/Protocol/Game/Jvh.cs:10
OutfitEquipObjectBestSlotResponse	OutfitEquipObjectBestSlotResponse	jvi	S2C	1:bool:ekzj;2:Jul:ekzk	refs/otomai/libs/Bubble.Shared/Protocol/Game/Jvi.cs:10
OutfitAuraChangedEvent	OutfitAuraChangedEvent	jvj	S2C	1:int:ekzp	refs/otomai/libs/Bubble.Shared/Protocol/Game/Jvj.cs:10
OutfitEntityLookChangedEvent	OutfitEntityLookChangedEvent	jvk	S2C	1:EntityLook:ekzu;2:string:ekzv	refs/otomai/libs/Bubble.Shared/Protocol/Game/Jvk.cs:10
OutfitEquipColorsRequest	OutfitEquipColorsRequest	jvl	C2S	1:Dictionary<bool, long>:ekzz;2:ColorPalette:elaa;3:ColorPalette:elab	refs/otomai/libs/Bubble.Shared/Protocol/Game/Jvl.cs:10
OutfitRemoveRequest	OutfitRemoveRequest	jvm	C2S	1:string:elaf	refs/otomai/libs/Bubble.Shared/Protocol/Game/Jvm.cs:10
CosmeticInventoryLoadedEvent	CosmeticInventoryLoadedEvent	jvn	S2C	1:List<ObjectItem>:elaj	refs/otomai/libs/Bubble.Shared/Protocol/Game/Jvn.cs:10
OutfitEquipAuraResponse	OutfitEquipAuraResponse	jvo	S2C	1:bool:elan	refs/otomai/libs/Bubble.Shared/Protocol/Game/Jvo.cs:10
CosmeticInventoryPopObjectsRequest	CosmeticInventoryPopObjectsRequest	jvp	C2S	1:List<int>:elar	refs/otomai/libs/Bubble.Shared/Protocol/Game/Jvp.cs:10
OutfitEquipObjectResponse	OutfitEquipObjectResponse	jvq	S2C	1:bool:elav	refs/otomai/libs/Bubble.Shared/Protocol/Game/Jvq.cs:10
OutfitEquipFaceRequest	OutfitEquipFaceRequest	jvr	C2S	1:int:elaz	refs/otomai/libs/Bubble.Shared/Protocol/Game/Jvr.cs:10
OutfitEquipOrnamentRequest	OutfitEquipOrnamentRequest	jvs	C2S	1:int:elbd	refs/otomai/libs/Bubble.Shared/Protocol/Game/Jvs.cs:10
OutfitEquipRequest	OutfitEquipRequest	jvt	C2S	1:string:elbi;2:Dictionary<long, int>:elbj	refs/otomai/libs/Bubble.Shared/Protocol/Game/Jvt.cs:10
CosmeticInventoryAddObjectsResponse	CosmeticInventoryAddObjectsResponse	jvu	S2C	1:Dictionary<int, Juk>:elbn	refs/otomai/libs/Bubble.Shared/Protocol/Game/Jvu.cs:10
AnomalySubareaInformationEvent	AnomalySubareaInformationEvent	jvy	S2C	1:List<Jvw>:elbz	refs/otomai/libs/Bubble.Shared/Protocol/Game/Jvy.cs:10
Jvw	AnomalySubareaInformationEvent+Jvw	.jvw		1:int:elbs;2:bool:elbt;3:long:elbu;4:int:elbv	refs/otomai/libs/Bubble.Shared/Protocol/Game/Jvy.cs:21
AnomalySubareaInformationRequest	AnomalySubareaInformationRequest	jvz	C2S		refs/otomai/libs/Bubble.Shared/Protocol/Game/Jvz.cs:10
AnomalyStateEvent	AnomalyStateEvent	jwa	S2C	1:long:elcg;2:int:elch;3:int:elci;4:bool:elcj	refs/otomai/libs/Bubble.Shared/Protocol/Game/Jwa.cs:10
AnomalyOpenedEvent	AnomalyOpenedEvent	jwb	S2C	1:int:elcn;2:List<string>:elco	refs/otomai/libs/Bubble.Shared/Protocol/Game/Jwb.cs:10
Alteration	Alteration	jwf		1:Jwd:elct;2:long:elcu;3:long:elcv;4:long:elcw;5:List<ObjectEffect>:elcx	refs/otomai/libs/Bubble.Shared/Protocol/Game/Jwf.cs:10
AlterationsEvent	AlterationsEvent	jwg	S2C	1:List<Alteration>:eldb	refs/otomai/libs/Bubble.Shared/Protocol/Game/Jwg.cs:10
AlterationAddedEvent	AlterationAddedEvent	jwh	S2C	1:Alteration:eldf	refs/otomai/libs/Bubble.Shared/Protocol/Game/Jwh.cs:10
AlterationsUpdateEvent	AlterationsUpdateEvent	jwi	S2C	1:List<Alteration>:eldj	refs/otomai/libs/Bubble.Shared/Protocol/Game/Jwi.cs:10
AlterationRemovedEvent	AlterationRemovedEvent	jwj	S2C	1:Alteration:eldn;2:Alteration:eldo	refs/otomai/libs/Bubble.Shared/Protocol/Game/Jwj.cs:10
AllianceApplicationAnswerRequest	AllianceApplicationAnswerRequest	jwl	C2S	1:bool:eldt;2:long:eldu	refs/otomai/libs/Bubble.Shared/Protocol/Game/Jwl.cs:10
AllianceApplicationRequest	AllianceApplicationRequest	jwm	C2S		refs/otomai/libs/Bubble.Shared/Protocol/Game/Jwm.cs:10
AllianceApplicationPresenceRequest	AllianceApplicationPresenceRequest	jwn	C2S		refs/otomai/libs/Bubble.Shared/Protocol/Game/Jwn.cs:10
AllianceRecruitmentInvalidateEvent	AllianceRecruitmentInvalidateEvent	jwo	S2C		refs/otomai/libs/Bubble.Shared/Protocol/Game/Jwo.cs:10
AllianceApplicationSubmitRequest	AllianceApplicationSubmitRequest	jwp	C2S	1:string:eleh;2:string:elei;3:List<string>:elej	refs/otomai/libs/Bubble.Shared/Protocol/Game/Jwp.cs:10
AllianceApplicationResponseEvent	AllianceApplicationResponseEvent	jwq	S2C	1:AllianceInformation:eleo;2:bool:elep	refs/otomai/libs/Bubble.Shared/Protocol/Game/Jwq.cs:10
AllianceApplicationListEvent	AllianceApplicationListEvent	jwr	S2C	1:long:elet;2:long:eleu;3:long:elev;4:List<SocialApplicationInformation>:elew	refs/otomai/libs/Bubble.Shared/Protocol/Game/Jwr.cs:10
AllianceApplicationModifiedEvent	AllianceApplicationModifiedEvent	jws	S2C	1:long:elfa;2:SocialApplicationInformation:elfb;3:Jdk:elfc	refs/otomai/libs/Bubble.Shared/Protocol/Game/Jws.cs:10
AllianceApplicationReceivedEvent	AllianceApplicationReceivedEvent	jwt	S2C	1:long:elfg;2:string:elfh	refs/otomai/libs/Bubble.Shared/Protocol/Game/Jwt.cs:10
AllianceApplicationDeletionRequest	AllianceApplicationDeletionRequest	jwu	C2S		refs/otomai/libs/Bubble.Shared/Protocol/Game/Jwu.cs:10
AllianceRecruitmentInformationRequest	AllianceRecruitmentInformationRequest	jwv	C2S		refs/otomai/libs/Bubble.Shared/Protocol/Game/Jwv.cs:10
AllianceApplicationPresenceEvent	AllianceApplicationPresenceEvent	jww	S2C	1:bool:elfr	refs/otomai/libs/Bubble.Shared/Protocol/Game/Jww.cs:10
AllianceRecruitmentAutomaticJoinRequest	AllianceRecruitmentAutomaticJoinRequest	jwx	C2S	1:string:elfv	refs/otomai/libs/Bubble.Shared/Protocol/Game/Jwx.cs:10
AllianceApplicationListRequest	AllianceApplicationListRequest	jwy	C2S	1:long:elfz;2:long:elga	refs/otomai/libs/Bubble.Shared/Protocol/Game/Jwy.cs:10
AllianceApplicationInformationEvent	AllianceApplicationInformationEvent	jwz	S2C	1:AllianceInformation:elge;2:SocialApplicationInformation:elgf	refs/otomai/libs/Bubble.Shared/Protocol/Game/Jwz.cs:10
AllianceApplicationUpdateRequest	AllianceApplicationUpdateRequest	jxa	C2S	1:string:elgj;2:string:elgk	refs/otomai/libs/Bubble.Shared/Protocol/Game/Jxa.cs:10
AllianceApplicationListenRequest	AllianceApplicationListenRequest	jxb	C2S	1:bool:elgo;2:bool:elgp	refs/otomai/libs/Bubble.Shared/Protocol/Game/Jxb.cs:10
AllianceApplicationDeletedEvent	AllianceApplicationDeletedEvent	jxc	S2C	1:bool:elgt;2:bool:elgu	refs/otomai/libs/Bubble.Shared/Protocol/Game/Jxc.cs:10
AllianceRecruitmentUpdateRequest	AllianceRecruitmentUpdateRequest	jxd	C2S	1:AllianceRecruitmentInformation:elgy	refs/otomai/libs/Bubble.Shared/Protocol/Game/Jxd.cs:10
AllianceRecruitmentInformationEvent	AllianceRecruitmentInformationEvent	jxe	S2C	1:AllianceRecruitmentInformation:elhc	refs/otomai/libs/Bubble.Shared/Protocol/Game/Jxe.cs:10
AllianceApplicationNoInformationEvent	AllianceApplicationNoInformationEvent	jxf	S2C		refs/otomai/libs/Bubble.Shared/Protocol/Game/Jxf.cs:10
AllianceRankUpdateAllRequest	AllianceRankUpdateAllRequest	jxh	C2S	1:List<RankInformation>:elhk;2:List<RankInformation>:elhl	refs/otomai/libs/Bubble.Shared/Protocol/Game/Jxh.cs:10
AllianceRankDeletionRequest	AllianceRankDeletionRequest	jxi	C2S	1:int:elhp;2:int:elhq	refs/otomai/libs/Bubble.Shared/Protocol/Game/Jxi.cs:10
AllianceRankUpdateRequest	AllianceRankUpdateRequest	jxj	C2S	1:RankInformation:elhu;2:RankInformation:elhv	refs/otomai/libs/Bubble.Shared/Protocol/Game/Jxj.cs:10
AllianceRankCreationRequest	AllianceRankCreationRequest	jxk	C2S	1:int:elhz;2:string:elia;3:int:elib	refs/otomai/libs/Bubble.Shared/Protocol/Game/Jxk.cs:10
AllianceRanksEvent	AllianceRanksEvent	jxl	S2C	1:List<RankInformation>:elif	refs/otomai/libs/Bubble.Shared/Protocol/Game/Jxl.cs:10
AllianceRankChangeRequest	AllianceRankChangeRequest	jxm	C2S	1:long:elij;2:int:elik	refs/otomai/libs/Bubble.Shared/Protocol/Game/Jxm.cs:10
AllianceRightsUpdateRequest	AllianceRightsUpdateRequest	jxn	C2S	1:int:elio;2:List<int>:elip	refs/otomai/libs/Bubble.Shared/Protocol/Game/Jxn.cs:10
AllianceRanksRequest	AllianceRanksRequest	jxo	C2S		refs/otomai/libs/Bubble.Shared/Protocol/Game/Jxo.cs:10
AllianceMembershipEvent	AllianceMembershipEvent	jxq	S2C	1:AllianceInformation:elix;2:int:eliy	refs/otomai/libs/Bubble.Shared/Protocol/Game/Jxq.cs:10
AllianceInvitationStateRecruitedEvent	AllianceInvitationStateRecruitedEvent	jxr	S2C	1:Jdo:eljc	refs/otomai/libs/Bubble.Shared/Protocol/Game/Jxr.cs:10
AllianceInvitationRequest	AllianceInvitationRequest	jxs	C2S	1:long:eljg	refs/otomai/libs/Bubble.Shared/Protocol/Game/Jxs.cs:10
AllianceMemberUpdateEvent	AllianceMemberUpdateEvent	jxt	S2C	1:AllianceMemberInformation:eljk	refs/otomai/libs/Bubble.Shared/Protocol/Game/Jxt.cs:10
AllianceKickRequest	AllianceKickRequest	jxu	C2S	1:long:eljo	refs/otomai/libs/Bubble.Shared/Protocol/Game/Jxu.cs:10
AllianceLeftEvent	AllianceLeftEvent	jxv	S2C		refs/otomai/libs/Bubble.Shared/Protocol/Game/Jxv.cs:10
AllianceJoinedEvent	AllianceJoinedEvent	jxw	S2C	1:AllianceInformation:eljv;2:int:eljw	refs/otomai/libs/Bubble.Shared/Protocol/Game/Jxw.cs:10
AllianceInvitationStateRecruiterEvent	AllianceInvitationStateRecruiterEvent	jxx	S2C	1:string:elka;2:Jdo:elkb	refs/otomai/libs/Bubble.Shared/Protocol/Game/Jxx.cs:10
AllianceInvitedEvent	AllianceInvitedEvent	jxy	S2C	1:AllianceInformation:elkf;2:string:elkg	refs/otomai/libs/Bubble.Shared/Protocol/Game/Jxy.cs:10
AllianceInvitationAnswerRequest	AllianceInvitationAnswerRequest	jxz	C2S	1:bool:elkk	refs/otomai/libs/Bubble.Shared/Protocol/Game/Jxz.cs:10
AllianceMemberLeavingEvent	AllianceMemberLeavingEvent	jya	S2C	1:bool:elko;2:long:elkp	refs/otomai/libs/Bubble.Shared/Protocol/Game/Jya.cs:10
AllianceFactsRequest	AllianceFactsRequest	jyc	C2S	1:string:elku	refs/otomai/libs/Bubble.Shared/Protocol/Game/Jyc.cs:10
AllianceCreationValidRequest	AllianceCreationValidRequest	jyd	C2S	1:string:elky;2:string:elkz;3:SocialEmblem:ella	refs/otomai/libs/Bubble.Shared/Protocol/Game/Jyd.cs:10
AllianceMotdEvent	AllianceMotdEvent	jye	S2C	1:SocialNoticeInformation:elle	refs/otomai/libs/Bubble.Shared/Protocol/Game/Jye.cs:10
AllianceMotdSetRequest	AllianceMotdSetRequest	jyf	C2S	1:string:elli	refs/otomai/libs/Bubble.Shared/Protocol/Game/Jyf.cs:10
AllianceModificationStartedEvent	AllianceModificationStartedEvent	jyg	S2C	1:bool:ellm;2:bool:elln;3:bool:ello;4:long:ellp	refs/otomai/libs/Bubble.Shared/Protocol/Game/Jyg.cs:10
AllianceFactsEvent	AllianceFactsEvent	jyh	S2C	1:long:ellt;2:List<Character>:ellu;3:List<int>:ellv;4:string:ellw;5:AllianceInformation:ellx	refs/otomai/libs/Bubble.Shared/Protocol/Game/Jyh.cs:10
AllianceInsiderInformationRequest	AllianceInsiderInformationRequest	jyi	C2S		refs/otomai/libs/Bubble.Shared/Protocol/Game/Jyi.cs:10
AllianceModificationResultEvent	AllianceModificationResultEvent	jyj	S2C	1:SocialGroupOperationResult:elme	refs/otomai/libs/Bubble.Shared/Protocol/Game/Jyj.cs:10
AllianceEmblemModificationValidRequest	AllianceEmblemModificationValidRequest	jyk	C2S	1:SocialEmblem:elmi	refs/otomai/libs/Bubble.Shared/Protocol/Game/Jyk.cs:10
AllianceModificationValidRequest	AllianceModificationValidRequest	jyl	C2S	1:string:elmm;2:string:elmn;3:SocialEmblem:elmo;4:string:elmp	refs/otomai/libs/Bubble.Shared/Protocol/Game/Jyl.cs:10
AllianceBulletinSetRequest	AllianceBulletinSetRequest	jym	C2S	1:string:elmt	refs/otomai/libs/Bubble.Shared/Protocol/Game/Jym.cs:10
AllianceMemberStartWarningOnConnectionRequest	AllianceMemberStartWarningOnConnectionRequest	jyn	C2S		refs/otomai/libs/Bubble.Shared/Protocol/Game/Jyn.cs:10
AllianceSummaryEvent	AllianceSummaryEvent	jyo	S2C	1:long:elna;2:List<AllianceInformation>:elnb;3:long:elnc;4:long:elnd	refs/otomai/libs/Bubble.Shared/Protocol/Game/Jyo.cs:10
AllianceMotdSetErrorEvent	AllianceMotdSetErrorEvent	jyp	S2C	1:Jdn:elnh	refs/otomai/libs/Bubble.Shared/Protocol/Game/Jyp.cs:10
AllianceBulletinEvent	AllianceBulletinEvent	jyq	S2C	1:SocialNoticeInformation:elnl	refs/otomai/libs/Bubble.Shared/Protocol/Game/Jyq.cs:10
AllianceFactsErrorEvent	AllianceFactsErrorEvent	jyr	S2C	1:string:elnp	refs/otomai/libs/Bubble.Shared/Protocol/Game/Jyr.cs:10
AllianceCreationStartedEvent	AllianceCreationStartedEvent	jys	S2C		refs/otomai/libs/Bubble.Shared/Protocol/Game/Jys.cs:10
AllianceCreationResultEvent	AllianceCreationResultEvent	jyt	S2C	1:SocialGroupOperationResult:elnw	refs/otomai/libs/Bubble.Shared/Protocol/Game/Jyt.cs:10
AllianceBulletinSetErrorEvent	AllianceBulletinSetErrorEvent	jyu	S2C	1:Jdn:eloa	refs/otomai/libs/Bubble.Shared/Protocol/Game/Jyu.cs:10
AllianceMemberStopWarningOnConnectionRequest	AllianceMemberStopWarningOnConnectionRequest	jyv	C2S		refs/otomai/libs/Bubble.Shared/Protocol/Game/Jyv.cs:10
AllianceInsiderInformationEvent	AllianceInsiderInformationEvent	jyw	S2C	1:AllianceInformation:eloh;2:List<AllianceMemberInformation>:eloi;3:List<TaxCollectorInformation>:eloj;4:List<PrismLocalizedInformation>:elok	refs/otomai/libs/Bubble.Shared/Protocol/Game/Jyw.cs:10
AllianceSummaryRequest	AllianceSummaryRequest	jza	C2S	1:int:eloo;2:string:elop;3:bool:eloq;4:bool:elor;5:int:elos;6:long:elot;7:Jyy:elou;8:List<int>:elov;9:Jyx:elow;10:long:elox;11:List<int>:eloy;12:bool:eloz;13:List<Jdj>:elpa	refs/otomai/libs/Bubble.Shared/Protocol/Game/Jza.cs:10
AllianceNameAndTagModificationValidRequest	AllianceNameAndTagModificationValidRequest	jzb	C2S	1:string:elpe;2:string:elpf	refs/otomai/libs/Bubble.Shared/Protocol/Game/Jzb.cs:10
NuggetsInformationEvent	NuggetsInformationEvent	jzd	S2C	1:int:elpk	refs/otomai/libs/Bubble.Shared/Protocol/Game/Jzd.cs:10
AllianceFightPhaseUpdateEvent	AllianceFightPhaseUpdateEvent	jze	S2C	1:FightPhaseInfo:elpo;2:SocialFightInformation:elpp	refs/otomai/libs/Bubble.Shared/Protocol/Game/Jze.cs:10
AllianceFightListenStartRequest	AllianceFightListenStartRequest	jzf	C2S		refs/otomai/libs/Bubble.Shared/Protocol/Game/Jzf.cs:10
NuggetsListenStopRequest	NuggetsListenStopRequest	jzg	C2S		refs/otomai/libs/Bubble.Shared/Protocol/Game/Jzg.cs:10
AllianceFightLeaveRequest	AllianceFightLeaveRequest	jzh	C2S	1:SocialFightInformation:elpz	refs/otomai/libs/Bubble.Shared/Protocol/Game/Jzh.cs:10
KOTHUpdateEvent	KOTHUpdateEvent	jzp	S2C	1:long:elqw;2:List<Jzn>:elqx;3:string:elqy	refs/otomai/libs/Bubble.Shared/Protocol/Game/Jzp.cs:10
Jzn	KOTHUpdateEvent+Jzn	.jzn		1:int:elqo;2:List<Jzl>:elqp;3:List<Jzi>:elqq;4:AllianceInformation:elqr;5:long:elqs	refs/otomai/libs/Bubble.Shared/Protocol/Game/Jzp.cs:28
Jzl	KOTHUpdateEvent+Jzn+Jzl	.jzl		1:int:elqi;2:int:elqj;3:Jzj:elqk	refs/otomai/libs/Bubble.Shared/Protocol/Game/Jzp.cs:51
Jzi	KOTHUpdateEvent+Jzn+Jzi	.jzi		1:long:elqd;2:int:elqe	refs/otomai/libs/Bubble.Shared/Protocol/Game/Jzp.cs:81
AllianceFightFighterRemovedEvent	AllianceFightFighterRemovedEvent	jzq	S2C	1:SocialFightInformation:elrc;2:long:elrd	refs/otomai/libs/Bubble.Shared/Protocol/Game/Jzq.cs:10
AllianceFightJoinRequest	AllianceFightJoinRequest	jzr	C2S	1:SocialFightInformation:elrh;2:SocialFightInformation:elri	refs/otomai/libs/Bubble.Shared/Protocol/Game/Jzr.cs:10
NuggetsBeneficiary	NuggetsBeneficiary	jzs		1:long:elrm;2:int:elrn	refs/otomai/libs/Bubble.Shared/Protocol/Game/Jzs.cs:10
NuggetsListenStartRequest	NuggetsListenStartRequest	jzt	C2S		refs/otomai/libs/Bubble.Shared/Protocol/Game/Jzt.cs:10
AllianceFightsInformationEvent	AllianceFightsInformationEvent	jzu	S2C	1:List<SocialFight>:elru	refs/otomai/libs/Bubble.Shared/Protocol/Game/Jzu.cs:10
AVAStateUpdateRequest	AVAStateUpdateRequest	jzv	C2S	1:bool:elry	refs/otomai/libs/Bubble.Shared/Protocol/Game/Jzv.cs:10
AllianceFightFighterAddedEvent	AllianceFightFighterAddedEvent	jzw	S2C	1:Character:elsc;2:Jdd:elsd;3:SocialFightInformation:else	refs/otomai/libs/Bubble.Shared/Protocol/Game/Jzw.cs:10
AllianceFightListenStopRequest	AllianceFightListenStopRequest	jzx	C2S		refs/otomai/libs/Bubble.Shared/Protocol/Game/Jzx.cs:10
NuggetsDistributionRequest	NuggetsDistributionRequest	jzy	C2S	1:List<NuggetsBeneficiary>:elsl	refs/otomai/libs/Bubble.Shared/Protocol/Game/Jzy.cs:10
AllianceFightReplaceRequest	AllianceFightReplaceRequest	jzz	C2S	1:SocialFightInformation:elsp;2:long:elsq	refs/otomai/libs/Bubble.Shared/Protocol/Game/Jzz.cs:10
AllianceFightFinishedEvent	AllianceFightFinishedEvent	kaa	S2C	1:SocialFightInformation:elsu	refs/otomai/libs/Bubble.Shared/Protocol/Game/Kaa.cs:10
KOTHEndEvent	KOTHEndEvent	kab	S2C	1:AllianceInformation:elsy;2:AllianceInformation:elsz	refs/otomai/libs/Bubble.Shared/Protocol/Game/Kab.cs:10
AllianceFightStartedEvent	AllianceFightStartedEvent	kac	S2C	1:FightPhaseInfo:eltd;2:SocialFightInformation:elte	refs/otomai/libs/Bubble.Shared/Protocol/Game/Kac.cs:10
Command	Command	kae		1:string:eltj;2:string:eltk;3:string:eltl	refs/otomai/libs/Bubble.Shared/Protocol/Game/Kae.cs:10
ConsoleCommand	ConsoleCommand	kaf		1:string:eltp;2:bool:eltq;3:bool:eltr	refs/otomai/libs/Bubble.Shared/Protocol/Game/Kaf.cs:10
ConsoleMessage	ConsoleMessage	kai		1:Kag:eltv;2:string:eltw	refs/otomai/libs/Bubble.Shared/Protocol/Game/Kai.cs:10
ConsoleEnd	ConsoleEnd	kaj		1:bool:elua	refs/otomai/libs/Bubble.Shared/Protocol/Game/Kaj.cs:10
CommandSummary	CommandSummary	kak		1:List<Command>:elue;2:List<int>:eluf	refs/otomai/libs/Bubble.Shared/Protocol/Game/Kak.cs:10
AchievementsDetailedRequest	AchievementsDetailedRequest	kam	C2S	1:int:eluk;2:int:elul	refs/otomai/libs/Bubble.Shared/Protocol/Game/Kam.cs:10
AchievementsPioneerRanksResponse	AchievementsPioneerRanksResponse	kap	S2C	1:bool:eluu;2:List<Kan>:eluv	refs/otomai/libs/Bubble.Shared/Protocol/Game/Kap.cs:10
Kan	AchievementsPioneerRanksResponse+Kan	.kan		1:int:elup;2:int:eluq	refs/otomai/libs/Bubble.Shared/Protocol/Game/Kap.cs:24
AchievementsAlmostFinishedDetailedRequest	AchievementsAlmostFinishedDetailedRequest	kaq	C2S		refs/otomai/libs/Bubble.Shared/Protocol/Game/Kaq.cs:10
AchievementFinishedEvent	AchievementFinishedEvent	kar	S2C	1:AchievedAchievement:achievement	refs/otomai/libs/Bubble.Shared/Protocol/Game/Kar.cs:10
AchievementsPioneerRanksRequest	AchievementsPioneerRanksRequest	kas	C2S		refs/otomai/libs/Bubble.Shared/Protocol/Game/Kas.cs:10
Achievement	Achievement	kav		1:List<Kat>:elvq;2:int:elvr	refs/otomai/libs/Bubble.Shared/Protocol/Game/Kav.cs:10
Kat	Achievement+Kat	.kat		1:long:elvj;2:int:elvk;3:long:elvl	refs/otomai/libs/Bubble.Shared/Protocol/Game/Kav.cs:24
AchievementDetailsEvent	AchievementDetailsEvent	kaw	S2C	1:Achievement:elvv	refs/otomai/libs/Bubble.Shared/Protocol/Game/Kaw.cs:10
AchievementDetailsRequest	AchievementDetailsRequest	kax	C2S	1:int:elvz;2:int:elwa	refs/otomai/libs/Bubble.Shared/Protocol/Game/Kax.cs:10
AchievementFinishedInformationEvent	AchievementFinishedInformationEvent	kay	S2C	1:long:player_id;2:string:player_name;3:AchievedAchievement:achievement	refs/otomai/libs/Bubble.Shared/Protocol/Game/Kay.cs:10
AchievementRewardResultEvent	AchievementRewardResultEvent	kaz	S2C	1:bool:elwk;2:int:elwl;3:int:elwm	refs/otomai/libs/Bubble.Shared/Protocol/Game/Kaz.cs:10
AchievementsDetailedEvent	AchievementsDetailedEvent	kba	S2C	1:List<Achievement>:elwq	refs/otomai/libs/Bubble.Shared/Protocol/Game/Kba.cs:10
AchievementRewardRequest	AchievementRewardRequest	kbb	C2S	1:int:achievement_id	refs/otomai/libs/Bubble.Shared/Protocol/Game/Kbb.cs:10
AchievementsAlmostFinishedDetailedEvent	AchievementsAlmostFinishedDetailedEvent	kbc	S2C	1:List<Achievement>:elwy	refs/otomai/libs/Bubble.Shared/Protocol/Game/Kbc.cs:10
AchievementsEvent	AchievementsEvent	kbd	S2C	1:List<AchievedAchievement>:achieved_achievements	refs/otomai/libs/Bubble.Shared/Protocol/Game/Kbd.cs:10
AchievedAchievement	AchievedAchievement	kbe		1:int:finished_level;2:int:pioneer_rank;3:int:achievement_id;4:long:achieved_by	refs/otomai/libs/Bubble.Shared/Protocol/Game/Kbe.cs:10
GuestLimitationEvent	GuestLimitationEvent	kbi	S2C	1:Kbg:elxp;2:long:elxq	refs/otomai/libs/Bubble.Shared/Protocol/Game/Kbi.cs:10
AccountSubscriptionElapsedDurationUpdateEvent	AccountSubscriptionElapsedDurationUpdateEvent	kbj	S2C	1:long:elxv;2:long:elxw	refs/otomai/libs/Bubble.Shared/Protocol/Game/Kbj.cs:10
AccountInformationUpdateEvent	AccountInformationUpdateEvent	kbk	S2C	1:long:elya	refs/otomai/libs/Bubble.Shared/Protocol/Game/Kbk.cs:10
SubscriptionZoneEvent	SubscriptionZoneEvent	kbl	S2C	1:bool:elye	refs/otomai/libs/Bubble.Shared/Protocol/Game/Kbl.cs:10
AccountAdditionalFacesEvent	AccountAdditionalFacesEvent	kbm	S2C	1:List<int>:elyi	refs/otomai/libs/Bubble.Shared/Protocol/Game/Kbm.cs:10
SubscriptionLimitationEvent	SubscriptionLimitationEvent	kbp	S2C	1:Kbn:elym	refs/otomai/libs/Bubble.Shared/Protocol/Game/Kbp.cs:10
AccountCapabilitiesEvent	AccountCapabilitiesEvent	kbq	S2C	1:bool:elyq;2:Jct:elyr;3:long:elys;4:bool:elyt;5:bool:elyu	refs/otomai/libs/Bubble.Shared/Protocol/Game/Kbq.cs:10
GuestModeEvent	GuestModeEvent	kbr	S2C	1:bool:elyy	refs/otomai/libs/Bubble.Shared/Protocol/Game/Kbr.cs:10
