nom_message_clair	nom_complet	opcode_ou_typeurl	direction	champs	fichier:ligne
Message	com.ankama.dofus.server.connection.protocol.Message	type.ankama.com/com.ankama.dofus.server.connection.protocol.Message		1:.com.ankama.dofus.server.connection.protocol.Request:request;2:.com.ankama.dofus.server.connection.protocol.Response:response;3:.com.ankama.dofus.server.connection.protocol.Event:event	refs/dofus-unity-protocol-builder/proto/connection/message.proto:7
Request	com.ankama.dofus.server.connection.protocol.Request	type.ankama.com/com.ankama.dofus.server.connection.protocol.Request	C2S	1:string:uuid;2:.com.ankama.dofus.server.connection.protocol.Ping:ping;3:.com.ankama.dofus.server.connection.protocol.IdentificationRequest:identification;4:.com.ankama.dofus.server.connection.protocol.SelectServerRequest:selectServer;5:.com.ankama.dofus.server.connection.protocol.ForceAccountRequest:forceAccount;6:.com.ankama.dofus.server.connection.protocol.ReleaseAccountRequest:releaseAccount;7:.com.ankama.dofus.server.connection.protocol.CharactersRequest:characters_request;8:.com.ankama.dofus.server.connection.protocol.FriendListRequest:friend_list_request;9:.com.ankama.dofus.server.connection.protocol.AcquaintanceServersRequest:acquaintance_servers_request	refs/dofus-unity-protocol-builder/proto/connection/message.proto:15
Response	com.ankama.dofus.server.connection.protocol.Response	type.ankama.com/com.ankama.dofus.server.connection.protocol.Response	S2C	1:string:uuid;2:.com.ankama.dofus.server.connection.protocol.Pong:pong;3:.com.ankama.dofus.server.connection.protocol.IdentificationResponse:identification;4:.com.ankama.dofus.server.connection.protocol.SelectServerResponse:selectServer;5:.com.ankama.dofus.server.connection.protocol.ForceAccountResponse:forceAccount;6:.com.ankama.dofus.server.connection.protocol.CharacterListResponse:character_list_response;7:.com.ankama.dofus.server.connection.protocol.FriendListResponse:friend_list;8:.com.ankama.dofus.server.connection.protocol.AcquaintanceServersResponse:acquaintance_servers_response	refs/dofus-unity-protocol-builder/proto/connection/message.proto:29
Event	com.ankama.dofus.server.connection.protocol.Event	type.ankama.com/com.ankama.dofus.server.connection.protocol.Event	S2C	1:.com.ankama.dofus.server.connection.protocol.Server:server;2:.com.ankama.dofus.server.connection.protocol.UpdateServerEvent:update_server_event	refs/dofus-unity-protocol-builder/proto/connection/message.proto:42
Ping	com.ankama.dofus.server.connection.protocol.Ping	type.ankama.com/com.ankama.dofus.server.connection.protocol.Ping			refs/dofus-unity-protocol-builder/proto/connection/message.proto:49
Pong	com.ankama.dofus.server.connection.protocol.Pong	type.ankama.com/com.ankama.dofus.server.connection.protocol.Pong			refs/dofus-unity-protocol-builder/proto/connection/message.proto:52
UpdateServerEvent	com.ankama.dofus.server.connection.protocol.UpdateServerEvent	type.ankama.com/com.ankama.dofus.server.connection.protocol.UpdateServerEvent	S2C	1:.com.ankama.dofus.server.connection.protocol.ServerInformation:serverInformation	refs/dofus-unity-protocol-builder/proto/connection/message.proto:55
IdentificationRequest	com.ankama.dofus.server.connection.protocol.IdentificationRequest	type.ankama.com/com.ankama.dofus.server.connection.protocol.IdentificationRequest	C2S	1:string:device_identifier;5:string:client_version;3:.com.ankama.dofus.server.connection.protocol.TokenRequest:tokenRequest;4:.com.ankama.dofus.server.connection.protocol.LoginRequest:loginRequest	refs/dofus-unity-protocol-builder/proto/connection/message.proto:59
TokenRequest	com.ankama.dofus.server.connection.protocol.TokenRequest	type.ankama.com/com.ankama.dofus.server.connection.protocol.TokenRequest	C2S	1:string:token;2:.com.ankama.dofus.server.connection.protocol.TokenRequest.Shield:shield	refs/dofus-unity-protocol-builder/proto/connection/message.proto:68
Shield	com.ankama.dofus.server.connection.protocol.TokenRequest+Shield	type.ankama.com/com.ankama.dofus.server.connection.protocol.TokenRequest.Shield		1:int64:certificateId;2:string:certificateHash	refs/dofus-unity-protocol-builder/proto/connection/message.proto:71
LoginRequest	com.ankama.dofus.server.connection.protocol.LoginRequest	type.ankama.com/com.ankama.dofus.server.connection.protocol.LoginRequest	C2S	1:string:login	refs/dofus-unity-protocol-builder/proto/connection/message.proto:78
IdentificationResponse	com.ankama.dofus.server.connection.protocol.IdentificationResponse	type.ankama.com/com.ankama.dofus.server.connection.protocol.IdentificationResponse	S2C	1:.com.ankama.dofus.server.connection.protocol.IdentificationResponse.Success:success;2:.com.ankama.dofus.server.connection.protocol.IdentificationResponse.Error:error	refs/dofus-unity-protocol-builder/proto/connection/message.proto:82
Success	com.ankama.dofus.server.connection.protocol.IdentificationResponse+Success	type.ankama.com/com.ankama.dofus.server.connection.protocol.IdentificationResponse.Success		1:int64:account_id;2:string:account_nickname;3:string:account_tag;4:.com.ankama.dofus.server.connection.protocol.ServerList:server_list;5:string:subscription_end_date;6:.com.ankama.dofus.server.connection.protocol.IdentificationResponse.Success.Rights:rights;7:int32:fight_reconnection_server_id	refs/dofus-unity-protocol-builder/proto/connection/message.proto:87
Rights	com.ankama.dofus.server.connection.protocol.IdentificationResponse+Success+Rights	type.ankama.com/com.ankama.dofus.server.connection.protocol.IdentificationResponse.Success.Rights		1:bool:show_force_account;2:bool:show_console;3:bool:unlimited_access;4:bool:infinite_subscription;5:bool:report	refs/dofus-unity-protocol-builder/proto/connection/message.proto:95
Error	com.ankama.dofus.server.connection.protocol.IdentificationResponse+Error	type.ankama.com/com.ankama.dofus.server.connection.protocol.IdentificationResponse.Error		1:.com.ankama.dofus.server.connection.protocol.IdentificationResponse.Error.Reason:reason;2:string:ban_end_date;3:string:required_version	refs/dofus-unity-protocol-builder/proto/connection/message.proto:105
SelectServerRequest	com.ankama.dofus.server.connection.protocol.SelectServerRequest	type.ankama.com/com.ankama.dofus.server.connection.protocol.SelectServerRequest	C2S	1:int32:server	refs/dofus-unity-protocol-builder/proto/connection/message.proto:130
SelectServerResponse	com.ankama.dofus.server.connection.protocol.SelectServerResponse	type.ankama.com/com.ankama.dofus.server.connection.protocol.SelectServerResponse	S2C	1:.com.ankama.dofus.server.connection.protocol.SelectServerResponse.Success:success;2:.com.ankama.dofus.server.connection.protocol.SelectServerResponse.Error:error	refs/dofus-unity-protocol-builder/proto/connection/message.proto:134
Success	com.ankama.dofus.server.connection.protocol.SelectServerResponse+Success	type.ankama.com/com.ankama.dofus.server.connection.protocol.SelectServerResponse.Success		1:string:token;2:string:host;3:repeated int32:ports	refs/dofus-unity-protocol-builder/proto/connection/message.proto:139
ServerList	com.ankama.dofus.server.connection.protocol.ServerList	type.ankama.com/com.ankama.dofus.server.connection.protocol.ServerList		1:repeated .com.ankama.dofus.server.connection.protocol.ServerInformation:servers;2:int32:max_slot_by_type	refs/dofus-unity-protocol-builder/proto/connection/message.proto:154
ServerInformation	com.ankama.dofus.server.connection.protocol.ServerInformation	type.ankama.com/com.ankama.dofus.server.connection.protocol.ServerInformation		1:.com.ankama.dofus.server.connection.protocol.Server:server;2:.com.ankama.dofus.server.connection.protocol.ServerInformation.Accessibility:accessibility	refs/dofus-unity-protocol-builder/proto/connection/message.proto:159
Server	com.ankama.dofus.server.connection.protocol.Server	type.ankama.com/com.ankama.dofus.server.connection.protocol.Server		1:int32:id;2:.com.ankama.dofus.server.connection.protocol.Server.Status:status;3:bool:limited;4:int32:type;5:bool:mono_account	refs/dofus-unity-protocol-builder/proto/connection/message.proto:170
ForceAccountRequest	com.ankama.dofus.server.connection.protocol.ForceAccountRequest	type.ankama.com/com.ankama.dofus.server.connection.protocol.ForceAccountRequest	C2S	1:int64:account_id	refs/dofus-unity-protocol-builder/proto/connection/message.proto:184
ForceAccountResponse	com.ankama.dofus.server.connection.protocol.ForceAccountResponse	type.ankama.com/com.ankama.dofus.server.connection.protocol.ForceAccountResponse	S2C	2:.com.ankama.dofus.server.connection.protocol.ForceAccountStatus:success;3:.com.ankama.dofus.server.connection.protocol.ForceAccountError:error	refs/dofus-unity-protocol-builder/proto/connection/message.proto:188
ForceAccountStatus	com.ankama.dofus.server.connection.protocol.ForceAccountStatus	type.ankama.com/com.ankama.dofus.server.connection.protocol.ForceAccountStatus		1:bool:is_forced;2:int64:forced_account_id;3:string:forced_account_nickname;4:string:forced_account_tag;5:.com.ankama.dofus.server.connection.protocol.ServerList:server_list	refs/dofus-unity-protocol-builder/proto/connection/message.proto:195
ForceAccountError	com.ankama.dofus.server.connection.protocol.ForceAccountError	type.ankama.com/com.ankama.dofus.server.connection.protocol.ForceAccountError			refs/dofus-unity-protocol-builder/proto/connection/message.proto:203
ReleaseAccountRequest	com.ankama.dofus.server.connection.protocol.ReleaseAccountRequest	type.ankama.com/com.ankama.dofus.server.connection.protocol.ReleaseAccountRequest	C2S		refs/dofus-unity-protocol-builder/proto/connection/message.proto:206
CharactersRequest	com.ankama.dofus.server.connection.protocol.CharactersRequest	type.ankama.com/com.ankama.dofus.server.connection.protocol.CharactersRequest	C2S		refs/dofus-unity-protocol-builder/proto/connection/message.proto:209
CharacterListResponse	com.ankama.dofus.server.connection.protocol.CharacterListResponse	type.ankama.com/com.ankama.dofus.server.connection.protocol.CharacterListResponse	S2C	1:repeated .com.ankama.dofus.server.connection.protocol.CharacterListResponse.CharacterInformation:character_information	refs/dofus-unity-protocol-builder/proto/connection/message.proto:212
CharacterInformation	com.ankama.dofus.server.connection.protocol.CharacterListResponse+CharacterInformation	type.ankama.com/com.ankama.dofus.server.connection.protocol.CharacterListResponse.CharacterInformation		1:string:name;2:.com.ankama.dofus.server.connection.protocol.CharacterListResponse.CharacterInformation.Breed:breed;3:.com.ankama.dofus.server.connection.protocol.CharacterListResponse.CharacterInformation.Gender:gender;4:int32:level;5:string:last_connection_date;6:int32:server_id	refs/dofus-unity-protocol-builder/proto/connection/message.proto:214
FriendListRequest	com.ankama.dofus.server.connection.protocol.FriendListRequest	type.ankama.com/com.ankama.dofus.server.connection.protocol.FriendListRequest	C2S		refs/dofus-unity-protocol-builder/proto/connection/message.proto:252
FriendListResponse	com.ankama.dofus.server.connection.protocol.FriendListResponse	type.ankama.com/com.ankama.dofus.server.connection.protocol.FriendListResponse	S2C	1:.com.ankama.dofus.server.connection.protocol.FriendListResponse.FriendList:friends;2:.com.ankama.dofus.server.connection.protocol.FriendListResponse.Error:error	refs/dofus-unity-protocol-builder/proto/connection/message.proto:255
FriendList	com.ankama.dofus.server.connection.protocol.FriendListResponse+FriendList	type.ankama.com/com.ankama.dofus.server.connection.protocol.FriendListResponse.FriendList		1:repeated .com.ankama.dofus.server.connection.protocol.FriendListResponse.FriendList.Friend:friends	refs/dofus-unity-protocol-builder/proto/connection/message.proto:260
Friend	com.ankama.dofus.server.connection.protocol.FriendListResponse+FriendList+Friend	type.ankama.com/com.ankama.dofus.server.connection.protocol.FriendListResponse.FriendList.Friend		1:string:account_name;2:string:account_tag;3:repeated int32:servers	refs/dofus-unity-protocol-builder/proto/connection/message.proto:262
AcquaintanceServersRequest	com.ankama.dofus.server.connection.protocol.AcquaintanceServersRequest	type.ankama.com/com.ankama.dofus.server.connection.protocol.AcquaintanceServersRequest	C2S	1:string:name;2:string:tag	refs/dofus-unity-protocol-builder/proto/connection/message.proto:277
AcquaintanceServersResponse	com.ankama.dofus.server.connection.protocol.AcquaintanceServersResponse	type.ankama.com/com.ankama.dofus.server.connection.protocol.AcquaintanceServersResponse	S2C	1:.com.ankama.dofus.server.connection.protocol.AcquaintanceServersResponse.Servers:servers;2:.com.ankama.dofus.server.connection.protocol.AcquaintanceServersResponse.Error:error	refs/dofus-unity-protocol-builder/proto/connection/message.proto:282
Servers	com.ankama.dofus.server.connection.protocol.AcquaintanceServersResponse+Servers	type.ankama.com/com.ankama.dofus.server.connection.protocol.AcquaintanceServersResponse.Servers		1:repeated int32:servers	refs/dofus-unity-protocol-builder/proto/connection/message.proto:287
Error	com.ankama.dofus.server.connection.protocol.AcquaintanceServersResponse+Error	type.ankama.com/com.ankama.dofus.server.connection.protocol.AcquaintanceServersResponse.Error		1:.com.ankama.dofus.server.connection.protocol.AcquaintanceServersResponse.Error.Reason:reason	refs/dofus-unity-protocol-builder/proto/connection/message.proto:291
AccountInformationUpdateEvent	com.ankama.dofus.server.game.protocol.account.AccountInformationUpdateEvent	type.ankama.com/com.ankama.dofus.server.game.protocol.account.AccountInformationUpdateEvent	S2C	1:int64:subscription_end_date	refs/dofus-unity-protocol-builder/proto/game/account.proto:9
AccountSubscriptionElapsedDurationUpdateEvent	com.ankama.dofus.server.game.protocol.account.AccountSubscriptionElapsedDurationUpdateEvent	type.ankama.com/com.ankama.dofus.server.game.protocol.account.AccountSubscriptionElapsedDurationUpdateEvent	S2C	1:int64:subscription_elapsed_duration	refs/dofus-unity-protocol-builder/proto/game/account.proto:13
AccountCapabilitiesEvent	com.ankama.dofus.server.game.protocol.account.AccountCapabilitiesEvent	type.ankama.com/com.ankama.dofus.server.game.protocol.account.AccountCapabilitiesEvent	S2C	1:int64:account_id;2:bool:tutorial_available;3:.com.ankama.dofus.server.game.protocol.common.Hierarchy:status;4:bool:can_create_new_character	refs/dofus-unity-protocol-builder/proto/game/account.proto:17
GuestLimitationEvent	com.ankama.dofus.server.game.protocol.account.GuestLimitationEvent	type.ankama.com/com.ankama.dofus.server.game.protocol.account.GuestLimitationEvent	S2C	1:.com.ankama.dofus.server.game.protocol.account.GuestLimitationEvent.GuestLimitation:reason	refs/dofus-unity-protocol-builder/proto/game/account.proto:24
GuestModeEvent	com.ankama.dofus.server.game.protocol.account.GuestModeEvent	type.ankama.com/com.ankama.dofus.server.game.protocol.account.GuestModeEvent	S2C	1:bool:effective	refs/dofus-unity-protocol-builder/proto/game/account.proto:38
SubscriptionLimitationEvent	com.ankama.dofus.server.game.protocol.account.SubscriptionLimitationEvent	type.ankama.com/com.ankama.dofus.server.game.protocol.account.SubscriptionLimitationEvent	S2C	1:.com.ankama.dofus.server.game.protocol.account.SubscriptionLimitationEvent.SubscriptionRequired:reason	refs/dofus-unity-protocol-builder/proto/game/account.proto:42
SubscriptionZoneEvent	com.ankama.dofus.server.game.protocol.account.SubscriptionZoneEvent	type.ankama.com/com.ankama.dofus.server.game.protocol.account.SubscriptionZoneEvent	S2C	1:bool:effective	refs/dofus-unity-protocol-builder/proto/game/account.proto:55
AchievementDetailsRequest	com.ankama.dofus.server.game.protocol.achievement.AchievementDetailsRequest	type.ankama.com/com.ankama.dofus.server.game.protocol.achievement.AchievementDetailsRequest	C2S	1:int32:achievement_id	refs/dofus-unity-protocol-builder/proto/game/achievement.proto:7
AchievementsDetailedRequest	com.ankama.dofus.server.game.protocol.achievement.AchievementsDetailedRequest	type.ankama.com/com.ankama.dofus.server.game.protocol.achievement.AchievementsDetailedRequest	C2S	1:int32:category_id	refs/dofus-unity-protocol-builder/proto/game/achievement.proto:11
AchievementsAlmostFinishedDetailedRequest	com.ankama.dofus.server.game.protocol.achievement.AchievementsAlmostFinishedDetailedRequest	type.ankama.com/com.ankama.dofus.server.game.protocol.achievement.AchievementsAlmostFinishedDetailedRequest	C2S		refs/dofus-unity-protocol-builder/proto/game/achievement.proto:15
AchievementRewardRequest	com.ankama.dofus.server.game.protocol.achievement.AchievementRewardRequest	type.ankama.com/com.ankama.dofus.server.game.protocol.achievement.AchievementRewardRequest	C2S	1:int32:achievement_id	refs/dofus-unity-protocol-builder/proto/game/achievement.proto:18
AchievementsEvent	com.ankama.dofus.server.game.protocol.achievement.AchievementsEvent	type.ankama.com/com.ankama.dofus.server.game.protocol.achievement.AchievementsEvent	S2C	1:repeated .com.ankama.dofus.server.game.protocol.achievement.AchievedAchievement:achieved_achievements	refs/dofus-unity-protocol-builder/proto/game/achievement.proto:22
AchievementDetailsEvent	com.ankama.dofus.server.game.protocol.achievement.AchievementDetailsEvent	type.ankama.com/com.ankama.dofus.server.game.protocol.achievement.AchievementDetailsEvent	S2C	1:.com.ankama.dofus.server.game.protocol.achievement.Achievement:achievement	refs/dofus-unity-protocol-builder/proto/game/achievement.proto:26
AchievementsDetailedEvent	com.ankama.dofus.server.game.protocol.achievement.AchievementsDetailedEvent	type.ankama.com/com.ankama.dofus.server.game.protocol.achievement.AchievementsDetailedEvent	S2C	1:repeated .com.ankama.dofus.server.game.protocol.achievement.Achievement:achievements	refs/dofus-unity-protocol-builder/proto/game/achievement.proto:30
AchievementsAlmostFinishedDetailedEvent	com.ankama.dofus.server.game.protocol.achievement.AchievementsAlmostFinishedDetailedEvent	type.ankama.com/com.ankama.dofus.server.game.protocol.achievement.AchievementsAlmostFinishedDetailedEvent	S2C	1:repeated .com.ankama.dofus.server.game.protocol.achievement.Achievement:almost_finished_achievements	refs/dofus-unity-protocol-builder/proto/game/achievement.proto:34
AchievementFinishedEvent	com.ankama.dofus.server.game.protocol.achievement.AchievementFinishedEvent	type.ankama.com/com.ankama.dofus.server.game.protocol.achievement.AchievementFinishedEvent	S2C	1:.com.ankama.dofus.server.game.protocol.achievement.AchievedAchievement:achievement	refs/dofus-unity-protocol-builder/proto/game/achievement.proto:38
AchievementFinishedInformationEvent	com.ankama.dofus.server.game.protocol.achievement.AchievementFinishedInformationEvent	type.ankama.com/com.ankama.dofus.server.game.protocol.achievement.AchievementFinishedInformationEvent	S2C	1:.com.ankama.dofus.server.game.protocol.achievement.AchievedAchievement:achievement;2:string:player_name;3:int64:player_id	refs/dofus-unity-protocol-builder/proto/game/achievement.proto:42
AchievementRewardResultEvent	com.ankama.dofus.server.game.protocol.achievement.AchievementRewardResultEvent	type.ankama.com/com.ankama.dofus.server.game.protocol.achievement.AchievementRewardResultEvent	S2C	1:int32:achievement_id;2:bool:success	refs/dofus-unity-protocol-builder/proto/game/achievement.proto:48
AchievementsPioneerRanksRequest	com.ankama.dofus.server.game.protocol.achievement.AchievementsPioneerRanksRequest	type.ankama.com/com.ankama.dofus.server.game.protocol.achievement.AchievementsPioneerRanksRequest	C2S		refs/dofus-unity-protocol-builder/proto/game/achievement.proto:53
AchievementsPioneerRanksResponse	com.ankama.dofus.server.game.protocol.achievement.AchievementsPioneerRanksResponse	type.ankama.com/com.ankama.dofus.server.game.protocol.achievement.AchievementsPioneerRanksResponse	S2C	1:repeated .com.ankama.dofus.server.game.protocol.achievement.AchievementsPioneerRanksResponse.AchievementPioneerRank:achievements_pioneer_ranks	refs/dofus-unity-protocol-builder/proto/game/achievement.proto:56
AchievementPioneerRank	com.ankama.dofus.server.game.protocol.achievement.AchievementsPioneerRanksResponse+AchievementPioneerRank	type.ankama.com/com.ankama.dofus.server.game.protocol.achievement.AchievementsPioneerRanksResponse.AchievementPioneerRank		1:int32:achievement_id;2:int32:pioneer_rank	refs/dofus-unity-protocol-builder/proto/game/achievement.proto:58
Achievement	com.ankama.dofus.server.game.protocol.achievement.Achievement	type.ankama.com/com.ankama.dofus.server.game.protocol.achievement.Achievement		1:int32:achievement_id;2:repeated .com.ankama.dofus.server.game.protocol.achievement.Achievement.AchievementObjective:achievement_objectives	refs/dofus-unity-protocol-builder/proto/game/achievement.proto:65
AchievementObjective	com.ankama.dofus.server.game.protocol.achievement.Achievement+AchievementObjective	type.ankama.com/com.ankama.dofus.server.game.protocol.achievement.Achievement.AchievementObjective		1:int32:objective_id;2:int64:max_value;3:int64:current_value	refs/dofus-unity-protocol-builder/proto/game/achievement.proto:68
AchievedAchievement	com.ankama.dofus.server.game.protocol.achievement.AchievedAchievement	type.ankama.com/com.ankama.dofus.server.game.protocol.achievement.AchievedAchievement		1:int32:achievement_id;2:int64:achieved_by;4:int32:pioneer_rank;3:int32:finished_level	refs/dofus-unity-protocol-builder/proto/game/achievement.proto:76
ConsoleCommand	com.ankama.dofus.server.game.protocol.admin.console.ConsoleCommand	type.ankama.com/com.ankama.dofus.server.game.protocol.admin.console.ConsoleCommand		1:string:content;2:bool:quiet	refs/dofus-unity-protocol-builder/proto/game/admin_console.proto:7
ConsoleEnd	com.ankama.dofus.server.game.protocol.admin.console.ConsoleEnd	type.ankama.com/com.ankama.dofus.server.game.protocol.admin.console.ConsoleEnd		1:bool:success	refs/dofus-unity-protocol-builder/proto/game/admin_console.proto:12
ConsoleMessage	com.ankama.dofus.server.game.protocol.admin.console.ConsoleMessage	type.ankama.com/com.ankama.dofus.server.game.protocol.admin.console.ConsoleMessage		1:string:content;2:.com.ankama.dofus.server.game.protocol.admin.console.ConsoleMessage.Type:type	refs/dofus-unity-protocol-builder/proto/game/admin_console.proto:16
CommandSummary	com.ankama.dofus.server.game.protocol.admin.console.CommandSummary	type.ankama.com/com.ankama.dofus.server.game.protocol.admin.console.CommandSummary		1:repeated .com.ankama.dofus.server.game.protocol.admin.console.Command:command	refs/dofus-unity-protocol-builder/proto/game/admin_console.proto:27
Command	com.ankama.dofus.server.game.protocol.admin.console.Command	type.ankama.com/com.ankama.dofus.server.game.protocol.admin.console.Command		1:string:alias;2:string:arguments;3:string:description	refs/dofus-unity-protocol-builder/proto/game/admin_console.proto:31
AVAStateUpdateRequest	com.ankama.dofus.server.game.protocol.alliance.conquest.AVAStateUpdateRequest	type.ankama.com/com.ankama.dofus.server.game.protocol.alliance.conquest.AVAStateUpdateRequest	C2S	1:bool:enable	refs/dofus-unity-protocol-builder/proto/game/alliance_conquest.proto:9
AllianceFightListenStartRequest	com.ankama.dofus.server.game.protocol.alliance.conquest.AllianceFightListenStartRequest	type.ankama.com/com.ankama.dofus.server.game.protocol.alliance.conquest.AllianceFightListenStartRequest	C2S		refs/dofus-unity-protocol-builder/proto/game/alliance_conquest.proto:13
AllianceFightListenStopRequest	com.ankama.dofus.server.game.protocol.alliance.conquest.AllianceFightListenStopRequest	type.ankama.com/com.ankama.dofus.server.game.protocol.alliance.conquest.AllianceFightListenStopRequest	C2S		refs/dofus-unity-protocol-builder/proto/game/alliance_conquest.proto:16
AllianceFightJoinRequest	com.ankama.dofus.server.game.protocol.alliance.conquest.AllianceFightJoinRequest	type.ankama.com/com.ankama.dofus.server.game.protocol.alliance.conquest.AllianceFightJoinRequest	C2S	1:.com.ankama.dofus.server.game.protocol.common.SocialFightInformation:fight_information	refs/dofus-unity-protocol-builder/proto/game/alliance_conquest.proto:19
AllianceFightReplaceRequest	com.ankama.dofus.server.game.protocol.alliance.conquest.AllianceFightReplaceRequest	type.ankama.com/com.ankama.dofus.server.game.protocol.alliance.conquest.AllianceFightReplaceRequest	C2S	1:.com.ankama.dofus.server.game.protocol.common.SocialFightInformation:fight_information;2:int64:to_replace_fighter_id	refs/dofus-unity-protocol-builder/proto/game/alliance_conquest.proto:23
AllianceFightLeaveRequest	com.ankama.dofus.server.game.protocol.alliance.conquest.AllianceFightLeaveRequest	type.ankama.com/com.ankama.dofus.server.game.protocol.alliance.conquest.AllianceFightLeaveRequest	C2S	1:.com.ankama.dofus.server.game.protocol.common.SocialFightInformation:fight_information	refs/dofus-unity-protocol-builder/proto/game/alliance_conquest.proto:28
AllianceFightsInformationEvent	com.ankama.dofus.server.game.protocol.alliance.conquest.AllianceFightsInformationEvent	type.ankama.com/com.ankama.dofus.server.game.protocol.alliance.conquest.AllianceFightsInformationEvent	S2C	1:repeated .com.ankama.dofus.server.game.protocol.common.SocialFight:alliance_fights	refs/dofus-unity-protocol-builder/proto/game/alliance_conquest.proto:32
AllianceFightStartedEvent	com.ankama.dofus.server.game.protocol.alliance.conquest.AllianceFightStartedEvent	type.ankama.com/com.ankama.dofus.server.game.protocol.alliance.conquest.AllianceFightStartedEvent	S2C	1:.com.ankama.dofus.server.game.protocol.common.SocialFightInformation:fight_information;2:.com.ankama.dofus.server.game.protocol.common.FightPhaseInfo:phase	refs/dofus-unity-protocol-builder/proto/game/alliance_conquest.proto:36
AllianceFightFinishedEvent	com.ankama.dofus.server.game.protocol.alliance.conquest.AllianceFightFinishedEvent	type.ankama.com/com.ankama.dofus.server.game.protocol.alliance.conquest.AllianceFightFinishedEvent	S2C	1:.com.ankama.dofus.server.game.protocol.common.SocialFightInformation:fight_information	refs/dofus-unity-protocol-builder/proto/game/alliance_conquest.proto:41
AllianceFightPhaseUpdateEvent	com.ankama.dofus.server.game.protocol.alliance.conquest.AllianceFightPhaseUpdateEvent	type.ankama.com/com.ankama.dofus.server.game.protocol.alliance.conquest.AllianceFightPhaseUpdateEvent	S2C	1:.com.ankama.dofus.server.game.protocol.common.SocialFightInformation:fight_information;2:.com.ankama.dofus.server.game.protocol.common.FightPhaseInfo:phase	refs/dofus-unity-protocol-builder/proto/game/alliance_conquest.proto:45
AllianceFightFighterAddedEvent	com.ankama.dofus.server.game.protocol.alliance.conquest.AllianceFightFighterAddedEvent	type.ankama.com/com.ankama.dofus.server.game.protocol.alliance.conquest.AllianceFightFighterAddedEvent	S2C	1:.com.ankama.dofus.server.game.protocol.common.SocialFightInformation:fight_information;2:.com.ankama.dofus.server.game.protocol.common.Character:fighter;3:.com.ankama.dofus.server.game.protocol.common.Team:team	refs/dofus-unity-protocol-builder/proto/game/alliance_conquest.proto:50
AllianceFightFighterRemovedEvent	com.ankama.dofus.server.game.protocol.alliance.conquest.AllianceFightFighterRemovedEvent	type.ankama.com/com.ankama.dofus.server.game.protocol.alliance.conquest.AllianceFightFighterRemovedEvent	S2C	1:.com.ankama.dofus.server.game.protocol.common.SocialFightInformation:fight_information;2:int64:fighter_id	refs/dofus-unity-protocol-builder/proto/game/alliance_conquest.proto:56
KOTHUpdateEvent	com.ankama.dofus.server.game.protocol.alliance.conquest.KOTHUpdateEvent	type.ankama.com/com.ankama.dofus.server.game.protocol.alliance.conquest.KOTHUpdateEvent	S2C	1:repeated .com.ankama.dofus.server.game.protocol.alliance.conquest.KOTHUpdateEvent.KOTHAllianceInformation:koth_alliance_information;2:string:starting_ava_timestamp;3:int64:next_tick_time	refs/dofus-unity-protocol-builder/proto/game/alliance_conquest.proto:61
KOTHAllianceInformation	com.ankama.dofus.server.game.protocol.alliance.conquest.KOTHUpdateEvent+KOTHAllianceInformation	type.ankama.com/com.ankama.dofus.server.game.protocol.alliance.conquest.KOTHUpdateEvent.KOTHAllianceInformation		1:.com.ankama.dofus.server.game.protocol.common.AllianceInformation:alliance;2:int64:member_count;3:repeated .com.ankama.dofus.server.game.protocol.alliance.conquest.KOTHUpdateEvent.KOTHAllianceInformation.KOTHAllianceRoleNumber:koth_roles;4:repeated .com.ankama.dofus.server.game.protocol.alliance.conquest.KOTHUpdateEvent.KOTHAllianceInformation.KOTHScore:scores;5:int32:match_domination_scores	refs/dofus-unity-protocol-builder/proto/game/alliance_conquest.proto:65
KOTHAllianceRoleNumber	com.ankama.dofus.server.game.protocol.alliance.conquest.KOTHUpdateEvent+KOTHAllianceInformation+KOTHAllianceRoleNumber	type.ankama.com/com.ankama.dofus.server.game.protocol.alliance.conquest.KOTHUpdateEvent.KOTHAllianceInformation.KOTHAllianceRoleNumber		1:int64:member_count;2:int32:koth_role	refs/dofus-unity-protocol-builder/proto/game/alliance_conquest.proto:71
KOTHScore	com.ankama.dofus.server.game.protocol.alliance.conquest.KOTHUpdateEvent+KOTHAllianceInformation+KOTHScore	type.ankama.com/com.ankama.dofus.server.game.protocol.alliance.conquest.KOTHUpdateEvent.KOTHAllianceInformation.KOTHScore		1:.com.ankama.dofus.server.game.protocol.alliance.conquest.KOTHUpdateEvent.KOTHAllianceInformation.KOTHScore.KOTHScoreType:score_type;2:int32:round_scores;3:int32:cumulated_scores	refs/dofus-unity-protocol-builder/proto/game/alliance_conquest.proto:76
KOTHEndEvent	com.ankama.dofus.server.game.protocol.alliance.conquest.KOTHEndEvent	type.ankama.com/com.ankama.dofus.server.game.protocol.alliance.conquest.KOTHEndEvent	S2C	1:.com.ankama.dofus.server.game.protocol.common.AllianceInformation:winner	refs/dofus-unity-protocol-builder/proto/game/alliance_conquest.proto:92
NuggetsBeneficiary	com.ankama.dofus.server.game.protocol.alliance.conquest.NuggetsBeneficiary	type.ankama.com/com.ankama.dofus.server.game.protocol.alliance.conquest.NuggetsBeneficiary		1:int64:character_id;2:int32:nuggets_quantity	refs/dofus-unity-protocol-builder/proto/game/alliance_conquest.proto:96
NuggetsDistributionRequest	com.ankama.dofus.server.game.protocol.alliance.conquest.NuggetsDistributionRequest	type.ankama.com/com.ankama.dofus.server.game.protocol.alliance.conquest.NuggetsDistributionRequest	C2S	1:repeated .com.ankama.dofus.server.game.protocol.alliance.conquest.NuggetsBeneficiary:beneficiaries	refs/dofus-unity-protocol-builder/proto/game/alliance_conquest.proto:101
NuggetsListenStartRequest	com.ankama.dofus.server.game.protocol.alliance.conquest.NuggetsListenStartRequest	type.ankama.com/com.ankama.dofus.server.game.protocol.alliance.conquest.NuggetsListenStartRequest	C2S		refs/dofus-unity-protocol-builder/proto/game/alliance_conquest.proto:105
NuggetsListenStopRequest	com.ankama.dofus.server.game.protocol.alliance.conquest.NuggetsListenStopRequest	type.ankama.com/com.ankama.dofus.server.game.protocol.alliance.conquest.NuggetsListenStopRequest	C2S		refs/dofus-unity-protocol-builder/proto/game/alliance_conquest.proto:108
NuggetsInformationEvent	com.ankama.dofus.server.game.protocol.alliance.conquest.NuggetsInformationEvent	type.ankama.com/com.ankama.dofus.server.game.protocol.alliance.conquest.NuggetsInformationEvent	S2C	1:int32:nuggets_quantity	refs/dofus-unity-protocol-builder/proto/game/alliance_conquest.proto:111
AllianceCreationValidRequest	com.ankama.dofus.server.game.protocol.alliance.information.AllianceCreationValidRequest	type.ankama.com/com.ankama.dofus.server.game.protocol.alliance.information.AllianceCreationValidRequest	C2S	1:string:alliance_name;2:string:alliance_tag;3:.com.ankama.dofus.server.game.protocol.common.SocialEmblem:alliance_emblem	refs/dofus-unity-protocol-builder/proto/game/alliance_information.proto:9
AllianceEmblemModificationValidRequest	com.ankama.dofus.server.game.protocol.alliance.information.AllianceEmblemModificationValidRequest	type.ankama.com/com.ankama.dofus.server.game.protocol.alliance.information.AllianceEmblemModificationValidRequest	C2S	1:.com.ankama.dofus.server.game.protocol.common.SocialEmblem:alliance_emblem	refs/dofus-unity-protocol-builder/proto/game/alliance_information.proto:15
AllianceNameAndTagModificationValidRequest	com.ankama.dofus.server.game.protocol.alliance.information.AllianceNameAndTagModificationValidRequest	type.ankama.com/com.ankama.dofus.server.game.protocol.alliance.information.AllianceNameAndTagModificationValidRequest	C2S	1:string:alliance_name;2:string:alliance_tag	refs/dofus-unity-protocol-builder/proto/game/alliance_information.proto:19
AllianceModificationValidRequest	com.ankama.dofus.server.game.protocol.alliance.information.AllianceModificationValidRequest	type.ankama.com/com.ankama.dofus.server.game.protocol.alliance.information.AllianceModificationValidRequest	C2S	1:string:alliance_name;2:string:alliance_tag;3:.com.ankama.dofus.server.game.protocol.common.SocialEmblem:alliance_emblem	refs/dofus-unity-protocol-builder/proto/game/alliance_information.proto:24
AllianceMemberStartWarningOnConnectionRequest	com.ankama.dofus.server.game.protocol.alliance.information.AllianceMemberStartWarningOnConnectionRequest	type.ankama.com/com.ankama.dofus.server.game.protocol.alliance.information.AllianceMemberStartWarningOnConnectionRequest	C2S		refs/dofus-unity-protocol-builder/proto/game/alliance_information.proto:30
AllianceMemberStopWarningOnConnectionRequest	com.ankama.dofus.server.game.protocol.alliance.information.AllianceMemberStopWarningOnConnectionRequest	type.ankama.com/com.ankama.dofus.server.game.protocol.alliance.information.AllianceMemberStopWarningOnConnectionRequest	C2S		refs/dofus-unity-protocol-builder/proto/game/alliance_information.proto:33
AllianceCreationStartedEvent	com.ankama.dofus.server.game.protocol.alliance.information.AllianceCreationStartedEvent	type.ankama.com/com.ankama.dofus.server.game.protocol.alliance.information.AllianceCreationStartedEvent	S2C		refs/dofus-unity-protocol-builder/proto/game/alliance_information.proto:36
AllianceModificationStartedEvent	com.ankama.dofus.server.game.protocol.alliance.information.AllianceModificationStartedEvent	type.ankama.com/com.ankama.dofus.server.game.protocol.alliance.information.AllianceModificationStartedEvent	S2C	1:bool:can_change_name;2:bool:can_change_tag;3:bool:can_change_emblem	refs/dofus-unity-protocol-builder/proto/game/alliance_information.proto:39
AllianceCreationResultEvent	com.ankama.dofus.server.game.protocol.alliance.information.AllianceCreationResultEvent	type.ankama.com/com.ankama.dofus.server.game.protocol.alliance.information.AllianceCreationResultEvent	S2C	1:.com.ankama.dofus.server.game.protocol.common.SocialGroupOperationResult:result	refs/dofus-unity-protocol-builder/proto/game/alliance_information.proto:45
AllianceModificationResultEvent	com.ankama.dofus.server.game.protocol.alliance.information.AllianceModificationResultEvent	type.ankama.com/com.ankama.dofus.server.game.protocol.alliance.information.AllianceModificationResultEvent	S2C	1:.com.ankama.dofus.server.game.protocol.common.SocialGroupOperationResult:result	refs/dofus-unity-protocol-builder/proto/game/alliance_information.proto:49
AllianceInsiderInformationRequest	com.ankama.dofus.server.game.protocol.alliance.information.AllianceInsiderInformationRequest	type.ankama.com/com.ankama.dofus.server.game.protocol.alliance.information.AllianceInsiderInformationRequest	C2S		refs/dofus-unity-protocol-builder/proto/game/alliance_information.proto:53
AllianceFactsRequest	com.ankama.dofus.server.game.protocol.alliance.information.AllianceFactsRequest	type.ankama.com/com.ankama.dofus.server.game.protocol.alliance.information.AllianceFactsRequest	C2S	1:string:alliance_uuid	refs/dofus-unity-protocol-builder/proto/game/alliance_information.proto:56
AllianceSummaryRequest	com.ankama.dofus.server.game.protocol.alliance.information.AllianceSummaryRequest	type.ankama.com/com.ankama.dofus.server.game.protocol.alliance.information.AllianceSummaryRequest	C2S	1:int64:offset;2:int64:count;3:.com.ankama.dofus.server.game.protocol.alliance.information.AllianceSummaryRequest.DirectoryTextFilter:filter_type;4:string:text_filer;5:bool:hide_full_filter;6:bool:following_alliance_criteria;7:repeated int32:criterion_filter;8:.com.ankama.dofus.server.game.protocol.alliance.information.AllianceSummaryRequest.AllianceSummarySort:sort_type;9:bool:sort_descending;10:repeated int32:languages_filter;11:repeated .com.ankama.dofus.server.game.protocol.common.SocialRecruitmentType:recruitment_type_filter;12:int32:min_player_level_filter;13:int32:max_player_level_filter	refs/dofus-unity-protocol-builder/proto/game/alliance_information.proto:60
AllianceInsiderInformationEvent	com.ankama.dofus.server.game.protocol.alliance.information.AllianceInsiderInformationEvent	type.ankama.com/com.ankama.dofus.server.game.protocol.alliance.information.AllianceInsiderInformationEvent	S2C	1:.com.ankama.dofus.server.game.protocol.common.AllianceInformation:information;2:repeated .com.ankama.dofus.server.game.protocol.common.AllianceMemberInformation:members;3:repeated .com.ankama.dofus.server.game.protocol.common.PrismLocalizedInformation:prisms;4:repeated .com.ankama.dofus.server.game.protocol.common.TaxCollectorInformation:tax_collectors	refs/dofus-unity-protocol-builder/proto/game/alliance_information.proto:89
AllianceFactsErrorEvent	com.ankama.dofus.server.game.protocol.alliance.information.AllianceFactsErrorEvent	type.ankama.com/com.ankama.dofus.server.game.protocol.alliance.information.AllianceFactsErrorEvent	S2C	1:string:alliance_uuid	refs/dofus-unity-protocol-builder/proto/game/alliance_information.proto:96
AllianceFactsEvent	com.ankama.dofus.server.game.protocol.alliance.information.AllianceFactsEvent	type.ankama.com/com.ankama.dofus.server.game.protocol.alliance.information.AllianceFactsEvent	S2C	1:.com.ankama.dofus.server.game.protocol.common.AllianceInformation:alliance_information;2:repeated .com.ankama.dofus.server.game.protocol.common.Character:members;3:repeated int32:controlled_subarea_ids;4:int64:leader_id;5:string:leader_name	refs/dofus-unity-protocol-builder/proto/game/alliance_information.proto:100
AllianceSummaryEvent	com.ankama.dofus.server.game.protocol.alliance.information.AllianceSummaryEvent	type.ankama.com/com.ankama.dofus.server.game.protocol.alliance.information.AllianceSummaryEvent	S2C	1:int64:offset;2:int64:count;3:int64:total;4:repeated .com.ankama.dofus.server.game.protocol.common.AllianceInformation:alliances	refs/dofus-unity-protocol-builder/proto/game/alliance_information.proto:108
AllianceMotdSetRequest	com.ankama.dofus.server.game.protocol.alliance.information.AllianceMotdSetRequest	type.ankama.com/com.ankama.dofus.server.game.protocol.alliance.information.AllianceMotdSetRequest	C2S	1:string:content	refs/dofus-unity-protocol-builder/proto/game/alliance_information.proto:115
AllianceMotdEvent	com.ankama.dofus.server.game.protocol.alliance.information.AllianceMotdEvent	type.ankama.com/com.ankama.dofus.server.game.protocol.alliance.information.AllianceMotdEvent	S2C	1:.com.ankama.dofus.server.game.protocol.common.SocialNoticeInformation:motd_info	refs/dofus-unity-protocol-builder/proto/game/alliance_information.proto:119
AllianceMotdSetErrorEvent	com.ankama.dofus.server.game.protocol.alliance.information.AllianceMotdSetErrorEvent	type.ankama.com/com.ankama.dofus.server.game.protocol.alliance.information.AllianceMotdSetErrorEvent	S2C	1:.com.ankama.dofus.server.game.protocol.common.SocialNoticeError:reason	refs/dofus-unity-protocol-builder/proto/game/alliance_information.proto:123
AllianceBulletinSetRequest	com.ankama.dofus.server.game.protocol.alliance.information.AllianceBulletinSetRequest	type.ankama.com/com.ankama.dofus.server.game.protocol.alliance.information.AllianceBulletinSetRequest	C2S	1:string:content	refs/dofus-unity-protocol-builder/proto/game/alliance_information.proto:127
AllianceBulletinEvent	com.ankama.dofus.server.game.protocol.alliance.information.AllianceBulletinEvent	type.ankama.com/com.ankama.dofus.server.game.protocol.alliance.information.AllianceBulletinEvent	S2C	1:.com.ankama.dofus.server.game.protocol.common.SocialNoticeInformation:bulletin_info	refs/dofus-unity-protocol-builder/proto/game/alliance_information.proto:131
AllianceBulletinSetErrorEvent	com.ankama.dofus.server.game.protocol.alliance.information.AllianceBulletinSetErrorEvent	type.ankama.com/com.ankama.dofus.server.game.protocol.alliance.information.AllianceBulletinSetErrorEvent	S2C	1:.com.ankama.dofus.server.game.protocol.common.SocialNoticeError:reason	refs/dofus-unity-protocol-builder/proto/game/alliance_information.proto:135
AllianceInvitationRequest	com.ankama.dofus.server.game.protocol.alliance.member.AllianceInvitationRequest	type.ankama.com/com.ankama.dofus.server.game.protocol.alliance.member.AllianceInvitationRequest	C2S	1:int64:character_id	refs/dofus-unity-protocol-builder/proto/game/alliance_member.proto:9
AllianceInvitationAnswerRequest	com.ankama.dofus.server.game.protocol.alliance.member.AllianceInvitationAnswerRequest	type.ankama.com/com.ankama.dofus.server.game.protocol.alliance.member.AllianceInvitationAnswerRequest	C2S	1:bool:accepted	refs/dofus-unity-protocol-builder/proto/game/alliance_member.proto:13
AllianceKickRequest	com.ankama.dofus.server.game.protocol.alliance.member.AllianceKickRequest	type.ankama.com/com.ankama.dofus.server.game.protocol.alliance.member.AllianceKickRequest	C2S	1:int64:kicked_id	refs/dofus-unity-protocol-builder/proto/game/alliance_member.proto:17
AllianceInvitedEvent	com.ankama.dofus.server.game.protocol.alliance.member.AllianceInvitedEvent	type.ankama.com/com.ankama.dofus.server.game.protocol.alliance.member.AllianceInvitedEvent	S2C	1:string:recruiter_name;2:.com.ankama.dofus.server.game.protocol.common.AllianceInformation:alliance_information	refs/dofus-unity-protocol-builder/proto/game/alliance_member.proto:21
AllianceInvitationStateRecruiterEvent	com.ankama.dofus.server.game.protocol.alliance.member.AllianceInvitationStateRecruiterEvent	type.ankama.com/com.ankama.dofus.server.game.protocol.alliance.member.AllianceInvitationStateRecruiterEvent	S2C	1:string:recruited_name;2:.com.ankama.dofus.server.game.protocol.common.SocialGroupInvitationState:invitation_state	refs/dofus-unity-protocol-builder/proto/game/alliance_member.proto:26
AllianceInvitationStateRecruitedEvent	com.ankama.dofus.server.game.protocol.alliance.member.AllianceInvitationStateRecruitedEvent	type.ankama.com/com.ankama.dofus.server.game.protocol.alliance.member.AllianceInvitationStateRecruitedEvent	S2C	1:.com.ankama.dofus.server.game.protocol.common.SocialGroupInvitationState:invitation_state	refs/dofus-unity-protocol-builder/proto/game/alliance_member.proto:31
AllianceMembershipEvent	com.ankama.dofus.server.game.protocol.alliance.member.AllianceMembershipEvent	type.ankama.com/com.ankama.dofus.server.game.protocol.alliance.member.AllianceMembershipEvent	S2C	1:.com.ankama.dofus.server.game.protocol.common.AllianceInformation:alliance_information;2:int32:rank_id	refs/dofus-unity-protocol-builder/proto/game/alliance_member.proto:35
AllianceJoinedEvent	com.ankama.dofus.server.game.protocol.alliance.member.AllianceJoinedEvent	type.ankama.com/com.ankama.dofus.server.game.protocol.alliance.member.AllianceJoinedEvent	S2C	1:.com.ankama.dofus.server.game.protocol.common.AllianceInformation:alliance_information;2:int32:rank_id	refs/dofus-unity-protocol-builder/proto/game/alliance_member.proto:40
AllianceMemberLeavingEvent	com.ankama.dofus.server.game.protocol.alliance.member.AllianceMemberLeavingEvent	type.ankama.com/com.ankama.dofus.server.game.protocol.alliance.member.AllianceMemberLeavingEvent	S2C	1:bool:kicked;2:int64:member_id	refs/dofus-unity-protocol-builder/proto/game/alliance_member.proto:45
AllianceLeftEvent	com.ankama.dofus.server.game.protocol.alliance.member.AllianceLeftEvent	type.ankama.com/com.ankama.dofus.server.game.protocol.alliance.member.AllianceLeftEvent	S2C		refs/dofus-unity-protocol-builder/proto/game/alliance_member.proto:50
AllianceMemberUpdateEvent	com.ankama.dofus.server.game.protocol.alliance.member.AllianceMemberUpdateEvent	type.ankama.com/com.ankama.dofus.server.game.protocol.alliance.member.AllianceMemberUpdateEvent	S2C	1:.com.ankama.dofus.server.game.protocol.common.AllianceMemberInformation:member	refs/dofus-unity-protocol-builder/proto/game/alliance_member.proto:53
AllianceRankCreationRequest	com.ankama.dofus.server.game.protocol.alliance.rank.AllianceRankCreationRequest	type.ankama.com/com.ankama.dofus.server.game.protocol.alliance.rank.AllianceRankCreationRequest	C2S	1:int32:parent_rank_id;2:int32:gfx_id;3:string:name	refs/dofus-unity-protocol-builder/proto/game/alliance_rank.proto:9
AllianceRankUpdateAllRequest	com.ankama.dofus.server.game.protocol.alliance.rank.AllianceRankUpdateAllRequest	type.ankama.com/com.ankama.dofus.server.game.protocol.alliance.rank.AllianceRankUpdateAllRequest	C2S	1:repeated .com.ankama.dofus.server.game.protocol.common.RankInformation:ranks	refs/dofus-unity-protocol-builder/proto/game/alliance_rank.proto:15
AllianceRankDeletionRequest	com.ankama.dofus.server.game.protocol.alliance.rank.AllianceRankDeletionRequest	type.ankama.com/com.ankama.dofus.server.game.protocol.alliance.rank.AllianceRankDeletionRequest	C2S	1:int32:rank_id;2:int32:replacement_rank_id	refs/dofus-unity-protocol-builder/proto/game/alliance_rank.proto:19
AllianceRankUpdateRequest	com.ankama.dofus.server.game.protocol.alliance.rank.AllianceRankUpdateRequest	type.ankama.com/com.ankama.dofus.server.game.protocol.alliance.rank.AllianceRankUpdateRequest	C2S	1:.com.ankama.dofus.server.game.protocol.common.RankInformation:rank	refs/dofus-unity-protocol-builder/proto/game/alliance_rank.proto:24
AllianceRanksRequest	com.ankama.dofus.server.game.protocol.alliance.rank.AllianceRanksRequest	type.ankama.com/com.ankama.dofus.server.game.protocol.alliance.rank.AllianceRanksRequest	C2S		refs/dofus-unity-protocol-builder/proto/game/alliance_rank.proto:28
AllianceRankChangeRequest	com.ankama.dofus.server.game.protocol.alliance.rank.AllianceRankChangeRequest	type.ankama.com/com.ankama.dofus.server.game.protocol.alliance.rank.AllianceRankChangeRequest	C2S	1:int64:member_id;2:int32:rank_id	refs/dofus-unity-protocol-builder/proto/game/alliance_rank.proto:31
AllianceRanksEvent	com.ankama.dofus.server.game.protocol.alliance.rank.AllianceRanksEvent	type.ankama.com/com.ankama.dofus.server.game.protocol.alliance.rank.AllianceRanksEvent	S2C	1:repeated .com.ankama.dofus.server.game.protocol.common.RankInformation:ranks	refs/dofus-unity-protocol-builder/proto/game/alliance_rank.proto:36
AllianceRightsUpdateRequest	com.ankama.dofus.server.game.protocol.alliance.rank.AllianceRightsUpdateRequest	type.ankama.com/com.ankama.dofus.server.game.protocol.alliance.rank.AllianceRightsUpdateRequest	C2S	1:int32:rank_id;2:repeated int32:rights	refs/dofus-unity-protocol-builder/proto/game/alliance_rank.proto:40
AllianceRecruitmentInformationRequest	com.ankama.dofus.server.game.protocol.alliance.recruitment.AllianceRecruitmentInformationRequest	type.ankama.com/com.ankama.dofus.server.game.protocol.alliance.recruitment.AllianceRecruitmentInformationRequest	C2S		refs/dofus-unity-protocol-builder/proto/game/alliance_recruitment.proto:9
AllianceRecruitmentUpdateRequest	com.ankama.dofus.server.game.protocol.alliance.recruitment.AllianceRecruitmentUpdateRequest	type.ankama.com/com.ankama.dofus.server.game.protocol.alliance.recruitment.AllianceRecruitmentUpdateRequest	C2S	1:.com.ankama.dofus.server.game.protocol.common.AllianceRecruitmentInformation:information	refs/dofus-unity-protocol-builder/proto/game/alliance_recruitment.proto:12
AllianceRecruitmentInformationEvent	com.ankama.dofus.server.game.protocol.alliance.recruitment.AllianceRecruitmentInformationEvent	type.ankama.com/com.ankama.dofus.server.game.protocol.alliance.recruitment.AllianceRecruitmentInformationEvent	S2C	1:.com.ankama.dofus.server.game.protocol.common.AllianceRecruitmentInformation:information	refs/dofus-unity-protocol-builder/proto/game/alliance_recruitment.proto:16
AllianceRecruitmentAutomaticJoinRequest	com.ankama.dofus.server.game.protocol.alliance.recruitment.AllianceRecruitmentAutomaticJoinRequest	type.ankama.com/com.ankama.dofus.server.game.protocol.alliance.recruitment.AllianceRecruitmentAutomaticJoinRequest	C2S	1:string:alliance_uid	refs/dofus-unity-protocol-builder/proto/game/alliance_recruitment.proto:20
AllianceRecruitmentInvalidateEvent	com.ankama.dofus.server.game.protocol.alliance.recruitment.AllianceRecruitmentInvalidateEvent	type.ankama.com/com.ankama.dofus.server.game.protocol.alliance.recruitment.AllianceRecruitmentInvalidateEvent	S2C		refs/dofus-unity-protocol-builder/proto/game/alliance_recruitment.proto:24
AllianceApplicationSubmitRequest	com.ankama.dofus.server.game.protocol.alliance.recruitment.AllianceApplicationSubmitRequest	type.ankama.com/com.ankama.dofus.server.game.protocol.alliance.recruitment.AllianceApplicationSubmitRequest	C2S	1:string:alliance_uid;2:string:text	refs/dofus-unity-protocol-builder/proto/game/alliance_recruitment.proto:27
AllianceApplicationUpdateRequest	com.ankama.dofus.server.game.protocol.alliance.recruitment.AllianceApplicationUpdateRequest	type.ankama.com/com.ankama.dofus.server.game.protocol.alliance.recruitment.AllianceApplicationUpdateRequest	C2S	1:string:alliance_uid;2:string:text	refs/dofus-unity-protocol-builder/proto/game/alliance_recruitment.proto:32
AllianceApplicationDeletionRequest	com.ankama.dofus.server.game.protocol.alliance.recruitment.AllianceApplicationDeletionRequest	type.ankama.com/com.ankama.dofus.server.game.protocol.alliance.recruitment.AllianceApplicationDeletionRequest	C2S		refs/dofus-unity-protocol-builder/proto/game/alliance_recruitment.proto:37
AllianceApplicationListenRequest	com.ankama.dofus.server.game.protocol.alliance.recruitment.AllianceApplicationListenRequest	type.ankama.com/com.ankama.dofus.server.game.protocol.alliance.recruitment.AllianceApplicationListenRequest	C2S	1:bool:state	refs/dofus-unity-protocol-builder/proto/game/alliance_recruitment.proto:40
AllianceApplicationRequest	com.ankama.dofus.server.game.protocol.alliance.recruitment.AllianceApplicationRequest	type.ankama.com/com.ankama.dofus.server.game.protocol.alliance.recruitment.AllianceApplicationRequest	C2S		refs/dofus-unity-protocol-builder/proto/game/alliance_recruitment.proto:44
AllianceApplicationListRequest	com.ankama.dofus.server.game.protocol.alliance.recruitment.AllianceApplicationListRequest	type.ankama.com/com.ankama.dofus.server.game.protocol.alliance.recruitment.AllianceApplicationListRequest	C2S	1:int64:offset;2:int64:count	refs/dofus-unity-protocol-builder/proto/game/alliance_recruitment.proto:47
AllianceApplicationAnswerRequest	com.ankama.dofus.server.game.protocol.alliance.recruitment.AllianceApplicationAnswerRequest	type.ankama.com/com.ankama.dofus.server.game.protocol.alliance.recruitment.AllianceApplicationAnswerRequest	C2S	1:int64:player_id;2:bool:accepted	refs/dofus-unity-protocol-builder/proto/game/alliance_recruitment.proto:52
AllianceApplicationPresenceRequest	com.ankama.dofus.server.game.protocol.alliance.recruitment.AllianceApplicationPresenceRequest	type.ankama.com/com.ankama.dofus.server.game.protocol.alliance.recruitment.AllianceApplicationPresenceRequest	C2S		refs/dofus-unity-protocol-builder/proto/game/alliance_recruitment.proto:57
AllianceApplicationDeletedEvent	com.ankama.dofus.server.game.protocol.alliance.recruitment.AllianceApplicationDeletedEvent	type.ankama.com/com.ankama.dofus.server.game.protocol.alliance.recruitment.AllianceApplicationDeletedEvent	S2C	1:bool:success	refs/dofus-unity-protocol-builder/proto/game/alliance_recruitment.proto:60
AllianceApplicationInformationEvent	com.ankama.dofus.server.game.protocol.alliance.recruitment.AllianceApplicationInformationEvent	type.ankama.com/com.ankama.dofus.server.game.protocol.alliance.recruitment.AllianceApplicationInformationEvent	S2C	1:.com.ankama.dofus.server.game.protocol.common.AllianceInformation:alliance;2:.com.ankama.dofus.server.game.protocol.common.SocialApplicationInformation:application_information	refs/dofus-unity-protocol-builder/proto/game/alliance_recruitment.proto:64
AllianceApplicationNoInformationEvent	com.ankama.dofus.server.game.protocol.alliance.recruitment.AllianceApplicationNoInformationEvent	type.ankama.com/com.ankama.dofus.server.game.protocol.alliance.recruitment.AllianceApplicationNoInformationEvent	S2C		refs/dofus-unity-protocol-builder/proto/game/alliance_recruitment.proto:69
AllianceApplicationResponseEvent	com.ankama.dofus.server.game.protocol.alliance.recruitment.AllianceApplicationResponseEvent	type.ankama.com/com.ankama.dofus.server.game.protocol.alliance.recruitment.AllianceApplicationResponseEvent	S2C	1:bool:accepted;2:.com.ankama.dofus.server.game.protocol.common.AllianceInformation:alliance_information	refs/dofus-unity-protocol-builder/proto/game/alliance_recruitment.proto:72
AllianceApplicationListEvent	com.ankama.dofus.server.game.protocol.alliance.recruitment.AllianceApplicationListEvent	type.ankama.com/com.ankama.dofus.server.game.protocol.alliance.recruitment.AllianceApplicationListEvent	S2C	1:int64:offset;2:int64:count;3:int64:total;4:repeated .com.ankama.dofus.server.game.protocol.common.SocialApplicationInformation:applies	refs/dofus-unity-protocol-builder/proto/game/alliance_recruitment.proto:77
AllianceApplicationModifiedEvent	com.ankama.dofus.server.game.protocol.alliance.recruitment.AllianceApplicationModifiedEvent	type.ankama.com/com.ankama.dofus.server.game.protocol.alliance.recruitment.AllianceApplicationModifiedEvent	S2C	1:.com.ankama.dofus.server.game.protocol.common.SocialApplicationInformation:apply;2:.com.ankama.dofus.server.game.protocol.common.SocialApplicationState:state;3:int64:player_id	refs/dofus-unity-protocol-builder/proto/game/alliance_recruitment.proto:84
AllianceApplicationReceivedEvent	com.ankama.dofus.server.game.protocol.alliance.recruitment.AllianceApplicationReceivedEvent	type.ankama.com/com.ankama.dofus.server.game.protocol.alliance.recruitment.AllianceApplicationReceivedEvent	S2C	1:string:player_name;2:int64:player_id	refs/dofus-unity-protocol-builder/proto/game/alliance_recruitment.proto:90
AllianceApplicationPresenceEvent	com.ankama.dofus.server.game.protocol.alliance.recruitment.AllianceApplicationPresenceEvent	type.ankama.com/com.ankama.dofus.server.game.protocol.alliance.recruitment.AllianceApplicationPresenceEvent	S2C	1:bool:presence	refs/dofus-unity-protocol-builder/proto/game/alliance_recruitment.proto:95
AlterationsEvent	com.ankama.dofus.server.game.protocol.alteration.AlterationsEvent	type.ankama.com/com.ankama.dofus.server.game.protocol.alteration.AlterationsEvent	S2C	1:repeated .com.ankama.dofus.server.game.protocol.alteration.Alteration:alterations	refs/dofus-unity-protocol-builder/proto/game/alteration.proto:9
AlterationAddedEvent	com.ankama.dofus.server.game.protocol.alteration.AlterationAddedEvent	type.ankama.com/com.ankama.dofus.server.game.protocol.alteration.AlterationAddedEvent	S2C	1:.com.ankama.dofus.server.game.protocol.alteration.Alteration:alteration	refs/dofus-unity-protocol-builder/proto/game/alteration.proto:13
AlterationRemovedEvent	com.ankama.dofus.server.game.protocol.alteration.AlterationRemovedEvent	type.ankama.com/com.ankama.dofus.server.game.protocol.alteration.AlterationRemovedEvent	S2C	1:.com.ankama.dofus.server.game.protocol.alteration.Alteration:alteration	refs/dofus-unity-protocol-builder/proto/game/alteration.proto:17
AlterationsUpdateEvent	com.ankama.dofus.server.game.protocol.alteration.AlterationsUpdateEvent	type.ankama.com/com.ankama.dofus.server.game.protocol.alteration.AlterationsUpdateEvent	S2C	1:repeated .com.ankama.dofus.server.game.protocol.alteration.Alteration:alterations	refs/dofus-unity-protocol-builder/proto/game/alteration.proto:21
Alteration	com.ankama.dofus.server.game.protocol.alteration.Alteration	type.ankama.com/com.ankama.dofus.server.game.protocol.alteration.Alteration		1:int64:alteration_id;2:int64:creation_time;3:.com.ankama.dofus.server.game.protocol.alteration.Alteration.AlterationExpirationType:expiration_type;4:int64:expiration_value;5:repeated .com.ankama.dofus.server.game.protocol.common.ObjectEffect:effects	refs/dofus-unity-protocol-builder/proto/game/alteration.proto:25
AnomalySubareaInformationRequest	com.ankama.dofus.server.game.protocol.anomaly.AnomalySubareaInformationRequest	type.ankama.com/com.ankama.dofus.server.game.protocol.anomaly.AnomalySubareaInformationRequest	C2S		refs/dofus-unity-protocol-builder/proto/game/anomaly.proto:7
AnomalySubareaInformationEvent	com.ankama.dofus.server.game.protocol.anomaly.AnomalySubareaInformationEvent	type.ankama.com/com.ankama.dofus.server.game.protocol.anomaly.AnomalySubareaInformationEvent	S2C	1:repeated .com.ankama.dofus.server.game.protocol.anomaly.AnomalySubareaInformationEvent.AnomalySubareaInformation:subareas	refs/dofus-unity-protocol-builder/proto/game/anomaly.proto:10
AnomalySubareaInformation	com.ankama.dofus.server.game.protocol.anomaly.AnomalySubareaInformationEvent+AnomalySubareaInformation	type.ankama.com/com.ankama.dofus.server.game.protocol.anomaly.AnomalySubareaInformationEvent.AnomalySubareaInformation		1:int32:subarea_id;2:int32:reward_rate;3:bool:has_anomaly;4:int64:anomaly_closing_time	refs/dofus-unity-protocol-builder/proto/game/anomaly.proto:12
AnomalyStateEvent	com.ankama.dofus.server.game.protocol.anomaly.AnomalyStateEvent	type.ankama.com/com.ankama.dofus.server.game.protocol.anomaly.AnomalyStateEvent	S2C	1:int32:subarea_id;2:bool:open;3:int64:closing_time	refs/dofus-unity-protocol-builder/proto/game/anomaly.proto:21
AnomalyOpenedEvent	com.ankama.dofus.server.game.protocol.anomaly.AnomalyOpenedEvent	type.ankama.com/com.ankama.dofus.server.game.protocol.anomaly.AnomalyOpenedEvent	S2C	1:int32:subarea_id	refs/dofus-unity-protocol-builder/proto/game/anomaly.proto:27
SubareaRewardRateEvent	com.ankama.dofus.server.game.protocol.area.SubareaRewardRateEvent	type.ankama.com/com.ankama.dofus.server.game.protocol.area.SubareaRewardRateEvent	S2C	1:int32:subarea_rate	refs/dofus-unity-protocol-builder/proto/game/area.proto:7
AreaFightModifierUpdateEvent	com.ankama.dofus.server.game.protocol.area.AreaFightModifierUpdateEvent	type.ankama.com/com.ankama.dofus.server.game.protocol.area.AreaFightModifierUpdateEvent	S2C	1:repeated int32:spell_pairs	refs/dofus-unity-protocol-builder/proto/game/area.proto:11
ArenaRegisterRequest	com.ankama.dofus.server.game.protocol.arena.ArenaRegisterRequest	type.ankama.com/com.ankama.dofus.server.game.protocol.arena.ArenaRegisterRequest	C2S	1:.com.ankama.dofus.server.game.protocol.arena.ArenaType:arena_type	refs/dofus-unity-protocol-builder/proto/game/arena.proto:13
ArenaUnregisterRequest	com.ankama.dofus.server.game.protocol.arena.ArenaUnregisterRequest	type.ankama.com/com.ankama.dofus.server.game.protocol.arena.ArenaUnregisterRequest	C2S		refs/dofus-unity-protocol-builder/proto/game/arena.proto:17
ArenaFightAnswerRequest	com.ankama.dofus.server.game.protocol.arena.ArenaFightAnswerRequest	type.ankama.com/com.ankama.dofus.server.game.protocol.arena.ArenaFightAnswerRequest	C2S	1:bool:accept	refs/dofus-unity-protocol-builder/proto/game/arena.proto:20
ArenaFightAnswerResponse	com.ankama.dofus.server.game.protocol.arena.ArenaFightAnswerResponse	type.ankama.com/com.ankama.dofus.server.game.protocol.arena.ArenaFightAnswerResponse	S2C	1:bool:acknowledged	refs/dofus-unity-protocol-builder/proto/game/arena.proto:24
ArenaRegistrationStatusEvent	com.ankama.dofus.server.game.protocol.arena.ArenaRegistrationStatusEvent	type.ankama.com/com.ankama.dofus.server.game.protocol.arena.ArenaRegistrationStatusEvent	S2C	1:bool:registered;2:.com.ankama.dofus.server.game.protocol.arena.ArenaRegistrationStatusEvent.Step:step;3:.com.ankama.dofus.server.game.protocol.arena.ArenaType:battle_mode	refs/dofus-unity-protocol-builder/proto/game/arena.proto:28
ArenaFightPropositionEvent	com.ankama.dofus.server.game.protocol.arena.ArenaFightPropositionEvent	type.ankama.com/com.ankama.dofus.server.game.protocol.arena.ArenaFightPropositionEvent	S2C	1:int32:fight_id;2:repeated int64:allies;3:int32:duration	refs/dofus-unity-protocol-builder/proto/game/arena.proto:41
ArenaFighterStatusEvent	com.ankama.dofus.server.game.protocol.arena.ArenaFighterStatusEvent	type.ankama.com/com.ankama.dofus.server.game.protocol.arena.ArenaFighterStatusEvent	S2C	1:int32:fight_id;2:int64:character_id;3:bool:accepted	refs/dofus-unity-protocol-builder/proto/game/arena.proto:47
ArenaUpdatePlayerInformationEvent	com.ankama.dofus.server.game.protocol.arena.ArenaUpdatePlayerInformationEvent	type.ankama.com/com.ankama.dofus.server.game.protocol.arena.ArenaUpdatePlayerInformationEvent	S2C	1:repeated .com.ankama.dofus.server.game.protocol.arena.ArenaUpdatePlayerInformationEvent.ArenaRank:arena_ranks;2:string:ban_end_date	refs/dofus-unity-protocol-builder/proto/game/arena.proto:53
ArenaRank	com.ankama.dofus.server.game.protocol.arena.ArenaUpdatePlayerInformationEvent+ArenaRank	type.ankama.com/com.ankama.dofus.server.game.protocol.arena.ArenaUpdatePlayerInformationEvent.ArenaRank		1:.com.ankama.dofus.server.game.protocol.arena.ArenaType:arena_type;2:.com.ankama.dofus.server.game.protocol.arena.ArenaUpdatePlayerInformationEvent.ArenaRank.LeagueRanking:league_ranking;3:int32:best_league_id;4:int32:best_rating;5:int32:daily_victory_count;6:int32:season_victory_count;7:int32:daily_fight_count;8:int32:season_fight_count;9:int32:fight_needed_for_ladder	refs/dofus-unity-protocol-builder/proto/game/arena.proto:56
LeagueRanking	com.ankama.dofus.server.game.protocol.arena.ArenaUpdatePlayerInformationEvent+ArenaRank+LeagueRanking	type.ankama.com/com.ankama.dofus.server.game.protocol.arena.ArenaUpdatePlayerInformationEvent.ArenaRank.LeagueRanking		1:int32:rating;2:int32:league_id;3:int32:ladder_position	refs/dofus-unity-protocol-builder/proto/game/arena.proto:66
ArenaSwitchToFightServerEvent	com.ankama.dofus.server.game.protocol.arena.ArenaSwitchToFightServerEvent	type.ankama.com/com.ankama.dofus.server.game.protocol.arena.ArenaSwitchToFightServerEvent	S2C	1:string:address;2:repeated int32:ports;3:string:token	refs/dofus-unity-protocol-builder/proto/game/arena.proto:76
ArenaLeagueRewardsEvent	com.ankama.dofus.server.game.protocol.arena.ArenaLeagueRewardsEvent	type.ankama.com/com.ankama.dofus.server.game.protocol.arena.ArenaLeagueRewardsEvent	S2C	1:int32:season_id;2:int32:league_id;3:int32:ladder_position;4:bool:end_season_reward	refs/dofus-unity-protocol-builder/proto/game/arena.proto:82
ArenaPlayerBehavioursEvent	com.ankama.dofus.server.game.protocol.arena.ArenaPlayerBehavioursEvent	type.ankama.com/com.ankama.dofus.server.game.protocol.arena.ArenaPlayerBehavioursEvent	S2C	1:repeated string:flags;2:repeated string:sanctions;3:int32:ban_duration	refs/dofus-unity-protocol-builder/proto/game/arena.proto:89
ArenaRegistrationWarningEvent	com.ankama.dofus.server.game.protocol.arena.ArenaRegistrationWarningEvent	type.ankama.com/com.ankama.dofus.server.game.protocol.arena.ArenaRegistrationWarningEvent	S2C	1:.com.ankama.dofus.server.game.protocol.arena.ArenaType:battle_mode	refs/dofus-unity-protocol-builder/proto/game/arena.proto:95
ArenaFighterIdleEvent	com.ankama.dofus.server.game.protocol.arena.ArenaFighterIdleEvent	type.ankama.com/com.ankama.dofus.server.game.protocol.arena.ArenaFighterIdleEvent	S2C		refs/dofus-unity-protocol-builder/proto/game/arena.proto:99
ArenaSwitchXpRewardsModeRequest	com.ankama.dofus.server.game.protocol.arena.ArenaSwitchXpRewardsModeRequest	type.ankama.com/com.ankama.dofus.server.game.protocol.arena.ArenaSwitchXpRewardsModeRequest	C2S	1:bool:xpRewards	refs/dofus-unity-protocol-builder/proto/game/arena.proto:102
SurrenderStateEvent	com.ankama.dofus.server.game.protocol.arena.SurrenderStateEvent	type.ankama.com/com.ankama.dofus.server.game.protocol.arena.SurrenderStateEvent	S2C	1:bool:permitSurrender;2:bool:permitVote	refs/dofus-unity-protocol-builder/proto/game/arena.proto:106
SurrenderInfoRequest	com.ankama.dofus.server.game.protocol.arena.SurrenderInfoRequest	type.ankama.com/com.ankama.dofus.server.game.protocol.arena.SurrenderInfoRequest	C2S		refs/dofus-unity-protocol-builder/proto/game/arena.proto:111
SurrenderInfoResponse	com.ankama.dofus.server.game.protocol.arena.SurrenderInfoResponse	type.ankama.com/com.ankama.dofus.server.game.protocol.arena.SurrenderInfoResponse	S2C	1:.com.ankama.dofus.server.game.protocol.arena.SurrenderInfoResponse.SurrenderResponse:surrender_response;2:.com.ankama.dofus.server.game.protocol.arena.SurrenderInfoResponse.SurrenderVoteResponse:surrender_vote_response;3:bool:has_sanction	refs/dofus-unity-protocol-builder/proto/game/arena.proto:114
SurrenderResponse	com.ankama.dofus.server.game.protocol.arena.SurrenderInfoResponse+SurrenderResponse	type.ankama.com/com.ankama.dofus.server.game.protocol.arena.SurrenderInfoResponse.SurrenderResponse	S2C	1:.com.ankama.dofus.server.game.protocol.arena.SurrenderInfoResponse.SurrenderResponse.SurrenderAccepted:accepted;2:.com.ankama.dofus.server.game.protocol.arena.SurrenderInfoResponse.SurrenderResponse.SurrenderRefused:refused;3:.com.ankama.dofus.server.game.protocol.arena.SurrenderInfoResponse.SurrenderResponse.SurrenderBeforeTurn:before_turn;4:.com.ankama.dofus.server.game.protocol.arena.SurrenderInfoResponse.SurrenderResponse.SurrenderBeforeVote:before_vote	refs/dofus-unity-protocol-builder/proto/game/arena.proto:118
SurrenderAccepted	com.ankama.dofus.server.game.protocol.arena.SurrenderInfoResponse+SurrenderResponse+SurrenderAccepted	type.ankama.com/com.ankama.dofus.server.game.protocol.arena.SurrenderInfoResponse.SurrenderResponse.SurrenderAccepted			refs/dofus-unity-protocol-builder/proto/game/arena.proto:125
SurrenderRefused	com.ankama.dofus.server.game.protocol.arena.SurrenderInfoResponse+SurrenderResponse+SurrenderRefused	type.ankama.com/com.ankama.dofus.server.game.protocol.arena.SurrenderInfoResponse.SurrenderResponse.SurrenderRefused			refs/dofus-unity-protocol-builder/proto/game/arena.proto:128
SurrenderBeforeTurn	com.ankama.dofus.server.game.protocol.arena.SurrenderInfoResponse+SurrenderResponse+SurrenderBeforeTurn	type.ankama.com/com.ankama.dofus.server.game.protocol.arena.SurrenderInfoResponse.SurrenderResponse.SurrenderBeforeTurn		1:int32:min_turn_for_surrender	refs/dofus-unity-protocol-builder/proto/game/arena.proto:131
SurrenderBeforeVote	com.ankama.dofus.server.game.protocol.arena.SurrenderInfoResponse+SurrenderResponse+SurrenderBeforeVote	type.ankama.com/com.ankama.dofus.server.game.protocol.arena.SurrenderInfoResponse.SurrenderResponse.SurrenderBeforeVote			refs/dofus-unity-protocol-builder/proto/game/arena.proto:135
SurrenderVoteResponse	com.ankama.dofus.server.game.protocol.arena.SurrenderInfoResponse+SurrenderVoteResponse	type.ankama.com/com.ankama.dofus.server.game.protocol.arena.SurrenderInfoResponse.SurrenderVoteResponse	S2C	1:.com.ankama.dofus.server.game.protocol.arena.SurrenderInfoResponse.SurrenderVoteResponse.SurrenderVoteAccepted:accepted;2:.com.ankama.dofus.server.game.protocol.arena.SurrenderInfoResponse.SurrenderVoteResponse.SurrenderVoteRefused:refused;3:.com.ankama.dofus.server.game.protocol.arena.SurrenderInfoResponse.SurrenderVoteResponse.SurrenderVoteBeforeTurn:before_turn;4:.com.ankama.dofus.server.game.protocol.arena.SurrenderInfoResponse.SurrenderVoteResponse.SurrenderVoteAlreadyAsked:already_asked;5:.com.ankama.dofus.server.game.protocol.arena.SurrenderInfoResponse.SurrenderVoteResponse.SurrenderVoteWaiting:waiting	refs/dofus-unity-protocol-builder/proto/game/arena.proto:140
SurrenderVoteAccepted	com.ankama.dofus.server.game.protocol.arena.SurrenderInfoResponse+SurrenderVoteResponse+SurrenderVoteAccepted	type.ankama.com/com.ankama.dofus.server.game.protocol.arena.SurrenderInfoResponse.SurrenderVoteResponse.SurrenderVoteAccepted			refs/dofus-unity-protocol-builder/proto/game/arena.proto:148
SurrenderVoteRefused	com.ankama.dofus.server.game.protocol.arena.SurrenderInfoResponse+SurrenderVoteResponse+SurrenderVoteRefused	type.ankama.com/com.ankama.dofus.server.game.protocol.arena.SurrenderInfoResponse.SurrenderVoteResponse.SurrenderVoteRefused			refs/dofus-unity-protocol-builder/proto/game/arena.proto:151
SurrenderVoteBeforeTurn	com.ankama.dofus.server.game.protocol.arena.SurrenderInfoResponse+SurrenderVoteResponse+SurrenderVoteBeforeTurn	type.ankama.com/com.ankama.dofus.server.game.protocol.arena.SurrenderInfoResponse.SurrenderVoteResponse.SurrenderVoteBeforeTurn		1:int32:min_turn_for_surrender_vote	refs/dofus-unity-protocol-builder/proto/game/arena.proto:154
SurrenderVoteAlreadyAsked	com.ankama.dofus.server.game.protocol.arena.SurrenderInfoResponse+SurrenderVoteResponse+SurrenderVoteAlreadyAsked	type.ankama.com/com.ankama.dofus.server.game.protocol.arena.SurrenderInfoResponse.SurrenderVoteResponse.SurrenderVoteAlreadyAsked			refs/dofus-unity-protocol-builder/proto/game/arena.proto:158
SurrenderVoteWaiting	com.ankama.dofus.server.game.protocol.arena.SurrenderInfoResponse+SurrenderVoteResponse+SurrenderVoteWaiting	type.ankama.com/com.ankama.dofus.server.game.protocol.arena.SurrenderInfoResponse.SurrenderVoteResponse.SurrenderVoteWaiting		1:string:vote_unlock_time_stamp	refs/dofus-unity-protocol-builder/proto/game/arena.proto:161
SurrenderVoteCastRequest	com.ankama.dofus.server.game.protocol.arena.SurrenderVoteCastRequest	type.ankama.com/com.ankama.dofus.server.game.protocol.arena.SurrenderVoteCastRequest	C2S	1:bool:vote	refs/dofus-unity-protocol-builder/proto/game/arena.proto:169
SurrenderVoteStartEvent	com.ankama.dofus.server.game.protocol.arena.SurrenderVoteStartEvent	type.ankama.com/com.ankama.dofus.server.game.protocol.arena.SurrenderVoteStartEvent	S2C	1:bool:already_casted_vote;2:int32:participant_number;3:int32:casted_vote_number;4:int32:vote_duration	refs/dofus-unity-protocol-builder/proto/game/arena.proto:173
SurrenderVoteUpdateEvent	com.ankama.dofus.server.game.protocol.arena.SurrenderVoteUpdateEvent	type.ankama.com/com.ankama.dofus.server.game.protocol.arena.SurrenderVoteUpdateEvent	S2C		refs/dofus-unity-protocol-builder/proto/game/arena.proto:180
SurrenderVoteEndEvent	com.ankama.dofus.server.game.protocol.arena.SurrenderVoteEndEvent	type.ankama.com/com.ankama.dofus.server.game.protocol.arena.SurrenderVoteEndEvent	S2C	1:bool:voteResult	refs/dofus-unity-protocol-builder/proto/game/arena.proto:183
OpponentSurrenderEvent	com.ankama.dofus.server.game.protocol.arena.OpponentSurrenderEvent	type.ankama.com/com.ankama.dofus.server.game.protocol.arena.OpponentSurrenderEvent	S2C		refs/dofus-unity-protocol-builder/proto/game/arena.proto:187
CompassResetEvent	com.ankama.dofus.server.game.protocol.atlas.CompassResetEvent	type.ankama.com/com.ankama.dofus.server.game.protocol.atlas.CompassResetEvent	S2C	1:.com.ankama.dofus.server.game.protocol.atlas.CompassType:type	refs/dofus-unity-protocol-builder/proto/game/atlas.proto:17
CompassUpdateEvent	com.ankama.dofus.server.game.protocol.atlas.CompassUpdateEvent	type.ankama.com/com.ankama.dofus.server.game.protocol.atlas.CompassUpdateEvent	S2C	1:.com.ankama.dofus.server.game.protocol.atlas.CompassType:type;2:.com.ankama.dofus.server.game.protocol.common.MapCoordinates:coordinates;3:.com.ankama.dofus.server.game.protocol.atlas.CompassUpdateEvent.PartyMember:party_member;4:.com.ankama.dofus.server.game.protocol.atlas.CompassUpdateEvent.PvpSeek:pvp_seek	refs/dofus-unity-protocol-builder/proto/game/atlas.proto:21
PartyMember	com.ankama.dofus.server.game.protocol.atlas.CompassUpdateEvent+PartyMember	type.ankama.com/com.ankama.dofus.server.game.protocol.atlas.CompassUpdateEvent.PartyMember		1:int64:member_id;2:bool:active	refs/dofus-unity-protocol-builder/proto/game/atlas.proto:28
PvpSeek	com.ankama.dofus.server.game.protocol.atlas.CompassUpdateEvent+PvpSeek	type.ankama.com/com.ankama.dofus.server.game.protocol.atlas.CompassUpdateEvent.PvpSeek		1:int64:target_id;2:string:target_name	refs/dofus-unity-protocol-builder/proto/game/atlas.proto:33
BufferInformation	com.ankama.dofus.server.game.protocol.bak.BufferInformation	type.ankama.com/com.ankama.dofus.server.game.protocol.bak.BufferInformation		1:int64:buffer_id;2:int64:buffer_amount	refs/dofus-unity-protocol-builder/proto/game/bak.proto:17
BakBufferListRequest	com.ankama.dofus.server.game.protocol.bak.BakBufferListRequest	type.ankama.com/com.ankama.dofus.server.game.protocol.bak.BakBufferListRequest	C2S		refs/dofus-unity-protocol-builder/proto/game/bak.proto:22
BakBufferListEvent	com.ankama.dofus.server.game.protocol.bak.BakBufferListEvent	type.ankama.com/com.ankama.dofus.server.game.protocol.bak.BakBufferListEvent	S2C	1:repeated .com.ankama.dofus.server.game.protocol.bak.BufferInformation:buffers	refs/dofus-unity-protocol-builder/proto/game/bak.proto:25
BakConsumeBufferRequest	com.ankama.dofus.server.game.protocol.bak.BakConsumeBufferRequest	type.ankama.com/com.ankama.dofus.server.game.protocol.bak.BakConsumeBufferRequest	C2S		refs/dofus-unity-protocol-builder/proto/game/bak.proto:29
BakCancelBidRequest	com.ankama.dofus.server.game.protocol.bak.BakCancelBidRequest	type.ankama.com/com.ankama.dofus.server.game.protocol.bak.BakCancelBidRequest	C2S	1:int64:bid_id;2:.com.ankama.dofus.server.game.protocol.bak.BakCancelBidRequest.BidCancellationType:bid_cancellation_type	refs/dofus-unity-protocol-builder/proto/game/bak.proto:32
BakActionRequest	com.ankama.dofus.server.game.protocol.bak.BakActionRequest	type.ankama.com/com.ankama.dofus.server.game.protocol.bak.BakActionRequest	C2S	1:int64:kamas;2:int64:ogrines;3:int32:rate;4:.com.ankama.dofus.server.game.protocol.bak.BidAction:bid_action	refs/dofus-unity-protocol-builder/proto/game/bak.proto:43
BakActionEvent	com.ankama.dofus.server.game.protocol.bak.BakActionEvent	type.ankama.com/com.ankama.dofus.server.game.protocol.bak.BakActionEvent	S2C	1:int64:kamas;2:int64:amount;3:int32:rate;4:.com.ankama.dofus.server.game.protocol.bak.BidAction:bid_action;5:string:transaction_uuid	refs/dofus-unity-protocol-builder/proto/game/bak.proto:50
BakTransactionValidationRequest	com.ankama.dofus.server.game.protocol.bak.BakTransactionValidationRequest	type.ankama.com/com.ankama.dofus.server.game.protocol.bak.BakTransactionValidationRequest	C2S	1:string:transaction_uuid	refs/dofus-unity-protocol-builder/proto/game/bak.proto:58
BakTransactionValidationEvent	com.ankama.dofus.server.game.protocol.bak.BakTransactionValidationEvent	type.ankama.com/com.ankama.dofus.server.game.protocol.bak.BakTransactionValidationEvent	S2C	1:.com.ankama.dofus.server.game.protocol.bak.BidAction:bid_action;2:.com.ankama.dofus.server.game.protocol.bak.BakTransactionValidationEvent.BidValidation:result	refs/dofus-unity-protocol-builder/proto/game/bak.proto:62
BakBuyValidationEvent	com.ankama.dofus.server.game.protocol.bak.BakBuyValidationEvent	type.ankama.com/com.ankama.dofus.server.game.protocol.bak.BakBuyValidationEvent	S2C	1:.com.ankama.dofus.server.game.protocol.bak.BakTransactionValidationEvent:transaction_validation;2:int64:amount;3:string:email	refs/dofus-unity-protocol-builder/proto/game/bak.proto:80
BakApiTokenRequest	com.ankama.dofus.server.game.protocol.bak.BakApiTokenRequest	type.ankama.com/com.ankama.dofus.server.game.protocol.bak.BakApiTokenRequest	C2S		refs/dofus-unity-protocol-builder/proto/game/bak.proto:86
BakApiKeyEvent	com.ankama.dofus.server.game.protocol.bak.BakApiKeyEvent	type.ankama.com/com.ankama.dofus.server.game.protocol.bak.BakApiKeyEvent	S2C	1:string:token	refs/dofus-unity-protocol-builder/proto/game/bak.proto:89
BakShopTokenRequest	com.ankama.dofus.server.game.protocol.bak.BakShopTokenRequest	type.ankama.com/com.ankama.dofus.server.game.protocol.bak.BakShopTokenRequest	C2S		refs/dofus-unity-protocol-builder/proto/game/bak.proto:93
BakShopTokenEvent	com.ankama.dofus.server.game.protocol.bak.BakShopTokenEvent	type.ankama.com/com.ankama.dofus.server.game.protocol.bak.BakShopTokenEvent	S2C	1:string:token	refs/dofus-unity-protocol-builder/proto/game/bak.proto:96
DateRequest	com.ankama.dofus.server.game.protocol.basic.DateRequest	type.ankama.com/com.ankama.dofus.server.game.protocol.basic.DateRequest	C2S		refs/dofus-unity-protocol-builder/proto/game/basic.proto:9
WhoAmIRequest	com.ankama.dofus.server.game.protocol.basic.WhoAmIRequest	type.ankama.com/com.ankama.dofus.server.game.protocol.basic.WhoAmIRequest	C2S	1:bool:verbose	refs/dofus-unity-protocol-builder/proto/game/basic.proto:12
WhoIsRequest	com.ankama.dofus.server.game.protocol.basic.WhoIsRequest	type.ankama.com/com.ankama.dofus.server.game.protocol.basic.WhoIsRequest	C2S	1:bool:verbose;2:.com.ankama.dofus.server.game.protocol.common.PlayerSearch:target	refs/dofus-unity-protocol-builder/proto/game/basic.proto:16
WhoIsNumericRequest	com.ankama.dofus.server.game.protocol.basic.WhoIsNumericRequest	type.ankama.com/com.ankama.dofus.server.game.protocol.basic.WhoIsNumericRequest	C2S	1:int64:player_id	refs/dofus-unity-protocol-builder/proto/game/basic.proto:21
BasicLatencyStatsRequest	com.ankama.dofus.server.game.protocol.basic.BasicLatencyStatsRequest	type.ankama.com/com.ankama.dofus.server.game.protocol.basic.BasicLatencyStatsRequest	C2S	1:int32:latency	refs/dofus-unity-protocol-builder/proto/game/basic.proto:25
SequenceNumberRequest	com.ankama.dofus.server.game.protocol.basic.SequenceNumberRequest	type.ankama.com/com.ankama.dofus.server.game.protocol.basic.SequenceNumberRequest	C2S	1:int32:number	refs/dofus-unity-protocol-builder/proto/game/basic.proto:29
DateEvent	com.ankama.dofus.server.game.protocol.basic.DateEvent	type.ankama.com/com.ankama.dofus.server.game.protocol.basic.DateEvent	S2C	1:int32:day;2:int32:month;3:int32:year	refs/dofus-unity-protocol-builder/proto/game/basic.proto:33
TimeEvent	com.ankama.dofus.server.game.protocol.basic.TimeEvent	type.ankama.com/com.ankama.dofus.server.game.protocol.basic.TimeEvent	S2C	1:int64:timestamp;2:int32:timezone_offset	refs/dofus-unity-protocol-builder/proto/game/basic.proto:39
AlmanachCalendarDateEvent	com.ankama.dofus.server.game.protocol.basic.AlmanachCalendarDateEvent	type.ankama.com/com.ankama.dofus.server.game.protocol.basic.AlmanachCalendarDateEvent	S2C	1:int32:date_id	refs/dofus-unity-protocol-builder/proto/game/basic.proto:44
SystemMessageDisplayEvent	com.ankama.dofus.server.game.protocol.basic.SystemMessageDisplayEvent	type.ankama.com/com.ankama.dofus.server.game.protocol.basic.SystemMessageDisplayEvent	S2C	1:bool:hang_up;2:int32:message_id;3:repeated string:parameters	refs/dofus-unity-protocol-builder/proto/game/basic.proto:48
TextInformationEvent	com.ankama.dofus.server.game.protocol.basic.TextInformationEvent	type.ankama.com/com.ankama.dofus.server.game.protocol.basic.TextInformationEvent	S2C	1:.com.ankama.dofus.server.game.protocol.basic.TextInformationEvent.TextInformationType:message_type;2:int32:message_id;3:repeated string:parameters	refs/dofus-unity-protocol-builder/proto/game/basic.proto:54
WhoIsEvent	com.ankama.dofus.server.game.protocol.basic.WhoIsEvent	type.ankama.com/com.ankama.dofus.server.game.protocol.basic.WhoIsEvent	S2C	1:bool:self;2:.com.ankama.dofus.server.game.protocol.common.Hierarchy:position;3:string:account_name;4:string:account_tag;5:int64:account_id;6:string:character_name;7:int64:character_id;8:int32:area_id;9:int32:server_id;10:int32:origin_server_id;13:bool:verbose;14:.com.ankama.dofus.server.game.protocol.common.CharacterState:state;11:.com.ankama.dofus.server.game.protocol.common.GuildInformation:guild_information;12:.com.ankama.dofus.server.game.protocol.common.AllianceInformation:alliance_information	refs/dofus-unity-protocol-builder/proto/game/basic.proto:72
WhoIsNoMatchEvent	com.ankama.dofus.server.game.protocol.basic.WhoIsNoMatchEvent	type.ankama.com/com.ankama.dofus.server.game.protocol.basic.WhoIsNoMatchEvent	S2C		refs/dofus-unity-protocol-builder/proto/game/basic.proto:89
WhoIsNumericEvent	com.ankama.dofus.server.game.protocol.basic.WhoIsNumericEvent	type.ankama.com/com.ankama.dofus.server.game.protocol.basic.WhoIsNumericEvent	S2C	1:int64:player_id;2:int64:account_id	refs/dofus-unity-protocol-builder/proto/game/basic.proto:92
BasicLatencyStatsEvent	com.ankama.dofus.server.game.protocol.basic.BasicLatencyStatsEvent	type.ankama.com/com.ankama.dofus.server.game.protocol.basic.BasicLatencyStatsEvent	S2C		refs/dofus-unity-protocol-builder/proto/game/basic.proto:97
SequenceNumberEvent	com.ankama.dofus.server.game.protocol.basic.SequenceNumberEvent	type.ankama.com/com.ankama.dofus.server.game.protocol.basic.SequenceNumberEvent	S2C		refs/dofus-unity-protocol-builder/proto/game/basic.proto:100
CurrentServerStatusUpdateEvent	com.ankama.dofus.server.game.protocol.basic.CurrentServerStatusUpdateEvent	type.ankama.com/com.ankama.dofus.server.game.protocol.basic.CurrentServerStatusUpdateEvent	S2C	1:.com.ankama.dofus.server.game.protocol.basic.CurrentServerStatusUpdateEvent.ServerStatus:status	refs/dofus-unity-protocol-builder/proto/game/basic.proto:103
BreachTeleportRequest	com.ankama.dofus.server.game.protocol.breach.BreachTeleportRequest	type.ankama.com/com.ankama.dofus.server.game.protocol.breach.BreachTeleportRequest	C2S		refs/dofus-unity-protocol-builder/proto/game/breach.proto:9
BreachRoomUnlockRequest	com.ankama.dofus.server.game.protocol.breach.BreachRoomUnlockRequest	type.ankama.com/com.ankama.dofus.server.game.protocol.breach.BreachRoomUnlockRequest	C2S	1:int32:room_id	refs/dofus-unity-protocol-builder/proto/game/breach.proto:12
BreachExitRequest	com.ankama.dofus.server.game.protocol.breach.BreachExitRequest	type.ankama.com/com.ankama.dofus.server.game.protocol.breach.BreachExitRequest	C2S		refs/dofus-unity-protocol-builder/proto/game/breach.proto:16
BreachRewardBuyRequest	com.ankama.dofus.server.game.protocol.breach.BreachRewardBuyRequest	type.ankama.com/com.ankama.dofus.server.game.protocol.breach.BreachRewardBuyRequest	C2S	1:int32:reward_id	refs/dofus-unity-protocol-builder/proto/game/breach.proto:19
BreachInvitationRequest	com.ankama.dofus.server.game.protocol.breach.BreachInvitationRequest	type.ankama.com/com.ankama.dofus.server.game.protocol.breach.BreachInvitationRequest	C2S	1:repeated int64:guests	refs/dofus-unity-protocol-builder/proto/game/breach.proto:23
BreachInvitationAnswerRequest	com.ankama.dofus.server.game.protocol.breach.BreachInvitationAnswerRequest	type.ankama.com/com.ankama.dofus.server.game.protocol.breach.BreachInvitationAnswerRequest	C2S	1:bool:accepted	refs/dofus-unity-protocol-builder/proto/game/breach.proto:27
BreachKickRequest	com.ankama.dofus.server.game.protocol.breach.BreachKickRequest	type.ankama.com/com.ankama.dofus.server.game.protocol.breach.BreachKickRequest	C2S	1:int64:player_id	refs/dofus-unity-protocol-builder/proto/game/breach.proto:31
BreachEnterEvent	com.ankama.dofus.server.game.protocol.breach.BreachEnterEvent	type.ankama.com/com.ankama.dofus.server.game.protocol.breach.BreachEnterEvent	S2C	1:int64:owner	refs/dofus-unity-protocol-builder/proto/game/breach.proto:35
BreachTeleportResultEvent	com.ankama.dofus.server.game.protocol.breach.BreachTeleportResultEvent	type.ankama.com/com.ankama.dofus.server.game.protocol.breach.BreachTeleportResultEvent	S2C	1:bool:teleported	refs/dofus-unity-protocol-builder/proto/game/breach.proto:39
BreachRoomLockedEvent	com.ankama.dofus.server.game.protocol.breach.BreachRoomLockedEvent	type.ankama.com/com.ankama.dofus.server.game.protocol.breach.BreachRoomLockedEvent	S2C		refs/dofus-unity-protocol-builder/proto/game/breach.proto:43
BreachRoomUnlockResultEvent	com.ankama.dofus.server.game.protocol.breach.BreachRoomUnlockResultEvent	type.ankama.com/com.ankama.dofus.server.game.protocol.breach.BreachRoomUnlockResultEvent	S2C	1:int32:room_id;2:.com.ankama.dofus.server.game.protocol.breach.BreachRoomUnlockResultEvent.BreachRoomUnlockResult:result	refs/dofus-unity-protocol-builder/proto/game/breach.proto:46
BreachExitResultEvent	com.ankama.dofus.server.game.protocol.breach.BreachExitResultEvent	type.ankama.com/com.ankama.dofus.server.game.protocol.breach.BreachExitResultEvent	S2C	1:bool:exited	refs/dofus-unity-protocol-builder/proto/game/breach.proto:56
BreachStateEvent	com.ankama.dofus.server.game.protocol.breach.BreachStateEvent	type.ankama.com/com.ankama.dofus.server.game.protocol.breach.BreachStateEvent	S2C	1:.com.ankama.dofus.server.game.protocol.common.Character:owner;2:repeated .com.ankama.dofus.server.game.protocol.common.ObjectEffect:bonuses;3:int32:budget;4:bool:saved	refs/dofus-unity-protocol-builder/proto/game/breach.proto:60
BreachCharactersEvent	com.ankama.dofus.server.game.protocol.breach.BreachCharactersEvent	type.ankama.com/com.ankama.dofus.server.game.protocol.breach.BreachCharactersEvent	S2C	1:repeated int64:players	refs/dofus-unity-protocol-builder/proto/game/breach.proto:67
BreachBonusEvent	com.ankama.dofus.server.game.protocol.breach.BreachBonusEvent	type.ankama.com/com.ankama.dofus.server.game.protocol.breach.BreachBonusEvent	S2C	1:.com.ankama.dofus.server.game.protocol.common.ObjectEffect:bonus	refs/dofus-unity-protocol-builder/proto/game/breach.proto:71
BreachBudgetEvent	com.ankama.dofus.server.game.protocol.breach.BreachBudgetEvent	type.ankama.com/com.ankama.dofus.server.game.protocol.breach.BreachBudgetEvent	S2C	1:int32:budget	refs/dofus-unity-protocol-builder/proto/game/breach.proto:75
BreachSavedEvent	com.ankama.dofus.server.game.protocol.breach.BreachSavedEvent	type.ankama.com/com.ankama.dofus.server.game.protocol.breach.BreachSavedEvent	S2C	1:bool:saved	refs/dofus-unity-protocol-builder/proto/game/breach.proto:79
BreachBranchesEvent	com.ankama.dofus.server.game.protocol.breach.BreachBranchesEvent	type.ankama.com/com.ankama.dofus.server.game.protocol.breach.BreachBranchesEvent	S2C	1:repeated .com.ankama.dofus.server.game.protocol.common.BreachBranch:branches	refs/dofus-unity-protocol-builder/proto/game/breach.proto:83
BreachRewardsEvent	com.ankama.dofus.server.game.protocol.breach.BreachRewardsEvent	type.ankama.com/com.ankama.dofus.server.game.protocol.breach.BreachRewardsEvent	S2C	1:repeated .com.ankama.dofus.server.game.protocol.common.BreachReward:rewards	refs/dofus-unity-protocol-builder/proto/game/breach.proto:87
BreachRewardBoughtEvent	com.ankama.dofus.server.game.protocol.breach.BreachRewardBoughtEvent	type.ankama.com/com.ankama.dofus.server.game.protocol.breach.BreachRewardBoughtEvent	S2C	1:int32:reward_id;2:bool:bought	refs/dofus-unity-protocol-builder/proto/game/breach.proto:91
BreachInvitationOfferEvent	com.ankama.dofus.server.game.protocol.breach.BreachInvitationOfferEvent	type.ankama.com/com.ankama.dofus.server.game.protocol.breach.BreachInvitationOfferEvent	S2C	1:.com.ankama.dofus.server.game.protocol.common.Character:host;2:int32:time_left_before_cancel	refs/dofus-unity-protocol-builder/proto/game/breach.proto:96
BreachInvitationCloseEvent	com.ankama.dofus.server.game.protocol.breach.BreachInvitationCloseEvent	type.ankama.com/com.ankama.dofus.server.game.protocol.breach.BreachInvitationCloseEvent	S2C	1:.com.ankama.dofus.server.game.protocol.common.Character:host	refs/dofus-unity-protocol-builder/proto/game/breach.proto:101
ChallengeTargetsRequest	com.ankama.dofus.server.game.protocol.challenge.ChallengeTargetsRequest	type.ankama.com/com.ankama.dofus.server.game.protocol.challenge.ChallengeTargetsRequest	C2S	1:int32:challenge_id	refs/dofus-unity-protocol-builder/proto/game/challenge.proto:9
ChallengeSelectionRequest	com.ankama.dofus.server.game.protocol.challenge.ChallengeSelectionRequest	type.ankama.com/com.ankama.dofus.server.game.protocol.challenge.ChallengeSelectionRequest	C2S	1:int32:challenge_id	refs/dofus-unity-protocol-builder/proto/game/challenge.proto:13
ChallengeValidateRequest	com.ankama.dofus.server.game.protocol.challenge.ChallengeValidateRequest	type.ankama.com/com.ankama.dofus.server.game.protocol.challenge.ChallengeValidateRequest	C2S	1:int32:challenge_id	refs/dofus-unity-protocol-builder/proto/game/challenge.proto:17
ChallengeModSelectRequest	com.ankama.dofus.server.game.protocol.challenge.ChallengeModSelectRequest	type.ankama.com/com.ankama.dofus.server.game.protocol.challenge.ChallengeModSelectRequest	C2S	1:.com.ankama.dofus.server.game.protocol.common.ChallengeMod:challenge_mod	refs/dofus-unity-protocol-builder/proto/game/challenge.proto:21
ChallengeReadyRequest	com.ankama.dofus.server.game.protocol.challenge.ChallengeReadyRequest	type.ankama.com/com.ankama.dofus.server.game.protocol.challenge.ChallengeReadyRequest	C2S	1:.com.ankama.dofus.server.game.protocol.common.ChallengeMod:challenge_mod	refs/dofus-unity-protocol-builder/proto/game/challenge.proto:25
ChallengeBonusChoiceRequest	com.ankama.dofus.server.game.protocol.challenge.ChallengeBonusChoiceRequest	type.ankama.com/com.ankama.dofus.server.game.protocol.challenge.ChallengeBonusChoiceRequest	C2S	1:.com.ankama.dofus.server.game.protocol.common.ChallengeBonus:challenge_bonus	refs/dofus-unity-protocol-builder/proto/game/challenge.proto:29
ChallengeListEvent	com.ankama.dofus.server.game.protocol.challenge.ChallengeListEvent	type.ankama.com/com.ankama.dofus.server.game.protocol.challenge.ChallengeListEvent	S2C	1:repeated .com.ankama.dofus.server.game.protocol.common.Challenge:challenges	refs/dofus-unity-protocol-builder/proto/game/challenge.proto:33
ChallengeTargetsEvent	com.ankama.dofus.server.game.protocol.challenge.ChallengeTargetsEvent	type.ankama.com/com.ankama.dofus.server.game.protocol.challenge.ChallengeTargetsEvent	S2C	2:.com.ankama.dofus.server.game.protocol.common.Challenge:challenge	refs/dofus-unity-protocol-builder/proto/game/challenge.proto:37
ChallengeResultEvent	com.ankama.dofus.server.game.protocol.challenge.ChallengeResultEvent	type.ankama.com/com.ankama.dofus.server.game.protocol.challenge.ChallengeResultEvent	S2C	1:int32:challenge_id;2:bool:success	refs/dofus-unity-protocol-builder/proto/game/challenge.proto:41
ChallengeNumberEvent	com.ankama.dofus.server.game.protocol.challenge.ChallengeNumberEvent	type.ankama.com/com.ankama.dofus.server.game.protocol.challenge.ChallengeNumberEvent	S2C	1:int32:challenge_number	refs/dofus-unity-protocol-builder/proto/game/challenge.proto:46
ChallengeProposalEvent	com.ankama.dofus.server.game.protocol.challenge.ChallengeProposalEvent	type.ankama.com/com.ankama.dofus.server.game.protocol.challenge.ChallengeProposalEvent	S2C	1:repeated .com.ankama.dofus.server.game.protocol.common.Challenge:challenge_proposals;2:int64:timer	refs/dofus-unity-protocol-builder/proto/game/challenge.proto:50
ChallengeSelectedEvent	com.ankama.dofus.server.game.protocol.challenge.ChallengeSelectedEvent	type.ankama.com/com.ankama.dofus.server.game.protocol.challenge.ChallengeSelectedEvent	S2C	1:.com.ankama.dofus.server.game.protocol.common.Challenge:challenge	refs/dofus-unity-protocol-builder/proto/game/challenge.proto:55
ChallengeAddEvent	com.ankama.dofus.server.game.protocol.challenge.ChallengeAddEvent	type.ankama.com/com.ankama.dofus.server.game.protocol.challenge.ChallengeAddEvent	S2C	1:.com.ankama.dofus.server.game.protocol.common.Challenge:challenge	refs/dofus-unity-protocol-builder/proto/game/challenge.proto:59
ChallengeModSelectedEvent	com.ankama.dofus.server.game.protocol.challenge.ChallengeModSelectedEvent	type.ankama.com/com.ankama.dofus.server.game.protocol.challenge.ChallengeModSelectedEvent	S2C	1:.com.ankama.dofus.server.game.protocol.common.ChallengeMod:challenge_mod	refs/dofus-unity-protocol-builder/proto/game/challenge.proto:63
ChallengeBonusChoiceSelectedEvent	com.ankama.dofus.server.game.protocol.challenge.ChallengeBonusChoiceSelectedEvent	type.ankama.com/com.ankama.dofus.server.game.protocol.challenge.ChallengeBonusChoiceSelectedEvent	S2C	1:.com.ankama.dofus.server.game.protocol.common.ChallengeBonus:challenge_bonus	refs/dofus-unity-protocol-builder/proto/game/challenge.proto:67
PlayerStatusUpdateRequest	com.ankama.dofus.server.game.protocol.character.PlayerStatusUpdateRequest	type.ankama.com/com.ankama.dofus.server.game.protocol.character.PlayerStatusUpdateRequest	C2S	1:.com.ankama.dofus.server.game.protocol.common.CharacterStatus:status	refs/dofus-unity-protocol-builder/proto/game/character.proto:9
ResetCharacterCharacteristicsRequest	com.ankama.dofus.server.game.protocol.character.ResetCharacterCharacteristicsRequest	type.ankama.com/com.ankama.dofus.server.game.protocol.character.ResetCharacterCharacteristicsRequest	C2S		refs/dofus-unity-protocol-builder/proto/game/character.proto:13
FreeSoulRequest	com.ankama.dofus.server.game.protocol.character.FreeSoulRequest	type.ankama.com/com.ankama.dofus.server.game.protocol.character.FreeSoulRequest	C2S		refs/dofus-unity-protocol-builder/proto/game/character.proto:16
CharacterCharacteristicUpgradeRequest	com.ankama.dofus.server.game.protocol.character.CharacterCharacteristicUpgradeRequest	type.ankama.com/com.ankama.dofus.server.game.protocol.character.CharacterCharacteristicUpgradeRequest	C2S	1:int32:strength;2:int32:vitality;3:int32:wisdom;4:int32:chance;5:int32:agility;6:int32:intelligence	refs/dofus-unity-protocol-builder/proto/game/character.proto:19
PlayerStatusUpdateErrorEvent	com.ankama.dofus.server.game.protocol.character.PlayerStatusUpdateErrorEvent	type.ankama.com/com.ankama.dofus.server.game.protocol.character.PlayerStatusUpdateErrorEvent	S2C		refs/dofus-unity-protocol-builder/proto/game/character.proto:28
PlayerStatusUpdatedEvent	com.ankama.dofus.server.game.protocol.character.PlayerStatusUpdatedEvent	type.ankama.com/com.ankama.dofus.server.game.protocol.character.PlayerStatusUpdatedEvent	S2C	1:int32:account_id;2:int64:player_id;3:.com.ankama.dofus.server.game.protocol.common.CharacterStatus:status	refs/dofus-unity-protocol-builder/proto/game/character.proto:31
CharacterCharacteristicsEvent	com.ankama.dofus.server.game.protocol.character.CharacterCharacteristicsEvent	type.ankama.com/com.ankama.dofus.server.game.protocol.character.CharacterCharacteristicsEvent	S2C	1:.com.ankama.dofus.server.game.protocol.common.CharacterCharacteristics:stats	refs/dofus-unity-protocol-builder/proto/game/character.proto:37
CharacterLevelUpEvent	com.ankama.dofus.server.game.protocol.character.CharacterLevelUpEvent	type.ankama.com/com.ankama.dofus.server.game.protocol.character.CharacterLevelUpEvent	S2C	1:int32:new_level	refs/dofus-unity-protocol-builder/proto/game/character.proto:41
CharacterExperienceGainEvent	com.ankama.dofus.server.game.protocol.character.CharacterExperienceGainEvent	type.ankama.com/com.ankama.dofus.server.game.protocol.character.CharacterExperienceGainEvent	S2C	1:int64:character_experience;2:int64:mount_experience;3:int64:guild_experience	refs/dofus-unity-protocol-builder/proto/game/character.proto:45
LifePointsRegenBeginEvent	com.ankama.dofus.server.game.protocol.character.LifePointsRegenBeginEvent	type.ankama.com/com.ankama.dofus.server.game.protocol.character.LifePointsRegenBeginEvent	S2C	1:int32:regen_rate	refs/dofus-unity-protocol-builder/proto/game/character.proto:51
UpdateLifePointsEvent	com.ankama.dofus.server.game.protocol.character.UpdateLifePointsEvent	type.ankama.com/com.ankama.dofus.server.game.protocol.character.UpdateLifePointsEvent	S2C	1:int32:life_points;2:int32:max_life_points;3:int32:life_points_gained	refs/dofus-unity-protocol-builder/proto/game/character.proto:55
CharacterLifeStatusEvent	com.ankama.dofus.server.game.protocol.character.CharacterLifeStatusEvent	type.ankama.com/com.ankama.dofus.server.game.protocol.character.CharacterLifeStatusEvent	S2C	1:.com.ankama.dofus.server.game.protocol.character.CharacterLifeStatusEvent.LifeStatus:state;2:int64:phoenix_map_id	refs/dofus-unity-protocol-builder/proto/game/character.proto:61
GameOverEvent	com.ankama.dofus.server.game.protocol.character.GameOverEvent	type.ankama.com/com.ankama.dofus.server.game.protocol.character.GameOverEvent	S2C		refs/dofus-unity-protocol-builder/proto/game/character.proto:72
CharacterCharacteristicUpgradeResultEvent	com.ankama.dofus.server.game.protocol.character.CharacterCharacteristicUpgradeResultEvent	type.ankama.com/com.ankama.dofus.server.game.protocol.character.CharacterCharacteristicUpgradeResultEvent	S2C	1:.com.ankama.dofus.server.game.protocol.character.CharacterCharacteristicUpgradeResultEvent.CharacteristicUpgradeResult:result;2:int32:points	refs/dofus-unity-protocol-builder/proto/game/character.proto:75
CharacterRestrictionsEvent	com.ankama.dofus.server.game.protocol.character.CharacterRestrictionsEvent	type.ankama.com/com.ankama.dofus.server.game.protocol.character.CharacterRestrictionsEvent	S2C	1:int64:character_id;2:repeated .com.ankama.dofus.server.game.protocol.common.Restriction:restrictions	refs/dofus-unity-protocol-builder/proto/game/character.proto:88
CharacterOnConnectionEvent	com.ankama.dofus.server.game.protocol.character.CharacterOnConnectionEvent	type.ankama.com/com.ankama.dofus.server.game.protocol.character.CharacterOnConnectionEvent	S2C	1:.com.ankama.dofus.server.game.protocol.character.CharacterOnConnectionEvent.ConnectionEvent:connection_event	refs/dofus-unity-protocol-builder/proto/game/character.proto:93
PrepareCharacterDeletionRequest	com.ankama.dofus.server.game.protocol.character.management.PrepareCharacterDeletionRequest	type.ankama.com/com.ankama.dofus.server.game.protocol.character.management.PrepareCharacterDeletionRequest	C2S	1:int64:character_id	refs/dofus-unity-protocol-builder/proto/game/character_management.proto:9
CharacterDeletionRequest	com.ankama.dofus.server.game.protocol.character.management.CharacterDeletionRequest	type.ankama.com/com.ankama.dofus.server.game.protocol.character.management.CharacterDeletionRequest	C2S	1:int64:character_id;2:string:secret_answer_hash	refs/dofus-unity-protocol-builder/proto/game/character_management.proto:13
CanCreateCharacterRequest	com.ankama.dofus.server.game.protocol.character.management.CanCreateCharacterRequest	type.ankama.com/com.ankama.dofus.server.game.protocol.character.management.CanCreateCharacterRequest	C2S		refs/dofus-unity-protocol-builder/proto/game/character_management.proto:18
CharacterCreationRequest	com.ankama.dofus.server.game.protocol.character.management.CharacterCreationRequest	type.ankama.com/com.ankama.dofus.server.game.protocol.character.management.CharacterCreationRequest	C2S	1:.com.ankama.dofus.server.game.protocol.common.CharacterRemodelingInformation:modelingInformation	refs/dofus-unity-protocol-builder/proto/game/character_management.proto:21
CharacterReplayRequest	com.ankama.dofus.server.game.protocol.character.management.CharacterReplayRequest	type.ankama.com/com.ankama.dofus.server.game.protocol.character.management.CharacterReplayRequest	C2S	1:int64:character_id	refs/dofus-unity-protocol-builder/proto/game/character_management.proto:25
CharacterReplayWithRemodelRequest	com.ankama.dofus.server.game.protocol.character.management.CharacterReplayWithRemodelRequest	type.ankama.com/com.ankama.dofus.server.game.protocol.character.management.CharacterReplayWithRemodelRequest	C2S	1:int64:character_id;2:.com.ankama.dofus.server.game.protocol.common.Character:remodelingInformation	refs/dofus-unity-protocol-builder/proto/game/character_management.proto:29
CharacterSelectionRequest	com.ankama.dofus.server.game.protocol.character.management.CharacterSelectionRequest	type.ankama.com/com.ankama.dofus.server.game.protocol.character.management.CharacterSelectionRequest	C2S	1:int64:character_id	refs/dofus-unity-protocol-builder/proto/game/character_management.proto:34
CharacterSelectionWithRemodelRequest	com.ankama.dofus.server.game.protocol.character.management.CharacterSelectionWithRemodelRequest	type.ankama.com/com.ankama.dofus.server.game.protocol.character.management.CharacterSelectionWithRemodelRequest	C2S	1:int64:character_id;2:.com.ankama.dofus.server.game.protocol.common.Character:remodelingInformation	refs/dofus-unity-protocol-builder/proto/game/character_management.proto:38
CharacterListRequest	com.ankama.dofus.server.game.protocol.character.management.CharacterListRequest	type.ankama.com/com.ankama.dofus.server.game.protocol.character.management.CharacterListRequest	C2S		refs/dofus-unity-protocol-builder/proto/game/character_management.proto:43
CharacterForceSelectionReadyRequest	com.ankama.dofus.server.game.protocol.character.management.CharacterForceSelectionReadyRequest	type.ankama.com/com.ankama.dofus.server.game.protocol.character.management.CharacterForceSelectionReadyRequest	C2S		refs/dofus-unity-protocol-builder/proto/game/character_management.proto:46
CharacterFirstSelectionRequest	com.ankama.dofus.server.game.protocol.character.management.CharacterFirstSelectionRequest	type.ankama.com/com.ankama.dofus.server.game.protocol.character.management.CharacterFirstSelectionRequest	C2S	1:int64:character_id;2:bool:do_tutorial	refs/dofus-unity-protocol-builder/proto/game/character_management.proto:49
CharacterNameSuggestionRequest	com.ankama.dofus.server.game.protocol.character.management.CharacterNameSuggestionRequest	type.ankama.com/com.ankama.dofus.server.game.protocol.character.management.CharacterNameSuggestionRequest	C2S		refs/dofus-unity-protocol-builder/proto/game/character_management.proto:54
CanCharacterBeCreatedResultEvent	com.ankama.dofus.server.game.protocol.character.management.CanCharacterBeCreatedResultEvent	type.ankama.com/com.ankama.dofus.server.game.protocol.character.management.CanCharacterBeCreatedResultEvent	S2C	1:bool:result	refs/dofus-unity-protocol-builder/proto/game/character_management.proto:57
CharacterCreationResultEvent	com.ankama.dofus.server.game.protocol.character.management.CharacterCreationResultEvent	type.ankama.com/com.ankama.dofus.server.game.protocol.character.management.CharacterCreationResultEvent	S2C	1:.com.ankama.dofus.server.game.protocol.character.management.CharacterCreationResultEvent.CharacterCreationResult:result;2:.com.ankama.dofus.server.game.protocol.character.management.CharacterCreationResultEvent.NameCompliance:reason	refs/dofus-unity-protocol-builder/proto/game/character_management.proto:61
CharacterDeletionErrorEvent	com.ankama.dofus.server.game.protocol.character.management.CharacterDeletionErrorEvent	type.ankama.com/com.ankama.dofus.server.game.protocol.character.management.CharacterDeletionErrorEvent	S2C	1:.com.ankama.dofus.server.game.protocol.character.management.CharacterDeletionErrorEvent.CharacterDeletionError:reason	refs/dofus-unity-protocol-builder/proto/game/character_management.proto:90
CharacterSelectionEvent	com.ankama.dofus.server.game.protocol.character.management.CharacterSelectionEvent	type.ankama.com/com.ankama.dofus.server.game.protocol.character.management.CharacterSelectionEvent	S2C	1:.com.ankama.dofus.server.game.protocol.character.management.CharacterSelectionEvent.Error:error;2:.com.ankama.dofus.server.game.protocol.character.management.CharacterSelectionEvent.Success:success	refs/dofus-unity-protocol-builder/proto/game/character_management.proto:100
Error	com.ankama.dofus.server.game.protocol.character.management.CharacterSelectionEvent+Error	type.ankama.com/com.ankama.dofus.server.game.protocol.character.management.CharacterSelectionEvent.Error			refs/dofus-unity-protocol-builder/proto/game/character_management.proto:105
Success	com.ankama.dofus.server.game.protocol.character.management.CharacterSelectionEvent+Success	type.ankama.com/com.ankama.dofus.server.game.protocol.character.management.CharacterSelectionEvent.Success		1:.com.ankama.dofus.server.game.protocol.common.Character:character;2:bool:collect_stats	refs/dofus-unity-protocol-builder/proto/game/character_management.proto:108
CharacterListWithRemodelingEvent	com.ankama.dofus.server.game.protocol.character.management.CharacterListWithRemodelingEvent	type.ankama.com/com.ankama.dofus.server.game.protocol.character.management.CharacterListWithRemodelingEvent	S2C	1:repeated .com.ankama.dofus.server.game.protocol.common.Character:characters;2:repeated .com.ankama.dofus.server.game.protocol.common.Character:characters_to_remodel	refs/dofus-unity-protocol-builder/proto/game/character_management.proto:115
CharacterListEvent	com.ankama.dofus.server.game.protocol.character.management.CharacterListEvent	type.ankama.com/com.ankama.dofus.server.game.protocol.character.management.CharacterListEvent	S2C	1:repeated .com.ankama.dofus.server.game.protocol.common.Character:characters	refs/dofus-unity-protocol-builder/proto/game/character_management.proto:120
CharacterLoadingCompleteEvent	com.ankama.dofus.server.game.protocol.character.management.CharacterLoadingCompleteEvent	type.ankama.com/com.ankama.dofus.server.game.protocol.character.management.CharacterLoadingCompleteEvent	S2C		refs/dofus-unity-protocol-builder/proto/game/character_management.proto:124
CharacterNameSuggestionEvent	com.ankama.dofus.server.game.protocol.character.management.CharacterNameSuggestionEvent	type.ankama.com/com.ankama.dofus.server.game.protocol.character.management.CharacterNameSuggestionEvent	S2C	1:string:suggestion	refs/dofus-unity-protocol-builder/proto/game/character_management.proto:127
CharacterNameGenerationFailedEvent	com.ankama.dofus.server.game.protocol.character.management.CharacterNameGenerationFailedEvent	type.ankama.com/com.ankama.dofus.server.game.protocol.character.management.CharacterNameGenerationFailedEvent	S2C	1:.com.ankama.dofus.server.game.protocol.character.management.CharacterNameGenerationFailedEvent.NameGenerationFailureReason:reason	refs/dofus-unity-protocol-builder/proto/game/character_management.proto:131
CharacterDeletionPrepareEvent	com.ankama.dofus.server.game.protocol.character.management.CharacterDeletionPrepareEvent	type.ankama.com/com.ankama.dofus.server.game.protocol.character.management.CharacterDeletionPrepareEvent	S2C	1:int64:character_id;2:string:name;3:string:secret_question;4:bool:need_secret_answer	refs/dofus-unity-protocol-builder/proto/game/character_management.proto:140
CharacterForceSelectionEvent	com.ankama.dofus.server.game.protocol.character.management.CharacterForceSelectionEvent	type.ankama.com/com.ankama.dofus.server.game.protocol.character.management.CharacterForceSelectionEvent	S2C	1:int64:character_id	refs/dofus-unity-protocol-builder/proto/game/character_management.proto:147
CharacterListErrorEvent	com.ankama.dofus.server.game.protocol.character.management.CharacterListErrorEvent	type.ankama.com/com.ankama.dofus.server.game.protocol.character.management.CharacterListErrorEvent	S2C		refs/dofus-unity-protocol-builder/proto/game/character_management.proto:151
CharacterCapabilitiesEvent	com.ankama.dofus.server.game.protocol.character.management.CharacterCapabilitiesEvent	type.ankama.com/com.ankama.dofus.server.game.protocol.character.management.CharacterCapabilitiesEvent	S2C	1:int32:guild_emblem_symbol_category	refs/dofus-unity-protocol-builder/proto/game/character_management.proto:154
CharacterChangeBreedRequest	com.ankama.dofus.server.game.protocol.character.management.CharacterChangeBreedRequest	type.ankama.com/com.ankama.dofus.server.game.protocol.character.management.CharacterChangeBreedRequest	C2S	1:int32:breed_id;2:.com.ankama.dofus.server.game.protocol.common.Gender:gender;3:repeated int32:colors;4:int32:cosmetic_id;5:int32:object_id	refs/dofus-unity-protocol-builder/proto/game/character_management.proto:158
ChatPrivateMessageRequest	com.ankama.dofus.server.game.protocol.chat.ChatPrivateMessageRequest	type.ankama.com/com.ankama.dofus.server.game.protocol.chat.ChatPrivateMessageRequest	C2S	1:string:content;2:repeated .com.ankama.dofus.server.game.protocol.common.ObjectItemInventory:object;3:string:name;4:.com.ankama.dofus.server.game.protocol.common.AccountTag:tag	refs/dofus-unity-protocol-builder/proto/game/chat.proto:28
ChatPrivateCopyMessageEvent	com.ankama.dofus.server.game.protocol.chat.ChatPrivateCopyMessageEvent	type.ankama.com/com.ankama.dofus.server.game.protocol.chat.ChatPrivateCopyMessageEvent	S2C	1:string:content;2:string:date;3:int64:target_character_id;4:string:target_name;5:repeated .com.ankama.dofus.server.game.protocol.common.ObjectItemInventory:object	refs/dofus-unity-protocol-builder/proto/game/chat.proto:37
ChatChannelMessageRequest	com.ankama.dofus.server.game.protocol.chat.ChatChannelMessageRequest	type.ankama.com/com.ankama.dofus.server.game.protocol.chat.ChatChannelMessageRequest	C2S	1:string:content;2:.com.ankama.dofus.server.game.protocol.chat.Channel:channel;3:repeated .com.ankama.dofus.server.game.protocol.common.ObjectItemInventory:object	refs/dofus-unity-protocol-builder/proto/game/chat.proto:45
ChatChannelMessageEvent	com.ankama.dofus.server.game.protocol.chat.ChatChannelMessageEvent	type.ankama.com/com.ankama.dofus.server.game.protocol.chat.ChatChannelMessageEvent	S2C	1:string:content;2:.com.ankama.dofus.server.game.protocol.chat.Channel:channel;3:string:date;4:int64:sender_character_id;5:int64:sender_account_id;6:string:sender_prefix;7:string:sender_name;8:bool:from_admin;9:repeated .com.ankama.dofus.server.game.protocol.common.ObjectItemInventory:object;10:int32:origin_server_id	refs/dofus-unity-protocol-builder/proto/game/chat.proto:51
ChatErrorEvent	com.ankama.dofus.server.game.protocol.chat.ChatErrorEvent	type.ankama.com/com.ankama.dofus.server.game.protocol.chat.ChatErrorEvent	S2C	1:.com.ankama.dofus.server.game.protocol.chat.ChatErrorEvent.Error:error	refs/dofus-unity-protocol-builder/proto/game/chat.proto:64
SubscribeChannelRequest	com.ankama.dofus.server.game.protocol.chat.SubscribeChannelRequest	type.ankama.com/com.ankama.dofus.server.game.protocol.chat.SubscribeChannelRequest	C2S	1:.com.ankama.dofus.server.game.protocol.chat.Channel:channel;2:bool:enable	refs/dofus-unity-protocol-builder/proto/game/chat.proto:82
ChannelUpdateEvent	com.ankama.dofus.server.game.protocol.chat.ChannelUpdateEvent	type.ankama.com/com.ankama.dofus.server.game.protocol.chat.ChannelUpdateEvent	S2C	1:.com.ankama.dofus.server.game.protocol.chat.Channel:channel;2:bool:enable	refs/dofus-unity-protocol-builder/proto/game/chat.proto:87
ChatChannelsEnabledEvent	com.ankama.dofus.server.game.protocol.chat.ChatChannelsEnabledEvent	type.ankama.com/com.ankama.dofus.server.game.protocol.chat.ChatChannelsEnabledEvent	S2C	1:repeated .com.ankama.dofus.server.game.protocol.chat.Channel:active_channels;2:repeated .com.ankama.dofus.server.game.protocol.chat.Channel:disabled_channels	refs/dofus-unity-protocol-builder/proto/game/chat.proto:92
Choice	com.ankama.dofus.server.game.protocol.choice.Choice	type.ankama.com/com.ankama.dofus.server.game.protocol.choice.Choice		1:int32:id;2:int32:position	refs/dofus-unity-protocol-builder/proto/game/choice.proto:7
ChoiceSelectionEvent	com.ankama.dofus.server.game.protocol.choice.ChoiceSelectionEvent	type.ankama.com/com.ankama.dofus.server.game.protocol.choice.ChoiceSelectionEvent	S2C	1:int32:selection_id;2:repeated .com.ankama.dofus.server.game.protocol.choice.Choice:choices	refs/dofus-unity-protocol-builder/proto/game/choice.proto:12
ChoiceSelectedEvent	com.ankama.dofus.server.game.protocol.choice.ChoiceSelectedEvent	type.ankama.com/com.ankama.dofus.server.game.protocol.choice.ChoiceSelectedEvent	S2C	1:int32:position	refs/dofus-unity-protocol-builder/proto/game/choice.proto:17
ChoiceSelectedRequest	com.ankama.dofus.server.game.protocol.choice.ChoiceSelectedRequest	type.ankama.com/com.ankama.dofus.server.game.protocol.choice.ChoiceSelectedRequest	C2S	1:int32:position	refs/dofus-unity-protocol-builder/proto/game/choice.proto:21
ServerSessionReadyEvent	com.ankama.dofus.server.game.protocol.client.verification.ServerSessionReadyEvent	type.ankama.com/com.ankama.dofus.server.game.protocol.client.verification.ServerSessionReadyEvent	S2C		refs/dofus-unity-protocol-builder/proto/game/client_verification.proto:7
ClientIdRequest	com.ankama.dofus.server.game.protocol.client.verification.ClientIdRequest	type.ankama.com/com.ankama.dofus.server.game.protocol.client.verification.ClientIdRequest	C2S	1:string:id	refs/dofus-unity-protocol-builder/proto/game/client_verification.proto:10
ServerVerificationEvent	com.ankama.dofus.server.game.protocol.client.verification.ServerVerificationEvent	type.ankama.com/com.ankama.dofus.server.game.protocol.client.verification.ServerVerificationEvent	S2C		refs/dofus-unity-protocol-builder/proto/game/client_verification.proto:14
ClientChallengeInitRequest	com.ankama.dofus.server.game.protocol.client.verification.ClientChallengeInitRequest	type.ankama.com/com.ankama.dofus.server.game.protocol.client.verification.ClientChallengeInitRequest	C2S	1:string:challengeKey	refs/dofus-unity-protocol-builder/proto/game/client_verification.proto:17
ServerChallengeEvent	com.ankama.dofus.server.game.protocol.client.verification.ServerChallengeEvent	type.ankama.com/com.ankama.dofus.server.game.protocol.client.verification.ServerChallengeEvent	S2C	1:string:value	refs/dofus-unity-protocol-builder/proto/game/client_verification.proto:21
ClientChallengeProofRequest	com.ankama.dofus.server.game.protocol.client.verification.ClientChallengeProofRequest	type.ankama.com/com.ankama.dofus.server.game.protocol.client.verification.ClientChallengeProofRequest	C2S	1:string:proof	refs/dofus-unity-protocol-builder/proto/game/client_verification.proto:25
AccountTag	com.ankama.dofus.server.game.protocol.common.AccountTag	type.ankama.com/com.ankama.dofus.server.game.protocol.common.AccountTag		1:string:nickname;2:string:tag	refs/dofus-unity-protocol-builder/proto/game/common.proto:340
ActorPositionInformation	com.ankama.dofus.server.game.protocol.common.ActorPositionInformation	type.ankama.com/com.ankama.dofus.server.game.protocol.common.ActorPositionInformation		1:int64:actor_id;2:.com.ankama.dofus.server.game.protocol.common.EntityDisposition:disposition;3:.com.ankama.dofus.server.game.protocol.common.ActorPositionInformation.ActorInformation:actor_information	refs/dofus-unity-protocol-builder/proto/game/common.proto:345
ActorInformation	com.ankama.dofus.server.game.protocol.common.ActorPositionInformation+ActorInformation	type.ankama.com/com.ankama.dofus.server.game.protocol.common.ActorPositionInformation.ActorInformation		1:.com.ankama.dofus.server.game.protocol.common.EntityLook:look;2:.com.ankama.dofus.server.game.protocol.common.ActorPositionInformation.ActorInformation.RolePlayActor:role_play_actor;3:.com.ankama.dofus.server.game.protocol.common.ActorPositionInformation.ActorInformation.FightFighterInformation:fighter	refs/dofus-unity-protocol-builder/proto/game/common.proto:349
RolePlayActor	com.ankama.dofus.server.game.protocol.common.ActorPositionInformation+ActorInformation+RolePlayActor	type.ankama.com/com.ankama.dofus.server.game.protocol.common.ActorPositionInformation.ActorInformation.RolePlayActor		4:.com.ankama.dofus.server.game.protocol.common.ActorPositionInformation.ActorInformation.RolePlayActor.NamedActor:named_actor;5:.com.ankama.dofus.server.game.protocol.common.ActorPositionInformation.ActorInformation.RolePlayActor.TaxCollectorActor:tax_collector_actor;6:.com.ankama.dofus.server.game.protocol.common.ActorPositionInformation.ActorInformation.RolePlayActor.MonsterGroupActor:monster_group_actor;7:.com.ankama.dofus.server.game.protocol.common.ActorPositionInformation.ActorInformation.RolePlayActor.NpcStaticInformation:npc_actor;8:.com.ankama.dofus.server.game.protocol.common.PrismInformation:prism_actor;9:.com.ankama.dofus.server.game.protocol.common.PortalInformation:portal_actor;10:int32:treasure_hunt_npc_id	refs/dofus-unity-protocol-builder/proto/game/common.proto:355
NamedActor	com.ankama.dofus.server.game.protocol.common.ActorPositionInformation+ActorInformation+RolePlayActor+NamedActor	type.ankama.com/com.ankama.dofus.server.game.protocol.common.ActorPositionInformation.ActorInformation.RolePlayActor.NamedActor		1:string:name;2:.com.ankama.dofus.server.game.protocol.common.ActorPositionInformation.ActorInformation.RolePlayActor.NamedActor.Humanoid:humanoid_information;3:.com.ankama.dofus.server.game.protocol.common.ActorPositionInformation.ActorInformation.RolePlayActor.NamedActor.Mount:mount_information	refs/dofus-unity-protocol-builder/proto/game/common.proto:365
Humanoid	com.ankama.dofus.server.game.protocol.common.ActorPositionInformation+ActorInformation+RolePlayActor+NamedActor+Humanoid	type.ankama.com/com.ankama.dofus.server.game.protocol.common.ActorPositionInformation.ActorInformation.RolePlayActor.NamedActor.Humanoid		1:repeated .com.ankama.dofus.server.game.protocol.common.Restriction:restrictions;2:.com.ankama.dofus.server.game.protocol.common.Gender:gender;3:repeated .com.ankama.dofus.server.game.protocol.common.ActorPositionInformation.ActorInformation.RolePlayActor.NamedActor.Humanoid.HumanOption:options;4:int64:account_id;5:.com.ankama.dofus.server.game.protocol.common.AlignmentInformation:alignment_information;6:.com.ankama.dofus.server.game.protocol.common.ActorPositionInformation.ActorInformation.RolePlayActor.NamedActor.Humanoid.MutantInformation:mutant_information	refs/dofus-unity-protocol-builder/proto/game/common.proto:371
HumanOption	com.ankama.dofus.server.game.protocol.common.ActorPositionInformation+ActorInformation+RolePlayActor+NamedActor+Humanoid+HumanOption	type.ankama.com/com.ankama.dofus.server.game.protocol.common.ActorPositionInformation.ActorInformation.RolePlayActor.NamedActor.Humanoid.HumanOption		3:.com.ankama.dofus.server.game.protocol.common.ActorPositionInformation.ActorInformation.RolePlayActor.NamedActor.Humanoid.HumanOption.FollowingCharactersOption:followers;4:.com.ankama.dofus.server.game.protocol.common.GuildInformation:guild_information;5:.com.ankama.dofus.server.game.protocol.common.ActorPositionInformation.ActorInformation.RolePlayActor.NamedActor.Humanoid.HumanOption.AllianceOption:alliance_information;6:.com.ankama.dofus.server.game.protocol.common.ActorPositionInformation.ActorInformation.RolePlayActor.NamedActor.Humanoid.HumanOption.EmoteOption:emote_option;7:.com.ankama.dofus.server.game.protocol.common.ActorPositionInformation.ActorInformation.RolePlayActor.NamedActor.Humanoid.HumanOption.TitleOption:title_option;8:.com.ankama.dofus.server.game.protocol.common.ActorPositionInformation.ActorInformation.RolePlayActor.NamedActor.Humanoid.HumanOption.OrnamentOption:ornament_option;9:.com.ankama.dofus.server.game.protocol.common.ActorPositionInformation.ActorInformation.RolePlayActor.NamedActor.Humanoid.HumanOption.ObjectUseOption:object_use_option;10:.com.ankama.dofus.server.game.protocol.common.ActorPositionInformation.ActorInformation.RolePlayActor.NamedActor.Humanoid.HumanOption.SkillUseOption:skill_use_option;11:int32:speed_multiplier	refs/dofus-unity-protocol-builder/proto/game/common.proto:378
FollowingCharactersOption	com.ankama.dofus.server.game.protocol.common.ActorPositionInformation+ActorInformation+RolePlayActor+NamedActor+Humanoid+HumanOption+FollowingCharactersOption	type.ankama.com/com.ankama.dofus.server.game.protocol.common.ActorPositionInformation.ActorInformation.RolePlayActor.NamedActor.Humanoid.HumanOption.FollowingCharactersOption		1:repeated .com.ankama.dofus.server.game.protocol.common.ActorPositionInformation.ActorInformation.RolePlayActor.NamedActor.Humanoid.HumanOption.FollowingCharactersOption.IndexedEntityLook:following_characters_looks	refs/dofus-unity-protocol-builder/proto/game/common.proto:390
IndexedEntityLook	com.ankama.dofus.server.game.protocol.common.ActorPositionInformation+ActorInformation+RolePlayActor+NamedActor+Humanoid+HumanOption+FollowingCharactersOption+IndexedEntityLook	type.ankama.com/com.ankama.dofus.server.game.protocol.common.ActorPositionInformation.ActorInformation.RolePlayActor.NamedActor.Humanoid.HumanOption.FollowingCharactersOption.IndexedEntityLook		1:.com.ankama.dofus.server.game.protocol.common.EntityLook:look;2:int32:index	refs/dofus-unity-protocol-builder/proto/game/common.proto:392
AllianceOption	com.ankama.dofus.server.game.protocol.common.ActorPositionInformation+ActorInformation+RolePlayActor+NamedActor+Humanoid+HumanOption+AllianceOption	type.ankama.com/com.ankama.dofus.server.game.protocol.common.ActorPositionInformation.ActorInformation.RolePlayActor.NamedActor.Humanoid.HumanOption.AllianceOption		1:.com.ankama.dofus.server.game.protocol.common.AllianceInformation:alliance_information;2:.com.ankama.dofus.server.game.protocol.common.AttackableStatus:attackable_status	refs/dofus-unity-protocol-builder/proto/game/common.proto:399
EmoteOption	com.ankama.dofus.server.game.protocol.common.ActorPositionInformation+ActorInformation+RolePlayActor+NamedActor+Humanoid+HumanOption+EmoteOption	type.ankama.com/com.ankama.dofus.server.game.protocol.common.ActorPositionInformation.ActorInformation.RolePlayActor.NamedActor.Humanoid.HumanOption.EmoteOption		1:int32:emote_id;2:string:emote_start_time	refs/dofus-unity-protocol-builder/proto/game/common.proto:404
TitleOption	com.ankama.dofus.server.game.protocol.common.ActorPositionInformation+ActorInformation+RolePlayActor+NamedActor+Humanoid+HumanOption+TitleOption	type.ankama.com/com.ankama.dofus.server.game.protocol.common.ActorPositionInformation.ActorInformation.RolePlayActor.NamedActor.Humanoid.HumanOption.TitleOption		1:int32:title_id;2:string:title_parameter	refs/dofus-unity-protocol-builder/proto/game/common.proto:409
OrnamentOption	com.ankama.dofus.server.game.protocol.common.ActorPositionInformation+ActorInformation+RolePlayActor+NamedActor+Humanoid+HumanOption+OrnamentOption	type.ankama.com/com.ankama.dofus.server.game.protocol.common.ActorPositionInformation.ActorInformation.RolePlayActor.NamedActor.Humanoid.HumanOption.OrnamentOption		2:int32:player_level;4:int32:ladder_position;1:int32:ornament_id;3:int32:league_id	refs/dofus-unity-protocol-builder/proto/game/common.proto:414
ObjectUseOption	com.ankama.dofus.server.game.protocol.common.ActorPositionInformation+ActorInformation+RolePlayActor+NamedActor+Humanoid+HumanOption+ObjectUseOption	type.ankama.com/com.ankama.dofus.server.game.protocol.common.ActorPositionInformation.ActorInformation.RolePlayActor.NamedActor.Humanoid.HumanOption.ObjectUseOption		1:.com.ankama.dofus.server.game.protocol.common.DelayedActionType:delayed_action_type;2:string:end_delay;3:int32:object_gid	refs/dofus-unity-protocol-builder/proto/game/common.proto:421
SkillUseOption	com.ankama.dofus.server.game.protocol.common.ActorPositionInformation+ActorInformation+RolePlayActor+NamedActor+Humanoid+HumanOption+SkillUseOption	type.ankama.com/com.ankama.dofus.server.game.protocol.common.ActorPositionInformation.ActorInformation.RolePlayActor.NamedActor.Humanoid.HumanOption.SkillUseOption		1:int32:element_id;2:int32:skill_id;3:string:skill_end_time	refs/dofus-unity-protocol-builder/proto/game/common.proto:427
MutantInformation	com.ankama.dofus.server.game.protocol.common.ActorPositionInformation+ActorInformation+RolePlayActor+NamedActor+Humanoid+MutantInformation	type.ankama.com/com.ankama.dofus.server.game.protocol.common.ActorPositionInformation.ActorInformation.RolePlayActor.NamedActor.Humanoid.MutantInformation		1:int32:monster_id;2:int32:power_level	refs/dofus-unity-protocol-builder/proto/game/common.proto:435
Mount	com.ankama.dofus.server.game.protocol.common.ActorPositionInformation+ActorInformation+RolePlayActor+NamedActor+Mount	type.ankama.com/com.ankama.dofus.server.game.protocol.common.ActorPositionInformation.ActorInformation.RolePlayActor.NamedActor.Mount		1:string:owner_name;2:int32:level	refs/dofus-unity-protocol-builder/proto/game/common.proto:442
TaxCollectorActor	com.ankama.dofus.server.game.protocol.common.ActorPositionInformation+ActorInformation+RolePlayActor+TaxCollectorActor	type.ankama.com/com.ankama.dofus.server.game.protocol.common.ActorPositionInformation.ActorInformation.RolePlayActor.TaxCollectorActor		1:.com.ankama.dofus.server.game.protocol.common.TaxCollectorStaticInformation:identification;2:int32:attack	refs/dofus-unity-protocol-builder/proto/game/common.proto:449
MonsterGroupActor	com.ankama.dofus.server.game.protocol.common.ActorPositionInformation+ActorInformation+RolePlayActor+MonsterGroupActor	type.ankama.com/com.ankama.dofus.server.game.protocol.common.ActorPositionInformation.ActorInformation.RolePlayActor.MonsterGroupActor		1:.com.ankama.dofus.server.game.protocol.common.MonsterGroupStaticInformation:identification;2:int32:loot_share;3:.com.ankama.dofus.server.game.protocol.common.Alignment:alignment;4:.com.ankama.dofus.server.game.protocol.common.ActorPositionInformation.ActorInformation.RolePlayActor.MonsterGroupActor.WaveInformation:wave_information	refs/dofus-unity-protocol-builder/proto/game/common.proto:454
WaveInformation	com.ankama.dofus.server.game.protocol.common.ActorPositionInformation+ActorInformation+RolePlayActor+MonsterGroupActor+WaveInformation	type.ankama.com/com.ankama.dofus.server.game.protocol.common.ActorPositionInformation.ActorInformation.RolePlayActor.MonsterGroupActor.WaveInformation		2:repeated .com.ankama.dofus.server.game.protocol.common.MonsterGroupStaticInformation:alternatives;1:int32:wave_count	refs/dofus-unity-protocol-builder/proto/game/common.proto:459
NpcStaticInformation	com.ankama.dofus.server.game.protocol.common.ActorPositionInformation+ActorInformation+RolePlayActor+NpcStaticInformation	type.ankama.com/com.ankama.dofus.server.game.protocol.common.ActorPositionInformation.ActorInformation.RolePlayActor.NpcStaticInformation		1:int32:npc_id;2:.com.ankama.dofus.server.game.protocol.common.Gender:gender;3:int32:special_artwork_id;4:.com.ankama.dofus.server.game.protocol.common.ActorPositionInformation.ActorInformation.RolePlayActor.NpcStaticInformation.Quests:quests	refs/dofus-unity-protocol-builder/proto/game/common.proto:466
Quests	com.ankama.dofus.server.game.protocol.common.ActorPositionInformation+ActorInformation+RolePlayActor+NpcStaticInformation+Quests	type.ankama.com/com.ankama.dofus.server.game.protocol.common.ActorPositionInformation.ActorInformation.RolePlayActor.NpcStaticInformation.Quests		1:repeated int32:quests_to_valid;2:repeated int32:quests_to_start	refs/dofus-unity-protocol-builder/proto/game/common.proto:471
FightFighterInformation	com.ankama.dofus.server.game.protocol.common.ActorPositionInformation+ActorInformation+FightFighterInformation	type.ankama.com/com.ankama.dofus.server.game.protocol.common.ActorPositionInformation.ActorInformation.FightFighterInformation		1:.com.ankama.dofus.server.game.protocol.common.SpawnInformation:spawn_information;2:int32:wave;3:.com.ankama.dofus.server.game.protocol.common.FightCharacteristics:stats;4:repeated int32:previous_positions;5:.com.ankama.dofus.server.game.protocol.common.ActorPositionInformation.ActorInformation.FightFighterInformation.NamedFighterInformation:named_fighter;6:.com.ankama.dofus.server.game.protocol.common.ActorPositionInformation.ActorInformation.FightFighterInformation.AIFighterInformation:ai_fighter;7:.com.ankama.dofus.server.game.protocol.common.ActorPositionInformation.ActorInformation.FightFighterInformation.EntityFighterInformation:entity_fighter	refs/dofus-unity-protocol-builder/proto/game/common.proto:480
NamedFighterInformation	com.ankama.dofus.server.game.protocol.common.ActorPositionInformation+ActorInformation+FightFighterInformation+NamedFighterInformation	type.ankama.com/com.ankama.dofus.server.game.protocol.common.ActorPositionInformation.ActorInformation.FightFighterInformation.NamedFighterInformation		1:string:name;2:.com.ankama.dofus.server.game.protocol.common.CharacterStatus:status;3:int32:league_id;4:int32:ladder_position;5:bool:hidden_in_pre_fight;6:.com.ankama.dofus.server.game.protocol.common.ActorPositionInformation.ActorInformation.FightFighterInformation.NamedFighterInformation.FightCharacterInformation:character_information;7:.com.ankama.dofus.server.game.protocol.common.ActorPositionInformation.ActorInformation.FightFighterInformation.NamedFighterInformation.FightMutantInformation:mutant_information	refs/dofus-unity-protocol-builder/proto/game/common.proto:490
FightCharacterInformation	com.ankama.dofus.server.game.protocol.common.ActorPositionInformation+ActorInformation+FightFighterInformation+NamedFighterInformation+FightCharacterInformation	type.ankama.com/com.ankama.dofus.server.game.protocol.common.ActorPositionInformation.ActorInformation.FightFighterInformation.NamedFighterInformation.FightCharacterInformation		1:int32:level;2:.com.ankama.dofus.server.game.protocol.common.AlignmentInformation:alignment_information;3:int32:breed_id;4:.com.ankama.dofus.server.game.protocol.common.Gender:gender	refs/dofus-unity-protocol-builder/proto/game/common.proto:500
FightMutantInformation	com.ankama.dofus.server.game.protocol.common.ActorPositionInformation+ActorInformation+FightFighterInformation+NamedFighterInformation+FightMutantInformation	type.ankama.com/com.ankama.dofus.server.game.protocol.common.ActorPositionInformation.ActorInformation.FightFighterInformation.NamedFighterInformation.FightMutantInformation		1:int32:power_level	refs/dofus-unity-protocol-builder/proto/game/common.proto:507
AIFighterInformation	com.ankama.dofus.server.game.protocol.common.ActorPositionInformation+ActorInformation+FightFighterInformation+AIFighterInformation	type.ankama.com/com.ankama.dofus.server.game.protocol.common.ActorPositionInformation.ActorInformation.FightFighterInformation.AIFighterInformation		1:.com.ankama.dofus.server.game.protocol.common.ActorPositionInformation.ActorInformation.FightFighterInformation.AIFighterInformation.MonsterFighter:monster_fighter_information;2:.com.ankama.dofus.server.game.protocol.common.ActorPositionInformation.ActorInformation.FightFighterInformation.AIFighterInformation.TaxCollectorFighter:tax_collector_information	refs/dofus-unity-protocol-builder/proto/game/common.proto:513
MonsterFighter	com.ankama.dofus.server.game.protocol.common.ActorPositionInformation+ActorInformation+FightFighterInformation+AIFighterInformation+MonsterFighter	type.ankama.com/com.ankama.dofus.server.game.protocol.common.ActorPositionInformation.ActorInformation.FightFighterInformation.AIFighterInformation.MonsterFighter		1:int32:monster_gid;2:int32:creature_grade;3:int32:creature_level;4:.com.ankama.dofus.server.game.protocol.common.AlignmentInformation:alignment_information	refs/dofus-unity-protocol-builder/proto/game/common.proto:518
TaxCollectorFighter	com.ankama.dofus.server.game.protocol.common.ActorPositionInformation+ActorInformation+FightFighterInformation+AIFighterInformation+TaxCollectorFighter	type.ankama.com/com.ankama.dofus.server.game.protocol.common.ActorPositionInformation.ActorInformation.FightFighterInformation.AIFighterInformation.TaxCollectorFighter		1:int32:first_name_id;2:int32:last_name_id	refs/dofus-unity-protocol-builder/proto/game/common.proto:525
EntityFighterInformation	com.ankama.dofus.server.game.protocol.common.ActorPositionInformation+ActorInformation+FightFighterInformation+EntityFighterInformation	type.ankama.com/com.ankama.dofus.server.game.protocol.common.ActorPositionInformation.ActorInformation.FightFighterInformation.EntityFighterInformation		1:int32:entity_model_id;2:int32:level;3:int64:master_id	refs/dofus-unity-protocol-builder/proto/game/common.proto:532
SpawnInformation	com.ankama.dofus.server.game.protocol.common.SpawnInformation	type.ankama.com/com.ankama.dofus.server.game.protocol.common.SpawnInformation		1:.com.ankama.dofus.server.game.protocol.common.Team:team;2:bool:alive;3:.com.ankama.dofus.server.game.protocol.common.ActorPositionInformation:position	refs/dofus-unity-protocol-builder/proto/game/common.proto:544
AllianceInformation	com.ankama.dofus.server.game.protocol.common.AllianceInformation	type.ankama.com/com.ankama.dofus.server.game.protocol.common.AllianceInformation		1:string:uid;2:string:tag;3:string:name;4:.com.ankama.dofus.server.game.protocol.common.SocialEmblem:emblem;5:.com.ankama.dofus.server.game.protocol.common.AllianceInformation.AllianceCardInformation:card_information	refs/dofus-unity-protocol-builder/proto/game/common.proto:550
AllianceCardInformation	com.ankama.dofus.server.game.protocol.common.AllianceInformation+AllianceCardInformation	type.ankama.com/com.ankama.dofus.server.game.protocol.common.AllianceInformation.AllianceCardInformation		1:int64:creation_date;2:int32:members_number;3:int32:subarea_number;4:int32:tax_collector_number;5:.com.ankama.dofus.server.game.protocol.common.AllianceRecruitmentInformation:recruitment	refs/dofus-unity-protocol-builder/proto/game/common.proto:556
BreachBranch	com.ankama.dofus.server.game.protocol.common.BreachBranch	type.ankama.com/com.ankama.dofus.server.game.protocol.common.BreachBranch		1:int32:room;2:int32:element;3:repeated .com.ankama.dofus.server.game.protocol.common.MonsterInGroupInformation:bosses;4:int64:map_id;5:int32:score;6:int32:relative_score;7:repeated .com.ankama.dofus.server.game.protocol.common.MonsterInGroupInformation:monsters;8:.com.ankama.dofus.server.game.protocol.common.BreachBranch.ExtendedBreachBranch:extended_information	refs/dofus-unity-protocol-builder/proto/game/common.proto:566
ExtendedBreachBranch	com.ankama.dofus.server.game.protocol.common.BreachBranch+ExtendedBreachBranch	type.ankama.com/com.ankama.dofus.server.game.protocol.common.BreachBranch.ExtendedBreachBranch		1:repeated .com.ankama.dofus.server.game.protocol.common.BreachReward:rewards;2:int32:modifier;3:int32:price;4:int32:unlock_price	refs/dofus-unity-protocol-builder/proto/game/common.proto:575
BreachReward	com.ankama.dofus.server.game.protocol.common.BreachReward	type.ankama.com/com.ankama.dofus.server.game.protocol.common.BreachReward		1:int32:id;2:repeated .com.ankama.dofus.server.game.protocol.common.BreachReward.BreachRewardLock:buy_locks;3:string:buy_criterion;4:int32:remaining_quantity;5:int32:price	refs/dofus-unity-protocol-builder/proto/game/common.proto:584
Challenge	com.ankama.dofus.server.game.protocol.common.Challenge	type.ankama.com/com.ankama.dofus.server.game.protocol.common.Challenge		1:int32:challenge_id;2:repeated .com.ankama.dofus.server.game.protocol.common.ChallengeTarget:targets;3:int32:drop_bonus;4:int32:xp_bonus;5:.com.ankama.dofus.server.game.protocol.common.Challenge.ChallengeState:state	refs/dofus-unity-protocol-builder/proto/game/common.proto:601
ChallengeTarget	com.ankama.dofus.server.game.protocol.common.ChallengeTarget	type.ankama.com/com.ankama.dofus.server.game.protocol.common.ChallengeTarget		1:int64:target_id;2:int32:target_cell;3:repeated int64:attackers_id	refs/dofus-unity-protocol-builder/proto/game/common.proto:615
Character	com.ankama.dofus.server.game.protocol.common.Character	type.ankama.com/com.ankama.dofus.server.game.protocol.common.Character		1:int64:id;2:.com.ankama.dofus.server.game.protocol.common.Character.CharacterBasicInformation:character_basic_information;3:.com.ankama.dofus.server.game.protocol.common.CharacterRemodelingInformation:character_remodeling_information	refs/dofus-unity-protocol-builder/proto/game/common.proto:621
CharacterBasicInformation	com.ankama.dofus.server.game.protocol.common.Character+CharacterBasicInformation	type.ankama.com/com.ankama.dofus.server.game.protocol.common.Character.CharacterBasicInformation		1:string:name;2:int32:level;4:.com.ankama.dofus.server.game.protocol.common.Character.CharacterBasicInformation.CharacterLook:character_look;5:.com.ankama.dofus.server.game.protocol.common.RankInformation:rank;6:.com.ankama.dofus.server.game.protocol.common.Character.CharacterBasicInformation.SocialMember:social_member	refs/dofus-unity-protocol-builder/proto/game/common.proto:627
SocialMember	com.ankama.dofus.server.game.protocol.common.Character+CharacterBasicInformation+SocialMember	type.ankama.com/com.ankama.dofus.server.game.protocol.common.Character.CharacterBasicInformation.SocialMember		1:int32:breed_id;2:.com.ankama.dofus.server.game.protocol.common.Gender:gender;3:.com.ankama.dofus.server.game.protocol.common.CharacterState:state;4:int64:hours_since_last_connection;5:int64:account_id;6:.com.ankama.dofus.server.game.protocol.common.CharacterStatus:status;7:int32:rank_id;8:int64:enrollment_date;9:int32:ava_role_id;10:.com.ankama.dofus.server.game.protocol.common.Character.CharacterBasicInformation.SocialMember.GuildMember:guild_member	refs/dofus-unity-protocol-builder/proto/game/common.proto:635
GuildMember	com.ankama.dofus.server.game.protocol.common.Character+CharacterBasicInformation+SocialMember+GuildMember	type.ankama.com/com.ankama.dofus.server.game.protocol.common.Character.CharacterBasicInformation.SocialMember.GuildMember		1:int64:given_experience;2:int32:experience_given_percent;3:.com.ankama.dofus.server.game.protocol.common.Alignment:alignment;4:int32:mood_smiley_id;5:int32:achievement_points;6:bool:haven_bag_shared;7:.com.ankama.dofus.server.game.protocol.common.Character.CharacterBasicInformation.SocialMember.GuildMember.PlayerNote:note	refs/dofus-unity-protocol-builder/proto/game/common.proto:646
PlayerNote	com.ankama.dofus.server.game.protocol.common.Character+CharacterBasicInformation+SocialMember+GuildMember+PlayerNote	type.ankama.com/com.ankama.dofus.server.game.protocol.common.Character.CharacterBasicInformation.SocialMember.GuildMember.PlayerNote		1:string:content;2:int64:last_edit_date	refs/dofus-unity-protocol-builder/proto/game/common.proto:654
CharacterLook	com.ankama.dofus.server.game.protocol.common.Character+CharacterBasicInformation+CharacterLook	type.ankama.com/com.ankama.dofus.server.game.protocol.common.Character.CharacterBasicInformation.CharacterLook		1:.com.ankama.dofus.server.game.protocol.common.EntityLook:look;2:int32:breed_id;3:.com.ankama.dofus.server.game.protocol.common.GuildInformation:guild_information;4:.com.ankama.dofus.server.game.protocol.common.AllianceInformation:alliance_information;5:int32:grade;6:.com.ankama.dofus.server.game.protocol.common.Character.CharacterBasicInformation.CharacterLook.CharacterBaseInformation:base_information	refs/dofus-unity-protocol-builder/proto/game/common.proto:663
CharacterBaseInformation	com.ankama.dofus.server.game.protocol.common.Character+CharacterBasicInformation+CharacterLook+CharacterBaseInformation	type.ankama.com/com.ankama.dofus.server.game.protocol.common.Character.CharacterBasicInformation.CharacterLook.CharacterBaseInformation		1:.com.ankama.dofus.server.game.protocol.common.Gender:gender;2:.com.ankama.dofus.server.game.protocol.common.Character.CharacterBasicInformation.CharacterLook.CharacterBaseInformation.CharacterEpicInformation:epic_information;3:.com.ankama.dofus.server.game.protocol.common.Character.CharacterBasicInformation.CharacterLook.CharacterBaseInformation.PartyMemberInformation:party_member_information;4:.com.ankama.dofus.server.game.protocol.common.Character.CharacterBasicInformation.CharacterLook.CharacterBaseInformation.PartyInvitationMemberInformation:party_invitation_member_information	refs/dofus-unity-protocol-builder/proto/game/common.proto:672
CharacterEpicInformation	com.ankama.dofus.server.game.protocol.common.Character+CharacterBasicInformation+CharacterLook+CharacterBaseInformation+CharacterEpicInformation	type.ankama.com/com.ankama.dofus.server.game.protocol.common.Character.CharacterBasicInformation.CharacterLook.CharacterBaseInformation.CharacterEpicInformation		1:.com.ankama.dofus.server.game.protocol.common.Character.CharacterBasicInformation.CharacterLook.CharacterBaseInformation.CharacterEpicInformation.EpicDeathState:death_state;2:int32:death_count;3:int32:death_max_level	refs/dofus-unity-protocol-builder/proto/game/common.proto:679
PartyMemberInformation	com.ankama.dofus.server.game.protocol.common.Character+CharacterBasicInformation+CharacterLook+CharacterBaseInformation+PartyMemberInformation	type.ankama.com/com.ankama.dofus.server.game.protocol.common.Character.CharacterBasicInformation.CharacterLook.CharacterBaseInformation.PartyMemberInformation		1:.com.ankama.dofus.server.game.protocol.common.PartyUpdateCommonsInformation:commons_information;2:int32:initiative;3:.com.ankama.dofus.server.game.protocol.common.Alignment:alignment;4:.com.ankama.dofus.server.game.protocol.common.MapExtendedCoordinates:coordinates;5:.com.ankama.dofus.server.game.protocol.common.CharacterStatus:status;6:repeated .com.ankama.dofus.server.game.protocol.common.PartyEntity:entities;7:int32:rank	refs/dofus-unity-protocol-builder/proto/game/common.proto:691
PartyInvitationMemberInformation	com.ankama.dofus.server.game.protocol.common.Character+CharacterBasicInformation+CharacterLook+CharacterBaseInformation+PartyInvitationMemberInformation	type.ankama.com/com.ankama.dofus.server.game.protocol.common.Character.CharacterBasicInformation.CharacterLook.CharacterBaseInformation.PartyInvitationMemberInformation		1:.com.ankama.dofus.server.game.protocol.common.MapExtendedCoordinates:coordinates;2:repeated .com.ankama.dofus.server.game.protocol.common.PartyEntity:entities	refs/dofus-unity-protocol-builder/proto/game/common.proto:701
CharacterRemodelingInformation	com.ankama.dofus.server.game.protocol.common.CharacterRemodelingInformation	type.ankama.com/com.ankama.dofus.server.game.protocol.common.CharacterRemodelingInformation		1:string:name;2:int32:breed_id;3:.com.ankama.dofus.server.game.protocol.common.Gender:gender;4:repeated int32:colors;5:int32:cosmeticId;6:.com.ankama.dofus.server.game.protocol.common.CharacterRemodelingInformation.CharacterToRemodelInformation:character_to_remodel_information	refs/dofus-unity-protocol-builder/proto/game/common.proto:714
CharacterToRemodelInformation	com.ankama.dofus.server.game.protocol.common.CharacterRemodelingInformation+CharacterToRemodelInformation	type.ankama.com/com.ankama.dofus.server.game.protocol.common.CharacterRemodelingInformation.CharacterToRemodelInformation		1:int32:possible_change_mask;2:int32:mandatory_change_mask	refs/dofus-unity-protocol-builder/proto/game/common.proto:721
PartyEntity	com.ankama.dofus.server.game.protocol.common.PartyEntity	type.ankama.com/com.ankama.dofus.server.game.protocol.common.PartyEntity		1:int32:index_id;2:int32:entity_model_id;3:.com.ankama.dofus.server.game.protocol.common.EntityLook:look;4:.com.ankama.dofus.server.game.protocol.common.PartyEntity.EntityMember:entity_member	refs/dofus-unity-protocol-builder/proto/game/common.proto:728
EntityMember	com.ankama.dofus.server.game.protocol.common.PartyEntity+EntityMember	type.ankama.com/com.ankama.dofus.server.game.protocol.common.PartyEntity.EntityMember		1:int32:initiative;2:.com.ankama.dofus.server.game.protocol.common.PartyUpdateCommonsInformation:commons_information	refs/dofus-unity-protocol-builder/proto/game/common.proto:733
PartyUpdateCommonsInformation	com.ankama.dofus.server.game.protocol.common.PartyUpdateCommonsInformation	type.ankama.com/com.ankama.dofus.server.game.protocol.common.PartyUpdateCommonsInformation		1:int32:life_point;2:int32:max_life_points;3:int32:prospecting;4:int32:regen_rate	refs/dofus-unity-protocol-builder/proto/game/common.proto:740
CharacterCharacteristic	com.ankama.dofus.server.game.protocol.common.CharacterCharacteristic	type.ankama.com/com.ankama.dofus.server.game.protocol.common.CharacterCharacteristic		1:int32:characteristic_id;2:.com.ankama.dofus.server.game.protocol.common.CharacterCharacteristicValue:value;3:.com.ankama.dofus.server.game.protocol.common.CharacterCharacteristicDetailed:detailed;4:.com.ankama.dofus.server.game.protocol.common.CharacterCharacteristicDetailedUsable:usable	refs/dofus-unity-protocol-builder/proto/game/common.proto:747
CharacterCharacteristicValue	com.ankama.dofus.server.game.protocol.common.CharacterCharacteristicValue	type.ankama.com/com.ankama.dofus.server.game.protocol.common.CharacterCharacteristicValue		1:int64:total	refs/dofus-unity-protocol-builder/proto/game/common.proto:756
CharacterCharacteristicDetailed	com.ankama.dofus.server.game.protocol.common.CharacterCharacteristicDetailed	type.ankama.com/com.ankama.dofus.server.game.protocol.common.CharacterCharacteristicDetailed		1:int32:base;2:int32:additional;3:int32:objects_and_mount_bonus;4:int32:alignment_gift_bonus;5:int32:context_modification;6:int32:temporary	refs/dofus-unity-protocol-builder/proto/game/common.proto:760
CharacterCharacteristicDetailedUsable	com.ankama.dofus.server.game.protocol.common.CharacterCharacteristicDetailedUsable	type.ankama.com/com.ankama.dofus.server.game.protocol.common.CharacterCharacteristicDetailedUsable		1:int32:base;2:int32:additional;3:int32:objects_and_mount_bonus;4:int32:alignment_gift_bonus;5:int32:context_modification;6:int32:used;7:int32:temporary	refs/dofus-unity-protocol-builder/proto/game/common.proto:769
CharacterInformation	com.ankama.dofus.server.game.protocol.common.CharacterInformation	type.ankama.com/com.ankama.dofus.server.game.protocol.common.CharacterInformation		1:int64:character_id;2:string:name;3:int32:breed_id;4:.com.ankama.dofus.server.game.protocol.common.Gender:gender;5:int32:level;6:int64:account_id;7:string:account_tag;8:string:account_nickname;9:.com.ankama.dofus.server.game.protocol.common.CharacterStatus:status	refs/dofus-unity-protocol-builder/proto/game/common.proto:779
CharacterStatus	com.ankama.dofus.server.game.protocol.common.CharacterStatus	type.ankama.com/com.ankama.dofus.server.game.protocol.common.CharacterStatus		1:.com.ankama.dofus.server.game.protocol.common.CharacterStatus.Status:status;2:string:message	refs/dofus-unity-protocol-builder/proto/game/common.proto:791
PlayerSearch	com.ankama.dofus.server.game.protocol.common.PlayerSearch	type.ankama.com/com.ankama.dofus.server.game.protocol.common.PlayerSearch		1:.com.ankama.dofus.server.game.protocol.common.PlayerSearch.SearchByCharacterName:search_by_character_name;2:.com.ankama.dofus.server.game.protocol.common.PlayerSearch.SearchByAccount:search_by_account	refs/dofus-unity-protocol-builder/proto/game/common.proto:806
SearchByCharacterName	com.ankama.dofus.server.game.protocol.common.PlayerSearch+SearchByCharacterName	type.ankama.com/com.ankama.dofus.server.game.protocol.common.PlayerSearch.SearchByCharacterName		1:string:name	refs/dofus-unity-protocol-builder/proto/game/common.proto:811
SearchByAccount	com.ankama.dofus.server.game.protocol.common.PlayerSearch+SearchByAccount	type.ankama.com/com.ankama.dofus.server.game.protocol.common.PlayerSearch.SearchByAccount		1:string:name;2:string:tag	refs/dofus-unity-protocol-builder/proto/game/common.proto:815
AllianceMemberInformation	com.ankama.dofus.server.game.protocol.common.AllianceMemberInformation	type.ankama.com/com.ankama.dofus.server.game.protocol.common.AllianceMemberInformation		1:.com.ankama.dofus.server.game.protocol.common.Character:information;2:int32:ava_role_id	refs/dofus-unity-protocol-builder/proto/game/common.proto:822
SocialApplicationInformation	com.ankama.dofus.server.game.protocol.common.SocialApplicationInformation	type.ankama.com/com.ankama.dofus.server.game.protocol.common.SocialApplicationInformation		1:.com.ankama.dofus.server.game.protocol.common.CharacterInformation:player_information;2:string:apply_text;3:int64:creation_date	refs/dofus-unity-protocol-builder/proto/game/common.proto:827
CharacterCharacteristics	com.ankama.dofus.server.game.protocol.common.CharacterCharacteristics	type.ankama.com/com.ankama.dofus.server.game.protocol.common.CharacterCharacteristics		1:int64:experience;2:int64:experience_level_floor;3:int64:experience_next_level_floor;4:int64:experience_bonus_limit;5:int64:kamas;6:.com.ankama.dofus.server.game.protocol.common.AlignmentInformation:alignment_information;7:int32:critical_hit_weapon;8:repeated .com.ankama.dofus.server.game.protocol.common.CharacterCharacteristic:characteristics;9:repeated .com.ankama.dofus.server.game.protocol.common.SpellModifier:spell_modifiers;10:int64:probation_time	refs/dofus-unity-protocol-builder/proto/game/common.proto:833
AlignmentInformation	com.ankama.dofus.server.game.protocol.common.AlignmentInformation	type.ankama.com/com.ankama.dofus.server.game.protocol.common.AlignmentInformation		1:.com.ankama.dofus.server.game.protocol.common.Alignment:alignment;2:int32:alignment_quest_number;3:int32:alignment_grade;4:int64:character_id;5:int64:character_level;6:.com.ankama.dofus.server.game.protocol.common.AlignmentInformation.AlignmentExtendedInformation:extended_information	refs/dofus-unity-protocol-builder/proto/game/common.proto:846
AlignmentExtendedInformation	com.ankama.dofus.server.game.protocol.common.AlignmentInformation+AlignmentExtendedInformation	type.ankama.com/com.ankama.dofus.server.game.protocol.common.AlignmentInformation.AlignmentExtendedInformation		1:int32:honor;2:int32:honor_grade_floor;3:int32:honor_next_grade_floor;4:.com.ankama.dofus.server.game.protocol.common.AttackableStatus:attackable	refs/dofus-unity-protocol-builder/proto/game/common.proto:853
InteractiveElement	com.ankama.dofus.server.game.protocol.common.InteractiveElement	type.ankama.com/com.ankama.dofus.server.game.protocol.common.InteractiveElement		1:int32:element_id;2:int32:element_type_id;3:repeated .com.ankama.dofus.server.game.protocol.common.InteractiveElement.InteractiveElementSkill:enabled_skills;4:repeated .com.ankama.dofus.server.game.protocol.common.InteractiveElement.InteractiveElementSkill:disabled_skills;5:bool:on_current_map;6:int32:age_bonus	refs/dofus-unity-protocol-builder/proto/game/common.proto:862
InteractiveElementSkill	com.ankama.dofus.server.game.protocol.common.InteractiveElement+InteractiveElementSkill	type.ankama.com/com.ankama.dofus.server.game.protocol.common.InteractiveElement.InteractiveElementSkill		1:int32:skill_id;2:int32:skill_instance_uid;3:int32:name_id	refs/dofus-unity-protocol-builder/proto/game/common.proto:869
StatedElement	com.ankama.dofus.server.game.protocol.common.StatedElement	type.ankama.com/com.ankama.dofus.server.game.protocol.common.StatedElement		1:int32:element_id;2:int32:cell_id;3:int32:state;4:bool:on_current_map	refs/dofus-unity-protocol-builder/proto/game/common.proto:877
EntityLook	com.ankama.dofus.server.game.protocol.common.EntityLook	type.ankama.com/com.ankama.dofus.server.game.protocol.common.EntityLook		1:int32:bones_id;2:repeated int32:skins;3:repeated int32:indexed_colors;4:repeated int32:scales;5:repeated .com.ankama.dofus.server.game.protocol.common.SubEntityInformation:sub_entities	refs/dofus-unity-protocol-builder/proto/game/common.proto:884
SubEntityInformation	com.ankama.dofus.server.game.protocol.common.SubEntityInformation	type.ankama.com/com.ankama.dofus.server.game.protocol.common.SubEntityInformation		1:.com.ankama.dofus.server.game.protocol.common.SubEntityInformation.BindingPointCategoryEnum:binding_point_category;2:int32:binding_point_index;3:.com.ankama.dofus.server.game.protocol.common.EntityLook:sub_entity_look	refs/dofus-unity-protocol-builder/proto/game/common.proto:892
EntityDisposition	com.ankama.dofus.server.game.protocol.common.EntityDisposition	type.ankama.com/com.ankama.dofus.server.game.protocol.common.EntityDisposition		3:.com.ankama.dofus.server.game.protocol.common.Direction:direction;1:int64:entity_id;2:int32:cell_id;4:int64:carrying_character_id	refs/dofus-unity-protocol-builder/proto/game/common.proto:908
NamedPartyTeam	com.ankama.dofus.server.game.protocol.common.NamedPartyTeam	type.ankama.com/com.ankama.dofus.server.game.protocol.common.NamedPartyTeam		1:.com.ankama.dofus.server.game.protocol.common.Team:team;2:string:party_name	refs/dofus-unity-protocol-builder/proto/game/common.proto:915
SocialFightInformation	com.ankama.dofus.server.game.protocol.common.SocialFightInformation	type.ankama.com/com.ankama.dofus.server.game.protocol.common.SocialFightInformation		1:int32:fight_id;2:.com.ankama.dofus.server.game.protocol.common.SocialFightInformation.Type:fight_type;3:int64:map_id	refs/dofus-unity-protocol-builder/proto/game/common.proto:920
SocialFight	com.ankama.dofus.server.game.protocol.common.SocialFight	type.ankama.com/com.ankama.dofus.server.game.protocol.common.SocialFight		1:.com.ankama.dofus.server.game.protocol.common.SocialFightInformation:social_fight_info;2:repeated .com.ankama.dofus.server.game.protocol.common.Character:attackers;3:repeated .com.ankama.dofus.server.game.protocol.common.Character:defenders;4:.com.ankama.dofus.server.game.protocol.common.FightPhaseInfo:phase	refs/dofus-unity-protocol-builder/proto/game/common.proto:931
FightPhaseInfo	com.ankama.dofus.server.game.protocol.common.FightPhaseInfo	type.ankama.com/com.ankama.dofus.server.game.protocol.common.FightPhaseInfo		1:.com.ankama.dofus.server.game.protocol.common.FightPhaseInfo.FightPhase:phase;2:int64:phase_end_timestamp	refs/dofus-unity-protocol-builder/proto/game/common.proto:938
FightOptionsInformation	com.ankama.dofus.server.game.protocol.common.FightOptionsInformation	type.ankama.com/com.ankama.dofus.server.game.protocol.common.FightOptionsInformation		1:bool:is_secret;2:bool:is_restricted_to_party;3:bool:is_closed;4:bool:is_asking_for_help	refs/dofus-unity-protocol-builder/proto/game/common.proto:949
FighterLightInformation	com.ankama.dofus.server.game.protocol.common.FighterLightInformation	type.ankama.com/com.ankama.dofus.server.game.protocol.common.FighterLightInformation		1:int64:id;2:int32:wave;3:int32:level;4:int32:breed_id;5:.com.ankama.dofus.server.game.protocol.common.Gender:gender;6:bool:alive;7:.com.ankama.dofus.server.game.protocol.common.FighterMonsterLightInformation:monster_information;8:.com.ankama.dofus.server.game.protocol.common.FighterEntityLightInformation:entity_information;9:.com.ankama.dofus.server.game.protocol.common.FighterTaxCollectorLightInformation:tax_collector_information;10:.com.ankama.dofus.server.game.protocol.common.FighterNamedLightInformation:named_information	refs/dofus-unity-protocol-builder/proto/game/common.proto:956
FighterMonsterLightInformation	com.ankama.dofus.server.game.protocol.common.FighterMonsterLightInformation	type.ankama.com/com.ankama.dofus.server.game.protocol.common.FighterMonsterLightInformation		1:int32:monster_gid	refs/dofus-unity-protocol-builder/proto/game/common.proto:971
FighterEntityLightInformation	com.ankama.dofus.server.game.protocol.common.FighterEntityLightInformation	type.ankama.com/com.ankama.dofus.server.game.protocol.common.FighterEntityLightInformation		1:int32:entity_model_id;2:int64:master_id	refs/dofus-unity-protocol-builder/proto/game/common.proto:975
FighterTaxCollectorLightInformation	com.ankama.dofus.server.game.protocol.common.FighterTaxCollectorLightInformation	type.ankama.com/com.ankama.dofus.server.game.protocol.common.FighterTaxCollectorLightInformation		1:int32:first_name_id;2:int32:last_name_id	refs/dofus-unity-protocol-builder/proto/game/common.proto:980
FighterNamedLightInformation	com.ankama.dofus.server.game.protocol.common.FighterNamedLightInformation	type.ankama.com/com.ankama.dofus.server.game.protocol.common.FighterNamedLightInformation		1:string:name	refs/dofus-unity-protocol-builder/proto/game/common.proto:985
FightCommonInformation	com.ankama.dofus.server.game.protocol.common.FightCommonInformation	type.ankama.com/com.ankama.dofus.server.game.protocol.common.FightCommonInformation		1:int32:fight_id;2:.com.ankama.dofus.server.game.protocol.common.FightType:type;3:repeated .com.ankama.dofus.server.game.protocol.common.FightTeamInformation:teams_information;4:repeated int32:teams_position;5:repeated .com.ankama.dofus.server.game.protocol.common.FightOptionsInformation:teams_options	refs/dofus-unity-protocol-builder/proto/game/common.proto:989
FightTeamInformation	com.ankama.dofus.server.game.protocol.common.FightTeamInformation	type.ankama.com/com.ankama.dofus.server.game.protocol.common.FightTeamInformation		1:.com.ankama.dofus.server.game.protocol.common.Team:team;2:int64:leader_id;3:.com.ankama.dofus.server.game.protocol.common.Alignment:side;4:.com.ankama.dofus.server.game.protocol.common.TeamType:type;5:int32:waves;6:.com.ankama.dofus.server.game.protocol.common.FightTeamMembersInformation:team_members;7:.com.ankama.dofus.server.game.protocol.common.FightTeamLightInformation:light_information	refs/dofus-unity-protocol-builder/proto/game/common.proto:997
FightExternalInformation	com.ankama.dofus.server.game.protocol.common.FightExternalInformation	type.ankama.com/com.ankama.dofus.server.game.protocol.common.FightExternalInformation		1:int32:fight_id;2:.com.ankama.dofus.server.game.protocol.common.FightType:fight_type;3:int64:fight_start;4:bool:fight_spectator_locked;5:repeated .com.ankama.dofus.server.game.protocol.common.FightExternalInformation.FightTeamsWithOptions:fight_teams_with_options	refs/dofus-unity-protocol-builder/proto/game/common.proto:1009
FightTeamsWithOptions	com.ankama.dofus.server.game.protocol.common.FightExternalInformation+FightTeamsWithOptions	type.ankama.com/com.ankama.dofus.server.game.protocol.common.FightExternalInformation.FightTeamsWithOptions		1:.com.ankama.dofus.server.game.protocol.common.FightTeamInformation:fight_team;2:.com.ankama.dofus.server.game.protocol.common.FightOptionsInformation:fight_team_options	refs/dofus-unity-protocol-builder/proto/game/common.proto:1015
FightTeamLightInformation	com.ankama.dofus.server.game.protocol.common.FightTeamLightInformation	type.ankama.com/com.ankama.dofus.server.game.protocol.common.FightTeamLightInformation		1:int32:team_members_count;2:int32:average_level;3:bool:has_friend;4:bool:has_guild_member;5:bool:has_alliance_member;6:bool:has_group_member;7:bool:has_my_tax_collector	refs/dofus-unity-protocol-builder/proto/game/common.proto:1022
FightTeamMembersInformation	com.ankama.dofus.server.game.protocol.common.FightTeamMembersInformation	type.ankama.com/com.ankama.dofus.server.game.protocol.common.FightTeamMembersInformation		1:repeated .com.ankama.dofus.server.game.protocol.common.FightTeamMemberInformation:team_members;2:.com.ankama.dofus.server.game.protocol.common.AllianceRelation:alliance_relation	refs/dofus-unity-protocol-builder/proto/game/common.proto:1032
FightTeamMemberInformation	com.ankama.dofus.server.game.protocol.common.FightTeamMemberInformation	type.ankama.com/com.ankama.dofus.server.game.protocol.common.FightTeamMemberInformation		1:int64:member_id;2:.com.ankama.dofus.server.game.protocol.common.FightTeamMemberCharacter:character_member;3:.com.ankama.dofus.server.game.protocol.common.FightTeamMemberEntity:entity_member;4:.com.ankama.dofus.server.game.protocol.common.FightTeamMemberMonster:monster_member;5:.com.ankama.dofus.server.game.protocol.common.FightTeamMemberTaxCollector:tax_collector_member	refs/dofus-unity-protocol-builder/proto/game/common.proto:1037
FightTeamMemberCharacter	com.ankama.dofus.server.game.protocol.common.FightTeamMemberCharacter	type.ankama.com/com.ankama.dofus.server.game.protocol.common.FightTeamMemberCharacter		1:string:name;2:int32:level;3:.com.ankama.dofus.server.game.protocol.common.FightTeamMemberCharacter.BasicAllianceInformation:alliance_info	refs/dofus-unity-protocol-builder/proto/game/common.proto:1047
BasicAllianceInformation	com.ankama.dofus.server.game.protocol.common.FightTeamMemberCharacter+BasicAllianceInformation	type.ankama.com/com.ankama.dofus.server.game.protocol.common.FightTeamMemberCharacter.BasicAllianceInformation		1:string:alliance_uid;2:string:alliance_tag	refs/dofus-unity-protocol-builder/proto/game/common.proto:1051
FightTeamMemberEntity	com.ankama.dofus.server.game.protocol.common.FightTeamMemberEntity	type.ankama.com/com.ankama.dofus.server.game.protocol.common.FightTeamMemberEntity		1:int32:entity_model_id;2:int32:level;3:int64:master_id	refs/dofus-unity-protocol-builder/proto/game/common.proto:1058
FightTeamMemberMonster	com.ankama.dofus.server.game.protocol.common.FightTeamMemberMonster	type.ankama.com/com.ankama.dofus.server.game.protocol.common.FightTeamMemberMonster		1:int32:monster_id;2:int32:grade	refs/dofus-unity-protocol-builder/proto/game/common.proto:1064
FightTeamMemberTaxCollector	com.ankama.dofus.server.game.protocol.common.FightTeamMemberTaxCollector	type.ankama.com/com.ankama.dofus.server.game.protocol.common.FightTeamMemberTaxCollector		1:int32:first_name_id;2:int32:last_name_id;3:int32:group_id;4:string:tax_collector_uid	refs/dofus-unity-protocol-builder/proto/game/common.proto:1069
FightStartingPositions	com.ankama.dofus.server.game.protocol.common.FightStartingPositions	type.ankama.com/com.ankama.dofus.server.game.protocol.common.FightStartingPositions		1:repeated int32:challengers_positions;2:repeated int32:defenders_positions	refs/dofus-unity-protocol-builder/proto/game/common.proto:1076
FightRemovableEffectExtendedInformation	com.ankama.dofus.server.game.protocol.common.FightRemovableEffectExtendedInformation	type.ankama.com/com.ankama.dofus.server.game.protocol.common.FightRemovableEffectExtendedInformation		1:int32:action_id;2:int64:source_id;3:.com.ankama.dofus.server.game.protocol.common.FightRemovableEffect:effect	refs/dofus-unity-protocol-builder/proto/game/common.proto:1081
FightRemovableEffect	com.ankama.dofus.server.game.protocol.common.FightRemovableEffect	type.ankama.com/com.ankama.dofus.server.game.protocol.common.FightRemovableEffect		1:int32:uid;2:int64:target_id;3:int32:turn_duration;4:.com.ankama.dofus.server.game.protocol.common.FightRemovableEffect.EffectDissipationState:dissipation_state;5:int32:spell_id;6:int32:effect_id;7:int32:parent_boost_id;8:.com.ankama.dofus.server.game.protocol.common.FightTemporaryBoostEffect:temporary_boost_effect;9:.com.ankama.dofus.server.game.protocol.common.FightTemporarySpellImmunityEffect:temporary_spell_immunity_effect;10:.com.ankama.dofus.server.game.protocol.common.FightTriggeredEffect:triggered_effect	refs/dofus-unity-protocol-builder/proto/game/common.proto:1087
FightTemporaryBoostEffect	com.ankama.dofus.server.game.protocol.common.FightTemporaryBoostEffect	type.ankama.com/com.ankama.dofus.server.game.protocol.common.FightTemporaryBoostEffect		1:int32:delta;2:int32:boosted_spell_id;3:int32:weapon_type_id;4:int32:state_id;5:.com.ankama.dofus.server.game.protocol.common.FightTemporaryBoostEffect.Details:details	refs/dofus-unity-protocol-builder/proto/game/common.proto:1109
Details	com.ankama.dofus.server.game.protocol.common.FightTemporaryBoostEffect+Details	type.ankama.com/com.ankama.dofus.server.game.protocol.common.FightTemporaryBoostEffect.Details		1:int32:first_param;2:int32:second_param;3:int32:third_param	refs/dofus-unity-protocol-builder/proto/game/common.proto:1117
FightTemporarySpellImmunityEffect	com.ankama.dofus.server.game.protocol.common.FightTemporarySpellImmunityEffect	type.ankama.com/com.ankama.dofus.server.game.protocol.common.FightTemporarySpellImmunityEffect		1:int32:immune_spell_id	refs/dofus-unity-protocol-builder/proto/game/common.proto:1125
FightTriggeredEffect	com.ankama.dofus.server.game.protocol.common.FightTriggeredEffect	type.ankama.com/com.ankama.dofus.server.game.protocol.common.FightTriggeredEffect		1:int32:first_param;2:int32:second_param;3:int32:third_param;4:int32:delay	refs/dofus-unity-protocol-builder/proto/game/common.proto:1129
FightMark	com.ankama.dofus.server.game.protocol.common.FightMark	type.ankama.com/com.ankama.dofus.server.game.protocol.common.FightMark		1:int64:author_id;2:.com.ankama.dofus.server.game.protocol.common.Team:team;3:int32:spell_id;4:int32:spell_level;5:int32:mark_id;6:.com.ankama.dofus.server.game.protocol.common.FightMark.MarkType:mark_type;7:int32:mark_impact_cell;8:repeated .com.ankama.dofus.server.game.protocol.common.FightMark.MarkedCell:cells;9:bool:active	refs/dofus-unity-protocol-builder/proto/game/common.proto:1136
MarkedCell	com.ankama.dofus.server.game.protocol.common.FightMark+MarkedCell	type.ankama.com/com.ankama.dofus.server.game.protocol.common.FightMark.MarkedCell		1:int32:id;2:int32:zone_size;3:int32:color;4:.com.ankama.dofus.server.game.protocol.common.FightMark.MarkedCell.MarkCellsType:cells_type	refs/dofus-unity-protocol-builder/proto/game/common.proto:1146
FightEffectTriggerCount	com.ankama.dofus.server.game.protocol.common.FightEffectTriggerCount	type.ankama.com/com.ankama.dofus.server.game.protocol.common.FightEffectTriggerCount		1:int32:effect_id;2:int64:target_id;3:int32:count	refs/dofus-unity-protocol-builder/proto/game/common.proto:1169
FightSpellCoolDown	com.ankama.dofus.server.game.protocol.common.FightSpellCoolDown	type.ankama.com/com.ankama.dofus.server.game.protocol.common.FightSpellCoolDown		1:int32:spell_id;2:int32:cool_down	refs/dofus-unity-protocol-builder/proto/game/common.proto:1175
FightResumeSlaves	com.ankama.dofus.server.game.protocol.common.FightResumeSlaves	type.ankama.com/com.ankama.dofus.server.game.protocol.common.FightResumeSlaves		1:int64:slave_id;2:repeated .com.ankama.dofus.server.game.protocol.common.FightSpellCoolDown:spell_cool_downs;3:int32:summon_count;4:int32:bomb_count	refs/dofus-unity-protocol-builder/proto/game/common.proto:1180
FightResultListEntry	com.ankama.dofus.server.game.protocol.common.FightResultListEntry	type.ankama.com/com.ankama.dofus.server.game.protocol.common.FightResultListEntry		1:.com.ankama.dofus.server.game.protocol.common.FightOutcome:outcome;2:int32:wave;3:.com.ankama.dofus.server.game.protocol.common.FightResultListEntry.FightLoot:rewards;4:.com.ankama.dofus.server.game.protocol.common.FightResultListEntry.FighterListEntry:fighter_list_entry	refs/dofus-unity-protocol-builder/proto/game/common.proto:1187
FightLoot	com.ankama.dofus.server.game.protocol.common.FightResultListEntry+FightLoot	type.ankama.com/com.ankama.dofus.server.game.protocol.common.FightResultListEntry.FightLoot		1:repeated .com.ankama.dofus.server.game.protocol.common.FightResultListEntry.FightLoot.Object:objects;2:int64:kamas	refs/dofus-unity-protocol-builder/proto/game/common.proto:1192
Object	com.ankama.dofus.server.game.protocol.common.FightResultListEntry+FightLoot+Object	type.ankama.com/com.ankama.dofus.server.game.protocol.common.FightResultListEntry.FightLoot.Object		1:int32:id;2:int32:quantity;3:int32:priority_hint	refs/dofus-unity-protocol-builder/proto/game/common.proto:1195
FighterListEntry	com.ankama.dofus.server.game.protocol.common.FightResultListEntry+FighterListEntry	type.ankama.com/com.ankama.dofus.server.game.protocol.common.FightResultListEntry.FighterListEntry		1:int64:fighter_id;2:bool:alive;3:.com.ankama.dofus.server.game.protocol.common.FightResultListEntry.FighterListEntry.PlayerListEntry:player_list_entry;4:.com.ankama.dofus.server.game.protocol.common.FightResultListEntry.FighterListEntry.MutantListEntry:mutant_list_entry;5:.com.ankama.dofus.server.game.protocol.common.FightResultListEntry.FighterListEntry.TaxCollectorListEntry:tax_collector_list_entry	refs/dofus-unity-protocol-builder/proto/game/common.proto:1203
PlayerListEntry	com.ankama.dofus.server.game.protocol.common.FightResultListEntry+FighterListEntry+PlayerListEntry	type.ankama.com/com.ankama.dofus.server.game.protocol.common.FightResultListEntry.FighterListEntry.PlayerListEntry		1:int32:level;2:repeated .com.ankama.dofus.server.game.protocol.common.FightResultListEntry.FighterListEntry.PlayerListEntry.FightResultAdditionalData:additional	refs/dofus-unity-protocol-builder/proto/game/common.proto:1211
FightResultAdditionalData	com.ankama.dofus.server.game.protocol.common.FightResultListEntry+FighterListEntry+PlayerListEntry+FightResultAdditionalData	type.ankama.com/com.ankama.dofus.server.game.protocol.common.FightResultListEntry.FighterListEntry.PlayerListEntry.FightResultAdditionalData		1:.com.ankama.dofus.server.game.protocol.common.FightResultListEntry.FighterListEntry.PlayerListEntry.FightResultAdditionalData.ExperienceData:experience_data;2:.com.ankama.dofus.server.game.protocol.common.FightResultListEntry.FighterListEntry.PlayerListEntry.FightResultAdditionalData.PvpData:pvp_data	refs/dofus-unity-protocol-builder/proto/game/common.proto:1214
ExperienceData	com.ankama.dofus.server.game.protocol.common.FightResultListEntry+FighterListEntry+PlayerListEntry+FightResultAdditionalData+ExperienceData	type.ankama.com/com.ankama.dofus.server.game.protocol.common.FightResultListEntry.FighterListEntry.PlayerListEntry.FightResultAdditionalData.ExperienceData		1:int64:experience;2:bool:show_experience;3:int64:experience_level_floor;4:bool:show_experience_level_floor;5:int64:experience_next_level_floor;6:bool:show_experience_next_level_floor;7:int64:experience_fight_delta;8:bool:show_experience_fight_delta;9:int64:experience_for_guild;10:bool:show_experience_for_guild;11:int64:experience_for_mount;12:bool:show_experience_for_mount;13:int32:re_roll_experience_multiplier	refs/dofus-unity-protocol-builder/proto/game/common.proto:1219
PvpData	com.ankama.dofus.server.game.protocol.common.FightResultListEntry+FighterListEntry+PlayerListEntry+FightResultAdditionalData+PvpData	type.ankama.com/com.ankama.dofus.server.game.protocol.common.FightResultListEntry.FighterListEntry.PlayerListEntry.FightResultAdditionalData.PvpData		1:int32:grade;2:int32:min_honor_for_grade;3:int32:max_honor_for_grade;4:int32:honor;5:int32:honor_delta	refs/dofus-unity-protocol-builder/proto/game/common.proto:1235
MutantListEntry	com.ankama.dofus.server.game.protocol.common.FightResultListEntry+FighterListEntry+MutantListEntry	type.ankama.com/com.ankama.dofus.server.game.protocol.common.FightResultListEntry.FighterListEntry.MutantListEntry		1:int32:level	refs/dofus-unity-protocol-builder/proto/game/common.proto:1247
TaxCollectorListEntry	com.ankama.dofus.server.game.protocol.common.FightResultListEntry+FighterListEntry+TaxCollectorListEntry	type.ankama.com/com.ankama.dofus.server.game.protocol.common.FightResultListEntry.FighterListEntry.TaxCollectorListEntry		1:.com.ankama.dofus.server.game.protocol.common.AllianceInformation:alliance_information	refs/dofus-unity-protocol-builder/proto/game/common.proto:1251
NamedPartyTeamWithOutcome	com.ankama.dofus.server.game.protocol.common.NamedPartyTeamWithOutcome	type.ankama.com/com.ankama.dofus.server.game.protocol.common.NamedPartyTeamWithOutcome		1:.com.ankama.dofus.server.game.protocol.common.NamedPartyTeam:team;2:.com.ankama.dofus.server.game.protocol.common.FightOutcome:outcome	refs/dofus-unity-protocol-builder/proto/game/common.proto:1259
FightCharacteristics	com.ankama.dofus.server.game.protocol.common.FightCharacteristics	type.ankama.com/com.ankama.dofus.server.game.protocol.common.FightCharacteristics		1:repeated .com.ankama.dofus.server.game.protocol.common.CharacterCharacteristic:characteristics;2:int64:summoner;3:bool:summoned;4:.com.ankama.dofus.server.game.protocol.common.FightInvisibilityState:invisibility_state	refs/dofus-unity-protocol-builder/proto/game/common.proto:1264
GuildInformation	com.ankama.dofus.server.game.protocol.common.GuildInformation	type.ankama.com/com.ankama.dofus.server.game.protocol.common.GuildInformation		1:int32:id;2:string:name;3:int32:level;4:.com.ankama.dofus.server.game.protocol.common.GuildInformation.GuildSocialInformation:social_information	refs/dofus-unity-protocol-builder/proto/game/common.proto:1271
GuildSocialInformation	com.ankama.dofus.server.game.protocol.common.GuildInformation+GuildSocialInformation	type.ankama.com/com.ankama.dofus.server.game.protocol.common.GuildInformation.GuildSocialInformation		1:.com.ankama.dofus.server.game.protocol.common.SocialEmblem:emblem;2:.com.ankama.dofus.server.game.protocol.common.GuildInformation.GuildSocialInformation.GuildDetailedInformation:detailed_information	refs/dofus-unity-protocol-builder/proto/game/common.proto:1276
GuildDetailedInformation	com.ankama.dofus.server.game.protocol.common.GuildInformation+GuildSocialInformation+GuildDetailedInformation	type.ankama.com/com.ankama.dofus.server.game.protocol.common.GuildInformation.GuildSocialInformation.GuildDetailedInformation		1:int64:leader_id;2:int32:members_count;3:int32:last_activity_day;4:.com.ankama.dofus.server.game.protocol.common.GuildRecruitmentInformation:recruitment;5:int32:pending_applications_count;6:string:leader_name	refs/dofus-unity-protocol-builder/proto/game/common.proto:1279
GuildRecruitmentInformation	com.ankama.dofus.server.game.protocol.common.GuildRecruitmentInformation	type.ankama.com/com.ankama.dofus.server.game.protocol.common.GuildRecruitmentInformation		1:int32:social_id;2:.com.ankama.dofus.server.game.protocol.common.SocialRecruitmentType:recruitment_type;3:string:title;4:string:text;5:repeated int32:selected_languages;6:repeated int32:selected_criterion;7:int32:min_level;8:bool:min_level_facultative;9:bool:invalidated_by_moderation;10:string:last_edit_player_name;11:int64:last_edit_date;12:bool:auto_locked;13:int32:min_success;14:bool:min_success_facultative	refs/dofus-unity-protocol-builder/proto/game/common.proto:1292
GuildLogbookEntry	com.ankama.dofus.server.game.protocol.common.GuildLogbookEntry	type.ankama.com/com.ankama.dofus.server.game.protocol.common.GuildLogbookEntry		1:int32:guild_id;2:int64:date;3:.com.ankama.dofus.server.game.protocol.common.GuildLogbookEntry.ChestActivity:chest_activity;4:.com.ankama.dofus.server.game.protocol.common.GuildLogbookEntry.PaddockActivity:paddock_activity;5:.com.ankama.dofus.server.game.protocol.common.GuildLogbookEntry.PlayerFlowActivity:player_flow_activity;6:.com.ankama.dofus.server.game.protocol.common.GuildLogbookEntry.LevelUpActivity:level_up_activity;7:.com.ankama.dofus.server.game.protocol.common.GuildLogbookEntry.UnlockNewTabActivity:Unlock_new_tab_activity;8:.com.ankama.dofus.server.game.protocol.common.GuildLogbookEntry.RankActivity:rank_activity;9:.com.ankama.dofus.server.game.protocol.common.GuildLogbookEntry.PlayerRankUpdateActivity:player_rank_update_activity	refs/dofus-unity-protocol-builder/proto/game/common.proto:1309
ChestActivity	com.ankama.dofus.server.game.protocol.common.GuildLogbookEntry+ChestActivity	type.ankama.com/com.ankama.dofus.server.game.protocol.common.GuildLogbookEntry.ChestActivity		1:int64:player_id;2:string:player_name;3:.com.ankama.dofus.server.game.protocol.common.GuildLogbookEntry.ChestActivity.ChestEventType:event_type;4:int32:quantity;5:.com.ankama.dofus.server.game.protocol.common.ObjectItem:object;6:int32:source_tab_id;7:int32:destination_tab_id	refs/dofus-unity-protocol-builder/proto/game/common.proto:1321
PaddockActivity	com.ankama.dofus.server.game.protocol.common.GuildLogbookEntry+PaddockActivity	type.ankama.com/com.ankama.dofus.server.game.protocol.common.GuildLogbookEntry.PaddockActivity		1:int64:player_id;2:string:player_name;3:.com.ankama.dofus.server.game.protocol.common.MapExtendedCoordinates:paddock_coordinates;4:int64:farm_id;5:.com.ankama.dofus.server.game.protocol.common.GuildLogbookEntry.PaddockActivity.PaddockCommercialEventType:paddock_commercial_event_type	refs/dofus-unity-protocol-builder/proto/game/common.proto:1337
PlayerFlowActivity	com.ankama.dofus.server.game.protocol.common.GuildLogbookEntry+PlayerFlowActivity	type.ankama.com/com.ankama.dofus.server.game.protocol.common.GuildLogbookEntry.PlayerFlowActivity		1:int64:player_id;2:string:player_name;3:.com.ankama.dofus.server.game.protocol.common.GuildLogbookEntry.PlayerFlowActivity.PlayerFlowEventType:player_flow_event_type	refs/dofus-unity-protocol-builder/proto/game/common.proto:1351
LevelUpActivity	com.ankama.dofus.server.game.protocol.common.GuildLogbookEntry+LevelUpActivity	type.ankama.com/com.ankama.dofus.server.game.protocol.common.GuildLogbookEntry.LevelUpActivity		1:int32:new_guild_level	refs/dofus-unity-protocol-builder/proto/game/common.proto:1363
UnlockNewTabActivity	com.ankama.dofus.server.game.protocol.common.GuildLogbookEntry+UnlockNewTabActivity	type.ankama.com/com.ankama.dofus.server.game.protocol.common.GuildLogbookEntry.UnlockNewTabActivity			refs/dofus-unity-protocol-builder/proto/game/common.proto:1367
RankActivity	com.ankama.dofus.server.game.protocol.common.GuildLogbookEntry+RankActivity	type.ankama.com/com.ankama.dofus.server.game.protocol.common.GuildLogbookEntry.RankActivity		1:.com.ankama.dofus.server.game.protocol.common.GuildLogbookEntry.RankActivity.RankActivityType:rank_activity_type;2:.com.ankama.dofus.server.game.protocol.common.RankInformation:rank_information	refs/dofus-unity-protocol-builder/proto/game/common.proto:1370
PlayerRankUpdateActivity	com.ankama.dofus.server.game.protocol.common.GuildLogbookEntry+PlayerRankUpdateActivity	type.ankama.com/com.ankama.dofus.server.game.protocol.common.GuildLogbookEntry.PlayerRankUpdateActivity		1:.com.ankama.dofus.server.game.protocol.common.RankInformation:rank_information;2:int64:source_player_id;3:int64:target_player_id;4:string:source_player_name;5:string:target_player_name	refs/dofus-unity-protocol-builder/proto/game/common.proto:1381
HouseInstance	com.ankama.dofus.server.game.protocol.common.HouseInstance	type.ankama.com/com.ankama.dofus.server.game.protocol.common.HouseInstance		1:int32:instance_id;2:bool:second_hand;3:bool:is_locked;4:.com.ankama.dofus.server.game.protocol.common.AccountTag:account_tag;5:bool:has_owner;7:bool:is_sale_locked;8:bool:is_admin_locked;10:int32:rooms_count;11:int32:chests_count;12:repeated int32:skills_id;9:.com.ankama.dofus.server.game.protocol.common.GuildInformation:guild_information;6:int64:price	refs/dofus-unity-protocol-builder/proto/game/common.proto:1391
House	com.ankama.dofus.server.game.protocol.common.House	type.ankama.com/com.ankama.dofus.server.game.protocol.common.House		1:int32:house_id;2:int32:model_id;3:.com.ankama.dofus.server.game.protocol.common.House.HouseAccount:house_account;4:.com.ankama.dofus.server.game.protocol.common.House.HouseOnMap:house_on_map;5:.com.ankama.dofus.server.game.protocol.common.House.HouseInside:house_inside;6:.com.ankama.dofus.server.game.protocol.common.House.HouseGuild:house_guild	refs/dofus-unity-protocol-builder/proto/game/common.proto:1406
HouseAccount	com.ankama.dofus.server.game.protocol.common.House+HouseAccount	type.ankama.com/com.ankama.dofus.server.game.protocol.common.House.HouseAccount		1:.com.ankama.dofus.server.game.protocol.common.HouseInstance:house_information;2:.com.ankama.dofus.server.game.protocol.common.MapExtendedCoordinates:coordinates	refs/dofus-unity-protocol-builder/proto/game/common.proto:1415
HouseOnMap	com.ankama.dofus.server.game.protocol.common.House+HouseOnMap	type.ankama.com/com.ankama.dofus.server.game.protocol.common.House.HouseOnMap		1:repeated int32:doors_on_map;2:repeated .com.ankama.dofus.server.game.protocol.common.HouseInstance:houses_information	refs/dofus-unity-protocol-builder/proto/game/common.proto:1420
HouseInside	com.ankama.dofus.server.game.protocol.common.House+HouseInside	type.ankama.com/com.ankama.dofus.server.game.protocol.common.House.HouseInside		1:.com.ankama.dofus.server.game.protocol.common.HouseInstance:house_information;2:.com.ankama.dofus.server.game.protocol.common.MapCoordinates:coordinates	refs/dofus-unity-protocol-builder/proto/game/common.proto:1425
HouseGuild	com.ankama.dofus.server.game.protocol.common.House+HouseGuild	type.ankama.com/com.ankama.dofus.server.game.protocol.common.House.HouseGuild		1:.com.ankama.dofus.server.game.protocol.common.HouseInstance:house_information;2:.com.ankama.dofus.server.game.protocol.common.MapExtendedCoordinates:coordinates;3:repeated int32:skills_id;4:int64:guild_share_params	refs/dofus-unity-protocol-builder/proto/game/common.proto:1430
Shortcut	com.ankama.dofus.server.game.protocol.common.Shortcut	type.ankama.com/com.ankama.dofus.server.game.protocol.common.Shortcut		1:int32:slot_id;2:.com.ankama.dofus.server.game.protocol.common.ShortcutObjectItem:shortcut_object_item;3:.com.ankama.dofus.server.game.protocol.common.ShortcutPreset:shortcut_preset;4:.com.ankama.dofus.server.game.protocol.common.ShortcutSpell:shortcut_spell;5:.com.ankama.dofus.server.game.protocol.common.ShortcutSmiley:shortcut_smiley;6:.com.ankama.dofus.server.game.protocol.common.ShortcutEmote:shortcut_emote;7:.com.ankama.dofus.server.game.protocol.common.ShortcutCosmeticObject:shortcut_cosmetic_object;8:.com.ankama.dofus.server.game.protocol.common.ShortcutOutfit:shortcut_outfit	refs/dofus-unity-protocol-builder/proto/game/common.proto:1439
ShortcutObjectItem	com.ankama.dofus.server.game.protocol.common.ShortcutObjectItem	type.ankama.com/com.ankama.dofus.server.game.protocol.common.ShortcutObjectItem		1:int32:item_uid;2:int32:item_gid	refs/dofus-unity-protocol-builder/proto/game/common.proto:1452
ShortcutSpell	com.ankama.dofus.server.game.protocol.common.ShortcutSpell	type.ankama.com/com.ankama.dofus.server.game.protocol.common.ShortcutSpell		1:int32:spell_id	refs/dofus-unity-protocol-builder/proto/game/common.proto:1457
ShortcutSmiley	com.ankama.dofus.server.game.protocol.common.ShortcutSmiley	type.ankama.com/com.ankama.dofus.server.game.protocol.common.ShortcutSmiley		1:int32:smiley_id	refs/dofus-unity-protocol-builder/proto/game/common.proto:1461
ShortcutEmote	com.ankama.dofus.server.game.protocol.common.ShortcutEmote	type.ankama.com/com.ankama.dofus.server.game.protocol.common.ShortcutEmote		1:int32:emote_id	refs/dofus-unity-protocol-builder/proto/game/common.proto:1465
ShortcutCosmeticObject	com.ankama.dofus.server.game.protocol.common.ShortcutCosmeticObject	type.ankama.com/com.ankama.dofus.server.game.protocol.common.ShortcutCosmeticObject		1:int32:object_gid;3:bool:enable;2:int32:skin_id	refs/dofus-unity-protocol-builder/proto/game/common.proto:1469
ShortcutOutfit	com.ankama.dofus.server.game.protocol.common.ShortcutOutfit	type.ankama.com/com.ankama.dofus.server.game.protocol.common.ShortcutOutfit		1:string:outfit_uuid	refs/dofus-unity-protocol-builder/proto/game/common.proto:1475
ShortcutPreset	com.ankama.dofus.server.game.protocol.common.ShortcutPreset	type.ankama.com/com.ankama.dofus.server.game.protocol.common.ShortcutPreset		1:string:preset_uuid;2:.com.ankama.dofus.server.game.protocol.common.PresetType:type	refs/dofus-unity-protocol-builder/proto/game/common.proto:1479
MapCoordinates	com.ankama.dofus.server.game.protocol.common.MapCoordinates	type.ankama.com/com.ankama.dofus.server.game.protocol.common.MapCoordinates		1:int32:world_x;2:int32:world_y	refs/dofus-unity-protocol-builder/proto/game/common.proto:1484
MapExtendedCoordinates	com.ankama.dofus.server.game.protocol.common.MapExtendedCoordinates	type.ankama.com/com.ankama.dofus.server.game.protocol.common.MapExtendedCoordinates		1:int32:world_x;2:int32:world_y;3:int64:map_id;4:int32:sub_area_id	refs/dofus-unity-protocol-builder/proto/game/common.proto:1489
MonsterGroupStaticInformation	com.ankama.dofus.server.game.protocol.common.MonsterGroupStaticInformation	type.ankama.com/com.ankama.dofus.server.game.protocol.common.MonsterGroupStaticInformation		1:.com.ankama.dofus.server.game.protocol.common.MonsterInGroupInformation:main_creature;2:repeated .com.ankama.dofus.server.game.protocol.common.MonsterInGroupInformation:underlings;3:repeated .com.ankama.dofus.server.game.protocol.common.MonstersInGroupAlternativeInformation:alternatives	refs/dofus-unity-protocol-builder/proto/game/common.proto:1496
MonsterInGroupInformation	com.ankama.dofus.server.game.protocol.common.MonsterInGroupInformation	type.ankama.com/com.ankama.dofus.server.game.protocol.common.MonsterInGroupInformation		1:int32:gid;2:int32:grade;3:int32:level;4:.com.ankama.dofus.server.game.protocol.common.EntityLook:look	refs/dofus-unity-protocol-builder/proto/game/common.proto:1502
MonstersInGroupAlternativeInformation	com.ankama.dofus.server.game.protocol.common.MonstersInGroupAlternativeInformation	type.ankama.com/com.ankama.dofus.server.game.protocol.common.MonstersInGroupAlternativeInformation		1:int32:player_count;2:repeated .com.ankama.dofus.server.game.protocol.common.MonsterInGroupInformation:monsters	refs/dofus-unity-protocol-builder/proto/game/common.proto:1509
ItemMinimalInformation	com.ankama.dofus.server.game.protocol.common.ItemMinimalInformation	type.ankama.com/com.ankama.dofus.server.game.protocol.common.ItemMinimalInformation		1:int32:object_gid;2:repeated .com.ankama.dofus.server.game.protocol.common.ObjectEffect:effects;3:int32:quantity;4:.com.ankama.dofus.server.game.protocol.common.ItemMinimalInformation.ItemToSellInNpcShop:item_to_sell_in_npc_shop	refs/dofus-unity-protocol-builder/proto/game/common.proto:1514
ItemToSellInNpcShop	com.ankama.dofus.server.game.protocol.common.ItemMinimalInformation+ItemToSellInNpcShop	type.ankama.com/com.ankama.dofus.server.game.protocol.common.ItemMinimalInformation.ItemToSellInNpcShop		1:int64:price;2:string:buy_criterion	refs/dofus-unity-protocol-builder/proto/game/common.proto:1521
ObjectGidWithQuantity	com.ankama.dofus.server.game.protocol.common.ObjectGidWithQuantity	type.ankama.com/com.ankama.dofus.server.game.protocol.common.ObjectGidWithQuantity		1:int32:object_gid;2:int32:quantity;3:.com.ankama.dofus.server.game.protocol.common.ObjectGidWithQuantity.ObjectPriceDateEffect:price_date_effect	refs/dofus-unity-protocol-builder/proto/game/common.proto:1528
ObjectPriceDateEffect	com.ankama.dofus.server.game.protocol.common.ObjectGidWithQuantity+ObjectPriceDateEffect	type.ankama.com/com.ankama.dofus.server.game.protocol.common.ObjectGidWithQuantity.ObjectPriceDateEffect		1:int64:price;2:repeated .com.ankama.dofus.server.game.protocol.common.ObjectEffect:effects;3:int64:date	refs/dofus-unity-protocol-builder/proto/game/common.proto:1532
ObjectUidWithQuantity	com.ankama.dofus.server.game.protocol.common.ObjectUidWithQuantity	type.ankama.com/com.ankama.dofus.server.game.protocol.common.ObjectUidWithQuantity		1:int32:object_uid;2:int32:quantity	refs/dofus-unity-protocol-builder/proto/game/common.proto:1540
ObjectItemInventory	com.ankama.dofus.server.game.protocol.common.ObjectItemInventory	type.ankama.com/com.ankama.dofus.server.game.protocol.common.ObjectItemInventory		1:int32:position;2:.com.ankama.dofus.server.game.protocol.common.ObjectItem:item;3:bool:favorite;4:repeated string:tag_storage_uuids	refs/dofus-unity-protocol-builder/proto/game/common.proto:1545
ObjectItem	com.ankama.dofus.server.game.protocol.common.ObjectItem	type.ankama.com/com.ankama.dofus.server.game.protocol.common.ObjectItem		1:int32:uid;2:int32:quantity;3:int64:gid;4:repeated .com.ankama.dofus.server.game.protocol.common.ObjectEffect:effects	refs/dofus-unity-protocol-builder/proto/game/common.proto:1552
ObjectEffect	com.ankama.dofus.server.game.protocol.common.ObjectEffect	type.ankama.com/com.ankama.dofus.server.game.protocol.common.ObjectEffect		1:int32:action;2:string:value_string;3:int32:value_int;4:.com.ankama.dofus.server.game.protocol.common.ObjectEffect.ObjectEffectMinMaxValue:min_max;5:.com.ankama.dofus.server.game.protocol.common.ObjectEffect.ObjectEffectDiceValue:dice;6:string:date;7:int64:duration_minute;8:int32:creature_family;9:.com.ankama.dofus.server.game.protocol.common.ObjectEffect.MonsterCount:monster_count;10:.com.ankama.dofus.server.game.protocol.common.ObjectEffect.ObjectEffectMountValue:mount	refs/dofus-unity-protocol-builder/proto/game/common.proto:1559
ObjectEffectMinMaxValue	com.ankama.dofus.server.game.protocol.common.ObjectEffect+ObjectEffectMinMaxValue	type.ankama.com/com.ankama.dofus.server.game.protocol.common.ObjectEffect.ObjectEffectMinMaxValue		1:int32:min;2:int32:max	refs/dofus-unity-protocol-builder/proto/game/common.proto:1572
ObjectEffectDiceValue	com.ankama.dofus.server.game.protocol.common.ObjectEffect+ObjectEffectDiceValue	type.ankama.com/com.ankama.dofus.server.game.protocol.common.ObjectEffect.ObjectEffectDiceValue		1:int64:num;2:int32:side;3:int32:const	refs/dofus-unity-protocol-builder/proto/game/common.proto:1577
MonsterCount	com.ankama.dofus.server.game.protocol.common.ObjectEffect+MonsterCount	type.ankama.com/com.ankama.dofus.server.game.protocol.common.ObjectEffect.MonsterCount		1:int32:creature_family;2:int32:count	refs/dofus-unity-protocol-builder/proto/game/common.proto:1583
ObjectEffectMountValue	com.ankama.dofus.server.game.protocol.common.ObjectEffect+ObjectEffectMountValue	type.ankama.com/com.ankama.dofus.server.game.protocol.common.ObjectEffect.ObjectEffectMountValue		1:int64:certificate_id;2:string:date_expiration;3:int32:model_id;4:string:mount_name;5:string:owner_name;6:int32:mount_level;7:.com.ankama.dofus.server.game.protocol.common.Gender:mount_gender;8:bool:rideable;9:bool:impregnated;10:bool:impregnate_ready;11:int32:reproduction_count;12:int32:reproduction_max;13:repeated .com.ankama.dofus.server.game.protocol.common.ObjectEffect:effect;14:repeated int32:capacity	refs/dofus-unity-protocol-builder/proto/game/common.proto:1588
ObjectInRolePlay	com.ankama.dofus.server.game.protocol.common.ObjectInRolePlay	type.ankama.com/com.ankama.dofus.server.game.protocol.common.ObjectInRolePlay		1:int32:cell_id;2:int32:object_gid;3:.com.ankama.dofus.server.game.protocol.common.ObjectInRolePlay.WithLook:with_look;4:.com.ankama.dofus.server.game.protocol.common.ObjectInRolePlay.PaddockItem:paddock_item	refs/dofus-unity-protocol-builder/proto/game/common.proto:1607
WithLook	com.ankama.dofus.server.game.protocol.common.ObjectInRolePlay+WithLook	type.ankama.com/com.ankama.dofus.server.game.protocol.common.ObjectInRolePlay.WithLook		1:.com.ankama.dofus.server.game.protocol.common.EntityLook:look;2:.com.ankama.dofus.server.game.protocol.common.Direction:direction	refs/dofus-unity-protocol-builder/proto/game/common.proto:1614
PaddockItem	com.ankama.dofus.server.game.protocol.common.ObjectInRolePlay+PaddockItem	type.ankama.com/com.ankama.dofus.server.game.protocol.common.ObjectInRolePlay.PaddockItem		1:int32:durability;2:int32:durability_max	refs/dofus-unity-protocol-builder/proto/game/common.proto:1619
GameActionItem	com.ankama.dofus.server.game.protocol.common.GameActionItem	type.ankama.com/com.ankama.dofus.server.game.protocol.common.GameActionItem		1:int32:id;2:string:title;3:string:text;4:string:desc_url;5:string:picture_url;6:repeated .com.ankama.dofus.server.game.protocol.common.ItemMinimalInformation:items	refs/dofus-unity-protocol-builder/proto/game/common.proto:1626
PortalInformation	com.ankama.dofus.server.game.protocol.common.PortalInformation	type.ankama.com/com.ankama.dofus.server.game.protocol.common.PortalInformation		1:int32:portal_id;2:int32:area_id	refs/dofus-unity-protocol-builder/proto/game/common.proto:1635
PrismInformation	com.ankama.dofus.server.game.protocol.common.PrismInformation	type.ankama.com/com.ankama.dofus.server.game.protocol.common.PrismInformation		1:.com.ankama.dofus.server.game.protocol.common.PrismInformation.PrismState:state;2:int64:placement_date;3:int64:nuggets_count;4:int32:durability;5:int64:next_evolution_date;6:.com.ankama.dofus.server.game.protocol.common.AllianceInformation:alliance_information;7:.com.ankama.dofus.server.game.protocol.common.PrismModule:module;8:.com.ankama.dofus.server.game.protocol.common.PrismCristal:cristal;9:int32:cristal_number_left	refs/dofus-unity-protocol-builder/proto/game/common.proto:1640
PrismLocalizedInformation	com.ankama.dofus.server.game.protocol.common.PrismLocalizedInformation	type.ankama.com/com.ankama.dofus.server.game.protocol.common.PrismLocalizedInformation		1:int32:sub_area_id;2:string:alliance_uid;3:.com.ankama.dofus.server.game.protocol.common.MapCoordinates:map_coordinates;4:int64:map_id;5:.com.ankama.dofus.server.game.protocol.common.PrismInformation:prism	refs/dofus-unity-protocol-builder/proto/game/common.proto:1660
PrismModule	com.ankama.dofus.server.game.protocol.common.PrismModule	type.ankama.com/com.ankama.dofus.server.game.protocol.common.PrismModule		1:.com.ankama.dofus.server.game.protocol.common.ObjectItemInventory:module_object;2:.com.ankama.dofus.server.game.protocol.common.PrismModule.PrismModuleType:type	refs/dofus-unity-protocol-builder/proto/game/common.proto:1668
PrismCristal	com.ankama.dofus.server.game.protocol.common.PrismCristal	type.ankama.com/com.ankama.dofus.server.game.protocol.common.PrismCristal		1:.com.ankama.dofus.server.game.protocol.common.ObjectItemInventory:cristal_object;2:.com.ankama.dofus.server.game.protocol.common.PrismCristal.PrismCristalType:type	refs/dofus-unity-protocol-builder/proto/game/common.proto:1679
AllianceRecruitmentInformation	com.ankama.dofus.server.game.protocol.common.AllianceRecruitmentInformation	type.ankama.com/com.ankama.dofus.server.game.protocol.common.AllianceRecruitmentInformation		1:string:social_uid;2:.com.ankama.dofus.server.game.protocol.common.SocialRecruitmentType:recruitment_type;3:string:title;4:string:text;5:repeated int32:selected_languages;6:repeated int32:selected_criterion;7:int32:min_level;8:bool:min_level_facultative;9:bool:invalidated_by_moderation;10:string:last_edit_player_name;11:int64:last_edit_date;12:bool:auto_locked	refs/dofus-unity-protocol-builder/proto/game/common.proto:1690
SocialEmblem	com.ankama.dofus.server.game.protocol.common.SocialEmblem	type.ankama.com/com.ankama.dofus.server.game.protocol.common.SocialEmblem		1:int32:symbol_shape_id;2:int32:symbol_color;3:int32:background_shape_id;4:int32:background_color	refs/dofus-unity-protocol-builder/proto/game/common.proto:1705
SocialNoticeInformation	com.ankama.dofus.server.game.protocol.common.SocialNoticeInformation	type.ankama.com/com.ankama.dofus.server.game.protocol.common.SocialNoticeInformation		1:string:content;2:int64:timestamp;3:int64:member_id;4:string:member_name	refs/dofus-unity-protocol-builder/proto/game/common.proto:1712
RankInformation	com.ankama.dofus.server.game.protocol.common.RankInformation	type.ankama.com/com.ankama.dofus.server.game.protocol.common.RankInformation		1:int32:id;2:string:name;3:.com.ankama.dofus.server.game.protocol.common.RankInformation.OrderAndGfx:order_and_gfx;4:.com.ankama.dofus.server.game.protocol.common.RankInformation.PrivateInformation:private_information	refs/dofus-unity-protocol-builder/proto/game/common.proto:1719
OrderAndGfx	com.ankama.dofus.server.game.protocol.common.RankInformation+OrderAndGfx	type.ankama.com/com.ankama.dofus.server.game.protocol.common.RankInformation.OrderAndGfx		1:int32:order;2:int32:gfx_id	refs/dofus-unity-protocol-builder/proto/game/common.proto:1724
PrivateInformation	com.ankama.dofus.server.game.protocol.common.RankInformation+PrivateInformation	type.ankama.com/com.ankama.dofus.server.game.protocol.common.RankInformation.PrivateInformation		1:bool:modifiable;2:repeated int32:rights	refs/dofus-unity-protocol-builder/proto/game/common.proto:1729
TaxCollectorInformation	com.ankama.dofus.server.game.protocol.common.TaxCollectorInformation	type.ankama.com/com.ankama.dofus.server.game.protocol.common.TaxCollectorInformation		1:string:uid;2:int32:first_name_id;3:int32:last_name_id;4:.com.ankama.dofus.server.game.protocol.common.AllianceInformation:alliance;5:int64:caller_id;6:string:caller_name;7:int64:hired_date;8:.com.ankama.dofus.server.game.protocol.common.MapCoordinates:coordinates;9:int32:sub_area_id;10:int64:map_id;11:.com.ankama.dofus.server.game.protocol.common.TaxCollectorState:state;12:.com.ankama.dofus.server.game.protocol.common.EntityLook:entity_look;13:repeated .com.ankama.dofus.server.game.protocol.common.TaxCollectorComplementaryInformation:complementary_information;14:repeated .com.ankama.dofus.server.game.protocol.common.CharacterCharacteristic:character_characteristics;15:repeated .com.ankama.dofus.server.game.protocol.common.ObjectItemInventory:equipments;16:repeated .com.ankama.dofus.server.game.protocol.common.TaxCollectorOrderedSpell:spells	refs/dofus-unity-protocol-builder/proto/game/common.proto:1736
TaxCollectorStaticInformation	com.ankama.dofus.server.game.protocol.common.TaxCollectorStaticInformation	type.ankama.com/com.ankama.dofus.server.game.protocol.common.TaxCollectorStaticInformation		1:string:uid;2:int32:first_name_id;3:int32:last_name_id;4:.com.ankama.dofus.server.game.protocol.common.AllianceInformation:alliance;5:int64:caller_id	refs/dofus-unity-protocol-builder/proto/game/common.proto:1755
TaxCollectorComplementaryInformation	com.ankama.dofus.server.game.protocol.common.TaxCollectorComplementaryInformation	type.ankama.com/com.ankama.dofus.server.game.protocol.common.TaxCollectorComplementaryInformation		1:.com.ankama.dofus.server.game.protocol.common.TaxCollectorLootInformation:loot_information;2:.com.ankama.dofus.server.game.protocol.common.TaxCollectorWaitingForHelpInformation:waiting_for_help_information	refs/dofus-unity-protocol-builder/proto/game/common.proto:1763
TaxCollectorLootInformation	com.ankama.dofus.server.game.protocol.common.TaxCollectorLootInformation	type.ankama.com/com.ankama.dofus.server.game.protocol.common.TaxCollectorLootInformation		1:int32:pods;2:int64:items_kamas_value	refs/dofus-unity-protocol-builder/proto/game/common.proto:1770
TaxCollectorWaitingForHelpInformation	com.ankama.dofus.server.game.protocol.common.TaxCollectorWaitingForHelpInformation	type.ankama.com/com.ankama.dofus.server.game.protocol.common.TaxCollectorWaitingForHelpInformation		1:int64:time_left_before_fight;2:int64:placement_time_left;3:int32:defender_slots_left	refs/dofus-unity-protocol-builder/proto/game/common.proto:1775
TaxCollectorOrderedSpell	com.ankama.dofus.server.game.protocol.common.TaxCollectorOrderedSpell	type.ankama.com/com.ankama.dofus.server.game.protocol.common.TaxCollectorOrderedSpell		1:int32:spell_id;2:int32:slot_id	refs/dofus-unity-protocol-builder/proto/game/common.proto:1781
TaxCollectorPreset	com.ankama.dofus.server.game.protocol.common.TaxCollectorPreset	type.ankama.com/com.ankama.dofus.server.game.protocol.common.TaxCollectorPreset		1:string:preset_uid;2:repeated .com.ankama.dofus.server.game.protocol.common.TaxCollectorOrderedSpell:spells;3:repeated .com.ankama.dofus.server.game.protocol.common.CharacterCharacteristic:characteristics	refs/dofus-unity-protocol-builder/proto/game/common.proto:1786
MountData	com.ankama.dofus.server.game.protocol.common.MountData	type.ankama.com/com.ankama.dofus.server.game.protocol.common.MountData		1:int64:id;2:int32:model_id;3:repeated int32:ancestors;4:repeated int32:behaviors;5:string:name;6:.com.ankama.dofus.server.game.protocol.common.Gender:gender;7:int64:owner_id;8:int64:experience;9:int64:experience_for_level;11:int32:level;12:bool:is_rideable;13:int32:max_pods;14:bool:is_wild;15:int32:stamina;16:int32:stamina_max;17:int32:maturity;18:int32:maturity_for_adult;19:int32:energy;20:int32:energy_max;21:int32:serenity;22:int32:aggressiveness_max;23:int32:serenity_max;24:int32:love;25:int32:love_max;26:int32:fertilization_time;27:bool:is_fertilization_ready;28:int32:boost_limiter;29:int64:boost_max;30:int32:reproduction_count;31:int64:reproduction_count_max;32:int32:harness_gid;33:bool:use_harness_colors;34:repeated .com.ankama.dofus.server.game.protocol.common.ObjectEffect:effects;10:int64:experience_for_next_level	refs/dofus-unity-protocol-builder/proto/game/common.proto:1792
PaddockInformation	com.ankama.dofus.server.game.protocol.common.PaddockInformation	type.ankama.com/com.ankama.dofus.server.game.protocol.common.PaddockInformation		1:int32:max_outdoor_mount;2:int32:max_items;3:.com.ankama.dofus.server.game.protocol.common.PaddockInformation.PaddockContent:content;4:.com.ankama.dofus.server.game.protocol.common.PaddockInformation.PaddockInstances:instances	refs/dofus-unity-protocol-builder/proto/game/common.proto:1829
PaddockContent	com.ankama.dofus.server.game.protocol.common.PaddockInformation+PaddockContent	type.ankama.com/com.ankama.dofus.server.game.protocol.common.PaddockInformation.PaddockContent		1:int64:paddock_id;2:.com.ankama.dofus.server.game.protocol.common.MapExtendedCoordinates:coordinates;3:bool:abandoned;4:repeated .com.ankama.dofus.server.game.protocol.common.PaddockInformation.PaddockContent.MountForPaddock:mounts_information	refs/dofus-unity-protocol-builder/proto/game/common.proto:1836
MountForPaddock	com.ankama.dofus.server.game.protocol.common.PaddockInformation+PaddockContent+MountForPaddock	type.ankama.com/com.ankama.dofus.server.game.protocol.common.PaddockInformation.PaddockContent.MountForPaddock		1:int32:model_id;2:string:name;3:string:owner_name	refs/dofus-unity-protocol-builder/proto/game/common.proto:1841
PaddockInstances	com.ankama.dofus.server.game.protocol.common.PaddockInformation+PaddockInstances	type.ankama.com/com.ankama.dofus.server.game.protocol.common.PaddockInformation.PaddockInstances		1:repeated .com.ankama.dofus.server.game.protocol.common.PaddockInformation.PaddockInstances.PaddockToSell:paddocks_to_sell	refs/dofus-unity-protocol-builder/proto/game/common.proto:1849
PaddockToSell	com.ankama.dofus.server.game.protocol.common.PaddockInformation+PaddockInstances+PaddockToSell	type.ankama.com/com.ankama.dofus.server.game.protocol.common.PaddockInformation.PaddockInstances.PaddockToSell		1:int64:price;2:bool:locked;3:.com.ankama.dofus.server.game.protocol.common.PaddockInformation.PaddockInstances.PaddockToSell.PaddockGuildInformation:guild_information	refs/dofus-unity-protocol-builder/proto/game/common.proto:1851
PaddockGuildInformation	com.ankama.dofus.server.game.protocol.common.PaddockInformation+PaddockInstances+PaddockToSell+PaddockGuildInformation	type.ankama.com/com.ankama.dofus.server.game.protocol.common.PaddockInformation.PaddockInstances.PaddockToSell.PaddockGuildInformation		1:bool:deserted;2:.com.ankama.dofus.server.game.protocol.common.GuildInformation:guild_information	refs/dofus-unity-protocol-builder/proto/game/common.proto:1855
SpellItem	com.ankama.dofus.server.game.protocol.common.SpellItem	type.ankama.com/com.ankama.dofus.server.game.protocol.common.SpellItem		1:int32:spell_id;2:int32:spell_level;3:bool:available	refs/dofus-unity-protocol-builder/proto/game/common.proto:1866
SpellModifier	com.ankama.dofus.server.game.protocol.common.SpellModifier	type.ankama.com/com.ankama.dofus.server.game.protocol.common.SpellModifier		1:int32:spell_id;2:.com.ankama.dofus.server.game.protocol.common.SpellModifierActionType:action_type;3:.com.ankama.dofus.server.game.protocol.common.SpellModifierType:modifier_type;4:int32:context;5:int32:equipment	refs/dofus-unity-protocol-builder/proto/game/common.proto:1872
IdentificationRequest	com.ankama.dofus.server.game.protocol.connection.IdentificationRequest	type.ankama.com/com.ankama.dofus.server.game.protocol.connection.IdentificationRequest	C2S	1:string:ticket_key;2:string:language_code	refs/dofus-unity-protocol-builder/proto/game/connection.proto:7
ReloginRequest	com.ankama.dofus.server.game.protocol.connection.ReloginRequest	type.ankama.com/com.ankama.dofus.server.game.protocol.connection.ReloginRequest	C2S		refs/dofus-unity-protocol-builder/proto/game/connection.proto:12
PingRequest	com.ankama.dofus.server.game.protocol.connection.PingRequest	type.ankama.com/com.ankama.dofus.server.game.protocol.connection.PingRequest	C2S	1:bool:quiet	refs/dofus-unity-protocol-builder/proto/game/connection.proto:15
PongEvent	com.ankama.dofus.server.game.protocol.connection.PongEvent	type.ankama.com/com.ankama.dofus.server.game.protocol.connection.PongEvent	S2C	1:bool:quiet	refs/dofus-unity-protocol-builder/proto/game/connection.proto:19
AuthenticationTicketAcceptedEvent	com.ankama.dofus.server.game.protocol.connection.AuthenticationTicketAcceptedEvent	type.ankama.com/com.ankama.dofus.server.game.protocol.connection.AuthenticationTicketAcceptedEvent	S2C		refs/dofus-unity-protocol-builder/proto/game/connection.proto:23
AlreadyConnectedEvent	com.ankama.dofus.server.game.protocol.connection.AlreadyConnectedEvent	type.ankama.com/com.ankama.dofus.server.game.protocol.connection.AlreadyConnectedEvent	S2C		refs/dofus-unity-protocol-builder/proto/game/connection.proto:26
ReconnectToGameServerEvent	com.ankama.dofus.server.game.protocol.connection.ReconnectToGameServerEvent	type.ankama.com/com.ankama.dofus.server.game.protocol.connection.ReconnectToGameServerEvent	S2C	1:bool:valid_token;2:string:token;3:int32:server_id	refs/dofus-unity-protocol-builder/proto/game/connection.proto:29
OptionalFeaturesEvent	com.ankama.dofus.server.game.protocol.connection.OptionalFeaturesEvent	type.ankama.com/com.ankama.dofus.server.game.protocol.connection.OptionalFeaturesEvent	S2C	1:repeated int32:features	refs/dofus-unity-protocol-builder/proto/game/connection.proto:35
ReloginTokenEvent	com.ankama.dofus.server.game.protocol.connection.ReloginTokenEvent	type.ankama.com/com.ankama.dofus.server.game.protocol.connection.ReloginTokenEvent	S2C	1:bool:valid_token;2:string:token	refs/dofus-unity-protocol-builder/proto/game/connection.proto:39
QueueStatusEvent	com.ankama.dofus.server.game.protocol.connection.QueueStatusEvent	type.ankama.com/com.ankama.dofus.server.game.protocol.connection.QueueStatusEvent	S2C	1:int32:position;2:int32:total	refs/dofus-unity-protocol-builder/proto/game/connection.proto:44
AuthenticationTicketRefusedEvent	com.ankama.dofus.server.game.protocol.connection.AuthenticationTicketRefusedEvent	type.ankama.com/com.ankama.dofus.server.game.protocol.connection.AuthenticationTicketRefusedEvent	S2C		refs/dofus-unity-protocol-builder/proto/game/connection.proto:49
ContactWarnOnAchievementCompleteSetRequest	com.ankama.dofus.server.game.protocol.contact.ContactWarnOnAchievementCompleteSetRequest	type.ankama.com/com.ankama.dofus.server.game.protocol.contact.ContactWarnOnAchievementCompleteSetRequest	C2S	1:bool:enable	refs/dofus-unity-protocol-builder/proto/game/contact.proto:18
ContactLookRequest	com.ankama.dofus.server.game.protocol.contact.ContactLookRequest	type.ankama.com/com.ankama.dofus.server.game.protocol.contact.ContactLookRequest	C2S	1:int32:request_id;2:.com.ankama.dofus.server.game.protocol.contact.ContactLookRequest.SocialContactCategory:contact_type;3:string:name;4:int64:id	refs/dofus-unity-protocol-builder/proto/game/contact.proto:22
FriendAddRequest	com.ankama.dofus.server.game.protocol.contact.FriendAddRequest	type.ankama.com/com.ankama.dofus.server.game.protocol.contact.FriendAddRequest	C2S	1:.com.ankama.dofus.server.game.protocol.common.PlayerSearch:target	refs/dofus-unity-protocol-builder/proto/game/contact.proto:42
FriendDeleteRequest	com.ankama.dofus.server.game.protocol.contact.FriendDeleteRequest	type.ankama.com/com.ankama.dofus.server.game.protocol.contact.FriendDeleteRequest	C2S	1:int64:account_id	refs/dofus-unity-protocol-builder/proto/game/contact.proto:46
FriendSetWarnOnConnectionRequest	com.ankama.dofus.server.game.protocol.contact.FriendSetWarnOnConnectionRequest	type.ankama.com/com.ankama.dofus.server.game.protocol.contact.FriendSetWarnOnConnectionRequest	C2S	1:bool:enable	refs/dofus-unity-protocol-builder/proto/game/contact.proto:50
FriendSetWarnOnLevelGainRequest	com.ankama.dofus.server.game.protocol.contact.FriendSetWarnOnLevelGainRequest	type.ankama.com/com.ankama.dofus.server.game.protocol.contact.FriendSetWarnOnLevelGainRequest	C2S	1:bool:enable	refs/dofus-unity-protocol-builder/proto/game/contact.proto:54
FriendSetStatusShareRequest	com.ankama.dofus.server.game.protocol.contact.FriendSetStatusShareRequest	type.ankama.com/com.ankama.dofus.server.game.protocol.contact.FriendSetStatusShareRequest	C2S	1:bool:share	refs/dofus-unity-protocol-builder/proto/game/contact.proto:58
IgnoreRequest	com.ankama.dofus.server.game.protocol.contact.IgnoreRequest	type.ankama.com/com.ankama.dofus.server.game.protocol.contact.IgnoreRequest	C2S	1:.com.ankama.dofus.server.game.protocol.common.PlayerSearch:player_search	refs/dofus-unity-protocol-builder/proto/game/contact.proto:62
UnIgnoreRequest	com.ankama.dofus.server.game.protocol.contact.UnIgnoreRequest	type.ankama.com/com.ankama.dofus.server.game.protocol.contact.UnIgnoreRequest	C2S	1:int64:account_id	refs/dofus-unity-protocol-builder/proto/game/contact.proto:66
BlockListRequest	com.ankama.dofus.server.game.protocol.contact.BlockListRequest	type.ankama.com/com.ankama.dofus.server.game.protocol.contact.BlockListRequest	C2S		refs/dofus-unity-protocol-builder/proto/game/contact.proto:70
BlockRequest	com.ankama.dofus.server.game.protocol.contact.BlockRequest	type.ankama.com/com.ankama.dofus.server.game.protocol.contact.BlockRequest	C2S	1:.com.ankama.dofus.server.game.protocol.common.PlayerSearch:player_search	refs/dofus-unity-protocol-builder/proto/game/contact.proto:73
UnBlockRequest	com.ankama.dofus.server.game.protocol.contact.UnBlockRequest	type.ankama.com/com.ankama.dofus.server.game.protocol.contact.UnBlockRequest	C2S	1:int64:account_id	refs/dofus-unity-protocol-builder/proto/game/contact.proto:77
FriendListRequest	com.ankama.dofus.server.game.protocol.contact.FriendListRequest	type.ankama.com/com.ankama.dofus.server.game.protocol.contact.FriendListRequest	C2S		refs/dofus-unity-protocol-builder/proto/game/contact.proto:81
AcquaintanceListRequest	com.ankama.dofus.server.game.protocol.contact.AcquaintanceListRequest	type.ankama.com/com.ankama.dofus.server.game.protocol.contact.AcquaintanceListRequest	C2S		refs/dofus-unity-protocol-builder/proto/game/contact.proto:84
ContactWarnOnPermanentDeathSetRequest	com.ankama.dofus.server.game.protocol.contact.ContactWarnOnPermanentDeathSetRequest	type.ankama.com/com.ankama.dofus.server.game.protocol.contact.ContactWarnOnPermanentDeathSetRequest	C2S	1:bool:enable	refs/dofus-unity-protocol-builder/proto/game/contact.proto:87
ContactWarnOnAchievementCompleteStateEvent	com.ankama.dofus.server.game.protocol.contact.ContactWarnOnAchievementCompleteStateEvent	type.ankama.com/com.ankama.dofus.server.game.protocol.contact.ContactWarnOnAchievementCompleteStateEvent	S2C	1:bool:enable	refs/dofus-unity-protocol-builder/proto/game/contact.proto:91
ContactLookEvent	com.ankama.dofus.server.game.protocol.contact.ContactLookEvent	type.ankama.com/com.ankama.dofus.server.game.protocol.contact.ContactLookEvent	S2C	1:int32:request_id;2:string:player_name;3:int64:player_id;4:.com.ankama.dofus.server.game.protocol.common.EntityLook:look	refs/dofus-unity-protocol-builder/proto/game/contact.proto:95
ContactLookErrorEvent	com.ankama.dofus.server.game.protocol.contact.ContactLookErrorEvent	type.ankama.com/com.ankama.dofus.server.game.protocol.contact.ContactLookErrorEvent	S2C	1:int32:request_id	refs/dofus-unity-protocol-builder/proto/game/contact.proto:102
FriendAddFailureEvent	com.ankama.dofus.server.game.protocol.contact.FriendAddFailureEvent	type.ankama.com/com.ankama.dofus.server.game.protocol.contact.FriendAddFailureEvent	S2C	1:.com.ankama.dofus.server.game.protocol.contact.AddFailureReason:reason	refs/dofus-unity-protocol-builder/proto/game/contact.proto:106
AcquaintanceAddedEvent	com.ankama.dofus.server.game.protocol.contact.AcquaintanceAddedEvent	type.ankama.com/com.ankama.dofus.server.game.protocol.contact.AcquaintanceAddedEvent	S2C	1:.com.ankama.dofus.server.game.protocol.contact.AcquaintanceInformation:acquaintance	refs/dofus-unity-protocol-builder/proto/game/contact.proto:110
FriendAddedEvent	com.ankama.dofus.server.game.protocol.contact.FriendAddedEvent	type.ankama.com/com.ankama.dofus.server.game.protocol.contact.FriendAddedEvent	S2C	1:.com.ankama.dofus.server.game.protocol.contact.FriendInformation:friend	refs/dofus-unity-protocol-builder/proto/game/contact.proto:114
FriendDeletionResultEvent	com.ankama.dofus.server.game.protocol.contact.FriendDeletionResultEvent	type.ankama.com/com.ankama.dofus.server.game.protocol.contact.FriendDeletionResultEvent	S2C	1:bool:success;2:.com.ankama.dofus.server.game.protocol.common.AccountTag:account_tag	refs/dofus-unity-protocol-builder/proto/game/contact.proto:118
FriendWarnOnConnectionStateEvent	com.ankama.dofus.server.game.protocol.contact.FriendWarnOnConnectionStateEvent	type.ankama.com/com.ankama.dofus.server.game.protocol.contact.FriendWarnOnConnectionStateEvent	S2C	1:bool:enable	refs/dofus-unity-protocol-builder/proto/game/contact.proto:123
WarnOnPermanentDeathStateEvent	com.ankama.dofus.server.game.protocol.contact.WarnOnPermanentDeathStateEvent	type.ankama.com/com.ankama.dofus.server.game.protocol.contact.WarnOnPermanentDeathStateEvent	S2C	1:bool:enable	refs/dofus-unity-protocol-builder/proto/game/contact.proto:127
FriendWarnOnLevelGainStateEvent	com.ankama.dofus.server.game.protocol.contact.FriendWarnOnLevelGainStateEvent	type.ankama.com/com.ankama.dofus.server.game.protocol.contact.FriendWarnOnLevelGainStateEvent	S2C	1:bool:enable	refs/dofus-unity-protocol-builder/proto/game/contact.proto:131
FriendStatusShareStateEvent	com.ankama.dofus.server.game.protocol.contact.FriendStatusShareStateEvent	type.ankama.com/com.ankama.dofus.server.game.protocol.contact.FriendStatusShareStateEvent	S2C	1:bool:share	refs/dofus-unity-protocol-builder/proto/game/contact.proto:135
IgnoreEvent	com.ankama.dofus.server.game.protocol.contact.IgnoreEvent	type.ankama.com/com.ankama.dofus.server.game.protocol.contact.IgnoreEvent	S2C	1:.com.ankama.dofus.server.game.protocol.contact.IgnoreEvent.Error:error;2:.com.ankama.dofus.server.game.protocol.contact.IgnoreEvent.Success:success	refs/dofus-unity-protocol-builder/proto/game/contact.proto:139
Error	com.ankama.dofus.server.game.protocol.contact.IgnoreEvent+Error	type.ankama.com/com.ankama.dofus.server.game.protocol.contact.IgnoreEvent.Error		1:.com.ankama.dofus.server.game.protocol.contact.AddFailureReason:reason	refs/dofus-unity-protocol-builder/proto/game/contact.proto:144
Success	com.ankama.dofus.server.game.protocol.contact.IgnoreEvent+Success	type.ankama.com/com.ankama.dofus.server.game.protocol.contact.IgnoreEvent.Success		1:.com.ankama.dofus.server.game.protocol.contact.ContactInformation:ignored	refs/dofus-unity-protocol-builder/proto/game/contact.proto:148
UnIgnoreEvent	com.ankama.dofus.server.game.protocol.contact.UnIgnoreEvent	type.ankama.com/com.ankama.dofus.server.game.protocol.contact.UnIgnoreEvent	S2C	1:.com.ankama.dofus.server.game.protocol.contact.UnIgnoreEvent.Error:error;2:.com.ankama.dofus.server.game.protocol.contact.UnIgnoreEvent.Success:success	refs/dofus-unity-protocol-builder/proto/game/contact.proto:154
Error	com.ankama.dofus.server.game.protocol.contact.UnIgnoreEvent+Error	type.ankama.com/com.ankama.dofus.server.game.protocol.contact.UnIgnoreEvent.Error			refs/dofus-unity-protocol-builder/proto/game/contact.proto:159
Success	com.ankama.dofus.server.game.protocol.contact.UnIgnoreEvent+Success	type.ankama.com/com.ankama.dofus.server.game.protocol.contact.UnIgnoreEvent.Success		1:.com.ankama.dofus.server.game.protocol.common.AccountTag:ignored_tag	refs/dofus-unity-protocol-builder/proto/game/contact.proto:162
BlockListEvent	com.ankama.dofus.server.game.protocol.contact.BlockListEvent	type.ankama.com/com.ankama.dofus.server.game.protocol.contact.BlockListEvent	S2C	1:repeated .com.ankama.dofus.server.game.protocol.contact.ContactInformation:blocked	refs/dofus-unity-protocol-builder/proto/game/contact.proto:168
BlockEvent	com.ankama.dofus.server.game.protocol.contact.BlockEvent	type.ankama.com/com.ankama.dofus.server.game.protocol.contact.BlockEvent	S2C	1:.com.ankama.dofus.server.game.protocol.contact.BlockEvent.Error:error;2:.com.ankama.dofus.server.game.protocol.contact.BlockEvent.Success:success	refs/dofus-unity-protocol-builder/proto/game/contact.proto:172
Error	com.ankama.dofus.server.game.protocol.contact.BlockEvent+Error	type.ankama.com/com.ankama.dofus.server.game.protocol.contact.BlockEvent.Error		1:.com.ankama.dofus.server.game.protocol.contact.AddFailureReason:reason	refs/dofus-unity-protocol-builder/proto/game/contact.proto:177
Success	com.ankama.dofus.server.game.protocol.contact.BlockEvent+Success	type.ankama.com/com.ankama.dofus.server.game.protocol.contact.BlockEvent.Success		1:.com.ankama.dofus.server.game.protocol.contact.ContactInformation:blocked	refs/dofus-unity-protocol-builder/proto/game/contact.proto:181
UnBlockEvent	com.ankama.dofus.server.game.protocol.contact.UnBlockEvent	type.ankama.com/com.ankama.dofus.server.game.protocol.contact.UnBlockEvent	S2C	1:.com.ankama.dofus.server.game.protocol.contact.UnBlockEvent.Error:error;2:.com.ankama.dofus.server.game.protocol.contact.UnBlockEvent.Success:success	refs/dofus-unity-protocol-builder/proto/game/contact.proto:187
Error	com.ankama.dofus.server.game.protocol.contact.UnBlockEvent+Error	type.ankama.com/com.ankama.dofus.server.game.protocol.contact.UnBlockEvent.Error			refs/dofus-unity-protocol-builder/proto/game/contact.proto:192
Success	com.ankama.dofus.server.game.protocol.contact.UnBlockEvent+Success	type.ankama.com/com.ankama.dofus.server.game.protocol.contact.UnBlockEvent.Success		1:.com.ankama.dofus.server.game.protocol.common.AccountTag:tag	refs/dofus-unity-protocol-builder/proto/game/contact.proto:195
AddContactFailureEvent	com.ankama.dofus.server.game.protocol.contact.AddContactFailureEvent	type.ankama.com/com.ankama.dofus.server.game.protocol.contact.AddContactFailureEvent	S2C	1:.com.ankama.dofus.server.game.protocol.contact.AddFailureReason:reason	refs/dofus-unity-protocol-builder/proto/game/contact.proto:201
FriendListEvent	com.ankama.dofus.server.game.protocol.contact.FriendListEvent	type.ankama.com/com.ankama.dofus.server.game.protocol.contact.FriendListEvent	S2C	1:repeated .com.ankama.dofus.server.game.protocol.contact.FriendInformation:friend	refs/dofus-unity-protocol-builder/proto/game/contact.proto:205
AcquaintanceListEvent	com.ankama.dofus.server.game.protocol.contact.AcquaintanceListEvent	type.ankama.com/com.ankama.dofus.server.game.protocol.contact.AcquaintanceListEvent	S2C	1:repeated .com.ankama.dofus.server.game.protocol.contact.AcquaintanceInformation:acquaintance	refs/dofus-unity-protocol-builder/proto/game/contact.proto:209
ContactLevelUpEvent	com.ankama.dofus.server.game.protocol.contact.ContactLevelUpEvent	type.ankama.com/com.ankama.dofus.server.game.protocol.contact.ContactLevelUpEvent	S2C	1:string:name;2:int64:character_id;3:int32:level	refs/dofus-unity-protocol-builder/proto/game/contact.proto:213
FriendInformation	com.ankama.dofus.server.game.protocol.contact.FriendInformation	type.ankama.com/com.ankama.dofus.server.game.protocol.contact.FriendInformation		1:int64:account_id;2:.com.ankama.dofus.server.game.protocol.common.AccountTag:account_tag;3:.com.ankama.dofus.server.game.protocol.common.CharacterState:state;4:int64:duration_since_last_connection_hours;5:int32:achievement_points;6:int32:league_id;7:int32:ladder_position;8:.com.ankama.dofus.server.game.protocol.contact.FriendInformation.FriendOnlineInformation:online_information	refs/dofus-unity-protocol-builder/proto/game/contact.proto:219
FriendOnlineInformation	com.ankama.dofus.server.game.protocol.contact.FriendInformation+FriendOnlineInformation	type.ankama.com/com.ankama.dofus.server.game.protocol.contact.FriendInformation.FriendOnlineInformation		1:int64:character_id;2:string:character_name;3:int32:character_level;4:.com.ankama.dofus.server.game.protocol.common.Alignment:alignment;5:int32:breed_id;6:.com.ankama.dofus.server.game.protocol.common.Gender:gender;7:int32:mood_smiley_id;8:bool:haven_bag_shared;9:.com.ankama.dofus.server.game.protocol.common.CharacterStatus:status;10:.com.ankama.dofus.server.game.protocol.common.GuildInformation:guild	refs/dofus-unity-protocol-builder/proto/game/contact.proto:228
AcquaintanceInformation	com.ankama.dofus.server.game.protocol.contact.AcquaintanceInformation	type.ankama.com/com.ankama.dofus.server.game.protocol.contact.AcquaintanceInformation		1:int64:account_id;2:.com.ankama.dofus.server.game.protocol.common.AccountTag:account_tag;3:.com.ankama.dofus.server.game.protocol.common.CharacterState:state;4:.com.ankama.dofus.server.game.protocol.contact.AcquaintanceInformation.OnlineInformation:online	refs/dofus-unity-protocol-builder/proto/game/contact.proto:243
OnlineInformation	com.ankama.dofus.server.game.protocol.contact.AcquaintanceInformation+OnlineInformation	type.ankama.com/com.ankama.dofus.server.game.protocol.contact.AcquaintanceInformation.OnlineInformation		1:int64:character_id;2:string:character_name;3:int32:mood_smiley_id;4:.com.ankama.dofus.server.game.protocol.common.CharacterStatus:status	refs/dofus-unity-protocol-builder/proto/game/contact.proto:248
ContactInformation	com.ankama.dofus.server.game.protocol.contact.ContactInformation	type.ankama.com/com.ankama.dofus.server.game.protocol.contact.ContactInformation		1:int64:account_id;2:.com.ankama.dofus.server.game.protocol.common.AccountTag:account_tag	refs/dofus-unity-protocol-builder/proto/game/contact.proto:257
ContextCreationRequest	com.ankama.dofus.server.game.protocol.context.ContextCreationRequest	type.ankama.com/com.ankama.dofus.server.game.protocol.context.ContextCreationRequest	C2S		refs/dofus-unity-protocol-builder/proto/game/context.proto:9
ContextReadyRequest	com.ankama.dofus.server.game.protocol.context.ContextReadyRequest	type.ankama.com/com.ankama.dofus.server.game.protocol.context.ContextReadyRequest	C2S	1:int64:map_id	refs/dofus-unity-protocol-builder/proto/game/context.proto:12
ContextQuitRequest	com.ankama.dofus.server.game.protocol.context.ContextQuitRequest	type.ankama.com/com.ankama.dofus.server.game.protocol.context.ContextQuitRequest	C2S		refs/dofus-unity-protocol-builder/proto/game/context.proto:16
ContextKickRequest	com.ankama.dofus.server.game.protocol.context.ContextKickRequest	type.ankama.com/com.ankama.dofus.server.game.protocol.context.ContextKickRequest	C2S	1:int64:target_id	refs/dofus-unity-protocol-builder/proto/game/context.proto:19
ShowCellRequest	com.ankama.dofus.server.game.protocol.context.ShowCellRequest	type.ankama.com/com.ankama.dofus.server.game.protocol.context.ShowCellRequest	C2S	1:int32:cell_id	refs/dofus-unity-protocol-builder/proto/game/context.proto:23
ContextCreationEvent	com.ankama.dofus.server.game.protocol.context.ContextCreationEvent	type.ankama.com/com.ankama.dofus.server.game.protocol.context.ContextCreationEvent	S2C	1:.com.ankama.dofus.server.game.protocol.context.ContextCreationEvent.GameContext:context	refs/dofus-unity-protocol-builder/proto/game/context.proto:27
ContextDestroyEvent	com.ankama.dofus.server.game.protocol.context.ContextDestroyEvent	type.ankama.com/com.ankama.dofus.server.game.protocol.context.ContextDestroyEvent	S2C		refs/dofus-unity-protocol-builder/proto/game/context.proto:36
ContextRemoveElementEvent	com.ankama.dofus.server.game.protocol.context.ContextRemoveElementEvent	type.ankama.com/com.ankama.dofus.server.game.protocol.context.ContextRemoveElementEvent	S2C	1:int64:element_id	refs/dofus-unity-protocol-builder/proto/game/context.proto:39
ContextRemoveElementsEvent	com.ankama.dofus.server.game.protocol.context.ContextRemoveElementsEvent	type.ankama.com/com.ankama.dofus.server.game.protocol.context.ContextRemoveElementsEvent	S2C	1:repeated int64:element_id	refs/dofus-unity-protocol-builder/proto/game/context.proto:43
ContextRefreshEntityLookEvent	com.ankama.dofus.server.game.protocol.context.ContextRefreshEntityLookEvent	type.ankama.com/com.ankama.dofus.server.game.protocol.context.ContextRefreshEntityLookEvent	S2C	1:int64:entity_id;2:.com.ankama.dofus.server.game.protocol.common.EntityLook:look	refs/dofus-unity-protocol-builder/proto/game/context.proto:47
EntitiesDispositionEvent	com.ankama.dofus.server.game.protocol.context.EntitiesDispositionEvent	type.ankama.com/com.ankama.dofus.server.game.protocol.context.EntitiesDispositionEvent	S2C	1:repeated .com.ankama.dofus.server.game.protocol.common.EntityDisposition:dispositions	refs/dofus-unity-protocol-builder/proto/game/context.proto:52
EntityDispositionErrorEvent	com.ankama.dofus.server.game.protocol.context.EntityDispositionErrorEvent	type.ankama.com/com.ankama.dofus.server.game.protocol.context.EntityDispositionErrorEvent	S2C		refs/dofus-unity-protocol-builder/proto/game/context.proto:56
MonsterBoosts	com.ankama.dofus.server.game.protocol.context.MonsterBoosts	type.ankama.com/com.ankama.dofus.server.game.protocol.context.MonsterBoosts		1:int32:id;2:int32:xp_boost;3:int32:drop_boost	refs/dofus-unity-protocol-builder/proto/game/context.proto:59
RefreshMonsterBoostsEvent	com.ankama.dofus.server.game.protocol.context.RefreshMonsterBoostsEvent	type.ankama.com/com.ankama.dofus.server.game.protocol.context.RefreshMonsterBoostsEvent	S2C	1:repeated .com.ankama.dofus.server.game.protocol.context.MonsterBoosts:monster_boosts;2:repeated .com.ankama.dofus.server.game.protocol.context.MonsterBoosts:family_boosts	refs/dofus-unity-protocol-builder/proto/game/context.proto:65
ShowCellEvent	com.ankama.dofus.server.game.protocol.context.ShowCellEvent	type.ankama.com/com.ankama.dofus.server.game.protocol.context.ShowCellEvent	S2C	1:int64:source_id;2:int32:cell_id	refs/dofus-unity-protocol-builder/proto/game/context.proto:70
CosmeticInventoryLoadedEvent	com.ankama.dofus.server.game.protocol.cosmetic.CosmeticInventoryLoadedEvent	type.ankama.com/com.ankama.dofus.server.game.protocol.cosmetic.CosmeticInventoryLoadedEvent	S2C	1:repeated .com.ankama.dofus.server.game.protocol.common.ObjectItem:objects	refs/dofus-unity-protocol-builder/proto/game/cosmetic.proto:38
CosmeticInventoryAddObjectRequest	com.ankama.dofus.server.game.protocol.cosmetic.CosmeticInventoryAddObjectRequest	type.ankama.com/com.ankama.dofus.server.game.protocol.cosmetic.CosmeticInventoryAddObjectRequest	C2S	1:int32:uid	refs/dofus-unity-protocol-builder/proto/game/cosmetic.proto:42
CosmeticInventoryAddObjectResponse	com.ankama.dofus.server.game.protocol.cosmetic.CosmeticInventoryAddObjectResponse	type.ankama.com/com.ankama.dofus.server.game.protocol.cosmetic.CosmeticInventoryAddObjectResponse	S2C	1:.com.ankama.dofus.server.game.protocol.cosmetic.CosmeticInventoryAddObjectResponse.Result:result	refs/dofus-unity-protocol-builder/proto/game/cosmetic.proto:46
CosmeticInventoryPopObjectRequest	com.ankama.dofus.server.game.protocol.cosmetic.CosmeticInventoryPopObjectRequest	type.ankama.com/com.ankama.dofus.server.game.protocol.cosmetic.CosmeticInventoryPopObjectRequest	C2S	1:int32:gid	refs/dofus-unity-protocol-builder/proto/game/cosmetic.proto:56
CosmeticInventoryPopObjectResponse	com.ankama.dofus.server.game.protocol.cosmetic.CosmeticInventoryPopObjectResponse	type.ankama.com/com.ankama.dofus.server.game.protocol.cosmetic.CosmeticInventoryPopObjectResponse	S2C	1:bool:success	refs/dofus-unity-protocol-builder/proto/game/cosmetic.proto:60
CosmeticInventoryAddedEvent	com.ankama.dofus.server.game.protocol.cosmetic.CosmeticInventoryAddedEvent	type.ankama.com/com.ankama.dofus.server.game.protocol.cosmetic.CosmeticInventoryAddedEvent	S2C	1:.com.ankama.dofus.server.game.protocol.common.ObjectItem:object	refs/dofus-unity-protocol-builder/proto/game/cosmetic.proto:64
CosmeticInventoryLivingObjectFeedRequest	com.ankama.dofus.server.game.protocol.cosmetic.CosmeticInventoryLivingObjectFeedRequest	type.ankama.com/com.ankama.dofus.server.game.protocol.cosmetic.CosmeticInventoryLivingObjectFeedRequest	C2S	1:int32:gid;2:int32:food_object_uid	refs/dofus-unity-protocol-builder/proto/game/cosmetic.proto:68
CosmeticInventoryLivingObjectFeedResponse	com.ankama.dofus.server.game.protocol.cosmetic.CosmeticInventoryLivingObjectFeedResponse	type.ankama.com/com.ankama.dofus.server.game.protocol.cosmetic.CosmeticInventoryLivingObjectFeedResponse	S2C	1:bool:success;2:.com.ankama.dofus.server.game.protocol.common.ObjectItem:living_object_fed	refs/dofus-unity-protocol-builder/proto/game/cosmetic.proto:73
OutfitEquipAuraRequest	com.ankama.dofus.server.game.protocol.cosmetic.OutfitEquipAuraRequest	type.ankama.com/com.ankama.dofus.server.game.protocol.cosmetic.OutfitEquipAuraRequest	C2S	1:int32:emote_id	refs/dofus-unity-protocol-builder/proto/game/cosmetic.proto:78
OutfitEquipAuraResponse	com.ankama.dofus.server.game.protocol.cosmetic.OutfitEquipAuraResponse	type.ankama.com/com.ankama.dofus.server.game.protocol.cosmetic.OutfitEquipAuraResponse	S2C	1:bool:success	refs/dofus-unity-protocol-builder/proto/game/cosmetic.proto:82
OutfitAuraChangedEvent	com.ankama.dofus.server.game.protocol.cosmetic.OutfitAuraChangedEvent	type.ankama.com/com.ankama.dofus.server.game.protocol.cosmetic.OutfitAuraChangedEvent	S2C	1:int32:emote_id	refs/dofus-unity-protocol-builder/proto/game/cosmetic.proto:86
OutfitEquipTitleRequest	com.ankama.dofus.server.game.protocol.cosmetic.OutfitEquipTitleRequest	type.ankama.com/com.ankama.dofus.server.game.protocol.cosmetic.OutfitEquipTitleRequest	C2S	1:int32:title_id	refs/dofus-unity-protocol-builder/proto/game/cosmetic.proto:90
OutfitEquipTitleResponse	com.ankama.dofus.server.game.protocol.cosmetic.OutfitEquipTitleResponse	type.ankama.com/com.ankama.dofus.server.game.protocol.cosmetic.OutfitEquipTitleResponse	S2C	1:bool:success	refs/dofus-unity-protocol-builder/proto/game/cosmetic.proto:94
OutfitEquipOrnamentRequest	com.ankama.dofus.server.game.protocol.cosmetic.OutfitEquipOrnamentRequest	type.ankama.com/com.ankama.dofus.server.game.protocol.cosmetic.OutfitEquipOrnamentRequest	C2S	1:int32:ornament_id	refs/dofus-unity-protocol-builder/proto/game/cosmetic.proto:98
OutfitEquipOrnamentResponse	com.ankama.dofus.server.game.protocol.cosmetic.OutfitEquipOrnamentResponse	type.ankama.com/com.ankama.dofus.server.game.protocol.cosmetic.OutfitEquipOrnamentResponse	S2C	1:bool:success	refs/dofus-unity-protocol-builder/proto/game/cosmetic.proto:102
OutfitEquipObjectRequest	com.ankama.dofus.server.game.protocol.cosmetic.OutfitEquipObjectRequest	type.ankama.com/com.ankama.dofus.server.game.protocol.cosmetic.OutfitEquipObjectRequest	C2S	2:.com.ankama.dofus.server.game.protocol.cosmetic.ObjectSlot:slot;1:int32:gid;3:int32:skin_id	refs/dofus-unity-protocol-builder/proto/game/cosmetic.proto:106
OutfitEquipObjectResponse	com.ankama.dofus.server.game.protocol.cosmetic.OutfitEquipObjectResponse	type.ankama.com/com.ankama.dofus.server.game.protocol.cosmetic.OutfitEquipObjectResponse	S2C	1:bool:success	refs/dofus-unity-protocol-builder/proto/game/cosmetic.proto:112
OutfitEquipObjectBestSlotRequest	com.ankama.dofus.server.game.protocol.cosmetic.OutfitEquipObjectBestSlotRequest	type.ankama.com/com.ankama.dofus.server.game.protocol.cosmetic.OutfitEquipObjectBestSlotRequest	C2S	1:int32:gid;2:int32:skin_id	refs/dofus-unity-protocol-builder/proto/game/cosmetic.proto:116
OutfitEquipObjectBestSlotResponse	com.ankama.dofus.server.game.protocol.cosmetic.OutfitEquipObjectBestSlotResponse	type.ankama.com/com.ankama.dofus.server.game.protocol.cosmetic.OutfitEquipObjectBestSlotResponse	S2C	1:bool:success;2:.com.ankama.dofus.server.game.protocol.cosmetic.ObjectSlot:slot	refs/dofus-unity-protocol-builder/proto/game/cosmetic.proto:121
OutfitUpdateRequest	com.ankama.dofus.server.game.protocol.cosmetic.OutfitUpdateRequest	type.ankama.com/com.ankama.dofus.server.game.protocol.cosmetic.OutfitUpdateRequest	C2S	1:string:outfit_uuid;2:string:name;3:int32:pictogram_id;4:bool:favorite	refs/dofus-unity-protocol-builder/proto/game/cosmetic.proto:126
OutfitUpdateResponse	com.ankama.dofus.server.game.protocol.cosmetic.OutfitUpdateResponse	type.ankama.com/com.ankama.dofus.server.game.protocol.cosmetic.OutfitUpdateResponse	S2C	1:bool:success	refs/dofus-unity-protocol-builder/proto/game/cosmetic.proto:133
OutfitCreateEmptyRequest	com.ankama.dofus.server.game.protocol.cosmetic.OutfitCreateEmptyRequest	type.ankama.com/com.ankama.dofus.server.game.protocol.cosmetic.OutfitCreateEmptyRequest	C2S	1:string:name;2:int32:pictogram_id	refs/dofus-unity-protocol-builder/proto/game/cosmetic.proto:137
OutfitDuplicateRequest	com.ankama.dofus.server.game.protocol.cosmetic.OutfitDuplicateRequest	type.ankama.com/com.ankama.dofus.server.game.protocol.cosmetic.OutfitDuplicateRequest	C2S	1:string:outfit_uuid;2:string:name;3:int32:pictogram_id	refs/dofus-unity-protocol-builder/proto/game/cosmetic.proto:142
OutfitCreationResponse	com.ankama.dofus.server.game.protocol.cosmetic.OutfitCreationResponse	type.ankama.com/com.ankama.dofus.server.game.protocol.cosmetic.OutfitCreationResponse	S2C	1:bool:success;2:.com.ankama.dofus.server.game.protocol.cosmetic.Outfit:outfit_created	refs/dofus-unity-protocol-builder/proto/game/cosmetic.proto:148
OutfitRemoveRequest	com.ankama.dofus.server.game.protocol.cosmetic.OutfitRemoveRequest	type.ankama.com/com.ankama.dofus.server.game.protocol.cosmetic.OutfitRemoveRequest	C2S	1:string:outfit_uuid	refs/dofus-unity-protocol-builder/proto/game/cosmetic.proto:153
OutfitRemoveResponse	com.ankama.dofus.server.game.protocol.cosmetic.OutfitRemoveResponse	type.ankama.com/com.ankama.dofus.server.game.protocol.cosmetic.OutfitRemoveResponse	S2C	1:bool:success	refs/dofus-unity-protocol-builder/proto/game/cosmetic.proto:157
OutfitEquipRequest	com.ankama.dofus.server.game.protocol.cosmetic.OutfitEquipRequest	type.ankama.com/com.ankama.dofus.server.game.protocol.cosmetic.OutfitEquipRequest	C2S	1:string:outfit_uuid	refs/dofus-unity-protocol-builder/proto/game/cosmetic.proto:161
OutfitEquipResponse	com.ankama.dofus.server.game.protocol.cosmetic.OutfitEquipResponse	type.ankama.com/com.ankama.dofus.server.game.protocol.cosmetic.OutfitEquipResponse	S2C	1:bool:success	refs/dofus-unity-protocol-builder/proto/game/cosmetic.proto:165
OutfitsLoadedEvent	com.ankama.dofus.server.game.protocol.cosmetic.OutfitsLoadedEvent	type.ankama.com/com.ankama.dofus.server.game.protocol.cosmetic.OutfitsLoadedEvent	S2C	1:.com.ankama.dofus.server.game.protocol.cosmetic.Outfit:current;2:repeated .com.ankama.dofus.server.game.protocol.cosmetic.Outfit:outfits	refs/dofus-unity-protocol-builder/proto/game/cosmetic.proto:169
OutfitEntityLookChangedEvent	com.ankama.dofus.server.game.protocol.cosmetic.OutfitEntityLookChangedEvent	type.ankama.com/com.ankama.dofus.server.game.protocol.cosmetic.OutfitEntityLookChangedEvent	S2C	1:string:outfit_uuid;2:.com.ankama.dofus.server.game.protocol.common.EntityLook:entity_look	refs/dofus-unity-protocol-builder/proto/game/cosmetic.proto:174
Outfit	com.ankama.dofus.server.game.protocol.cosmetic.Outfit	type.ankama.com/com.ankama.dofus.server.game.protocol.cosmetic.Outfit		1:string:uuid;2:string:name;3:int32:pictogram_id;4:repeated .com.ankama.dofus.server.game.protocol.cosmetic.Outfit.ObjectsEntry:objects;9:bool:favorite;10:string:last_modified;7:int32:title_id;8:.com.ankama.dofus.server.game.protocol.common.EntityLook:entity_look;5:int32:aura_emote_id;6:int32:ornament_id	refs/dofus-unity-protocol-builder/proto/game/cosmetic.proto:179
ObjectsEntry	com.ankama.dofus.server.game.protocol.cosmetic.Outfit+ObjectsEntry	type.ankama.com/com.ankama.dofus.server.game.protocol.cosmetic.Outfit.ObjectsEntry		1:int32:key;2:.com.ankama.dofus.server.game.protocol.cosmetic.Outfit.SkinOutfit:value	refs/dofus-unity-protocol-builder/proto/game/cosmetic.proto:190
SkinOutfit	com.ankama.dofus.server.game.protocol.cosmetic.Outfit+SkinOutfit	type.ankama.com/com.ankama.dofus.server.game.protocol.cosmetic.Outfit.SkinOutfit		1:int32:gid;2:int32:skin	refs/dofus-unity-protocol-builder/proto/game/cosmetic.proto:195
DebtsUpdateEvent	com.ankama.dofus.server.game.protocol.debt.DebtsUpdateEvent	type.ankama.com/com.ankama.dofus.server.game.protocol.debt.DebtsUpdateEvent	S2C	1:.com.ankama.dofus.server.game.protocol.debt.DebtsUpdateEvent.DebtsAction:action;2:repeated .com.ankama.dofus.server.game.protocol.debt.DebtsUpdateEvent.DebtInformation:debts	refs/dofus-unity-protocol-builder/proto/game/debt.proto:7
DebtInformation	com.ankama.dofus.server.game.protocol.debt.DebtsUpdateEvent+DebtInformation	type.ankama.com/com.ankama.dofus.server.game.protocol.debt.DebtsUpdateEvent.DebtInformation		1:int64:debt_id;2:int64:timestamp;3:int64:kamas	refs/dofus-unity-protocol-builder/proto/game/debt.proto:10
DebtsDeleteEvent	com.ankama.dofus.server.game.protocol.debt.DebtsDeleteEvent	type.ankama.com/com.ankama.dofus.server.game.protocol.debt.DebtsDeleteEvent	S2C	1:.com.ankama.dofus.server.game.protocol.debt.DebtsDeleteEvent.DebtsDeletionReason:reason;2:repeated int64:debts	refs/dofus-unity-protocol-builder/proto/game/debt.proto:23
DumpedEntityStatsEvent	com.ankama.dofus.server.game.protocol.debug.DumpedEntityStatsEvent	type.ankama.com/com.ankama.dofus.server.game.protocol.debug.DumpedEntityStatsEvent	S2C	1:int64:entity_id;2:repeated .com.ankama.dofus.server.game.protocol.common.CharacterCharacteristic:stats	refs/dofus-unity-protocol-builder/proto/game/debug.proto:9
DebugHighlightCellsEvent	com.ankama.dofus.server.game.protocol.debug.DebugHighlightCellsEvent	type.ankama.com/com.ankama.dofus.server.game.protocol.debug.DebugHighlightCellsEvent	S2C	1:int64:color;2:repeated int32:cells	refs/dofus-unity-protocol-builder/proto/game/debug.proto:14
DebugClearHighlightCellsEvent	com.ankama.dofus.server.game.protocol.debug.DebugClearHighlightCellsEvent	type.ankama.com/com.ankama.dofus.server.game.protocol.debug.DebugClearHighlightCellsEvent	S2C		refs/dofus-unity-protocol-builder/proto/game/debug.proto:19
DebugInClientEvent	com.ankama.dofus.server.game.protocol.debug.DebugInClientEvent	type.ankama.com/com.ankama.dofus.server.game.protocol.debug.DebugInClientEvent	S2C	1:.com.ankama.dofus.server.game.protocol.debug.DebugInClientEvent.DebugLevel:level;2:string:message	refs/dofus-unity-protocol-builder/proto/game/debug.proto:22
DialogLeaveRequest	com.ankama.dofus.server.game.protocol.dialog.DialogLeaveRequest	type.ankama.com/com.ankama.dofus.server.game.protocol.dialog.DialogLeaveRequest	C2S		refs/dofus-unity-protocol-builder/proto/game/dialog.proto:9
DialogLeaveEvent	com.ankama.dofus.server.game.protocol.dialog.DialogLeaveEvent	type.ankama.com/com.ankama.dofus.server.game.protocol.dialog.DialogLeaveEvent	S2C	1:.com.ankama.dofus.server.game.protocol.common.DialogType:dialog_type	refs/dofus-unity-protocol-builder/proto/game/dialog.proto:12
DocumentReadingBeginEvent	com.ankama.dofus.server.game.protocol.document.DocumentReadingBeginEvent	type.ankama.com/com.ankama.dofus.server.game.protocol.document.DocumentReadingBeginEvent	S2C	1:int32:document_id	refs/dofus-unity-protocol-builder/proto/game/document.proto:7
OpenGuideBookEvent	com.ankama.dofus.server.game.protocol.document.OpenGuideBookEvent	type.ankama.com/com.ankama.dofus.server.game.protocol.document.OpenGuideBookEvent	S2C	1:int32:article_id	refs/dofus-unity-protocol-builder/proto/game/document.proto:11
LockableUseCodeRequest	com.ankama.dofus.server.game.protocol.element.LockableUseCodeRequest	type.ankama.com/com.ankama.dofus.server.game.protocol.element.LockableUseCodeRequest	C2S	1:string:code	refs/dofus-unity-protocol-builder/proto/game/element.proto:7
LockableChangeCodeRequest	com.ankama.dofus.server.game.protocol.element.LockableChangeCodeRequest	type.ankama.com/com.ankama.dofus.server.game.protocol.element.LockableChangeCodeRequest	C2S	1:string:code	refs/dofus-unity-protocol-builder/proto/game/element.proto:11
PurchasableDialogEvent	com.ankama.dofus.server.game.protocol.element.PurchasableDialogEvent	type.ankama.com/com.ankama.dofus.server.game.protocol.element.PurchasableDialogEvent	S2C	1:.com.ankama.dofus.server.game.protocol.element.PurchasableDialogEvent.Action:action;2:int64:purchasable_id;3:int32:purchasable_instance_id;4:bool:second_hand;5:int64:price	refs/dofus-unity-protocol-builder/proto/game/element.proto:15
LockableShowCodeDialogEvent	com.ankama.dofus.server.game.protocol.element.LockableShowCodeDialogEvent	type.ankama.com/com.ankama.dofus.server.game.protocol.element.LockableShowCodeDialogEvent	S2C	1:.com.ankama.dofus.server.game.protocol.element.LockableShowCodeDialogEvent.Action:action;2:int32:code_size	refs/dofus-unity-protocol-builder/proto/game/element.proto:28
LockableCodeResultEvent	com.ankama.dofus.server.game.protocol.element.LockableCodeResultEvent	type.ankama.com/com.ankama.dofus.server.game.protocol.element.LockableCodeResultEvent	S2C	1:.com.ankama.dofus.server.game.protocol.element.LockableCodeResultEvent.LockableResult:result	refs/dofus-unity-protocol-builder/proto/game/element.proto:38
LockableStateUpdateHouseDoorEvent	com.ankama.dofus.server.game.protocol.element.LockableStateUpdateHouseDoorEvent	type.ankama.com/com.ankama.dofus.server.game.protocol.element.LockableStateUpdateHouseDoorEvent	S2C	1:int32:house_id;2:int32:house_instance_id;3:bool:second_hand;4:bool:locked	refs/dofus-unity-protocol-builder/proto/game/element.proto:48
EmotePlayRequest	com.ankama.dofus.server.game.protocol.emote.EmotePlayRequest	type.ankama.com/com.ankama.dofus.server.game.protocol.emote.EmotePlayRequest	C2S	1:int32:emote_id	refs/dofus-unity-protocol-builder/proto/game/emote.proto:7
EmotesEvent	com.ankama.dofus.server.game.protocol.emote.EmotesEvent	type.ankama.com/com.ankama.dofus.server.game.protocol.emote.EmotesEvent	S2C	1:repeated int32:emotes_id	refs/dofus-unity-protocol-builder/proto/game/emote.proto:11
EmoteAddedEvent	com.ankama.dofus.server.game.protocol.emote.EmoteAddedEvent	type.ankama.com/com.ankama.dofus.server.game.protocol.emote.EmoteAddedEvent	S2C	1:int32:emote_id	refs/dofus-unity-protocol-builder/proto/game/emote.proto:15
EmoteRemovedEvent	com.ankama.dofus.server.game.protocol.emote.EmoteRemovedEvent	type.ankama.com/com.ankama.dofus.server.game.protocol.emote.EmoteRemovedEvent	S2C	1:int32:emote_id	refs/dofus-unity-protocol-builder/proto/game/emote.proto:19
EmotePlayEvent	com.ankama.dofus.server.game.protocol.emote.EmotePlayEvent	type.ankama.com/com.ankama.dofus.server.game.protocol.emote.EmotePlayEvent	S2C	1:int32:emote_id;2:int64:emote_start_time;3:int64:actor_id;4:int32:account_id	refs/dofus-unity-protocol-builder/proto/game/emote.proto:23
EmoteMassivePlayEvent	com.ankama.dofus.server.game.protocol.emote.EmoteMassivePlayEvent	type.ankama.com/com.ankama.dofus.server.game.protocol.emote.EmoteMassivePlayEvent	S2C	1:int32:emote_id;2:int64:emote_start_time;3:repeated int64:actors_id	refs/dofus-unity-protocol-builder/proto/game/emote.proto:30
EmotePlayErrorEvent	com.ankama.dofus.server.game.protocol.emote.EmotePlayErrorEvent	type.ankama.com/com.ankama.dofus.server.game.protocol.emote.EmotePlayErrorEvent	S2C	1:int32:emote_id	refs/dofus-unity-protocol-builder/proto/game/emote.proto:36
ExchangeObjectMoveRequest	com.ankama.dofus.server.game.protocol.exchange.ExchangeObjectMoveRequest	type.ankama.com/com.ankama.dofus.server.game.protocol.exchange.ExchangeObjectMoveRequest	C2S	1:int32:object_uid;2:int32:quantity	refs/dofus-unity-protocol-builder/proto/game/exchange.proto:9
ExchangeSetCraftRecipeRequest	com.ankama.dofus.server.game.protocol.exchange.ExchangeSetCraftRecipeRequest	type.ankama.com/com.ankama.dofus.server.game.protocol.exchange.ExchangeSetCraftRecipeRequest	C2S	1:int32:object_uid	refs/dofus-unity-protocol-builder/proto/game/exchange.proto:14
ExchangeObjectUseInWorkshopRequest	com.ankama.dofus.server.game.protocol.exchange.ExchangeObjectUseInWorkshopRequest	type.ankama.com/com.ankama.dofus.server.game.protocol.exchange.ExchangeObjectUseInWorkshopRequest	C2S	1:int32:object_uid;2:int32:quantity	refs/dofus-unity-protocol-builder/proto/game/exchange.proto:18
ExchangeObjectMoveToTabRequest	com.ankama.dofus.server.game.protocol.exchange.ExchangeObjectMoveToTabRequest	type.ankama.com/com.ankama.dofus.server.game.protocol.exchange.ExchangeObjectMoveToTabRequest	C2S	1:int32:object_uid;2:int32:quantity;3:int32:tab_number	refs/dofus-unity-protocol-builder/proto/game/exchange.proto:23
ExchangeObjectMovePricedRequest	com.ankama.dofus.server.game.protocol.exchange.ExchangeObjectMovePricedRequest	type.ankama.com/com.ankama.dofus.server.game.protocol.exchange.ExchangeObjectMovePricedRequest	C2S	1:int32:object_uid;2:int32:quantity;3:int64:price	refs/dofus-unity-protocol-builder/proto/game/exchange.proto:29
ExchangeObjectModifyPricedRequest	com.ankama.dofus.server.game.protocol.exchange.ExchangeObjectModifyPricedRequest	type.ankama.com/com.ankama.dofus.server.game.protocol.exchange.ExchangeObjectModifyPricedRequest	C2S	1:int32:object_uid;2:int32:quantity;3:int64:price	refs/dofus-unity-protocol-builder/proto/game/exchange.proto:35
ExchangeObjectTransferAllToInventoryRequest	com.ankama.dofus.server.game.protocol.exchange.ExchangeObjectTransferAllToInventoryRequest	type.ankama.com/com.ankama.dofus.server.game.protocol.exchange.ExchangeObjectTransferAllToInventoryRequest	C2S		refs/dofus-unity-protocol-builder/proto/game/exchange.proto:41
ExchangeObjectTransferListToInventoryRequest	com.ankama.dofus.server.game.protocol.exchange.ExchangeObjectTransferListToInventoryRequest	type.ankama.com/com.ankama.dofus.server.game.protocol.exchange.ExchangeObjectTransferListToInventoryRequest	C2S	1:repeated int32:objects_uid	refs/dofus-unity-protocol-builder/proto/game/exchange.proto:44
ExchangeObjectTransferListWithQuantityToInventoryRequest	com.ankama.dofus.server.game.protocol.exchange.ExchangeObjectTransferListWithQuantityToInventoryRequest	type.ankama.com/com.ankama.dofus.server.game.protocol.exchange.ExchangeObjectTransferListWithQuantityToInventoryRequest	C2S	1:repeated .com.ankama.dofus.server.game.protocol.common.ObjectUidWithQuantity:objects	refs/dofus-unity-protocol-builder/proto/game/exchange.proto:48
ExchangeObjectTransferExistingToInventoryRequest	com.ankama.dofus.server.game.protocol.exchange.ExchangeObjectTransferExistingToInventoryRequest	type.ankama.com/com.ankama.dofus.server.game.protocol.exchange.ExchangeObjectTransferExistingToInventoryRequest	C2S		refs/dofus-unity-protocol-builder/proto/game/exchange.proto:52
ExchangeObjectTransferAllFromInventoryRequest	com.ankama.dofus.server.game.protocol.exchange.ExchangeObjectTransferAllFromInventoryRequest	type.ankama.com/com.ankama.dofus.server.game.protocol.exchange.ExchangeObjectTransferAllFromInventoryRequest	C2S		refs/dofus-unity-protocol-builder/proto/game/exchange.proto:55
ExchangeObjectTransferListFromInventoryRequest	com.ankama.dofus.server.game.protocol.exchange.ExchangeObjectTransferListFromInventoryRequest	type.ankama.com/com.ankama.dofus.server.game.protocol.exchange.ExchangeObjectTransferListFromInventoryRequest	C2S	1:repeated int32:objects_uid	refs/dofus-unity-protocol-builder/proto/game/exchange.proto:58
ExchangeObjectTransferTypeFromInventoryRequest	com.ankama.dofus.server.game.protocol.exchange.ExchangeObjectTransferTypeFromInventoryRequest	type.ankama.com/com.ankama.dofus.server.game.protocol.exchange.ExchangeObjectTransferTypeFromInventoryRequest	C2S	1:int32:object_type	refs/dofus-unity-protocol-builder/proto/game/exchange.proto:62
ExchangeObjectTransferExistingFromInventoryRequest	com.ankama.dofus.server.game.protocol.exchange.ExchangeObjectTransferExistingFromInventoryRequest	type.ankama.com/com.ankama.dofus.server.game.protocol.exchange.ExchangeObjectTransferExistingFromInventoryRequest	C2S		refs/dofus-unity-protocol-builder/proto/game/exchange.proto:66
ExchangeMoveKamaRequest	com.ankama.dofus.server.game.protocol.exchange.ExchangeMoveKamaRequest	type.ankama.com/com.ankama.dofus.server.game.protocol.exchange.ExchangeMoveKamaRequest	C2S	1:int64:quantity	refs/dofus-unity-protocol-builder/proto/game/exchange.proto:69
ExchangeCraftCountRequest	com.ankama.dofus.server.game.protocol.exchange.ExchangeCraftCountRequest	type.ankama.com/com.ankama.dofus.server.game.protocol.exchange.ExchangeCraftCountRequest	C2S	1:int32:count	refs/dofus-unity-protocol-builder/proto/game/exchange.proto:73
ExchangeReplayStopRequest	com.ankama.dofus.server.game.protocol.exchange.ExchangeReplayStopRequest	type.ankama.com/com.ankama.dofus.server.game.protocol.exchange.ExchangeReplayStopRequest	C2S		refs/dofus-unity-protocol-builder/proto/game/exchange.proto:77
ExchangeMultiCraftSetCrafterCanUseHisResourcesRequest	com.ankama.dofus.server.game.protocol.exchange.ExchangeMultiCraftSetCrafterCanUseHisResourcesRequest	type.ankama.com/com.ankama.dofus.server.game.protocol.exchange.ExchangeMultiCraftSetCrafterCanUseHisResourcesRequest	C2S	1:bool:allow	refs/dofus-unity-protocol-builder/proto/game/exchange.proto:80
ExchangePlayerRequest	com.ankama.dofus.server.game.protocol.exchange.ExchangePlayerRequest	type.ankama.com/com.ankama.dofus.server.game.protocol.exchange.ExchangePlayerRequest	C2S	1:int64:target_id	refs/dofus-unity-protocol-builder/proto/game/exchange.proto:84
ExchangePlayerMultiCraftRequest	com.ankama.dofus.server.game.protocol.exchange.ExchangePlayerMultiCraftRequest	type.ankama.com/com.ankama.dofus.server.game.protocol.exchange.ExchangePlayerMultiCraftRequest	C2S	1:.com.ankama.dofus.server.game.protocol.common.ExchangeType:exchange_type;2:int64:target_id;3:int32:skill_id	refs/dofus-unity-protocol-builder/proto/game/exchange.proto:88
ExchangeMountRequest	com.ankama.dofus.server.game.protocol.exchange.ExchangeMountRequest	type.ankama.com/com.ankama.dofus.server.game.protocol.exchange.ExchangeMountRequest	C2S		refs/dofus-unity-protocol-builder/proto/game/exchange.proto:94
ExchangeTaxCollectorRequest	com.ankama.dofus.server.game.protocol.exchange.ExchangeTaxCollectorRequest	type.ankama.com/com.ankama.dofus.server.game.protocol.exchange.ExchangeTaxCollectorRequest	C2S	1:string:tax_collector_uuid	refs/dofus-unity-protocol-builder/proto/game/exchange.proto:97
ExchangeAcceptRequest	com.ankama.dofus.server.game.protocol.exchange.ExchangeAcceptRequest	type.ankama.com/com.ankama.dofus.server.game.protocol.exchange.ExchangeAcceptRequest	C2S		refs/dofus-unity-protocol-builder/proto/game/exchange.proto:101
ExchangeReadyRequest	com.ankama.dofus.server.game.protocol.exchange.ExchangeReadyRequest	type.ankama.com/com.ankama.dofus.server.game.protocol.exchange.ExchangeReadyRequest	C2S	1:bool:ready;2:int32:step	refs/dofus-unity-protocol-builder/proto/game/exchange.proto:104
ExchangeFocusedReadyRequest	com.ankama.dofus.server.game.protocol.exchange.ExchangeFocusedReadyRequest	type.ankama.com/com.ankama.dofus.server.game.protocol.exchange.ExchangeFocusedReadyRequest	C2S	1:bool:ready;2:int32:step;3:int32:focus_action_id	refs/dofus-unity-protocol-builder/proto/game/exchange.proto:109
ExchangeCraftPaymentModificationRequest	com.ankama.dofus.server.game.protocol.exchange.ExchangeCraftPaymentModificationRequest	type.ankama.com/com.ankama.dofus.server.game.protocol.exchange.ExchangeCraftPaymentModificationRequest	C2S	1:int64:quantity	refs/dofus-unity-protocol-builder/proto/game/exchange.proto:115
ExchangeBuyRequest	com.ankama.dofus.server.game.protocol.exchange.ExchangeBuyRequest	type.ankama.com/com.ankama.dofus.server.game.protocol.exchange.ExchangeBuyRequest	C2S	1:int32:object_uid;2:int32:quantity	refs/dofus-unity-protocol-builder/proto/game/exchange.proto:119
ExchangeSellRequest	com.ankama.dofus.server.game.protocol.exchange.ExchangeSellRequest	type.ankama.com/com.ankama.dofus.server.game.protocol.exchange.ExchangeSellRequest	C2S	1:int32:object_uid;2:int32:quantity	refs/dofus-unity-protocol-builder/proto/game/exchange.proto:124
ExchangeObjectsSellRequest	com.ankama.dofus.server.game.protocol.exchange.ExchangeObjectsSellRequest	type.ankama.com/com.ankama.dofus.server.game.protocol.exchange.ExchangeObjectsSellRequest	C2S	1:repeated .com.ankama.dofus.server.game.protocol.exchange.ExchangeObjectsSellRequest.ExchangeObject:objects	refs/dofus-unity-protocol-builder/proto/game/exchange.proto:129
ExchangeObject	com.ankama.dofus.server.game.protocol.exchange.ExchangeObjectsSellRequest+ExchangeObject	type.ankama.com/com.ankama.dofus.server.game.protocol.exchange.ExchangeObjectsSellRequest.ExchangeObject		1:int32:object_uid;2:int32:quantity	refs/dofus-unity-protocol-builder/proto/game/exchange.proto:131
JobBookSubscribeRequest	com.ankama.dofus.server.game.protocol.exchange.JobBookSubscribeRequest	type.ankama.com/com.ankama.dofus.server.game.protocol.exchange.JobBookSubscribeRequest	C2S	1:repeated int32:jobs_id	refs/dofus-unity-protocol-builder/proto/game/exchange.proto:138
ExchangeHandleMountsRequest	com.ankama.dofus.server.game.protocol.exchange.ExchangeHandleMountsRequest	type.ankama.com/com.ankama.dofus.server.game.protocol.exchange.ExchangeHandleMountsRequest	C2S	1:.com.ankama.dofus.server.game.protocol.exchange.ExchangeHandleMountsRequest.ExchangeHandleMountStableType:action_type;2:repeated int32:rides_id	refs/dofus-unity-protocol-builder/proto/game/exchange.proto:142
ExchangeBidHouseSearchRequest	com.ankama.dofus.server.game.protocol.exchange.ExchangeBidHouseSearchRequest	type.ankama.com/com.ankama.dofus.server.game.protocol.exchange.ExchangeBidHouseSearchRequest	C2S	1:int32:object_gid;2:bool:follow	refs/dofus-unity-protocol-builder/proto/game/exchange.proto:169
ExchangeBidHouseListRequest	com.ankama.dofus.server.game.protocol.exchange.ExchangeBidHouseListRequest	type.ankama.com/com.ankama.dofus.server.game.protocol.exchange.ExchangeBidHouseListRequest	C2S	1:int32:object_gid;2:bool:follow	refs/dofus-unity-protocol-builder/proto/game/exchange.proto:174
ExchangeBidHouseTypeRequest	com.ankama.dofus.server.game.protocol.exchange.ExchangeBidHouseTypeRequest	type.ankama.com/com.ankama.dofus.server.game.protocol.exchange.ExchangeBidHouseTypeRequest	C2S	1:int32:type_id;2:bool:follow	refs/dofus-unity-protocol-builder/proto/game/exchange.proto:179
ExchangeBidHouseBuyRequest	com.ankama.dofus.server.game.protocol.exchange.ExchangeBidHouseBuyRequest	type.ankama.com/com.ankama.dofus.server.game.protocol.exchange.ExchangeBidHouseBuyRequest	C2S	1:int32:object_uid;2:int32:quantity;3:int64:price	refs/dofus-unity-protocol-builder/proto/game/exchange.proto:184
ExchangeBidHousePriceRequest	com.ankama.dofus.server.game.protocol.exchange.ExchangeBidHousePriceRequest	type.ankama.com/com.ankama.dofus.server.game.protocol.exchange.ExchangeBidHousePriceRequest	C2S	1:int32:object_gid	refs/dofus-unity-protocol-builder/proto/game/exchange.proto:190
ExchangeTaxCollectorEquipmentRequest	com.ankama.dofus.server.game.protocol.exchange.ExchangeTaxCollectorEquipmentRequest	type.ankama.com/com.ankama.dofus.server.game.protocol.exchange.ExchangeTaxCollectorEquipmentRequest	C2S	1:string:tax_collector_uid	refs/dofus-unity-protocol-builder/proto/game/exchange.proto:194
ObjectAveragePricesRequest	com.ankama.dofus.server.game.protocol.exchange.ObjectAveragePricesRequest	type.ankama.com/com.ankama.dofus.server.game.protocol.exchange.ObjectAveragePricesRequest	C2S		refs/dofus-unity-protocol-builder/proto/game/exchange.proto:198
ExchangeMoneyMovementLimitEvent	com.ankama.dofus.server.game.protocol.exchange.ExchangeMoneyMovementLimitEvent	type.ankama.com/com.ankama.dofus.server.game.protocol.exchange.ExchangeMoneyMovementLimitEvent	S2C	1:int64:limit	refs/dofus-unity-protocol-builder/proto/game/exchange.proto:201
ExchangeCraftCountModifiedEvent	com.ankama.dofus.server.game.protocol.exchange.ExchangeCraftCountModifiedEvent	type.ankama.com/com.ankama.dofus.server.game.protocol.exchange.ExchangeCraftCountModifiedEvent	S2C	1:int32:count	refs/dofus-unity-protocol-builder/proto/game/exchange.proto:205
ExchangeObjectsAddedEvent	com.ankama.dofus.server.game.protocol.exchange.ExchangeObjectsAddedEvent	type.ankama.com/com.ankama.dofus.server.game.protocol.exchange.ExchangeObjectsAddedEvent	S2C	1:bool:remote;2:repeated .com.ankama.dofus.server.game.protocol.common.ObjectItemInventory:objects;3:int32:fm_power	refs/dofus-unity-protocol-builder/proto/game/exchange.proto:209
ExchangeObjectRemovedEvent	com.ankama.dofus.server.game.protocol.exchange.ExchangeObjectRemovedEvent	type.ankama.com/com.ankama.dofus.server.game.protocol.exchange.ExchangeObjectRemovedEvent	S2C	1:bool:remote;2:int32:object_uid	refs/dofus-unity-protocol-builder/proto/game/exchange.proto:215
ExchangeObjectsRemovedEvent	com.ankama.dofus.server.game.protocol.exchange.ExchangeObjectsRemovedEvent	type.ankama.com/com.ankama.dofus.server.game.protocol.exchange.ExchangeObjectsRemovedEvent	S2C	1:bool:remote;2:repeated int32:objects_uid	refs/dofus-unity-protocol-builder/proto/game/exchange.proto:220
ExchangeObjectsModifiedEvent	com.ankama.dofus.server.game.protocol.exchange.ExchangeObjectsModifiedEvent	type.ankama.com/com.ankama.dofus.server.game.protocol.exchange.ExchangeObjectsModifiedEvent	S2C	1:bool:remote;2:repeated .com.ankama.dofus.server.game.protocol.common.ObjectItemInventory:objects	refs/dofus-unity-protocol-builder/proto/game/exchange.proto:225
ExchangeObjectPutInBagEvent	com.ankama.dofus.server.game.protocol.exchange.ExchangeObjectPutInBagEvent	type.ankama.com/com.ankama.dofus.server.game.protocol.exchange.ExchangeObjectPutInBagEvent	S2C	1:bool:remote;2:.com.ankama.dofus.server.game.protocol.common.ObjectItemInventory:object	refs/dofus-unity-protocol-builder/proto/game/exchange.proto:230
ExchangeObjectRemovedFromBagEvent	com.ankama.dofus.server.game.protocol.exchange.ExchangeObjectRemovedFromBagEvent	type.ankama.com/com.ankama.dofus.server.game.protocol.exchange.ExchangeObjectRemovedFromBagEvent	S2C	1:bool:remote;2:int32:object_uid	refs/dofus-unity-protocol-builder/proto/game/exchange.proto:235
ExchangeObjectModifiedInBagEvent	com.ankama.dofus.server.game.protocol.exchange.ExchangeObjectModifiedInBagEvent	type.ankama.com/com.ankama.dofus.server.game.protocol.exchange.ExchangeObjectModifiedInBagEvent	S2C	1:bool:remote;2:.com.ankama.dofus.server.game.protocol.common.ObjectItemInventory:object	refs/dofus-unity-protocol-builder/proto/game/exchange.proto:240
ExchangeKamaModifiedEvent	com.ankama.dofus.server.game.protocol.exchange.ExchangeKamaModifiedEvent	type.ankama.com/com.ankama.dofus.server.game.protocol.exchange.ExchangeKamaModifiedEvent	S2C	1:bool:remote;2:int64:quantity	refs/dofus-unity-protocol-builder/proto/game/exchange.proto:245
ExchangePodsModifiedEvent	com.ankama.dofus.server.game.protocol.exchange.ExchangePodsModifiedEvent	type.ankama.com/com.ankama.dofus.server.game.protocol.exchange.ExchangePodsModifiedEvent	S2C	1:bool:remote;2:int32:current_weight;3:int32:max_weight	refs/dofus-unity-protocol-builder/proto/game/exchange.proto:250
ExchangeMultiCraftCrafterCanUseHisResourcesEvent	com.ankama.dofus.server.game.protocol.exchange.ExchangeMultiCraftCrafterCanUseHisResourcesEvent	type.ankama.com/com.ankama.dofus.server.game.protocol.exchange.ExchangeMultiCraftCrafterCanUseHisResourcesEvent	S2C	1:bool:allowed	refs/dofus-unity-protocol-builder/proto/game/exchange.proto:256
ExchangeRequestedTradeEvent	com.ankama.dofus.server.game.protocol.exchange.ExchangeRequestedTradeEvent	type.ankama.com/com.ankama.dofus.server.game.protocol.exchange.ExchangeRequestedTradeEvent	S2C	1:.com.ankama.dofus.server.game.protocol.common.ExchangeType:exchange_type;2:int64:source_id;3:int64:target_id	refs/dofus-unity-protocol-builder/proto/game/exchange.proto:260
ExchangeStartedEvent	com.ankama.dofus.server.game.protocol.exchange.ExchangeStartedEvent	type.ankama.com/com.ankama.dofus.server.game.protocol.exchange.ExchangeStartedEvent	S2C	1:.com.ankama.dofus.server.game.protocol.common.ExchangeType:exchange_type	refs/dofus-unity-protocol-builder/proto/game/exchange.proto:266
ExchangeStartedWithPodsEvent	com.ankama.dofus.server.game.protocol.exchange.ExchangeStartedWithPodsEvent	type.ankama.com/com.ankama.dofus.server.game.protocol.exchange.ExchangeStartedWithPodsEvent	S2C	1:.com.ankama.dofus.server.game.protocol.common.ExchangeType:exchange_type;2:int64:first_character_id;3:int32:first_character_current_weight;4:int32:first_character_max_weight;5:int64:second_character_id;6:int32:second_character_current_weight;7:int32:second_character_max_weight	refs/dofus-unity-protocol-builder/proto/game/exchange.proto:270
ExchangeStartedWithStorageEvent	com.ankama.dofus.server.game.protocol.exchange.ExchangeStartedWithStorageEvent	type.ankama.com/com.ankama.dofus.server.game.protocol.exchange.ExchangeStartedWithStorageEvent	S2C	1:.com.ankama.dofus.server.game.protocol.common.ExchangeType:exchange_type;2:int32:storage_max_slot	refs/dofus-unity-protocol-builder/proto/game/exchange.proto:280
ExchangeStartedWithMultiTabStorageEvent	com.ankama.dofus.server.game.protocol.exchange.ExchangeStartedWithMultiTabStorageEvent	type.ankama.com/com.ankama.dofus.server.game.protocol.exchange.ExchangeStartedWithMultiTabStorageEvent	S2C	1:.com.ankama.dofus.server.game.protocol.common.ExchangeType:exchange_type;2:int32:storage_max_slot;3:int32:tab_number	refs/dofus-unity-protocol-builder/proto/game/exchange.proto:285
ExchangeBidHouseBuyResultEvent	com.ankama.dofus.server.game.protocol.exchange.ExchangeBidHouseBuyResultEvent	type.ankama.com/com.ankama.dofus.server.game.protocol.exchange.ExchangeBidHouseBuyResultEvent	S2C	1:int32:object_uid;2:bool:bought	refs/dofus-unity-protocol-builder/proto/game/exchange.proto:291
ExchangeBidHouseItemAddedEvent	com.ankama.dofus.server.game.protocol.exchange.ExchangeBidHouseItemAddedEvent	type.ankama.com/com.ankama.dofus.server.game.protocol.exchange.ExchangeBidHouseItemAddedEvent	S2C	1:.com.ankama.dofus.server.game.protocol.common.ObjectItem:item;2:int64:price;3:int64:unsold_delay	refs/dofus-unity-protocol-builder/proto/game/exchange.proto:296
ExchangeBidHouseItemRemovedEvent	com.ankama.dofus.server.game.protocol.exchange.ExchangeBidHouseItemRemovedEvent	type.ankama.com/com.ankama.dofus.server.game.protocol.exchange.ExchangeBidHouseItemRemovedEvent	S2C	1:int32:sell_id	refs/dofus-unity-protocol-builder/proto/game/exchange.proto:302
ExchangeBidHouseGenericItemAddedEvent	com.ankama.dofus.server.game.protocol.exchange.ExchangeBidHouseGenericItemAddedEvent	type.ankama.com/com.ankama.dofus.server.game.protocol.exchange.ExchangeBidHouseGenericItemAddedEvent	S2C	1:int32:object_gid	refs/dofus-unity-protocol-builder/proto/game/exchange.proto:306
ExchangeBidHouseGenericItemRemovedEvent	com.ankama.dofus.server.game.protocol.exchange.ExchangeBidHouseGenericItemRemovedEvent	type.ankama.com/com.ankama.dofus.server.game.protocol.exchange.ExchangeBidHouseGenericItemRemovedEvent	S2C	1:int32:object_gid	refs/dofus-unity-protocol-builder/proto/game/exchange.proto:310
ExchangeBidHouseInListAddedEvent	com.ankama.dofus.server.game.protocol.exchange.ExchangeBidHouseInListAddedEvent	type.ankama.com/com.ankama.dofus.server.game.protocol.exchange.ExchangeBidHouseInListAddedEvent	S2C	1:int32:object_uid;2:int32:object_gid;3:int32:object_type;4:repeated .com.ankama.dofus.server.game.protocol.common.ObjectEffect:effects;5:repeated int64:prices	refs/dofus-unity-protocol-builder/proto/game/exchange.proto:314
ExchangeBidHouseInListUpdatedEvent	com.ankama.dofus.server.game.protocol.exchange.ExchangeBidHouseInListUpdatedEvent	type.ankama.com/com.ankama.dofus.server.game.protocol.exchange.ExchangeBidHouseInListUpdatedEvent	S2C	1:int32:object_uid;2:int32:object_gid;3:int32:object_type;4:repeated .com.ankama.dofus.server.game.protocol.common.ObjectEffect:effects;5:repeated int64:prices	refs/dofus-unity-protocol-builder/proto/game/exchange.proto:322
ExchangeBidHouseInListRemovedEvent	com.ankama.dofus.server.game.protocol.exchange.ExchangeBidHouseInListRemovedEvent	type.ankama.com/com.ankama.dofus.server.game.protocol.exchange.ExchangeBidHouseInListRemovedEvent	S2C	1:int32:object_uid;2:int32:object_gid;3:int32:object_type	refs/dofus-unity-protocol-builder/proto/game/exchange.proto:330
ExchangeBidHouseUnsoldItemsEvent	com.ankama.dofus.server.game.protocol.exchange.ExchangeBidHouseUnsoldItemsEvent	type.ankama.com/com.ankama.dofus.server.game.protocol.exchange.ExchangeBidHouseUnsoldItemsEvent	S2C	1:repeated .com.ankama.dofus.server.game.protocol.common.ObjectGidWithQuantity:objects	refs/dofus-unity-protocol-builder/proto/game/exchange.proto:336
ExchangeBidHouseOfflineSoldItemsEvent	com.ankama.dofus.server.game.protocol.exchange.ExchangeBidHouseOfflineSoldItemsEvent	type.ankama.com/com.ankama.dofus.server.game.protocol.exchange.ExchangeBidHouseOfflineSoldItemsEvent	S2C	1:repeated .com.ankama.dofus.server.game.protocol.common.ObjectGidWithQuantity:bid_house_items	refs/dofus-unity-protocol-builder/proto/game/exchange.proto:340
ExchangeReadyEvent	com.ankama.dofus.server.game.protocol.exchange.ExchangeReadyEvent	type.ankama.com/com.ankama.dofus.server.game.protocol.exchange.ExchangeReadyEvent	S2C	1:int64:character_id;2:bool:ready	refs/dofus-unity-protocol-builder/proto/game/exchange.proto:344
ExchangeStoppedEvent	com.ankama.dofus.server.game.protocol.exchange.ExchangeStoppedEvent	type.ankama.com/com.ankama.dofus.server.game.protocol.exchange.ExchangeStoppedEvent	S2C	1:int64:character_id	refs/dofus-unity-protocol-builder/proto/game/exchange.proto:349
ExchangeErrorEvent	com.ankama.dofus.server.game.protocol.exchange.ExchangeErrorEvent	type.ankama.com/com.ankama.dofus.server.game.protocol.exchange.ExchangeErrorEvent	S2C	1:.com.ankama.dofus.server.game.protocol.exchange.ExchangeErrorEvent.ExchangeError:error_type	refs/dofus-unity-protocol-builder/proto/game/exchange.proto:353
ExchangeLeaveEvent	com.ankama.dofus.server.game.protocol.exchange.ExchangeLeaveEvent	type.ankama.com/com.ankama.dofus.server.game.protocol.exchange.ExchangeLeaveEvent	S2C	1:.com.ankama.dofus.server.game.protocol.common.DialogType:dialog_type;2:bool:success	refs/dofus-unity-protocol-builder/proto/game/exchange.proto:371
ExchangeTaxCollectorEquipmentStartedEvent	com.ankama.dofus.server.game.protocol.exchange.ExchangeTaxCollectorEquipmentStartedEvent	type.ankama.com/com.ankama.dofus.server.game.protocol.exchange.ExchangeTaxCollectorEquipmentStartedEvent	S2C	1:.com.ankama.dofus.server.game.protocol.common.TaxCollectorInformation:tax_collector_information	refs/dofus-unity-protocol-builder/proto/game/exchange.proto:376
ExchangeNpcTradeStartedEvent	com.ankama.dofus.server.game.protocol.exchange.ExchangeNpcTradeStartedEvent	type.ankama.com/com.ankama.dofus.server.game.protocol.exchange.ExchangeNpcTradeStartedEvent	S2C	1:int64:npc_id	refs/dofus-unity-protocol-builder/proto/game/exchange.proto:380
ExchangeRunesTradeStartedEvent	com.ankama.dofus.server.game.protocol.exchange.ExchangeRunesTradeStartedEvent	type.ankama.com/com.ankama.dofus.server.game.protocol.exchange.ExchangeRunesTradeStartedEvent	S2C		refs/dofus-unity-protocol-builder/proto/game/exchange.proto:384
ExchangeRecycleTradeStartedEvent	com.ankama.dofus.server.game.protocol.exchange.ExchangeRecycleTradeStartedEvent	type.ankama.com/com.ankama.dofus.server.game.protocol.exchange.ExchangeRecycleTradeStartedEvent	S2C	1:int32:percent_to_prism;2:int32:percent_to_player;3:repeated int32:adjacent_subareas_possessed;4:repeated int32:adjacent_subareas_not_possessed	refs/dofus-unity-protocol-builder/proto/game/exchange.proto:387
ExchangeNpcShopStartedEvent	com.ankama.dofus.server.game.protocol.exchange.ExchangeNpcShopStartedEvent	type.ankama.com/com.ankama.dofus.server.game.protocol.exchange.ExchangeNpcShopStartedEvent	S2C	1:int64:npc_seller_id;2:int32:token_id;3:repeated .com.ankama.dofus.server.game.protocol.common.ItemMinimalInformation:objects	refs/dofus-unity-protocol-builder/proto/game/exchange.proto:394
ExchangeMultiCraftOkEvent	com.ankama.dofus.server.game.protocol.exchange.ExchangeMultiCraftOkEvent	type.ankama.com/com.ankama.dofus.server.game.protocol.exchange.ExchangeMultiCraftOkEvent	S2C	1:int64:initiator_id;2:int64:other_id;3:.com.ankama.dofus.server.game.protocol.common.ExchangeType:role	refs/dofus-unity-protocol-builder/proto/game/exchange.proto:400
ExchangeCraftResultEvent	com.ankama.dofus.server.game.protocol.exchange.ExchangeCraftResultEvent	type.ankama.com/com.ankama.dofus.server.game.protocol.exchange.ExchangeCraftResultEvent	S2C	1:.com.ankama.dofus.server.game.protocol.exchange.ExchangeCraftResultEvent.CraftResult:result;2:int32:object_gid;3:.com.ankama.dofus.server.game.protocol.exchange.ExchangeCraftResultEvent.ExchangeCraftResultWithObjectDescription:object	refs/dofus-unity-protocol-builder/proto/game/exchange.proto:406
ExchangeCraftResultWithObjectDescription	com.ankama.dofus.server.game.protocol.exchange.ExchangeCraftResultEvent+ExchangeCraftResultWithObjectDescription	type.ankama.com/com.ankama.dofus.server.game.protocol.exchange.ExchangeCraftResultEvent.ExchangeCraftResultWithObjectDescription		1:.com.ankama.dofus.server.game.protocol.common.ObjectItem:object;3:int32:fm_power;2:.com.ankama.dofus.server.game.protocol.exchange.ExchangeCraftResultEvent.ExchangeCraftResultWithObjectDescription.MagicPoolStatus:magic_pool_status	refs/dofus-unity-protocol-builder/proto/game/exchange.proto:412
ExchangeMountStockStartedEvent	com.ankama.dofus.server.game.protocol.exchange.ExchangeMountStockStartedEvent	type.ankama.com/com.ankama.dofus.server.game.protocol.exchange.ExchangeMountStockStartedEvent	S2C	1:repeated .com.ankama.dofus.server.game.protocol.common.ObjectItemInventory:objects	refs/dofus-unity-protocol-builder/proto/game/exchange.proto:434
ExchangeTaxCollectorShopStartedEvent	com.ankama.dofus.server.game.protocol.exchange.ExchangeTaxCollectorShopStartedEvent	type.ankama.com/com.ankama.dofus.server.game.protocol.exchange.ExchangeTaxCollectorShopStartedEvent	S2C	1:repeated .com.ankama.dofus.server.game.protocol.common.ObjectItemInventory:objects;2:int64:kamas	refs/dofus-unity-protocol-builder/proto/game/exchange.proto:438
ExchangeBidSellerStartedEvent	com.ankama.dofus.server.game.protocol.exchange.ExchangeBidSellerStartedEvent	type.ankama.com/com.ankama.dofus.server.game.protocol.exchange.ExchangeBidSellerStartedEvent	S2C	1:.com.ankama.dofus.server.game.protocol.exchange.SellingConditions:selling_conditions;2:repeated .com.ankama.dofus.server.game.protocol.exchange.ExchangeBidSellerStartedEvent.ObjectItemToSelInBid:objects	refs/dofus-unity-protocol-builder/proto/game/exchange.proto:443
ObjectItemToSelInBid	com.ankama.dofus.server.game.protocol.exchange.ExchangeBidSellerStartedEvent+ObjectItemToSelInBid	type.ankama.com/com.ankama.dofus.server.game.protocol.exchange.ExchangeBidSellerStartedEvent.ObjectItemToSelInBid		1:.com.ankama.dofus.server.game.protocol.common.ObjectItem:object;2:int64:price;3:int32:unsold_delay	refs/dofus-unity-protocol-builder/proto/game/exchange.proto:446
ExchangeBidBuyerStartedEvent	com.ankama.dofus.server.game.protocol.exchange.ExchangeBidBuyerStartedEvent	type.ankama.com/com.ankama.dofus.server.game.protocol.exchange.ExchangeBidBuyerStartedEvent	S2C	1:.com.ankama.dofus.server.game.protocol.exchange.SellingConditions:selling_conditions	refs/dofus-unity-protocol-builder/proto/game/exchange.proto:454
ExchangeBidPriceEvent	com.ankama.dofus.server.game.protocol.exchange.ExchangeBidPriceEvent	type.ankama.com/com.ankama.dofus.server.game.protocol.exchange.ExchangeBidPriceEvent	S2C	1:int32:object_gid;2:int64:average_price;3:.com.ankama.dofus.server.game.protocol.exchange.ExchangeBidPriceEvent.BidPriceForSeller:bid_price_for_seller	refs/dofus-unity-protocol-builder/proto/game/exchange.proto:458
BidPriceForSeller	com.ankama.dofus.server.game.protocol.exchange.ExchangeBidPriceEvent+BidPriceForSeller	type.ankama.com/com.ankama.dofus.server.game.protocol.exchange.ExchangeBidPriceEvent.BidPriceForSeller		1:bool:all_identical;2:repeated int64:minimal_prices	refs/dofus-unity-protocol-builder/proto/game/exchange.proto:462
ExchangeTypesExchangerDescriptionForUserEvent	com.ankama.dofus.server.game.protocol.exchange.ExchangeTypesExchangerDescriptionForUserEvent	type.ankama.com/com.ankama.dofus.server.game.protocol.exchange.ExchangeTypesExchangerDescriptionForUserEvent	S2C	1:int32:object_type;2:repeated int32:type_description	refs/dofus-unity-protocol-builder/proto/game/exchange.proto:469
ExchangeTypesItemsExchangerDescriptionForUserEvent	com.ankama.dofus.server.game.protocol.exchange.ExchangeTypesItemsExchangerDescriptionForUserEvent	type.ankama.com/com.ankama.dofus.server.game.protocol.exchange.ExchangeTypesItemsExchangerDescriptionForUserEvent	S2C	1:int32:object_gid;2:int32:object_type;3:repeated .com.ankama.dofus.server.game.protocol.exchange.ExchangeTypesItemsExchangerDescriptionForUserEvent.BidExchangerObject:item_descriptions	refs/dofus-unity-protocol-builder/proto/game/exchange.proto:474
BidExchangerObject	com.ankama.dofus.server.game.protocol.exchange.ExchangeTypesItemsExchangerDescriptionForUserEvent+BidExchangerObject	type.ankama.com/com.ankama.dofus.server.game.protocol.exchange.ExchangeTypesItemsExchangerDescriptionForUserEvent.BidExchangerObject		1:int32:object_uid;2:int32:object_gid;3:int32:object_type;4:repeated .com.ankama.dofus.server.game.protocol.common.ObjectEffect:effects;5:repeated int64:prices	refs/dofus-unity-protocol-builder/proto/game/exchange.proto:478
ExchangeWeightEvent	com.ankama.dofus.server.game.protocol.exchange.ExchangeWeightEvent	type.ankama.com/com.ankama.dofus.server.game.protocol.exchange.ExchangeWeightEvent	S2C	1:int32:current_weight;2:int32:max_weight	refs/dofus-unity-protocol-builder/proto/game/exchange.proto:488
ExchangeTaxCollectorGetEvent	com.ankama.dofus.server.game.protocol.exchange.ExchangeTaxCollectorGetEvent	type.ankama.com/com.ankama.dofus.server.game.protocol.exchange.ExchangeTaxCollectorGetEvent	S2C	1:string:collector_name;2:.com.ankama.dofus.server.game.protocol.common.MapExtendedCoordinates:coordinates;3:string:user_name;4:int64:caller_id;5:string:caller_name;6:int32:pods;7:repeated .com.ankama.dofus.server.game.protocol.common.ObjectGidWithQuantity:objects;8:.com.ankama.dofus.server.game.protocol.common.EntityLook:look	refs/dofus-unity-protocol-builder/proto/game/exchange.proto:493
ExchangeBoughtEvent	com.ankama.dofus.server.game.protocol.exchange.ExchangeBoughtEvent	type.ankama.com/com.ankama.dofus.server.game.protocol.exchange.ExchangeBoughtEvent	S2C		refs/dofus-unity-protocol-builder/proto/game/exchange.proto:504
ExchangeSoldEvent	com.ankama.dofus.server.game.protocol.exchange.ExchangeSoldEvent	type.ankama.com/com.ankama.dofus.server.game.protocol.exchange.ExchangeSoldEvent	S2C		refs/dofus-unity-protocol-builder/proto/game/exchange.proto:507
ExchangeMountWithoutPaddockStartedEvent	com.ankama.dofus.server.game.protocol.exchange.ExchangeMountWithoutPaddockStartedEvent	type.ankama.com/com.ankama.dofus.server.game.protocol.exchange.ExchangeMountWithoutPaddockStartedEvent	S2C	1:repeated .com.ankama.dofus.server.game.protocol.common.MountData:stabled_mounts;2:repeated .com.ankama.dofus.server.game.protocol.common.MountData:paddocked_mounts	refs/dofus-unity-protocol-builder/proto/game/exchange.proto:510
ExchangeMountsStableAddedEvent	com.ankama.dofus.server.game.protocol.exchange.ExchangeMountsStableAddedEvent	type.ankama.com/com.ankama.dofus.server.game.protocol.exchange.ExchangeMountsStableAddedEvent	S2C	1:repeated .com.ankama.dofus.server.game.protocol.common.MountData:mounts;2:bool:new_born	refs/dofus-unity-protocol-builder/proto/game/exchange.proto:515
ExchangeMountsPaddockAddedEvent	com.ankama.dofus.server.game.protocol.exchange.ExchangeMountsPaddockAddedEvent	type.ankama.com/com.ankama.dofus.server.game.protocol.exchange.ExchangeMountsPaddockAddedEvent	S2C	1:repeated .com.ankama.dofus.server.game.protocol.common.MountData:mounts	refs/dofus-unity-protocol-builder/proto/game/exchange.proto:520
ExchangeMountsStableRemoveEvent	com.ankama.dofus.server.game.protocol.exchange.ExchangeMountsStableRemoveEvent	type.ankama.com/com.ankama.dofus.server.game.protocol.exchange.ExchangeMountsStableRemoveEvent	S2C	1:repeated int32:mounts_id	refs/dofus-unity-protocol-builder/proto/game/exchange.proto:524
ExchangeMountsPaddockRemoveEvent	com.ankama.dofus.server.game.protocol.exchange.ExchangeMountsPaddockRemoveEvent	type.ankama.com/com.ankama.dofus.server.game.protocol.exchange.ExchangeMountsPaddockRemoveEvent	S2C	1:repeated int32:mounts_id	refs/dofus-unity-protocol-builder/proto/game/exchange.proto:528
ExchangeMountFreeFromPaddockEvent	com.ankama.dofus.server.game.protocol.exchange.ExchangeMountFreeFromPaddockEvent	type.ankama.com/com.ankama.dofus.server.game.protocol.exchange.ExchangeMountFreeFromPaddockEvent	S2C	1:string:name;2:.com.ankama.dofus.server.game.protocol.common.MapCoordinates:coordinates;3:string:liberator	refs/dofus-unity-protocol-builder/proto/game/exchange.proto:532
ExchangeItemAutoCraftStoppedEvent	com.ankama.dofus.server.game.protocol.exchange.ExchangeItemAutoCraftStoppedEvent	type.ankama.com/com.ankama.dofus.server.game.protocol.exchange.ExchangeItemAutoCraftStoppedEvent	S2C	1:.com.ankama.dofus.server.game.protocol.exchange.ExchangeItemAutoCraftStoppedEvent.ExchangeReplayStopReason:reason	refs/dofus-unity-protocol-builder/proto/game/exchange.proto:538
ExchangeCraftStartedEvent	com.ankama.dofus.server.game.protocol.exchange.ExchangeCraftStartedEvent	type.ankama.com/com.ankama.dofus.server.game.protocol.exchange.ExchangeCraftStartedEvent	S2C	1:int32:skill_id	refs/dofus-unity-protocol-builder/proto/game/exchange.proto:549
ExchangeMultiCraftCrafterStartedEvent	com.ankama.dofus.server.game.protocol.exchange.ExchangeMultiCraftCrafterStartedEvent	type.ankama.com/com.ankama.dofus.server.game.protocol.exchange.ExchangeMultiCraftCrafterStartedEvent	S2C	1:int32:skill_id	refs/dofus-unity-protocol-builder/proto/game/exchange.proto:553
ExchangeMultiCraftCustomerStartedEvent	com.ankama.dofus.server.game.protocol.exchange.ExchangeMultiCraftCustomerStartedEvent	type.ankama.com/com.ankama.dofus.server.game.protocol.exchange.ExchangeMultiCraftCustomerStartedEvent	S2C	1:int32:skill_id;2:int32:crafter_job_level	refs/dofus-unity-protocol-builder/proto/game/exchange.proto:557
ExchangeCrafterJobLevelUpEvent	com.ankama.dofus.server.game.protocol.exchange.ExchangeCrafterJobLevelUpEvent	type.ankama.com/com.ankama.dofus.server.game.protocol.exchange.ExchangeCrafterJobLevelUpEvent	S2C	1:int32:crafter_job_level	refs/dofus-unity-protocol-builder/proto/game/exchange.proto:562
ExchangeJobIndexStartedEvent	com.ankama.dofus.server.game.protocol.exchange.ExchangeJobIndexStartedEvent	type.ankama.com/com.ankama.dofus.server.game.protocol.exchange.ExchangeJobIndexStartedEvent	S2C	1:repeated int32:jobs	refs/dofus-unity-protocol-builder/proto/game/exchange.proto:566
ExchangeCraftPaymentModifiedEvent	com.ankama.dofus.server.game.protocol.exchange.ExchangeCraftPaymentModifiedEvent	type.ankama.com/com.ankama.dofus.server.game.protocol.exchange.ExchangeCraftPaymentModifiedEvent	S2C	1:int64:kamas	refs/dofus-unity-protocol-builder/proto/game/exchange.proto:570
SellingConditions	com.ankama.dofus.server.game.protocol.exchange.SellingConditions	type.ankama.com/com.ankama.dofus.server.game.protocol.exchange.SellingConditions		1:repeated int32:quantities;2:repeated int32:types;3:float:tax_percentage;4:float:tax_modification_percentage;5:int32:max_item_level;6:int32:max_item_per_account;7:int32:npc_contextual_id;8:int32:unsold_delay	refs/dofus-unity-protocol-builder/proto/game/exchange.proto:574
ObjectAveragePricesErrorEvent	com.ankama.dofus.server.game.protocol.exchange.ObjectAveragePricesErrorEvent	type.ankama.com/com.ankama.dofus.server.game.protocol.exchange.ObjectAveragePricesErrorEvent	S2C		refs/dofus-unity-protocol-builder/proto/game/exchange.proto:585
ObjectAveragePricesEvent	com.ankama.dofus.server.game.protocol.exchange.ObjectAveragePricesEvent	type.ankama.com/com.ankama.dofus.server.game.protocol.exchange.ObjectAveragePricesEvent	S2C	1:repeated .com.ankama.dofus.server.game.protocol.exchange.ObjectAveragePricesEvent.ObjectAveragePrice:objects_average_prices	refs/dofus-unity-protocol-builder/proto/game/exchange.proto:588
ObjectAveragePrice	com.ankama.dofus.server.game.protocol.exchange.ObjectAveragePricesEvent+ObjectAveragePrice	type.ankama.com/com.ankama.dofus.server.game.protocol.exchange.ObjectAveragePricesEvent.ObjectAveragePrice		1:int32:object_gid;2:int64:average_price	refs/dofus-unity-protocol-builder/proto/game/exchange.proto:590
RecycleResultEvent	com.ankama.dofus.server.game.protocol.exchange.RecycleResultEvent	type.ankama.com/com.ankama.dofus.server.game.protocol.exchange.RecycleResultEvent	S2C	1:int32:prism_nuggets;2:int32:player_nuggets	refs/dofus-unity-protocol-builder/proto/game/exchange.proto:597
DecraftResultEvent	com.ankama.dofus.server.game.protocol.exchange.DecraftResultEvent	type.ankama.com/com.ankama.dofus.server.game.protocol.exchange.DecraftResultEvent	S2C	1:repeated .com.ankama.dofus.server.game.protocol.exchange.DecraftResultEvent.DecraftedItem:results	refs/dofus-unity-protocol-builder/proto/game/exchange.proto:602
DecraftedItem	com.ankama.dofus.server.game.protocol.exchange.DecraftResultEvent+DecraftedItem	type.ankama.com/com.ankama.dofus.server.game.protocol.exchange.DecraftResultEvent.DecraftedItem		1:int32:object_uid;2:float:bonus_min;3:float:bonus_max;4:repeated .com.ankama.dofus.server.game.protocol.exchange.DecraftResultEvent.DecraftedItem.Rune:runes	refs/dofus-unity-protocol-builder/proto/game/exchange.proto:604
Rune	com.ankama.dofus.server.game.protocol.exchange.DecraftResultEvent+DecraftedItem+Rune	type.ankama.com/com.ankama.dofus.server.game.protocol.exchange.DecraftResultEvent.DecraftedItem.Rune		1:int32:rune_id;2:int32:quantity	refs/dofus-unity-protocol-builder/proto/game/exchange.proto:609
FightTurnReadyRequest	com.ankama.dofus.server.game.protocol.fight.FightTurnReadyRequest	type.ankama.com/com.ankama.dofus.server.game.protocol.fight.FightTurnReadyRequest	C2S	1:bool:is_ready	refs/dofus-unity-protocol-builder/proto/game/fight.proto:9
FightTurnFinishRequest	com.ankama.dofus.server.game.protocol.fight.FightTurnFinishRequest	type.ankama.com/com.ankama.dofus.server.game.protocol.fight.FightTurnFinishRequest	C2S	1:bool:is_afk	refs/dofus-unity-protocol-builder/proto/game/fight.proto:13
FightJoinRunningEvent	com.ankama.dofus.server.game.protocol.fight.FightJoinRunningEvent	type.ankama.com/com.ankama.dofus.server.game.protocol.fight.FightJoinRunningEvent	S2C	1:repeated .com.ankama.dofus.server.game.protocol.common.FightRemovableEffectExtendedInformation:effects;2:repeated .com.ankama.dofus.server.game.protocol.common.FightMark:marks;3:int32:game_turn;4:int32:fight_start;5:repeated .com.ankama.dofus.server.game.protocol.common.FightEffectTriggerCount:fx_trigger_counts;6:.com.ankama.dofus.server.game.protocol.fight.FightResume:resume	refs/dofus-unity-protocol-builder/proto/game/fight.proto:17
FightEndEvent	com.ankama.dofus.server.game.protocol.fight.FightEndEvent	type.ankama.com/com.ankama.dofus.server.game.protocol.fight.FightEndEvent	S2C	1:int32:duration;2:int32:reward_rate;3:int32:loot_share_limit_malus;4:repeated .com.ankama.dofus.server.game.protocol.common.FightResultListEntry:results;5:repeated .com.ankama.dofus.server.game.protocol.common.NamedPartyTeamWithOutcome:named_party_teams_outcomes;6:int32:budget	refs/dofus-unity-protocol-builder/proto/game/fight.proto:26
FightStatisticsEvent	com.ankama.dofus.server.game.protocol.fight.FightStatisticsEvent	type.ankama.com/com.ankama.dofus.server.game.protocol.fight.FightStatisticsEvent	S2C	1:int32:damage_done;2:int32:damage_taken;3:int32:blocked_damage;4:int32:applied_shield;5:int32:heal_done;6:int32:heal_taken;7:int32:kill_count	refs/dofus-unity-protocol-builder/proto/game/fight.proto:35
FightNewRoundEvent	com.ankama.dofus.server.game.protocol.fight.FightNewRoundEvent	type.ankama.com/com.ankama.dofus.server.game.protocol.fight.FightNewRoundEvent	S2C	1:int32:round_number	refs/dofus-unity-protocol-builder/proto/game/fight.proto:45
FightTurnListEvent	com.ankama.dofus.server.game.protocol.fight.FightTurnListEvent	type.ankama.com/com.ankama.dofus.server.game.protocol.fight.FightTurnListEvent	S2C	1:repeated int64:ids;2:repeated int64:slain	refs/dofus-unity-protocol-builder/proto/game/fight.proto:49
FightTurnEvent	com.ankama.dofus.server.game.protocol.fight.FightTurnEvent	type.ankama.com/com.ankama.dofus.server.game.protocol.fight.FightTurnEvent	S2C	1:int64:character_id;2:int32:wait_time;3:int32:remaining_time	refs/dofus-unity-protocol-builder/proto/game/fight.proto:54
FightNewWaveEvent	com.ankama.dofus.server.game.protocol.fight.FightNewWaveEvent	type.ankama.com/com.ankama.dofus.server.game.protocol.fight.FightNewWaveEvent	S2C	1:int32:wave_id;2:.com.ankama.dofus.server.game.protocol.common.Team:team;3:int32:turn_left_before_next_wave	refs/dofus-unity-protocol-builder/proto/game/fight.proto:60
FightTurnStartPlayingEvent	com.ankama.dofus.server.game.protocol.fight.FightTurnStartPlayingEvent	type.ankama.com/com.ankama.dofus.server.game.protocol.fight.FightTurnStartPlayingEvent	S2C		refs/dofus-unity-protocol-builder/proto/game/fight.proto:66
FightPauseEvent	com.ankama.dofus.server.game.protocol.fight.FightPauseEvent	type.ankama.com/com.ankama.dofus.server.game.protocol.fight.FightPauseEvent	S2C	1:bool:is_paused	refs/dofus-unity-protocol-builder/proto/game/fight.proto:69
FightSlaveSwitchContextEvent	com.ankama.dofus.server.game.protocol.fight.FightSlaveSwitchContextEvent	type.ankama.com/com.ankama.dofus.server.game.protocol.fight.FightSlaveSwitchContextEvent	S2C	1:int64:master_id;2:int64:slave_id;3:int32:slave_turn;4:repeated .com.ankama.dofus.server.game.protocol.common.SpellItem:slave_spells;5:.com.ankama.dofus.server.game.protocol.common.CharacterCharacteristics:slave_stats;6:repeated .com.ankama.dofus.server.game.protocol.common.Shortcut:shortcuts	refs/dofus-unity-protocol-builder/proto/game/fight.proto:73
FightSlaveNoLongerControlledEvent	com.ankama.dofus.server.game.protocol.fight.FightSlaveNoLongerControlledEvent	type.ankama.com/com.ankama.dofus.server.game.protocol.fight.FightSlaveNoLongerControlledEvent	S2C	1:int64:master_id;2:int64:slave_id	refs/dofus-unity-protocol-builder/proto/game/fight.proto:82
FightRefreshCharacterStatsEvent	com.ankama.dofus.server.game.protocol.fight.FightRefreshCharacterStatsEvent	type.ankama.com/com.ankama.dofus.server.game.protocol.fight.FightRefreshCharacterStatsEvent	S2C	1:int64:fighter_id;2:.com.ankama.dofus.server.game.protocol.common.FightCharacteristics:stats	refs/dofus-unity-protocol-builder/proto/game/fight.proto:87
FightIsTurnReadyEvent	com.ankama.dofus.server.game.protocol.fight.FightIsTurnReadyEvent	type.ankama.com/com.ankama.dofus.server.game.protocol.fight.FightIsTurnReadyEvent	S2C	1:int64:character_id	refs/dofus-unity-protocol-builder/proto/game/fight.proto:92
FightSynchronizeEvent	com.ankama.dofus.server.game.protocol.fight.FightSynchronizeEvent	type.ankama.com/com.ankama.dofus.server.game.protocol.fight.FightSynchronizeEvent	S2C	1:repeated .com.ankama.dofus.server.game.protocol.common.ActorPositionInformation:fighters	refs/dofus-unity-protocol-builder/proto/game/fight.proto:96
FightTurnEndEvent	com.ankama.dofus.server.game.protocol.fight.FightTurnEndEvent	type.ankama.com/com.ankama.dofus.server.game.protocol.fight.FightTurnEndEvent	S2C	1:int64:character_id	refs/dofus-unity-protocol-builder/proto/game/fight.proto:100
FightFighterShowEvent	com.ankama.dofus.server.game.protocol.fight.FightFighterShowEvent	type.ankama.com/com.ankama.dofus.server.game.protocol.fight.FightFighterShowEvent	S2C	1:.com.ankama.dofus.server.game.protocol.common.ActorPositionInformation:information;2:bool:static_pose	refs/dofus-unity-protocol-builder/proto/game/fight.proto:104
FightFighterRefreshEvent	com.ankama.dofus.server.game.protocol.fight.FightFighterRefreshEvent	type.ankama.com/com.ankama.dofus.server.game.protocol.fight.FightFighterRefreshEvent	S2C	1:.com.ankama.dofus.server.game.protocol.common.ActorPositionInformation:information	refs/dofus-unity-protocol-builder/proto/game/fight.proto:109
FightChallengeJoinRefuseEvent	com.ankama.dofus.server.game.protocol.fight.FightChallengeJoinRefuseEvent	type.ankama.com/com.ankama.dofus.server.game.protocol.fight.FightChallengeJoinRefuseEvent	S2C	1:int64:player_id;2:.com.ankama.dofus.server.game.protocol.fight.FightChallengeJoinRefuseEvent.FighterRefusedReason:reason	refs/dofus-unity-protocol-builder/proto/game/fight.proto:113
FightResume	com.ankama.dofus.server.game.protocol.fight.FightResume	type.ankama.com/com.ankama.dofus.server.game.protocol.fight.FightResume		1:repeated .com.ankama.dofus.server.game.protocol.common.FightSpellCoolDown:spells_cool_down;2:int32:summon_count;3:int32:bomb_count;4:repeated .com.ankama.dofus.server.game.protocol.common.FightResumeSlaves:slaves_information	refs/dofus-unity-protocol-builder/proto/game/fight.proto:145
FightMapInformationResponse	com.ankama.dofus.server.game.protocol.fight.FightMapInformationResponse	type.ankama.com/com.ankama.dofus.server.game.protocol.fight.FightMapInformationResponse	S2C	1:int64:map_id;2:int64:fight_map_id;3:.com.ankama.dofus.server.game.protocol.common.FightStartingPositions:fight_start_positions	refs/dofus-unity-protocol-builder/proto/game/fight.proto:152
FightJoinRequest	com.ankama.dofus.server.game.protocol.fight.preparation.FightJoinRequest	type.ankama.com/com.ankama.dofus.server.game.protocol.fight.preparation.FightJoinRequest	C2S	1:int64:fighter_id;2:int32:fight_id	refs/dofus-unity-protocol-builder/proto/game/fight_preparation.proto:9
FightSpectatePlayerRequest	com.ankama.dofus.server.game.protocol.fight.preparation.FightSpectatePlayerRequest	type.ankama.com/com.ankama.dofus.server.game.protocol.fight.preparation.FightSpectatePlayerRequest	C2S	1:int64:player_id	refs/dofus-unity-protocol-builder/proto/game/fight_preparation.proto:14
FightPlacementPositionRequest	com.ankama.dofus.server.game.protocol.fight.preparation.FightPlacementPositionRequest	type.ankama.com/com.ankama.dofus.server.game.protocol.fight.preparation.FightPlacementPositionRequest	C2S	1:int32:cell_id;2:int64:entity_id	refs/dofus-unity-protocol-builder/proto/game/fight_preparation.proto:18
FightPlacementSwapPositionsCancelRequest	com.ankama.dofus.server.game.protocol.fight.preparation.FightPlacementSwapPositionsCancelRequest	type.ankama.com/com.ankama.dofus.server.game.protocol.fight.preparation.FightPlacementSwapPositionsCancelRequest	C2S	1:int32:request_id	refs/dofus-unity-protocol-builder/proto/game/fight_preparation.proto:23
FightPlacementSwapPositionsAcceptRequest	com.ankama.dofus.server.game.protocol.fight.preparation.FightPlacementSwapPositionsAcceptRequest	type.ankama.com/com.ankama.dofus.server.game.protocol.fight.preparation.FightPlacementSwapPositionsAcceptRequest	C2S	1:int32:request_id	refs/dofus-unity-protocol-builder/proto/game/fight_preparation.proto:27
FightOptionToggleRequest	com.ankama.dofus.server.game.protocol.fight.preparation.FightOptionToggleRequest	type.ankama.com/com.ankama.dofus.server.game.protocol.fight.preparation.FightOptionToggleRequest	C2S	1:.com.ankama.dofus.server.game.protocol.common.FightOption:option	refs/dofus-unity-protocol-builder/proto/game/fight_preparation.proto:31
FightReadyRequest	com.ankama.dofus.server.game.protocol.fight.preparation.FightReadyRequest	type.ankama.com/com.ankama.dofus.server.game.protocol.fight.preparation.FightReadyRequest	C2S	1:bool:is_ready	refs/dofus-unity-protocol-builder/proto/game/fight_preparation.proto:35
FightStartingEvent	com.ankama.dofus.server.game.protocol.fight.preparation.FightStartingEvent	type.ankama.com/com.ankama.dofus.server.game.protocol.fight.preparation.FightStartingEvent	S2C	1:.com.ankama.dofus.server.game.protocol.common.FightType:fight_type;2:int32:fight_id;3:int64:attacker_id;4:int64:defender_id;5:bool:contain_boss;6:repeated int32:monsters	refs/dofus-unity-protocol-builder/proto/game/fight_preparation.proto:39
FightJoinEvent	com.ankama.dofus.server.game.protocol.fight.preparation.FightJoinEvent	type.ankama.com/com.ankama.dofus.server.game.protocol.fight.preparation.FightJoinEvent	S2C	1:bool:is_team_phase;2:bool:can_be_cancelled;3:bool:can_say_ready;4:bool:is_fight_started;5:int64:time_max_before_fight_start;6:.com.ankama.dofus.server.game.protocol.common.FightType:fight_type	refs/dofus-unity-protocol-builder/proto/game/fight_preparation.proto:48
FightSpectatorJoinEvent	com.ankama.dofus.server.game.protocol.fight.preparation.FightSpectatorJoinEvent	type.ankama.com/com.ankama.dofus.server.game.protocol.fight.preparation.FightSpectatorJoinEvent	S2C	1:.com.ankama.dofus.server.game.protocol.fight.preparation.FightJoinEvent:fight_join_event;2:repeated .com.ankama.dofus.server.game.protocol.common.NamedPartyTeam:named_party_teams	refs/dofus-unity-protocol-builder/proto/game/fight_preparation.proto:57
FightPlacementPossiblePositionsEvent	com.ankama.dofus.server.game.protocol.fight.preparation.FightPlacementPossiblePositionsEvent	type.ankama.com/com.ankama.dofus.server.game.protocol.fight.preparation.FightPlacementPossiblePositionsEvent	S2C	1:.com.ankama.dofus.server.game.protocol.common.FightStartingPositions:starting_positions;2:.com.ankama.dofus.server.game.protocol.common.Team:team	refs/dofus-unity-protocol-builder/proto/game/fight_preparation.proto:62
FightPlacementSwapPositionsErrorEvent	com.ankama.dofus.server.game.protocol.fight.preparation.FightPlacementSwapPositionsErrorEvent	type.ankama.com/com.ankama.dofus.server.game.protocol.fight.preparation.FightPlacementSwapPositionsErrorEvent	S2C		refs/dofus-unity-protocol-builder/proto/game/fight_preparation.proto:67
FightPlacementSwapPositionsOfferEvent	com.ankama.dofus.server.game.protocol.fight.preparation.FightPlacementSwapPositionsOfferEvent	type.ankama.com/com.ankama.dofus.server.game.protocol.fight.preparation.FightPlacementSwapPositionsOfferEvent	S2C	1:int32:request_id;2:int64:requester_id;3:int32:requester_cell_id;4:int64:target_id;5:int32:target_cell_id	refs/dofus-unity-protocol-builder/proto/game/fight_preparation.proto:70
FightPlacementSwapPositionsCancelledEvent	com.ankama.dofus.server.game.protocol.fight.preparation.FightPlacementSwapPositionsCancelledEvent	type.ankama.com/com.ankama.dofus.server.game.protocol.fight.preparation.FightPlacementSwapPositionsCancelledEvent	S2C	1:int32:request_id;2:int64:canceller_id	refs/dofus-unity-protocol-builder/proto/game/fight_preparation.proto:78
FightPlacementSwapPositionsEvent	com.ankama.dofus.server.game.protocol.fight.preparation.FightPlacementSwapPositionsEvent	type.ankama.com/com.ankama.dofus.server.game.protocol.fight.preparation.FightPlacementSwapPositionsEvent	S2C	1:repeated .com.ankama.dofus.server.game.protocol.common.EntityDisposition:dispositions	refs/dofus-unity-protocol-builder/proto/game/fight_preparation.proto:83
FightOptionUpdateEvent	com.ankama.dofus.server.game.protocol.fight.preparation.FightOptionUpdateEvent	type.ankama.com/com.ankama.dofus.server.game.protocol.fight.preparation.FightOptionUpdateEvent	S2C	1:int32:fight_id;2:.com.ankama.dofus.server.game.protocol.common.Team:team;3:.com.ankama.dofus.server.game.protocol.common.FightOption:option;4:bool:state	refs/dofus-unity-protocol-builder/proto/game/fight_preparation.proto:87
FightTeamUpdateEvent	com.ankama.dofus.server.game.protocol.fight.preparation.FightTeamUpdateEvent	type.ankama.com/com.ankama.dofus.server.game.protocol.fight.preparation.FightTeamUpdateEvent	S2C	1:int32:fight_id;2:.com.ankama.dofus.server.game.protocol.common.FightTeamInformation:team	refs/dofus-unity-protocol-builder/proto/game/fight_preparation.proto:94
FightTeamRemoveMemberEvent	com.ankama.dofus.server.game.protocol.fight.preparation.FightTeamRemoveMemberEvent	type.ankama.com/com.ankama.dofus.server.game.protocol.fight.preparation.FightTeamRemoveMemberEvent	S2C	1:int32:fight_id;2:.com.ankama.dofus.server.game.protocol.common.Team:team;3:int64:character_id	refs/dofus-unity-protocol-builder/proto/game/fight_preparation.proto:99
FightHumanReadyStateEvent	com.ankama.dofus.server.game.protocol.fight.preparation.FightHumanReadyStateEvent	type.ankama.com/com.ankama.dofus.server.game.protocol.fight.preparation.FightHumanReadyStateEvent	S2C	1:int64:character_id;2:bool:is_ready	refs/dofus-unity-protocol-builder/proto/game/fight_preparation.proto:105
FightLeaveEvent	com.ankama.dofus.server.game.protocol.fight.preparation.FightLeaveEvent	type.ankama.com/com.ankama.dofus.server.game.protocol.fight.preparation.FightLeaveEvent	S2C	1:int64:character_id	refs/dofus-unity-protocol-builder/proto/game/fight_preparation.proto:110
FightStartEvent	com.ankama.dofus.server.game.protocol.fight.preparation.FightStartEvent	type.ankama.com/com.ankama.dofus.server.game.protocol.fight.preparation.FightStartEvent	S2C		refs/dofus-unity-protocol-builder/proto/game/fight_preparation.proto:114
FightMapRequest	com.ankama.dofus.server.game.protocol.fight.preparation.FightMapRequest	type.ankama.com/com.ankama.dofus.server.game.protocol.fight.preparation.FightMapRequest	C2S		refs/dofus-unity-protocol-builder/proto/game/fight_preparation.proto:117
FinishMovesRequest	com.ankama.dofus.server.game.protocol.finish.move.FinishMovesRequest	type.ankama.com/com.ankama.dofus.server.game.protocol.finish.move.FinishMovesRequest	C2S		refs/dofus-unity-protocol-builder/proto/game/finish_move.proto:7
FinishMoveSetRequest	com.ankama.dofus.server.game.protocol.finish.move.FinishMoveSetRequest	type.ankama.com/com.ankama.dofus.server.game.protocol.finish.move.FinishMoveSetRequest	C2S	1:int32:finish_move_id;2:bool:effective	refs/dofus-unity-protocol-builder/proto/game/finish_move.proto:10
FinishMovesEvent	com.ankama.dofus.server.game.protocol.finish.move.FinishMovesEvent	type.ankama.com/com.ankama.dofus.server.game.protocol.finish.move.FinishMovesEvent	S2C	1:repeated .com.ankama.dofus.server.game.protocol.finish.move.FinishMovesEvent.FinishMove:finish_moves	refs/dofus-unity-protocol-builder/proto/game/finish_move.proto:15
FinishMove	com.ankama.dofus.server.game.protocol.finish.move.FinishMovesEvent+FinishMove	type.ankama.com/com.ankama.dofus.server.game.protocol.finish.move.FinishMovesEvent.FinishMove		1:int32:finish_move_id;2:bool:effective	refs/dofus-unity-protocol-builder/proto/game/finish_move.proto:17
GameActionItemConsumeRequest	com.ankama.dofus.server.game.protocol.game.action.GameActionItemConsumeRequest	type.ankama.com/com.ankama.dofus.server.game.protocol.game.action.GameActionItemConsumeRequest	C2S	1:int32:action_id;2:int64:player_id	refs/dofus-unity-protocol-builder/proto/game/game_action.proto:27
GameActionItemConsumeAllRequest	com.ankama.dofus.server.game.protocol.game.action.GameActionItemConsumeAllRequest	type.ankama.com/com.ankama.dofus.server.game.protocol.game.action.GameActionItemConsumeAllRequest	C2S	1:int64:player_id	refs/dofus-unity-protocol-builder/proto/game/game_action.proto:32
GameActionFightCastRequest	com.ankama.dofus.server.game.protocol.game.action.GameActionFightCastRequest	type.ankama.com/com.ankama.dofus.server.game.protocol.game.action.GameActionFightCastRequest	C2S	1:int32:spell_id;2:int32:cell	refs/dofus-unity-protocol-builder/proto/game/game_action.proto:36
GameActionFightCastOnTargetRequest	com.ankama.dofus.server.game.protocol.game.action.GameActionFightCastOnTargetRequest	type.ankama.com/com.ankama.dofus.server.game.protocol.game.action.GameActionFightCastOnTargetRequest	C2S	1:int32:spell_id;2:int64:target_id	refs/dofus-unity-protocol-builder/proto/game/game_action.proto:41
GameActionAcknowledgementRequest	com.ankama.dofus.server.game.protocol.game.action.GameActionAcknowledgementRequest	type.ankama.com/com.ankama.dofus.server.game.protocol.game.action.GameActionAcknowledgementRequest	C2S	1:bool:valid;2:int32:action_id	refs/dofus-unity-protocol-builder/proto/game/game_action.proto:46
GameActionItemListEvent	com.ankama.dofus.server.game.protocol.game.action.GameActionItemListEvent	type.ankama.com/com.ankama.dofus.server.game.protocol.game.action.GameActionItemListEvent	S2C	1:repeated .com.ankama.dofus.server.game.protocol.common.GameActionItem:actions	refs/dofus-unity-protocol-builder/proto/game/game_action.proto:51
GameActionItemConsumedEvent	com.ankama.dofus.server.game.protocol.game.action.GameActionItemConsumedEvent	type.ankama.com/com.ankama.dofus.server.game.protocol.game.action.GameActionItemConsumedEvent	S2C	1:bool:success;2:int32:action_id;3:bool:automatic_action	refs/dofus-unity-protocol-builder/proto/game/game_action.proto:55
GameActionSpamEvent	com.ankama.dofus.server.game.protocol.game.action.GameActionSpamEvent	type.ankama.com/com.ankama.dofus.server.game.protocol.game.action.GameActionSpamEvent	S2C	1:repeated int32:cells	refs/dofus-unity-protocol-builder/proto/game/game_action.proto:61
GameActionFightEvent	com.ankama.dofus.server.game.protocol.game.action.GameActionFightEvent	type.ankama.com/com.ankama.dofus.server.game.protocol.game.action.GameActionFightEvent	S2C	1:int32:action_id;2:int64:source_id;3:.com.ankama.dofus.server.game.protocol.game.action.GameActionFightEvent.Slide:slide;4:.com.ankama.dofus.server.game.protocol.game.action.GameActionFightEvent.DodgePointLoss:dodge_point_loss;5:.com.ankama.dofus.server.game.protocol.game.action.GameActionFightEvent.ReflectDamages:reflect_damages;6:.com.ankama.dofus.server.game.protocol.game.action.GameActionFightEvent.ReduceDamages:reduce_damages;7:.com.ankama.dofus.server.game.protocol.game.action.GameActionFightEvent.ReflectSpell:reflect_spell;8:.com.ankama.dofus.server.game.protocol.game.action.GameActionFightEvent.RemovableEffect:removable_effect;9:.com.ankama.dofus.server.game.protocol.game.action.GameActionFightEvent.LifePointsLost:life_points_lost;10:.com.ankama.dofus.server.game.protocol.game.action.GameActionFightEvent.LifePointsGain:life_points_gain;11:.com.ankama.dofus.server.game.protocol.game.action.GameActionFightEvent.SpellImmunity:spell_immunity;12:.com.ankama.dofus.server.game.protocol.game.action.GameActionFightEvent.SpellCoolDownVariation:spell_cool_down_variation;13:.com.ankama.dofus.server.game.protocol.game.action.GameActionFightEvent.Vanish:vanish;14:.com.ankama.dofus.server.game.protocol.game.action.GameActionFightEvent.Kill:kill;15:.com.ankama.dofus.server.game.protocol.game.action.GameActionFightEvent.Death:death;16:.com.ankama.dofus.server.game.protocol.game.action.GameActionFightEvent.TargetedAbility:targeted_ability;17:.com.ankama.dofus.server.game.protocol.game.action.GameActionFightEvent.Tackled:tackled;18:.com.ankama.dofus.server.game.protocol.game.action.GameActionFightEvent.PointsVariation:points_variation;19:.com.ankama.dofus.server.game.protocol.game.action.GameActionFightEvent.InvisibleDetected:invisible_detected;20:.com.ankama.dofus.server.game.protocol.game.action.GameActionFightEvent.TeleportOnSameMap:teleport_on_same_map;21:.com.ankama.dofus.server.game.protocol.game.action.GameActionFightEvent.ExchangePositions:exchange_positions;22:.com.ankama.dofus.server.game.protocol.game.action.GameActionFightEvent.SpellRemove:spell_remove;23:.com.ankama.dofus.server.game.protocol.game.action.GameActionFightEvent.ModifyEffectsDuration:modify_effects_duration;24:.com.ankama.dofus.server.game.protocol.game.action.GameActionFightEvent.StealKama:steal_kama;25:.com.ankama.dofus.server.game.protocol.game.action.GameActionFightEvent.ChangeLook:change_look;26:.com.ankama.dofus.server.game.protocol.game.action.GameActionFightEvent.Invisibility:invisibility;27:.com.ankama.dofus.server.game.protocol.game.action.GameActionFightEvent.Summons:summons;28:.com.ankama.dofus.server.game.protocol.game.action.GameActionFightEvent.MarkCells:mark_cells;29:.com.ankama.dofus.server.game.protocol.game.action.GameActionFightEvent.UnmarkCells:unmark_cells;30:.com.ankama.dofus.server.game.protocol.game.action.GameActionFightEvent.TriggerGlyphTrap:trigger_glyph_trap;31:.com.ankama.dofus.server.game.protocol.game.action.GameActionFightEvent.ActivateGlyphTrap:activate_glyph_trap;32:.com.ankama.dofus.server.game.protocol.game.action.GameActionFightEvent.CarryCharacter:carry_character;33:.com.ankama.dofus.server.game.protocol.game.action.GameActionFightEvent.ThrowCharacter:throw_character;34:.com.ankama.dofus.server.game.protocol.game.action.GameActionFightEvent.DropCharacter:drop_character;35:.com.ankama.dofus.server.game.protocol.game.action.GameActionFightEvent.ExecuteScript:execute_script	refs/dofus-unity-protocol-builder/proto/game/game_action.proto:65
CarryCharacter	com.ankama.dofus.server.game.protocol.game.action.GameActionFightEvent+CarryCharacter	type.ankama.com/com.ankama.dofus.server.game.protocol.game.action.GameActionFightEvent.CarryCharacter		3:int64:target_id;4:int32:cell	refs/dofus-unity-protocol-builder/proto/game/game_action.proto:103
ThrowCharacter	com.ankama.dofus.server.game.protocol.game.action.GameActionFightEvent+ThrowCharacter	type.ankama.com/com.ankama.dofus.server.game.protocol.game.action.GameActionFightEvent.ThrowCharacter		3:int64:target_id;4:int32:cell	refs/dofus-unity-protocol-builder/proto/game/game_action.proto:108
DropCharacter	com.ankama.dofus.server.game.protocol.game.action.GameActionFightEvent+DropCharacter	type.ankama.com/com.ankama.dofus.server.game.protocol.game.action.GameActionFightEvent.DropCharacter		3:int64:target_id;4:int32:cell	refs/dofus-unity-protocol-builder/proto/game/game_action.proto:113
ExecuteScript	com.ankama.dofus.server.game.protocol.game.action.GameActionFightEvent+ExecuteScript	type.ankama.com/com.ankama.dofus.server.game.protocol.game.action.GameActionFightEvent.ExecuteScript		1:int32:script_usage_id;2:bool:critical;3:int32:spell_id;4:int32:spell_rank;5:int32:cell	refs/dofus-unity-protocol-builder/proto/game/game_action.proto:118
UnmarkCells	com.ankama.dofus.server.game.protocol.game.action.GameActionFightEvent+UnmarkCells	type.ankama.com/com.ankama.dofus.server.game.protocol.game.action.GameActionFightEvent.UnmarkCells		1:int32:mark_id	refs/dofus-unity-protocol-builder/proto/game/game_action.proto:126
TriggerGlyphTrap	com.ankama.dofus.server.game.protocol.game.action.GameActionFightEvent+TriggerGlyphTrap	type.ankama.com/com.ankama.dofus.server.game.protocol.game.action.GameActionFightEvent.TriggerGlyphTrap		1:int32:mark_id;2:int32:mark_impact_cell;3:int64:triggering_character_id	refs/dofus-unity-protocol-builder/proto/game/game_action.proto:130
ActivateGlyphTrap	com.ankama.dofus.server.game.protocol.game.action.GameActionFightEvent+ActivateGlyphTrap	type.ankama.com/com.ankama.dofus.server.game.protocol.game.action.GameActionFightEvent.ActivateGlyphTrap		1:int32:mark_id;2:bool:active	refs/dofus-unity-protocol-builder/proto/game/game_action.proto:136
Invisibility	com.ankama.dofus.server.game.protocol.game.action.GameActionFightEvent+Invisibility	type.ankama.com/com.ankama.dofus.server.game.protocol.game.action.GameActionFightEvent.Invisibility		1:int64:target_id;2:.com.ankama.dofus.server.game.protocol.common.FightInvisibilityState:invisibility_state	refs/dofus-unity-protocol-builder/proto/game/game_action.proto:141
Summons	com.ankama.dofus.server.game.protocol.game.action.GameActionFightEvent+Summons	type.ankama.com/com.ankama.dofus.server.game.protocol.game.action.GameActionFightEvent.Summons		1:.com.ankama.dofus.server.game.protocol.game.action.GameActionFightEvent.Summons.SummonsByActor:summons_by_actor;2:.com.ankama.dofus.server.game.protocol.game.action.GameActionFightEvent.Summons.SummonsByContextInformation:summons_by_context_information	refs/dofus-unity-protocol-builder/proto/game/game_action.proto:146
SummonsByActor	com.ankama.dofus.server.game.protocol.game.action.GameActionFightEvent+Summons+SummonsByActor	type.ankama.com/com.ankama.dofus.server.game.protocol.game.action.GameActionFightEvent.Summons.SummonsByActor		1:repeated .com.ankama.dofus.server.game.protocol.common.ActorPositionInformation:summons	refs/dofus-unity-protocol-builder/proto/game/game_action.proto:151
SummonsByContextInformation	com.ankama.dofus.server.game.protocol.game.action.GameActionFightEvent+Summons+SummonsByContextInformation	type.ankama.com/com.ankama.dofus.server.game.protocol.game.action.GameActionFightEvent.Summons.SummonsByContextInformation		1:repeated .com.ankama.dofus.server.game.protocol.game.action.GameActionFightEvent.Summons.SummonsByContextInformation.SummonContextInformation:summons	refs/dofus-unity-protocol-builder/proto/game/game_action.proto:155
SummonContextInformation	com.ankama.dofus.server.game.protocol.game.action.GameActionFightEvent+Summons+SummonsByContextInformation+SummonContextInformation	type.ankama.com/com.ankama.dofus.server.game.protocol.game.action.GameActionFightEvent.Summons.SummonsByContextInformation.SummonContextInformation		1:.com.ankama.dofus.server.game.protocol.game.action.EntitySpawnInformation:spawn_information;2:int32:wave;3:.com.ankama.dofus.server.game.protocol.common.EntityLook:look;4:.com.ankama.dofus.server.game.protocol.common.FightCharacteristics:characteristics;5:repeated .com.ankama.dofus.server.game.protocol.common.SpawnInformation:summons	refs/dofus-unity-protocol-builder/proto/game/game_action.proto:157
MarkCells	com.ankama.dofus.server.game.protocol.game.action.GameActionFightEvent+MarkCells	type.ankama.com/com.ankama.dofus.server.game.protocol.game.action.GameActionFightEvent.MarkCells		1:.com.ankama.dofus.server.game.protocol.common.FightMark:mark	refs/dofus-unity-protocol-builder/proto/game/game_action.proto:169
ModifyEffectsDuration	com.ankama.dofus.server.game.protocol.game.action.GameActionFightEvent+ModifyEffectsDuration	type.ankama.com/com.ankama.dofus.server.game.protocol.game.action.GameActionFightEvent.ModifyEffectsDuration		3:int64:target_id;4:int32:delta	refs/dofus-unity-protocol-builder/proto/game/game_action.proto:173
StealKama	com.ankama.dofus.server.game.protocol.game.action.GameActionFightEvent+StealKama	type.ankama.com/com.ankama.dofus.server.game.protocol.game.action.GameActionFightEvent.StealKama		3:int64:target_id;4:int64:amount	refs/dofus-unity-protocol-builder/proto/game/game_action.proto:178
ChangeLook	com.ankama.dofus.server.game.protocol.game.action.GameActionFightEvent+ChangeLook	type.ankama.com/com.ankama.dofus.server.game.protocol.game.action.GameActionFightEvent.ChangeLook		3:int64:target_id;4:.com.ankama.dofus.server.game.protocol.common.EntityLook:look	refs/dofus-unity-protocol-builder/proto/game/game_action.proto:183
TeleportOnSameMap	com.ankama.dofus.server.game.protocol.game.action.GameActionFightEvent+TeleportOnSameMap	type.ankama.com/com.ankama.dofus.server.game.protocol.game.action.GameActionFightEvent.TeleportOnSameMap		1:int64:target_id;2:int32:cell	refs/dofus-unity-protocol-builder/proto/game/game_action.proto:188
ExchangePositions	com.ankama.dofus.server.game.protocol.game.action.GameActionFightEvent+ExchangePositions	type.ankama.com/com.ankama.dofus.server.game.protocol.game.action.GameActionFightEvent.ExchangePositions		1:int64:target_id;2:int32:caster_cell_id;3:int32:target_cell_id	refs/dofus-unity-protocol-builder/proto/game/game_action.proto:193
SpellRemove	com.ankama.dofus.server.game.protocol.game.action.GameActionFightEvent+SpellRemove	type.ankama.com/com.ankama.dofus.server.game.protocol.game.action.GameActionFightEvent.SpellRemove		1:int64:target_id;2:bool:verbose_cast;3:.com.ankama.dofus.server.game.protocol.game.action.GameActionFightEvent.SpellRemove.EffectRemove:effect_remove;4:int32:spell_id	refs/dofus-unity-protocol-builder/proto/game/game_action.proto:199
EffectRemove	com.ankama.dofus.server.game.protocol.game.action.GameActionFightEvent+SpellRemove+EffectRemove	type.ankama.com/com.ankama.dofus.server.game.protocol.game.action.GameActionFightEvent.SpellRemove.EffectRemove		1:int32:effect;2:bool:trigger	refs/dofus-unity-protocol-builder/proto/game/game_action.proto:206
Tackled	com.ankama.dofus.server.game.protocol.game.action.GameActionFightEvent+Tackled	type.ankama.com/com.ankama.dofus.server.game.protocol.game.action.GameActionFightEvent.Tackled		1:repeated int64:tacklers_id	refs/dofus-unity-protocol-builder/proto/game/game_action.proto:213
PointsVariation	com.ankama.dofus.server.game.protocol.game.action.GameActionFightEvent+PointsVariation	type.ankama.com/com.ankama.dofus.server.game.protocol.game.action.GameActionFightEvent.PointsVariation		1:int64:target_id;2:int32:delta	refs/dofus-unity-protocol-builder/proto/game/game_action.proto:217
InvisibleDetected	com.ankama.dofus.server.game.protocol.game.action.GameActionFightEvent+InvisibleDetected	type.ankama.com/com.ankama.dofus.server.game.protocol.game.action.GameActionFightEvent.InvisibleDetected		1:int64:target_id;2:int32:cell	refs/dofus-unity-protocol-builder/proto/game/game_action.proto:222
TargetedAbility	com.ankama.dofus.server.game.protocol.game.action.GameActionFightEvent+TargetedAbility	type.ankama.com/com.ankama.dofus.server.game.protocol.game.action.GameActionFightEvent.TargetedAbility		1:int64:target_id;2:int32:destination_cell;3:.com.ankama.dofus.server.game.protocol.game.action.FightSpellCastCritical:critical;4:bool:silent_cast;5:bool:verbose_cast;6:.com.ankama.dofus.server.game.protocol.game.action.GameActionFightEvent.TargetedAbility.SpellCast:spell_cast;7:int32:weapon_generic_id	refs/dofus-unity-protocol-builder/proto/game/game_action.proto:227
SpellCast	com.ankama.dofus.server.game.protocol.game.action.GameActionFightEvent+TargetedAbility+SpellCast	type.ankama.com/com.ankama.dofus.server.game.protocol.game.action.GameActionFightEvent.TargetedAbility.SpellCast		1:int32:spell_id;2:int32:spell_level;3:repeated int32:portals_id	refs/dofus-unity-protocol-builder/proto/game/game_action.proto:237
Vanish	com.ankama.dofus.server.game.protocol.game.action.GameActionFightEvent+Vanish	type.ankama.com/com.ankama.dofus.server.game.protocol.game.action.GameActionFightEvent.Vanish		1:int64:target_id	refs/dofus-unity-protocol-builder/proto/game/game_action.proto:245
Kill	com.ankama.dofus.server.game.protocol.game.action.GameActionFightEvent+Kill	type.ankama.com/com.ankama.dofus.server.game.protocol.game.action.GameActionFightEvent.Kill		1:int64:target_id	refs/dofus-unity-protocol-builder/proto/game/game_action.proto:249
Death	com.ankama.dofus.server.game.protocol.game.action.GameActionFightEvent+Death	type.ankama.com/com.ankama.dofus.server.game.protocol.game.action.GameActionFightEvent.Death		1:int64:target_id	refs/dofus-unity-protocol-builder/proto/game/game_action.proto:253
SpellImmunity	com.ankama.dofus.server.game.protocol.game.action.GameActionFightEvent+SpellImmunity	type.ankama.com/com.ankama.dofus.server.game.protocol.game.action.GameActionFightEvent.SpellImmunity		1:int64:target_id;2:int32:spell_id	refs/dofus-unity-protocol-builder/proto/game/game_action.proto:257
SpellCoolDownVariation	com.ankama.dofus.server.game.protocol.game.action.GameActionFightEvent+SpellCoolDownVariation	type.ankama.com/com.ankama.dofus.server.game.protocol.game.action.GameActionFightEvent.SpellCoolDownVariation		1:int64:target_id;2:int32:spell_id;3:int32:value	refs/dofus-unity-protocol-builder/proto/game/game_action.proto:262
LifePointsLost	com.ankama.dofus.server.game.protocol.game.action.GameActionFightEvent+LifePointsLost	type.ankama.com/com.ankama.dofus.server.game.protocol.game.action.GameActionFightEvent.LifePointsLost		1:int64:target_id;2:int32:loss;3:int32:permanent_damages;4:int32:element_id;5:int32:shield_loss	refs/dofus-unity-protocol-builder/proto/game/game_action.proto:268
LifePointsGain	com.ankama.dofus.server.game.protocol.game.action.GameActionFightEvent+LifePointsGain	type.ankama.com/com.ankama.dofus.server.game.protocol.game.action.GameActionFightEvent.LifePointsGain		1:int64:target_id;2:int32:delta	refs/dofus-unity-protocol-builder/proto/game/game_action.proto:276
RemovableEffect	com.ankama.dofus.server.game.protocol.game.action.GameActionFightEvent+RemovableEffect	type.ankama.com/com.ankama.dofus.server.game.protocol.game.action.GameActionFightEvent.RemovableEffect		1:.com.ankama.dofus.server.game.protocol.common.FightRemovableEffect:effect	refs/dofus-unity-protocol-builder/proto/game/game_action.proto:281
Slide	com.ankama.dofus.server.game.protocol.game.action.GameActionFightEvent+Slide	type.ankama.com/com.ankama.dofus.server.game.protocol.game.action.GameActionFightEvent.Slide		1:int64:target_id;2:int32:start_cell;3:int32:end_cell	refs/dofus-unity-protocol-builder/proto/game/game_action.proto:285
DodgePointLoss	com.ankama.dofus.server.game.protocol.game.action.GameActionFightEvent+DodgePointLoss	type.ankama.com/com.ankama.dofus.server.game.protocol.game.action.GameActionFightEvent.DodgePointLoss		1:int64:target_id;2:int32:amount	refs/dofus-unity-protocol-builder/proto/game/game_action.proto:291
ReflectDamages	com.ankama.dofus.server.game.protocol.game.action.GameActionFightEvent+ReflectDamages	type.ankama.com/com.ankama.dofus.server.game.protocol.game.action.GameActionFightEvent.ReflectDamages		1:int64:target_id	refs/dofus-unity-protocol-builder/proto/game/game_action.proto:296
ReduceDamages	com.ankama.dofus.server.game.protocol.game.action.GameActionFightEvent+ReduceDamages	type.ankama.com/com.ankama.dofus.server.game.protocol.game.action.GameActionFightEvent.ReduceDamages		1:int64:target_id;2:int32:amount	refs/dofus-unity-protocol-builder/proto/game/game_action.proto:300
ReflectSpell	com.ankama.dofus.server.game.protocol.game.action.GameActionFightEvent+ReflectSpell	type.ankama.com/com.ankama.dofus.server.game.protocol.game.action.GameActionFightEvent.ReflectSpell		1:int64:target_id	refs/dofus-unity-protocol-builder/proto/game/game_action.proto:305
GameActionUpdateEffectTriggerCountEvent	com.ankama.dofus.server.game.protocol.game.action.GameActionUpdateEffectTriggerCountEvent	type.ankama.com/com.ankama.dofus.server.game.protocol.game.action.GameActionUpdateEffectTriggerCountEvent	S2C	1:repeated .com.ankama.dofus.server.game.protocol.game.action.GameActionUpdateEffectTriggerCountEvent.FightEffectTriggerCount:effects_count_on_target	refs/dofus-unity-protocol-builder/proto/game/game_action.proto:311
FightEffectTriggerCount	com.ankama.dofus.server.game.protocol.game.action.GameActionUpdateEffectTriggerCountEvent+FightEffectTriggerCount	type.ankama.com/com.ankama.dofus.server.game.protocol.game.action.GameActionUpdateEffectTriggerCountEvent.FightEffectTriggerCount		1:int32:effect_id;2:int64:target_id;3:int32:count	refs/dofus-unity-protocol-builder/proto/game/game_action.proto:313
SequenceStartEvent	com.ankama.dofus.server.game.protocol.game.action.SequenceStartEvent	type.ankama.com/com.ankama.dofus.server.game.protocol.game.action.SequenceStartEvent	S2C	1:.com.ankama.dofus.server.game.protocol.game.action.SequenceType:sequence_type;2:int64:author_id	refs/dofus-unity-protocol-builder/proto/game/game_action.proto:321
SequenceEndEvent	com.ankama.dofus.server.game.protocol.game.action.SequenceEndEvent	type.ankama.com/com.ankama.dofus.server.game.protocol.game.action.SequenceEndEvent	S2C	1:int32:action_id;2:int64:author_id;3:.com.ankama.dofus.server.game.protocol.game.action.SequenceType:sequence_type	refs/dofus-unity-protocol-builder/proto/game/game_action.proto:326
EntitySpawnInformation	com.ankama.dofus.server.game.protocol.game.action.EntitySpawnInformation	type.ankama.com/com.ankama.dofus.server.game.protocol.game.action.EntitySpawnInformation		1:.com.ankama.dofus.server.game.protocol.game.action.EntitySpawnInformation.Monster:monster;2:.com.ankama.dofus.server.game.protocol.game.action.EntitySpawnInformation.Character:character;3:.com.ankama.dofus.server.game.protocol.game.action.EntitySpawnInformation.Companion:companion	refs/dofus-unity-protocol-builder/proto/game/game_action.proto:332
Monster	com.ankama.dofus.server.game.protocol.game.action.EntitySpawnInformation+Monster	type.ankama.com/com.ankama.dofus.server.game.protocol.game.action.EntitySpawnInformation.Monster		1:int32:monster_gid;2:int32:grade;3:int32:level	refs/dofus-unity-protocol-builder/proto/game/game_action.proto:338
Character	com.ankama.dofus.server.game.protocol.game.action.EntitySpawnInformation+Character	type.ankama.com/com.ankama.dofus.server.game.protocol.game.action.EntitySpawnInformation.Character		1:string:name;2:int32:level	refs/dofus-unity-protocol-builder/proto/game/game_action.proto:346
Companion	com.ankama.dofus.server.game.protocol.game.action.EntitySpawnInformation+Companion	type.ankama.com/com.ankama.dofus.server.game.protocol.game.action.EntitySpawnInformation.Companion		1:int32:model_id;2:int32:level;3:int64:summoner_id;4:int64:owner_id	refs/dofus-unity-protocol-builder/proto/game/game_action.proto:351
MapMovementRequest	com.ankama.dofus.server.game.protocol.gamemap.MapMovementRequest	type.ankama.com/com.ankama.dofus.server.game.protocol.gamemap.MapMovementRequest	C2S	1:repeated int32:key_cells;2:int64:map_id;3:bool:cautious	refs/dofus-unity-protocol-builder/proto/game/gamemap.proto:9
MapMovementCancelRequest	com.ankama.dofus.server.game.protocol.gamemap.MapMovementCancelRequest	type.ankama.com/com.ankama.dofus.server.game.protocol.gamemap.MapMovementCancelRequest	C2S	1:int32:cell_id	refs/dofus-unity-protocol-builder/proto/game/gamemap.proto:15
MapMovementConfirmRequest	com.ankama.dofus.server.game.protocol.gamemap.MapMovementConfirmRequest	type.ankama.com/com.ankama.dofus.server.game.protocol.gamemap.MapMovementConfirmRequest	C2S		refs/dofus-unity-protocol-builder/proto/game/gamemap.proto:19
MapChangeOrientationRequest	com.ankama.dofus.server.game.protocol.gamemap.MapChangeOrientationRequest	type.ankama.com/com.ankama.dofus.server.game.protocol.gamemap.MapChangeOrientationRequest	C2S	1:.com.ankama.dofus.server.game.protocol.common.Direction:direction	refs/dofus-unity-protocol-builder/proto/game/gamemap.proto:22
MapErrorNotFoundRequest	com.ankama.dofus.server.game.protocol.gamemap.MapErrorNotFoundRequest	type.ankama.com/com.ankama.dofus.server.game.protocol.gamemap.MapErrorNotFoundRequest	C2S	1:int32:map_id	refs/dofus-unity-protocol-builder/proto/game/gamemap.proto:26
MapChangeRequest	com.ankama.dofus.server.game.protocol.gamemap.MapChangeRequest	type.ankama.com/com.ankama.dofus.server.game.protocol.gamemap.MapChangeRequest	C2S	1:int32:map_id;2:bool:auto_pilot	refs/dofus-unity-protocol-builder/proto/game/gamemap.proto:30
MapRunningFightsRequest	com.ankama.dofus.server.game.protocol.gamemap.MapRunningFightsRequest	type.ankama.com/com.ankama.dofus.server.game.protocol.gamemap.MapRunningFightsRequest	C2S		refs/dofus-unity-protocol-builder/proto/game/gamemap.proto:35
MapRunningFightStopListeningRequest	com.ankama.dofus.server.game.protocol.gamemap.MapRunningFightStopListeningRequest	type.ankama.com/com.ankama.dofus.server.game.protocol.gamemap.MapRunningFightStopListeningRequest	C2S		refs/dofus-unity-protocol-builder/proto/game/gamemap.proto:38
MapRunningFightDetailsRequest	com.ankama.dofus.server.game.protocol.gamemap.MapRunningFightDetailsRequest	type.ankama.com/com.ankama.dofus.server.game.protocol.gamemap.MapRunningFightDetailsRequest	C2S	1:int32:fight_id	refs/dofus-unity-protocol-builder/proto/game/gamemap.proto:41
MapInformationRequest	com.ankama.dofus.server.game.protocol.gamemap.MapInformationRequest	type.ankama.com/com.ankama.dofus.server.game.protocol.gamemap.MapInformationRequest	C2S	1:int32:map_id	refs/dofus-unity-protocol-builder/proto/game/gamemap.proto:45
MapMovementRefusedEvent	com.ankama.dofus.server.game.protocol.gamemap.MapMovementRefusedEvent	type.ankama.com/com.ankama.dofus.server.game.protocol.gamemap.MapMovementRefusedEvent	S2C	1:int32:cell_x;2:int32:cell_y	refs/dofus-unity-protocol-builder/proto/game/gamemap.proto:49
MapMovementEvent	com.ankama.dofus.server.game.protocol.gamemap.MapMovementEvent	type.ankama.com/com.ankama.dofus.server.game.protocol.gamemap.MapMovementEvent	S2C	1:repeated int32:cells;3:int64:character_id;4:bool:cautious;2:int32:direction	refs/dofus-unity-protocol-builder/proto/game/gamemap.proto:54
MapChangeOrientationEvent	com.ankama.dofus.server.game.protocol.gamemap.MapChangeOrientationEvent	type.ankama.com/com.ankama.dofus.server.game.protocol.gamemap.MapChangeOrientationEvent	S2C	1:int64:actor_id;2:.com.ankama.dofus.server.game.protocol.common.Direction:direction	refs/dofus-unity-protocol-builder/proto/game/gamemap.proto:61
MapCurrentEvent	com.ankama.dofus.server.game.protocol.gamemap.MapCurrentEvent	type.ankama.com/com.ankama.dofus.server.game.protocol.gamemap.MapCurrentEvent	S2C	1:int64:map_id	refs/dofus-unity-protocol-builder/proto/game/gamemap.proto:66
MapCurrentInstanceEvent	com.ankama.dofus.server.game.protocol.gamemap.MapCurrentInstanceEvent	type.ankama.com/com.ankama.dofus.server.game.protocol.gamemap.MapCurrentInstanceEvent	S2C	1:int64:map_id;2:int64:instantiate_map_id	refs/dofus-unity-protocol-builder/proto/game/gamemap.proto:70
MapTeleportOnSameEvent	com.ankama.dofus.server.game.protocol.gamemap.MapTeleportOnSameEvent	type.ankama.com/com.ankama.dofus.server.game.protocol.gamemap.MapTeleportOnSameEvent	S2C	1:int64:player_id;2:int32:cell_id	refs/dofus-unity-protocol-builder/proto/game/gamemap.proto:75
MapFightCountEvent	com.ankama.dofus.server.game.protocol.gamemap.MapFightCountEvent	type.ankama.com/com.ankama.dofus.server.game.protocol.gamemap.MapFightCountEvent	S2C	1:int32:fight_count	refs/dofus-unity-protocol-builder/proto/game/gamemap.proto:80
MapRunningFightsEvent	com.ankama.dofus.server.game.protocol.gamemap.MapRunningFightsEvent	type.ankama.com/com.ankama.dofus.server.game.protocol.gamemap.MapRunningFightsEvent	S2C	1:repeated .com.ankama.dofus.server.game.protocol.common.FightExternalInformation:fights	refs/dofus-unity-protocol-builder/proto/game/gamemap.proto:84
MapRunningFightDetailsEvent	com.ankama.dofus.server.game.protocol.gamemap.MapRunningFightDetailsEvent	type.ankama.com/com.ankama.dofus.server.game.protocol.gamemap.MapRunningFightDetailsEvent	S2C	1:int32:fight_id;2:repeated .com.ankama.dofus.server.game.protocol.common.FighterLightInformation:attackers;3:repeated .com.ankama.dofus.server.game.protocol.common.FighterLightInformation:defenders	refs/dofus-unity-protocol-builder/proto/game/gamemap.proto:88
MapRunningFightDetailsExtendedEvent	com.ankama.dofus.server.game.protocol.gamemap.MapRunningFightDetailsExtendedEvent	type.ankama.com/com.ankama.dofus.server.game.protocol.gamemap.MapRunningFightDetailsExtendedEvent	S2C	1:int32:fight_id;2:repeated .com.ankama.dofus.server.game.protocol.common.FighterLightInformation:attackers;3:repeated .com.ankama.dofus.server.game.protocol.common.FighterLightInformation:defenders;4:repeated .com.ankama.dofus.server.game.protocol.common.NamedPartyTeam:named_party_teams	refs/dofus-unity-protocol-builder/proto/game/gamemap.proto:94
MapObstacleUpdateEvent	com.ankama.dofus.server.game.protocol.gamemap.MapObstacleUpdateEvent	type.ankama.com/com.ankama.dofus.server.game.protocol.gamemap.MapObstacleUpdateEvent	S2C	1:repeated .com.ankama.dofus.server.game.protocol.gamemap.MapObstacle:obstacles	refs/dofus-unity-protocol-builder/proto/game/gamemap.proto:101
MapComplementaryInformationEvent	com.ankama.dofus.server.game.protocol.gamemap.MapComplementaryInformationEvent	type.ankama.com/com.ankama.dofus.server.game.protocol.gamemap.MapComplementaryInformationEvent	S2C	1:int32:subarea_id;2:int64:map_id;3:repeated .com.ankama.dofus.server.game.protocol.common.House:houses;4:repeated .com.ankama.dofus.server.game.protocol.common.ActorPositionInformation:actors;5:repeated .com.ankama.dofus.server.game.protocol.common.InteractiveElement:interactive_elements;6:repeated .com.ankama.dofus.server.game.protocol.common.StatedElement:stated_elements;7:repeated .com.ankama.dofus.server.game.protocol.gamemap.MapObstacle:obstacles;8:repeated .com.ankama.dofus.server.game.protocol.common.FightCommonInformation:fights;9:bool:has_aggressive_monsters;10:.com.ankama.dofus.server.game.protocol.gamemap.MapComplementaryInHouseInformation:in_house_information;11:.com.ankama.dofus.server.game.protocol.common.MapCoordinates:coordinates;12:.com.ankama.dofus.server.game.protocol.gamemap.MapComplementaryBreachInformation:breach_information;13:.com.ankama.dofus.server.game.protocol.gamemap.MapComplementaryAnomalyInformation:anomaly_information;14:.com.ankama.dofus.server.game.protocol.gamemap.MapComplementaryHavenBagInformation:haven_bag_information	refs/dofus-unity-protocol-builder/proto/game/gamemap.proto:105
GameRolePlayShowActorsEvent	com.ankama.dofus.server.game.protocol.gamemap.GameRolePlayShowActorsEvent	type.ankama.com/com.ankama.dofus.server.game.protocol.gamemap.GameRolePlayShowActorsEvent	S2C	1:repeated .com.ankama.dofus.server.game.protocol.common.ActorPositionInformation:actors	refs/dofus-unity-protocol-builder/proto/game/gamemap.proto:124
FightMapInformationEvent	com.ankama.dofus.server.game.protocol.gamemap.FightMapInformationEvent	type.ankama.com/com.ankama.dofus.server.game.protocol.gamemap.FightMapInformationEvent	S2C	1:int32:subarea_id;2:int64:map_id;3:.com.ankama.dofus.server.game.protocol.common.MapCoordinates:coordinates;4:.com.ankama.dofus.server.game.protocol.gamemap.MapComplementaryBreachInformation:breach_information;5:.com.ankama.dofus.server.game.protocol.gamemap.MapComplementaryAnomalyInformation:anomaly_information	refs/dofus-unity-protocol-builder/proto/game/gamemap.proto:128
MapComplementaryInHouseInformation	com.ankama.dofus.server.game.protocol.gamemap.MapComplementaryInHouseInformation	type.ankama.com/com.ankama.dofus.server.game.protocol.gamemap.MapComplementaryInHouseInformation		1:.com.ankama.dofus.server.game.protocol.common.House:current_house	refs/dofus-unity-protocol-builder/proto/game/gamemap.proto:138
MapComplementaryWithCoordsInformation	com.ankama.dofus.server.game.protocol.gamemap.MapComplementaryWithCoordsInformation	type.ankama.com/com.ankama.dofus.server.game.protocol.gamemap.MapComplementaryWithCoordsInformation		1:.com.ankama.dofus.server.game.protocol.common.MapCoordinates:coordinates	refs/dofus-unity-protocol-builder/proto/game/gamemap.proto:142
MapComplementaryBreachInformation	com.ankama.dofus.server.game.protocol.gamemap.MapComplementaryBreachInformation	type.ankama.com/com.ankama.dofus.server.game.protocol.gamemap.MapComplementaryBreachInformation		1:int32:floor;2:int32:room;3:int32:infinity_mode;4:repeated .com.ankama.dofus.server.game.protocol.common.BreachBranch:branches	refs/dofus-unity-protocol-builder/proto/game/gamemap.proto:146
MapComplementaryAnomalyInformation	com.ankama.dofus.server.game.protocol.gamemap.MapComplementaryAnomalyInformation	type.ankama.com/com.ankama.dofus.server.game.protocol.gamemap.MapComplementaryAnomalyInformation		1:int32:level;2:int64:closing_time	refs/dofus-unity-protocol-builder/proto/game/gamemap.proto:153
MapComplementaryHavenBagInformation	com.ankama.dofus.server.game.protocol.gamemap.MapComplementaryHavenBagInformation	type.ankama.com/com.ankama.dofus.server.game.protocol.gamemap.MapComplementaryHavenBagInformation		1:.com.ankama.dofus.server.game.protocol.common.Character:owner_information;2:int32:theme;3:int32:room_id;4:int32:max_room_id	refs/dofus-unity-protocol-builder/proto/game/gamemap.proto:158
MapObstacle	com.ankama.dofus.server.game.protocol.gamemap.MapObstacle	type.ankama.com/com.ankama.dofus.server.game.protocol.gamemap.MapObstacle		1:int32:cell_id;2:.com.ankama.dofus.server.game.protocol.gamemap.MapObstacle.ObstacleState:state	refs/dofus-unity-protocol-builder/proto/game/gamemap.proto:165
GuildApplicationSubmitRequest	com.ankama.dofus.server.game.protocol.guild.application.GuildApplicationSubmitRequest	type.ankama.com/com.ankama.dofus.server.game.protocol.guild.application.GuildApplicationSubmitRequest	C2S	1:string:apply_text;2:int32:guild_id;3:int32:time_spent;4:string:language_filter;5:string:ambiance_filter;6:string:play_time_filter;7:string:interest_filter;8:string:min_max_guild_level_filter;9:string:recruitment_type_filter;10:string:min_max_character_level_filter;11:string:min_max_achievement_filter;12:string:search_name_filter;13:string:last_sort_filter	refs/dofus-unity-protocol-builder/proto/game/guild_application.proto:9
GuildApplicationUpdateRequest	com.ankama.dofus.server.game.protocol.guild.application.GuildApplicationUpdateRequest	type.ankama.com/com.ankama.dofus.server.game.protocol.guild.application.GuildApplicationUpdateRequest	C2S	1:string:apply_text;2:int32:guild_id	refs/dofus-unity-protocol-builder/proto/game/guild_application.proto:25
GuildApplicationDeleteRequest	com.ankama.dofus.server.game.protocol.guild.application.GuildApplicationDeleteRequest	type.ankama.com/com.ankama.dofus.server.game.protocol.guild.application.GuildApplicationDeleteRequest	C2S		refs/dofus-unity-protocol-builder/proto/game/guild_application.proto:30
GuildApplicationListenRequest	com.ankama.dofus.server.game.protocol.guild.application.GuildApplicationListenRequest	type.ankama.com/com.ankama.dofus.server.game.protocol.guild.application.GuildApplicationListenRequest	C2S	1:bool:listen	refs/dofus-unity-protocol-builder/proto/game/guild_application.proto:33
GuildApplicationGetOwnRequest	com.ankama.dofus.server.game.protocol.guild.application.GuildApplicationGetOwnRequest	type.ankama.com/com.ankama.dofus.server.game.protocol.guild.application.GuildApplicationGetOwnRequest	C2S		refs/dofus-unity-protocol-builder/proto/game/guild_application.proto:37
GuildApplicationsRequest	com.ankama.dofus.server.game.protocol.guild.application.GuildApplicationsRequest	type.ankama.com/com.ankama.dofus.server.game.protocol.guild.application.GuildApplicationsRequest	C2S	1:int64:offset;2:int32:count	refs/dofus-unity-protocol-builder/proto/game/guild_application.proto:40
GuildApplicationAnswerRequest	com.ankama.dofus.server.game.protocol.guild.application.GuildApplicationAnswerRequest	type.ankama.com/com.ankama.dofus.server.game.protocol.guild.application.GuildApplicationAnswerRequest	C2S	1:bool:accepted;2:int64:player_id	refs/dofus-unity-protocol-builder/proto/game/guild_application.proto:45
GuildApplicationPresenceRequest	com.ankama.dofus.server.game.protocol.guild.application.GuildApplicationPresenceRequest	type.ankama.com/com.ankama.dofus.server.game.protocol.guild.application.GuildApplicationPresenceRequest	C2S		refs/dofus-unity-protocol-builder/proto/game/guild_application.proto:50
GuildApplicationDeletedEvent	com.ankama.dofus.server.game.protocol.guild.application.GuildApplicationDeletedEvent	type.ankama.com/com.ankama.dofus.server.game.protocol.guild.application.GuildApplicationDeletedEvent	S2C	1:bool:deleted	refs/dofus-unity-protocol-builder/proto/game/guild_application.proto:53
GuildApplicationPlayerEvent	com.ankama.dofus.server.game.protocol.guild.application.GuildApplicationPlayerEvent	type.ankama.com/com.ankama.dofus.server.game.protocol.guild.application.GuildApplicationPlayerEvent	S2C	1:.com.ankama.dofus.server.game.protocol.guild.application.GuildApplicationPlayerEvent.ApplicationInformation:application	refs/dofus-unity-protocol-builder/proto/game/guild_application.proto:57
ApplicationInformation	com.ankama.dofus.server.game.protocol.guild.application.GuildApplicationPlayerEvent+ApplicationInformation	type.ankama.com/com.ankama.dofus.server.game.protocol.guild.application.GuildApplicationPlayerEvent.ApplicationInformation		1:.com.ankama.dofus.server.game.protocol.common.GuildInformation:guild_information;2:.com.ankama.dofus.server.game.protocol.common.SocialApplicationInformation:apply	refs/dofus-unity-protocol-builder/proto/game/guild_application.proto:59
GuildApplicationAnswerEvent	com.ankama.dofus.server.game.protocol.guild.application.GuildApplicationAnswerEvent	type.ankama.com/com.ankama.dofus.server.game.protocol.guild.application.GuildApplicationAnswerEvent	S2C	1:bool:accepted;2:.com.ankama.dofus.server.game.protocol.common.GuildInformation:guild_information	refs/dofus-unity-protocol-builder/proto/game/guild_application.proto:66
GuildApplicationsEvent	com.ankama.dofus.server.game.protocol.guild.application.GuildApplicationsEvent	type.ankama.com/com.ankama.dofus.server.game.protocol.guild.application.GuildApplicationsEvent	S2C	1:int64:offset;2:int64:count;3:int64:total;4:repeated .com.ankama.dofus.server.game.protocol.common.SocialApplicationInformation:applies	refs/dofus-unity-protocol-builder/proto/game/guild_application.proto:71
GuildApplicationModifiedEvent	com.ankama.dofus.server.game.protocol.guild.application.GuildApplicationModifiedEvent	type.ankama.com/com.ankama.dofus.server.game.protocol.guild.application.GuildApplicationModifiedEvent	S2C	1:.com.ankama.dofus.server.game.protocol.common.SocialApplicationInformation:application;2:.com.ankama.dofus.server.game.protocol.common.SocialApplicationState:state;3:int64:player_id	refs/dofus-unity-protocol-builder/proto/game/guild_application.proto:78
GuildApplicationReceivedEvent	com.ankama.dofus.server.game.protocol.guild.application.GuildApplicationReceivedEvent	type.ankama.com/com.ankama.dofus.server.game.protocol.guild.application.GuildApplicationReceivedEvent	S2C	1:string:player_name;2:int64:player_id	refs/dofus-unity-protocol-builder/proto/game/guild_application.proto:84
GuildApplicationPresenceEvent	com.ankama.dofus.server.game.protocol.guild.application.GuildApplicationPresenceEvent	type.ankama.com/com.ankama.dofus.server.game.protocol.guild.application.GuildApplicationPresenceEvent	S2C	1:bool:is_application	refs/dofus-unity-protocol-builder/proto/game/guild_application.proto:89
GuildChestTabSelectRequest	com.ankama.dofus.server.game.protocol.guild.chest.GuildChestTabSelectRequest	type.ankama.com/com.ankama.dofus.server.game.protocol.guild.chest.GuildChestTabSelectRequest	C2S	1:int32:tab_number	refs/dofus-unity-protocol-builder/proto/game/guild_chest.proto:7
GuildChestTabUpdateRequest	com.ankama.dofus.server.game.protocol.guild.chest.GuildChestTabUpdateRequest	type.ankama.com/com.ankama.dofus.server.game.protocol.guild.chest.GuildChestTabUpdateRequest	C2S	1:int32:tab_number;2:string:name;3:int32:picto;4:repeated int32:drop_type_limitation	refs/dofus-unity-protocol-builder/proto/game/guild_chest.proto:11
GuildChestTabContributionsRequest	com.ankama.dofus.server.game.protocol.guild.chest.GuildChestTabContributionsRequest	type.ankama.com/com.ankama.dofus.server.game.protocol.guild.chest.GuildChestTabContributionsRequest	C2S		refs/dofus-unity-protocol-builder/proto/game/guild_chest.proto:18
GuildChestContributionStartRequest	com.ankama.dofus.server.game.protocol.guild.chest.GuildChestContributionStartRequest	type.ankama.com/com.ankama.dofus.server.game.protocol.guild.chest.GuildChestContributionStartRequest	C2S		refs/dofus-unity-protocol-builder/proto/game/guild_chest.proto:21
GuildChestContributionStopRequest	com.ankama.dofus.server.game.protocol.guild.chest.GuildChestContributionStopRequest	type.ankama.com/com.ankama.dofus.server.game.protocol.guild.chest.GuildChestContributionStopRequest	C2S		refs/dofus-unity-protocol-builder/proto/game/guild_chest.proto:24
GuildChestStructureStartListeningRequest	com.ankama.dofus.server.game.protocol.guild.chest.GuildChestStructureStartListeningRequest	type.ankama.com/com.ankama.dofus.server.game.protocol.guild.chest.GuildChestStructureStartListeningRequest	C2S		refs/dofus-unity-protocol-builder/proto/game/guild_chest.proto:27
GuildChestStructureStopListeningRequest	com.ankama.dofus.server.game.protocol.guild.chest.GuildChestStructureStopListeningRequest	type.ankama.com/com.ankama.dofus.server.game.protocol.guild.chest.GuildChestStructureStopListeningRequest	C2S		refs/dofus-unity-protocol-builder/proto/game/guild_chest.proto:30
GuildChestTabContributionsEvent	com.ankama.dofus.server.game.protocol.guild.chest.GuildChestTabContributionsEvent	type.ankama.com/com.ankama.dofus.server.game.protocol.guild.chest.GuildChestTabContributionsEvent	S2C	1:repeated .com.ankama.dofus.server.game.protocol.guild.chest.GuildChestTabContributionsEvent.Contribution:contributions	refs/dofus-unity-protocol-builder/proto/game/guild_chest.proto:33
Contribution	com.ankama.dofus.server.game.protocol.guild.chest.GuildChestTabContributionsEvent+Contribution	type.ankama.com/com.ankama.dofus.server.game.protocol.guild.chest.GuildChestTabContributionsEvent.Contribution		1:int64:contributor_id;2:string:contributor_name;3:int64:amount	refs/dofus-unity-protocol-builder/proto/game/guild_chest.proto:35
GuildChestTabLastContributionDateEvent	com.ankama.dofus.server.game.protocol.guild.chest.GuildChestTabLastContributionDateEvent	type.ankama.com/com.ankama.dofus.server.game.protocol.guild.chest.GuildChestTabLastContributionDateEvent	S2C	1:int64:last_contribution_date	refs/dofus-unity-protocol-builder/proto/game/guild_chest.proto:43
GuildChestTabContributionEvent	com.ankama.dofus.server.game.protocol.guild.chest.GuildChestTabContributionEvent	type.ankama.com/com.ankama.dofus.server.game.protocol.guild.chest.GuildChestTabContributionEvent	S2C	1:int32:tab_number;2:int64:required_amount;3:int64:current_amount;4:int64:chest_contribution_enrollment_delay;5:int64:chest_contribution_delay	refs/dofus-unity-protocol-builder/proto/game/guild_chest.proto:47
GuildChestCurrentListenersEvent	com.ankama.dofus.server.game.protocol.guild.chest.GuildChestCurrentListenersEvent	type.ankama.com/com.ankama.dofus.server.game.protocol.guild.chest.GuildChestCurrentListenersEvent	S2C	1:repeated string:players	refs/dofus-unity-protocol-builder/proto/game/guild_chest.proto:55
GuildChestCurrentListenersAddEvent	com.ankama.dofus.server.game.protocol.guild.chest.GuildChestCurrentListenersAddEvent	type.ankama.com/com.ankama.dofus.server.game.protocol.guild.chest.GuildChestCurrentListenersAddEvent	S2C	1:string:players	refs/dofus-unity-protocol-builder/proto/game/guild_chest.proto:59
GuildChestCurrentListenersRemoveEvent	com.ankama.dofus.server.game.protocol.guild.chest.GuildChestCurrentListenersRemoveEvent	type.ankama.com/com.ankama.dofus.server.game.protocol.guild.chest.GuildChestCurrentListenersRemoveEvent	S2C	1:string:players	refs/dofus-unity-protocol-builder/proto/game/guild_chest.proto:63
GuildHousesEvent	com.ankama.dofus.server.game.protocol.guild.house.GuildHousesEvent	type.ankama.com/com.ankama.dofus.server.game.protocol.guild.house.GuildHousesEvent	S2C	1:repeated .com.ankama.dofus.server.game.protocol.common.House:houses	refs/dofus-unity-protocol-builder/proto/game/guild_house.proto:9
GuildHouseUpdateEvent	com.ankama.dofus.server.game.protocol.guild.house.GuildHouseUpdateEvent	type.ankama.com/com.ankama.dofus.server.game.protocol.guild.house.GuildHouseUpdateEvent	S2C	1:.com.ankama.dofus.server.game.protocol.common.House:house	refs/dofus-unity-protocol-builder/proto/game/guild_house.proto:13
GuildHouseRemoveEvent	com.ankama.dofus.server.game.protocol.guild.house.GuildHouseRemoveEvent	type.ankama.com/com.ankama.dofus.server.game.protocol.guild.house.GuildHouseRemoveEvent	S2C	1:int32:house_id;2:int32:instance_id;3:bool:second_hand	refs/dofus-unity-protocol-builder/proto/game/guild_house.proto:17
GuildLogbookRequest	com.ankama.dofus.server.game.protocol.guild.information.GuildLogbookRequest	type.ankama.com/com.ankama.dofus.server.game.protocol.guild.information.GuildLogbookRequest	C2S		refs/dofus-unity-protocol-builder/proto/game/guild_information.proto:9
GuildSummaryRequest	com.ankama.dofus.server.game.protocol.guild.information.GuildSummaryRequest	type.ankama.com/com.ankama.dofus.server.game.protocol.guild.information.GuildSummaryRequest	C2S	1:int64:offset;2:int32:count;3:string:name_filter;4:bool:hide_full_filter;5:bool:following_guild_criteria;6:repeated int32:criterion_filter;7:repeated int32:languages_filter;8:repeated .com.ankama.dofus.server.game.protocol.common.SocialRecruitmentType:recruitment_type_filters;9:int32:min_level_filter;10:int32:max_level_filter;11:int32:min_player_level_filter;12:int32:max_player_level_filter;13:int32:min_success_filter;14:int32:max_success_filter;15:.com.ankama.dofus.server.game.protocol.guild.information.GuildSummaryRequest.SummarySort:sort_type;16:bool:sort_descending	refs/dofus-unity-protocol-builder/proto/game/guild_information.proto:12
GuildInformationRequest	com.ankama.dofus.server.game.protocol.guild.information.GuildInformationRequest	type.ankama.com/com.ankama.dofus.server.game.protocol.guild.information.GuildInformationRequest	C2S	1:.com.ankama.dofus.server.game.protocol.guild.information.GuildInformationRequest.InformationType:information_type	refs/dofus-unity-protocol-builder/proto/game/guild_information.proto:38
GuildModificationNameValidRequest	com.ankama.dofus.server.game.protocol.guild.information.GuildModificationNameValidRequest	type.ankama.com/com.ankama.dofus.server.game.protocol.guild.information.GuildModificationNameValidRequest	C2S	1:string:name	refs/dofus-unity-protocol-builder/proto/game/guild_information.proto:52
GuildModificationEmblemValidRequest	com.ankama.dofus.server.game.protocol.guild.information.GuildModificationEmblemValidRequest	type.ankama.com/com.ankama.dofus.server.game.protocol.guild.information.GuildModificationEmblemValidRequest	C2S	1:.com.ankama.dofus.server.game.protocol.common.SocialEmblem:emblem	refs/dofus-unity-protocol-builder/proto/game/guild_information.proto:56
GuildModificationValidRequest	com.ankama.dofus.server.game.protocol.guild.information.GuildModificationValidRequest	type.ankama.com/com.ankama.dofus.server.game.protocol.guild.information.GuildModificationValidRequest	C2S	1:string:name;2:.com.ankama.dofus.server.game.protocol.common.SocialEmblem:emblem	refs/dofus-unity-protocol-builder/proto/game/guild_information.proto:60
GuildCreationValidRequest	com.ankama.dofus.server.game.protocol.guild.information.GuildCreationValidRequest	type.ankama.com/com.ankama.dofus.server.game.protocol.guild.information.GuildCreationValidRequest	C2S	1:string:name;2:.com.ankama.dofus.server.game.protocol.common.SocialEmblem:emblem	refs/dofus-unity-protocol-builder/proto/game/guild_information.proto:65
GuildInvitationRequest	com.ankama.dofus.server.game.protocol.guild.information.GuildInvitationRequest	type.ankama.com/com.ankama.dofus.server.game.protocol.guild.information.GuildInvitationRequest	C2S	1:int64:target_id	refs/dofus-unity-protocol-builder/proto/game/guild_information.proto:70
GuildInvitationAnswerRequest	com.ankama.dofus.server.game.protocol.guild.information.GuildInvitationAnswerRequest	type.ankama.com/com.ankama.dofus.server.game.protocol.guild.information.GuildInvitationAnswerRequest	C2S	1:bool:accepted	refs/dofus-unity-protocol-builder/proto/game/guild_information.proto:74
GuildKickRequest	com.ankama.dofus.server.game.protocol.guild.information.GuildKickRequest	type.ankama.com/com.ankama.dofus.server.game.protocol.guild.information.GuildKickRequest	C2S	1:int64:kicked_id	refs/dofus-unity-protocol-builder/proto/game/guild_information.proto:78
GuildJoinAutomaticallyRequest	com.ankama.dofus.server.game.protocol.guild.information.GuildJoinAutomaticallyRequest	type.ankama.com/com.ankama.dofus.server.game.protocol.guild.information.GuildJoinAutomaticallyRequest	C2S	1:int32:guild_id	refs/dofus-unity-protocol-builder/proto/game/guild_information.proto:82
GuildPaddockTeleportRequest	com.ankama.dofus.server.game.protocol.guild.information.GuildPaddockTeleportRequest	type.ankama.com/com.ankama.dofus.server.game.protocol.guild.information.GuildPaddockTeleportRequest	C2S	1:int64:paddock_id	refs/dofus-unity-protocol-builder/proto/game/guild_information.proto:86
GuildMotdSetRequest	com.ankama.dofus.server.game.protocol.guild.information.GuildMotdSetRequest	type.ankama.com/com.ankama.dofus.server.game.protocol.guild.information.GuildMotdSetRequest	C2S	1:string:content	refs/dofus-unity-protocol-builder/proto/game/guild_information.proto:90
GuildBulletinSetRequest	com.ankama.dofus.server.game.protocol.guild.information.GuildBulletinSetRequest	type.ankama.com/com.ankama.dofus.server.game.protocol.guild.information.GuildBulletinSetRequest	C2S	1:string:content	refs/dofus-unity-protocol-builder/proto/game/guild_information.proto:94
GuildCardRequest	com.ankama.dofus.server.game.protocol.guild.information.GuildCardRequest	type.ankama.com/com.ankama.dofus.server.game.protocol.guild.information.GuildCardRequest	C2S	1:int32:guild_id	refs/dofus-unity-protocol-builder/proto/game/guild_information.proto:98
GuildNoteUpdateRequest	com.ankama.dofus.server.game.protocol.guild.information.GuildNoteUpdateRequest	type.ankama.com/com.ankama.dofus.server.game.protocol.guild.information.GuildNoteUpdateRequest	C2S	1:int64:player_id;2:string:note	refs/dofus-unity-protocol-builder/proto/game/guild_information.proto:102
GuildLogbookEvent	com.ankama.dofus.server.game.protocol.guild.information.GuildLogbookEvent	type.ankama.com/com.ankama.dofus.server.game.protocol.guild.information.GuildLogbookEvent	S2C	1:repeated .com.ankama.dofus.server.game.protocol.common.GuildLogbookEntry:global_activities;2:repeated .com.ankama.dofus.server.game.protocol.common.GuildLogbookEntry:chest_activities	refs/dofus-unity-protocol-builder/proto/game/guild_information.proto:107
GuildSummaryEvent	com.ankama.dofus.server.game.protocol.guild.information.GuildSummaryEvent	type.ankama.com/com.ankama.dofus.server.game.protocol.guild.information.GuildSummaryEvent	S2C	1:int64:offset;2:int64:count;3:int64:total;4:repeated .com.ankama.dofus.server.game.protocol.common.GuildInformation:guilds	refs/dofus-unity-protocol-builder/proto/game/guild_information.proto:112
GuildCreationStartedEvent	com.ankama.dofus.server.game.protocol.guild.information.GuildCreationStartedEvent	type.ankama.com/com.ankama.dofus.server.game.protocol.guild.information.GuildCreationStartedEvent	S2C		refs/dofus-unity-protocol-builder/proto/game/guild_information.proto:119
GuildModificationStartedEvent	com.ankama.dofus.server.game.protocol.guild.information.GuildModificationStartedEvent	type.ankama.com/com.ankama.dofus.server.game.protocol.guild.information.GuildModificationStartedEvent	S2C	1:bool:can_change_name;2:bool:can_change_emblem	refs/dofus-unity-protocol-builder/proto/game/guild_information.proto:122
GuildCreationResultEvent	com.ankama.dofus.server.game.protocol.guild.information.GuildCreationResultEvent	type.ankama.com/com.ankama.dofus.server.game.protocol.guild.information.GuildCreationResultEvent	S2C	1:.com.ankama.dofus.server.game.protocol.common.SocialGroupOperationResult:result	refs/dofus-unity-protocol-builder/proto/game/guild_information.proto:127
GuildModificationResultEvent	com.ankama.dofus.server.game.protocol.guild.information.GuildModificationResultEvent	type.ankama.com/com.ankama.dofus.server.game.protocol.guild.information.GuildModificationResultEvent	S2C	1:.com.ankama.dofus.server.game.protocol.common.SocialGroupOperationResult:result	refs/dofus-unity-protocol-builder/proto/game/guild_information.proto:131
GuildInvitedEvent	com.ankama.dofus.server.game.protocol.guild.information.GuildInvitedEvent	type.ankama.com/com.ankama.dofus.server.game.protocol.guild.information.GuildInvitedEvent	S2C	1:string:recruiter_name;2:.com.ankama.dofus.server.game.protocol.common.GuildInformation:guild_information	refs/dofus-unity-protocol-builder/proto/game/guild_information.proto:135
GuildInvitationStateRecruiterEvent	com.ankama.dofus.server.game.protocol.guild.information.GuildInvitationStateRecruiterEvent	type.ankama.com/com.ankama.dofus.server.game.protocol.guild.information.GuildInvitationStateRecruiterEvent	S2C	1:string:recruited_name;2:.com.ankama.dofus.server.game.protocol.common.SocialGroupInvitationState:invitation_state	refs/dofus-unity-protocol-builder/proto/game/guild_information.proto:140
GuildInvitationStateRecruitedEvent	com.ankama.dofus.server.game.protocol.guild.information.GuildInvitationStateRecruitedEvent	type.ankama.com/com.ankama.dofus.server.game.protocol.guild.information.GuildInvitationStateRecruitedEvent	S2C	1:.com.ankama.dofus.server.game.protocol.common.SocialGroupInvitationState:invitation_state	refs/dofus-unity-protocol-builder/proto/game/guild_information.proto:145
GuildGeneralInformationEvent	com.ankama.dofus.server.game.protocol.guild.information.GuildGeneralInformationEvent	type.ankama.com/com.ankama.dofus.server.game.protocol.guild.information.GuildGeneralInformationEvent	S2C	1:bool:abandoned_paddock;2:int32:level;3:int64:exp_level_floor;4:int64:experience;5:int64:exp_level_next_floor;6:string:creation_date;7:int32:members_count;8:int32:score	refs/dofus-unity-protocol-builder/proto/game/guild_information.proto:149
GuildPaddocksInformationEvent	com.ankama.dofus.server.game.protocol.guild.information.GuildPaddocksInformationEvent	type.ankama.com/com.ankama.dofus.server.game.protocol.guild.information.GuildPaddocksInformationEvent	S2C	1:int32:max_paddock_number;2:repeated .com.ankama.dofus.server.game.protocol.common.PaddockInformation:paddock_information	refs/dofus-unity-protocol-builder/proto/game/guild_information.proto:160
GuildPaddockBoughtEvent	com.ankama.dofus.server.game.protocol.guild.information.GuildPaddockBoughtEvent	type.ankama.com/com.ankama.dofus.server.game.protocol.guild.information.GuildPaddockBoughtEvent	S2C	1:.com.ankama.dofus.server.game.protocol.common.PaddockInformation:paddock	refs/dofus-unity-protocol-builder/proto/game/guild_information.proto:165
GuildPaddockRemovedEvent	com.ankama.dofus.server.game.protocol.guild.information.GuildPaddockRemovedEvent	type.ankama.com/com.ankama.dofus.server.game.protocol.guild.information.GuildPaddockRemovedEvent	S2C	1:int64:paddock_id	refs/dofus-unity-protocol-builder/proto/game/guild_information.proto:169
GuildMotdEvent	com.ankama.dofus.server.game.protocol.guild.information.GuildMotdEvent	type.ankama.com/com.ankama.dofus.server.game.protocol.guild.information.GuildMotdEvent	S2C	1:.com.ankama.dofus.server.game.protocol.common.SocialNoticeInformation:motd	refs/dofus-unity-protocol-builder/proto/game/guild_information.proto:173
GuildMotdSetErrorEvent	com.ankama.dofus.server.game.protocol.guild.information.GuildMotdSetErrorEvent	type.ankama.com/com.ankama.dofus.server.game.protocol.guild.information.GuildMotdSetErrorEvent	S2C	1:.com.ankama.dofus.server.game.protocol.common.SocialNoticeError:error	refs/dofus-unity-protocol-builder/proto/game/guild_information.proto:177
GuildBulletinEvent	com.ankama.dofus.server.game.protocol.guild.information.GuildBulletinEvent	type.ankama.com/com.ankama.dofus.server.game.protocol.guild.information.GuildBulletinEvent	S2C	1:.com.ankama.dofus.server.game.protocol.common.SocialNoticeInformation:bulletin	refs/dofus-unity-protocol-builder/proto/game/guild_information.proto:181
GuildBulletinSetErrorEvent	com.ankama.dofus.server.game.protocol.guild.information.GuildBulletinSetErrorEvent	type.ankama.com/com.ankama.dofus.server.game.protocol.guild.information.GuildBulletinSetErrorEvent	S2C	1:.com.ankama.dofus.server.game.protocol.common.SocialNoticeError:error	refs/dofus-unity-protocol-builder/proto/game/guild_information.proto:185
GuildCardErrorEvent	com.ankama.dofus.server.game.protocol.guild.information.GuildCardErrorEvent	type.ankama.com/com.ankama.dofus.server.game.protocol.guild.information.GuildCardErrorEvent	S2C	1:int32:guild_id	refs/dofus-unity-protocol-builder/proto/game/guild_information.proto:189
GuildCardEvent	com.ankama.dofus.server.game.protocol.guild.information.GuildCardEvent	type.ankama.com/com.ankama.dofus.server.game.protocol.guild.information.GuildCardEvent	S2C	1:.com.ankama.dofus.server.game.protocol.common.GuildInformation:info;2:int32:creation_date;3:repeated .com.ankama.dofus.server.game.protocol.common.Character:members	refs/dofus-unity-protocol-builder/proto/game/guild_information.proto:193
GuildMemberParametersChangeRequest	com.ankama.dofus.server.game.protocol.guild.member.GuildMemberParametersChangeRequest	type.ankama.com/com.ankama.dofus.server.game.protocol.guild.member.GuildMemberParametersChangeRequest	C2S	1:int64:member_id;2:int32:rank_id;3:int32:experience_given_percent	refs/dofus-unity-protocol-builder/proto/game/guild_member.proto:9
GuildMemberWarnOnConnectionStartRequest	com.ankama.dofus.server.game.protocol.guild.member.GuildMemberWarnOnConnectionStartRequest	type.ankama.com/com.ankama.dofus.server.game.protocol.guild.member.GuildMemberWarnOnConnectionStartRequest	C2S		refs/dofus-unity-protocol-builder/proto/game/guild_member.proto:15
GuildMemberWarnOnConnectionStopRequest	com.ankama.dofus.server.game.protocol.guild.member.GuildMemberWarnOnConnectionStopRequest	type.ankama.com/com.ankama.dofus.server.game.protocol.guild.member.GuildMemberWarnOnConnectionStopRequest	C2S		refs/dofus-unity-protocol-builder/proto/game/guild_member.proto:18
GuildMemberOnlineStatusEvent	com.ankama.dofus.server.game.protocol.guild.member.GuildMemberOnlineStatusEvent	type.ankama.com/com.ankama.dofus.server.game.protocol.guild.member.GuildMemberOnlineStatusEvent	S2C	1:int64:member_id;2:bool:online	refs/dofus-unity-protocol-builder/proto/game/guild_member.proto:21
GuildMembersEvent	com.ankama.dofus.server.game.protocol.guild.member.GuildMembersEvent	type.ankama.com/com.ankama.dofus.server.game.protocol.guild.member.GuildMembersEvent	S2C	1:repeated .com.ankama.dofus.server.game.protocol.common.Character:members	refs/dofus-unity-protocol-builder/proto/game/guild_member.proto:26
GuildMemberUpdateEvent	com.ankama.dofus.server.game.protocol.guild.member.GuildMemberUpdateEvent	type.ankama.com/com.ankama.dofus.server.game.protocol.guild.member.GuildMemberUpdateEvent	S2C	1:.com.ankama.dofus.server.game.protocol.common.Character:member	refs/dofus-unity-protocol-builder/proto/game/guild_member.proto:30
GuildMemberLeaveEvent	com.ankama.dofus.server.game.protocol.guild.member.GuildMemberLeaveEvent	type.ankama.com/com.ankama.dofus.server.game.protocol.guild.member.GuildMemberLeaveEvent	S2C	1:bool:kicked;2:int64:player_id	refs/dofus-unity-protocol-builder/proto/game/guild_member.proto:34
GuildLeftEvent	com.ankama.dofus.server.game.protocol.guild.member.GuildLeftEvent	type.ankama.com/com.ankama.dofus.server.game.protocol.guild.member.GuildLeftEvent	S2C		refs/dofus-unity-protocol-builder/proto/game/guild_member.proto:39
GuildMembershipEvent	com.ankama.dofus.server.game.protocol.guild.member.GuildMembershipEvent	type.ankama.com/com.ankama.dofus.server.game.protocol.guild.member.GuildMembershipEvent	S2C	1:.com.ankama.dofus.server.game.protocol.common.GuildInformation:guild_information;2:int32:rank_id	refs/dofus-unity-protocol-builder/proto/game/guild_member.proto:42
GuildJoinedEvent	com.ankama.dofus.server.game.protocol.guild.member.GuildJoinedEvent	type.ankama.com/com.ankama.dofus.server.game.protocol.guild.member.GuildJoinedEvent	S2C	1:.com.ankama.dofus.server.game.protocol.common.GuildInformation:guild_information;2:int32:rank_id	refs/dofus-unity-protocol-builder/proto/game/guild_member.proto:47
GuildRanksRequest	com.ankama.dofus.server.game.protocol.guild.rank.GuildRanksRequest	type.ankama.com/com.ankama.dofus.server.game.protocol.guild.rank.GuildRanksRequest	C2S		refs/dofus-unity-protocol-builder/proto/game/guild_rank.proto:9
GuildRankCreateRequest	com.ankama.dofus.server.game.protocol.guild.rank.GuildRankCreateRequest	type.ankama.com/com.ankama.dofus.server.game.protocol.guild.rank.GuildRankCreateRequest	C2S	1:int32:parent_rank_id;2:int32:gfx_id;3:string:name	refs/dofus-unity-protocol-builder/proto/game/guild_rank.proto:12
GuildRankUpdateAllRequest	com.ankama.dofus.server.game.protocol.guild.rank.GuildRankUpdateAllRequest	type.ankama.com/com.ankama.dofus.server.game.protocol.guild.rank.GuildRankUpdateAllRequest	C2S	1:repeated .com.ankama.dofus.server.game.protocol.common.RankInformation:ranks	refs/dofus-unity-protocol-builder/proto/game/guild_rank.proto:18
GuildRankUpdateRequest	com.ankama.dofus.server.game.protocol.guild.rank.GuildRankUpdateRequest	type.ankama.com/com.ankama.dofus.server.game.protocol.guild.rank.GuildRankUpdateRequest	C2S	1:.com.ankama.dofus.server.game.protocol.common.RankInformation:rank	refs/dofus-unity-protocol-builder/proto/game/guild_rank.proto:22
GuildRightsUpdateRequest	com.ankama.dofus.server.game.protocol.guild.rank.GuildRightsUpdateRequest	type.ankama.com/com.ankama.dofus.server.game.protocol.guild.rank.GuildRightsUpdateRequest	C2S	1:int32:rank_id;2:repeated int32:rights	refs/dofus-unity-protocol-builder/proto/game/guild_rank.proto:26
GuildRankRemoveRequest	com.ankama.dofus.server.game.protocol.guild.rank.GuildRankRemoveRequest	type.ankama.com/com.ankama.dofus.server.game.protocol.guild.rank.GuildRankRemoveRequest	C2S	1:int32:rank_id;2:int32:new_rank_id	refs/dofus-unity-protocol-builder/proto/game/guild_rank.proto:31
GuildRanksEvent	com.ankama.dofus.server.game.protocol.guild.rank.GuildRanksEvent	type.ankama.com/com.ankama.dofus.server.game.protocol.guild.rank.GuildRanksEvent	S2C	1:repeated .com.ankama.dofus.server.game.protocol.common.RankInformation:ranks	refs/dofus-unity-protocol-builder/proto/game/guild_rank.proto:36
GuildRecruitmentUpdateRequest	com.ankama.dofus.server.game.protocol.guild.recruitment.GuildRecruitmentUpdateRequest	type.ankama.com/com.ankama.dofus.server.game.protocol.guild.recruitment.GuildRecruitmentUpdateRequest	C2S	1:.com.ankama.dofus.server.game.protocol.common.GuildRecruitmentInformation:recruitment	refs/dofus-unity-protocol-builder/proto/game/guild_recruitment.proto:9
GuildRecruitmentEvent	com.ankama.dofus.server.game.protocol.guild.recruitment.GuildRecruitmentEvent	type.ankama.com/com.ankama.dofus.server.game.protocol.guild.recruitment.GuildRecruitmentEvent	S2C	1:.com.ankama.dofus.server.game.protocol.common.GuildRecruitmentInformation:recruitment	refs/dofus-unity-protocol-builder/proto/game/guild_recruitment.proto:13
GuildRecruitmentInvalidateEvent	com.ankama.dofus.server.game.protocol.guild.recruitment.GuildRecruitmentInvalidateEvent	type.ankama.com/com.ankama.dofus.server.game.protocol.guild.recruitment.GuildRecruitmentInvalidateEvent	S2C		refs/dofus-unity-protocol-builder/proto/game/guild_recruitment.proto:17
HaapiTokenRequest	com.ankama.dofus.server.game.protocol.haapi.HaapiTokenRequest	type.ankama.com/com.ankama.dofus.server.game.protocol.haapi.HaapiTokenRequest	C2S		refs/dofus-unity-protocol-builder/proto/game/haapi.proto:7
HaapiTokenEvent	com.ankama.dofus.server.game.protocol.haapi.HaapiTokenEvent	type.ankama.com/com.ankama.dofus.server.game.protocol.haapi.HaapiTokenEvent	S2C	1:string:token	refs/dofus-unity-protocol-builder/proto/game/haapi.proto:10
HaapiAuthenticationErrorEvent	com.ankama.dofus.server.game.protocol.haapi.HaapiAuthenticationErrorEvent	type.ankama.com/com.ankama.dofus.server.game.protocol.haapi.HaapiAuthenticationErrorEvent	S2C		refs/dofus-unity-protocol-builder/proto/game/haapi.proto:14
HaapiSessionEvent	com.ankama.dofus.server.game.protocol.haapi.HaapiSessionEvent	type.ankama.com/com.ankama.dofus.server.game.protocol.haapi.HaapiSessionEvent	S2C	1:string:session_uid	refs/dofus-unity-protocol-builder/proto/game/haapi.proto:17
HavenBagEnterRequest	com.ankama.dofus.server.game.protocol.haven.bag.HavenBagEnterRequest	type.ankama.com/com.ankama.dofus.server.game.protocol.haven.bag.HavenBagEnterRequest	C2S	1:int64:owner	refs/dofus-unity-protocol-builder/proto/game/haven_bag.proto:9
HavenBagChangeRoomRequest	com.ankama.dofus.server.game.protocol.haven.bag.HavenBagChangeRoomRequest	type.ankama.com/com.ankama.dofus.server.game.protocol.haven.bag.HavenBagChangeRoomRequest	C2S	1:int32:room_id	refs/dofus-unity-protocol-builder/proto/game/haven_bag.proto:13
HavenBagExitRequest	com.ankama.dofus.server.game.protocol.haven.bag.HavenBagExitRequest	type.ankama.com/com.ankama.dofus.server.game.protocol.haven.bag.HavenBagExitRequest	C2S		refs/dofus-unity-protocol-builder/proto/game/haven_bag.proto:17
HavenBagEditRequest	com.ankama.dofus.server.game.protocol.haven.bag.HavenBagEditRequest	type.ankama.com/com.ankama.dofus.server.game.protocol.haven.bag.HavenBagEditRequest	C2S		refs/dofus-unity-protocol-builder/proto/game/haven_bag.proto:20
HavenBagEditCancelRequest	com.ankama.dofus.server.game.protocol.haven.bag.HavenBagEditCancelRequest	type.ankama.com/com.ankama.dofus.server.game.protocol.haven.bag.HavenBagEditCancelRequest	C2S		refs/dofus-unity-protocol-builder/proto/game/haven_bag.proto:23
HavenBagThemeChangeRequest	com.ankama.dofus.server.game.protocol.haven.bag.HavenBagThemeChangeRequest	type.ankama.com/com.ankama.dofus.server.game.protocol.haven.bag.HavenBagThemeChangeRequest	C2S	1:int32:theme	refs/dofus-unity-protocol-builder/proto/game/haven_bag.proto:26
HavenBagFurnitureOpenRequest	com.ankama.dofus.server.game.protocol.haven.bag.HavenBagFurnitureOpenRequest	type.ankama.com/com.ankama.dofus.server.game.protocol.haven.bag.HavenBagFurnitureOpenRequest	C2S		refs/dofus-unity-protocol-builder/proto/game/haven_bag.proto:30
HavenBagFurnitureRequest	com.ankama.dofus.server.game.protocol.haven.bag.HavenBagFurnitureRequest	type.ankama.com/com.ankama.dofus.server.game.protocol.haven.bag.HavenBagFurnitureRequest	C2S	1:repeated .com.ankama.dofus.server.game.protocol.haven.bag.Element:furniture	refs/dofus-unity-protocol-builder/proto/game/haven_bag.proto:33
HavenBagFurnitureCloseRequest	com.ankama.dofus.server.game.protocol.haven.bag.HavenBagFurnitureCloseRequest	type.ankama.com/com.ankama.dofus.server.game.protocol.haven.bag.HavenBagFurnitureCloseRequest	C2S		refs/dofus-unity-protocol-builder/proto/game/haven_bag.proto:37
HavenBagKickRequest	com.ankama.dofus.server.game.protocol.haven.bag.HavenBagKickRequest	type.ankama.com/com.ankama.dofus.server.game.protocol.haven.bag.HavenBagKickRequest	C2S	1:int64:guest_id	refs/dofus-unity-protocol-builder/proto/game/haven_bag.proto:40
HavenBagPermissionsUpdateRequest	com.ankama.dofus.server.game.protocol.haven.bag.HavenBagPermissionsUpdateRequest	type.ankama.com/com.ankama.dofus.server.game.protocol.haven.bag.HavenBagPermissionsUpdateRequest	C2S	1:int32:permissions	refs/dofus-unity-protocol-builder/proto/game/haven_bag.proto:44
HavenBagInvitationAnswerRequest	com.ankama.dofus.server.game.protocol.haven.bag.HavenBagInvitationAnswerRequest	type.ankama.com/com.ankama.dofus.server.game.protocol.haven.bag.HavenBagInvitationAnswerRequest	C2S	1:bool:accepted	refs/dofus-unity-protocol-builder/proto/game/haven_bag.proto:48
HavenBagInvitationRequest	com.ankama.dofus.server.game.protocol.haven.bag.HavenBagInvitationRequest	type.ankama.com/com.ankama.dofus.server.game.protocol.haven.bag.HavenBagInvitationRequest	C2S	1:int64:guest_id	refs/dofus-unity-protocol-builder/proto/game/haven_bag.proto:52
HavenBagRoomUpdateEvent	com.ankama.dofus.server.game.protocol.haven.bag.HavenBagRoomUpdateEvent	type.ankama.com/com.ankama.dofus.server.game.protocol.haven.bag.HavenBagRoomUpdateEvent	S2C	1:.com.ankama.dofus.server.game.protocol.haven.bag.HavenBagRoomUpdateEvent.HavenBagRoomAction:action;2:repeated .com.ankama.dofus.server.game.protocol.haven.bag.HavenBagRoomUpdateEvent.HavenBagRoomPreview:preview	refs/dofus-unity-protocol-builder/proto/game/haven_bag.proto:56
HavenBagRoomPreview	com.ankama.dofus.server.game.protocol.haven.bag.HavenBagRoomUpdateEvent+HavenBagRoomPreview	type.ankama.com/com.ankama.dofus.server.game.protocol.haven.bag.HavenBagRoomUpdateEvent.HavenBagRoomPreview		1:int32:room_id;2:int32:theme_id	refs/dofus-unity-protocol-builder/proto/game/haven_bag.proto:59
HavenBagPackListEvent	com.ankama.dofus.server.game.protocol.haven.bag.HavenBagPackListEvent	type.ankama.com/com.ankama.dofus.server.game.protocol.haven.bag.HavenBagPackListEvent	S2C	1:repeated int32:packs_id	refs/dofus-unity-protocol-builder/proto/game/haven_bag.proto:71
HavenBagEditStartEvent	com.ankama.dofus.server.game.protocol.haven.bag.HavenBagEditStartEvent	type.ankama.com/com.ankama.dofus.server.game.protocol.haven.bag.HavenBagEditStartEvent	S2C		refs/dofus-unity-protocol-builder/proto/game/haven_bag.proto:75
HavenBagEditFinishedEvent	com.ankama.dofus.server.game.protocol.haven.bag.HavenBagEditFinishedEvent	type.ankama.com/com.ankama.dofus.server.game.protocol.haven.bag.HavenBagEditFinishedEvent	S2C		refs/dofus-unity-protocol-builder/proto/game/haven_bag.proto:78
HavenBagDailyLotteryEvent	com.ankama.dofus.server.game.protocol.haven.bag.HavenBagDailyLotteryEvent	type.ankama.com/com.ankama.dofus.server.game.protocol.haven.bag.HavenBagDailyLotteryEvent	S2C	1:.com.ankama.dofus.server.game.protocol.haven.bag.HavenBagDailyLotteryEvent.DailyLotteryResult:result;2:int64:game_action_id	refs/dofus-unity-protocol-builder/proto/game/haven_bag.proto:81
HavenBagFurnitureEvent	com.ankama.dofus.server.game.protocol.haven.bag.HavenBagFurnitureEvent	type.ankama.com/com.ankama.dofus.server.game.protocol.haven.bag.HavenBagFurnitureEvent	S2C	1:repeated .com.ankama.dofus.server.game.protocol.haven.bag.Element:furniture	refs/dofus-unity-protocol-builder/proto/game/haven_bag.proto:92
HavenBagPermissionsUpdateEvent	com.ankama.dofus.server.game.protocol.haven.bag.HavenBagPermissionsUpdateEvent	type.ankama.com/com.ankama.dofus.server.game.protocol.haven.bag.HavenBagPermissionsUpdateEvent	S2C	1:int32:permissions	refs/dofus-unity-protocol-builder/proto/game/haven_bag.proto:96
HavenBagInvitationClosedEvent	com.ankama.dofus.server.game.protocol.haven.bag.HavenBagInvitationClosedEvent	type.ankama.com/com.ankama.dofus.server.game.protocol.haven.bag.HavenBagInvitationClosedEvent	S2C	1:.com.ankama.dofus.server.game.protocol.common.Character:host_information	refs/dofus-unity-protocol-builder/proto/game/haven_bag.proto:100
HavenBagInvitationEvent	com.ankama.dofus.server.game.protocol.haven.bag.HavenBagInvitationEvent	type.ankama.com/com.ankama.dofus.server.game.protocol.haven.bag.HavenBagInvitationEvent	S2C	1:.com.ankama.dofus.server.game.protocol.common.Character:guest_information;2:bool:accepted	refs/dofus-unity-protocol-builder/proto/game/haven_bag.proto:104
HavenBagInvitationOfferedEvent	com.ankama.dofus.server.game.protocol.haven.bag.HavenBagInvitationOfferedEvent	type.ankama.com/com.ankama.dofus.server.game.protocol.haven.bag.HavenBagInvitationOfferedEvent	S2C	1:.com.ankama.dofus.server.game.protocol.common.Character:host_information;2:int64:time_before_cancel	refs/dofus-unity-protocol-builder/proto/game/haven_bag.proto:109
Element	com.ankama.dofus.server.game.protocol.haven.bag.Element	type.ankama.com/com.ankama.dofus.server.game.protocol.haven.bag.Element		1:int32:cell_id;2:int32:element_id;3:int32:orientation	refs/dofus-unity-protocol-builder/proto/game/haven_bag.proto:114
HouseInformationRequest	com.ankama.dofus.server.game.protocol.house.HouseInformationRequest	type.ankama.com/com.ankama.dofus.server.game.protocol.house.HouseInformationRequest	C2S	1:int32:house_id;2:int64:house_instance_id	refs/dofus-unity-protocol-builder/proto/game/house.proto:9
HouseInformationResponse	com.ankama.dofus.server.game.protocol.house.HouseInformationResponse	type.ankama.com/com.ankama.dofus.server.game.protocol.house.HouseInformationResponse	S2C	1:.com.ankama.dofus.server.game.protocol.common.HouseInstance:house_information	refs/dofus-unity-protocol-builder/proto/game/house.proto:14
HouseKickRequest	com.ankama.dofus.server.game.protocol.house.HouseKickRequest	type.ankama.com/com.ankama.dofus.server.game.protocol.house.HouseKickRequest	C2S	1:int64:player_id	refs/dofus-unity-protocol-builder/proto/game/house.proto:18
HouseSellRequest	com.ankama.dofus.server.game.protocol.house.HouseSellRequest	type.ankama.com/com.ankama.dofus.server.game.protocol.house.HouseSellRequest	C2S	1:int32:instance_id;2:int64:amount;3:bool:for_sale;4:bool:is_inside	refs/dofus-unity-protocol-builder/proto/game/house.proto:22
HouseBuyRequest	com.ankama.dofus.server.game.protocol.house.HouseBuyRequest	type.ankama.com/com.ankama.dofus.server.game.protocol.house.HouseBuyRequest	C2S	1:int64:proposed_price	refs/dofus-unity-protocol-builder/proto/game/house.proto:29
HouseLockFromInsideRequest	com.ankama.dofus.server.game.protocol.house.HouseLockFromInsideRequest	type.ankama.com/com.ankama.dofus.server.game.protocol.house.HouseLockFromInsideRequest	C2S	1:string:code	refs/dofus-unity-protocol-builder/proto/game/house.proto:33
HousesToSellRequest	com.ankama.dofus.server.game.protocol.house.HousesToSellRequest	type.ankama.com/com.ankama.dofus.server.game.protocol.house.HousesToSellRequest	C2S	1:int32:page_index	refs/dofus-unity-protocol-builder/proto/game/house.proto:37
HousesToSellFiltersRequest	com.ankama.dofus.server.game.protocol.house.HousesToSellFiltersRequest	type.ankama.com/com.ankama.dofus.server.game.protocol.house.HousesToSellFiltersRequest	C2S	1:int32:area_id;2:int32:at_least_room_number;3:int32:at_least_chest_number;4:int32:skill_requested;5:int64:price_max;6:.com.ankama.dofus.server.game.protocol.common.RealEstateOrder:order_by	refs/dofus-unity-protocol-builder/proto/game/house.proto:41
HouseTeleportRequest	com.ankama.dofus.server.game.protocol.house.HouseTeleportRequest	type.ankama.com/com.ankama.dofus.server.game.protocol.house.HouseTeleportRequest	C2S	1:int32:house_id;2:int32:instance_id	refs/dofus-unity-protocol-builder/proto/game/house.proto:50
HouseGuildRightsViewRequest	com.ankama.dofus.server.game.protocol.house.HouseGuildRightsViewRequest	type.ankama.com/com.ankama.dofus.server.game.protocol.house.HouseGuildRightsViewRequest	C2S	1:int32:house_id;2:int32:instance_id	refs/dofus-unity-protocol-builder/proto/game/house.proto:55
HouseGuildShareRequest	com.ankama.dofus.server.game.protocol.house.HouseGuildShareRequest	type.ankama.com/com.ankama.dofus.server.game.protocol.house.HouseGuildShareRequest	C2S	1:int32:house_id;2:int32:instance_id;3:bool:share;4:int32:rights	refs/dofus-unity-protocol-builder/proto/game/house.proto:60
HouseAccountEvent	com.ankama.dofus.server.game.protocol.house.HouseAccountEvent	type.ankama.com/com.ankama.dofus.server.game.protocol.house.HouseAccountEvent	S2C	1:repeated .com.ankama.dofus.server.game.protocol.common.House:houses	refs/dofus-unity-protocol-builder/proto/game/house.proto:67
HousePropertiesEvent	com.ankama.dofus.server.game.protocol.house.HousePropertiesEvent	type.ankama.com/com.ankama.dofus.server.game.protocol.house.HousePropertiesEvent	S2C	1:int32:house_id;2:repeated int32:doors_on_map;3:.com.ankama.dofus.server.game.protocol.common.HouseInstance:properties	refs/dofus-unity-protocol-builder/proto/game/house.proto:71
HouseBuyResultEvent	com.ankama.dofus.server.game.protocol.house.HouseBuyResultEvent	type.ankama.com/com.ankama.dofus.server.game.protocol.house.HouseBuyResultEvent	S2C	1:int32:house_id;2:int32:instance_id;3:bool:second_hand;4:bool:bought;5:int64:price	refs/dofus-unity-protocol-builder/proto/game/house.proto:77
HouseSellingUpdateEvent	com.ankama.dofus.server.game.protocol.house.HouseSellingUpdateEvent	type.ankama.com/com.ankama.dofus.server.game.protocol.house.HouseSellingUpdateEvent	S2C	1:int32:house_id;2:int32:instance_id;3:bool:second_hand;4:int64:price;5:string:buyer_account_nickname;6:string:buyer_account_tag	refs/dofus-unity-protocol-builder/proto/game/house.proto:85
HousesToSellEvent	com.ankama.dofus.server.game.protocol.house.HousesToSellEvent	type.ankama.com/com.ankama.dofus.server.game.protocol.house.HousesToSellEvent	S2C	1:int32:page_index;2:int32:total_page;3:repeated .com.ankama.dofus.server.game.protocol.house.HousesToSellEvent.HouseToSell:houses	refs/dofus-unity-protocol-builder/proto/game/house.proto:94
HouseToSell	com.ankama.dofus.server.game.protocol.house.HousesToSellEvent+HouseToSell	type.ankama.com/com.ankama.dofus.server.game.protocol.house.HousesToSellEvent.HouseToSell		1:int32:instance_id;2:bool:second_hand;3:int32:model_id;4:string:owner_account_nickname;5:string:owner_account_tag;6:bool:has_owner;7:string:owner_name;8:.com.ankama.dofus.server.game.protocol.common.MapCoordinates:coordinates;9:int32:sub_area_id;10:int32:room_number;11:int32:chest_number;12:repeated int32:skills_id;13:bool:is_locked;14:int64:price	refs/dofus-unity-protocol-builder/proto/game/house.proto:98
HouseGuildNoneEvent	com.ankama.dofus.server.game.protocol.house.HouseGuildNoneEvent	type.ankama.com/com.ankama.dofus.server.game.protocol.house.HouseGuildNoneEvent	S2C	1:int32:house_id;2:int32:instance_id;3:bool:second_hand	refs/dofus-unity-protocol-builder/proto/game/house.proto:117
HouseGuildRightsEvent	com.ankama.dofus.server.game.protocol.house.HouseGuildRightsEvent	type.ankama.com/com.ankama.dofus.server.game.protocol.house.HouseGuildRightsEvent	S2C	1:int32:house_id;2:int32:instance_id;3:bool:second_hand;4:.com.ankama.dofus.server.game.protocol.common.GuildInformation:guild_information;5:int32:rights;6:bool:is_locked	refs/dofus-unity-protocol-builder/proto/game/house.proto:123
InteractiveUseRequest	com.ankama.dofus.server.game.protocol.interactive.element.InteractiveUseRequest	type.ankama.com/com.ankama.dofus.server.game.protocol.interactive.element.InteractiveUseRequest	C2S	1:int32:element_id;2:int32:skill_instance_uid;3:int32:specific_instance_id	refs/dofus-unity-protocol-builder/proto/game/interactive_element.proto:9
InteractiveUseErrorEvent	com.ankama.dofus.server.game.protocol.interactive.element.InteractiveUseErrorEvent	type.ankama.com/com.ankama.dofus.server.game.protocol.interactive.element.InteractiveUseErrorEvent	S2C	1:int32:element_id;2:int32:skill_instance_uid	refs/dofus-unity-protocol-builder/proto/game/interactive_element.proto:15
InteractiveUsedEvent	com.ankama.dofus.server.game.protocol.interactive.element.InteractiveUsedEvent	type.ankama.com/com.ankama.dofus.server.game.protocol.interactive.element.InteractiveUsedEvent	S2C	1:int64:entity_id;2:int32:element_id;3:int32:skill_id;4:int32:duration;5:bool:can_move	refs/dofus-unity-protocol-builder/proto/game/interactive_element.proto:20
InteractiveUseEndedEvent	com.ankama.dofus.server.game.protocol.interactive.element.InteractiveUseEndedEvent	type.ankama.com/com.ankama.dofus.server.game.protocol.interactive.element.InteractiveUseEndedEvent	S2C	1:int32:element_id;2:int32:skill_id	refs/dofus-unity-protocol-builder/proto/game/interactive_element.proto:28
InteractiveMapUpdateEvent	com.ankama.dofus.server.game.protocol.interactive.element.InteractiveMapUpdateEvent	type.ankama.com/com.ankama.dofus.server.game.protocol.interactive.element.InteractiveMapUpdateEvent	S2C	1:repeated .com.ankama.dofus.server.game.protocol.common.InteractiveElement:interactive_elements	refs/dofus-unity-protocol-builder/proto/game/interactive_element.proto:33
StatedMapUpdateEvent	com.ankama.dofus.server.game.protocol.interactive.element.StatedMapUpdateEvent	type.ankama.com/com.ankama.dofus.server.game.protocol.interactive.element.StatedMapUpdateEvent	S2C	1:repeated .com.ankama.dofus.server.game.protocol.common.StatedElement:stated_elements	refs/dofus-unity-protocol-builder/proto/game/interactive_element.proto:37
InteractiveElementUpdatedEvent	com.ankama.dofus.server.game.protocol.interactive.element.InteractiveElementUpdatedEvent	type.ankama.com/com.ankama.dofus.server.game.protocol.interactive.element.InteractiveElementUpdatedEvent	S2C	1:.com.ankama.dofus.server.game.protocol.common.InteractiveElement:interactive_element	refs/dofus-unity-protocol-builder/proto/game/interactive_element.proto:41
StatedElementUpdatedEvent	com.ankama.dofus.server.game.protocol.interactive.element.StatedElementUpdatedEvent	type.ankama.com/com.ankama.dofus.server.game.protocol.interactive.element.StatedElementUpdatedEvent	S2C	1:.com.ankama.dofus.server.game.protocol.common.StatedElement:stated_element	refs/dofus-unity-protocol-builder/proto/game/interactive_element.proto:45
ShortcutBarAddRequest	com.ankama.dofus.server.game.protocol.inventory.ShortcutBarAddRequest	type.ankama.com/com.ankama.dofus.server.game.protocol.inventory.ShortcutBarAddRequest	C2S	1:.com.ankama.dofus.server.game.protocol.common.ShortcutBar:bar_type;2:.com.ankama.dofus.server.game.protocol.common.Shortcut:shortcut	refs/dofus-unity-protocol-builder/proto/game/inventory.proto:9
ShortcutBarRemoveRequest	com.ankama.dofus.server.game.protocol.inventory.ShortcutBarRemoveRequest	type.ankama.com/com.ankama.dofus.server.game.protocol.inventory.ShortcutBarRemoveRequest	C2S	1:.com.ankama.dofus.server.game.protocol.common.ShortcutBar:bar_type;2:int32:slot_id	refs/dofus-unity-protocol-builder/proto/game/inventory.proto:14
ShortcutBarSwapRequest	com.ankama.dofus.server.game.protocol.inventory.ShortcutBarSwapRequest	type.ankama.com/com.ankama.dofus.server.game.protocol.inventory.ShortcutBarSwapRequest	C2S	1:.com.ankama.dofus.server.game.protocol.common.ShortcutBar:bar_type;2:int32:first_slot_id;3:int32:second_slot_id	refs/dofus-unity-protocol-builder/proto/game/inventory.proto:19
ObjectSetPositionRequest	com.ankama.dofus.server.game.protocol.inventory.ObjectSetPositionRequest	type.ankama.com/com.ankama.dofus.server.game.protocol.inventory.ObjectSetPositionRequest	C2S	1:int32:object_uid;2:int32:position;3:int32:quantity	refs/dofus-unity-protocol-builder/proto/game/inventory.proto:25
ObjectDropRequest	com.ankama.dofus.server.game.protocol.inventory.ObjectDropRequest	type.ankama.com/com.ankama.dofus.server.game.protocol.inventory.ObjectDropRequest	C2S	1:.com.ankama.dofus.server.game.protocol.common.ObjectUidWithQuantity:object	refs/dofus-unity-protocol-builder/proto/game/inventory.proto:31
ObjectDeleteRequest	com.ankama.dofus.server.game.protocol.inventory.ObjectDeleteRequest	type.ankama.com/com.ankama.dofus.server.game.protocol.inventory.ObjectDeleteRequest	C2S	1:.com.ankama.dofus.server.game.protocol.common.ObjectUidWithQuantity:object	refs/dofus-unity-protocol-builder/proto/game/inventory.proto:35
ObjectUseRequest	com.ankama.dofus.server.game.protocol.inventory.ObjectUseRequest	type.ankama.com/com.ankama.dofus.server.game.protocol.inventory.ObjectUseRequest	C2S	1:int32:object_uid	refs/dofus-unity-protocol-builder/proto/game/inventory.proto:39
ObjectUseMultipleRequest	com.ankama.dofus.server.game.protocol.inventory.ObjectUseMultipleRequest	type.ankama.com/com.ankama.dofus.server.game.protocol.inventory.ObjectUseMultipleRequest	C2S	1:int32:object_uid;2:int32:quantity	refs/dofus-unity-protocol-builder/proto/game/inventory.proto:43
ObjectUseOnCharacterRequest	com.ankama.dofus.server.game.protocol.inventory.ObjectUseOnCharacterRequest	type.ankama.com/com.ankama.dofus.server.game.protocol.inventory.ObjectUseOnCharacterRequest	C2S	1:int32:object_uid;2:int64:player_id	refs/dofus-unity-protocol-builder/proto/game/inventory.proto:48
ObjectUseOnCellRequest	com.ankama.dofus.server.game.protocol.inventory.ObjectUseOnCellRequest	type.ankama.com/com.ankama.dofus.server.game.protocol.inventory.ObjectUseOnCellRequest	C2S	1:int32:object_uid;2:int32:cell_id	refs/dofus-unity-protocol-builder/proto/game/inventory.proto:53
ObjectFeedRequest	com.ankama.dofus.server.game.protocol.inventory.ObjectFeedRequest	type.ankama.com/com.ankama.dofus.server.game.protocol.inventory.ObjectFeedRequest	C2S	1:int32:object_uid;2:repeated .com.ankama.dofus.server.game.protocol.common.ObjectUidWithQuantity:meal	refs/dofus-unity-protocol-builder/proto/game/inventory.proto:58
ObjectFavoriteRequest	com.ankama.dofus.server.game.protocol.inventory.ObjectFavoriteRequest	type.ankama.com/com.ankama.dofus.server.game.protocol.inventory.ObjectFavoriteRequest	C2S	1:repeated .com.ankama.dofus.server.game.protocol.inventory.ObjectFavoriteRequest.ObjectFavorite:objects;2:bool:favorite	refs/dofus-unity-protocol-builder/proto/game/inventory.proto:63
ObjectFavorite	com.ankama.dofus.server.game.protocol.inventory.ObjectFavoriteRequest+ObjectFavorite	type.ankama.com/com.ankama.dofus.server.game.protocol.inventory.ObjectFavoriteRequest.ObjectFavorite		1:int32:object_uid;2:int32:position	refs/dofus-unity-protocol-builder/proto/game/inventory.proto:66
KamasUpdateEvent	com.ankama.dofus.server.game.protocol.inventory.KamasUpdateEvent	type.ankama.com/com.ankama.dofus.server.game.protocol.inventory.KamasUpdateEvent	S2C	1:int64:quantity	refs/dofus-unity-protocol-builder/proto/game/inventory.proto:73
ObjectDroppedEvent	com.ankama.dofus.server.game.protocol.inventory.ObjectDroppedEvent	type.ankama.com/com.ankama.dofus.server.game.protocol.inventory.ObjectDroppedEvent	S2C	1:.com.ankama.dofus.server.game.protocol.common.ObjectInRolePlay:object	refs/dofus-unity-protocol-builder/proto/game/inventory.proto:77
ObjectsDroppedEvent	com.ankama.dofus.server.game.protocol.inventory.ObjectsDroppedEvent	type.ankama.com/com.ankama.dofus.server.game.protocol.inventory.ObjectsDroppedEvent	S2C	1:repeated .com.ankama.dofus.server.game.protocol.common.ObjectInRolePlay:object	refs/dofus-unity-protocol-builder/proto/game/inventory.proto:81
ObjectCellDeleteEvent	com.ankama.dofus.server.game.protocol.inventory.ObjectCellDeleteEvent	type.ankama.com/com.ankama.dofus.server.game.protocol.inventory.ObjectCellDeleteEvent	S2C	1:int32:cell_id	refs/dofus-unity-protocol-builder/proto/game/inventory.proto:85
ObjectCellsDeleteEvent	com.ankama.dofus.server.game.protocol.inventory.ObjectCellsDeleteEvent	type.ankama.com/com.ankama.dofus.server.game.protocol.inventory.ObjectCellsDeleteEvent	S2C	1:repeated int32:cells_id	refs/dofus-unity-protocol-builder/proto/game/inventory.proto:89
ObjectMovementEvent	com.ankama.dofus.server.game.protocol.inventory.ObjectMovementEvent	type.ankama.com/com.ankama.dofus.server.game.protocol.inventory.ObjectMovementEvent	S2C	1:int32:object_uid;2:int32:position	refs/dofus-unity-protocol-builder/proto/game/inventory.proto:93
ObjectAddedEvent	com.ankama.dofus.server.game.protocol.inventory.ObjectAddedEvent	type.ankama.com/com.ankama.dofus.server.game.protocol.inventory.ObjectAddedEvent	S2C	1:.com.ankama.dofus.server.game.protocol.common.ObjectItemInventory:object;2:.com.ankama.dofus.server.game.protocol.common.ObjectOrigin:origin	refs/dofus-unity-protocol-builder/proto/game/inventory.proto:98
ObjectsAddedEvent	com.ankama.dofus.server.game.protocol.inventory.ObjectsAddedEvent	type.ankama.com/com.ankama.dofus.server.game.protocol.inventory.ObjectsAddedEvent	S2C	1:repeated .com.ankama.dofus.server.game.protocol.common.ObjectItemInventory:objects	refs/dofus-unity-protocol-builder/proto/game/inventory.proto:103
GoldAddedEvent	com.ankama.dofus.server.game.protocol.inventory.GoldAddedEvent	type.ankama.com/com.ankama.dofus.server.game.protocol.inventory.GoldAddedEvent	S2C	1:int64:sum	refs/dofus-unity-protocol-builder/proto/game/inventory.proto:107
ObjectErrorEvent	com.ankama.dofus.server.game.protocol.inventory.ObjectErrorEvent	type.ankama.com/com.ankama.dofus.server.game.protocol.inventory.ObjectErrorEvent	S2C	1:.com.ankama.dofus.server.game.protocol.common.ObjectError:reason	refs/dofus-unity-protocol-builder/proto/game/inventory.proto:111
ObjectDeletedEvent	com.ankama.dofus.server.game.protocol.inventory.ObjectDeletedEvent	type.ankama.com/com.ankama.dofus.server.game.protocol.inventory.ObjectDeletedEvent	S2C	1:int32:object_uid	refs/dofus-unity-protocol-builder/proto/game/inventory.proto:115
ObjectsDeletedEvent	com.ankama.dofus.server.game.protocol.inventory.ObjectsDeletedEvent	type.ankama.com/com.ankama.dofus.server.game.protocol.inventory.ObjectsDeletedEvent	S2C	1:repeated int32:objects_uid	refs/dofus-unity-protocol-builder/proto/game/inventory.proto:119
ObjectQuantityEvent	com.ankama.dofus.server.game.protocol.inventory.ObjectQuantityEvent	type.ankama.com/com.ankama.dofus.server.game.protocol.inventory.ObjectQuantityEvent	S2C	1:.com.ankama.dofus.server.game.protocol.common.ObjectUidWithQuantity:object;2:.com.ankama.dofus.server.game.protocol.common.ObjectOrigin:origin	refs/dofus-unity-protocol-builder/proto/game/inventory.proto:123
ObjectsQuantityEvent	com.ankama.dofus.server.game.protocol.inventory.ObjectsQuantityEvent	type.ankama.com/com.ankama.dofus.server.game.protocol.inventory.ObjectsQuantityEvent	S2C	1:repeated .com.ankama.dofus.server.game.protocol.common.ObjectUidWithQuantity:object	refs/dofus-unity-protocol-builder/proto/game/inventory.proto:128
ObjectModifiedEvent	com.ankama.dofus.server.game.protocol.inventory.ObjectModifiedEvent	type.ankama.com/com.ankama.dofus.server.game.protocol.inventory.ObjectModifiedEvent	S2C	1:.com.ankama.dofus.server.game.protocol.common.ObjectItemInventory:object	refs/dofus-unity-protocol-builder/proto/game/inventory.proto:132
ObjectFavoriteResponse	com.ankama.dofus.server.game.protocol.inventory.ObjectFavoriteResponse	type.ankama.com/com.ankama.dofus.server.game.protocol.inventory.ObjectFavoriteResponse	S2C	1:bool:result	refs/dofus-unity-protocol-builder/proto/game/inventory.proto:136
ObjectHarvestedEvent	com.ankama.dofus.server.game.protocol.inventory.ObjectHarvestedEvent	type.ankama.com/com.ankama.dofus.server.game.protocol.inventory.ObjectHarvestedEvent	S2C	1:int32:object_gid;2:int32:quantity	refs/dofus-unity-protocol-builder/proto/game/inventory.proto:140
ObjectHarvestedWithBonusEvent	com.ankama.dofus.server.game.protocol.inventory.ObjectHarvestedWithBonusEvent	type.ankama.com/com.ankama.dofus.server.game.protocol.inventory.ObjectHarvestedWithBonusEvent	S2C	1:int32:object_gid;2:int32:quantity;3:int32:bonus_quantity	refs/dofus-unity-protocol-builder/proto/game/inventory.proto:145
InventoryContentEvent	com.ankama.dofus.server.game.protocol.inventory.InventoryContentEvent	type.ankama.com/com.ankama.dofus.server.game.protocol.inventory.InventoryContentEvent	S2C	1:repeated .com.ankama.dofus.server.game.protocol.common.ObjectItemInventory:objects;2:int64:kamas	refs/dofus-unity-protocol-builder/proto/game/inventory.proto:151
InventoryContentWatchEvent	com.ankama.dofus.server.game.protocol.inventory.InventoryContentWatchEvent	type.ankama.com/com.ankama.dofus.server.game.protocol.inventory.InventoryContentWatchEvent	S2C	1:repeated .com.ankama.dofus.server.game.protocol.common.ObjectItemInventory:objects;2:int64:kamas	refs/dofus-unity-protocol-builder/proto/game/inventory.proto:156
InventoryWeightEvent	com.ankama.dofus.server.game.protocol.inventory.InventoryWeightEvent	type.ankama.com/com.ankama.dofus.server.game.protocol.inventory.InventoryWeightEvent	S2C	1:int32:inventory_weight;2:int32:weight_max	refs/dofus-unity-protocol-builder/proto/game/inventory.proto:161
ShortcutBarContentEvent	com.ankama.dofus.server.game.protocol.inventory.ShortcutBarContentEvent	type.ankama.com/com.ankama.dofus.server.game.protocol.inventory.ShortcutBarContentEvent	S2C	1:.com.ankama.dofus.server.game.protocol.common.ShortcutBar:bar_type;2:repeated .com.ankama.dofus.server.game.protocol.common.Shortcut:shortcuts	refs/dofus-unity-protocol-builder/proto/game/inventory.proto:166
ShortcutBarRefreshEvent	com.ankama.dofus.server.game.protocol.inventory.ShortcutBarRefreshEvent	type.ankama.com/com.ankama.dofus.server.game.protocol.inventory.ShortcutBarRefreshEvent	S2C	1:.com.ankama.dofus.server.game.protocol.common.ShortcutBar:bar_type;2:.com.ankama.dofus.server.game.protocol.common.Shortcut:shortcut	refs/dofus-unity-protocol-builder/proto/game/inventory.proto:171
ShortcutBarRemovedEvent	com.ankama.dofus.server.game.protocol.inventory.ShortcutBarRemovedEvent	type.ankama.com/com.ankama.dofus.server.game.protocol.inventory.ShortcutBarRemovedEvent	S2C	1:.com.ankama.dofus.server.game.protocol.common.ShortcutBar:bar_type;2:int32:slot_id	refs/dofus-unity-protocol-builder/proto/game/inventory.proto:176
ShortcutBarReplacedEvent	com.ankama.dofus.server.game.protocol.inventory.ShortcutBarReplacedEvent	type.ankama.com/com.ankama.dofus.server.game.protocol.inventory.ShortcutBarReplacedEvent	S2C	1:.com.ankama.dofus.server.game.protocol.common.ShortcutBar:bar_type;2:.com.ankama.dofus.server.game.protocol.common.Shortcut:shortcut	refs/dofus-unity-protocol-builder/proto/game/inventory.proto:181
StorageTab	com.ankama.dofus.server.game.protocol.inventory.StorageTab	type.ankama.com/com.ankama.dofus.server.game.protocol.inventory.StorageTab		1:string:name;2:int32:tab_number;3:int32:picto;4:int32:open_right;5:int32:drop_right;6:int32:take_right;7:repeated int32:drop_type_limit	refs/dofus-unity-protocol-builder/proto/game/inventory.proto:186
MultiTabStorageEvent	com.ankama.dofus.server.game.protocol.inventory.MultiTabStorageEvent	type.ankama.com/com.ankama.dofus.server.game.protocol.inventory.MultiTabStorageEvent	S2C	1:repeated .com.ankama.dofus.server.game.protocol.inventory.StorageTab:tabs	refs/dofus-unity-protocol-builder/proto/game/inventory.proto:196
StorageInventoryContentEvent	com.ankama.dofus.server.game.protocol.inventory.StorageInventoryContentEvent	type.ankama.com/com.ankama.dofus.server.game.protocol.inventory.StorageInventoryContentEvent	S2C	1:repeated .com.ankama.dofus.server.game.protocol.common.ObjectItemInventory:objects;2:int64:kamas	refs/dofus-unity-protocol-builder/proto/game/inventory.proto:200
StorageKamasUpdateEvent	com.ankama.dofus.server.game.protocol.inventory.StorageKamasUpdateEvent	type.ankama.com/com.ankama.dofus.server.game.protocol.inventory.StorageKamasUpdateEvent	S2C	1:int64:kamas	refs/dofus-unity-protocol-builder/proto/game/inventory.proto:205
StorageObjectUpdateEvent	com.ankama.dofus.server.game.protocol.inventory.StorageObjectUpdateEvent	type.ankama.com/com.ankama.dofus.server.game.protocol.inventory.StorageObjectUpdateEvent	S2C	1:.com.ankama.dofus.server.game.protocol.common.ObjectItemInventory:object	refs/dofus-unity-protocol-builder/proto/game/inventory.proto:209
StorageObjectsUpdateEvent	com.ankama.dofus.server.game.protocol.inventory.StorageObjectsUpdateEvent	type.ankama.com/com.ankama.dofus.server.game.protocol.inventory.StorageObjectsUpdateEvent	S2C	1:repeated .com.ankama.dofus.server.game.protocol.common.ObjectItemInventory:objects	refs/dofus-unity-protocol-builder/proto/game/inventory.proto:213
StorageObjectRemovedEvent	com.ankama.dofus.server.game.protocol.inventory.StorageObjectRemovedEvent	type.ankama.com/com.ankama.dofus.server.game.protocol.inventory.StorageObjectRemovedEvent	S2C	1:int32:object_uid	refs/dofus-unity-protocol-builder/proto/game/inventory.proto:217
StorageObjectsRemovedEvent	com.ankama.dofus.server.game.protocol.inventory.StorageObjectsRemovedEvent	type.ankama.com/com.ankama.dofus.server.game.protocol.inventory.StorageObjectsRemovedEvent	S2C	1:repeated int32:objects_uid	refs/dofus-unity-protocol-builder/proto/game/inventory.proto:221
SetUpdateEvent	com.ankama.dofus.server.game.protocol.inventory.SetUpdateEvent	type.ankama.com/com.ankama.dofus.server.game.protocol.inventory.SetUpdateEvent	S2C	1:int32:set_id;2:repeated int32:objects_uid;3:repeated .com.ankama.dofus.server.game.protocol.common.ObjectEffect:effects	refs/dofus-unity-protocol-builder/proto/game/inventory.proto:225
JobCrafterDirectoryListRequest	com.ankama.dofus.server.game.protocol.job.JobCrafterDirectoryListRequest	type.ankama.com/com.ankama.dofus.server.game.protocol.job.JobCrafterDirectoryListRequest	C2S	1:int32:job_id	refs/dofus-unity-protocol-builder/proto/game/job.proto:9
JobCrafterDirectorySettingsRequest	com.ankama.dofus.server.game.protocol.job.JobCrafterDirectorySettingsRequest	type.ankama.com/com.ankama.dofus.server.game.protocol.job.JobCrafterDirectorySettingsRequest	C2S	1:.com.ankama.dofus.server.game.protocol.job.JobCrafterDirectorySettings:settings	refs/dofus-unity-protocol-builder/proto/game/job.proto:13
JobDescriptionEvent	com.ankama.dofus.server.game.protocol.job.JobDescriptionEvent	type.ankama.com/com.ankama.dofus.server.game.protocol.job.JobDescriptionEvent	S2C	1:repeated .com.ankama.dofus.server.game.protocol.job.JobDescription:jobs	refs/dofus-unity-protocol-builder/proto/game/job.proto:17
JobLevelUpEvent	com.ankama.dofus.server.game.protocol.job.JobLevelUpEvent	type.ankama.com/com.ankama.dofus.server.game.protocol.job.JobLevelUpEvent	S2C	1:int32:new_level;2:.com.ankama.dofus.server.game.protocol.job.JobDescription:job	refs/dofus-unity-protocol-builder/proto/game/job.proto:21
JobExperiencesUpdateEvent	com.ankama.dofus.server.game.protocol.job.JobExperiencesUpdateEvent	type.ankama.com/com.ankama.dofus.server.game.protocol.job.JobExperiencesUpdateEvent	S2C	1:repeated .com.ankama.dofus.server.game.protocol.job.JobExperience:experiences	refs/dofus-unity-protocol-builder/proto/game/job.proto:26
JobExperienceOtherPlayerUpdateEvent	com.ankama.dofus.server.game.protocol.job.JobExperienceOtherPlayerUpdateEvent	type.ankama.com/com.ankama.dofus.server.game.protocol.job.JobExperienceOtherPlayerUpdateEvent	S2C	1:.com.ankama.dofus.server.game.protocol.job.JobExperience:experience;2:int64:player_id	refs/dofus-unity-protocol-builder/proto/game/job.proto:30
JobMultiCraftStateEvent	com.ankama.dofus.server.game.protocol.job.JobMultiCraftStateEvent	type.ankama.com/com.ankama.dofus.server.game.protocol.job.JobMultiCraftStateEvent	S2C	1:bool:enabled;2:.com.ankama.dofus.server.game.protocol.job.JobMultiCraftStateEvent.PlayerSkills:player_skills	refs/dofus-unity-protocol-builder/proto/game/job.proto:35
PlayerSkills	com.ankama.dofus.server.game.protocol.job.JobMultiCraftStateEvent+PlayerSkills	type.ankama.com/com.ankama.dofus.server.game.protocol.job.JobMultiCraftStateEvent.PlayerSkills		1:int64:player_id;2:repeated int32:skills	refs/dofus-unity-protocol-builder/proto/game/job.proto:38
JobCrafterDirectoryListEvent	com.ankama.dofus.server.game.protocol.job.JobCrafterDirectoryListEvent	type.ankama.com/com.ankama.dofus.server.game.protocol.job.JobCrafterDirectoryListEvent	S2C	1:repeated .com.ankama.dofus.server.game.protocol.job.JobCrafterDirectoryEntry:list_entries	refs/dofus-unity-protocol-builder/proto/game/job.proto:45
JobCrafterDirectorySettingsEvent	com.ankama.dofus.server.game.protocol.job.JobCrafterDirectorySettingsEvent	type.ankama.com/com.ankama.dofus.server.game.protocol.job.JobCrafterDirectorySettingsEvent	S2C	1:repeated .com.ankama.dofus.server.game.protocol.job.JobCrafterDirectorySettings:settings	refs/dofus-unity-protocol-builder/proto/game/job.proto:49
JobBookSubscriptionEvent	com.ankama.dofus.server.game.protocol.job.JobBookSubscriptionEvent	type.ankama.com/com.ankama.dofus.server.game.protocol.job.JobBookSubscriptionEvent	S2C	1:repeated .com.ankama.dofus.server.game.protocol.job.JobBookSubscriptionEvent.Subscription:subscriptions	refs/dofus-unity-protocol-builder/proto/game/job.proto:53
Subscription	com.ankama.dofus.server.game.protocol.job.JobBookSubscriptionEvent+Subscription	type.ankama.com/com.ankama.dofus.server.game.protocol.job.JobBookSubscriptionEvent.Subscription		1:int32:job_id;2:bool:subscribed	refs/dofus-unity-protocol-builder/proto/game/job.proto:55
JobCrafterDirectoryRemoveEvent	com.ankama.dofus.server.game.protocol.job.JobCrafterDirectoryRemoveEvent	type.ankama.com/com.ankama.dofus.server.game.protocol.job.JobCrafterDirectoryRemoveEvent	S2C	1:int32:job_id;2:int64:player_id	refs/dofus-unity-protocol-builder/proto/game/job.proto:62
JobCrafterDirectoryAddEvent	com.ankama.dofus.server.game.protocol.job.JobCrafterDirectoryAddEvent	type.ankama.com/com.ankama.dofus.server.game.protocol.job.JobCrafterDirectoryAddEvent	S2C	1:.com.ankama.dofus.server.game.protocol.job.JobCrafterDirectoryEntry:entry	refs/dofus-unity-protocol-builder/proto/game/job.proto:67
JobCrafterDirectoryEntryEvent	com.ankama.dofus.server.game.protocol.job.JobCrafterDirectoryEntryEvent	type.ankama.com/com.ankama.dofus.server.game.protocol.job.JobCrafterDirectoryEntryEvent	S2C	1:.com.ankama.dofus.server.game.protocol.job.JobCrafterDirectoryPlayerInformation:player_information;2:repeated .com.ankama.dofus.server.game.protocol.job.JobCrafterDirectoryJobInformation:jobs_information;3:.com.ankama.dofus.server.game.protocol.common.EntityLook:look	refs/dofus-unity-protocol-builder/proto/game/job.proto:71
JobDescription	com.ankama.dofus.server.game.protocol.job.JobDescription	type.ankama.com/com.ankama.dofus.server.game.protocol.job.JobDescription		1:int32:job_id;2:repeated .com.ankama.dofus.server.game.protocol.job.JobDescription.SkillAction:skills	refs/dofus-unity-protocol-builder/proto/game/job.proto:77
SkillAction	com.ankama.dofus.server.game.protocol.job.JobDescription+SkillAction	type.ankama.com/com.ankama.dofus.server.game.protocol.job.JobDescription.SkillAction		1:int32:skill_id;2:.com.ankama.dofus.server.game.protocol.job.JobDescription.SkillAction.Timed:timed;3:.com.ankama.dofus.server.game.protocol.job.JobDescription.SkillAction.Craft:craft	refs/dofus-unity-protocol-builder/proto/game/job.proto:80
Timed	com.ankama.dofus.server.game.protocol.job.JobDescription+SkillAction+Timed	type.ankama.com/com.ankama.dofus.server.game.protocol.job.JobDescription.SkillAction.Timed		1:int32:time;2:.com.ankama.dofus.server.game.protocol.job.JobDescription.SkillAction.Timed.Collect:collect	refs/dofus-unity-protocol-builder/proto/game/job.proto:86
Collect	com.ankama.dofus.server.game.protocol.job.JobDescription+SkillAction+Timed+Collect	type.ankama.com/com.ankama.dofus.server.game.protocol.job.JobDescription.SkillAction.Timed.Collect		1:int32:min;2:int32:max	refs/dofus-unity-protocol-builder/proto/game/job.proto:89
Craft	com.ankama.dofus.server.game.protocol.job.JobDescription+SkillAction+Craft	type.ankama.com/com.ankama.dofus.server.game.protocol.job.JobDescription.SkillAction.Craft		1:int32:probability	refs/dofus-unity-protocol-builder/proto/game/job.proto:96
JobExperience	com.ankama.dofus.server.game.protocol.job.JobExperience	type.ankama.com/com.ankama.dofus.server.game.protocol.job.JobExperience		1:int32:job_id;2:int32:job_level;3:int64:job_xp;4:int64:job_xp_level_floor;5:int64:job_xp_next_level_floor	refs/dofus-unity-protocol-builder/proto/game/job.proto:104
JobCrafterDirectoryEntry	com.ankama.dofus.server.game.protocol.job.JobCrafterDirectoryEntry	type.ankama.com/com.ankama.dofus.server.game.protocol.job.JobCrafterDirectoryEntry		1:.com.ankama.dofus.server.game.protocol.job.JobCrafterDirectoryPlayerInformation:player_information;2:.com.ankama.dofus.server.game.protocol.job.JobCrafterDirectoryJobInformation:job_information	refs/dofus-unity-protocol-builder/proto/game/job.proto:112
JobCrafterDirectoryPlayerInformation	com.ankama.dofus.server.game.protocol.job.JobCrafterDirectoryPlayerInformation	type.ankama.com/com.ankama.dofus.server.game.protocol.job.JobCrafterDirectoryPlayerInformation		1:int64:player_id;2:string:name;3:.com.ankama.dofus.server.game.protocol.common.Alignment:alignment;4:int32:breed;5:.com.ankama.dofus.server.game.protocol.common.Gender:gender;6:bool:is_in_workshop;7:.com.ankama.dofus.server.game.protocol.common.MapExtendedCoordinates:coordinates;8:bool:can_craft_legendary;9:.com.ankama.dofus.server.game.protocol.common.CharacterStatus:status	refs/dofus-unity-protocol-builder/proto/game/job.proto:117
JobCrafterDirectoryJobInformation	com.ankama.dofus.server.game.protocol.job.JobCrafterDirectoryJobInformation	type.ankama.com/com.ankama.dofus.server.game.protocol.job.JobCrafterDirectoryJobInformation		1:int32:job_id;2:int32:job_level;3:bool:free;4:int32:min_level	refs/dofus-unity-protocol-builder/proto/game/job.proto:129
JobCrafterDirectorySettings	com.ankama.dofus.server.game.protocol.job.JobCrafterDirectorySettings	type.ankama.com/com.ankama.dofus.server.game.protocol.job.JobCrafterDirectorySettings		1:int32:job_id;2:int32:min_level;3:bool:free	refs/dofus-unity-protocol-builder/proto/game/job.proto:136
LivingObjectMessageRequest	com.ankama.dofus.server.game.protocol.living.object.LivingObjectMessageRequest	type.ankama.com/com.ankama.dofus.server.game.protocol.living.object.LivingObjectMessageRequest	C2S	1:int32:message_id;2:int32:object_gid	refs/dofus-unity-protocol-builder/proto/game/living_object.proto:7
LivingObjectDissociateRequest	com.ankama.dofus.server.game.protocol.living.object.LivingObjectDissociateRequest	type.ankama.com/com.ankama.dofus.server.game.protocol.living.object.LivingObjectDissociateRequest	C2S	1:int32:object_uid;2:int32:position	refs/dofus-unity-protocol-builder/proto/game/living_object.proto:12
LivingObjectChangeSkinRequest	com.ankama.dofus.server.game.protocol.living.object.LivingObjectChangeSkinRequest	type.ankama.com/com.ankama.dofus.server.game.protocol.living.object.LivingObjectChangeSkinRequest	C2S	1:int32:object_uid;2:int32:position;3:int32:skin_id	refs/dofus-unity-protocol-builder/proto/game/living_object.proto:17
LivingObjectMessageEvent	com.ankama.dofus.server.game.protocol.living.object.LivingObjectMessageEvent	type.ankama.com/com.ankama.dofus.server.game.protocol.living.object.LivingObjectMessageEvent	S2C	1:int32:message_id;2:int64:timestamp;3:string:owner_name;4:int32:object_gid	refs/dofus-unity-protocol-builder/proto/game/living_object.proto:23
Message	com.ankama.dofus.server.game.protocol.Message	type.ankama.com/com.ankama.dofus.server.game.protocol.Message		1:.com.ankama.dofus.server.game.protocol.Request:request;2:.com.ankama.dofus.server.game.protocol.Response:response;3:.com.ankama.dofus.server.game.protocol.Event:event	refs/dofus-unity-protocol-builder/proto/game/message.proto:9
Request	com.ankama.dofus.server.game.protocol.Request	type.ankama.com/com.ankama.dofus.server.game.protocol.Request	C2S	1:int32:uid;2:.google.protobuf.Any:content	refs/dofus-unity-protocol-builder/proto/game/message.proto:17
Response	com.ankama.dofus.server.game.protocol.Response	type.ankama.com/com.ankama.dofus.server.game.protocol.Response	S2C	1:int32:uid;2:.google.protobuf.Any:content	refs/dofus-unity-protocol-builder/proto/game/message.proto:22
Event	com.ankama.dofus.server.game.protocol.Event	type.ankama.com/com.ankama.dofus.server.game.protocol.Event	S2C	1:.google.protobuf.Any:content	refs/dofus-unity-protocol-builder/proto/game/message.proto:27
PopupWarningCloseRequest	com.ankama.dofus.server.game.protocol.moderation.PopupWarningCloseRequest	type.ankama.com/com.ankama.dofus.server.game.protocol.moderation.PopupWarningCloseRequest	C2S		refs/dofus-unity-protocol-builder/proto/game/moderation.proto:7
PopupWarningEvent	com.ankama.dofus.server.game.protocol.moderation.PopupWarningEvent	type.ankama.com/com.ankama.dofus.server.game.protocol.moderation.PopupWarningEvent	S2C	1:int32:lock_duration;2:string:author;3:string:content	refs/dofus-unity-protocol-builder/proto/game/moderation.proto:10
PopupWarningClosedEvent	com.ankama.dofus.server.game.protocol.moderation.PopupWarningClosedEvent	type.ankama.com/com.ankama.dofus.server.game.protocol.moderation.PopupWarningClosedEvent	S2C		refs/dofus-unity-protocol-builder/proto/game/moderation.proto:16
MountReleaseRequest	com.ankama.dofus.server.game.protocol.mount.MountReleaseRequest	type.ankama.com/com.ankama.dofus.server.game.protocol.mount.MountReleaseRequest	C2S		refs/dofus-unity-protocol-builder/proto/game/mount.proto:9
MountSterilizeRequest	com.ankama.dofus.server.game.protocol.mount.MountSterilizeRequest	type.ankama.com/com.ankama.dofus.server.game.protocol.mount.MountSterilizeRequest	C2S		refs/dofus-unity-protocol-builder/proto/game/mount.proto:12
MountToggleRidingRequest	com.ankama.dofus.server.game.protocol.mount.MountToggleRidingRequest	type.ankama.com/com.ankama.dofus.server.game.protocol.mount.MountToggleRidingRequest	C2S		refs/dofus-unity-protocol-builder/proto/game/mount.proto:15
MountRenameRequest	com.ankama.dofus.server.game.protocol.mount.MountRenameRequest	type.ankama.com/com.ankama.dofus.server.game.protocol.mount.MountRenameRequest	C2S	1:string:name;2:int32:mount_id	refs/dofus-unity-protocol-builder/proto/game/mount.proto:18
MountFeedRequest	com.ankama.dofus.server.game.protocol.mount.MountFeedRequest	type.ankama.com/com.ankama.dofus.server.game.protocol.mount.MountFeedRequest	C2S	1:int32:mount_id;2:.com.ankama.dofus.server.game.protocol.mount.MountFeedRequest.MountLocation:mount_location;3:int32:mount_food_uid;4:int32:quantity	refs/dofus-unity-protocol-builder/proto/game/mount.proto:23
MountSetXpRatioRequest	com.ankama.dofus.server.game.protocol.mount.MountSetXpRatioRequest	type.ankama.com/com.ankama.dofus.server.game.protocol.mount.MountSetXpRatioRequest	C2S	1:int32:xp_ratio	refs/dofus-unity-protocol-builder/proto/game/mount.proto:37
MountInformationRequest	com.ankama.dofus.server.game.protocol.mount.MountInformationRequest	type.ankama.com/com.ankama.dofus.server.game.protocol.mount.MountInformationRequest	C2S	1:int32:mount_id;2:int64:time	refs/dofus-unity-protocol-builder/proto/game/mount.proto:41
MountInformationInPaddockRequest	com.ankama.dofus.server.game.protocol.mount.MountInformationInPaddockRequest	type.ankama.com/com.ankama.dofus.server.game.protocol.mount.MountInformationInPaddockRequest	C2S	1:int32:mount_id	refs/dofus-unity-protocol-builder/proto/game/mount.proto:46
MountHarnessDissociateRequest	com.ankama.dofus.server.game.protocol.mount.MountHarnessDissociateRequest	type.ankama.com/com.ankama.dofus.server.game.protocol.mount.MountHarnessDissociateRequest	C2S		refs/dofus-unity-protocol-builder/proto/game/mount.proto:50
MountHarnessColorsUpdateRequest	com.ankama.dofus.server.game.protocol.mount.MountHarnessColorsUpdateRequest	type.ankama.com/com.ankama.dofus.server.game.protocol.mount.MountHarnessColorsUpdateRequest	C2S	1:bool:use_harness_colors	refs/dofus-unity-protocol-builder/proto/game/mount.proto:53
MountSterilizedEvent	com.ankama.dofus.server.game.protocol.mount.MountSterilizedEvent	type.ankama.com/com.ankama.dofus.server.game.protocol.mount.MountSterilizedEvent	S2C	1:int32:mount_id	refs/dofus-unity-protocol-builder/proto/game/mount.proto:57
MountReleasedEvent	com.ankama.dofus.server.game.protocol.mount.MountReleasedEvent	type.ankama.com/com.ankama.dofus.server.game.protocol.mount.MountReleasedEvent	S2C	1:int32:mount_id	refs/dofus-unity-protocol-builder/proto/game/mount.proto:61
MountRenamedEvent	com.ankama.dofus.server.game.protocol.mount.MountRenamedEvent	type.ankama.com/com.ankama.dofus.server.game.protocol.mount.MountRenamedEvent	S2C	1:int32:mount_id;2:string:name	refs/dofus-unity-protocol-builder/proto/game/mount.proto:65
MountRenamedErrorEvent	com.ankama.dofus.server.game.protocol.mount.MountRenamedErrorEvent	type.ankama.com/com.ankama.dofus.server.game.protocol.mount.MountRenamedErrorEvent	S2C	1:int32:mount_id	refs/dofus-unity-protocol-builder/proto/game/mount.proto:70
MountXpRatioEvent	com.ankama.dofus.server.game.protocol.mount.MountXpRatioEvent	type.ankama.com/com.ankama.dofus.server.game.protocol.mount.MountXpRatioEvent	S2C	1:int32:ratio	refs/dofus-unity-protocol-builder/proto/game/mount.proto:74
MountDataEvent	com.ankama.dofus.server.game.protocol.mount.MountDataEvent	type.ankama.com/com.ankama.dofus.server.game.protocol.mount.MountDataEvent	S2C	1:.com.ankama.dofus.server.game.protocol.common.MountData:mount_data	refs/dofus-unity-protocol-builder/proto/game/mount.proto:78
MountDataErrorEvent	com.ankama.dofus.server.game.protocol.mount.MountDataErrorEvent	type.ankama.com/com.ankama.dofus.server.game.protocol.mount.MountDataErrorEvent	S2C	1:.com.ankama.dofus.server.game.protocol.mount.MountDataErrorEvent.MountDataError:reason	refs/dofus-unity-protocol-builder/proto/game/mount.proto:82
MountEquippedEvent	com.ankama.dofus.server.game.protocol.mount.MountEquippedEvent	type.ankama.com/com.ankama.dofus.server.game.protocol.mount.MountEquippedEvent	S2C	1:.com.ankama.dofus.server.game.protocol.common.MountData:mount_data	refs/dofus-unity-protocol-builder/proto/game/mount.proto:93
MountUnequippedEvent	com.ankama.dofus.server.game.protocol.mount.MountUnequippedEvent	type.ankama.com/com.ankama.dofus.server.game.protocol.mount.MountUnequippedEvent	S2C		refs/dofus-unity-protocol-builder/proto/game/mount.proto:97
MountEquippedErrorEvent	com.ankama.dofus.server.game.protocol.mount.MountEquippedErrorEvent	type.ankama.com/com.ankama.dofus.server.game.protocol.mount.MountEquippedErrorEvent	S2C	1:.com.ankama.dofus.server.game.protocol.mount.MountEquippedErrorEvent.MountEquippedError:error	refs/dofus-unity-protocol-builder/proto/game/mount.proto:100
MountRidingEvent	com.ankama.dofus.server.game.protocol.mount.MountRidingEvent	type.ankama.com/com.ankama.dofus.server.game.protocol.mount.MountRidingEvent	S2C	1:bool:is_riding;2:bool:is_auto_pilot	refs/dofus-unity-protocol-builder/proto/game/mount.proto:110
MountEmoteIconUsedEvent	com.ankama.dofus.server.game.protocol.mount.MountEmoteIconUsedEvent	type.ankama.com/com.ankama.dofus.server.game.protocol.mount.MountEmoteIconUsedEvent	S2C	1:int32:mount_id;2:int32:reaction	refs/dofus-unity-protocol-builder/proto/game/mount.proto:115
MountUpdateCharacteristicsEvent	com.ankama.dofus.server.game.protocol.mount.MountUpdateCharacteristicsEvent	type.ankama.com/com.ankama.dofus.server.game.protocol.mount.MountUpdateCharacteristicsEvent	S2C	1:int32:ride_id;2:repeated .com.ankama.dofus.server.game.protocol.mount.MountUpdateCharacteristicsEvent.MountCharacteristicUpdate:updated_characteristics	refs/dofus-unity-protocol-builder/proto/game/mount.proto:120
MountCharacteristicUpdate	com.ankama.dofus.server.game.protocol.mount.MountUpdateCharacteristicsEvent+MountCharacteristicUpdate	type.ankama.com/com.ankama.dofus.server.game.protocol.mount.MountUpdateCharacteristicsEvent.MountCharacteristicUpdate		1:.com.ankama.dofus.server.game.protocol.common.MountCharacteristic:characteristic;2:int32:int_value	refs/dofus-unity-protocol-builder/proto/game/mount.proto:123
DisplayNumericalValuePaddockEvent	com.ankama.dofus.server.game.protocol.mount.DisplayNumericalValuePaddockEvent	type.ankama.com/com.ankama.dofus.server.game.protocol.mount.DisplayNumericalValuePaddockEvent	S2C	1:int32:mount_id;2:int32:value;3:.com.ankama.dofus.server.game.protocol.common.MountCharacteristic:type	refs/dofus-unity-protocol-builder/proto/game/mount.proto:130
NotificationUpdateFlagRequest	com.ankama.dofus.server.game.protocol.notification.NotificationUpdateFlagRequest	type.ankama.com/com.ankama.dofus.server.game.protocol.notification.NotificationUpdateFlagRequest	C2S	1:int32:index	refs/dofus-unity-protocol-builder/proto/game/notification.proto:7
NotificationResetRequest	com.ankama.dofus.server.game.protocol.notification.NotificationResetRequest	type.ankama.com/com.ankama.dofus.server.game.protocol.notification.NotificationResetRequest	C2S		refs/dofus-unity-protocol-builder/proto/game/notification.proto:11
NotificationsEvent	com.ankama.dofus.server.game.protocol.notification.NotificationsEvent	type.ankama.com/com.ankama.dofus.server.game.protocol.notification.NotificationsEvent	S2C	1:repeated int32:flags	refs/dofus-unity-protocol-builder/proto/game/notification.proto:14
NotificationEvent	com.ankama.dofus.server.game.protocol.notification.NotificationEvent	type.ankama.com/com.ankama.dofus.server.game.protocol.notification.NotificationEvent	S2C	1:int32:id;2:repeated string:parameters;3:bool:force	refs/dofus-unity-protocol-builder/proto/game/notification.proto:18
RemoveNotificationEvent	com.ankama.dofus.server.game.protocol.notification.RemoveNotificationEvent	type.ankama.com/com.ankama.dofus.server.game.protocol.notification.RemoveNotificationEvent	S2C	1:repeated int32:id	refs/dofus-unity-protocol-builder/proto/game/notification.proto:24
NpcGenericActionRequest	com.ankama.dofus.server.game.protocol.npc.NpcGenericActionRequest	type.ankama.com/com.ankama.dofus.server.game.protocol.npc.NpcGenericActionRequest	C2S	1:int32:npc_id;2:int32:npc_action_id;3:int64:npc_map_id	refs/dofus-unity-protocol-builder/proto/game/npc.proto:9
NpcDialogReplyRequest	com.ankama.dofus.server.game.protocol.npc.NpcDialogReplyRequest	type.ankama.com/com.ankama.dofus.server.game.protocol.npc.NpcDialogReplyRequest	C2S	1:int32:reply_id	refs/dofus-unity-protocol-builder/proto/game/npc.proto:15
NpcsMapQuestStatusUpdateEvent	com.ankama.dofus.server.game.protocol.npc.NpcsMapQuestStatusUpdateEvent	type.ankama.com/com.ankama.dofus.server.game.protocol.npc.NpcsMapQuestStatusUpdateEvent	S2C	1:repeated .com.ankama.dofus.server.game.protocol.npc.NpcsMapQuestStatusUpdateEvent.MapNpcQuest:map_information	refs/dofus-unity-protocol-builder/proto/game/npc.proto:19
MapNpcQuest	com.ankama.dofus.server.game.protocol.npc.NpcsMapQuestStatusUpdateEvent+MapNpcQuest	type.ankama.com/com.ankama.dofus.server.game.protocol.npc.NpcsMapQuestStatusUpdateEvent.MapNpcQuest		1:int64:map_id;2:repeated .com.ankama.dofus.server.game.protocol.npc.NpcsMapQuestStatusUpdateEvent.MapNpcQuest.NpcWithQuest:npcs_with_quests	refs/dofus-unity-protocol-builder/proto/game/npc.proto:21
NpcWithQuest	com.ankama.dofus.server.game.protocol.npc.NpcsMapQuestStatusUpdateEvent+MapNpcQuest+NpcWithQuest	type.ankama.com/com.ankama.dofus.server.game.protocol.npc.NpcsMapQuestStatusUpdateEvent.MapNpcQuest.NpcWithQuest		1:int32:npc_id;2:repeated int32:quests_to_validate;3:repeated int32:quests_to_start	refs/dofus-unity-protocol-builder/proto/game/npc.proto:24
NpcGenericActionFailureEvent	com.ankama.dofus.server.game.protocol.npc.NpcGenericActionFailureEvent	type.ankama.com/com.ankama.dofus.server.game.protocol.npc.NpcGenericActionFailureEvent	S2C		refs/dofus-unity-protocol-builder/proto/game/npc.proto:34
NpcDialogCreationEvent	com.ankama.dofus.server.game.protocol.npc.NpcDialogCreationEvent	type.ankama.com/com.ankama.dofus.server.game.protocol.npc.NpcDialogCreationEvent	S2C	1:int64:map_id;2:int32:npc_id;3:.com.ankama.dofus.server.game.protocol.npc.NpcDialogCreationEvent.PortalType:portal_type	refs/dofus-unity-protocol-builder/proto/game/npc.proto:37
NpcDialogQuestionEvent	com.ankama.dofus.server.game.protocol.npc.NpcDialogQuestionEvent	type.ankama.com/com.ankama.dofus.server.game.protocol.npc.NpcDialogQuestionEvent	S2C	1:int32:message_id;2:repeated string:dialog_params;3:repeated .com.ankama.dofus.server.game.protocol.npc.NpcDialogQuestionEvent.VisibleReply:visible_replies	refs/dofus-unity-protocol-builder/proto/game/npc.proto:51
VisibleReply	com.ankama.dofus.server.game.protocol.npc.NpcDialogQuestionEvent+VisibleReply	type.ankama.com/com.ankama.dofus.server.game.protocol.npc.NpcDialogQuestionEvent.VisibleReply		1:int32:reply_id;2:repeated .com.ankama.dofus.server.game.protocol.npc.NpcDialogQuestionEvent.VisibleReply.ActionInformation:actions	refs/dofus-unity-protocol-builder/proto/game/npc.proto:55
ActionInformation	com.ankama.dofus.server.game.protocol.npc.NpcDialogQuestionEvent+VisibleReply+ActionInformation	type.ankama.com/com.ankama.dofus.server.game.protocol.npc.NpcDialogQuestionEvent.VisibleReply.ActionInformation		1:int32:id;2:bool:is_repeatable	refs/dofus-unity-protocol-builder/proto/game/npc.proto:58
TaxCollectorDialogQuestionEvent	com.ankama.dofus.server.game.protocol.npc.TaxCollectorDialogQuestionEvent	type.ankama.com/com.ankama.dofus.server.game.protocol.npc.TaxCollectorDialogQuestionEvent	S2C	1:.com.ankama.dofus.server.game.protocol.common.AllianceInformation:alliance_information;2:int32:max_pods;3:int32:prospecting;4:int32:tax_collectors_count;6:int32:looted_pods;7:int64:looted_items_value;5:int32:possible_attack	refs/dofus-unity-protocol-builder/proto/game/npc.proto:67
PrismDialogQuestionEvent	com.ankama.dofus.server.game.protocol.npc.PrismDialogQuestionEvent	type.ankama.com/com.ankama.dofus.server.game.protocol.npc.PrismDialogQuestionEvent	S2C		refs/dofus-unity-protocol-builder/proto/game/npc.proto:77
EntityTalkEvent	com.ankama.dofus.server.game.protocol.npc.EntityTalkEvent	type.ankama.com/com.ankama.dofus.server.game.protocol.npc.EntityTalkEvent	S2C	1:int64:entity_id;2:int32:text_id;3:repeated string:parameters	refs/dofus-unity-protocol-builder/proto/game/npc.proto:80
PaddockSellRequest	com.ankama.dofus.server.game.protocol.paddock.PaddockSellRequest	type.ankama.com/com.ankama.dofus.server.game.protocol.paddock.PaddockSellRequest	C2S	1:int64:price;2:bool:for_sale	refs/dofus-unity-protocol-builder/proto/game/paddock.proto:9
PaddockBuyRequest	com.ankama.dofus.server.game.protocol.paddock.PaddockBuyRequest	type.ankama.com/com.ankama.dofus.server.game.protocol.paddock.PaddockBuyRequest	C2S	1:int64:proposed_price	refs/dofus-unity-protocol-builder/proto/game/paddock.proto:14
PaddockRemoveItemRequest	com.ankama.dofus.server.game.protocol.paddock.PaddockRemoveItemRequest	type.ankama.com/com.ankama.dofus.server.game.protocol.paddock.PaddockRemoveItemRequest	C2S	1:int32:cell_id	refs/dofus-unity-protocol-builder/proto/game/paddock.proto:18
PaddockMoveItemRequest	com.ankama.dofus.server.game.protocol.paddock.PaddockMoveItemRequest	type.ankama.com/com.ankama.dofus.server.game.protocol.paddock.PaddockMoveItemRequest	C2S	1:int32:old_cell_id;2:int32:new_cell_id	refs/dofus-unity-protocol-builder/proto/game/paddock.proto:22
PaddocksToSellRequest	com.ankama.dofus.server.game.protocol.paddock.PaddocksToSellRequest	type.ankama.com/com.ankama.dofus.server.game.protocol.paddock.PaddocksToSellRequest	C2S	1:int32:page_index	refs/dofus-unity-protocol-builder/proto/game/paddock.proto:27
PaddocksToSellFiltersRequest	com.ankama.dofus.server.game.protocol.paddock.PaddocksToSellFiltersRequest	type.ankama.com/com.ankama.dofus.server.game.protocol.paddock.PaddocksToSellFiltersRequest	C2S	1:int32:area_id;2:int32:at_least_mount_number;3:int32:at_least_machine_number;4:int64:price_max;5:.com.ankama.dofus.server.game.protocol.common.RealEstateOrder:order_by	refs/dofus-unity-protocol-builder/proto/game/paddock.proto:31
PaddockObjectRemovedEvent	com.ankama.dofus.server.game.protocol.paddock.PaddockObjectRemovedEvent	type.ankama.com/com.ankama.dofus.server.game.protocol.paddock.PaddockObjectRemovedEvent	S2C	1:int32:cell_id	refs/dofus-unity-protocol-builder/proto/game/paddock.proto:39
PaddockObjectAddedEvent	com.ankama.dofus.server.game.protocol.paddock.PaddockObjectAddedEvent	type.ankama.com/com.ankama.dofus.server.game.protocol.paddock.PaddockObjectAddedEvent	S2C	1:.com.ankama.dofus.server.game.protocol.common.ObjectInRolePlay:paddock_item	refs/dofus-unity-protocol-builder/proto/game/paddock.proto:43
PaddockObjectsAddedEvent	com.ankama.dofus.server.game.protocol.paddock.PaddockObjectsAddedEvent	type.ankama.com/com.ankama.dofus.server.game.protocol.paddock.PaddockObjectsAddedEvent	S2C	1:repeated .com.ankama.dofus.server.game.protocol.common.ObjectInRolePlay:paddock_item	refs/dofus-unity-protocol-builder/proto/game/paddock.proto:47
PaddockBuyResultEvent	com.ankama.dofus.server.game.protocol.paddock.PaddockBuyResultEvent	type.ankama.com/com.ankama.dofus.server.game.protocol.paddock.PaddockBuyResultEvent	S2C	1:int64:paddock_id;2:bool:bought;3:int64:price	refs/dofus-unity-protocol-builder/proto/game/paddock.proto:51
PaddockPropertiesEvent	com.ankama.dofus.server.game.protocol.paddock.PaddockPropertiesEvent	type.ankama.com/com.ankama.dofus.server.game.protocol.paddock.PaddockPropertiesEvent	S2C	1:.com.ankama.dofus.server.game.protocol.common.PaddockInformation:properties	refs/dofus-unity-protocol-builder/proto/game/paddock.proto:57
PaddockTransactionDialogEvent	com.ankama.dofus.server.game.protocol.paddock.PaddockTransactionDialogEvent	type.ankama.com/com.ankama.dofus.server.game.protocol.paddock.PaddockTransactionDialogEvent	S2C	1:.com.ankama.dofus.server.game.protocol.paddock.PaddockTransactionDialogEvent.Transaction:transaction;2:int32:owner_id;3:int64:price	refs/dofus-unity-protocol-builder/proto/game/paddock.proto:61
PaddockObjectAnimationPlayEvent	com.ankama.dofus.server.game.protocol.paddock.PaddockObjectAnimationPlayEvent	type.ankama.com/com.ankama.dofus.server.game.protocol.paddock.PaddockObjectAnimationPlayEvent	S2C	1:repeated int32:cells_id	refs/dofus-unity-protocol-builder/proto/game/paddock.proto:72
PaddocksToSellEvent	com.ankama.dofus.server.game.protocol.paddock.PaddocksToSellEvent	type.ankama.com/com.ankama.dofus.server.game.protocol.paddock.PaddocksToSellEvent	S2C	1:int32:page_index;2:int32:page_total;3:repeated .com.ankama.dofus.server.game.protocol.paddock.PaddocksToSellEvent.PaddockForSale:paddocks	refs/dofus-unity-protocol-builder/proto/game/paddock.proto:76
PaddockForSale	com.ankama.dofus.server.game.protocol.paddock.PaddocksToSellEvent+PaddockForSale	type.ankama.com/com.ankama.dofus.server.game.protocol.paddock.PaddocksToSellEvent.PaddockForSale		1:string:guild_owner;2:.com.ankama.dofus.server.game.protocol.common.MapCoordinates:coordinates;3:int32:sub_area_id;4:int32:mount_number;5:int32:object_number;6:int64:price	refs/dofus-unity-protocol-builder/proto/game/paddock.proto:80
PartyInvitationRequest	com.ankama.dofus.server.game.protocol.party.PartyInvitationRequest	type.ankama.com/com.ankama.dofus.server.game.protocol.party.PartyInvitationRequest	C2S	1:.com.ankama.dofus.server.game.protocol.common.PlayerSearch:target;2:.com.ankama.dofus.server.game.protocol.party.PartyType:party_type	refs/dofus-unity-protocol-builder/proto/game/party.proto:23
PartyInvitationDetailsRequest	com.ankama.dofus.server.game.protocol.party.PartyInvitationDetailsRequest	type.ankama.com/com.ankama.dofus.server.game.protocol.party.PartyInvitationDetailsRequest	C2S	1:int32:party_id	refs/dofus-unity-protocol-builder/proto/game/party.proto:28
PartyInvitationAcceptRequest	com.ankama.dofus.server.game.protocol.party.PartyInvitationAcceptRequest	type.ankama.com/com.ankama.dofus.server.game.protocol.party.PartyInvitationAcceptRequest	C2S	1:int32:party_id	refs/dofus-unity-protocol-builder/proto/game/party.proto:32
PartyInvitationRefuseRequest	com.ankama.dofus.server.game.protocol.party.PartyInvitationRefuseRequest	type.ankama.com/com.ankama.dofus.server.game.protocol.party.PartyInvitationRefuseRequest	C2S	1:int32:party_id	refs/dofus-unity-protocol-builder/proto/game/party.proto:36
PartyInvitationCancelRequest	com.ankama.dofus.server.game.protocol.party.PartyInvitationCancelRequest	type.ankama.com/com.ankama.dofus.server.game.protocol.party.PartyInvitationCancelRequest	C2S	1:int32:party_id;2:int64:guest_id	refs/dofus-unity-protocol-builder/proto/game/party.proto:40
PartyAbdicateThroneRequest	com.ankama.dofus.server.game.protocol.party.PartyAbdicateThroneRequest	type.ankama.com/com.ankama.dofus.server.game.protocol.party.PartyAbdicateThroneRequest	C2S	1:int32:party_id;2:int64:player_id	refs/dofus-unity-protocol-builder/proto/game/party.proto:45
PartyFollowMemberRequest	com.ankama.dofus.server.game.protocol.party.PartyFollowMemberRequest	type.ankama.com/com.ankama.dofus.server.game.protocol.party.PartyFollowMemberRequest	C2S	1:int32:party_id;2:int64:player_id;3:bool:enabled	refs/dofus-unity-protocol-builder/proto/game/party.proto:50
PartyStopFollowMemberRequest	com.ankama.dofus.server.game.protocol.party.PartyStopFollowMemberRequest	type.ankama.com/com.ankama.dofus.server.game.protocol.party.PartyStopFollowMemberRequest	C2S	1:int32:party_id;2:int64:player_id	refs/dofus-unity-protocol-builder/proto/game/party.proto:56
PartyLocateMembersRequest	com.ankama.dofus.server.game.protocol.party.PartyLocateMembersRequest	type.ankama.com/com.ankama.dofus.server.game.protocol.party.PartyLocateMembersRequest	C2S	1:int32:party_id	refs/dofus-unity-protocol-builder/proto/game/party.proto:61
PartyLeaveRequest	com.ankama.dofus.server.game.protocol.party.PartyLeaveRequest	type.ankama.com/com.ankama.dofus.server.game.protocol.party.PartyLeaveRequest	C2S	1:int32:party_id	refs/dofus-unity-protocol-builder/proto/game/party.proto:65
PartyKickRequest	com.ankama.dofus.server.game.protocol.party.PartyKickRequest	type.ankama.com/com.ankama.dofus.server.game.protocol.party.PartyKickRequest	C2S	1:int32:party_id;2:int64:player_id	refs/dofus-unity-protocol-builder/proto/game/party.proto:69
PartyPledgeLoyaltyRequest	com.ankama.dofus.server.game.protocol.party.PartyPledgeLoyaltyRequest	type.ankama.com/com.ankama.dofus.server.game.protocol.party.PartyPledgeLoyaltyRequest	C2S	1:int32:party_id;2:bool:loyal	refs/dofus-unity-protocol-builder/proto/game/party.proto:74
PartyNameSetRequest	com.ankama.dofus.server.game.protocol.party.PartyNameSetRequest	type.ankama.com/com.ankama.dofus.server.game.protocol.party.PartyNameSetRequest	C2S	1:int32:party_id;2:string:name	refs/dofus-unity-protocol-builder/proto/game/party.proto:79
PartyInvitationEvent	com.ankama.dofus.server.game.protocol.party.PartyInvitationEvent	type.ankama.com/com.ankama.dofus.server.game.protocol.party.PartyInvitationEvent	S2C	1:int32:party_id;2:.com.ankama.dofus.server.game.protocol.party.PartyType:party_type;3:string:party_name;4:int32:max_participants;5:int64:from_player_id;6:string:from_player_name;7:int64:to_player_id	refs/dofus-unity-protocol-builder/proto/game/party.proto:84
PartyInvitationDetailsEvent	com.ankama.dofus.server.game.protocol.party.PartyInvitationDetailsEvent	type.ankama.com/com.ankama.dofus.server.game.protocol.party.PartyInvitationDetailsEvent	S2C	1:int32:party_id;2:.com.ankama.dofus.server.game.protocol.party.PartyType:party_type;3:string:party_name;4:int64:from_player_id;5:string:from_player_name;6:int64:leader_id;7:repeated .com.ankama.dofus.server.game.protocol.common.Character:members;8:repeated .com.ankama.dofus.server.game.protocol.party.PartyGuest:guests	refs/dofus-unity-protocol-builder/proto/game/party.proto:94
PartyInvitationCancelledForGuestEvent	com.ankama.dofus.server.game.protocol.party.PartyInvitationCancelledForGuestEvent	type.ankama.com/com.ankama.dofus.server.game.protocol.party.PartyInvitationCancelledForGuestEvent	S2C	1:int32:party_id;2:int64:canceller_id	refs/dofus-unity-protocol-builder/proto/game/party.proto:105
PartyInvitationCancelledEvent	com.ankama.dofus.server.game.protocol.party.PartyInvitationCancelledEvent	type.ankama.com/com.ankama.dofus.server.game.protocol.party.PartyInvitationCancelledEvent	S2C	1:int32:party_id;2:int64:canceller_id;3:int64:guest_id	refs/dofus-unity-protocol-builder/proto/game/party.proto:110
PartyInvitationRefusedEvent	com.ankama.dofus.server.game.protocol.party.PartyInvitationRefusedEvent	type.ankama.com/com.ankama.dofus.server.game.protocol.party.PartyInvitationRefusedEvent	S2C	1:int32:party_id;2:int64:guest_id	refs/dofus-unity-protocol-builder/proto/game/party.proto:116
PartyJoinErrorEvent	com.ankama.dofus.server.game.protocol.party.PartyJoinErrorEvent	type.ankama.com/com.ankama.dofus.server.game.protocol.party.PartyJoinErrorEvent	S2C	1:int32:party_id;2:.com.ankama.dofus.server.game.protocol.party.PartyJoinErrorEvent.PartyJoinError:reason	refs/dofus-unity-protocol-builder/proto/game/party.proto:121
PartyJoinEvent	com.ankama.dofus.server.game.protocol.party.PartyJoinEvent	type.ankama.com/com.ankama.dofus.server.game.protocol.party.PartyJoinEvent	S2C	1:int32:party_id;2:.com.ankama.dofus.server.game.protocol.party.PartyType:party_type;3:int64:leader_id;4:int32:max_participants;5:repeated .com.ankama.dofus.server.game.protocol.common.Character:members;6:repeated .com.ankama.dofus.server.game.protocol.party.PartyGuest:guests;7:bool:restricted;8:string:party_name	refs/dofus-unity-protocol-builder/proto/game/party.proto:142
PartyNewGuestEvent	com.ankama.dofus.server.game.protocol.party.PartyNewGuestEvent	type.ankama.com/com.ankama.dofus.server.game.protocol.party.PartyNewGuestEvent	S2C	1:int32:party_id;2:.com.ankama.dofus.server.game.protocol.party.PartyGuest:guest	refs/dofus-unity-protocol-builder/proto/game/party.proto:153
PartyMemberUpdateEvent	com.ankama.dofus.server.game.protocol.party.PartyMemberUpdateEvent	type.ankama.com/com.ankama.dofus.server.game.protocol.party.PartyMemberUpdateEvent	S2C	1:int32:party_id;2:.com.ankama.dofus.server.game.protocol.common.Character:member	refs/dofus-unity-protocol-builder/proto/game/party.proto:158
PartyNewMemberEvent	com.ankama.dofus.server.game.protocol.party.PartyNewMemberEvent	type.ankama.com/com.ankama.dofus.server.game.protocol.party.PartyNewMemberEvent	S2C	1:int32:party_id;2:.com.ankama.dofus.server.game.protocol.common.Character:member	refs/dofus-unity-protocol-builder/proto/game/party.proto:163
PartyMemberUpdateLightEvent	com.ankama.dofus.server.game.protocol.party.PartyMemberUpdateLightEvent	type.ankama.com/com.ankama.dofus.server.game.protocol.party.PartyMemberUpdateLightEvent	S2C	1:int32:party_id;2:int64:player_id;3:.com.ankama.dofus.server.game.protocol.common.PartyUpdateCommonsInformation:commons_information;4:int32:index	refs/dofus-unity-protocol-builder/proto/game/party.proto:168
PartyMemberRemoveEvent	com.ankama.dofus.server.game.protocol.party.PartyMemberRemoveEvent	type.ankama.com/com.ankama.dofus.server.game.protocol.party.PartyMemberRemoveEvent	S2C	1:int32:party_id;2:int64:leaving_player_id;3:int64:kicker_id	refs/dofus-unity-protocol-builder/proto/game/party.proto:175
PartyLeaderUpdateEvent	com.ankama.dofus.server.game.protocol.party.PartyLeaderUpdateEvent	type.ankama.com/com.ankama.dofus.server.game.protocol.party.PartyLeaderUpdateEvent	S2C	1:int32:party_id;2:int64:party_leader_id	refs/dofus-unity-protocol-builder/proto/game/party.proto:181
PartyFollowStatusUpdateEvent	com.ankama.dofus.server.game.protocol.party.PartyFollowStatusUpdateEvent	type.ankama.com/com.ankama.dofus.server.game.protocol.party.PartyFollowStatusUpdateEvent	S2C	1:int32:party_id;2:bool:success;3:bool:is_followed;4:int64:followed_id	refs/dofus-unity-protocol-builder/proto/game/party.proto:186
PartyLeaveEvent	com.ankama.dofus.server.game.protocol.party.PartyLeaveEvent	type.ankama.com/com.ankama.dofus.server.game.protocol.party.PartyLeaveEvent	S2C	1:int32:party_id	refs/dofus-unity-protocol-builder/proto/game/party.proto:193
PartyKickedByEvent	com.ankama.dofus.server.game.protocol.party.PartyKickedByEvent	type.ankama.com/com.ankama.dofus.server.game.protocol.party.PartyKickedByEvent	S2C	1:int32:party_id;2:int64:kicker_id	refs/dofus-unity-protocol-builder/proto/game/party.proto:197
PartyRestrictedEvent	com.ankama.dofus.server.game.protocol.party.PartyRestrictedEvent	type.ankama.com/com.ankama.dofus.server.game.protocol.party.PartyRestrictedEvent	S2C	1:int32:party_id;2:bool:restricted	refs/dofus-unity-protocol-builder/proto/game/party.proto:202
PartyDeletedEvent	com.ankama.dofus.server.game.protocol.party.PartyDeletedEvent	type.ankama.com/com.ankama.dofus.server.game.protocol.party.PartyDeletedEvent	S2C	1:int32:party_id	refs/dofus-unity-protocol-builder/proto/game/party.proto:207
PartyLoyaltyStatusEvent	com.ankama.dofus.server.game.protocol.party.PartyLoyaltyStatusEvent	type.ankama.com/com.ankama.dofus.server.game.protocol.party.PartyLoyaltyStatusEvent	S2C	1:int32:party_id;2:bool:loyal	refs/dofus-unity-protocol-builder/proto/game/party.proto:211
PartyMemberInFightEvent	com.ankama.dofus.server.game.protocol.party.PartyMemberInFightEvent	type.ankama.com/com.ankama.dofus.server.game.protocol.party.PartyMemberInFightEvent	S2C	1:int32:party_id;2:.com.ankama.dofus.server.game.protocol.party.PartyMemberInFightCause:reason;3:int64:member_id;4:int64:member_account_id;5:string:member_name;6:int32:fight_id;7:int32:time_before_fight_start;8:.com.ankama.dofus.server.game.protocol.common.MapExtendedCoordinates:standard_fight_map	refs/dofus-unity-protocol-builder/proto/game/party.proto:216
PartyMemberInBreachFightEvent	com.ankama.dofus.server.game.protocol.party.PartyMemberInBreachFightEvent	type.ankama.com/com.ankama.dofus.server.game.protocol.party.PartyMemberInBreachFightEvent	S2C	1:int32:party_id;2:.com.ankama.dofus.server.game.protocol.party.PartyMemberInFightCause:reason;3:int64:member_id;4:int64:member_account_id;5:string:member_name;6:int32:fight_id;7:int32:time_before_fight_start;8:int32:floor;9:int32:room	refs/dofus-unity-protocol-builder/proto/game/party.proto:227
PartyNameUpdateEvent	com.ankama.dofus.server.game.protocol.party.PartyNameUpdateEvent	type.ankama.com/com.ankama.dofus.server.game.protocol.party.PartyNameUpdateEvent	S2C	1:int32:party_id;2:string:name	refs/dofus-unity-protocol-builder/proto/game/party.proto:239
PartyNameSetErrorEvent	com.ankama.dofus.server.game.protocol.party.PartyNameSetErrorEvent	type.ankama.com/com.ankama.dofus.server.game.protocol.party.PartyNameSetErrorEvent	S2C	1:int32:party_id;2:.com.ankama.dofus.server.game.protocol.party.PartyNameSetErrorEvent.PartyNameError:result	refs/dofus-unity-protocol-builder/proto/game/party.proto:244
PartyGuest	com.ankama.dofus.server.game.protocol.party.PartyGuest	type.ankama.com/com.ankama.dofus.server.game.protocol.party.PartyGuest		1:int64:player_id;2:int64:host_id;3:string:name;4:.com.ankama.dofus.server.game.protocol.common.EntityLook:look;5:int32:breed;6:.com.ankama.dofus.server.game.protocol.common.Gender:gender;7:.com.ankama.dofus.server.game.protocol.common.CharacterStatus:status;8:repeated .com.ankama.dofus.server.game.protocol.common.PartyEntity:entities	refs/dofus-unity-protocol-builder/proto/game/party.proto:257
CharacterPresetInfo	com.ankama.dofus.server.game.protocol.preset.CharacterPresetInfo	type.ankama.com/com.ankama.dofus.server.game.protocol.preset.CharacterPresetInfo		1:string:uuid;2:string:name;3:int32:symbol_id;4:bool:is_favorite;5:string:last_modification_date;6:repeated .com.ankama.dofus.server.game.protocol.preset.CharacterPresetInfo.EquipmentByPositionEntry:equipment_by_position;7:.com.ankama.dofus.server.game.protocol.preset.SpellPreset:spell_preset;8:.com.ankama.dofus.server.game.protocol.preset.CharacteristicsInfo:characteristics_info;9:.com.ankama.dofus.server.game.protocol.preset.PresetLook:preset_look;10:.com.ankama.dofus.server.game.protocol.preset.Ride:ride;11:string:outfit_uuid	refs/dofus-unity-protocol-builder/proto/game/preset.proto:9
EquipmentByPositionEntry	com.ankama.dofus.server.game.protocol.preset.CharacterPresetInfo+EquipmentByPositionEntry	type.ankama.com/com.ankama.dofus.server.game.protocol.preset.CharacterPresetInfo.EquipmentByPositionEntry		1:int32:key;2:.com.ankama.dofus.server.game.protocol.preset.Equipment:value	refs/dofus-unity-protocol-builder/proto/game/preset.proto:21
ForgettableSpellPresetInfo	com.ankama.dofus.server.game.protocol.preset.ForgettableSpellPresetInfo	type.ankama.com/com.ankama.dofus.server.game.protocol.preset.ForgettableSpellPresetInfo		1:string:uuid;2:string:name;3:int32:symbol_id;4:bool:is_favorite;5:string:last_modification_date;6:.com.ankama.dofus.server.game.protocol.preset.SpellPreset:spell_preset;7:repeated .com.ankama.dofus.server.game.protocol.preset.ForgettableSpellPresetInfo.ForgettableSpellInfoByIdEntry:forgettable_spell_info_by_id	refs/dofus-unity-protocol-builder/proto/game/preset.proto:28
ForgettableSpellInfoByIdEntry	com.ankama.dofus.server.game.protocol.preset.ForgettableSpellPresetInfo+ForgettableSpellInfoByIdEntry	type.ankama.com/com.ankama.dofus.server.game.protocol.preset.ForgettableSpellPresetInfo.ForgettableSpellInfoByIdEntry		1:int32:key;2:.com.ankama.dofus.server.game.protocol.preset.ForgettableSpellInfo:value	refs/dofus-unity-protocol-builder/proto/game/preset.proto:36
PresetLook	com.ankama.dofus.server.game.protocol.preset.PresetLook	type.ankama.com/com.ankama.dofus.server.game.protocol.preset.PresetLook		1:.com.ankama.dofus.server.game.protocol.common.EntityLook:look_with_outfit;2:.com.ankama.dofus.server.game.protocol.common.EntityLook:look_without_outfit	refs/dofus-unity-protocol-builder/proto/game/preset.proto:43
CharacteristicsInfo	com.ankama.dofus.server.game.protocol.preset.CharacteristicsInfo	type.ankama.com/com.ankama.dofus.server.game.protocol.preset.CharacteristicsInfo		1:repeated .com.ankama.dofus.server.game.protocol.preset.CharacteristicsInfo.CharacteristicDetailsByIdEntry:characteristic_details_by_id	refs/dofus-unity-protocol-builder/proto/game/preset.proto:48
CharacteristicDetailsByIdEntry	com.ankama.dofus.server.game.protocol.preset.CharacteristicsInfo+CharacteristicDetailsByIdEntry	type.ankama.com/com.ankama.dofus.server.game.protocol.preset.CharacteristicsInfo.CharacteristicDetailsByIdEntry		1:int32:key;2:.com.ankama.dofus.server.game.protocol.preset.CharacteristicsInfo.CharacteristicsDetails:value	refs/dofus-unity-protocol-builder/proto/game/preset.proto:50
CharacteristicsDetails	com.ankama.dofus.server.game.protocol.preset.CharacteristicsInfo+CharacteristicsDetails	type.ankama.com/com.ankama.dofus.server.game.protocol.preset.CharacteristicsInfo.CharacteristicsDetails		2:int32:from_base;3:int32:from_allocated;4:int32:from_equipment;5:int32:from_bonus;6:int32:from_initial_bonus;1:int32:limit	refs/dofus-unity-protocol-builder/proto/game/preset.proto:55
Equipment	com.ankama.dofus.server.game.protocol.preset.Equipment	type.ankama.com/com.ankama.dofus.server.game.protocol.preset.Equipment		1:int32:gid;3:repeated .com.ankama.dofus.server.game.protocol.common.ObjectEffect:effects;2:int32:uid	refs/dofus-unity-protocol-builder/proto/game/preset.proto:66
Ride	com.ankama.dofus.server.game.protocol.preset.Ride	type.ankama.com/com.ankama.dofus.server.game.protocol.preset.Ride		1:int32:model_id;2:int32:level;3:bool:is_current_ride	refs/dofus-unity-protocol-builder/proto/game/preset.proto:72
SpellPositions	com.ankama.dofus.server.game.protocol.preset.SpellPositions	type.ankama.com/com.ankama.dofus.server.game.protocol.preset.SpellPositions		1:repeated int32:positions	refs/dofus-unity-protocol-builder/proto/game/preset.proto:78
ForgettableSpellInfo	com.ankama.dofus.server.game.protocol.preset.ForgettableSpellInfo	type.ankama.com/com.ankama.dofus.server.game.protocol.preset.ForgettableSpellInfo		1:.com.ankama.dofus.server.game.protocol.preset.SpellPositions:spell_positions;2:bool:is_missing	refs/dofus-unity-protocol-builder/proto/game/preset.proto:82
SpellPreset	com.ankama.dofus.server.game.protocol.preset.SpellPreset	type.ankama.com/com.ankama.dofus.server.game.protocol.preset.SpellPreset		1:repeated .com.ankama.dofus.server.game.protocol.preset.SpellPreset.SpellPositionsByIdEntry:spell_positions_by_id	refs/dofus-unity-protocol-builder/proto/game/preset.proto:87
SpellPositionsByIdEntry	com.ankama.dofus.server.game.protocol.preset.SpellPreset+SpellPositionsByIdEntry	type.ankama.com/com.ankama.dofus.server.game.protocol.preset.SpellPreset.SpellPositionsByIdEntry		1:int32:key;2:.com.ankama.dofus.server.game.protocol.preset.SpellPositions:value	refs/dofus-unity-protocol-builder/proto/game/preset.proto:89
PresetOrigin	com.ankama.dofus.server.game.protocol.preset.PresetOrigin	type.ankama.com/com.ankama.dofus.server.game.protocol.preset.PresetOrigin		1:.com.ankama.dofus.server.game.protocol.preset.PresetOrigin.EmptyPreset:empty;2:.com.ankama.dofus.server.game.protocol.preset.PresetOrigin.PlayerCopy:player;3:.com.ankama.dofus.server.game.protocol.preset.PresetOrigin.PresetClone:clone	refs/dofus-unity-protocol-builder/proto/game/preset.proto:96
EmptyPreset	com.ankama.dofus.server.game.protocol.preset.PresetOrigin+EmptyPreset	type.ankama.com/com.ankama.dofus.server.game.protocol.preset.PresetOrigin.EmptyPreset			refs/dofus-unity-protocol-builder/proto/game/preset.proto:102
PlayerCopy	com.ankama.dofus.server.game.protocol.preset.PresetOrigin+PlayerCopy	type.ankama.com/com.ankama.dofus.server.game.protocol.preset.PresetOrigin.PlayerCopy			refs/dofus-unity-protocol-builder/proto/game/preset.proto:105
PresetClone	com.ankama.dofus.server.game.protocol.preset.PresetOrigin+PresetClone	type.ankama.com/com.ankama.dofus.server.game.protocol.preset.PresetOrigin.PresetClone		1:string:preset_uuid_to_clone	refs/dofus-unity-protocol-builder/proto/game/preset.proto:108
CharacterPresetCreateRequest	com.ankama.dofus.server.game.protocol.preset.CharacterPresetCreateRequest	type.ankama.com/com.ankama.dofus.server.game.protocol.preset.CharacterPresetCreateRequest	C2S	1:string:name;2:int32:symbol_id;3:.com.ankama.dofus.server.game.protocol.preset.PresetOrigin:origin	refs/dofus-unity-protocol-builder/proto/game/preset.proto:114
CharacterPresetCreateResponse	com.ankama.dofus.server.game.protocol.preset.CharacterPresetCreateResponse	type.ankama.com/com.ankama.dofus.server.game.protocol.preset.CharacterPresetCreateResponse	S2C	1:.com.ankama.dofus.server.game.protocol.preset.CharacterPresetCreateResponse.Success:success;2:.com.ankama.dofus.server.game.protocol.preset.CharacterPresetCreateResponse.Error:error	refs/dofus-unity-protocol-builder/proto/game/preset.proto:120
Success	com.ankama.dofus.server.game.protocol.preset.CharacterPresetCreateResponse+Success	type.ankama.com/com.ankama.dofus.server.game.protocol.preset.CharacterPresetCreateResponse.Success		1:.com.ankama.dofus.server.game.protocol.preset.CharacterPresetInfo:preset_info	refs/dofus-unity-protocol-builder/proto/game/preset.proto:125
ForgettableSpellPresetCreateRequest	com.ankama.dofus.server.game.protocol.preset.ForgettableSpellPresetCreateRequest	type.ankama.com/com.ankama.dofus.server.game.protocol.preset.ForgettableSpellPresetCreateRequest	C2S	1:string:name;2:int32:symbol_id;3:.com.ankama.dofus.server.game.protocol.preset.PresetOrigin:origin	refs/dofus-unity-protocol-builder/proto/game/preset.proto:138
ForgettableSpellPresetCreateResponse	com.ankama.dofus.server.game.protocol.preset.ForgettableSpellPresetCreateResponse	type.ankama.com/com.ankama.dofus.server.game.protocol.preset.ForgettableSpellPresetCreateResponse	S2C	1:.com.ankama.dofus.server.game.protocol.preset.ForgettableSpellPresetCreateResponse.Success:success;2:.com.ankama.dofus.server.game.protocol.preset.ForgettableSpellPresetCreateResponse.Error:error	refs/dofus-unity-protocol-builder/proto/game/preset.proto:144
Success	com.ankama.dofus.server.game.protocol.preset.ForgettableSpellPresetCreateResponse+Success	type.ankama.com/com.ankama.dofus.server.game.protocol.preset.ForgettableSpellPresetCreateResponse.Success		1:.com.ankama.dofus.server.game.protocol.preset.ForgettableSpellPresetInfo:preset_info	refs/dofus-unity-protocol-builder/proto/game/preset.proto:149
CharacterPresetSetRequest	com.ankama.dofus.server.game.protocol.preset.CharacterPresetSetRequest	type.ankama.com/com.ankama.dofus.server.game.protocol.preset.CharacterPresetSetRequest	C2S	1:string:uuid;2:.com.ankama.dofus.server.game.protocol.preset.PresetOrigin:origin	refs/dofus-unity-protocol-builder/proto/game/preset.proto:163
CharacterPresetSetResponse	com.ankama.dofus.server.game.protocol.preset.CharacterPresetSetResponse	type.ankama.com/com.ankama.dofus.server.game.protocol.preset.CharacterPresetSetResponse	S2C	1:bool:is_success;2:.com.ankama.dofus.server.game.protocol.preset.CharacterPresetInfo:preset_info	refs/dofus-unity-protocol-builder/proto/game/preset.proto:168
ForgettableSpellPresetSetRequest	com.ankama.dofus.server.game.protocol.preset.ForgettableSpellPresetSetRequest	type.ankama.com/com.ankama.dofus.server.game.protocol.preset.ForgettableSpellPresetSetRequest	C2S	1:string:uuid;2:.com.ankama.dofus.server.game.protocol.preset.PresetOrigin:origin	refs/dofus-unity-protocol-builder/proto/game/preset.proto:173
ForgettableSpellPresetSetResponse	com.ankama.dofus.server.game.protocol.preset.ForgettableSpellPresetSetResponse	type.ankama.com/com.ankama.dofus.server.game.protocol.preset.ForgettableSpellPresetSetResponse	S2C	1:bool:is_success;2:.com.ankama.dofus.server.game.protocol.preset.ForgettableSpellPresetInfo:preset_info	refs/dofus-unity-protocol-builder/proto/game/preset.proto:178
PresetSaveRequest	com.ankama.dofus.server.game.protocol.preset.PresetSaveRequest	type.ankama.com/com.ankama.dofus.server.game.protocol.preset.PresetSaveRequest	C2S	1:.com.ankama.dofus.server.game.protocol.common.PresetType:type;2:string:uuid	refs/dofus-unity-protocol-builder/proto/game/preset.proto:183
PresetSaveResponse	com.ankama.dofus.server.game.protocol.preset.PresetSaveResponse	type.ankama.com/com.ankama.dofus.server.game.protocol.preset.PresetSaveResponse	S2C	1:bool:is_success	refs/dofus-unity-protocol-builder/proto/game/preset.proto:188
CharacterPresetResetRequest	com.ankama.dofus.server.game.protocol.preset.CharacterPresetResetRequest	type.ankama.com/com.ankama.dofus.server.game.protocol.preset.CharacterPresetResetRequest	C2S	1:string:uuid	refs/dofus-unity-protocol-builder/proto/game/preset.proto:192
CharacterPresetResetResponse	com.ankama.dofus.server.game.protocol.preset.CharacterPresetResetResponse	type.ankama.com/com.ankama.dofus.server.game.protocol.preset.CharacterPresetResetResponse	S2C	1:bool:is_success;2:.com.ankama.dofus.server.game.protocol.preset.CharacterPresetInfo:preset_info	refs/dofus-unity-protocol-builder/proto/game/preset.proto:196
ForgettableSpellPresetResetRequest	com.ankama.dofus.server.game.protocol.preset.ForgettableSpellPresetResetRequest	type.ankama.com/com.ankama.dofus.server.game.protocol.preset.ForgettableSpellPresetResetRequest	C2S	1:string:uuid	refs/dofus-unity-protocol-builder/proto/game/preset.proto:201
ForgettableSpellPresetResetResponse	com.ankama.dofus.server.game.protocol.preset.ForgettableSpellPresetResetResponse	type.ankama.com/com.ankama.dofus.server.game.protocol.preset.ForgettableSpellPresetResetResponse	S2C	1:bool:is_success;2:.com.ankama.dofus.server.game.protocol.preset.ForgettableSpellPresetInfo:preset_info	refs/dofus-unity-protocol-builder/proto/game/preset.proto:205
PresetDeleteRequest	com.ankama.dofus.server.game.protocol.preset.PresetDeleteRequest	type.ankama.com/com.ankama.dofus.server.game.protocol.preset.PresetDeleteRequest	C2S	1:string:preset_uuid;2:.com.ankama.dofus.server.game.protocol.common.PresetType:preset_type	refs/dofus-unity-protocol-builder/proto/game/preset.proto:210
PresetDeleteResponse	com.ankama.dofus.server.game.protocol.preset.PresetDeleteResponse	type.ankama.com/com.ankama.dofus.server.game.protocol.preset.PresetDeleteResponse	S2C	1:bool:is_success	refs/dofus-unity-protocol-builder/proto/game/preset.proto:215
PresetUseRequest	com.ankama.dofus.server.game.protocol.preset.PresetUseRequest	type.ankama.com/com.ankama.dofus.server.game.protocol.preset.PresetUseRequest	C2S	1:string:preset_uuid;2:.com.ankama.dofus.server.game.protocol.common.PresetType:preset_type	refs/dofus-unity-protocol-builder/proto/game/preset.proto:219
PresetUseResponse	com.ankama.dofus.server.game.protocol.preset.PresetUseResponse	type.ankama.com/com.ankama.dofus.server.game.protocol.preset.PresetUseResponse	S2C	1:.com.ankama.dofus.server.game.protocol.preset.PresetUseResponse.ResultEnum:result_enum;2:.com.ankama.dofus.server.game.protocol.preset.PresetUseResponse.MissingEquipments:missing_equipments	refs/dofus-unity-protocol-builder/proto/game/preset.proto:224
MissingEquipments	com.ankama.dofus.server.game.protocol.preset.PresetUseResponse+MissingEquipments	type.ankama.com/com.ankama.dofus.server.game.protocol.preset.PresetUseResponse.MissingEquipments		1:repeated int32:missing_item_gids;2:int32:missing_ride_model_id	refs/dofus-unity-protocol-builder/proto/game/preset.proto:229
PresetSpellUpdateRequest	com.ankama.dofus.server.game.protocol.preset.PresetSpellUpdateRequest	type.ankama.com/com.ankama.dofus.server.game.protocol.preset.PresetSpellUpdateRequest	C2S	1:string:preset_uuid;2:.com.ankama.dofus.server.game.protocol.preset.PresetSpellUpdateRequest.Target:target;3:.com.ankama.dofus.server.game.protocol.preset.SpellPreset:spell_preset	refs/dofus-unity-protocol-builder/proto/game/preset.proto:246
PresetSpellUpdateResponse	com.ankama.dofus.server.game.protocol.preset.PresetSpellUpdateResponse	type.ankama.com/com.ankama.dofus.server.game.protocol.preset.PresetSpellUpdateResponse	S2C	1:bool:is_success	refs/dofus-unity-protocol-builder/proto/game/preset.proto:258
PresetStatUpdateRequest	com.ankama.dofus.server.game.protocol.preset.PresetStatUpdateRequest	type.ankama.com/com.ankama.dofus.server.game.protocol.preset.PresetStatUpdateRequest	C2S	1:string:preset_uuid;2:repeated .com.ankama.dofus.server.game.protocol.preset.PresetStatUpdateRequest.StatByIdEntry:stat_by_id	refs/dofus-unity-protocol-builder/proto/game/preset.proto:262
StatByIdEntry	com.ankama.dofus.server.game.protocol.preset.PresetStatUpdateRequest+StatByIdEntry	type.ankama.com/com.ankama.dofus.server.game.protocol.preset.PresetStatUpdateRequest.StatByIdEntry		1:int32:key;2:int32:value	refs/dofus-unity-protocol-builder/proto/game/preset.proto:265
PresetStatUpdateResponse	com.ankama.dofus.server.game.protocol.preset.PresetStatUpdateResponse	type.ankama.com/com.ankama.dofus.server.game.protocol.preset.PresetStatUpdateResponse	S2C	1:bool:is_success;2:.com.ankama.dofus.server.game.protocol.preset.CharacteristicsInfo:characteristics_info	refs/dofus-unity-protocol-builder/proto/game/preset.proto:272
PresetEquipmentUpdateRequest	com.ankama.dofus.server.game.protocol.preset.PresetEquipmentUpdateRequest	type.ankama.com/com.ankama.dofus.server.game.protocol.preset.PresetEquipmentUpdateRequest	C2S	1:string:character_preset_uuid;2:.com.ankama.dofus.server.game.protocol.preset.PresetEquipmentUpdateRequest.SetItem:set_item;3:.com.ankama.dofus.server.game.protocol.preset.PresetEquipmentUpdateRequest.RemoveItem:remove_item;4:.com.ankama.dofus.server.game.protocol.preset.PresetEquipmentUpdateRequest.SetRide:set_ride;5:.com.ankama.dofus.server.game.protocol.preset.PresetEquipmentUpdateRequest.RemoveRide:remove_ride	refs/dofus-unity-protocol-builder/proto/game/preset.proto:277
SetItem	com.ankama.dofus.server.game.protocol.preset.PresetEquipmentUpdateRequest+SetItem	type.ankama.com/com.ankama.dofus.server.game.protocol.preset.PresetEquipmentUpdateRequest.SetItem		1:int32:position;2:int32:item_uid	refs/dofus-unity-protocol-builder/proto/game/preset.proto:285
RemoveItem	com.ankama.dofus.server.game.protocol.preset.PresetEquipmentUpdateRequest+RemoveItem	type.ankama.com/com.ankama.dofus.server.game.protocol.preset.PresetEquipmentUpdateRequest.RemoveItem		1:int32:position	refs/dofus-unity-protocol-builder/proto/game/preset.proto:290
SetRide	com.ankama.dofus.server.game.protocol.preset.PresetEquipmentUpdateRequest+SetRide	type.ankama.com/com.ankama.dofus.server.game.protocol.preset.PresetEquipmentUpdateRequest.SetRide			refs/dofus-unity-protocol-builder/proto/game/preset.proto:294
RemoveRide	com.ankama.dofus.server.game.protocol.preset.PresetEquipmentUpdateRequest+RemoveRide	type.ankama.com/com.ankama.dofus.server.game.protocol.preset.PresetEquipmentUpdateRequest.RemoveRide			refs/dofus-unity-protocol-builder/proto/game/preset.proto:297
PresetEquipmentUpdateResponse	com.ankama.dofus.server.game.protocol.preset.PresetEquipmentUpdateResponse	type.ankama.com/com.ankama.dofus.server.game.protocol.preset.PresetEquipmentUpdateResponse	S2C	1:bool:is_success;2:.com.ankama.dofus.server.game.protocol.preset.PresetEquipmentUpdateResponse.EquipmentRefresh:equipment_refresh	refs/dofus-unity-protocol-builder/proto/game/preset.proto:302
EquipmentRefresh	com.ankama.dofus.server.game.protocol.preset.PresetEquipmentUpdateResponse+EquipmentRefresh	type.ankama.com/com.ankama.dofus.server.game.protocol.preset.PresetEquipmentUpdateResponse.EquipmentRefresh		1:.com.ankama.dofus.server.game.protocol.preset.CharacteristicsInfo:characteristics_info;2:.com.ankama.dofus.server.game.protocol.preset.PresetLook:preset_look	refs/dofus-unity-protocol-builder/proto/game/preset.proto:305
PresetRenameRequest	com.ankama.dofus.server.game.protocol.preset.PresetRenameRequest	type.ankama.com/com.ankama.dofus.server.game.protocol.preset.PresetRenameRequest	C2S	1:string:preset_uuid;2:.com.ankama.dofus.server.game.protocol.common.PresetType:preset_type;3:string:name	refs/dofus-unity-protocol-builder/proto/game/preset.proto:312
PresetRenameResponse	com.ankama.dofus.server.game.protocol.preset.PresetRenameResponse	type.ankama.com/com.ankama.dofus.server.game.protocol.preset.PresetRenameResponse	S2C	1:.com.ankama.dofus.server.game.protocol.preset.PresetRenameResponse.Result:result	refs/dofus-unity-protocol-builder/proto/game/preset.proto:318
PresetSymbolUpdateRequest	com.ankama.dofus.server.game.protocol.preset.PresetSymbolUpdateRequest	type.ankama.com/com.ankama.dofus.server.game.protocol.preset.PresetSymbolUpdateRequest	C2S	1:string:preset_uuid;2:.com.ankama.dofus.server.game.protocol.common.PresetType:preset_type;3:int32:symbol_id	refs/dofus-unity-protocol-builder/proto/game/preset.proto:330
PresetSymbolUpdateResponse	com.ankama.dofus.server.game.protocol.preset.PresetSymbolUpdateResponse	type.ankama.com/com.ankama.dofus.server.game.protocol.preset.PresetSymbolUpdateResponse	S2C	1:bool:is_success	refs/dofus-unity-protocol-builder/proto/game/preset.proto:336
PresetSetFavoriteRequest	com.ankama.dofus.server.game.protocol.preset.PresetSetFavoriteRequest	type.ankama.com/com.ankama.dofus.server.game.protocol.preset.PresetSetFavoriteRequest	C2S	1:string:preset_uuid;2:.com.ankama.dofus.server.game.protocol.common.PresetType:preset_type;3:bool:is_favorite	refs/dofus-unity-protocol-builder/proto/game/preset.proto:340
PresetSetFavoriteResponse	com.ankama.dofus.server.game.protocol.preset.PresetSetFavoriteResponse	type.ankama.com/com.ankama.dofus.server.game.protocol.preset.PresetSetFavoriteResponse	S2C	1:bool:is_success	refs/dofus-unity-protocol-builder/proto/game/preset.proto:346
CharacterPresetInfoRequest	com.ankama.dofus.server.game.protocol.preset.CharacterPresetInfoRequest	type.ankama.com/com.ankama.dofus.server.game.protocol.preset.CharacterPresetInfoRequest	C2S	1:string:preset_uuid	refs/dofus-unity-protocol-builder/proto/game/preset.proto:350
CharacterPresetInfoResponse	com.ankama.dofus.server.game.protocol.preset.CharacterPresetInfoResponse	type.ankama.com/com.ankama.dofus.server.game.protocol.preset.CharacterPresetInfoResponse	S2C	1:bool:is_success;2:.com.ankama.dofus.server.game.protocol.preset.CharacterPresetInfo:info	refs/dofus-unity-protocol-builder/proto/game/preset.proto:354
ForgettableSpellPresetInfoRequest	com.ankama.dofus.server.game.protocol.preset.ForgettableSpellPresetInfoRequest	type.ankama.com/com.ankama.dofus.server.game.protocol.preset.ForgettableSpellPresetInfoRequest	C2S	1:string:preset_uuid	refs/dofus-unity-protocol-builder/proto/game/preset.proto:359
ForgettableSpellPresetInfoResponse	com.ankama.dofus.server.game.protocol.preset.ForgettableSpellPresetInfoResponse	type.ankama.com/com.ankama.dofus.server.game.protocol.preset.ForgettableSpellPresetInfoResponse	S2C	1:bool:is_success;2:.com.ankama.dofus.server.game.protocol.preset.ForgettableSpellPresetInfo:info	refs/dofus-unity-protocol-builder/proto/game/preset.proto:363
PresetOutfitUpdateRequest	com.ankama.dofus.server.game.protocol.preset.PresetOutfitUpdateRequest	type.ankama.com/com.ankama.dofus.server.game.protocol.preset.PresetOutfitUpdateRequest	C2S	1:string:preset_uuid;2:string:outfit_uuid	refs/dofus-unity-protocol-builder/proto/game/preset.proto:368
PresetOutfitUpdateResponse	com.ankama.dofus.server.game.protocol.preset.PresetOutfitUpdateResponse	type.ankama.com/com.ankama.dofus.server.game.protocol.preset.PresetOutfitUpdateResponse	S2C	1:bool:is_success;2:.com.ankama.dofus.server.game.protocol.preset.PresetLook:updated_look	refs/dofus-unity-protocol-builder/proto/game/preset.proto:373
PresetItemUpdateEvent	com.ankama.dofus.server.game.protocol.preset.PresetItemUpdateEvent	type.ankama.com/com.ankama.dofus.server.game.protocol.preset.PresetItemUpdateEvent	S2C	1:bool:is_linked;2:repeated .com.ankama.dofus.server.game.protocol.preset.PresetItemUpdateEvent.ItemPositionByPresetUuidEntry:item_position_by_preset_uuid;3:int32:item_uid	refs/dofus-unity-protocol-builder/proto/game/preset.proto:378
ItemPositionByPresetUuidEntry	com.ankama.dofus.server.game.protocol.preset.PresetItemUpdateEvent+ItemPositionByPresetUuidEntry	type.ankama.com/com.ankama.dofus.server.game.protocol.preset.PresetItemUpdateEvent.ItemPositionByPresetUuidEntry		1:string:key;2:int32:value	refs/dofus-unity-protocol-builder/proto/game/preset.proto:382
PresetListEvent	com.ankama.dofus.server.game.protocol.preset.PresetListEvent	type.ankama.com/com.ankama.dofus.server.game.protocol.preset.PresetListEvent	S2C	1:repeated .com.ankama.dofus.server.game.protocol.preset.PresetListEvent.CharacterPresetInfoByIdEntry:character_preset_info_by_id;2:repeated .com.ankama.dofus.server.game.protocol.preset.PresetListEvent.ForgettableSpellPresetInfoByIdEntry:forgettable_spell_preset_info_by_id	refs/dofus-unity-protocol-builder/proto/game/preset.proto:389
CharacterPresetInfoByIdEntry	com.ankama.dofus.server.game.protocol.preset.PresetListEvent+CharacterPresetInfoByIdEntry	type.ankama.com/com.ankama.dofus.server.game.protocol.preset.PresetListEvent.CharacterPresetInfoByIdEntry		1:string:key;2:.com.ankama.dofus.server.game.protocol.preset.CharacterPresetInfo:value	refs/dofus-unity-protocol-builder/proto/game/preset.proto:392
ForgettableSpellPresetInfoByIdEntry	com.ankama.dofus.server.game.protocol.preset.PresetListEvent+ForgettableSpellPresetInfoByIdEntry	type.ankama.com/com.ankama.dofus.server.game.protocol.preset.PresetListEvent.ForgettableSpellPresetInfoByIdEntry		1:string:key;2:.com.ankama.dofus.server.game.protocol.preset.ForgettableSpellPresetInfo:value	refs/dofus-unity-protocol-builder/proto/game/preset.proto:397
CharacterPresetCurrentStateRequest	com.ankama.dofus.server.game.protocol.preset.CharacterPresetCurrentStateRequest	type.ankama.com/com.ankama.dofus.server.game.protocol.preset.CharacterPresetCurrentStateRequest	C2S		refs/dofus-unity-protocol-builder/proto/game/preset.proto:404
CharacterPresetCurrentStateResponse	com.ankama.dofus.server.game.protocol.preset.CharacterPresetCurrentStateResponse	type.ankama.com/com.ankama.dofus.server.game.protocol.preset.CharacterPresetCurrentStateResponse	S2C	1:.com.ankama.dofus.server.game.protocol.preset.CharacterPresetInfo:preset	refs/dofus-unity-protocol-builder/proto/game/preset.proto:407
PrismTeleportationRequest	com.ankama.dofus.server.game.protocol.prism.PrismTeleportationRequest	type.ankama.com/com.ankama.dofus.server.game.protocol.prism.PrismTeleportationRequest	C2S		refs/dofus-unity-protocol-builder/proto/game/prism.proto:9
PrismAttackRequest	com.ankama.dofus.server.game.protocol.prism.PrismAttackRequest	type.ankama.com/com.ankama.dofus.server.game.protocol.prism.PrismAttackRequest	C2S		refs/dofus-unity-protocol-builder/proto/game/prism.proto:12
PrismExchangeRequest	com.ankama.dofus.server.game.protocol.prism.PrismExchangeRequest	type.ankama.com/com.ankama.dofus.server.game.protocol.prism.PrismExchangeRequest	C2S		refs/dofus-unity-protocol-builder/proto/game/prism.proto:15
PrismRecycleRequest	com.ankama.dofus.server.game.protocol.prism.PrismRecycleRequest	type.ankama.com/com.ankama.dofus.server.game.protocol.prism.PrismRecycleRequest	C2S		refs/dofus-unity-protocol-builder/proto/game/prism.proto:18
PrismListEvent	com.ankama.dofus.server.game.protocol.prism.PrismListEvent	type.ankama.com/com.ankama.dofus.server.game.protocol.prism.PrismListEvent	S2C	1:repeated .com.ankama.dofus.server.game.protocol.common.PrismLocalizedInformation:prism_localized_information	refs/dofus-unity-protocol-builder/proto/game/prism.proto:21
PrismAddOrUpdateEvent	com.ankama.dofus.server.game.protocol.prism.PrismAddOrUpdateEvent	type.ankama.com/com.ankama.dofus.server.game.protocol.prism.PrismAddOrUpdateEvent	S2C	1:.com.ankama.dofus.server.game.protocol.common.PrismLocalizedInformation:prism_localized_information	refs/dofus-unity-protocol-builder/proto/game/prism.proto:25
PrismRemoveEvent	com.ankama.dofus.server.game.protocol.prism.PrismRemoveEvent	type.ankama.com/com.ankama.dofus.server.game.protocol.prism.PrismRemoveEvent	S2C	1:.com.ankama.dofus.server.game.protocol.common.PrismLocalizedInformation:prism_localized_information	refs/dofus-unity-protocol-builder/proto/game/prism.proto:29
PrismAttackedEvent	com.ankama.dofus.server.game.protocol.prism.PrismAttackedEvent	type.ankama.com/com.ankama.dofus.server.game.protocol.prism.PrismAttackedEvent	S2C	1:.com.ankama.dofus.server.game.protocol.common.PrismLocalizedInformation:prism_localized_information	refs/dofus-unity-protocol-builder/proto/game/prism.proto:33
PrismAttackResultEvent	com.ankama.dofus.server.game.protocol.prism.PrismAttackResultEvent	type.ankama.com/com.ankama.dofus.server.game.protocol.prism.PrismAttackResultEvent	S2C	1:.com.ankama.dofus.server.game.protocol.common.PrismLocalizedInformation:prism_localized_information;2:.com.ankama.dofus.server.game.protocol.prism.PrismAttackResultEvent.PrismAttackResult:prism_attack_result	refs/dofus-unity-protocol-builder/proto/game/prism.proto:37
QuestsRequest	com.ankama.dofus.server.game.protocol.quest.QuestsRequest	type.ankama.com/com.ankama.dofus.server.game.protocol.quest.QuestsRequest	C2S		refs/dofus-unity-protocol-builder/proto/game/quest.proto:7
QuestStartRequest	com.ankama.dofus.server.game.protocol.quest.QuestStartRequest	type.ankama.com/com.ankama.dofus.server.game.protocol.quest.QuestStartRequest	C2S	1:int32:quest_id	refs/dofus-unity-protocol-builder/proto/game/quest.proto:10
QuestStepInformationRequest	com.ankama.dofus.server.game.protocol.quest.QuestStepInformationRequest	type.ankama.com/com.ankama.dofus.server.game.protocol.quest.QuestStepInformationRequest	C2S	1:int32:quest_id	refs/dofus-unity-protocol-builder/proto/game/quest.proto:14
QuestObjectiveValidationRequest	com.ankama.dofus.server.game.protocol.quest.QuestObjectiveValidationRequest	type.ankama.com/com.ankama.dofus.server.game.protocol.quest.QuestObjectiveValidationRequest	C2S	1:int32:quest_id;2:int32:objective_id	refs/dofus-unity-protocol-builder/proto/game/quest.proto:18
GuideModReturnRequest	com.ankama.dofus.server.game.protocol.quest.GuideModReturnRequest	type.ankama.com/com.ankama.dofus.server.game.protocol.quest.GuideModReturnRequest	C2S		refs/dofus-unity-protocol-builder/proto/game/quest.proto:23
GuideModQuitRequest	com.ankama.dofus.server.game.protocol.quest.GuideModQuitRequest	type.ankama.com/com.ankama.dofus.server.game.protocol.quest.GuideModQuitRequest	C2S		refs/dofus-unity-protocol-builder/proto/game/quest.proto:26
QuestObjectiveFollowRequest	com.ankama.dofus.server.game.protocol.quest.QuestObjectiveFollowRequest	type.ankama.com/com.ankama.dofus.server.game.protocol.quest.QuestObjectiveFollowRequest	C2S	1:int32:quest_id;2:int32:objective_id	refs/dofus-unity-protocol-builder/proto/game/quest.proto:29
QuestObjectiveUnfollowRequest	com.ankama.dofus.server.game.protocol.quest.QuestObjectiveUnfollowRequest	type.ankama.com/com.ankama.dofus.server.game.protocol.quest.QuestObjectiveUnfollowRequest	C2S	1:int32:quest_id;2:int32:objective_id	refs/dofus-unity-protocol-builder/proto/game/quest.proto:34
QuestsFollowedOrderRefreshRequest	com.ankama.dofus.server.game.protocol.quest.QuestsFollowedOrderRefreshRequest	type.ankama.com/com.ankama.dofus.server.game.protocol.quest.QuestsFollowedOrderRefreshRequest	C2S	1:repeated int32:quests	refs/dofus-unity-protocol-builder/proto/game/quest.proto:39
QuestsEvent	com.ankama.dofus.server.game.protocol.quest.QuestsEvent	type.ankama.com/com.ankama.dofus.server.game.protocol.quest.QuestsEvent	S2C	1:repeated .com.ankama.dofus.server.game.protocol.quest.QuestsEvent.QuestFinished:finished_quests;2:repeated .com.ankama.dofus.server.game.protocol.quest.QuestActive:active_quests;3:repeated int32:reinitialized_done_quests_id;4:int64:player_id	refs/dofus-unity-protocol-builder/proto/game/quest.proto:43
QuestFinished	com.ankama.dofus.server.game.protocol.quest.QuestsEvent+QuestFinished	type.ankama.com/com.ankama.dofus.server.game.protocol.quest.QuestsEvent.QuestFinished		1:int32:quest_id;2:int32:finished_count	refs/dofus-unity-protocol-builder/proto/game/quest.proto:48
QuestStartedEvent	com.ankama.dofus.server.game.protocol.quest.QuestStartedEvent	type.ankama.com/com.ankama.dofus.server.game.protocol.quest.QuestStartedEvent	S2C	1:int32:quest_id	refs/dofus-unity-protocol-builder/proto/game/quest.proto:55
QuestValidatedEvent	com.ankama.dofus.server.game.protocol.quest.QuestValidatedEvent	type.ankama.com/com.ankama.dofus.server.game.protocol.quest.QuestValidatedEvent	S2C	1:int32:quest_id	refs/dofus-unity-protocol-builder/proto/game/quest.proto:59
QuestObjectiveValidatedEvent	com.ankama.dofus.server.game.protocol.quest.QuestObjectiveValidatedEvent	type.ankama.com/com.ankama.dofus.server.game.protocol.quest.QuestObjectiveValidatedEvent	S2C	1:int32:quest_id;2:int32:objective_id	refs/dofus-unity-protocol-builder/proto/game/quest.proto:63
QuestStepValidatedEvent	com.ankama.dofus.server.game.protocol.quest.QuestStepValidatedEvent	type.ankama.com/com.ankama.dofus.server.game.protocol.quest.QuestStepValidatedEvent	S2C	1:int32:quest_id;2:int32:step_id	refs/dofus-unity-protocol-builder/proto/game/quest.proto:68
QuestStepStartedEvent	com.ankama.dofus.server.game.protocol.quest.QuestStepStartedEvent	type.ankama.com/com.ankama.dofus.server.game.protocol.quest.QuestStepStartedEvent	S2C	1:int32:quest_id;2:int32:step_id	refs/dofus-unity-protocol-builder/proto/game/quest.proto:73
QuestStepInformationEvent	com.ankama.dofus.server.game.protocol.quest.QuestStepInformationEvent	type.ankama.com/com.ankama.dofus.server.game.protocol.quest.QuestStepInformationEvent	S2C	1:.com.ankama.dofus.server.game.protocol.quest.QuestActive:information;2:int64:player_id	refs/dofus-unity-protocol-builder/proto/game/quest.proto:78
QuestsFollowedEvent	com.ankama.dofus.server.game.protocol.quest.QuestsFollowedEvent	type.ankama.com/com.ankama.dofus.server.game.protocol.quest.QuestsFollowedEvent	S2C	1:repeated .com.ankama.dofus.server.game.protocol.quest.QuestActive:quests	refs/dofus-unity-protocol-builder/proto/game/quest.proto:83
QuestActive	com.ankama.dofus.server.game.protocol.quest.QuestActive	type.ankama.com/com.ankama.dofus.server.game.protocol.quest.QuestActive		1:int32:quest_id;2:.com.ankama.dofus.server.game.protocol.quest.QuestActive.Details:details	refs/dofus-unity-protocol-builder/proto/game/quest.proto:87
Details	com.ankama.dofus.server.game.protocol.quest.QuestActive+Details	type.ankama.com/com.ankama.dofus.server.game.protocol.quest.QuestActive.Details		1:int32:step_id;2:repeated .com.ankama.dofus.server.game.protocol.quest.QuestObjective:objectives	refs/dofus-unity-protocol-builder/proto/game/quest.proto:90
QuestObjective	com.ankama.dofus.server.game.protocol.quest.QuestObjective	type.ankama.com/com.ankama.dofus.server.game.protocol.quest.QuestObjective		1:int32:objective_id;2:bool:objective_reached;3:repeated string:dialog_params;4:.com.ankama.dofus.server.game.protocol.quest.QuestObjective.Completion:completion	refs/dofus-unity-protocol-builder/proto/game/quest.proto:97
Completion	com.ankama.dofus.server.game.protocol.quest.QuestObjective+Completion	type.ankama.com/com.ankama.dofus.server.game.protocol.quest.QuestObjective.Completion		1:int32:current_completion;2:int32:max_completion	refs/dofus-unity-protocol-builder/proto/game/quest.proto:102
PlayerFightRequest	com.ankama.dofus.server.game.protocol.roleplay.PlayerFightRequest	type.ankama.com/com.ankama.dofus.server.game.protocol.roleplay.PlayerFightRequest	C2S	1:int64:target_id;2:int32:target_cell_id;3:bool:friendly	refs/dofus-unity-protocol-builder/proto/game/roleplay.proto:9
PlayerFightFriendlyAnswerRequest	com.ankama.dofus.server.game.protocol.roleplay.PlayerFightFriendlyAnswerRequest	type.ankama.com/com.ankama.dofus.server.game.protocol.roleplay.PlayerFightFriendlyAnswerRequest	C2S	1:int32:fight_id;2:bool:accept	refs/dofus-unity-protocol-builder/proto/game/roleplay.proto:15
AttackMonsterRequest	com.ankama.dofus.server.game.protocol.roleplay.AttackMonsterRequest	type.ankama.com/com.ankama.dofus.server.game.protocol.roleplay.AttackMonsterRequest	C2S	1:int64:monster_group_id	refs/dofus-unity-protocol-builder/proto/game/roleplay.proto:20
ExitRequest	com.ankama.dofus.server.game.protocol.roleplay.ExitRequest	type.ankama.com/com.ankama.dofus.server.game.protocol.roleplay.ExitRequest	C2S		refs/dofus-unity-protocol-builder/proto/game/roleplay.proto:24
DelayedActionCancelRequest	com.ankama.dofus.server.game.protocol.roleplay.DelayedActionCancelRequest	type.ankama.com/com.ankama.dofus.server.game.protocol.roleplay.DelayedActionCancelRequest	C2S		refs/dofus-unity-protocol-builder/proto/game/roleplay.proto:27
FightRequestCanceledEvent	com.ankama.dofus.server.game.protocol.roleplay.FightRequestCanceledEvent	type.ankama.com/com.ankama.dofus.server.game.protocol.roleplay.FightRequestCanceledEvent	S2C	1:int32:fight_id;2:int64:source_id;3:int64:target_id	refs/dofus-unity-protocol-builder/proto/game/roleplay.proto:30
AggressionEvent	com.ankama.dofus.server.game.protocol.roleplay.AggressionEvent	type.ankama.com/com.ankama.dofus.server.game.protocol.roleplay.AggressionEvent	S2C	1:int64:attacker_id;2:int64:defender_id	refs/dofus-unity-protocol-builder/proto/game/roleplay.proto:36
PlayerFightFriendlyRequestedEvent	com.ankama.dofus.server.game.protocol.roleplay.PlayerFightFriendlyRequestedEvent	type.ankama.com/com.ankama.dofus.server.game.protocol.roleplay.PlayerFightFriendlyRequestedEvent	S2C	1:int32:fight_id;2:int64:source_id;3:int64:target_id	refs/dofus-unity-protocol-builder/proto/game/roleplay.proto:41
PlayerFightFriendlyAnsweredEvent	com.ankama.dofus.server.game.protocol.roleplay.PlayerFightFriendlyAnsweredEvent	type.ankama.com/com.ankama.dofus.server.game.protocol.roleplay.PlayerFightFriendlyAnsweredEvent	S2C	1:int32:fight_id;2:int64:source_id;3:int64:target_id;4:bool:accept	refs/dofus-unity-protocol-builder/proto/game/roleplay.proto:47
MonsterAngryAtPlayerEvent	com.ankama.dofus.server.game.protocol.roleplay.MonsterAngryAtPlayerEvent	type.ankama.com/com.ankama.dofus.server.game.protocol.roleplay.MonsterAngryAtPlayerEvent	S2C	1:int64:character_id;2:int64:monster_group_id;3:int64:angry_start_time;4:int64:attack_time	refs/dofus-unity-protocol-builder/proto/game/roleplay.proto:54
MonsterNotAngryAtPlayerEvent	com.ankama.dofus.server.game.protocol.roleplay.MonsterNotAngryAtPlayerEvent	type.ankama.com/com.ankama.dofus.server.game.protocol.roleplay.MonsterNotAngryAtPlayerEvent	S2C	1:int64:character_id;2:int64:monster_group_id	refs/dofus-unity-protocol-builder/proto/game/roleplay.proto:61
ShowChallengeEvent	com.ankama.dofus.server.game.protocol.roleplay.ShowChallengeEvent	type.ankama.com/com.ankama.dofus.server.game.protocol.roleplay.ShowChallengeEvent	S2C	1:.com.ankama.dofus.server.game.protocol.common.FightCommonInformation:fight_information	refs/dofus-unity-protocol-builder/proto/game/roleplay.proto:66
RemoveChallengeEvent	com.ankama.dofus.server.game.protocol.roleplay.RemoveChallengeEvent	type.ankama.com/com.ankama.dofus.server.game.protocol.roleplay.RemoveChallengeEvent	S2C	1:int32:fight_id	refs/dofus-unity-protocol-builder/proto/game/roleplay.proto:70
SpellAnimEvent	com.ankama.dofus.server.game.protocol.roleplay.SpellAnimEvent	type.ankama.com/com.ankama.dofus.server.game.protocol.roleplay.SpellAnimEvent	S2C	1:int64:caster_id;2:int32:target_cell_id;3:int32:spell_id;4:int32:spell_level;5:.com.ankama.dofus.server.game.protocol.common.Direction:direction	refs/dofus-unity-protocol-builder/proto/game/roleplay.proto:74
DelayedActionEvent	com.ankama.dofus.server.game.protocol.roleplay.DelayedActionEvent	type.ankama.com/com.ankama.dofus.server.game.protocol.roleplay.DelayedActionEvent	S2C	1:int64:character_id;2:.com.ankama.dofus.server.game.protocol.common.DelayedActionType:delayed_action_type;3:int64:delayed_end_time;4:int32:object_gid	refs/dofus-unity-protocol-builder/proto/game/roleplay.proto:82
DelayedActionFinishedEvent	com.ankama.dofus.server.game.protocol.roleplay.DelayedActionFinishedEvent	type.ankama.com/com.ankama.dofus.server.game.protocol.roleplay.DelayedActionFinishedEvent	S2C	1:int64:character_id;2:.com.ankama.dofus.server.game.protocol.common.DelayedActionType:delayed_action_type	refs/dofus-unity-protocol-builder/proto/game/roleplay.proto:89
CinematicEvent	com.ankama.dofus.server.game.protocol.script.CinematicEvent	type.ankama.com/com.ankama.dofus.server.game.protocol.script.CinematicEvent	S2C	1:int32:cinematic_id	refs/dofus-unity-protocol-builder/proto/game/script.proto:7
FileCheckRequest	com.ankama.dofus.server.game.protocol.security.FileCheckRequest	type.ankama.com/com.ankama.dofus.server.game.protocol.security.FileCheckRequest	C2S	1:.com.ankama.dofus.server.game.protocol.security.CheckType:check_type;2:string:value	refs/dofus-unity-protocol-builder/proto/game/security.proto:12
TrustStatusEvent	com.ankama.dofus.server.game.protocol.security.TrustStatusEvent	type.ankama.com/com.ankama.dofus.server.game.protocol.security.TrustStatusEvent	S2C	1:bool:certified	refs/dofus-unity-protocol-builder/proto/game/security.proto:17
FileCheckEvent	com.ankama.dofus.server.game.protocol.security.FileCheckEvent	type.ankama.com/com.ankama.dofus.server.game.protocol.security.FileCheckEvent	S2C	1:string:file_name;2:.com.ankama.dofus.server.game.protocol.security.CheckType:check_type	refs/dofus-unity-protocol-builder/proto/game/security.proto:21
ServerSettingsEvent	com.ankama.dofus.server.game.protocol.server.ServerSettingsEvent	type.ankama.com/com.ankama.dofus.server.game.protocol.server.ServerSettingsEvent	S2C	1:string:language;2:int32:community;3:.com.ankama.dofus.server.game.protocol.common.ServerType:game_type;4:bool:is_mono_account;5:int32:arena_leave_ban_time;6:int32:item_max_level;7:bool:has_free_autopilot	refs/dofus-unity-protocol-builder/proto/game/server.proto:9
ServerSessionConstantsEvent	com.ankama.dofus.server.game.protocol.server.ServerSessionConstantsEvent	type.ankama.com/com.ankama.dofus.server.game.protocol.server.ServerSessionConstantsEvent	S2C	1:repeated .com.ankama.dofus.server.game.protocol.server.ServerSessionConstantsEvent.ServerSessionConstant:variables	refs/dofus-unity-protocol-builder/proto/game/server.proto:19
ServerSessionConstant	com.ankama.dofus.server.game.protocol.server.ServerSessionConstantsEvent+ServerSessionConstant	type.ankama.com/com.ankama.dofus.server.game.protocol.server.ServerSessionConstantsEvent.ServerSessionConstant		1:int32:id;2:int64:value	refs/dofus-unity-protocol-builder/proto/game/server.proto:21
ServerExperienceModifierEvent	com.ankama.dofus.server.game.protocol.server.ServerExperienceModifierEvent	type.ankama.com/com.ankama.dofus.server.game.protocol.server.ServerExperienceModifierEvent	S2C	1:int32:experience_percentage	refs/dofus-unity-protocol-builder/proto/game/server.proto:28
AccessoryPreviewRequest	com.ankama.dofus.server.game.protocol.shop.AccessoryPreviewRequest	type.ankama.com/com.ankama.dofus.server.game.protocol.shop.AccessoryPreviewRequest	C2S	1:repeated int32:object_gid;2:bool:show_current_objects	refs/dofus-unity-protocol-builder/proto/game/shop.proto:9
AccessoryPreviewErrorEvent	com.ankama.dofus.server.game.protocol.shop.AccessoryPreviewErrorEvent	type.ankama.com/com.ankama.dofus.server.game.protocol.shop.AccessoryPreviewErrorEvent	S2C	1:.com.ankama.dofus.server.game.protocol.shop.AccessoryPreviewErrorEvent.AccessoryPreviewError:error	refs/dofus-unity-protocol-builder/proto/game/shop.proto:14
AccessoryPreviewEvent	com.ankama.dofus.server.game.protocol.shop.AccessoryPreviewEvent	type.ankama.com/com.ankama.dofus.server.game.protocol.shop.AccessoryPreviewEvent	S2C	1:.com.ankama.dofus.server.game.protocol.common.EntityLook:look	refs/dofus-unity-protocol-builder/proto/game/shop.proto:24
SmileyRequest	com.ankama.dofus.server.game.protocol.social.SmileyRequest	type.ankama.com/com.ankama.dofus.server.game.protocol.social.SmileyRequest	C2S	1:int32:smiley_id	refs/dofus-unity-protocol-builder/proto/game/social.proto:9
SmileyEvent	com.ankama.dofus.server.game.protocol.social.SmileyEvent	type.ankama.com/com.ankama.dofus.server.game.protocol.social.SmileyEvent	S2C	1:int64:entity_id;2:int32:smiley_id;3:int64:account_id;4:int32:cell_id	refs/dofus-unity-protocol-builder/proto/game/social.proto:13
AdditionalSmileyEvent	com.ankama.dofus.server.game.protocol.social.AdditionalSmileyEvent	type.ankama.com/com.ankama.dofus.server.game.protocol.social.AdditionalSmileyEvent	S2C	1:repeated int32:pack_id	refs/dofus-unity-protocol-builder/proto/game/social.proto:20
SetMoodRequest	com.ankama.dofus.server.game.protocol.social.SetMoodRequest	type.ankama.com/com.ankama.dofus.server.game.protocol.social.SetMoodRequest	C2S	1:int32:smiley_id	refs/dofus-unity-protocol-builder/proto/game/social.proto:24
SetMoodEvent	com.ankama.dofus.server.game.protocol.social.SetMoodEvent	type.ankama.com/com.ankama.dofus.server.game.protocol.social.SetMoodEvent	S2C	1:.com.ankama.dofus.server.game.protocol.social.SetMoodEvent.Result:result;2:int32:smiley_id	refs/dofus-unity-protocol-builder/proto/game/social.proto:28
MoodUpdateEvent	com.ankama.dofus.server.game.protocol.social.MoodUpdateEvent	type.ankama.com/com.ankama.dofus.server.game.protocol.social.MoodUpdateEvent	S2C	1:int64:account_id;2:int64:character_id;3:int32:smiley_id	refs/dofus-unity-protocol-builder/proto/game/social.proto:39
SpouseStatusEvent	com.ankama.dofus.server.game.protocol.social.SpouseStatusEvent	type.ankama.com/com.ankama.dofus.server.game.protocol.social.SpouseStatusEvent	S2C	1:bool:has_spouse	refs/dofus-unity-protocol-builder/proto/game/social.proto:45
SpouseInformationRequest	com.ankama.dofus.server.game.protocol.social.SpouseInformationRequest	type.ankama.com/com.ankama.dofus.server.game.protocol.social.SpouseInformationRequest	C2S		refs/dofus-unity-protocol-builder/proto/game/social.proto:49
SpouseInformationEvent	com.ankama.dofus.server.game.protocol.social.SpouseInformationEvent	type.ankama.com/com.ankama.dofus.server.game.protocol.social.SpouseInformationEvent	S2C	1:int64:account_id;2:int64:character_id;3:string:character_name;4:int32:character_level;5:int32:breed_id;6:.com.ankama.dofus.server.game.protocol.common.Gender:gender;7:.com.ankama.dofus.server.game.protocol.common.GuildInformation:guild;8:.com.ankama.dofus.server.game.protocol.common.AllianceInformation:alliance;9:.com.ankama.dofus.server.game.protocol.common.Alignment:alignment;10:.com.ankama.dofus.server.game.protocol.common.EntityLook:entity_look;11:.com.ankama.dofus.server.game.protocol.social.SpouseInformationEvent.Online:online	refs/dofus-unity-protocol-builder/proto/game/social.proto:52
Online	com.ankama.dofus.server.game.protocol.social.SpouseInformationEvent+Online	type.ankama.com/com.ankama.dofus.server.game.protocol.social.SpouseInformationEvent.Online		1:int64:map_id;2:int32:sub_area_id;3:int32:area_id;4:bool:in_fight;5:bool:following	refs/dofus-unity-protocol-builder/proto/game/social.proto:64
JoinFriendRequest	com.ankama.dofus.server.game.protocol.social.JoinFriendRequest	type.ankama.com/com.ankama.dofus.server.game.protocol.social.JoinFriendRequest	C2S	1:int64:actor_id	refs/dofus-unity-protocol-builder/proto/game/social.proto:74
JoinSpouseRequest	com.ankama.dofus.server.game.protocol.social.JoinSpouseRequest	type.ankama.com/com.ankama.dofus.server.game.protocol.social.JoinSpouseRequest	C2S		refs/dofus-unity-protocol-builder/proto/game/social.proto:78
SubscribeSpouseCompassRequest	com.ankama.dofus.server.game.protocol.social.SubscribeSpouseCompassRequest	type.ankama.com/com.ankama.dofus.server.game.protocol.social.SubscribeSpouseCompassRequest	C2S	1:bool:enable	refs/dofus-unity-protocol-builder/proto/game/social.proto:81
DiceRollRequest	com.ankama.dofus.server.game.protocol.social.DiceRollRequest	type.ankama.com/com.ankama.dofus.server.game.protocol.social.DiceRollRequest	C2S	1:int32:dice;2:int32:faces	refs/dofus-unity-protocol-builder/proto/game/social.proto:85
PvpEnableSetRequest	com.ankama.dofus.server.game.protocol.social.PvpEnableSetRequest	type.ankama.com/com.ankama.dofus.server.game.protocol.social.PvpEnableSetRequest	C2S	1:bool:enable	refs/dofus-unity-protocol-builder/proto/game/social.proto:90
PlayersMapAttackableStatusUpdateEvent	com.ankama.dofus.server.game.protocol.social.PlayersMapAttackableStatusUpdateEvent	type.ankama.com/com.ankama.dofus.server.game.protocol.social.PlayersMapAttackableStatusUpdateEvent	S2C	1:repeated .com.ankama.dofus.server.game.protocol.social.PlayersMapAttackableStatusUpdateEvent.AttackableStatus:pvp_players	refs/dofus-unity-protocol-builder/proto/game/social.proto:94
AttackableStatus	com.ankama.dofus.server.game.protocol.social.PlayersMapAttackableStatusUpdateEvent+AttackableStatus	type.ankama.com/com.ankama.dofus.server.game.protocol.social.PlayersMapAttackableStatusUpdateEvent.AttackableStatus		1:int64:character_id;2:.com.ankama.dofus.server.game.protocol.common.AttackableStatus:status;3:int32:koth_role;4:int32:picto_score	refs/dofus-unity-protocol-builder/proto/game/social.proto:96
SelfAttackableStatusUpdateEvent	com.ankama.dofus.server.game.protocol.social.SelfAttackableStatusUpdateEvent	type.ankama.com/com.ankama.dofus.server.game.protocol.social.SelfAttackableStatusUpdateEvent	S2C	1:.com.ankama.dofus.server.game.protocol.common.AttackableStatus:status;2:int64:probation_time;3:int32:koth_role;4:int32:picto_score	refs/dofus-unity-protocol-builder/proto/game/social.proto:105
AlignmentRankUpdateEvent	com.ankama.dofus.server.game.protocol.social.AlignmentRankUpdateEvent	type.ankama.com/com.ankama.dofus.server.game.protocol.social.AlignmentRankUpdateEvent	S2C	1:int32:alignment_rank;2:bool:verbose	refs/dofus-unity-protocol-builder/proto/game/social.proto:112
SpellVariantActivationRequest	com.ankama.dofus.server.game.protocol.spell.SpellVariantActivationRequest	type.ankama.com/com.ankama.dofus.server.game.protocol.spell.SpellVariantActivationRequest	C2S	1:int32:spell_id	refs/dofus-unity-protocol-builder/proto/game/spell.proto:9
ForgettableSpellActionRequest	com.ankama.dofus.server.game.protocol.spell.ForgettableSpellActionRequest	type.ankama.com/com.ankama.dofus.server.game.protocol.spell.ForgettableSpellActionRequest	C2S	1:int32:spell_id;2:.com.ankama.dofus.server.game.protocol.spell.ForgettableSpellActionRequest.ForgettableSpellAction:action	refs/dofus-unity-protocol-builder/proto/game/spell.proto:13
ApplySpellModifierEvent	com.ankama.dofus.server.game.protocol.spell.ApplySpellModifierEvent	type.ankama.com/com.ankama.dofus.server.game.protocol.spell.ApplySpellModifierEvent	S2C	1:int64:actor_id;2:.com.ankama.dofus.server.game.protocol.common.SpellModifier:modifier	refs/dofus-unity-protocol-builder/proto/game/spell.proto:24
RemoveSpellModifierEvent	com.ankama.dofus.server.game.protocol.spell.RemoveSpellModifierEvent	type.ankama.com/com.ankama.dofus.server.game.protocol.spell.RemoveSpellModifierEvent	S2C	1:int64:actor_id;2:.com.ankama.dofus.server.game.protocol.common.SpellModifierActionType:action_type;3:.com.ankama.dofus.server.game.protocol.common.SpellModifierType:modifier_type;4:int32:spell_id	refs/dofus-unity-protocol-builder/proto/game/spell.proto:29
SpellVariantActivationEvent	com.ankama.dofus.server.game.protocol.spell.SpellVariantActivationEvent	type.ankama.com/com.ankama.dofus.server.game.protocol.spell.SpellVariantActivationEvent	S2C	1:int32:spell_id;2:bool:effective	refs/dofus-unity-protocol-builder/proto/game/spell.proto:36
ForgettableSpellEquipmentSlotsEvent	com.ankama.dofus.server.game.protocol.spell.ForgettableSpellEquipmentSlotsEvent	type.ankama.com/com.ankama.dofus.server.game.protocol.spell.ForgettableSpellEquipmentSlotsEvent	S2C	1:int32:quantity	refs/dofus-unity-protocol-builder/proto/game/spell.proto:41
ForgettableSpellDeletionEvent	com.ankama.dofus.server.game.protocol.spell.ForgettableSpellDeletionEvent	type.ankama.com/com.ankama.dofus.server.game.protocol.spell.ForgettableSpellDeletionEvent	S2C	1:.com.ankama.dofus.server.game.protocol.spell.ForgettableSpellDeletionEvent.DeletionReason:reason;2:repeated int32:spells	refs/dofus-unity-protocol-builder/proto/game/spell.proto:45
ForgettableSpellsEvent	com.ankama.dofus.server.game.protocol.spell.ForgettableSpellsEvent	type.ankama.com/com.ankama.dofus.server.game.protocol.spell.ForgettableSpellsEvent	S2C	1:.com.ankama.dofus.server.game.protocol.spell.ForgettableSpellsEvent.Action:action;2:repeated .com.ankama.dofus.server.game.protocol.spell.SpellItem:spells	refs/dofus-unity-protocol-builder/proto/game/spell.proto:58
SpellsEvent	com.ankama.dofus.server.game.protocol.spell.SpellsEvent	type.ankama.com/com.ankama.dofus.server.game.protocol.spell.SpellsEvent	S2C	1:bool:spell_visualisation;2:repeated .com.ankama.dofus.server.game.protocol.spell.SpellItem:human_spells;3:repeated .com.ankama.dofus.server.game.protocol.spell.SpellItem:mutant_spells	refs/dofus-unity-protocol-builder/proto/game/spell.proto:68
SpellItem	com.ankama.dofus.server.game.protocol.spell.SpellItem	type.ankama.com/com.ankama.dofus.server.game.protocol.spell.SpellItem		1:int32:spell_id;2:int32:spell_level;3:bool:available	refs/dofus-unity-protocol-builder/proto/game/spell.proto:74
ActivitySuggestionsRequest	com.ankama.dofus.server.game.protocol.suggestion.ActivitySuggestionsRequest	type.ankama.com/com.ankama.dofus.server.game.protocol.suggestion.ActivitySuggestionsRequest	C2S	1:int32:min_level;2:int32:max_level;3:int32:area_id;4:int32:activity_category_id;5:int32:cards_number	refs/dofus-unity-protocol-builder/proto/game/suggestion.proto:7
ActivityHideRequest	com.ankama.dofus.server.game.protocol.suggestion.ActivityHideRequest	type.ankama.com/com.ankama.dofus.server.game.protocol.suggestion.ActivityHideRequest	C2S	1:int32:activity_id	refs/dofus-unity-protocol-builder/proto/game/suggestion.proto:15
ActivityLockRequest	com.ankama.dofus.server.game.protocol.suggestion.ActivityLockRequest	type.ankama.com/com.ankama.dofus.server.game.protocol.suggestion.ActivityLockRequest	C2S	1:int32:activity_id	refs/dofus-unity-protocol-builder/proto/game/suggestion.proto:19
ActivitySuggestionsEvent	com.ankama.dofus.server.game.protocol.suggestion.ActivitySuggestionsEvent	type.ankama.com/com.ankama.dofus.server.game.protocol.suggestion.ActivitySuggestionsEvent	S2C	1:repeated int32:locked_activities;2:repeated int32:unlocked_activities	refs/dofus-unity-protocol-builder/proto/game/suggestion.proto:23
WrapperObjectDissociateRequest	com.ankama.dofus.server.game.protocol.symbiont.WrapperObjectDissociateRequest	type.ankama.com/com.ankama.dofus.server.game.protocol.symbiont.WrapperObjectDissociateRequest	C2S	1:int32:host_uid;2:int32:host_position	refs/dofus-unity-protocol-builder/proto/game/symbiont.proto:7
MimicryRequest	com.ankama.dofus.server.game.protocol.symbiont.MimicryRequest	type.ankama.com/com.ankama.dofus.server.game.protocol.symbiont.MimicryRequest	C2S	1:int32:symbiont_uid;2:int32:host_uid	refs/dofus-unity-protocol-builder/proto/game/symbiont.proto:12
MimicryResponse	com.ankama.dofus.server.game.protocol.symbiont.MimicryResponse	type.ankama.com/com.ankama.dofus.server.game.protocol.symbiont.MimicryResponse	S2C	1:.com.ankama.dofus.server.game.protocol.symbiont.MimicryResponse.Result:result	refs/dofus-unity-protocol-builder/proto/game/symbiont.proto:17
MimicryFreeRequest	com.ankama.dofus.server.game.protocol.symbiont.MimicryFreeRequest	type.ankama.com/com.ankama.dofus.server.game.protocol.symbiont.MimicryFreeRequest	C2S	1:int32:host_uid	refs/dofus-unity-protocol-builder/proto/game/symbiont.proto:30
MimicryFreeResponse	com.ankama.dofus.server.game.protocol.symbiont.MimicryFreeResponse	type.ankama.com/com.ankama.dofus.server.game.protocol.symbiont.MimicryFreeResponse	S2C	1:bool:success	refs/dofus-unity-protocol-builder/proto/game/symbiont.proto:34
AddTagStorageRequest	com.ankama.dofus.server.game.protocol.tag.storage.AddTagStorageRequest	type.ankama.com/com.ankama.dofus.server.game.protocol.tag.storage.AddTagStorageRequest	C2S	1:string:name;2:int32:picto	refs/dofus-unity-protocol-builder/proto/game/tag_storage.proto:7
AddTagStorageResponse	com.ankama.dofus.server.game.protocol.tag.storage.AddTagStorageResponse	type.ankama.com/com.ankama.dofus.server.game.protocol.tag.storage.AddTagStorageResponse	S2C	1:string:tag_storage_uuid	refs/dofus-unity-protocol-builder/proto/game/tag_storage.proto:12
RemoveTagStorageRequest	com.ankama.dofus.server.game.protocol.tag.storage.RemoveTagStorageRequest	type.ankama.com/com.ankama.dofus.server.game.protocol.tag.storage.RemoveTagStorageRequest	C2S	1:string:tag_storage_uuid	refs/dofus-unity-protocol-builder/proto/game/tag_storage.proto:16
RemoveTagStorageResponse	com.ankama.dofus.server.game.protocol.tag.storage.RemoveTagStorageResponse	type.ankama.com/com.ankama.dofus.server.game.protocol.tag.storage.RemoveTagStorageResponse	S2C	1:string:tag_storage_uuid	refs/dofus-unity-protocol-builder/proto/game/tag_storage.proto:20
AddTagObjectRequest	com.ankama.dofus.server.game.protocol.tag.storage.AddTagObjectRequest	type.ankama.com/com.ankama.dofus.server.game.protocol.tag.storage.AddTagObjectRequest	C2S	1:repeated .com.ankama.dofus.server.game.protocol.tag.storage.TagObjectUpdateContent:tag_object_update_content	refs/dofus-unity-protocol-builder/proto/game/tag_storage.proto:24
AddTagObjectResponse	com.ankama.dofus.server.game.protocol.tag.storage.AddTagObjectResponse	type.ankama.com/com.ankama.dofus.server.game.protocol.tag.storage.AddTagObjectResponse	S2C	1:repeated int32:object_ids	refs/dofus-unity-protocol-builder/proto/game/tag_storage.proto:28
RemoveTagObjectRequest	com.ankama.dofus.server.game.protocol.tag.storage.RemoveTagObjectRequest	type.ankama.com/com.ankama.dofus.server.game.protocol.tag.storage.RemoveTagObjectRequest	C2S	1:repeated .com.ankama.dofus.server.game.protocol.tag.storage.TagObjectUpdateContent:tag_object_update_content	refs/dofus-unity-protocol-builder/proto/game/tag_storage.proto:32
RemoveTagObjectResponse	com.ankama.dofus.server.game.protocol.tag.storage.RemoveTagObjectResponse	type.ankama.com/com.ankama.dofus.server.game.protocol.tag.storage.RemoveTagObjectResponse	S2C	1:repeated int32:object_ids	refs/dofus-unity-protocol-builder/proto/game/tag_storage.proto:36
TagObjectUpdateContent	com.ankama.dofus.server.game.protocol.tag.storage.TagObjectUpdateContent	type.ankama.com/com.ankama.dofus.server.game.protocol.tag.storage.TagObjectUpdateContent		1:string:tag_storage_uuid;2:int32:object_id	refs/dofus-unity-protocol-builder/proto/game/tag_storage.proto:40
UpdateTagStorageContentRequest	com.ankama.dofus.server.game.protocol.tag.storage.UpdateTagStorageContentRequest	type.ankama.com/com.ankama.dofus.server.game.protocol.tag.storage.UpdateTagStorageContentRequest	C2S	1:.com.ankama.dofus.server.game.protocol.tag.storage.TagStorageData:tag_storage_data	refs/dofus-unity-protocol-builder/proto/game/tag_storage.proto:45
UpdateTagStorageContentResponse	com.ankama.dofus.server.game.protocol.tag.storage.UpdateTagStorageContentResponse	type.ankama.com/com.ankama.dofus.server.game.protocol.tag.storage.UpdateTagStorageContentResponse	S2C	1:string:tag_storage_uuid	refs/dofus-unity-protocol-builder/proto/game/tag_storage.proto:49
TagStoragesRefreshEvent	com.ankama.dofus.server.game.protocol.tag.storage.TagStoragesRefreshEvent	type.ankama.com/com.ankama.dofus.server.game.protocol.tag.storage.TagStoragesRefreshEvent	S2C	1:repeated .com.ankama.dofus.server.game.protocol.tag.storage.TagInformation:tag_information	refs/dofus-unity-protocol-builder/proto/game/tag_storage.proto:53
TagInformation	com.ankama.dofus.server.game.protocol.tag.storage.TagInformation	type.ankama.com/com.ankama.dofus.server.game.protocol.tag.storage.TagInformation		1:.com.ankama.dofus.server.game.protocol.tag.storage.TagStorageData:tag_storage_data;2:.com.ankama.dofus.server.game.protocol.tag.storage.TagObjectData:tag_object_data	refs/dofus-unity-protocol-builder/proto/game/tag_storage.proto:57
TagStorageData	com.ankama.dofus.server.game.protocol.tag.storage.TagStorageData	type.ankama.com/com.ankama.dofus.server.game.protocol.tag.storage.TagStorageData		1:string:tag_storage_uuid;2:string:name;3:int32:picto	refs/dofus-unity-protocol-builder/proto/game/tag_storage.proto:62
TagObjectData	com.ankama.dofus.server.game.protocol.tag.storage.TagObjectData	type.ankama.com/com.ankama.dofus.server.game.protocol.tag.storage.TagObjectData		1:repeated int32:tag_object_uuids	refs/dofus-unity-protocol-builder/proto/game/tag_storage.proto:68
TaxCollectorUpdatesListenStartRequest	com.ankama.dofus.server.game.protocol.taxcollector.TaxCollectorUpdatesListenStartRequest	type.ankama.com/com.ankama.dofus.server.game.protocol.taxcollector.TaxCollectorUpdatesListenStartRequest	C2S	1:string:tax_collector_uid	refs/dofus-unity-protocol-builder/proto/game/taxcollector.proto:9
TaxCollectorUpdatesListenStopRequest	com.ankama.dofus.server.game.protocol.taxcollector.TaxCollectorUpdatesListenStopRequest	type.ankama.com/com.ankama.dofus.server.game.protocol.taxcollector.TaxCollectorUpdatesListenStopRequest	C2S	1:string:tax_collector_uid	refs/dofus-unity-protocol-builder/proto/game/taxcollector.proto:13
TaxCollectorOrderedSpellAddRequest	com.ankama.dofus.server.game.protocol.taxcollector.TaxCollectorOrderedSpellAddRequest	type.ankama.com/com.ankama.dofus.server.game.protocol.taxcollector.TaxCollectorOrderedSpellAddRequest	C2S	1:string:tax_collector_uid;2:.com.ankama.dofus.server.game.protocol.common.TaxCollectorOrderedSpell:added_spell	refs/dofus-unity-protocol-builder/proto/game/taxcollector.proto:17
TaxCollectorOrderedSpellRemoveRequest	com.ankama.dofus.server.game.protocol.taxcollector.TaxCollectorOrderedSpellRemoveRequest	type.ankama.com/com.ankama.dofus.server.game.protocol.taxcollector.TaxCollectorOrderedSpellRemoveRequest	C2S	1:string:tax_collector_uid;2:int32:slot_id	refs/dofus-unity-protocol-builder/proto/game/taxcollector.proto:22
TaxCollectorOrderedSpellMoveRequest	com.ankama.dofus.server.game.protocol.taxcollector.TaxCollectorOrderedSpellMoveRequest	type.ankama.com/com.ankama.dofus.server.game.protocol.taxcollector.TaxCollectorOrderedSpellMoveRequest	C2S	1:string:tax_collector_uid;2:int32:from_slot_id;3:int32:to_slot_id	refs/dofus-unity-protocol-builder/proto/game/taxcollector.proto:27
TaxCollectorPresetsUpdatesListenStartRequest	com.ankama.dofus.server.game.protocol.taxcollector.TaxCollectorPresetsUpdatesListenStartRequest	type.ankama.com/com.ankama.dofus.server.game.protocol.taxcollector.TaxCollectorPresetsUpdatesListenStartRequest	C2S		refs/dofus-unity-protocol-builder/proto/game/taxcollector.proto:33
TaxCollectorPresetsUpdatesListenStopRequest	com.ankama.dofus.server.game.protocol.taxcollector.TaxCollectorPresetsUpdatesListenStopRequest	type.ankama.com/com.ankama.dofus.server.game.protocol.taxcollector.TaxCollectorPresetsUpdatesListenStopRequest	C2S		refs/dofus-unity-protocol-builder/proto/game/taxcollector.proto:36
TaxCollectorPresetSpellAddRequest	com.ankama.dofus.server.game.protocol.taxcollector.TaxCollectorPresetSpellAddRequest	type.ankama.com/com.ankama.dofus.server.game.protocol.taxcollector.TaxCollectorPresetSpellAddRequest	C2S	1:string:preset_uid;2:.com.ankama.dofus.server.game.protocol.common.TaxCollectorOrderedSpell:spell	refs/dofus-unity-protocol-builder/proto/game/taxcollector.proto:39
TaxCollectorPresetSpellRemoveRequest	com.ankama.dofus.server.game.protocol.taxcollector.TaxCollectorPresetSpellRemoveRequest	type.ankama.com/com.ankama.dofus.server.game.protocol.taxcollector.TaxCollectorPresetSpellRemoveRequest	C2S	1:string:preset_uid;2:int32:slot_id	refs/dofus-unity-protocol-builder/proto/game/taxcollector.proto:44
TaxCollectorPresetSpellMoveRequest	com.ankama.dofus.server.game.protocol.taxcollector.TaxCollectorPresetSpellMoveRequest	type.ankama.com/com.ankama.dofus.server.game.protocol.taxcollector.TaxCollectorPresetSpellMoveRequest	C2S	1:string:preset_uid;2:int32:from_slot_id;3:int32:to_slot_id	refs/dofus-unity-protocol-builder/proto/game/taxcollector.proto:49
TaxCollectorTopListEvent	com.ankama.dofus.server.game.protocol.taxcollector.TaxCollectorTopListEvent	type.ankama.com/com.ankama.dofus.server.game.protocol.taxcollector.TaxCollectorTopListEvent	S2C	1:repeated .com.ankama.dofus.server.game.protocol.common.TaxCollectorInformation:dungeon_tax_collectors_information;2:repeated .com.ankama.dofus.server.game.protocol.common.TaxCollectorInformation:world_tax_collectors_information	refs/dofus-unity-protocol-builder/proto/game/taxcollector.proto:55
TaxCollectorStateUpdateEvent	com.ankama.dofus.server.game.protocol.taxcollector.TaxCollectorStateUpdateEvent	type.ankama.com/com.ankama.dofus.server.game.protocol.taxcollector.TaxCollectorStateUpdateEvent	S2C	1:string:tax_collector_uid;2:.com.ankama.dofus.server.game.protocol.common.TaxCollectorState:state	refs/dofus-unity-protocol-builder/proto/game/taxcollector.proto:60
TaxCollectorAddedEvent	com.ankama.dofus.server.game.protocol.taxcollector.TaxCollectorAddedEvent	type.ankama.com/com.ankama.dofus.server.game.protocol.taxcollector.TaxCollectorAddedEvent	S2C	1:int64:caller_id;2:.com.ankama.dofus.server.game.protocol.common.TaxCollectorInformation:tax_collector	refs/dofus-unity-protocol-builder/proto/game/taxcollector.proto:65
TaxCollectorRemovedEvent	com.ankama.dofus.server.game.protocol.taxcollector.TaxCollectorRemovedEvent	type.ankama.com/com.ankama.dofus.server.game.protocol.taxcollector.TaxCollectorRemovedEvent	S2C	1:string:tax_collector_uid	refs/dofus-unity-protocol-builder/proto/game/taxcollector.proto:70
TaxCollectorAttackedEvent	com.ankama.dofus.server.game.protocol.taxcollector.TaxCollectorAttackedEvent	type.ankama.com/com.ankama.dofus.server.game.protocol.taxcollector.TaxCollectorAttackedEvent	S2C	1:int32:first_name_id;2:int32:last_name_id;3:.com.ankama.dofus.server.game.protocol.common.MapExtendedCoordinates:coordinates;4:string:alliance_uid;5:string:alliance_tag	refs/dofus-unity-protocol-builder/proto/game/taxcollector.proto:74
TaxCollectorAttackResultEvent	com.ankama.dofus.server.game.protocol.taxcollector.TaxCollectorAttackResultEvent	type.ankama.com/com.ankama.dofus.server.game.protocol.taxcollector.TaxCollectorAttackResultEvent	S2C	1:bool:dead;2:int32:first_name_id;3:int32:last_name_id;4:.com.ankama.dofus.server.game.protocol.common.MapExtendedCoordinates:coordinates;5:string:alliance_uid;6:string:alliance_tag	refs/dofus-unity-protocol-builder/proto/game/taxcollector.proto:82
TaxCollectorHarvestedEvent	com.ankama.dofus.server.game.protocol.taxcollector.TaxCollectorHarvestedEvent	type.ankama.com/com.ankama.dofus.server.game.protocol.taxcollector.TaxCollectorHarvestedEvent	S2C	1:string:tax_collector_uid;2:int64:harvester_id;3:string:harvester_name	refs/dofus-unity-protocol-builder/proto/game/taxcollector.proto:91
TaxCollectorMovement	com.ankama.dofus.server.game.protocol.taxcollector.TaxCollectorMovement	type.ankama.com/com.ankama.dofus.server.game.protocol.taxcollector.TaxCollectorMovement		1:.com.ankama.dofus.server.game.protocol.taxcollector.TaxCollectorMovement.TaxCollectorMovementType:movement_type;2:int32:first_name_id;3:int32:last_name_id;4:.com.ankama.dofus.server.game.protocol.common.MapExtendedCoordinates:coordinates;5:int64:player_id;6:string:player_name	refs/dofus-unity-protocol-builder/proto/game/taxcollector.proto:97
TaxCollectorMovementsOfflineEvent	com.ankama.dofus.server.game.protocol.taxcollector.TaxCollectorMovementsOfflineEvent	type.ankama.com/com.ankama.dofus.server.game.protocol.taxcollector.TaxCollectorMovementsOfflineEvent	S2C	1:repeated .com.ankama.dofus.server.game.protocol.taxcollector.TaxCollectorMovement:movements	refs/dofus-unity-protocol-builder/proto/game/taxcollector.proto:114
TaxCollectorEquipmentUpdateEvent	com.ankama.dofus.server.game.protocol.taxcollector.TaxCollectorEquipmentUpdateEvent	type.ankama.com/com.ankama.dofus.server.game.protocol.taxcollector.TaxCollectorEquipmentUpdateEvent	S2C	1:string:tax_collector_uid;2:.com.ankama.dofus.server.game.protocol.common.ObjectItemInventory:object;3:bool:added;4:repeated .com.ankama.dofus.server.game.protocol.common.CharacterCharacteristic:characteristics	refs/dofus-unity-protocol-builder/proto/game/taxcollector.proto:118
TaxCollectorErrorEvent	com.ankama.dofus.server.game.protocol.taxcollector.TaxCollectorErrorEvent	type.ankama.com/com.ankama.dofus.server.game.protocol.taxcollector.TaxCollectorErrorEvent	S2C	1:.com.ankama.dofus.server.game.protocol.taxcollector.TaxCollectorErrorEvent.TaxCollectorErrorReason:reason	refs/dofus-unity-protocol-builder/proto/game/taxcollector.proto:125
TaxCollectorUpdatesListeningConfirmationEvent	com.ankama.dofus.server.game.protocol.taxcollector.TaxCollectorUpdatesListeningConfirmationEvent	type.ankama.com/com.ankama.dofus.server.game.protocol.taxcollector.TaxCollectorUpdatesListeningConfirmationEvent	S2C	1:.com.ankama.dofus.server.game.protocol.common.TaxCollectorInformation:information	refs/dofus-unity-protocol-builder/proto/game/taxcollector.proto:141
TaxCollectorOrderedSpellUpdatedEvent	com.ankama.dofus.server.game.protocol.taxcollector.TaxCollectorOrderedSpellUpdatedEvent	type.ankama.com/com.ankama.dofus.server.game.protocol.taxcollector.TaxCollectorOrderedSpellUpdatedEvent	S2C	1:string:tax_collector_uid;2:repeated .com.ankama.dofus.server.game.protocol.common.TaxCollectorOrderedSpell:spells	refs/dofus-unity-protocol-builder/proto/game/taxcollector.proto:145
TaxCollectorPresetsEvent	com.ankama.dofus.server.game.protocol.taxcollector.TaxCollectorPresetsEvent	type.ankama.com/com.ankama.dofus.server.game.protocol.taxcollector.TaxCollectorPresetsEvent	S2C	1:repeated .com.ankama.dofus.server.game.protocol.common.TaxCollectorPreset:presets	refs/dofus-unity-protocol-builder/proto/game/taxcollector.proto:150
TaxCollectorPresetSpellUpdatedEvent	com.ankama.dofus.server.game.protocol.taxcollector.TaxCollectorPresetSpellUpdatedEvent	type.ankama.com/com.ankama.dofus.server.game.protocol.taxcollector.TaxCollectorPresetSpellUpdatedEvent	S2C	1:string:preset_uid;2:repeated .com.ankama.dofus.server.game.protocol.common.TaxCollectorOrderedSpell:spells	refs/dofus-unity-protocol-builder/proto/game/taxcollector.proto:154
TaxCollectorFightRequest	com.ankama.dofus.server.game.protocol.taxcollector.TaxCollectorFightRequest	type.ankama.com/com.ankama.dofus.server.game.protocol.taxcollector.TaxCollectorFightRequest	C2S		refs/dofus-unity-protocol-builder/proto/game/taxcollector.proto:159
TeleportRequest	com.ankama.dofus.server.game.protocol.teleportation.TeleportRequest	type.ankama.com/com.ankama.dofus.server.game.protocol.teleportation.TeleportRequest	C2S	1:.com.ankama.dofus.server.game.protocol.teleportation.Teleporter:source_type;2:.com.ankama.dofus.server.game.protocol.teleportation.Teleporter:destination_type;3:int64:map_id	refs/dofus-unity-protocol-builder/proto/game/teleportation.proto:15
ZaapRespawnSaveRequest	com.ankama.dofus.server.game.protocol.teleportation.ZaapRespawnSaveRequest	type.ankama.com/com.ankama.dofus.server.game.protocol.teleportation.ZaapRespawnSaveRequest	C2S		refs/dofus-unity-protocol-builder/proto/game/teleportation.proto:21
TeleportBuddiesAnswerRequest	com.ankama.dofus.server.game.protocol.teleportation.TeleportBuddiesAnswerRequest	type.ankama.com/com.ankama.dofus.server.game.protocol.teleportation.TeleportBuddiesAnswerRequest	C2S	1:bool:accept	refs/dofus-unity-protocol-builder/proto/game/teleportation.proto:24
TeleportToBuddyAnswerRequest	com.ankama.dofus.server.game.protocol.teleportation.TeleportToBuddyAnswerRequest	type.ankama.com/com.ankama.dofus.server.game.protocol.teleportation.TeleportToBuddyAnswerRequest	C2S	1:bool:accept	refs/dofus-unity-protocol-builder/proto/game/teleportation.proto:28
TeleportPlayerAnswerRequest	com.ankama.dofus.server.game.protocol.teleportation.TeleportPlayerAnswerRequest	type.ankama.com/com.ankama.dofus.server.game.protocol.teleportation.TeleportPlayerAnswerRequest	C2S	1:bool:accept	refs/dofus-unity-protocol-builder/proto/game/teleportation.proto:32
GroupTeleportPlayerAnswerRequest	com.ankama.dofus.server.game.protocol.teleportation.GroupTeleportPlayerAnswerRequest	type.ankama.com/com.ankama.dofus.server.game.protocol.teleportation.GroupTeleportPlayerAnswerRequest	C2S	1:bool:accept	refs/dofus-unity-protocol-builder/proto/game/teleportation.proto:36
ZaapRespawnUpdatedEvent	com.ankama.dofus.server.game.protocol.teleportation.ZaapRespawnUpdatedEvent	type.ankama.com/com.ankama.dofus.server.game.protocol.teleportation.ZaapRespawnUpdatedEvent	S2C	1:int64:map_id	refs/dofus-unity-protocol-builder/proto/game/teleportation.proto:40
TeleportDestinationsEvent	com.ankama.dofus.server.game.protocol.teleportation.TeleportDestinationsEvent	type.ankama.com/com.ankama.dofus.server.game.protocol.teleportation.TeleportDestinationsEvent	S2C	1:.com.ankama.dofus.server.game.protocol.teleportation.Teleporter:type;2:repeated .com.ankama.dofus.server.game.protocol.teleportation.TeleportDestination:destinations;3:int64:spawn_map_id	refs/dofus-unity-protocol-builder/proto/game/teleportation.proto:44
ZaapKnownListEvent	com.ankama.dofus.server.game.protocol.teleportation.ZaapKnownListEvent	type.ankama.com/com.ankama.dofus.server.game.protocol.teleportation.ZaapKnownListEvent	S2C	1:repeated int64:destinations	refs/dofus-unity-protocol-builder/proto/game/teleportation.proto:50
TeleportBuddiesEvent	com.ankama.dofus.server.game.protocol.teleportation.TeleportBuddiesEvent	type.ankama.com/com.ankama.dofus.server.game.protocol.teleportation.TeleportBuddiesEvent	S2C	1:int32:dungeon_id	refs/dofus-unity-protocol-builder/proto/game/teleportation.proto:54
TeleportBuddiesRequestedEvent	com.ankama.dofus.server.game.protocol.teleportation.TeleportBuddiesRequestedEvent	type.ankama.com/com.ankama.dofus.server.game.protocol.teleportation.TeleportBuddiesRequestedEvent	S2C	1:int32:dungeon_id;2:int64:inviter_id;3:repeated int64:invalid_buddies_id	refs/dofus-unity-protocol-builder/proto/game/teleportation.proto:58
TeleportToBuddyOfferEvent	com.ankama.dofus.server.game.protocol.teleportation.TeleportToBuddyOfferEvent	type.ankama.com/com.ankama.dofus.server.game.protocol.teleportation.TeleportToBuddyOfferEvent	S2C	1:int32:dungeon_id;2:int64:buddy_id;3:int32:time_left	refs/dofus-unity-protocol-builder/proto/game/teleportation.proto:64
TeleportToBuddyClosedEvent	com.ankama.dofus.server.game.protocol.teleportation.TeleportToBuddyClosedEvent	type.ankama.com/com.ankama.dofus.server.game.protocol.teleportation.TeleportToBuddyClosedEvent	S2C	1:int32:dungeon_id;2:int64:buddy_id	refs/dofus-unity-protocol-builder/proto/game/teleportation.proto:70
TeleportPlayerOfferEvent	com.ankama.dofus.server.game.protocol.teleportation.TeleportPlayerOfferEvent	type.ankama.com/com.ankama.dofus.server.game.protocol.teleportation.TeleportPlayerOfferEvent	S2C	1:int64:map_id;2:string:message;3:int32:time_left;4:int64:requester_id	refs/dofus-unity-protocol-builder/proto/game/teleportation.proto:75
TeleportPlayerClosedEvent	com.ankama.dofus.server.game.protocol.teleportation.TeleportPlayerClosedEvent	type.ankama.com/com.ankama.dofus.server.game.protocol.teleportation.TeleportPlayerClosedEvent	S2C	1:int64:map_id;2:int64:requester_id	refs/dofus-unity-protocol-builder/proto/game/teleportation.proto:82
GroupTeleportPlayerOfferEvent	com.ankama.dofus.server.game.protocol.teleportation.GroupTeleportPlayerOfferEvent	type.ankama.com/com.ankama.dofus.server.game.protocol.teleportation.GroupTeleportPlayerOfferEvent	S2C	1:int64:map_id;2:int32:world_x;3:int32:world_y;4:int32:time_left;5:int64:requester_id;6:string:requester_name	refs/dofus-unity-protocol-builder/proto/game/teleportation.proto:87
GroupTeleportPlayerClosedEvent	com.ankama.dofus.server.game.protocol.teleportation.GroupTeleportPlayerClosedEvent	type.ankama.com/com.ankama.dofus.server.game.protocol.teleportation.GroupTeleportPlayerClosedEvent	S2C	1:int64:map_id;2:int64:requester_id	refs/dofus-unity-protocol-builder/proto/game/teleportation.proto:96
TeleportDestination	com.ankama.dofus.server.game.protocol.teleportation.TeleportDestination	type.ankama.com/com.ankama.dofus.server.game.protocol.teleportation.TeleportDestination		1:.com.ankama.dofus.server.game.protocol.teleportation.Teleporter:type;2:int64:map_id;3:int32:subarea_id;4:int32:level;5:int32:cost;6:.com.ankama.dofus.server.game.protocol.teleportation.TeleportDestination.Anomaly:anomaly	refs/dofus-unity-protocol-builder/proto/game/teleportation.proto:101
Anomaly	com.ankama.dofus.server.game.protocol.teleportation.TeleportDestination+Anomaly	type.ankama.com/com.ankama.dofus.server.game.protocol.teleportation.TeleportDestination.Anomaly		1:int32:bonus_pourcentage;2:int64:remaining_time	refs/dofus-unity-protocol-builder/proto/game/teleportation.proto:108
TitlesAndOrnamentsRequest	com.ankama.dofus.server.game.protocol.tinsel.TitlesAndOrnamentsRequest	type.ankama.com/com.ankama.dofus.server.game.protocol.tinsel.TitlesAndOrnamentsRequest	C2S		refs/dofus-unity-protocol-builder/proto/game/tinsel.proto:13
TitlesAndOrnamentsEvent	com.ankama.dofus.server.game.protocol.tinsel.TitlesAndOrnamentsEvent	type.ankama.com/com.ankama.dofus.server.game.protocol.tinsel.TitlesAndOrnamentsEvent	S2C	1:repeated int32:titles;2:repeated int32:ornaments	refs/dofus-unity-protocol-builder/proto/game/tinsel.proto:16
TitleGainedEvent	com.ankama.dofus.server.game.protocol.tinsel.TitleGainedEvent	type.ankama.com/com.ankama.dofus.server.game.protocol.tinsel.TitleGainedEvent	S2C	1:int32:title_id	refs/dofus-unity-protocol-builder/proto/game/tinsel.proto:21
TitleLostEvent	com.ankama.dofus.server.game.protocol.tinsel.TitleLostEvent	type.ankama.com/com.ankama.dofus.server.game.protocol.tinsel.TitleLostEvent	S2C	1:int32:title_id	refs/dofus-unity-protocol-builder/proto/game/tinsel.proto:25
OrnamentGainedEvent	com.ankama.dofus.server.game.protocol.tinsel.OrnamentGainedEvent	type.ankama.com/com.ankama.dofus.server.game.protocol.tinsel.OrnamentGainedEvent	S2C	1:int32:ornament_id	refs/dofus-unity-protocol-builder/proto/game/tinsel.proto:29
OrnamentLostEvent	com.ankama.dofus.server.game.protocol.tinsel.OrnamentLostEvent	type.ankama.com/com.ankama.dofus.server.game.protocol.tinsel.OrnamentLostEvent	S2C	1:int32:ornament_id	refs/dofus-unity-protocol-builder/proto/game/tinsel.proto:33
TitleSelectedEvent	com.ankama.dofus.server.game.protocol.tinsel.TitleSelectedEvent	type.ankama.com/com.ankama.dofus.server.game.protocol.tinsel.TitleSelectedEvent	S2C	1:int32:title_id	refs/dofus-unity-protocol-builder/proto/game/tinsel.proto:37
TitleSelectErrorEvent	com.ankama.dofus.server.game.protocol.tinsel.TitleSelectErrorEvent	type.ankama.com/com.ankama.dofus.server.game.protocol.tinsel.TitleSelectErrorEvent	S2C	1:.com.ankama.dofus.server.game.protocol.tinsel.TinselSelectError:reason	refs/dofus-unity-protocol-builder/proto/game/tinsel.proto:41
OrnamentSelectedEvent	com.ankama.dofus.server.game.protocol.tinsel.OrnamentSelectedEvent	type.ankama.com/com.ankama.dofus.server.game.protocol.tinsel.OrnamentSelectedEvent	S2C	1:int32:ornament_id	refs/dofus-unity-protocol-builder/proto/game/tinsel.proto:45
OrnamentSelectErrorEvent	com.ankama.dofus.server.game.protocol.tinsel.OrnamentSelectErrorEvent	type.ankama.com/com.ankama.dofus.server.game.protocol.tinsel.OrnamentSelectErrorEvent	S2C	1:.com.ankama.dofus.server.game.protocol.tinsel.TinselSelectError:reason	refs/dofus-unity-protocol-builder/proto/game/tinsel.proto:49
TreasureHuntLegendaryRequest	com.ankama.dofus.server.game.protocol.treasure.hunt.TreasureHuntLegendaryRequest	type.ankama.com/com.ankama.dofus.server.game.protocol.treasure.hunt.TreasureHuntLegendaryRequest	C2S	1:int32:legendary_id	refs/dofus-unity-protocol-builder/proto/game/treasure_hunt.proto:15
TreasureHuntDigRequest	com.ankama.dofus.server.game.protocol.treasure.hunt.TreasureHuntDigRequest	type.ankama.com/com.ankama.dofus.server.game.protocol.treasure.hunt.TreasureHuntDigRequest	C2S	1:.com.ankama.dofus.server.game.protocol.treasure.hunt.TreasureHuntType:quest_type	refs/dofus-unity-protocol-builder/proto/game/treasure_hunt.proto:19
TreasureHuntFlagRequest	com.ankama.dofus.server.game.protocol.treasure.hunt.TreasureHuntFlagRequest	type.ankama.com/com.ankama.dofus.server.game.protocol.treasure.hunt.TreasureHuntFlagRequest	C2S	1:.com.ankama.dofus.server.game.protocol.treasure.hunt.TreasureHuntType:quest_type;2:int32:index	refs/dofus-unity-protocol-builder/proto/game/treasure_hunt.proto:23
TreasureHuntFlagRemoveRequest	com.ankama.dofus.server.game.protocol.treasure.hunt.TreasureHuntFlagRemoveRequest	type.ankama.com/com.ankama.dofus.server.game.protocol.treasure.hunt.TreasureHuntFlagRemoveRequest	C2S	1:.com.ankama.dofus.server.game.protocol.treasure.hunt.TreasureHuntType:quest_type;2:int32:index	refs/dofus-unity-protocol-builder/proto/game/treasure_hunt.proto:28
TreasureHuntGiveUpRequest	com.ankama.dofus.server.game.protocol.treasure.hunt.TreasureHuntGiveUpRequest	type.ankama.com/com.ankama.dofus.server.game.protocol.treasure.hunt.TreasureHuntGiveUpRequest	C2S	1:.com.ankama.dofus.server.game.protocol.treasure.hunt.TreasureHuntType:quest_type	refs/dofus-unity-protocol-builder/proto/game/treasure_hunt.proto:33
PortalUseRequest	com.ankama.dofus.server.game.protocol.treasure.hunt.PortalUseRequest	type.ankama.com/com.ankama.dofus.server.game.protocol.treasure.hunt.PortalUseRequest	C2S	1:int32:portal_id	refs/dofus-unity-protocol-builder/proto/game/treasure_hunt.proto:37
TreasureHuntLegendaryEvent	com.ankama.dofus.server.game.protocol.treasure.hunt.TreasureHuntLegendaryEvent	type.ankama.com/com.ankama.dofus.server.game.protocol.treasure.hunt.TreasureHuntLegendaryEvent	S2C	1:repeated int32:available_legendary_ids	refs/dofus-unity-protocol-builder/proto/game/treasure_hunt.proto:41
TreasureHuntAnswerEvent	com.ankama.dofus.server.game.protocol.treasure.hunt.TreasureHuntAnswerEvent	type.ankama.com/com.ankama.dofus.server.game.protocol.treasure.hunt.TreasureHuntAnswerEvent	S2C	1:.com.ankama.dofus.server.game.protocol.treasure.hunt.TreasureHuntType:quest_type;2:.com.ankama.dofus.server.game.protocol.treasure.hunt.TreasureHuntAnswerEvent.Result:result	refs/dofus-unity-protocol-builder/proto/game/treasure_hunt.proto:45
TreasureHuntEvent	com.ankama.dofus.server.game.protocol.treasure.hunt.TreasureHuntEvent	type.ankama.com/com.ankama.dofus.server.game.protocol.treasure.hunt.TreasureHuntEvent	S2C	1:.com.ankama.dofus.server.game.protocol.treasure.hunt.TreasureHuntType:quest_type;2:int64:start_map_id;3:repeated .com.ankama.dofus.server.game.protocol.treasure.hunt.TreasureHuntEvent.TreasureHuntStep:known_steps;4:int32:total_step_count;5:int32:current_check_point;6:int32:total_check_point;7:int32:available_retry_count;8:repeated .com.ankama.dofus.server.game.protocol.treasure.hunt.TreasureHuntEvent.TreasureHuntFlag:flags	refs/dofus-unity-protocol-builder/proto/game/treasure_hunt.proto:59
TreasureHuntStep	com.ankama.dofus.server.game.protocol.treasure.hunt.TreasureHuntEvent+TreasureHuntStep	type.ankama.com/com.ankama.dofus.server.game.protocol.treasure.hunt.TreasureHuntEvent.TreasureHuntStep		1:.com.ankama.dofus.server.game.protocol.treasure.hunt.TreasureHuntEvent.TreasureHuntStep.FollowDirectionToPOI:follow_direction_to_poi;2:.com.ankama.dofus.server.game.protocol.treasure.hunt.TreasureHuntEvent.TreasureHuntStep.FollowDirectionToHint:follow_direction_to_hint;3:.com.ankama.dofus.server.game.protocol.treasure.hunt.TreasureHuntEvent.TreasureHuntStep.FollowDirection:follow_direction;4:.com.ankama.dofus.server.game.protocol.treasure.hunt.TreasureHuntEvent.TreasureHuntStep.Fight:fight;5:.com.ankama.dofus.server.game.protocol.treasure.hunt.TreasureHuntEvent.TreasureHuntStep.Dig:dig	refs/dofus-unity-protocol-builder/proto/game/treasure_hunt.proto:68
FollowDirectionToPOI	com.ankama.dofus.server.game.protocol.treasure.hunt.TreasureHuntEvent+TreasureHuntStep+FollowDirectionToPOI	type.ankama.com/com.ankama.dofus.server.game.protocol.treasure.hunt.TreasureHuntEvent.TreasureHuntStep.FollowDirectionToPOI		1:.com.ankama.dofus.server.game.protocol.common.Direction:direction;2:int32:poi_label_id	refs/dofus-unity-protocol-builder/proto/game/treasure_hunt.proto:76
FollowDirectionToHint	com.ankama.dofus.server.game.protocol.treasure.hunt.TreasureHuntEvent+TreasureHuntStep+FollowDirectionToHint	type.ankama.com/com.ankama.dofus.server.game.protocol.treasure.hunt.TreasureHuntEvent.TreasureHuntStep.FollowDirectionToHint		1:.com.ankama.dofus.server.game.protocol.common.Direction:direction;2:int32:npc_id	refs/dofus-unity-protocol-builder/proto/game/treasure_hunt.proto:81
FollowDirection	com.ankama.dofus.server.game.protocol.treasure.hunt.TreasureHuntEvent+TreasureHuntStep+FollowDirection	type.ankama.com/com.ankama.dofus.server.game.protocol.treasure.hunt.TreasureHuntEvent.TreasureHuntStep.FollowDirection		1:.com.ankama.dofus.server.game.protocol.common.Direction:direction;2:int32:map_count	refs/dofus-unity-protocol-builder/proto/game/treasure_hunt.proto:86
Fight	com.ankama.dofus.server.game.protocol.treasure.hunt.TreasureHuntEvent+TreasureHuntStep+Fight	type.ankama.com/com.ankama.dofus.server.game.protocol.treasure.hunt.TreasureHuntEvent.TreasureHuntStep.Fight			refs/dofus-unity-protocol-builder/proto/game/treasure_hunt.proto:91
Dig	com.ankama.dofus.server.game.protocol.treasure.hunt.TreasureHuntEvent+TreasureHuntStep+Dig	type.ankama.com/com.ankama.dofus.server.game.protocol.treasure.hunt.TreasureHuntEvent.TreasureHuntStep.Dig			refs/dofus-unity-protocol-builder/proto/game/treasure_hunt.proto:94
TreasureHuntFlag	com.ankama.dofus.server.game.protocol.treasure.hunt.TreasureHuntEvent+TreasureHuntFlag	type.ankama.com/com.ankama.dofus.server.game.protocol.treasure.hunt.TreasureHuntEvent.TreasureHuntFlag		1:int64:map_id;2:.com.ankama.dofus.server.game.protocol.treasure.hunt.TreasureHuntEvent.TreasureHuntFlag.FlagState:state	refs/dofus-unity-protocol-builder/proto/game/treasure_hunt.proto:99
TreasureHuntFinishedEvent	com.ankama.dofus.server.game.protocol.treasure.hunt.TreasureHuntFinishedEvent	type.ankama.com/com.ankama.dofus.server.game.protocol.treasure.hunt.TreasureHuntFinishedEvent	S2C	1:.com.ankama.dofus.server.game.protocol.treasure.hunt.TreasureHuntType:quest_type	refs/dofus-unity-protocol-builder/proto/game/treasure_hunt.proto:112
TreasureHuntDigAnswerEvent	com.ankama.dofus.server.game.protocol.treasure.hunt.TreasureHuntDigAnswerEvent	type.ankama.com/com.ankama.dofus.server.game.protocol.treasure.hunt.TreasureHuntDigAnswerEvent	S2C	1:.com.ankama.dofus.server.game.protocol.treasure.hunt.TreasureHuntType:quest_type;2:.com.ankama.dofus.server.game.protocol.treasure.hunt.TreasureHuntDigAnswerEvent.DigResult:result;3:int32:wrong_flag_count	refs/dofus-unity-protocol-builder/proto/game/treasure_hunt.proto:116
TreasureHuntFlagAnswerEvent	com.ankama.dofus.server.game.protocol.treasure.hunt.TreasureHuntFlagAnswerEvent	type.ankama.com/com.ankama.dofus.server.game.protocol.treasure.hunt.TreasureHuntFlagAnswerEvent	S2C	1:.com.ankama.dofus.server.game.protocol.treasure.hunt.TreasureHuntType:quest_type;2:.com.ankama.dofus.server.game.protocol.treasure.hunt.TreasureHuntFlagAnswerEvent.FlagResult:result;3:int32:index	refs/dofus-unity-protocol-builder/proto/game/treasure_hunt.proto:132
ClientUIOpenedEvent	com.ankama.dofus.server.game.protocol.ui.ClientUIOpenedEvent	type.ankama.com/com.ankama.dofus.server.game.protocol.ui.ClientUIOpenedEvent	S2C	1:.com.ankama.dofus.server.game.protocol.ui.ClientUIOpenedEvent.UIType:type;2:int32:object_uid	refs/dofus-unity-protocol-builder/proto/game/ui.proto:7
