token	typedef_index	dll	ligne	nb_fuites	noms_fuites	interfaces_claires	messages_touches
ba	30	Core.dll	742948	0		IComparable	fbi,evu,drv
bac	1121	Core.dll	743085	0		gkv<bool>	
bad	1122	Core.dll	743094	0		gkv<List<gw>>	
bae	1123	Core.dll	743103	0		gkv<gw>	
baf	1124	Core.dll	743112	0		gkx<ks,string,kn>	
bag	1125	Core.dll	743123	0		gkv<ks>	
bai	1127	Core.dll	743138	0		gkw<ks,string>	
baj	1128	Core.dll	743148	0		gkw<ks,ih>	
bak	1129	Core.dll	743158	0		gkv<bool>	
bal	1130	Core.dll	743167	0		gkv<kr>	
bap	1134	Core.dll	743194	0		gkw<dwy,string>	
baq	1135	Core.dll	743204	0		gkv<dwy>	
bar	1136	Core.dll	743213	0		gkv<bool>	
bas	1137	Core.dll	743222	0		gky<List<ih>,long,uint,uint>	
bat	1138	Core.dll	743234	0		gkx<ih,long>	
bav	1140	Core.dll	743251	0		gkv<gw>	
baw	1141	Core.dll	743260	0		gkv<List<ch>>	
bax	1142	Core.dll	743269	0		gkx<List<kp>,long,long>	
bay	1143	Core.dll	743280	0		gkv<ks>	
baz	1144	Core.dll	743289	0		gky<ku,List<kp>,long,long>	
bba	1145	Core.dll	743319	0		gkw<drx,long>	
bbc	1147	Core.dll	743335	0		gkw<long,dwx>	
bbd	1148	Core.dll	743345	0		gkw<long,long>	
bbe	1149	Core.dll	743355	0		gkx<long,long,dwx>	
bbf	1150	Core.dll	743366	0		gkx<long,long,dwx>	
bbg	1151	Core.dll	743377	0		gkv<long>	
bbi	1153	Core.dll	743389	0		gkw<List<MemberNuggetsInfo>,long>	
bbj	1154	Core.dll	743399	0		gkv<short>	
bbl	1156	Core.dll	743414	0		gkv<List<int>>	
bbm	1157	Core.dll	743423	0		gkv<int>	
bbo	1159	Core.dll	743438	0		gkv<kx>	
bbp	1160	Core.dll	743447	0		gkv<string>	
bbq	1161	Core.dll	743456	0		gkv<kx>	
bbr	1162	Core.dll	743465	0		gkv<kx>	
bbs	1163	Core.dll	743474	0		gkx<long,bool>	
bbt	1164	Core.dll	743485	0		gkw<long,List<kv>>	
bbu	1165	Core.dll	743495	0		gkw<string,List<kv>>	
bbv	1166	Core.dll	743505	0		gkv<List<kw>>	
bbw	1167	Core.dll	743514	0		glb<int,int,int,int,int,long,ks>	
bby	1169	Core.dll	743535	0		gkw<List<kx>,List<kx>>	
bbz	1170	Core.dll	743545	0		gkv<kx>	
bcc	1173	Core.dll	743577	0		gkv<List<ba>>	
bcd	1174	Core.dll	743586	0		gkv<bool>	
bce	1175	Core.dll	743595	0		gkv<ba>	
bcf	1176	Core.dll	743604	0		gkv<ba>	
bcg	1177	Core.dll	743613	0		gkv<bool>	
bci	1179	Core.dll	743628	0		gkv<int>	
bcj	1180	Core.dll	743637	0		gkw<long,Core.UILogic.Social.UserStatus>	
bcl	1182	Core.dll	743653	0		gkv<IReadOnlyDictionary<long,Core.UILogic.Social.Friend>>	
bcq	1187	Core.dll	743686	0		gkv<IReadOnlyList<Core.UILogic.Social.FriendInvite>>	
bcr	1188	Core.dll	743695	0		gkv<Core.UILogic.Social.FriendInvite>	
bcs	1189	Core.dll	743704	0		gkv<PvpArenaBaseUi.PvpArenaTab>	
bcw	1193	Core.dll	743731	0		gkw<dtd,int>	
bcy	1195	Core.dll	743747	0		gkv<dve>	
bcz	1196	Core.dll	743756	0		gkx<List<string>,List<string>,int>	
bdb	1198	Core.dll	743787	0		gkw<HashSet<AuctionHouseEffectFilter.FilterEntry>,AuctionHouseEffectFilter.CreatureFilter>	
bde	1201	Core.dll	743809	0		gkv<bool>	
bdf	1202	Core.dll	743818	0		gkw<bool,bool>	
bdh	1204	Core.dll	743834	0		gkv<bool>	
bdi	1205	Core.dll	743843	0		gkw<mig.mif.mie.mic.mib,string>	
bdk	1207	Core.dll	743859	0		gkw<mig.mif.mie.mic.mib,System.DateTime>	
bdl	1208	Core.dll	743869	0		gkw<DataStoreBinding,string>	
bdo	1211	Core.dll	743891	0		gky<bool,int,string,string>	
bdu	1217	Core.dll	743933	0		gkv<List<FriendInfo>>	
bdv	1218	Core.dll	743942	0		gkv<List<int>>	
bdw	1219	Core.dll	743951	0		gkv<drt>	
bdy	1221	Core.dll	743966	0		gkv<dvg>	
bea	1223	Core.dll	743991	0		gkv<DisconnectionReason.Reason>	
beb	1224	Core.dll	744000	0		gkw<List<gr>,bool>	
bec	1225	Core.dll	744010	0		gkv<dvk>	
bed	1226	Core.dll	744019	0		gkv<mit>	
bei	1231	Core.dll	744052	0		gkv<IReadOnlyList<int>>	
bek	1233	Core.dll	744067	0		gkv<IReadOnlyList<int>>	
bel	1234	Core.dll	744076	0		gkv<dic>	
ben	1236	Core.dll	744091	0		gkv<nx>	
beo	1237	Core.dll	744100	0		gkv<nw>	
bep	1238	Core.dll	744109	0		gkv<ny>	
beq	1239	Core.dll	744118	0		gkv<nw>	
ber	1240	Core.dll	744127	0		gkw<int,int>	
bet	1242	Core.dll	744143	0		gkz<uint,uint,uint,uint,List<hv>>	
beu	1243	Core.dll	744156	0		gkv<bool>	
bex	1246	Core.dll	744181	0		gkv<fqb.fpu>	
bfc	1251	Core.dll	744234	0		gkv<string>	
bfe	1253	Core.dll	744249	0		gkv<gyq>	
bff	1254	Core.dll	744258	0		gkv<ChatMessage>	
bfg	1255	Core.dll	744267	0		gkv<Core.Chat.Messages.ChatChannel>	
bfj	1258	Core.dll	744288	0		gkv<bool>	
bfk	1259	Core.dll	744297	0		gkv<string>	
bfl	1260	Core.dll	744306	0		gkw<string,string>	
bfm	1261	Core.dll	744316	0		gkv<string>	
bfo	1263	Core.dll	744331	0		gkv<me>	
bfp	1264	Core.dll	744340	0		gkv<int>	
bfq	1265	Core.dll	744349	0		gkv<int>	
bfr	1266	Core.dll	744358	0		gkv<lz>	
bft	1268	Core.dll	744373	0		gkv<fyg>	
bfu	1269	Core.dll	744382	0		gkw<string,string>	
bfv	1270	Core.dll	744392	0		gkv<string>	
bfw	1271	Core.dll	744401	0		gkw<string,string>	
bfx	1272	Core.dll	744411	0		gkv<int>	
bfy	1273	Core.dll	744420	0		gkv<int>	
bfz	1274	Core.dll	744429	0		gky<int,int,int,string>	
bga	1275	Core.dll	744441	0		gkv<ly>	
bgb	1276	Core.dll	744450	0		gkv<od>	
bgc	1277	Core.dll	744459	0		glc<int,int,int,int,long,int,string,int>	
bgd	1278	Core.dll	744475	0		gkx<Action<string,string>,string,bool>	
bge	1279	Core.dll	744486	0		gkv<ell>	
bgh	1282	Core.dll	744507	0		gkx<dtb,string,long>	
bgi	1283	Core.dll	744518	0		gkv<List<fo>>	
bgj	1284	Core.dll	744527	0		gkv<int>	
bgk	1285	Core.dll	744536	0		gkw<me,dxi>	
bgl	1286	Core.dll	744546	0		gkv<me>	
bgm	1287	Core.dll	744555	0		gky<uint,string,byte,uint>	
bgn	1288	Core.dll	744567	0		gkw<long,bu>	
bgo	1289	Core.dll	744577	0		gkv<List<int>>	
bgp	1290	Core.dll	744586	0		gkz<short,short,List<int>,List<int>,List<me>>	
bgq	1291	Core.dll	744599	0		gkw<int,int>	
bgr	1292	Core.dll	744609	0		gkv<int>	
bgs	1293	Core.dll	744618	0		gkx<int,bhh>	
bgt	1294	Core.dll	744629	0		gkw<int,bool>	
bgu	1295	Core.dll	744639	0		gkw<me,bool>	
bgv	1296	Core.dll	744649	0		gkx<me,bool,bool>	
bgw	1297	Core.dll	744660	0		gkx<long,List<me>,List<me>>	
bgx	1298	Core.dll	744672	0		gkv<lo>	
bgy	1299	Core.dll	744681	0		gkv<int>	
bgz	1300	Core.dll	744691	0		gkv<bhg>	
bha	1301	Core.dll	744717	0		gkv<bhg>	
bhb	1302	Core.dll	744726	0		gkv<me>	
bhc	1303	Core.dll	744735	0		gla<dsr,List<bhd>,float>	
bhe	1305	Core.dll	744759	0		gkw<dsr,me>	
bhf	1306	Core.dll	744769	0		gkv<List<ll>>	
bhv	1322	Core.dll	744914	0		gkv<IDragContextHandler>	
bhw	1323	Core.dll	744923	0		gkv<bool>	
bhz	1326	Core.dll	744944	0		gkv<bool>	
bia	1327	Core.dll	744978	0		gky<IDragContextHandler,IDragContextHandler,bool,IDragData>	
bib	1328	Core.dll	744990	0		gkv<dxk>	
bic	1329	Core.dll	744999	0		gkv<EncyclopediaSpecificParams>	
bie	1330	Core.dll	745008	0		gkv<EncyclopediaSpecificParams>	
bif	1331	Core.dll	745017	0		gkv<EncyclopediaSpecificParams>	
bih	1332	Core.dll	745026	0		gkv<bool>	
bii	1333	Core.dll	745035	0		gkv<bool>	
bij	1334	Core.dll	745044	0		gkv<Core.Rendering.Entity.Entity>	
bik	1335	Core.dll	745053	0		gkw<long,wf>	
bil	1336	Core.dll	745063	0		gkv<long>	
bim	1337	Core.dll	745072	0		gkv<EntityInfo>	
bin	1338	Core.dll	745081	0		gkv<long>	
bio	1339	Core.dll	745090	0		gkw<long,gyq>	
bip	1340	Core.dll	745100	0		gkw<long,long>	
bis	1343	Core.dll	745122	0		gkw<long,bool>	
bit	1344	Core.dll	745132	0		gkw<long,int>	
biu	1345	Core.dll	745142	0		gkw<long,Hitbox>	
biv	1346	Core.dll	745152	0		gkw<long,uint>	
biw	1347	Core.dll	745162	0		gkw<long,uint>	
bix	1348	Core.dll	745172	0		gkv<bool>	
biy	1349	Core.dll	745181	0		gkv<fu>	
biz	1350	Core.dll	745190	0		gkv<fcj.ExchangeWindows>	
bja	1351	Core.dll	745223	0		gkv<bool>	
bjb	1352	Core.dll	745232	0		gkw<int,bool>	
bjc	1353	Core.dll	745242	0		gkw<me[],bool>	
bjd	1354	Core.dll	745252	0		gkv<dta>	
bje	1355	Core.dll	745261	0		gkx<me[],bool,float>	
bjf	1356	Core.dll	745272	0		gkw<int[],bool>	
bjg	1357	Core.dll	745282	0		gkw<long,bool>	
bjh	1358	Core.dll	745292	0		gkx<int,int,bool>	
bji	1359	Core.dll	745303	0		gkz<long,string,string,EntityLook,EntityLook>	
bjj	1360	Core.dll	745316	0		gkw<string,string>	
bjk	1361	Core.dll	745326	0		gkw<string,string>	
bjl	1362	Core.dll	745336	0		gld<string,string,EntityLook,EntityLook,long,int,int,int,int>	
bjm	1363	Core.dll	745353	0		gkx<dtb,List<lz>,long>	
bjn	1364	Core.dll	745364	0		gkw<dtb,int>	
bjo	1365	Core.dll	745374	0		gkx<dtb,int,int>	
bjp	1366	Core.dll	745385	0		gkv<dtb>	
bjs	1369	Core.dll	745406	0		gkw<string,bool>	
bjt	1370	Core.dll	745416	0		gkw<int,int>	
bju	1371	Core.dll	745426	0		gkv<me>	
bjv	1372	Core.dll	745435	0		gky<int,int,int,List<EffectInstanceData>>	
bjw	1373	Core.dll	745447	0		gkw<me,int>	
bjx	1374	Core.dll	745457	0		gkw<me,bool>	
bjy	1375	Core.dll	745467	0		gkw<me,bool>	
bka	1377	Core.dll	745501	0		gkv<mo>	
bkd	1380	Core.dll	745522	0		gkw<fu,List<fr>>	
bke	1381	Core.dll	745532	0		gkw<long,List<long>>	
bkf	1382	Core.dll	745542	0		gkv<List<enf.ene>>	
bkg	1383	Core.dll	745551	0		gkw<List<uint>,uint>	
bkh	1384	Core.dll	745561	0		gkw<List<enf.enc>,int>	
bki	1385	Core.dll	745571	0		gkv<bool>	
bkj	1386	Core.dll	745580	0		gkv<ly>	
bkk	1387	Core.dll	745589	0		gkx<List<erg>,int,int>	
bkl	1388	Core.dll	745600	0		gky<long,List<mo>,EntityLook,int>	
bkm	1389	Core.dll	745612	0		gkw<TradeStockItemData,int>	
bkn	1390	Core.dll	745622	0		gkv<List<TradeStockItemData>>	
bko	1391	Core.dll	745631	0		gkw<bool,bool>	
bkp	1392	Core.dll	745641	0		gkw<List<lc>,List<lc>>	
bkq	1393	Core.dll	745651	0		gkw<List<StorageTabInformationWrapper>,bool>	
bkr	1394	Core.dll	745661	0		gkv<fdq.TradeUi>	
bks	1395	Core.dll	745670	0		gky<ItemDetails,Action<ItemDetails>,Action,bool>	
bku	1397	Core.dll	745688	0		gkv<fof>	
bkv	1398	Core.dll	745697	0		gkw<int,int>	
bkw	1399	Core.dll	745707	0		gkv<ItemInfo>	
bkx	1400	Core.dll	745716	0		gkv<int>	
bky	1401	Core.dll	745725	0		gkv<int>	
blc	1405	Core.dll	745769	0		gkv<lz>	
bld	1406	Core.dll	745778	0		gkv<List<BakRate>>	
ble	1407	Core.dll	745787	0		gkv<List<BakBidOffer>>	
blf	1408	Core.dll	745796	0		gkv<List<BakBidOffer>>	
blg	1409	Core.dll	745805	0		gkv<List<BakBid>>	
blh	1410	Core.dll	745814	0		gkv<List<MoneyOgrine>>	
bli	1411	Core.dll	745823	0		gkv<long>	
blj	1412	Core.dll	745832	0		gkv<List<gs>>	
blk	1413	Core.dll	745841	0		gky<long,string,dsd>	
bll	1414	Core.dll	745853	0		gkz<long,long,short,string,dsb>	
blm	1415	Core.dll	745866	0		gkw<dsd,dsb>	
blq	1419	Core.dll	745894	0		gkv<List<KardKardStock>>	
blu	1423	Core.dll	745921	0		gkv<bool>	
blv	1424	Core.dll	745930	0		gkv<bool>	
bly	1427	Core.dll	745951	0		gkw<long,grj>	
bma	1429	Core.dll	745975	0		gkv<List<int>>	
bmb	1430	Core.dll	745984	0		gkv<bool>	
bmc	1431	Core.dll	745993	0		gkv<bool>	
bmd	1432	Core.dll	746002	0		gkv<bool>	
bme	1433	Core.dll	746011	0		gkv<short>	
bmf	1434	Core.dll	746020	0		gkv<fii>	
bmh	1436	Core.dll	746035	0		gkv<bool>	
bmi	1437	Core.dll	746044	0		gkv<bool>	
bmk	1439	Core.dll	746059	0		gkx<long,bool>	
bml	1440	Core.dll	746070	0		gkv<int>	
bmm	1441	Core.dll	746079	0		gkv<Core.Rendering.Entity.Entity>	
bmn	1442	Core.dll	746088	0		gkv<long>	
bmr	1446	Core.dll	746115	0		gkv<bool>	
bms	1447	Core.dll	746124	0		gkv<FightReportHandle>	
bmu	1449	Core.dll	746139	0		gkw<fkm,bool?>	
bmv	1450	Core.dll	746149	0		gkv<long>	
bmw	1451	Core.dll	746158	0		gkv<int>	
bmz	1454	Core.dll	746179	0		gkv<bool>	
bna	1455	Core.dll	746203	0		gkx<bool,int,bool>	
bnb	1456	Core.dll	746214	0		gkv<long>	
bnc	1457	Core.dll	746223	0		gkv<long>	
bnd	1458	Core.dll	746232	0		gky<bnh,List<long>,string,bool>	
bnf	1460	Core.dll	746250	0		gky<long,uint,uint,int>	
bni	1464	Core.dll	746303	0		gky<int,bool>	
bnk	1466	Core.dll	746321	0		gkv<long>	
bnm	1468	Core.dll	746336	0		gky<long,int,int,int>	
bnn	1469	Core.dll	746348	0		gkv<long>	
bno	1470	Core.dll	746357	0		gkv<hv>	
bnp	1471	Core.dll	746366	0		gkw<hv,mq>	
bnq	1472	Core.dll	746377	0		gkv<hv>	
bnr	1473	Core.dll	746386	0		gky<long,short,int?,int?>	
bnu	1476	Core.dll	746410	0		gkv<bool>	
bnv	1477	Core.dll	746419	0		gkx<long,string,string>	
bnx	1479	Core.dll	746436	0		gkx<gyq,int,int>	
bny	1480	Core.dll	746447	0		gkv<bool>	
bnz	1481	Core.dll	746456	0		gkx<long,bool,string>	
boa	1482	Core.dll	746549	0		gkv<long>	
bob	1483	Core.dll	746558	0		gkv<ReadOnlyCollection<ng>>	
boc	1484	Core.dll	746567	0		gkv<flm>	
bod	1485	Core.dll	746576	0		gkv<fll>	
boe	1486	Core.dll	746585	0		gkv<int>	
bof	1487	Core.dll	746594	0		gkv<List<ng>>	
bog	1488	Core.dll	746603	0		gkv<long>	
boi	1490	Core.dll	746618	0		gkx<int,bool,long>	
boj	1491	Core.dll	746629	0		gkw<int,bool>	
bok	1492	Core.dll	746639	0		gkv<int>	
bol	1493	Core.dll	746648	0		gkv<guc>	
bom	1494	Core.dll	746658	0		gkv<guc>	
bon	1495	Core.dll	746668	0		gkw<long,BuffId>	
boo	1496	Core.dll	746678	0		gkw<long,int>	
bop	1497	Core.dll	748192	0		gkw<long,EntityStateInfo>	
boq	1498	Core.dll	748202	0		gkv<fib>	
bor	1499	Core.dll	748211	0		gkv<fib>	
bos	1500	Core.dll	748220	0		gkv<int>	
box	1504	Core.dll	748247	0		gkv<FightTurn>	
boz	1506	Core.dll	748262	0		gkv<List<fh>>	
bpa	1507	Core.dll	748289	0		gky<List<ff>,List<ff>,string,string>	
bpb	1508	Core.dll	748301	0		gkw<gyq,float>	
bpc	1509	Core.dll	748311	0		gkv<bool>	
bpd	1510	Core.dll	748320	0		gkv<gu>	
bpe	1511	Core.dll	748329	0		gkw<dw,Dictionary<long,el>>	
bpf	1512	Core.dll	748339	0		gkz<int,List<SpellPickerUI.Choice>,bool,bool,Action<int>>	
bpg	1513	Core.dll	748352	0		gkv<int>	
bph	1514	Core.dll	748361	0		gkw<long,int>	
bpi	1515	Core.dll	748371	0		gkv<int>	
bpj	1516	Core.dll	748380	0		gkv<long>	
bpk	1517	Core.dll	748389	0		gkv<bool>	
bpm	1519	Core.dll	748404	0		gkw<int,int>	
bpn	1520	Core.dll	748414	0		gkw<uint,AddressableEntry>	
bpo	1521	Core.dll	748424	0		gkv<uint>	
bpp	1522	Core.dll	748433	0		gkv<long>	
bps	1525	Core.dll	748454	0		gkv<long>	
bpt	1526	Core.dll	748463	0		gkw<dte,bool>	
bpv	1528	Core.dll	748479	0		gkv<bool>	
bpx	1530	Core.dll	748494	0		gkv<string>	
bpy	1531	Core.dll	748503	0		gkv<bool>	
bpz	1532	Core.dll	748512	0		gkv<uint>	
bqd	1536	Core.dll	748553	0		gkw<int,bool>	
bqi	1541	Core.dll	748587	0		gky<string,string,object,object>	
bqk	1543	Core.dll	748605	0		gkx<List<int>,List<int>,List<ClientCellData>>	
bql	1544	Core.dll	748616	0		gkv<float>	
bqm	1545	Core.dll	748626	0		gkv<bool>	
bqn	1546	Core.dll	748635	0		gkx<short,bool,bool>	
bqq	1549	Core.dll	748658	0		gkv<int>	
bqs	1551	Core.dll	748673	0		gkw<bool,frh.BestiaryData>	
bqt	1552	Core.dll	748683	0		gkw<bool,QuestData>	
bqu	1553	Core.dll	748693	0		gkw<bool,int>	
brc	1561	Core.dll	748758	0		gkv<frh.BestiaryData>	
brd	1562	Core.dll	748767	0		gkv<EncyclopediaSpecificParams>	
bre	1563	Core.dll	748776	0		gkv<EncyclopediaSpecificParams>	
brf	1564	Core.dll	748785	0		gkv<EncyclopediaSpecificParams>	
brh	1566	Core.dll	748800	0		gkv<bool>	
brj	1568	Core.dll	748815	0		gkv<SpellSetData>	
brl	1570	Core.dll	748830	0		gkv<int>	
brm	1571	Core.dll	748839	0		gkw<int,int>	
brn	1572	Core.dll	748849	0		gkx<ForgettableSpellDescription,List<ForgettableSpellPreset>,bool>	
bro	1573	Core.dll	748860	0		gkv<ForgettableSpellDescription>	
brv	1580	Core.dll	748905	0		gkv<string>	
brx	1582	Core.dll	748920	0		gkv<List<dq>>	
bsf	1590	Core.dll	748983	0		gkv<long>	
bsh	1594	Core.dll	748998	0		gkv<Dictionary<string,LobbyWrapper>>	
bsi	1595	Core.dll	749007	0		gkv<string>	
bsj	1596	Core.dll	749016	0		gkv<string>	
bsk	1597	Core.dll	749025	0		gkv<string>	
bsl	1598	Core.dll	749034	0		gkv<string>	
bsm	1599	Core.dll	749043	0		gkv<string>	
bsn	1600	Core.dll	749052	0		gkv<string>	
bso	1601	Core.dll	749061	0		gkv<string>	
bsp	1602	Core.dll	749070	0		gkv<string>	
bsw	1609	Core.dll	749115	0		gkv<OpenGuideBookAction.dhw>	
bsx	1610	Core.dll	749126	0		gkv<OpenGuideBookAction.dhw>	
bsy	1611	Core.dll	749135	0		gkw<List<short>,List<short>>	
bsz	1612	Core.dll	749145	0		gkv<AdventureSubTab>	
bte	1617	Core.dll	749191	0		gkw<fvl.fuf,bool>	
btj	1622	Core.dll	749225	0		gky<List<jo>,long,uint,uint>	
btk	1623	Core.dll	749237	0		gkv<iv>	
btl	1624	Core.dll	749246	0		gkv<string>	
btm	1625	Core.dll	749255	0		gla<long,long,long,uint,int,int>	
btn	1626	Core.dll	749269	0		gkw<bool,bool>	
bto	1627	Core.dll	749279	0		gkv<dwz>	
btp	1628	Core.dll	749288	0		gkv<dwz>	
bts	1631	Core.dll	749309	0		gkw<cf,jl>	
btu	1633	Core.dll	749325	0		gky<List<cq>,List<cq>,List<cq>,List<cq>>	
btv	1634	Core.dll	749337	0		gkv<List<cf>>	
btw	1635	Core.dll	749346	0		gkv<bool>	
btx	1636	Core.dll	749355	0		gkv<cf>	
bty	1637	Core.dll	749364	0		gkw<jo,string>	
btz	1638	Core.dll	749374	0		gkw<jo,ih>	
bua	1639	Core.dll	749403	0		gkv<bool>	
buc	1641	Core.dll	749418	0		gkx<dwy,string,long>	
bud	1642	Core.dll	749429	0		gkv<dwy>	
bue	1643	Core.dll	749438	0		gkx<jo,string,iu>	
buf	1644	Core.dll	749449	0		gkv<jo>	
bui	1646	Core.dll	749464	0		gkw<List<ih>,uint>	
buj	1647	Core.dll	749474	0		gkx<ih,long>	
buk	1648	Core.dll	749485	0		gkv<bool>	
bum	1650	Core.dll	749500	0		gkv<jm>	
bun	1651	Core.dll	749509	0		gkv<cf>	
buo	1652	Core.dll	749518	0		gkv<List<ch>>	
bup	1653	Core.dll	749527	0		gkv<int>	
but	1656	Core.dll	749548	0		gkv<List<jh>>	
buw	1659	Core.dll	749569	0		gkw<string,jq>	
buy	1661	Core.dll	749585	0		gkv<System.DateTime>	
buz	1662	Core.dll	749594	0		gkw<int,List<int>>	
bva	1663	Core.dll	749610	0		gkv<int>	
bvb	1664	Core.dll	749619	0		gkv<List<int>>	
bvf	1668	Core.dll	749646	0		gkv<long>	
bvg	1669	Core.dll	749655	0		gkv<int>	
bvl	1674	Core.dll	749688	0		gkv<cn>	
bvm	1675	Core.dll	749697	0		gkw<Dictionary<int,cl>,int>	
bvn	1676	Core.dll	749707	0		gky<int,bool,cl.ck,System.DateTime>	
bvo	1677	Core.dll	749719	0		gkv<int>	
bvp	1678	Core.dll	749728	0		gkw<Dictionary<int,int>,int>	
bvr	1680	Core.dll	749744	0		gkv<iw>	
bvs	1681	Core.dll	749753	0		gkw<mz,int>	
bvt	1682	Core.dll	749763	0		gkz<string,string,string,string,Action>	
bvv	1684	Core.dll	749782	0		gkv<iw>	
bvw	1685	Core.dll	749791	0		gkv<uint>	
bvx	1686	Core.dll	749800	0		gkv<string>	
bwb	1690	Core.dll	749844	0		gkv<string>	
bwc	1691	Core.dll	749853	0		gkv<js>	
bwd	1692	Core.dll	749862	0		gkw<int,GuildRaidPopup.RaidPopupType>	
bwe	1693	Core.dll	749872	0		gkv<int>	
bwf	1694	Core.dll	749881	0		gkv<bool>	
bwi	1697	Core.dll	749902	0		gkx<string,string,hvp>	
bwj	1698	Core.dll	749913	0		gkw<string,kl>	
bwk	1699	Core.dll	749923	0		gkv<Dictionary<string,int>>	
bwl	1700	Core.dll	749932	0		gkw<string,kk>	
bwm	1701	Core.dll	749942	0		gkx<string,string,string>	
bwn	1702	Core.dll	749953	0		gla<int,int,bool,long,List<int>,Dictionary<int,ka>>	
bwq	1705	Core.dll	749979	0		gkx<WindowFigma,VisualElement,string>	
bwr	1706	Core.dll	749990	0		gkv<WindowFigma>	
bwt	1708	Core.dll	750005	0		gkx<WindowFigma,VisualElement,string>	
bww	1711	Core.dll	750028	0		gkv<List<sbyte>>	
bwx	1712	Core.dll	750037	0		gkv<List<bc>>	
bwy	1713	Core.dll	750046	0		gla<bool,sbyte,List<bc>,int,List<int>,gi>	
bwz	1714	Core.dll	750060	0		gkv<List<mz>>	
bxd	1718	Core.dll	750101	0		gkz<bool,int,int,int>	
bxe	1719	Core.dll	750114	0		gky<bool,long,int>	
bxf	1720	Core.dll	750126	0		gkv<lnx>	
bxg	1721	Core.dll	750135	0		gkw<long,int>	
bxj	1724	Core.dll	750157	0		gky<int,int,bool>	
bxk	1725	Core.dll	750169	0		gkx<long,string,string>	
bxl	1726	Core.dll	750180	0		gky<long,string,int,int>	
bxm	1727	Core.dll	750192	0		gkv<bool>	
bxn	1728	Core.dll	750201	0		gkw<bool,int>	
bxo	1729	Core.dll	750211	0		gkw<dtv,bool>	
bxp	1730	Core.dll	750221	0		gkv<bool>	
bxq	1731	Core.dll	750230	0		gkw<int,int>	
bxw	1737	Core.dll	750270	0		gkv<bool>	
bxx	1738	Core.dll	750279	0		gkv<InfiniteDreamResultInfo>	
bxy	1739	Core.dll	750288	0		gkv<ixl>	
byc	1743	Core.dll	750327	0		gkv<InfiniteDreamSavedDream>	
byd	1744	Core.dll	750336	0		gkw<InfiniteDreamMapInfo,int>	
bye	1745	Core.dll	750346	0		gkw<efr,int>	
byf	1746	Core.dll	750356	0		gkv<Action>	
byg	1747	Core.dll	750365	0		gla<int,List<ly>,string,Action<ly>,bool,ItemListSourceUi>	
byh	1748	Core.dll	750387	0		gky<string,List<ly>,string,Action<ly>>	
byi	1749	Core.dll	750407	0		gky<int,List<ly>,string,Action<ly>>	
byj	1750	Core.dll	750427	0		gkz<int,List<ly>,string,Action<ly>,ListContentType>	
byk	1751	Core.dll	750448	0		gky<int,List<ly>,string,Action<ly>>	
byl	1752	Core.dll	750465	0		gkv<int>	
bym	1753	Core.dll	750474	0		gkw<int,int>	
byq	1757	Core.dll	750502	0		gkv<string>	
byr	1758	Core.dll	750511	0		gkw<bool,ItemData.ItemCategoryEnum>	
bys	1759	Core.dll	750521	0		gkw<string,string>	
byv	1762	Core.dll	750543	0		gkv<bool>	
byy	1765	Core.dll	750564	0		gkx<bool,bool,Action>	
bze	1771	Core.dll	750619	0		gkv<int>	
bzf	1772	Core.dll	750628	0		gkw<List<lz>,long>	
bzh	1774	Core.dll	750644	0		gkv<List<lz>>	
bzi	1775	Core.dll	750653	0		gkv<List<lz>>	
bzj	1776	Core.dll	750662	0		gkv<List<lz>>	
bzk	1777	Core.dll	750671	0		gkw<lz,int>	
bzp	1782	Core.dll	750705	0		gkv<int>	
bzr	1784	Core.dll	750720	0		gkv<lz>	
bzs	1785	Core.dll	750729	0		gkv<lz>	
bzt	1786	Core.dll	750738	0		gkw<lz,dxh>	
bzu	1787	Core.dll	750748	0		gkv<lz>	
bzv	1788	Core.dll	750757	0		gkw<lz,int>	
bzw	1789	Core.dll	750767	0		gkv<int>	
bzx	1790	Core.dll	750776	0		gkv<long>	
bzz	1792	Core.dll	750795	0		gkv<long>	
caa	1793	Core.dll	750837	0		gkw<int,int>	
cab	1794	Core.dll	750847	0		gkv<int>	
cac	1795	Core.dll	750856	0		gkv<int>	
cad	1796	Core.dll	750865	0		gkv<string>	
cae	1797	Core.dll	750874	0		gkv<EntityLook>	
caf	1798	Core.dll	750883	0		gkw<me,bool>	
cag	1799	Core.dll	750893	0		gkv<me>	
cah	1800	Core.dll	750902	0		gkv<List<string>>	
cai	1801	Core.dll	750911	0		gkv<string>	
caj	1802	Core.dll	750920	0		gkv<string>	
cak	1803	Core.dll	750929	0		gkv<StorageTabInformationWrapper>	
cao	1807	Core.dll	750956	0		gkv<string>	
cap	1808	Core.dll	750965	0		gkv<EntityLook>	
car	1810	Core.dll	750980	0		gkv<ColorSet>	
cav	1814	Core.dll	751007	0		gkv<string>	
caw	1815	Core.dll	751016	0		gkw<bool,string>	
cay	1817	Core.dll	751032	0		gkv<bool>	
caz	1818	Core.dll	751041	0		gkv<bool>	
cba	1819	Core.dll	751064	0		gkv<bool>	
cbb	1820	Core.dll	751073	0		gkv<bool>	
cbe	1823	Core.dll	751094	0		gkv<int>	
cbf	1824	Core.dll	751103	0		gkw<bool,AppearanceType>	
cbg	1825	Core.dll	751113	0		gkv<int>	
cbi	1827	Core.dll	751128	0		gkw<LadderUI.LadderTabs,string>	
cbu	1839	Core.dll	751232	0		gkv<List<EventRewardsItem>>	
cby	1843	Core.dll	751259	0		gkv<me>	
cbz	1844	Core.dll	751268	0		gkv<me>	
ccc	1847	Core.dll	751304	0		gkv<int>	
ccd	1848	Core.dll	751313	0		gkx<bool,ValueTuple<int,euu.euo>,List<int>>	
cce	1849	Core.dll	751324	0		gkv<bool>	
ccf	1850	Core.dll	751333	0		gkw<int,int>	
ccg	1851	Core.dll	751343	0		gkv<List<gv>>	
cch	1852	Core.dll	751352	0		gkv<bool>	
ccm	1857	Core.dll	751385	0		gkv<int>	
ccn	1858	Core.dll	751394	0		gkw<long,short>	
ccp	1860	Core.dll	751410	0		gkv<long>	
ccq	1861	Core.dll	751419	0		gkv<long>	
ccr	1862	Core.dll	751428	0		gkv<long>	
ccs	1863	Core.dll	751437	0		gkv<long>	
cct	1864	Core.dll	751446	0		gle<string,string,int,int,int,Color,bool,bool,bool,bool>	
ccu	1865	Core.dll	751464	0		gkw<string,int>	
ccx	1868	Core.dll	751486	0		gkv<string>	
ccy	1869	Core.dll	751495	0		gkv<bool>	
cda	1871	Core.dll	751536	0		gkv<SubAreaData>	
cdb	1872	Core.dll	751545	0		gkv<UnityEngine.Vector2>	
cdc	1873	Core.dll	751554	0		gkw<eum,bool>	
cdd	1874	Core.dll	751564	0		gkv<int>	
cde	1875	Core.dll	751573	0		gkw<euu.eup,SubAreaData>	
cdf	1876	Core.dll	751583	0		gkv<etu.etc>	
cdg	1877	Core.dll	751592	0		gkv<long>	
cdi	1879	Core.dll	751607	0		gkv<List<mk>>	
cdj	1880	Core.dll	751616	0		gkv<List<string>>	
cdn	1884	Core.dll	751643	0		gkv<mk>	
cdo	1885	Core.dll	751652	0		gkv<RideSource>	
cdq	1887	Core.dll	751667	0		gkv<List<mk>>	
cdr	1888	Core.dll	751676	0		gkv<RidesData>	
cds	1889	Core.dll	751685	0		gkv<RidesData>	
cdt	1890	Core.dll	751694	0		gkv<RidesData>	
cdv	1892	Core.dll	751709	0		gkv<string>	
cdw	1893	Core.dll	751718	0		gkv<mk>	
cdx	1894	Core.dll	751727	0		gkx<List<me>,StorageUI,PaddockUi>	
cdy	1895	Core.dll	751738	0		gld<Dictionary<int,float>,Dictionary<int,float>,Dictionary<o,float>,Dictionary<o,float>,int,bool,int,ExperienceSimulationInfo,bool>	
cdz	1896	Core.dll	751755	0		gkz<List<mk>,Dictionary<string,mk>,int,bool,long>	
cea	1897	Core.dll	751784	0		gkx<string,string>	
ceb	1898	Core.dll	751795	0		gkx<BreedingTab,bool,int>	
cec	1899	Core.dll	751806	0		gkw<List<string>,BreedingLineType>	
ced	1900	Core.dll	751816	0		gkw<List<mk>,BreedingLineType>	
cee	1901	Core.dll	751826	0		gkw<List<string>,BreedingLineType>	
cef	1902	Core.dll	751836	0		gkv<Dictionary<int,bool>>	
ceg	1903	Core.dll	751845	0		gkv<Dictionary<int,bool>>	
ceh	1904	Core.dll	751854	0		gkv<PaddockInfo>	
cei	1905	Core.dll	751863	0		gkv<Dictionary<PaddockGauge,int>>	
cej	1906	Core.dll	751872	0		gkv<List<eqb>>	
cek	1907	Core.dll	751881	0		gkv<PaddockInfo>	
cel	1908	Core.dll	751890	0		gkv<OpenPaddockState>	
cem	1909	Core.dll	751899	0		gkw<PaddockGauge,List<PaddockGauge>>	
cen	1910	Core.dll	751909	0		gkv<PaddockGauge>	
ceo	1911	Core.dll	751918	0		gky<string,string,string,BreedingLineType>	
cep	1912	Core.dll	751930	0		gkx<string,string,BreedingLineType>	
ceq	1913	Core.dll	751941	0		gkw<List<string>,bool>	
cer	1914	Core.dll	751951	0		gkv<fyo>	
ces	1915	Core.dll	751960	0		gkv<fyl>	
cet	1916	Core.dll	751969	0		gkw<string,bool>	
ceu	1917	Core.dll	751979	0		gkw<dtd,List<object>>	
cev	1918	Core.dll	751989	0		gkv<bool>	
cey	1921	Core.dll	752010	0		gkv<int>	
cez	1922	Core.dll	752019	0		gkz<int,List<li>,bool,bool,string>	
cfa	1923	Core.dll	752056	0		gkv<string>	
cfc	1925	Core.dll	752071	0		gkw<int,long>	
cfd	1926	Core.dll	752081	0		gkw<int,bool>	
cfe	1927	Core.dll	752091	0		gkw<int,long>	
cff	1928	Core.dll	752101	0		gkw<int,List<li>>	
cfg	1929	Core.dll	752111	0		gkw<long,int>	
cfh	1930	Core.dll	752121	0		gkv<int>	
cfi	1931	Core.dll	752130	0		gkx<long,int,lh>	
cfj	1932	Core.dll	752141	0		gkw<int,li>	
cfk	1933	Core.dll	752151	0		gkw<long,bool>	
cfl	1934	Core.dll	752161	0		gkw<int,string>	
cfm	1935	Core.dll	752171	0		gkw<int,bool>	
cfo	1937	Core.dll	752187	0		glb<int,string,long,string,List<li>,List<li>>	
cfr	1940	Core.dll	752214	0		gkv<long>	
cfs	1941	Core.dll	752223	0		gkv<long>	
cft	1942	Core.dll	752232	0		gkv<long>	
cfu	1943	Core.dll	752241	0		gkv<long>	
cfv	1944	Core.dll	752250	0		gkv<long>	
cfw	1945	Core.dll	752259	0		gkv<long>	
cfx	1946	Core.dll	752268	0		gky<bool,PlayerCardViewEnum,Core.UILogic.PlayerInfoUi.PlayerCardData,UnityEngine.Vector2>	
cfy	1947	Core.dll	752280	0		gkv<long>	
cga	1949	Core.dll	752310	0		gkw<long,GeneralViewData>	
cgb	1950	Core.dll	752320	0		gkw<long,EquipmentViewData>	
cgc	1951	Core.dll	752330	0		gkw<long,LadderViewData>	
cgd	1952	Core.dll	752340	0		gkv<List<PlayerCardViewEnum>>	
cge	1953	Core.dll	752349	0		gkv<int>	
cgf	1954	Core.dll	752358	0		gkv<int>	
cgg	1955	Core.dll	752367	0		gkv<List<int>>	
cgh	1956	Core.dll	752376	0		gkw<List<BasicCharacterWrapper>,bool>	
cgi	1957	Core.dll	752386	0		gkv<List<BasicCharacterWrapper>>	
cgk	1959	Core.dll	752401	0		gkz<List<dsj>,List<dsj>,CreationCharacterWrapper,bool,bool>	
cgl	1960	Core.dll	752414	0		gkv<string>	
cgm	1961	Core.dll	752423	0		gkx<long,string,string>	
cgn	1962	Core.dll	752434	0		gkx<string,string,bool>	
cgo	1963	Core.dll	752445	0		gkw<int,int>	
cgp	1964	Core.dll	752461	0		gkv<string>	
cgr	1966	Core.dll	752480	0		gkw<bool,string>	
cgs	1967	Core.dll	752490	0		gkv<ls>	
cgt	1968	Core.dll	752499	0		gkx<string,ValueTuple<int,int>,ValueTuple<int,int>>	
cgu	1969	Core.dll	752512	0		gkx<string,int,int>	
cgv	1970	Core.dll	752523	0		gkw<string,int>	
cgw	1971	Core.dll	752533	0		gkv<string>	
cgx	1972	Core.dll	752542	0		gkv<string>	
cgy	1973	Core.dll	752551	0		gky<bool,string,string,igs>	
cgz	1974	Core.dll	752563	0		gkv<string>	
cha	1975	Core.dll	752592	0		gkv<string>	
chb	1976	Core.dll	752601	0		gkx<bool,string,bool>	
chc	1977	Core.dll	752612	0		gkw<bool,string>	
chd	1978	Core.dll	752622	0		gkw<bool,string>	
che	1979	Core.dll	752632	0		gkw<string,bool>	
chg	1981	Core.dll	752648	0		gkw<string,mm>	
chh	1982	Core.dll	752658	0		gkx<bool,string,mm>	
chi	1983	Core.dll	752669	0		gla<bool,string,int,me>	
chj	1984	Core.dll	752683	0		gkx<bool,string,Dictionary<int,List<int>>>	
chk	1985	Core.dll	752694	0		gkx<duw,string,string>	
chl	1986	Core.dll	752710	0		gkx<bool,string,int>	
chm	1987	Core.dll	752721	0		gkv<hb>	
chn	1988	Core.dll	752730	0		gkv<Dictionary<UnityEngine.Vector2,ept>>	
cho	1989	Core.dll	752739	0		gkv<short>	
chp	1990	Core.dll	752748	0		gkv<short>	
chq	1991	Core.dll	752757	0		gkv<short>	
chr	1992	Core.dll	752766	0		gkv<short>	
chs	1993	Core.dll	752775	0		gkw<short,bool>	
chx	1998	Core.dll	752809	0		gkw<int,int>	
chz	2000	Core.dll	752825	0		gkv<ha>	
cia	2001	Core.dll	752851	0		gkv<IReadOnlyList<ha>>	
cib	2002	Core.dll	752860	0		gkw<IReadOnlyList<ha>,IReadOnlyList<ha>>	
cid	2004	Core.dll	752876	0		gkv<bool>	
cie	2005	Core.dll	752885	0		gkv<dwa>	
cif	2006	Core.dll	752894	0		gkv<dwa>	
cii	2009	Core.dll	752915	0		gkw<dwa,int>	
cij	2010	Core.dll	752925	0		gkv<IReadOnlyList<short>>	
cik	2011	Core.dll	752934	0		gkv<bool>	
cil	2012	Core.dll	752943	0		gkw<List<enx>,uint>	
cim	2013	Core.dll	752953	0		gkx<string,long,bool>	
cin	2014	Core.dll	752964	0		gkw<string,long>	
ciq	2017	Core.dll	752986	0		gkv<List<int>>	
cit	2020	Core.dll	753013	0		gkv<int>	
ciu	2021	Core.dll	753022	0		gkv<int>	
civ	2022	Core.dll	753031	0		gkv<short>	
ciw	2023	Core.dll	753040	0		gkw<bool,dvd>	
ciz	2026	Core.dll	753062	0		gkv<List<ArenaStateModeWrapper>>	
cja	2027	Core.dll	753088	0		gkv<Dictionary<dve,oa>>	
cjb	2028	Core.dll	753097	0		gkw<long,bool>	
cjc	2029	Core.dll	753107	0		gky<uint,uint,int,bool>	
cjd	2030	Core.dll	753119	0		gky<long,short,long,bool>	
cje	2031	Core.dll	753131	0		gkz<long,short,short,EntityLook,long>	
cjf	2032	Core.dll	753144	0		gky<long,EntityLook,string,long>	
cjg	2033	Core.dll	753156	0		gky<long,EntityLook,long>	
cjk	2037	Core.dll	753186	0		gkx<int,List<string>,Dictionary<int,List<ValueTuple<int,int>>>>	
cjl	2038	Core.dll	753197	0		gkv<bool>	
cjm	2039	Core.dll	753206	0		gkw<dus,int>	
cjo	2041	Core.dll	753222	0		gkv<long>	
cjz	2052	Core.dll	753291	0		gkw<dtz,short>	
cka	2053	Core.dll	753301	0		gkv<string>	
cki	2061	Core.dll	753352	0		gkv<bool>	
ckj	2062	Core.dll	753361	0		gkv<bool>	
ckk	2063	Core.dll	753370	0		gkw<SocialRightsAndRanksUi.RightsAndRanksTypeEnum,ch>	
ckl	2064	Core.dll	753380	0		gkx<long,bool,ezx>	
ckm	2065	Core.dll	753391	0		gkx<long,string>	
ckn	2066	Core.dll	753402	0		gkw<dwv,string>	
ckp	2068	Core.dll	753418	0		gkv<SocialRightsAndRanksUi.RightsAndRanksTypeEnum>	
ckq	2069	Core.dll	753427	0		gkw<SocialRightsAndRanksUi.RightsAndRanksTypeEnum,ch>	
ckr	2070	Core.dll	753437	0		gkw<long,string>	
cks	2071	Core.dll	753447	0		gkv<dwt>	
ckt	2072	Core.dll	753456	0		gkv<List<int>>	
cku	2073	Core.dll	753465	0		gkv<int>	
ckv	2074	Core.dll	753474	0		gkw<int,int>	
ckw	2075	Core.dll	753484	0		gkw<long,fhx>	
ckx	2076	Core.dll	753494	0		gkv<uint>	
cky	2077	Core.dll	753503	0		gkv<bool>	
clb	2080	Core.dll	753568	0		gkw<string,mm>	
clc	2081	Core.dll	753578	0		gkv<StatId>	
cld	2082	Core.dll	753587	0		gkv<StatId>	
cle	2083	Core.dll	753596	0		gkx<string,StatId>	
clg	2085	Core.dll	753613	0		gkv<int>	
clh	2086	Core.dll	753622	0		gkw<uint,string>	
cli	2087	Core.dll	753632	0		gkv<bool>	
clj	2088	Core.dll	753641	0		gkw<string,uint>	
cll	2090	Core.dll	753657	0		gkw<gmy,uint>	
clm	2091	Core.dll	753667	0		gkv<gmy>	
clp	2094	Core.dll	753688	0		gkv<StorageUI>	
clq	2095	Core.dll	753697	0		gkv<bool>	
clr	2096	Core.dll	753706	0		gkv<bool>	
cls	2097	Core.dll	753715	0		gkv<bool>	
clt	2098	Core.dll	753724	0		gkv<bool>	
clu	2099	Core.dll	753733	0		gkv<bool>	
clv	2100	Core.dll	753742	0		gkv<bool>	
clw	2101	Core.dll	753751	0		gkv<bool>	
clx	2102	Core.dll	753760	0		gkv<bool>	
cly	2103	Core.dll	753769	0		gkv<bool>	
cma	2105	Core.dll	753811	0		gkv<bool>	
cmb	2106	Core.dll	753820	0		gkv<bool>	
cmg	2110	Core.dll	753847	0		gkv<short>	
cmj	2113	Core.dll	753868	0		gkv<bool>	
cml	2115	Core.dll	753883	0		gkw<dsm,int>	
cmm	2116	Core.dll	753893	0		gkx<long,bool,short>	
cmn	2117	Core.dll	753904	0		gkw<long,short>	
cmo	2118	Core.dll	753914	0		gkv<gaj>	
cmq	2120	Core.dll	753929	0		gkz<Action<Color>,Color,string,UnityEngine.Vector2,Color>	
cmr	2121	Core.dll	753942	0		gkv<int>	
cms	2122	Core.dll	753951	0		gkv<int>	
cmt	2123	Core.dll	753960	0		gkw<int,bool>	
cmu	2124	Core.dll	753970	0		gkv<OptionTab>	
cmw	2126	Core.dll	753985	0		gkv<OptionCategoryId>	
cmx	2127	Core.dll	753994	0		gkv<OptionCategoryId>	
cmy	2128	Core.dll	754003	0		gkv<erg>	
cmz	2129	Core.dll	754012	0		gkv<bool>	
cna	2130	Core.dll	754028	0		gkv<bool>	
cnb	2131	Core.dll	754037	0		gkv<bool>	
cnc	2132	Core.dll	754046	0		gkv<bool>	
cnd	2133	Core.dll	754055	0		gkv<bool>	
cne	2134	Core.dll	754064	0		gkv<bool>	
cnf	2135	Core.dll	754073	0		gkv<string>	
cnh	2137	Core.dll	754088	0		gkv<PresetData>	
cnj	2139	Core.dll	754104	0		gkv<int>	
cnk	2140	Core.dll	754113	0		gkv<PresetData>	
cnl	2141	Core.dll	754122	0		gkx<int,string,int>	
cnm	2142	Core.dll	754133	0		gkv<int>	
cno	2144	Core.dll	754148	0		gkv<int>	
cnp	2145	Core.dll	754157	0		gkv<int>	
cnt	2149	Core.dll	754184	0		gkz<string,float,float,bool,bool>	
cnu	2150	Core.dll	754198	0		gkx<string,float,float>	
cnv	2151	Core.dll	754210	0		gkv<gaj>	
cnw	2152	Core.dll	754219	0		gkv<gaj>	
cnx	2153	Core.dll	754228	0		glb<string,float,float,float,float,bool,bool>	
cny	2154	Core.dll	754245	0		gkw<string,bool>	
cnz	2155	Core.dll	754255	0		gkv<uint>	
coa	2156	Core.dll	754282	0		gkw<uint,bool>	
cob	2157	Core.dll	754292	0		gkw<bool,bool>	
cos	2173	Core.dll	754392	0		gkx<int,int,int>	
cou	2175	Core.dll	754409	0		gkx<int,int,int>	
cow	2177	Core.dll	754426	0		gkv<bool>	
cpd	2184	Core.dll	754486	0		gky<fyb.fxz,bool,bool,bool>	
cpe	2185	Core.dll	754498	0		gkw<bool,bool>	
cpf	2186	Core.dll	754508	0		gkv<bool>	
cpg	2187	Core.dll	754517	0		gkv<bool>	
cph	2188	Core.dll	754526	0		gkv<bool>	
cpi	2189	Core.dll	754535	0		gkv<bool>	
cpj	2190	Core.dll	754544	0		gkv<bool>	
cpk	2191	Core.dll	754553	0		gkv<bool>	
cpl	2192	Core.dll	754562	0		gkv<bool>	
cpm	2193	Core.dll	754571	0		gkv<bool>	
cpn	2194	Core.dll	754580	0		gkv<bool>	
cpo	2195	Core.dll	754589	0		gkv<bool>	
cpp	2196	Core.dll	754598	0		gkv<bool>	
cpq	2197	Core.dll	754607	0		gkv<bool>	
cpr	2198	Core.dll	754616	0		gkv<bool>	
cps	2199	Core.dll	754625	0		gkv<bool>	
cpt	2200	Core.dll	754634	0		gkv<bool>	
cpu	2201	Core.dll	754643	0		gkv<bool>	
cpv	2202	Core.dll	754652	0		gkv<bool>	
cpw	2203	Core.dll	754661	0		gkv<bool>	
cpx	2204	Core.dll	754670	0		gkv<bool>	
cpy	2205	Core.dll	754679	0		gkv<bool>	
cqc	2209	Core.dll	754720	0		gkv<BannerMenu.fmp>	
cqd	2210	Core.dll	754729	0		gkw<dwe,ShopObjectToOpen>	
cqe	2211	Core.dll	754739	0		gkv<string>	
cqf	2212	Core.dll	754748	0		gkv<bool>	
cqg	2213	Core.dll	754757	0		gkv<int>	
cqh	2214	Core.dll	754766	0		gkw<ShopArticleData,bool>	
cqi	2215	Core.dll	754776	0		gkw<ShopArticleData,bool>	
cql	2218	Core.dll	754798	0		gkv<Com.Ankama.HaapiAnkama.Client.ApiException>	
cqm	2219	Core.dll	754807	0		gkv<KardTicket>	
cqn	2220	Core.dll	754816	0		gkv<long>	
cqo	2221	Core.dll	754825	0		gkv<long>	
cqp	2222	Core.dll	754834	0		gkv<List<KardKard>>	
cqr	2224	Core.dll	754849	0		gkv<MoneyBalance>	
cqs	2225	Core.dll	754858	0		gky<ShopArticleData,uint,Sprite,bool>	
cqt	2226	Core.dll	754870	0		gkx<ShopArticleData,Sprite,bool>	
cqu	2227	Core.dll	754881	0		gkv<ShopArticleData>	
cqv	2228	Core.dll	754890	0		gla<List<BaseShopArticleData>,int,int,int,Core.UILogic.Web.Shop.ShopNew.SortType,List<Core.UILogic.Web.Shop.ShopNew.SortType>>	
cqw	2229	Core.dll	754904	0		gkv<ShopArticleData>	
cqx	2230	Core.dll	754913	0		gkv<List<BaseShopArticleData>>	
cqy	2231	Core.dll	754922	0		gkv<List<MediaShopCarousel>>	
cqz	2232	Core.dll	754931	0		gkv<ShopObjectToOpen>	
cra	2233	Core.dll	754951	0		gkv<long>	
crb	2234	Core.dll	754960	0		gkv<List<DofusShopSummaryCategory>>	
crc	2235	Core.dll	754969	0		gld<int,string,string,int?,int?,int?,int?,bool,string>	
crd	2236	Core.dll	754986	0		gld<WebBakPopup.BakPopupTypeEnum,Action,long,long,long,long,long,string,BakBid>	
cre	2237	Core.dll	755003	0		gkv<KardItem>	
crf	2238	Core.dll	755012	0		gkv<KardTicket>	
dsr	6384	Core.dll	763947	0		sbyte	
dtc	6395	Core.dll	764140	0		sbyte	
dvn	6459	Core.dll	764970	0		short	
dwc	6474	Core.dll	765187	0		byte	
dwv	6493	Core.dll	765420	0		uint	
dxn	6512	Core.dll	765624	0		short	
dys	6544	Core.dll	765993	1	WaitForReloginToken	dyj<cuw>	ewy,ewd,faa,ewz,exl,ewr,fbu,ewm,fbh,fau,fav,fbz,fac,glr,glx,glu
dyt	6545	Core.dll	766189	0		dyj<cux>	
dyx	6550	Core.dll	766239	0		dyj<cuy>	fdz,feo,exl,ewz,ewm,fbj,fdh,exh,fac,faa,ezr,glr,glu,glx,gmd,fon
dzk	6564	Core.dll	766752	1	ParseItems		
dzn	6569	Core.dll	766818	1	RunBalladatorMode		ezp,ezm,ezn,ezo,eyv,fag,eww,eyt,fbj
dzq	6573	Core.dll	766967	1	LoadCrashTestDummies		feu,ezm,dzo
dzs	6576	Core.dll	767069	1	TestHaapiAlmanax		eyl
eam	6602	Core.dll	767858	2	SearchDlls,SendMessage		ezw,faa,ewy,ewz
eap	6606	Core.dll	767957	1	CreateTimeout		ezp,fdt,faa,exa,glu,glr,eao
eau	6621	Core.dll	768206	9	Connect,GetAuthenticationToken,GetSetting,PayCart,RequestAPIToken,RequestUserInfos,RequestZaapLanguage,RequestZaapUpdateNeeded,SetZaapLanguage		ezp,ewy,dtj
ebb	6629	Core.dll	768600	1	TriggerConnectionFailedPopup		ebd,glr
ebh	6640	Core.dll	768969	3	AskAccessToken,CheckApiKeyValidity,RefreshKey		eyl,fax,eyg,ewz,ezp,ewy
ebi	6758	Core.dll	769094	1	Init		fag,ezk,ezm,ezp,fbj,ezl,ewm,eyd,fmj,ewc,fdz,evo,uq
ebj	6761	Core.dll	769200	2	CreateCamera,Init		ewm
ebu	6777	Core.dll	769464	1	DoCurrentMapEvent		feo,ezm,ewz,fbj,ezp,glu,glr
ecg	6793	Core.dll	770283	4	GetTextAsync,Init,LoadExternalConfiguration,PreInit		ewm,eyi,ezp,glr
eck	6797	Core.dll	770516	0		short	
eco	6801	Core.dll	770581	0		ecl<ecn>	
ecq	6803	Core.dll	770605	0		ecl<ecp>	
ect	6806	Core.dll	770687	0		ecl<ecs>	
ecv	6809	Core.dll	770731	1	StartGame		ecw,eyg,ewz,ewd,fau,ezw,faa,exv,ewm,exf,fac,ezp,glu,bb
edb	6816	Core.dll	771070	1	Init		ewm,ezp,gmd
eeu	6872	Core.dll	773442	3	RefreshPresetNextFrame,RequestChangeToFightPreset,RequestGoBackToCurrentPreset		ezp,ewm,fad,gmd
efy	6902	Core.dll	774478	0		IPinableTooltipInformation	efr,ega
egk	6916	Core.dll	774849	0		ILogRenderer	
ego	6922	Core.dll	774922	1	SendAsync	HttpClientHandler	ewa
egp	6940	Core.dll	774962	17	ConsumeKardByCode,ConsumeKardById,CreateTokenWithPassword,GetAccountBids,GetAlmanaxEvent,GetCmsPollInGame,GetDirectionsRates,GetFeeds,GetKardByAccountIdWithApiKey,GetOffersKamas,GetOffersOgrines,MarkCmsPollInGamesAsRead,OgrinsAccount,OgrinsAmount,SendDeviceInfos,SendGameEvent,SendGameEvents		ewa,evz,ewy
egv	6947	Core.dll	775502	1	LaunchNotification		ezp,egq,ewm,ezw,faa,exh,ewc,fcr,dtc,glr,gmd,glx,egu
ehb	6957	Core.dll	775794	2	GenerateSprite,LoadEntity		feo,uq,fdz,ewm,fcg,ezl,fap,evs,faz,fan,ezk,fdf,fac,fbj,fah,fdt,faj,eyu,ezp,gmd,wf,rc
ehl	6970	Core.dll	776273	3	WaitForAddingObject,WaitForDroppingObjects,WaitProcessMapComplementaryInfo		feo,fdz,faj,glu,itl,ite
ehu	6986	Core.dll	776471	0		byte	
ehz	6995	Core.dll	776529	3	Play,TryHandleAnim,TryCancelAndWait		feo,gtd,far,fai,ehv,ehw,grl
eis	7018	Core.dll	777039	0		eil<a>	
ejt	7069	Core.dll	777864	11	GetClosestAnimFromBoneAsync,GetClosestAsync,Init,LoadAndApplyDefinitionAsync,LoadAnimationNamesAsync,LoadDefinitionFromBoneCatalogAsync,LoadDefinitionFromCatalogAsync,LoadDefinitionFromMappedBoneAsync,LoadSkin,PreLoadDefinitionFromCatalog,PreLoadSkin		feo,ezw,gun,fea,fai,ewm,fen,fev,rc,ejs
ejv	7072	Core.dll	778300	1	RefreshAfterZoom		ekb,glr,glu
ekb	7081	Core.dll	778388	3	CreatureModeSwitched,RunUpdatePositionTask,UpdateDisplayedEntityPositionOnceBoundsAreValidAgain		feo,fdz,ezp,fcw,gmd,ejy,ejw
ekc	7085	Core.dll	778655	3	AddStylizedTextElement,AddTextElement,Initialize		
ekj	7093	Core.dll	778902	1	ReApplyIconLatter		ewy,ezw,ezp,ewm,gmd
ekl	7096	Core.dll	779034	1	TryConnectLatter		ezp,ewz,ewd,fbh,eyg,ewm,glr,glx
ekv	7109	Core.dll	779310	3	InitializeSnapshotMaster,Run,WaitAudioInit		ewc,ezp,ewm,ezw,eyi
ekw	7112	Core.dll	779392	2	ShowDelay,StopLatencyTimer		ezp,ewz,glu
ekz	7118	Core.dll	779462	3	RefreshResolutionAfterSet,ScreenServiceUpdate,SetScale		ezp,ewm,gmd,glr
eli	7132	Core.dll	780160	3	GetWorldMap,SearchWorldPath,FindPathWorldMap		exd,ezp,ezw,fer,ezm,elk,glr,ctg,elg,elh
elk	7135	Core.dll	780296	1	Init		fyz
elv	7157	Core.dll	780777	10	DEBUG_LocalizedSounds,DoLoadBank,DoLoadBankWithGuid,GenerateMapSpatializationAsync,Init,Initialize,InitializeAudioManager,PlayMenuWhenDoneInit,PlaySound,PlaySoundEventInstance		ezp,fdz,ewm,ewj,ezw,fdt,ezm,eyw,els,elw,gmd,elt
elx	7160	Core.dll	781181	1	HourLoopUpdate		ezp,ewz,ewm,ewd,eyg,fau,glu
eme	7177	Core.dll	781462	10	CreateCart,CreateOrder,GetArticleInfo,GetCategoryPromoteGroup,GetPaymentMethod,GetShopCatalog,GetShopCategoryList,PayOrderFree,PayOrderOgrines,SearchArticles		ewa,ewy,evz
eng	7206	Core.dll	782624	1	TryForceRouteLatter		feo,fdz,faa,ezv,ezm,eyd,ezp,fan,fac,fba,exv,ewq,ezu,glf,glx,esy
eno	7214	Core.dll	782912	0		gax<exn.DocumentWindows>	ezw
enp	7217	Core.dll	783015	1	LoadArrow		ezm,ezw,ezo,ezk,ezp,ezv,ezl,eyv,fdx,fdo,ewm,gmd
enx	7229	Core.dll	783399	0		IDataCenter	dvs
eoi	7242	Core.dll	783849	2	DelayUntilLoaded,PrepareAndDispatchFightMapData		eoj,fex,fbj,glr,glx,glu,jss,lfg
eon	7248	Core.dll	784112	1	SendLeaderPositionEventWhenReady		eoo,feo,fdz,glu,hiw
eoo	7251	Core.dll	784208	2	ActivateSkill,MapChangeWhenNotMovingAnymore		faj,ewf,ewm,evx,fbj,fbb,feo,fdz,ezp,ezv,ezl,ewz,fbe,ezr,ezu,glg,dt
eor	7255	Core.dll	784363	1	OnInteractiveMapUpdateMessage		eov,feo,far,vb,exm,evy,glu,iwp,eop,eos
eov	7261	Core.dll	784484	2	ManageSkillClickedWhenAvailable,UpdateStatedElement		ezp,feo,vb,fan,fbi,fay,ezm,fdt,eyv,exm,fah,faa,far,fcg,fac,fbj,ewm,evy,ewl,fbe,zd,gmd,eot,dt,du
eoy	7265	Core.dll	784736	1	ClickOrientation		epe,ewz,glx
epd	7271	Core.dll	784897	1	NpcDialogCreationWhenAvailable		epe,fai,glu,far,gtd,ewv,faz,fbl,ioc,grl,epb
epj	7279	Core.dll	785206	1	DelayedClearAchievements		glu,evn,ezp,ezw,faa,ezr,exh,evm,ewm,fbr,exw,fdt,mfs
eps	7289	Core.dll	785563	1	UpdateQuestWhenSubAreaLoaded		faf,ezp,ezw,ewz,ezr,ewm,glu,ied,idu,epr
epw	7297	Core.dll	785703	2	FollowObjective,UnfollowObjective		ezp,ewz,ezw,ewm,ezr,fbl,gmd
eqq	7321	Core.dll	786674	2	PresetListEventWhenCharacterInfo,RefreshTagsWhenContentReceived		glu,eqs,lyb,ihb,hlm
eqz	7332	Core.dll	787592	1	AddClickListener		ezp,exm,ewe,fap,eyv,ezl,ezm,eyo,fdt,ezd,faj,fch,eyp,ezk,fcw,glr,gmd,fmi
erd	7337	Core.dll	787819	1	OnWaitHavenBagFurnituresEvent		ezp,ezm,faj,ewm,ere,eyl,fac,glu,jbs,jbu
ern	7350	Core.dll	788150	2	OnPlayAnimationOnNpcEventAsync,OnPlayEmoteOnNpcEventAsync		glu,erp,khi,iny,inv,erl,erm
erp	7354	Core.dll	788293	1	RefreshEmotes		fdz,feo,exd,ezp,fbr,ewz,fai,fam,eyy,evm,fba,ewm,eyv,ezw,fbj
erq	7355	Core.dll	788406	0		IApplicationCodec<eru,Google.Protobuf.IMessage>	
err	7357	Core.dll	788418	1	GetCredentials	ISpinCredentialsProvider	
ers	7359	Core.dll	788445	0		MessageFrame<eru,Google.Protobuf.IMessage>	eru
ert	7360	Core.dll	788517	0		Google.Protobuf.IMessage	
esg	7378	Core.dll	788855	3	GetTextFromURL,LoadGameActivityData,LoadGamesActivitiesLibraries		esf
esw	7403	Core.dll	789438	0		VisualElement	esy
esy	7406	Core.dll	789543	1	IsVisibleFromAsync		
etu	7435	Core.dll	789649	6	SwitchToConquestOrAnomalyMode,InitStaticCartographyData,MoveTo,MoveToWorldmapMenuElement,ScheduleAnomalyListRefresh,SetUpWorldMap	fzy<CartographyMapUIBinding>	ezw,ewq,evs,euj,esz,etc,eum,euk,ete,eti
eui	7465	Core.dll	790742	12	UpdateIcons,AddAreaShape,CenterToPlayerPosition,Display,DisplayWhenReady,LoadCartographyImages,LoadLod,OnMouseDrag,RefreshScaleAfterLoad,ToggleLayer,UpdatePrismIcon,UpdatePrismsAsync		esm,ewq,ezp,ezw,fei,faz,fca,fbj,fcg,eww,ezl,eyq,faa,eyk,ewm,evs,exw,eyy,esw,ks,euj,esn,esy,euc,eum,est,ku
euk	7467	Core.dll	791778	0		IComparable	euj,ku
euu	7479	Core.dll	791863	1	SearchAll	fzy<CartographySearchUIBinding>	fcg,ewq,euq,eup,etu,euo
evi	7497	Core.dll	792537	3	GetAnimClipInfo,PlayAnimFun,PlaySynchronizedAnim		feo,ezm,ewm,far,evf,evj,gby,evh
evy	7512	Core.dll	792951	0		IEnumerable<sn>	
fel	7766	Core.dll	796714	0		IEnumerable<fih>	
fer	7772	Core.dll	796802	0		IEnumerable<EntityInfo>	
feu	7775	Core.dll	796938	0		IEnumerable<Core.Rendering.Entity.Entity>	
ffm	7795	Core.dll	797794	1	UpdateMemberListLoop		ezp,ewz,ezw,fei,ezr,exv,fai,fbi,ezs,ezt,fac,exh,fcg,fdf,fel,feo,ewm,ewe,fam,fdt,ezm,evk,dvd,dve,li,gt
ffr	7802	Core.dll	798079	1	DisposePendingClaimBoostRequests		fgb,glx
fgr	7832	Core.dll	799407	2	EndOfKick,EndOfSurrender		fgt,ezw,glu,fyo,gmd,kif,ikw,li,ike
fgv	7839	Core.dll	800092	1	PrismAddOrUpdateStacked		fgx,glu
fhl	7856	Core.dll	800906	1	SendRequestAfterCharacterLoaded		ezp,evm,exp,ewz,fbi,ewm,ezr,exv,ezw,faa,eyk,faw,eyy,fbr,evk,glr,glx,iq
fhn	7861	Core.dll	801067	1	OnEntityStateUpdate		fdz,fbr,exd,fhu,ezp,gmd
fhr	7872	Core.dll	801183	6	ApplyModeTransition,GetOrCreateCellPing,ManageCellPings,ManageFightPings,RemovePingsAsync,SwitchRemoveMode		ezp,fmj,fei,fbj,feo,fdt,ewz,ezk,eyv,ewm,fcg,fct,ezm,fap,ehf,glu,glr,glx,gmd,us,ur,cuc,fhp,ijq
fhw	7878	Core.dll	801720	1	UpdateSpellsNextFrame		fdz,fhu,ezp,glu,hms
fif	7894	Core.dll	802005	1	CleanUpCursorsAsync		
fih	7896	Core.dll	802055	0		IEnumerable<FightOnMapTeam>	gyq
fiw	7916	Core.dll	802470	2	CountTurnTimeLeft,RefreshPathNextFrame		fix,fdz,feo,ezp,ewz,ezl,ezm,ewm,fmj,fap,fdu,eyv,ezd,ezk,fcw,fiu,us,fmi,glr,glu,glx,gmd,fzc
fjb	7922	Core.dll	802794	1	SetTimeout		fja
fjk	7933	Core.dll	803104	1	Refresh		fdz,ezp,fjl
fjr	7940	Core.dll	803441	0		uint	
fjw	7946	Core.dll	803598	1	DelayPlacementDisplay		fjx,glu,kba
fke	7963	Core.dll	803881	1	HandleFightResume		fdz,feo,fkf,ezm,fhu,ewm,gvh,ezp,far,ewv,fbb,ezn,ewz,glu,jxu,jzc
fkl	7970	Core.dll	804534	0		byte	
fkq	7975	Core.dll	804648	0		byte	
fky	7987	Core.dll	804849	2	Preview,ResetInternal		fdz,ewm,hv
flc	8003	Core.dll	805002	5	OnDisable,OnEnable,DisplayFightPreview,ListenForFightPreviewComputations,OnEntityStatsUpdatedDelayed		fdz,feo,fbr,ewz,ezl,ezc,ezm,ewm,fap,eyv,fbj,ezd,ezk,ezp,glr,glx,gmd,flb,hv,fla,flh,flj,flf,flg,gzs,bil
fmc	8035	Core.dll	807916	1	FighterHasTriggeredMark		feo,fdz,ezn,eyv,ewv,ewm,far,fhu,fbr,fbj,fbb,ezp,ewc,grl,gym,gvh,glu,glx,grm,wf,fma,fmb
fmo	8048	Core.dll	808587	1	Timer		ezp,ewz,ewm,hbd,eyy,fbi
fmv	8064	Core.dll	808677	3	DelayedHideSkip,PlayCinematicAudio,Progress	fzy<CinematicBinding>	
fmw	8065	Core.dll	808803	0		fzy<PayZoneBinding>	
fmz	8068	Core.dll	808969	0		IEnumerable<fmy>	
fnd	8075	Core.dll	809085	1	ApplySolution		feu,fmy,fnb,fnc
fnk	8087	Core.dll	809301	4	AddToPoolOnMainThread,ShowFightPreview,SynchronizeNeighborGroupedTooltips,SynchronizeNeighborGroupedTooltipsInternal		ezp,ewm,faa,fan,fay,fah,faz,ezw,fdt,ezk,fcz,feo,exd,fel,fcr,eyu,fbr,fct,gmd,fng,fnd
fno	8092	Core.dll	809681	0		fzy<a>	fbi,ezw,ewz,ih
fob	8107	Core.dll	810025	0		gax<fac.fab>	fdt,fbj,faa,ezw,evq,evn,eyy,faf,fbi,fai,few,fbr,fes,fep,exd,fct,fdj,fba,fcg,fdi,fcr,fcw,fbl,glu,foe,fon
fon	8119	Core.dll	810394	0		IDataCenter	foy
foy	8129	Core.dll	810734	0		IDataCenter	
fpd	8134	Core.dll	810849	0		gax<fbx.AdminMenuWindow>	bgd
fpf	8136	Core.dll	810887	0		gax<fnw>	ezw,fbi,evs,eyk,ko
fpm	8148	Core.dll	810943	5	DisplayCharacterCreation,EnableActionsMapsWhenReady,EnableCharacterSelectionWhenUnlocked,LoadServerSelectionWhenUnlocked,RemoveLoadingAfterLoading	gax<fbz.AuthUis>	fbu,eyl,ewy,eyy,feu,faa,ewd,eyg,ewt,fau,fav,ewc,ezl,ezw,fdt,fep,fes,fac,ews,fbj,fbr,exw,ewz,faf,evn,few,fai,evq,fcg,ewg,fcr,fbz,exd,fct,fdj,fbh,ezf,ezk,glu,glx,glr,beb,cgk,bdl,cgm,fpi,fpg,fph
fpn	8152	Core.dll	811411	3	GetTextAsync,LoadExternalConfiguration,PostForm	gax<fcb.BugReportUis>	faa,ezw,fac
fpt	8157	Core.dll	811516	0		gax<fcc.CalendarUis>	ewo,fbi,exd,fct,fdo,faf,eyy,fcg,fbr,ezw,fdj,ben,beo,bep,beq
fqb	8165	Core.dll	811639	0		gax<fce.CharacterUis>	feo,fdz,fhu,faa,fba,eyk,evs,fdt,ewc,faf,evn,fcg,eyy,fac,evq,exw,fch,ewg,fbi,ewh,fcl,ezl,eyr,fbr,exd,fct,fdj,fdk,few,ezw,fer,fdo,fbz,feu,ewt,fep,ezk,ewz,eza,glx,glu,clb,cle,clc,cos,cou,cgk
fqh	8171	Core.dll	812020	0		gax<fcj.ExchangeWindows>	fdm,eyy,fac,ewg,fcg,faa,ezw,fbi,fes,fep,fch,fbr,faf,evn,few,fai,evq,faj,fba,faz,evs,ezu,exw,fdt,exe,exd,fct,fdf,exf,fbf,eyx,fcv,feu,fer,fdl,fon,bjl,bji,bgp
fqu	8185	Core.dll	812258	1	UpdateScoreWhenReady	gax<exz.FightUis>	fdz,feo,uq,vb,ezr,ewg,faa,exw,fbj,fdd,fcr,fcg,fci,exd,fct,ewy,eyy,fdj,fac,fdh,ezu,fmj,fdt,fdf,evs,fdo,ewz,evw,fhu,bof,fon,flo,glu,cwq,bpf,fkm,box,bmm,bml
fqw	8188	Core.dll	812773	1	InitGauge	gax<fck.GaugesType>	ezw,fei,faa,few,fer,fev,ezl,fdw,eyk,eyz,fcg,fdd,ewz,fds,ezj,fbl
frh	8201	Core.dll	812992	0		gax<fcl.GrimoireUis>	ezw,faa,exw,fcg,ezj,ewg,exd,fct,fdj,few,fbq,faf,exh,fbi,evn,eyk,ezr,fes,fep,fer,ewo,fbr,ewy,feu,evw,fcm,evk,ezu,fdo,bic,bie,bif,bqs,brc,bqt,bqu,brv
fro	8208	Core.dll	813370	0		gax<fcn.GuidebookWindows>	ezw,faa,faf,evn,exd,fbi,fbr,fct,ezj,eyy,exw,fcg,fdo,bsw,bsx,frk,bsz
frq	8210	Core.dll	813538	0		gax<fnu>	ezw,fbi,eyk,iv
frs	8212	Core.dll	813586	0		gax<fcp.Havenbagwindows>	ewc,ezw,faa,fac,fcg,eyp,fbj,ezm,ezl,eyo,fch,bwy
frx	8217	Core.dll	813646	0		gax<fcq.HouseUis>	fcg,ezw,fer,faa,fba,eyk,ewz,faz,fbi,eyr,mz,bvt,cmy
fsd	8223	Core.dll	813809	0		gax<fcs.InfiniteDreamWindow>	fds,eyu,fdj,exd,ezw,fcg,fbr,fct,faa,ewz,ezu,few,bxx,byd,bye,byf,ixl
fsf	8225	Core.dll	813990	0		gax<fcu.ItemsAndResourcesWindow>	ewc,fct,faa,ezw,eyz,fbi,fcg,ewg,fck,fcv,exd,eyx,fdm,fdq,bgk
fsm	8233	Core.dll	814057	0		gax<JobUis>	fac,ezw,eyz,fcg,ewg,fep,ezr,fdf,exd,fct,exc,exh,feu,fer,fdl,eyy,eyx,fch,ewz,bgy,bu,bhh,dxi
fsn	8234	Core.dll	814314	0		gax<fcy.MainMenuUis>	eyy,faa,ext,ezw,fch,fbr,exd,fct,ewy
fss	8239	Core.dll	814370	0		gax<fda.MountUis>	ezw,fei,eyy,fdt,fbj,fep,ewc,fes,fcg,faa,fah,fbi,fac,exd,fct,feu,ewl,fdl,ezq,ezj,eyz,fch,cdr,cdn,cdx,cep
fsw	8244	Core.dll	814516	1	WaitForDialogUi	gax<exk.exi>	exh,ezw,evs,feu,fer,faz,fcg,ezk,glu,ios,ion
ftc	8250	Core.dll	814696	0		gax<fdb.OptionUis>	ewy,faa,ezw,fdt,exv,hbd,fdj,exd,fct,ezm,fav,fbz,fdo,fcw,fbj,eyi,fbu,fef,uq,cmx,cmw,cmq
ftn	8262	Core.dll	814913	1	WaitForPartyDisplay	gax<fdc.PartyUis>	fac,fep,eyy,fdd,ezw,faa,fbi,ezu,fcg,exh,fbr,ezl,exd,fdj,fct,feo,fea,evn,fek,fds,evk,glx,duo,bqq,cjc,bcs,bpd,cfh
fts	8267	Core.dll	815257	0		gax<fdd.PersistentWindows>	fdz,faa,ezl,ezw,fbi,fba,eyk,eyq,fev,ezu,fbj,ewc,few,fdx,eyy,fhu,fdw,exe,ewq,exp,fcg,hbd,fdm,exw,faf,fch,fai,ezr,faj,ezm,ezk,evo,ezd,fea,exd,fdj,fct,eyz,evw,fei,ewy,ewz,ezo,fbr,fac,faz,fcp,fdf,evs,feu,fes,fep,fer,fdo,fen,fbk,fcw,eyr,exq,fds,eyu,etu,cmt
ftv	8270	Core.dll	815652	0		gax<long>	eyk,ezw,fcg,fep,exd,fct,fer,feu,fev,feo,cge,cfx
fud	8278	Core.dll	815757	0		gax<fdh.RoleplayWindows>	fdz,feo,exw,faa,exz,fel,eyy,fcl,fce,fcg,evq,fbi,fcr,fbk,fbr,exd,fdj,fct,evs,faz,ewz,fdd,ezw,fds,fcs,ewy,glr,cij,cif,baz,boz,bet,bqk
fvl	8312	Core.dll	816057	0		gax<fdi.SocialMenuUis>	ezl,hbd,fbi,fch,fcg,faa,fcq,ezw,fac,fba,eyk,evw,fdf,evs,fep,fes,few,gsf,fai,fea,fbc,exe,evn,ewg,eyr,faz,exw,ewz,eyy,exd,fdj,fct,exq,feu,fev,fbr,exf,eyx,eyz,fcv,fbf,fer,fdl,eys,fdo,eza,fau,fco,ezu,glx,bbi,bts,bue,buf,bbz,bby,bup,ckn,but,bvx,bwd,bwn,bwe,bvr,baf,bbq,bbr,ckr,bte,bvl,cbi,btn,bav,bun,ckp,ckq,ckk,bty,zw,bai,bag
fvu	8321	Core.dll	816964	0		gax<fcl.GrimoireUis>	ezw,fdw,faa,exw,fcg,exz,exd,fai,fea,fbc,fbr,eyy,fhu,fbi,fch,few,gsf,fdj,fct,fdl,brn,bqm,brj
fwy	8350	Core.dll	817223	0		gax<fdm.StorageUis>	fdt,ewg,ezw,exf,ewc,fbf,eyx,fep,fes,ewx,ewi,fcg,fbj,feo,faa,faf,evn,few,fai,evq,fac,exw,fch,fbi,eyz,fcv,exd,fct,eyk,feu,faz,fer,fdl,ewz,eys,fdq,fda,fei,ewk,ewh,glu,glx,iuf,dxi,bkl,bkm,bkn,gmd,cak,me,dtb,byq,cbf,ceb,bys,bgl,bko,byk,byj,byh,byi
fxa	8352	Core.dll	818012	0		gax<fdn.TaxiMenuWindows>	ezw,fbi,fbs,evs,fer,dvs
fxw	8374	Core.dll	818072	0		gax<fdq.TradeUi>	fcw,fdm,ewx,ewi,ezw,faa,fer,ewg,exf,fbf,eyx,fcg,eyz,fcq,fcv,fbi,exd,fch,exw,fct,fax,eyl,ezr,fbu,ewa,ewy,fep,fes,fbr,fdj,feu,fdl,ewz,bks,bku,crd,crf,cre,cqt,cqs,cqe,cqd,dwe,fu,bkw,gaj,bkx,blc
fxy	8376	Core.dll	818616	0		gax<fdr.TutorialWindows>	faf,ezw,exw,fcg,evn,evq,faa,fbi,fai,few,fbl,feo,exd,gmy
fyb	8379	Core.dll	818707	0		gax<fds.WidgetUis>	fcg,faf,evw,fbk,fdd,eys,fad,faa,ewy,eyu,fdt,bge,cnh
fyd	8382	Core.dll	818896	1	CheckCameraRatio		ezp,ezk,glr
fyk	8391	Core.dll	819109	2	TriggerNewBigNotificationHookWhenUIIsOpened,TriggerNewNotificationHookWhenUIIsOpened		ezp,fdd,fyj,fyl,fyo
fyl	8393	Core.dll	819176	0		InternalNotification	
fyo	8396	Core.dll	819186	0		InternalNotification	
fyp	8397	Core.dll	819249	0		VisualElement,IDragContextHandler	ezp,fac,ezw,fah,fei,gmd,me
fyq	8398	Core.dll	819291	0		uint	
fyr	8399	Core.dll	819298	0		fzy<ConnectionBackgroundBinding>	ezk
fys	8401	Core.dll	819328	1	DisableAsync	fzy<LoginBinding>	ewy,ezf
fyt	8403	Core.dll	819413	1	ConnectWithLogin	fzy<Login_mobileBinding>	eyl
fyv	8405	Core.dll	819447	0		fzy<PreGameMainMenuBinding>	faa
fyw	8406	Core.dll	819503	0		fzy<PseudoChoiceBinding>	
fyz	8410	Core.dll	819575	1	Search		
fzg	8431	Core.dll	819775	0		ILogHandler	fze
fzj	8435	Core.dll	819921	0		ILogRenderer	
fzm	8439	Core.dll	820032	0		ushort	
fzq	8452	Core.dll	820179	4	GetResizedSpriteFromURL,GetSpriteFromURL,GetTextureFromURL,HaapiRequestHandler		
fzy	8462	Core.dll	820470	1	WindowDragged		gak,gaj,fyg,fca,glx,gmd,glr,glu
gaa	8464	Core.dll	820820	0		fzy<a>	
gac	8467	Core.dll	820841	0		gaa<a>	
gad	8468	Core.dll	820897	0		fzy<a>	
gaf	8471	Core.dll	820918	0		gad<a>	
gag	8472	Core.dll	820978	0		fzy<a>	dte
gax	8492	Core.dll	821216	3	ReplaceAfterGeometryChanged,SetUiAccordingToPresetAfterFrame,SetUiPresetAfterFrame		ezp,fca,eyy,ewm,fbl,gmd,fyg,gaj
gbh	8507	Core.dll	821653	1	GenerateMark		fic,gyq,rc,fia
gbj	8512	Core.dll	821707	2	OnStart,DisposeAsync	IAsyncDisposable	
gbk	8516	Core.dll	821774	2	OnStart,DisposeAsync	IAsyncDisposable	
gbl	8520	Core.dll	821842	2	OnStart,DisposeAsync	IAsyncDisposable	
gbm	8524	Core.dll	821911	2	OnStart,DisposeAsync	IAsyncDisposable	
gbn	8527	Core.dll	821981	1	DisposeAsyncData		
gbz	8549	Core.dll	822278	1	OnStart		
gcz	8608	Core.dll	822577	0		gkw<bool,bool>	
gda	8609	Core.dll	822595	0		gkw<bool,bool>	
gdb	8610	Core.dll	822605	0		gkw<bool,bool>	
gdc	8611	Core.dll	822615	0		gkw<bool,bool>	
gdd	8612	Core.dll	822625	0		gkw<bool,bool>	
gde	8613	Core.dll	822635	0		gkw<bool,bool>	
gdf	8614	Core.dll	822645	0		gkw<bool,bool>	
gdg	8615	Core.dll	822655	0		gkw<int,int>	
gdh	8616	Core.dll	822665	0		gkw<bool,bool>	
gdi	8617	Core.dll	822675	0		gkw<int,int>	
gdj	8618	Core.dll	822685	0		gkw<int,int>	
gdk	8619	Core.dll	822695	0		gkw<int,int>	
gdl	8620	Core.dll	822705	0		gkw<bool,bool>	
gdm	8621	Core.dll	822715	0		gkw<int,int>	
gdn	8622	Core.dll	822725	0		gkw<int,int>	
gdo	8623	Core.dll	822735	0		gkw<SliderValue,SliderValue>	
gdp	8624	Core.dll	822745	0		gkw<int,int>	
gdq	8625	Core.dll	822755	0		gkw<SliderValue,SliderValue>	
gdr	8626	Core.dll	822765	0		gkw<SliderValue,SliderValue>	
gds	8627	Core.dll	822775	0		gkw<bool,bool>	
gdt	8628	Core.dll	822785	0		gkw<NotificationValue,NotificationValue>	
gdu	8629	Core.dll	822795	0		gkw<NotificationValue,NotificationValue>	
gdv	8630	Core.dll	822805	0		gkw<NotificationValue,NotificationValue>	
gdw	8631	Core.dll	822815	0		gkw<NotificationValue,NotificationValue>	
gdx	8632	Core.dll	822825	0		gkw<NotificationValue,NotificationValue>	
gdy	8633	Core.dll	822835	0		gkw<int,int>	
gdz	8634	Core.dll	822845	0		gkw<bool,bool>	
gea	8635	Core.dll	822883	0		gkw<bool,bool>	
geb	8636	Core.dll	822893	0		gkw<int,int>	
gec	8637	Core.dll	822903	0		gkw<int,int>	
ged	8638	Core.dll	822913	0		gkv<int>	
gef	8640	Core.dll	822928	0		gkw<bool,bool>	
geg	8641	Core.dll	822938	0		gkw<bool,bool>	
geh	8642	Core.dll	822948	0		gkw<bool,bool>	
gei	8643	Core.dll	822958	0		gkw<bool,bool>	
gej	8644	Core.dll	822968	0		gkw<int,int>	
gek	8645	Core.dll	822978	0		gkw<bool,bool>	
gel	8646	Core.dll	822988	0		gkw<bool,bool>	
geo	8648	Core.dll	823005	0		gkw<gem,gem>	
geq	8650	Core.dll	823022	0		gkw<gep,gep>	
ger	8651	Core.dll	823032	0		gkv<int>	
ges	8652	Core.dll	823041	0		gkv<int>	
geu	8654	Core.dll	823060	0		gkw<bool,bool>	
gev	8655	Core.dll	823070	0		gkw<SliderValue,SliderValue>	
gew	8656	Core.dll	823080	0		gkw<SliderValue,SliderValue>	
gex	8657	Core.dll	823090	0		gkw<SliderValue,SliderValue>	
gey	8658	Core.dll	823100	0		gkw<SliderValue,SliderValue>	
gez	8659	Core.dll	823110	0		gkw<SliderValue,SliderValue>	
gfa	8660	Core.dll	823144	0		gkw<SliderValue,SliderValue>	
gfb	8661	Core.dll	823154	0		gkw<int,int>	
gfc	8662	Core.dll	823164	0		gkw<int,int>	
gfd	8663	Core.dll	823174	0		gkw<int,int>	
gfe	8664	Core.dll	823184	0		gkw<bool,bool>	
gff	8665	Core.dll	823194	0		gkw<int,int>	
gfg	8666	Core.dll	823204	0		gkw<bool,bool>	
gfh	8667	Core.dll	823214	0		gkw<bool,bool>	
gfi	8668	Core.dll	823224	0		gkw<bool,bool>	
gfj	8669	Core.dll	823234	0		gkw<bool,bool>	
gfk	8670	Core.dll	823244	0		gkw<bool,bool>	
gfl	8671	Core.dll	823254	0		gkw<bool,bool>	
gfm	8672	Core.dll	823264	0		gkw<bool,bool>	
gfn	8673	Core.dll	823274	0		gkw<bool,bool>	
gfo	8674	Core.dll	823284	0		gkw<bool,bool>	
gfp	8675	Core.dll	823294	0		gkw<bool,bool>	
gfq	8676	Core.dll	823304	0		gkw<bool,bool>	
gfr	8677	Core.dll	823314	0		gkw<bool,bool>	
gfs	8678	Core.dll	823324	0		gkw<bool,bool>	
gft	8679	Core.dll	823334	0		gkw<bool,bool>	
gfu	8680	Core.dll	823344	0		gkw<bool,bool>	
gfv	8681	Core.dll	823354	0		gkw<bool,bool>	
gfw	8682	Core.dll	823364	0		gkw<bool,bool>	
gfx	8683	Core.dll	823374	0		gkw<bool,bool>	
gfy	8684	Core.dll	823384	0		gkw<bool,bool>	
gfz	8685	Core.dll	823394	0		gkw<bool,bool>	
gga	8686	Core.dll	823421	0		gkw<bool,bool>	
ggb	8687	Core.dll	823431	0		gkw<bool,bool>	
ggc	8688	Core.dll	823441	0		gkw<bool,bool>	
ggd	8689	Core.dll	823451	0		gkw<bool,bool>	
gge	8690	Core.dll	823461	0		gkw<bool,bool>	
ggf	8691	Core.dll	823471	0		gkw<bool,bool>	
ggg	8692	Core.dll	823481	0		gkw<bool,bool>	
ggh	8693	Core.dll	823491	0		gkw<bool,bool>	
ggi	8694	Core.dll	823501	0		gkw<bool,bool>	
ggj	8695	Core.dll	823511	0		gkw<bool,bool>	
ggk	8696	Core.dll	823521	0		gkw<bool,bool>	
ggl	8697	Core.dll	823531	0		gkw<bool,bool>	
ggm	8698	Core.dll	823541	0		gkw<bool,bool>	
ggn	8699	Core.dll	823551	0		gkw<bool,bool>	
ggo	8700	Core.dll	823561	0		gkw<bool,bool>	
ggp	8701	Core.dll	823571	0		gkw<bool,bool>	
ggq	8702	Core.dll	823581	0		gkw<bool,bool>	
ggr	8703	Core.dll	823591	0		gkw<bool,bool>	
ggs	8704	Core.dll	823601	0		gkw<bool,bool>	
ggt	8705	Core.dll	823611	0		gkw<bool,bool>	
ggu	8706	Core.dll	823621	0		gkw<int,int>	
ggv	8707	Core.dll	823631	0		gkw<int,int>	
ggw	8708	Core.dll	823641	0		gkw<int,int>	
ggx	8709	Core.dll	823651	0		gkw<int,int>	
ggy	8710	Core.dll	823661	0		gkw<bool,bool>	
ggz	8711	Core.dll	823671	0		gkw<bool,bool>	
gha	8712	Core.dll	823702	0		gkw<int,int>	
ghb	8713	Core.dll	823712	0		gkw<bool,bool>	
ghc	8714	Core.dll	823722	0		gkw<SliderValue,SliderValue>	
ghd	8715	Core.dll	823732	0		gkw<bool,bool>	
ghe	8716	Core.dll	823742	0		gkw<bool,bool>	
ghf	8717	Core.dll	823752	0		gkw<bool,bool>	
ghg	8718	Core.dll	823762	0		gkw<bool,bool>	
ghh	8719	Core.dll	823772	0		gkw<bool,bool>	
ghi	8720	Core.dll	823782	0		gkw<bool,bool>	
ghj	8721	Core.dll	823792	0		gkw<bool,bool>	
ghk	8722	Core.dll	823802	0		gkw<ObservableCollection<ValueTuple<string,HavenbagPackedInfos>>,ObservableCollection<ValueTuple<string,HavenbagPackedInfos>>>	
ghl	8723	Core.dll	823812	0		gkw<bool,bool>	
ghm	8724	Core.dll	823822	0		gkw<bool,bool>	
ghn	8725	Core.dll	823832	0		gkw<bool,bool>	
gho	8726	Core.dll	823842	0		gkw<bool,bool>	
gjj	8776	Core.dll	824762	0		MessageToMessageDecoder<IByteBuffer>	
gjk	8777	Core.dll	824777	0		MessageToMessageEncoder<Google.Protobuf.IMessage>	
gjm	8782	Core.dll	824789	2	ConnectAsync,DisconnectAsync		ezp,ezi,eck,gjl
gjn	8783	Core.dll	824915	0		AbstractInternalLogger	
gjo	8784	Core.dll	824971	0		ChannelHandlerAdapter	
gjq	8786	Core.dll	825043	0		SimpleChannelInboundHandler<hea>	
gjs	8792	Core.dll	825052	1	LoadMapping		
gju	8795	Core.dll	825162	0		SimpleChannelInboundHandler<GameMessage>	gjm,ezp
gjv	8798	Core.dll	825175	0		MessageToMessageCodec<hea,object>	ezi,gjs
gjw	8799	Core.dll	825207	0		SimpleChannelInboundHandler<GameMessage>	
gjx	8800	Core.dll	825218	0		gjw<kqy>	ezb
gjy	8801	Core.dll	825230	0		gjw<lqg>	
gka	8803	Core.dll	825273	0		SimpleChannelInboundHandler<mhh>	ezp
gke	8807	Core.dll	825314	0		ChannelHandlerAdapter	ezi
gkg	8809	Core.dll	825340	0		SimpleChannelInboundHandler<mhh>	ezp
gkp	8825	Core.dll	825427	0		gkm<c>	gkj,gkl,gkk
gkt	8830	Core.dll	825486	0		IDisposable	gkq
glo	8856	Core.dll	825807	2	PrepareProcessEnqueued,SendNetworkMessageToClient		ewz,glj,glk,gll,glm,gkl,gkk
glp	8857	Core.dll	826041	0		gkp<glp<a>,a,glf>	
glr	8859	Core.dll	826048	0		gkt<glr,glf>	
gls	8860	Core.dll	826059	0		gkp<gls<a>,a,Google.Protobuf.IMessage>	
glu	8862	Core.dll	826066	0		gkt<glu,Google.Protobuf.IMessage>	
glv	8863	Core.dll	826077	0		gkp<glv<a>,a,glg>	
glx	8865	Core.dll	826084	0		gkt<glx,glg>	
gmd	8872	Core.dll	826146	0		IDisposable	gmc
gmv	8921	Core.dll	826351	1	ShowBubble		ezp,feo,fbj,far,eyq,evn,fce,rc,gmm
gnk	8939	Core.dll	826933	1	DelayedFightResultHighlight		ewm,faf,fdt,fdd,evn,exz,fdh,fce,gmd,glr,gmy
gpa	8991	Core.dll	827910	1	OnStart		fdz,feo,far,gym,gbe,goz
grp	9068	Core.dll	829612	0		byte	
gsf	9102	Core.dll	830111	0		IEnumerable<gsj>	
gsg	9103	Core.dll	830130	0		IEnumerable<gsh>	ezp,dwh
gsy	9121	Core.dll	830663	0		IEnumerable<gbb>	
gsz	9126	Core.dll	830693	4	GeneratePortalExitsStep,GenerateStep,ToProjectilePortalExitStep,ToProjectileSequencer		feo,fdz,ezn,gti
gte	9136	Core.dll	830900	3	Run,RunDelayed,RunInternal		feo,fdz,exd,fbr,eyv,ewm,far,ezl,ezn,gtc,grm,gbv,gtj
gtm	9152	Core.dll	831146	2	AddProjectileExitAnimationSteps,Process		fdz,gti
gtn	9155	Core.dll	831208	1	Process		gti
gto	9157	Core.dll	831239	1	Main	LegacySpellScript	
gtp	9159	Core.dll	831264	1	Main	LegacySpellScript	
gtr	9165	Core.dll	831333	1	Main	LegacySpellScript	
gts	9167	Core.dll	831358	1	Main	LegacySpellScript	fea
gtt	9169	Core.dll	831386	1	Main	LegacySpellScript	gpg
gtv	9172	Core.dll	831422	1	Main	LegacySpellScript	gtu
gtw	9174	Core.dll	831470	1	Main	LegacySpellScript	fbr
gtx	9176	Core.dll	831498	1	Main	LegacySpellScript	
gue	9185	Core.dll	831751	0		uint	
guo	9203	Core.dll	832073	0		gwc<guc,int>	feo
guq	9205	Core.dll	832107	0		gwc<guc,int>	ezp
gur	9206	Core.dll	832121	0		gwc<guc,EntityStateInfo>	fdz
gus	9207	Core.dll	832137	0		gwe<guc>	fdz
gut	9208	Core.dll	832150	0		byte	
guv	9211	Core.dll	832192	0		uint	
gva	9216	Core.dll	832283	0		uint	
gvc	9220	Core.dll	832309	0		uint	
gvh	9226	Core.dll	832398	0		IEnumerable<gvi>	
gwb	9252	Core.dll	833005	0		gwe<a>	
gwc	9253	Core.dll	833014	0		gwe<a>	
gym	9316	Core.dll	833881	1	SendAllFightEvent		fdz,feo,ewm,ezp,fdo
gyv	9325	Core.dll	834268	0		uint	
gze	9336	Core.dll	834491	2	Preview,PreviewContext		han,hv
gzm	9349	Core.dll	834689	1	CastSpell		fdz,ezl,hao,hv,gyp,han,gvk
hba	9395	Core.dll	837132	1	FlushCachedMessage		hbd,ewz,ezp,glx
hbe	9400	Core.dll	837398	0		uint	
hbf	9402	Core.dll	837407	0		uint	
hbg	9403	Core.dll	837422	0		uint	
hbh	9404	Core.dll	837436	0		uint	
hbm	9411	Core.dll	837667	1	NotifyChannelColorChange		fdo,ewm,ezp
hbn	9413	Core.dll	837724	1	SendPeriodicPreventionAlerts		ezp
hcf	35715	Ankama.Animator2D.dll	838104	0		ICloneable	
hcl	35793	Ankama.Animator2D.dll	838305	0		ScriptableRenderPass	
hcn	35798	Ankama.Animator2D.dll	838350	0		ScriptableRenderPass	
hcp	35803	Ankama.Animator2D.dll	838400	0		ScriptableRenderPass	
hcw	35819	Ankama.Animator2D.dll	838476	0		ScriptableRenderPass	
hcz	39555	Ankama.Dofus.Core.World.dll	838522	0		byte	
hd	188	Core.dll	838542	0		IDataCenter	dvz,rc
hdj	39571	Ankama.Dofus.Core.World.dll	838730	3	CreateParticleSystem,CreateParticles,GetParticlesTexture		hdh
hdo	39579	Ankama.Dofus.Core.World.dll	838878	1	LoadMapAssetAsync		hdm
hdw	9444	Ankama.Dofus.Protocol.Game.dll	839045	0		IMessage<hdw>,IBufferMessage	
hdx	9446	Ankama.Dofus.Protocol.Game.dll	839134	0		IMessage<hdx>,IBufferMessage	
hdy	9448	Ankama.Dofus.Protocol.Game.dll	839224	0		IMessage<hdy>,IBufferMessage	
he	189	Core.dll	839312	0		IDataCenter	duu
hea	9451	Ankama.Dofus.Protocol.Game.dll	839326	0		IMessage<hea>,IBufferMessage	hdz
hed	9455	Ankama.Dofus.Protocol.Game.dll	839450	0		IMessage<hed>,IBufferMessage	
heg	9459	Ankama.Dofus.Protocol.Game.dll	839529	0		IMessage<heg>,IBufferMessage	
heh	9461	Ankama.Dofus.Protocol.Game.dll	839641	0		IMessage<heh>,IBufferMessage	lba
hei	9463	Ankama.Dofus.Protocol.Game.dll	839750	0		IMessage<hei>,IBufferMessage	
hex	9487	Ankama.Dofus.Protocol.Game.dll	839835	0		IMessage<hex>,IBufferMessage	hej
hf	190	Core.dll	840834	0		IDataCenter,IDragData	mb,mm
hfd	9496	Ankama.Dofus.Protocol.Game.dll	840959	0		IMessage<hfd>,IBufferMessage	hey,hec,hfl
hfe	9498	Ankama.Dofus.Protocol.Game.dll	841267	0		IMessage<hfe>,IBufferMessage	
hfh	9503	Ankama.Dofus.Protocol.Game.dll	841358	0		IMessage<hfh>,IBufferMessage	
hfi	9505	Ankama.Dofus.Protocol.Game.dll	841532	0		IMessage<hfi>,IBufferMessage	
hfj	9507	Ankama.Dofus.Protocol.Game.dll	841621	0		IMessage<hfj>,IBufferMessage	lld
hfl	9510	Ankama.Dofus.Protocol.Game.dll	841715	0		IMessage<hfl>,IBufferMessage	hfk
hfo	9514	Ankama.Dofus.Protocol.Game.dll	841842	0		IMessage<hfo>,IBufferMessage	
hfr	9519	Ankama.Dofus.Protocol.Game.dll	841948	0		IMessage<hfr>,IBufferMessage	
hfs	9521	Ankama.Dofus.Protocol.Game.dll	842117	0		IMessage<hfs>,IBufferMessage	
hfv	9526	Ankama.Dofus.Protocol.Game.dll	842201	0		IMessage<hfv>,IBufferMessage	
hfw	9528	Ankama.Dofus.Protocol.Game.dll	842416	0		IMessage<hfw>,IBufferMessage	
hfx	9530	Ankama.Dofus.Protocol.Game.dll	842500	0		IMessage<hfx>,IBufferMessage	
hfy	9532	Ankama.Dofus.Protocol.Game.dll	842585	0		IMessage<hfy>,IBufferMessage	
hfz	9534	Ankama.Dofus.Protocol.Game.dll	842669	0		IMessage<hfz>,IBufferMessage	
hg	191	Core.dll	842747	0		IDataCenter,IDragData	mb,mm
hga	9536	Ankama.Dofus.Protocol.Game.dll	842885	0		IMessage<hga>,IBufferMessage	
hgb	9538	Ankama.Dofus.Protocol.Game.dll	842982	0		IMessage<hgb>,IBufferMessage	lld
hgc	9540	Ankama.Dofus.Protocol.Game.dll	843076	0		IMessage<hgc>,IBufferMessage	
hgg	9545	Ankama.Dofus.Protocol.Game.dll	843198	0		IMessage<hgg>,IBufferMessage	
hgj	9549	Ankama.Dofus.Protocol.Game.dll	843327	0		IMessage<hgj>,IBufferMessage	hgi
hgm	9553	Ankama.Dofus.Protocol.Game.dll	843411	0		IMessage<hgm>,IBufferMessage	hgi
hgn	9555	Ankama.Dofus.Protocol.Game.dll	843518	0		IMessage<hgn>,IBufferMessage	hgi
hhf	9582	Ankama.Dofus.Protocol.Game.dll	843622	0		IMessage<hhf>,IBufferMessage	hgi,hgo,lbo
hhg	9584	Ankama.Dofus.Protocol.Game.dll	844550	0		IMessage<hhg>,IBufferMessage	
hhh	9586	Ankama.Dofus.Protocol.Game.dll	844635	0		IMessage<hhh>,IBufferMessage	hgi
hhk	9590	Ankama.Dofus.Protocol.Game.dll	844724	0		IMessage<hhk>,IBufferMessage	hgi
hhn	9595	Ankama.Dofus.Protocol.Game.dll	844829	0		IMessage<hhn>,IBufferMessage	
hhq	9599	Ankama.Dofus.Protocol.Game.dll	845043	0		IMessage<hhq>,IBufferMessage	hgi
hht	9603	Ankama.Dofus.Protocol.Game.dll	845154	0		IMessage<hht>,IBufferMessage	hgi
hhu	9605	Ankama.Dofus.Protocol.Game.dll	845278	0		IMessage<hhu>,IBufferMessage	
hhv	9607	Ankama.Dofus.Protocol.Game.dll	845372	0		IMessage<hhv>,IBufferMessage	hgi
hhy	9611	Ankama.Dofus.Protocol.Game.dll	845477	0		IMessage<hhy>,IBufferMessage	
hhz	9613	Ankama.Dofus.Protocol.Game.dll	845568	0		IMessage<hhz>,IBufferMessage	
hic	9617	Ankama.Dofus.Protocol.Game.dll	845670	0		IMessage<hic>,IBufferMessage	
hid	9619	Ankama.Dofus.Protocol.Game.dll	845776	0		IMessage<hid>,IBufferMessage	
hie	9621	Ankama.Dofus.Protocol.Game.dll	845860	0		IMessage<hie>,IBufferMessage	hhx
hif	9623	Ankama.Dofus.Protocol.Game.dll	845944	0		IMessage<hif>,IBufferMessage	
hig	9625	Ankama.Dofus.Protocol.Game.dll	846028	0		IMessage<hig>,IBufferMessage	
hih	9627	Ankama.Dofus.Protocol.Game.dll	846112	0		IMessage<hih>,IBufferMessage	
hii	9629	Ankama.Dofus.Protocol.Game.dll	846196	0		IMessage<hii>,IBufferMessage	hhx
hil	9633	Ankama.Dofus.Protocol.Game.dll	846299	0		IMessage<hil>,IBufferMessage	
him	9635	Ankama.Dofus.Protocol.Game.dll	846404	0		IMessage<him>,IBufferMessage	
hin	9637	Ankama.Dofus.Protocol.Game.dll	846493	0		IMessage<hin>,IBufferMessage	
hio	9639	Ankama.Dofus.Protocol.Game.dll	846582	0		IMessage<hio>,IBufferMessage	
hip	9641	Ankama.Dofus.Protocol.Game.dll	846671	0		IMessage<hip>,IBufferMessage	
hiq	9643	Ankama.Dofus.Protocol.Game.dll	846750	0		IMessage<hiq>,IBufferMessage	
hir	9645	Ankama.Dofus.Protocol.Game.dll	846844	0		IMessage<hir>,IBufferMessage	
his	9647	Ankama.Dofus.Protocol.Game.dll	846945	0		IMessage<his>,IBufferMessage	
hit	9649	Ankama.Dofus.Protocol.Game.dll	847035	0		IMessage<hit>,IBufferMessage	
hiu	9651	Ankama.Dofus.Protocol.Game.dll	847119	0		IMessage<hiu>,IBufferMessage	
hiv	9653	Ankama.Dofus.Protocol.Game.dll	847228	0		IMessage<hiv>,IBufferMessage	
hiw	9655	Ankama.Dofus.Protocol.Game.dll	847317	0		IMessage<hiw>,IBufferMessage	
hix	9657	Ankama.Dofus.Protocol.Game.dll	847421	0		IMessage<hix>,IBufferMessage	
hja	9662	Ankama.Dofus.Protocol.Game.dll	847524	0		IMessage<hja>,IBufferMessage	
hjb	9664	Ankama.Dofus.Protocol.Game.dll	847729	0		IMessage<hjb>,IBufferMessage	
hjc	9666	Ankama.Dofus.Protocol.Game.dll	847826	0		IMessage<hjc>,IBufferMessage	hik
hjg	9672	Ankama.Dofus.Protocol.Game.dll	847920	0		IMessage<hjg>,IBufferMessage	hik,hjd
hjj	9677	Ankama.Dofus.Protocol.Game.dll	848142	0		IMessage<hjj>,IBufferMessage	hik
hjk	9679	Ankama.Dofus.Protocol.Game.dll	848335	0		IMessage<hjk>,IBufferMessage	
hjl	9681	Ankama.Dofus.Protocol.Game.dll	848420	0		IMessage<hjl>,IBufferMessage	
hjp	9686	Ankama.Dofus.Protocol.Game.dll	848523	0		IMessage<hjp>,IBufferMessage	lgl
hjq	9688	Ankama.Dofus.Protocol.Game.dll	848647	0		IMessage<hjq>,IBufferMessage	lea
hjt	9693	Ankama.Dofus.Protocol.Game.dll	848736	0		IMessage<hjt>,IBufferMessage	
hjw	9698	Ankama.Dofus.Protocol.Game.dll	848963	0		IMessage<hjw>,IBufferMessage	lgl
hjx	9700	Ankama.Dofus.Protocol.Game.dll	849183	0		IMessage<hjx>,IBufferMessage	
hjy	9702	Ankama.Dofus.Protocol.Game.dll	849272	0		IMessage<hjy>,IBufferMessage	
hkb	9707	Ankama.Dofus.Protocol.Game.dll	849390	0		IMessage<hkb>,IBufferMessage	lea
hkc	9709	Ankama.Dofus.Protocol.Game.dll	849569	0		IMessage<hkc>,IBufferMessage	
hkd	9711	Ankama.Dofus.Protocol.Game.dll	849648	0		IMessage<hkd>,IBufferMessage	lby
hke	9713	Ankama.Dofus.Protocol.Game.dll	849737	0		IMessage<hke>,IBufferMessage	
hkh	9718	Ankama.Dofus.Protocol.Game.dll	849831	0		IMessage<hkh>,IBufferMessage	lec
hki	9720	Ankama.Dofus.Protocol.Game.dll	850079	0		IMessage<hki>,IBufferMessage	
hkl	9724	Ankama.Dofus.Protocol.Game.dll	850175	0		IMessage<hkl>,IBufferMessage	
hko	9729	Ankama.Dofus.Protocol.Game.dll	850276	0		IMessage<hko>,IBufferMessage	lli
hkp	9731	Ankama.Dofus.Protocol.Game.dll	850482	0		IMessage<hkp>,IBufferMessage	
hks	9735	Ankama.Dofus.Protocol.Game.dll	850566	0		IMessage<hks>,IBufferMessage	
hkt	9737	Ankama.Dofus.Protocol.Game.dll	850679	0		IMessage<hkt>,IBufferMessage	
hkw	9741	Ankama.Dofus.Protocol.Game.dll	850763	0		IMessage<hkw>,IBufferMessage	
hkx	9743	Ankama.Dofus.Protocol.Game.dll	850876	0		IMessage<hkx>,IBufferMessage	
hl	200	Core.dll	850960	1	DoHpRegen		
hla	9747	Ankama.Dofus.Protocol.Game.dll	851055	0		IMessage<hla>,IBufferMessage	
hlb	9749	Ankama.Dofus.Protocol.Game.dll	851158	0		IMessage<hlb>,IBufferMessage	
hlc	9751	Ankama.Dofus.Protocol.Game.dll	851243	0		IMessage<hlc>,IBufferMessage	
hld	9753	Ankama.Dofus.Protocol.Game.dll	851327	0		IMessage<hld>,IBufferMessage	lgl
hle	9755	Ankama.Dofus.Protocol.Game.dll	851431	0		IMessage<hle>,IBufferMessage	lli
hlh	9759	Ankama.Dofus.Protocol.Game.dll	851520	0		IMessage<hlh>,IBufferMessage	
hli	9761	Ankama.Dofus.Protocol.Game.dll	851626	0		IMessage<hli>,IBufferMessage	
hlm	9766	Ankama.Dofus.Protocol.Game.dll	851724	0		IMessage<hlm>,IBufferMessage	
hlp	9771	Ankama.Dofus.Protocol.Game.dll	851825	0		IMessage<hlp>,IBufferMessage	
hlq	9773	Ankama.Dofus.Protocol.Game.dll	852010	0		IMessage<hlq>,IBufferMessage	
hlr	9775	Ankama.Dofus.Protocol.Game.dll	852100	0		IMessage<hlr>,IBufferMessage	
hls	9777	Ankama.Dofus.Protocol.Game.dll	852184	0		IMessage<hls>,IBufferMessage	
hlv	9781	Ankama.Dofus.Protocol.Game.dll	852278	0		IMessage<hlv>,IBufferMessage	
hlw	9783	Ankama.Dofus.Protocol.Game.dll	852390	0		IMessage<hlw>,IBufferMessage	
hlx	9785	Ankama.Dofus.Protocol.Game.dll	852475	0		IMessage<hlx>,IBufferMessage	
hly	9787	Ankama.Dofus.Protocol.Game.dll	852564	0		IMessage<hly>,IBufferMessage	
hlz	9789	Ankama.Dofus.Protocol.Game.dll	852660	0		IMessage<hlz>,IBufferMessage	
hma	9791	Ankama.Dofus.Protocol.Game.dll	852757	0		IMessage<hma>,IBufferMessage	hlw,hls
hmb	9793	Ankama.Dofus.Protocol.Game.dll	852846	0		IMessage<hmb>,IBufferMessage	
hmc	9795	Ankama.Dofus.Protocol.Game.dll	852931	0		IMessage<hmc>,IBufferMessage	
hmd	9797	Ankama.Dofus.Protocol.Game.dll	853020	0		IMessage<hmd>,IBufferMessage	
hme	9799	Ankama.Dofus.Protocol.Game.dll	853104	0		IMessage<hme>,IBufferMessage	hls
hmh	9803	Ankama.Dofus.Protocol.Game.dll	853207	0		IMessage<hmh>,IBufferMessage	hmg
hmi	9805	Ankama.Dofus.Protocol.Game.dll	853296	0		IMessage<hmi>,IBufferMessage	hmg
hmj	9807	Ankama.Dofus.Protocol.Game.dll	853380	0		IMessage<hmj>,IBufferMessage	
hmk	9809	Ankama.Dofus.Protocol.Game.dll	853469	0		IMessage<hmk>,IBufferMessage	
hml	9811	Ankama.Dofus.Protocol.Game.dll	853558	0		IMessage<hml>,IBufferMessage	
hmn	9814	Ankama.Dofus.Protocol.Game.dll	853651	0		IMessage<hmn>,IBufferMessage	
hmo	9816	Ankama.Dofus.Protocol.Game.dll	853748	0		IMessage<hmo>,IBufferMessage	
hmp	9818	Ankama.Dofus.Protocol.Game.dll	853852	0		IMessage<hmp>,IBufferMessage	
hmq	9820	Ankama.Dofus.Protocol.Game.dll	853941	0		IMessage<hmq>,IBufferMessage	
hms	9823	Ankama.Dofus.Protocol.Game.dll	854044	0		IMessage<hms>,IBufferMessage	
hmt	9825	Ankama.Dofus.Protocol.Game.dll	854140	0		IMessage<hmt>,IBufferMessage	
hmw	9829	Ankama.Dofus.Protocol.Game.dll	854229	0		IMessage<hmw>,IBufferMessage	
hmz	9833	Ankama.Dofus.Protocol.Game.dll	854356	0		IMessage<hmz>,IBufferMessage	
hnc	9837	Ankama.Dofus.Protocol.Game.dll	854476	0		IMessage<hnc>,IBufferMessage	
hnd	9839	Ankama.Dofus.Protocol.Game.dll	854578	0		IMessage<hnd>,IBufferMessage	lde
hng	9843	Ankama.Dofus.Protocol.Game.dll	854667	0		IMessage<hng>,IBufferMessage	
hnh	9845	Ankama.Dofus.Protocol.Game.dll	854775	0		IMessage<hnh>,IBufferMessage	
hnk	9849	Ankama.Dofus.Protocol.Game.dll	854859	0		IMessage<hnk>,IBufferMessage	lca,lbz
hnn	9853	Ankama.Dofus.Protocol.Game.dll	854980	0		IMessage<hnn>,IBufferMessage	
hnp	9856	Ankama.Dofus.Protocol.Game.dll	855091	0		IMessage<hnp>,IBufferMessage	
hns	9860	Ankama.Dofus.Protocol.Game.dll	855170	0		IMessage<hns>,IBufferMessage	
hnt	9862	Ankama.Dofus.Protocol.Game.dll	855285	0		IMessage<hnt>,IBufferMessage	
hnu	9864	Ankama.Dofus.Protocol.Game.dll	855370	0		IMessage<hnu>,IBufferMessage	
hnv	9866	Ankama.Dofus.Protocol.Game.dll	855454	0		IMessage<hnv>,IBufferMessage	
hnw	9868	Ankama.Dofus.Protocol.Game.dll	855543	0		IMessage<hnw>,IBufferMessage	
hnx	9870	Ankama.Dofus.Protocol.Game.dll	855632	0		IMessage<hnx>,IBufferMessage	
hob	9876	Ankama.Dofus.Protocol.Game.dll	855739	0		IMessage<hob>,IBufferMessage	
hoc	9878	Ankama.Dofus.Protocol.Game.dll	856017	0		IMessage<hoc>,IBufferMessage	
hod	9880	Ankama.Dofus.Protocol.Game.dll	856131	0		IMessage<hod>,IBufferMessage	
hoh	9886	Ankama.Dofus.Protocol.Game.dll	856226	0		IMessage<hoh>,IBufferMessage	lbc
hol	9892	Ankama.Dofus.Protocol.Game.dll	856440	0		IMessage<hol>,IBufferMessage	laz,lhg,lba,len,les
hom	9894	Ankama.Dofus.Protocol.Game.dll	856710	0		IMessage<hom>,IBufferMessage	
hon	9896	Ankama.Dofus.Protocol.Game.dll	856789	0		IMessage<hon>,IBufferMessage	lbc
hor	9902	Ankama.Dofus.Protocol.Game.dll	856893	0		IMessage<hor>,IBufferMessage	
hos	9904	Ankama.Dofus.Protocol.Game.dll	857111	0		IMessage<hos>,IBufferMessage	
hot	9906	Ankama.Dofus.Protocol.Game.dll	857200	0		IMessage<hot>,IBufferMessage	
hou	9908	Ankama.Dofus.Protocol.Game.dll	857290	0		IMessage<hou>,IBufferMessage	
hov	9910	Ankama.Dofus.Protocol.Game.dll	857379	0		IMessage<hov>,IBufferMessage	
hox	9913	Ankama.Dofus.Protocol.Game.dll	857477	0		IMessage<hox>,IBufferMessage	
hoy	9915	Ankama.Dofus.Protocol.Game.dll	857576	0		IMessage<hoy>,IBufferMessage	lbu
hpb	9919	Ankama.Dofus.Protocol.Game.dll	857705	0		IMessage<hpb>,IBufferMessage	hpa
hpc	9921	Ankama.Dofus.Protocol.Game.dll	857794	0		IMessage<hpc>,IBufferMessage	hpa
hpd	9923	Ankama.Dofus.Protocol.Game.dll	857888	0		IMessage<hpd>,IBufferMessage	
hpf	9926	Ankama.Dofus.Protocol.Game.dll	857981	0		IMessage<hpf>,IBufferMessage	
hph	9929	Ankama.Dofus.Protocol.Game.dll	858074	0		IMessage<hph>,IBufferMessage	
hpk	9933	Ankama.Dofus.Protocol.Game.dll	858168	0		IMessage<hpk>,IBufferMessage	
hpl	9935	Ankama.Dofus.Protocol.Game.dll	858290	0		IMessage<hpl>,IBufferMessage	
hpm	9937	Ankama.Dofus.Protocol.Game.dll	858379	0		IMessage<hpm>,IBufferMessage	
hpn	9939	Ankama.Dofus.Protocol.Game.dll	858473	0		IMessage<hpn>,IBufferMessage	
hpo	9941	Ankama.Dofus.Protocol.Game.dll	858568	0		IMessage<hpo>,IBufferMessage	
hpp	9943	Ankama.Dofus.Protocol.Game.dll	858647	0		IMessage<hpp>,IBufferMessage	lau
hpq	9945	Ankama.Dofus.Protocol.Game.dll	858759	0		IMessage<hpq>,IBufferMessage	lau
hpr	9947	Ankama.Dofus.Protocol.Game.dll	858848	0		IMessage<hpr>,IBufferMessage	
hps	9949	Ankama.Dofus.Protocol.Game.dll	858932	0		IMessage<hps>,IBufferMessage	
hpt	9951	Ankama.Dofus.Protocol.Game.dll	859021	0		IMessage<hpt>,IBufferMessage	lbo
hpu	9953	Ankama.Dofus.Protocol.Game.dll	859130	0		IMessage<hpu>,IBufferMessage	
hpv	9955	Ankama.Dofus.Protocol.Game.dll	859219	0		IMessage<hpv>,IBufferMessage	
hpy	9959	Ankama.Dofus.Protocol.Game.dll	859323	0		IMessage<hpy>,IBufferMessage	lny
hpz	9961	Ankama.Dofus.Protocol.Game.dll	859423	0		IMessage<hpz>,IBufferMessage	
hqa	9963	Ankama.Dofus.Protocol.Game.dll	859514	0		IMessage<hqa>,IBufferMessage	
hqb	9965	Ankama.Dofus.Protocol.Game.dll	859598	0		IMessage<hqb>,IBufferMessage	
hqc	9967	Ankama.Dofus.Protocol.Game.dll	859698	0		IMessage<hqc>,IBufferMessage	
hql	9977	Ankama.Dofus.Protocol.Game.dll	859840	0		IMessage<hql>,IBufferMessage	hta
hqm	9979	Ankama.Dofus.Protocol.Game.dll	859948	0		IMessage<hqm>,IBufferMessage	
hqp	9983	Ankama.Dofus.Protocol.Game.dll	860027	0		IMessage<hqp>,IBufferMessage	
hqq	9985	Ankama.Dofus.Protocol.Game.dll	860126	0		IMessage<hqq>,IBufferMessage	
hqu	9992	Ankama.Dofus.Protocol.Game.dll	860205	0		IMessage<hqu>,IBufferMessage	hqg
hqv	9994	Ankama.Dofus.Protocol.Game.dll	860546	0		IMessage<hqv>,IBufferMessage	
hqw	9996	Ankama.Dofus.Protocol.Game.dll	860635	0		IMessage<hqw>,IBufferMessage	hqf
hqx	9998	Ankama.Dofus.Protocol.Game.dll	860719	0		IMessage<hqx>,IBufferMessage	
hrc	10005	Ankama.Dofus.Protocol.Game.dll	860813	0		IMessage<hrc>,IBufferMessage	hqy,hqi,hta
hrh	10012	Ankama.Dofus.Protocol.Game.dll	861041	0		IMessage<hrh>,IBufferMessage	hrd
hrl	10018	Ankama.Dofus.Protocol.Game.dll	861253	0		IMessage<hrl>,IBufferMessage	hri
hrz	10039	Ankama.Dofus.Protocol.Game.dll	861446	0		IMessage<hrz>,IBufferMessage	hrm,hrx,hqe
hsa	10041	Ankama.Dofus.Protocol.Game.dll	862283	0		IMessage<hsa>,IBufferMessage	
hsb	10043	Ankama.Dofus.Protocol.Game.dll	862390	0		IMessage<hsb>,IBufferMessage	
hse	10048	Ankama.Dofus.Protocol.Game.dll	862479	0		IMessage<hse>,IBufferMessage	hqh
hsh	10052	Ankama.Dofus.Protocol.Game.dll	862659	0		IMessage<hsh>,IBufferMessage	
hsm	10059	Ankama.Dofus.Protocol.Game.dll	862757	0		IMessage<hsm>,IBufferMessage	hsi,hqu
hsn	10061	Ankama.Dofus.Protocol.Game.dll	862975	0		IMessage<hsn>,IBufferMessage	hqh
hsu	10070	Ankama.Dofus.Protocol.Game.dll	863065	0		IMessage<hsu>,IBufferMessage	hso
hsv	10072	Ankama.Dofus.Protocol.Game.dll	863323	0		IMessage<hsv>,IBufferMessage	
hsy	10077	Ankama.Dofus.Protocol.Game.dll	863408	0		IMessage<hsy>,IBufferMessage	
hsz	10079	Ankama.Dofus.Protocol.Game.dll	863655	0		IMessage<hsz>,IBufferMessage	hqi
hta	10081	Ankama.Dofus.Protocol.Game.dll	863781	0		IMessage<hta>,IBufferMessage	
htf	10088	Ankama.Dofus.Protocol.Game.dll	863880	0		IMessage<htf>,IBufferMessage	htb
hti	10092	Ankama.Dofus.Protocol.Game.dll	864095	0		IMessage<hti>,IBufferMessage	
htl	10096	Ankama.Dofus.Protocol.Game.dll	864198	0		IMessage<htl>,IBufferMessage	
htr	10105	Ankama.Dofus.Protocol.Game.dll	864300	0		IMessage<htr>,IBufferMessage	htm
htu	10109	Ankama.Dofus.Protocol.Game.dll	864657	0		IMessage<htu>,IBufferMessage	
hty	10115	Ankama.Dofus.Protocol.Game.dll	864780	0		IMessage<hty>,IBufferMessage	hqu
htz	10117	Ankama.Dofus.Protocol.Game.dll	864978	0		IMessage<htz>,IBufferMessage	hqf
hua	10119	Ankama.Dofus.Protocol.Game.dll	865092	0		IMessage<hua>,IBufferMessage	hta
hub	10121	Ankama.Dofus.Protocol.Game.dll	865181	0		IMessage<hub>,IBufferMessage	
hue	10126	Ankama.Dofus.Protocol.Game.dll	865266	0		IMessage<hue>,IBufferMessage	
huh	10130	Ankama.Dofus.Protocol.Game.dll	865452	0		IMessage<huh>,IBufferMessage	hqh
hum	10137	Ankama.Dofus.Protocol.Game.dll	865566	0		IMessage<hum>,IBufferMessage	hui
hun	10139	Ankama.Dofus.Protocol.Game.dll	865786	0		IMessage<hun>,IBufferMessage	hqf
hur	10145	Ankama.Dofus.Protocol.Game.dll	865870	0		IMessage<hur>,IBufferMessage	
hus	10147	Ankama.Dofus.Protocol.Game.dll	866091	0		IMessage<hus>,IBufferMessage	
hut	10149	Ankama.Dofus.Protocol.Game.dll	866176	0		IMessage<hut>,IBufferMessage	hqh
huu	10151	Ankama.Dofus.Protocol.Game.dll	866270	0		IMessage<huu>,IBufferMessage	
huz	10158	Ankama.Dofus.Protocol.Game.dll	866349	0		IMessage<huz>,IBufferMessage	huv
hv	210	Core.dll	866552	0		IDataCenter,IDragData	ht,ezw,fei,fdw,eyy,fdx,few,gsf,fai,fea,fbc,fmm,grt
hvk	10172	Ankama.Dofus.Protocol.Game.dll	866761	0		IMessage<hvk>,IBufferMessage	hvb,hvc
hvn	10176	Ankama.Dofus.Protocol.Game.dll	867097	0		IMessage<hvn>,IBufferMessage	
hvs	10182	Ankama.Dofus.Protocol.Game.dll	867225	0		IMessage<hvs>,IBufferMessage	
hvt	10184	Ankama.Dofus.Protocol.Game.dll	867322	0		IMessage<hvt>,IBufferMessage	ibj
hvw	10188	Ankama.Dofus.Protocol.Game.dll	867411	0		IMessage<hvw>,IBufferMessage	
hvx	10190	Ankama.Dofus.Protocol.Game.dll	867508	0		IMessage<hvx>,IBufferMessage	
hwa	10194	Ankama.Dofus.Protocol.Game.dll	867604	0		IMessage<hwa>,IBufferMessage	
hwb	10196	Ankama.Dofus.Protocol.Game.dll	867710	0		IMessage<hwb>,IBufferMessage	
hwe	10200	Ankama.Dofus.Protocol.Game.dll	867794	0		IMessage<hwe>,IBufferMessage	
hwf	10202	Ankama.Dofus.Protocol.Game.dll	867897	0		IMessage<hwf>,IBufferMessage	
hwg	10204	Ankama.Dofus.Protocol.Game.dll	867981	0		IMessage<hwg>,IBufferMessage	
hwh	10206	Ankama.Dofus.Protocol.Game.dll	868070	0		IMessage<hwh>,IBufferMessage	hzp,hzr
hwk	10210	Ankama.Dofus.Protocol.Game.dll	868164	0		IMessage<hwk>,IBufferMessage	
hwl	10212	Ankama.Dofus.Protocol.Game.dll	868269	0		IMessage<hwl>,IBufferMessage	hyr
hwo	10216	Ankama.Dofus.Protocol.Game.dll	868369	0		IMessage<hwo>,IBufferMessage	hvp
hwr	10221	Ankama.Dofus.Protocol.Game.dll	868482	0		IMessage<hwr>,IBufferMessage	hxd
hwu	10225	Ankama.Dofus.Protocol.Game.dll	868692	0		IMessage<hwu>,IBufferMessage	
hwv	10227	Ankama.Dofus.Protocol.Game.dll	868819	0		IMessage<hwv>,IBufferMessage	
hxd	10239	Ankama.Dofus.Protocol.Game.dll	868958	0		IMessage<hxd>,IBufferMessage	hys,hww
hxm	10254	Ankama.Dofus.Protocol.Game.dll	869390	0		IMessage<hxm>,IBufferMessage	icl,hzx,iak
hxt	10265	Ankama.Dofus.Protocol.Game.dll	870023	0		IMessage<hxt>,IBufferMessage	hxn
hxu	10267	Ankama.Dofus.Protocol.Game.dll	870413	0		IMessage<hxu>,IBufferMessage	
hxx	10271	Ankama.Dofus.Protocol.Game.dll	870502	0		IMessage<hxx>,IBufferMessage	
hya	10275	Ankama.Dofus.Protocol.Game.dll	870620	0		IMessage<hya>,IBufferMessage	ibg
hyb	10277	Ankama.Dofus.Protocol.Game.dll	870731	0		IMessage<hyb>,IBufferMessage	
hyc	10279	Ankama.Dofus.Protocol.Game.dll	870825	0		IMessage<hyc>,IBufferMessage	
hyg	10284	Ankama.Dofus.Protocol.Game.dll	870904	0		IMessage<hyg>,IBufferMessage	
hyj	10288	Ankama.Dofus.Protocol.Game.dll	871043	0		IMessage<hyj>,IBufferMessage	
hym	10293	Ankama.Dofus.Protocol.Game.dll	871149	0		IMessage<hym>,IBufferMessage	
hyr	10300	Ankama.Dofus.Protocol.Game.dll	871380	0		IMessage<hyr>,IBufferMessage	
hys	10302	Ankama.Dofus.Protocol.Game.dll	871588	0		IMessage<hys>,IBufferMessage	lba,lcf
hyt	10304	Ankama.Dofus.Protocol.Game.dll	871707	0		IMessage<hyt>,IBufferMessage	
hyw	10308	Ankama.Dofus.Protocol.Game.dll	871791	0		IMessage<hyw>,IBufferMessage	
hyx	10310	Ankama.Dofus.Protocol.Game.dll	871897	0		IMessage<hyx>,IBufferMessage	hyr
hzb	10316	Ankama.Dofus.Protocol.Game.dll	872003	0		IMessage<hzb>,IBufferMessage	icl
hzc	10318	Ankama.Dofus.Protocol.Game.dll	872233	0		IMessage<hzc>,IBufferMessage	
hzd	10320	Ankama.Dofus.Protocol.Game.dll	872312	0		IMessage<hzd>,IBufferMessage	
hzg	10324	Ankama.Dofus.Protocol.Game.dll	872396	0		IMessage<hzg>,IBufferMessage	iau
hzh	10326	Ankama.Dofus.Protocol.Game.dll	872503	0		IMessage<hzh>,IBufferMessage	
hzi	10328	Ankama.Dofus.Protocol.Game.dll	872592	0		IMessage<hzi>,IBufferMessage	
hzj	10330	Ankama.Dofus.Protocol.Game.dll	872701	0		IMessage<hzj>,IBufferMessage	
hzk	10332	Ankama.Dofus.Protocol.Game.dll	872808	0		IMessage<hzk>,IBufferMessage	
hzn	10336	Ankama.Dofus.Protocol.Game.dll	872897	0		IMessage<hzn>,IBufferMessage	
hzo	10338	Ankama.Dofus.Protocol.Game.dll	872995	0		IMessage<hzo>,IBufferMessage	
hzp	10340	Ankama.Dofus.Protocol.Game.dll	873092	0		IMessage<hzp>,IBufferMessage	
hzq	10342	Ankama.Dofus.Protocol.Game.dll	873182	0		IMessage<hzq>,IBufferMessage	
hzr	10344	Ankama.Dofus.Protocol.Game.dll	873261	0		IMessage<hzr>,IBufferMessage	hzx
hzv	10349	Ankama.Dofus.Protocol.Game.dll	873371	0		IMessage<hzv>,IBufferMessage	
hzw	10351	Ankama.Dofus.Protocol.Game.dll	873488	0		IMessage<hzw>,IBufferMessage	lba
hzx	10353	Ankama.Dofus.Protocol.Game.dll	873602	0		IMessage<hzx>,IBufferMessage	lld
hzy	10355	Ankama.Dofus.Protocol.Game.dll	873696	0		IMessage<hzy>,IBufferMessage	icl
ia	215	Core.dll	873779	0		IDataCenter	hz
iac	10361	Ankama.Dofus.Protocol.Game.dll	873855	0		IMessage<iac>,IBufferMessage	
iaf	10365	Ankama.Dofus.Protocol.Game.dll	874079	0		IMessage<iaf>,IBufferMessage	
iag	10367	Ankama.Dofus.Protocol.Game.dll	874181	0		IMessage<iag>,IBufferMessage	
iai	10370	Ankama.Dofus.Protocol.Game.dll	874265	0		IMessage<iai>,IBufferMessage	iah
iaj	10372	Ankama.Dofus.Protocol.Game.dll	874382	0		IMessage<iaj>,IBufferMessage	
iak	10374	Ankama.Dofus.Protocol.Game.dll	874466	0		IMessage<iak>,IBufferMessage	hyr
iau	10390	Ankama.Dofus.Protocol.Game.dll	874592	0		IMessage<iau>,IBufferMessage	ial
iav	10392	Ankama.Dofus.Protocol.Game.dll	875185	0		IMessage<iav>,IBufferMessage	lcf
iay	10396	Ankama.Dofus.Protocol.Game.dll	875279	0		IMessage<iay>,IBufferMessage	
iaz	10398	Ankama.Dofus.Protocol.Game.dll	875379	0		IMessage<iaz>,IBufferMessage	
ibc	10402	Ankama.Dofus.Protocol.Game.dll	875469	0		IMessage<ibc>,IBufferMessage	
ibf	10406	Ankama.Dofus.Protocol.Game.dll	875580	0		IMessage<ibf>,IBufferMessage	
ibg	10408	Ankama.Dofus.Protocol.Game.dll	875681	0		IMessage<ibg>,IBufferMessage	hyr
ibj	10413	Ankama.Dofus.Protocol.Game.dll	875782	0		IMessage<ibj>,IBufferMessage	iau,hvp,hys
ibk	10415	Ankama.Dofus.Protocol.Game.dll	876019	0		IMessage<ibk>,IBufferMessage	
ibl	10417	Ankama.Dofus.Protocol.Game.dll	876109	0		IMessage<ibl>,IBufferMessage	
ibo	10421	Ankama.Dofus.Protocol.Game.dll	876194	0		IMessage<ibo>,IBufferMessage	hzx,hys
ibr	10426	Ankama.Dofus.Protocol.Game.dll	876310	0		IMessage<ibr>,IBufferMessage	
ibs	10428	Ankama.Dofus.Protocol.Game.dll	876490	0		IMessage<ibs>,IBufferMessage	
ibv	10432	Ankama.Dofus.Protocol.Game.dll	876575	0		IMessage<ibv>,IBufferMessage	ibj
ibw	10434	Ankama.Dofus.Protocol.Game.dll	876680	0		IMessage<ibw>,IBufferMessage	
ibz	10438	Ankama.Dofus.Protocol.Game.dll	876764	0		IMessage<ibz>,IBufferMessage	
ice	10445	Ankama.Dofus.Protocol.Game.dll	876886	0		IMessage<ice>,IBufferMessage	ica
icj	10452	Ankama.Dofus.Protocol.Game.dll	877120	0		IMessage<icj>,IBufferMessage	icf,ibj
icl	10455	Ankama.Dofus.Protocol.Game.dll	877326	0		IMessage<icl>,IBufferMessage	hzx,hyx,ick
icm	10457	Ankama.Dofus.Protocol.Game.dll	877448	0		IMessage<icm>,IBufferMessage	
icn	10459	Ankama.Dofus.Protocol.Game.dll	877527	0		IMessage<icn>,IBufferMessage	
icz	10477	Ankama.Dofus.Protocol.Game.dll	877606	0		IMessage<icz>,IBufferMessage	ico,hxd
ida	10479	Ankama.Dofus.Protocol.Game.dll	878188	0		IMessage<ida>,IBufferMessage	
ide	10484	Ankama.Dofus.Protocol.Game.dll	878282	0		IMessage<ide>,IBufferMessage	
idf	10486	Ankama.Dofus.Protocol.Game.dll	878392	0		IMessage<idf>,IBufferMessage	
idi	10490	Ankama.Dofus.Protocol.Game.dll	878481	0		IMessage<idi>,IBufferMessage	
idl	10494	Ankama.Dofus.Protocol.Game.dll	878588	0		IMessage<idl>,IBufferMessage	
idm	10496	Ankama.Dofus.Protocol.Game.dll	878689	0		IMessage<idm>,IBufferMessage	
ido	10499	Ankama.Dofus.Protocol.Game.dll	878800	0		IMessage<ido>,IBufferMessage	
idr	10504	Ankama.Dofus.Protocol.Game.dll	878884	0		IMessage<idr>,IBufferMessage	
idt	10506	Ankama.Dofus.Protocol.Game.dll	879089	0		IMessage<idt>,IBufferMessage	
idu	10508	Ankama.Dofus.Protocol.Game.dll	879168	0		IMessage<idu>,IBufferMessage	ier
idv	10510	Ankama.Dofus.Protocol.Game.dll	879265	0		IMessage<idv>,IBufferMessage	
idw	10512	Ankama.Dofus.Protocol.Game.dll	879354	0		IMessage<idw>,IBufferMessage	
idz	10516	Ankama.Dofus.Protocol.Game.dll	879443	0		IMessage<idz>,IBufferMessage	
iea	10518	Ankama.Dofus.Protocol.Game.dll	879548	0		IMessage<iea>,IBufferMessage	
ieb	10520	Ankama.Dofus.Protocol.Game.dll	879642	0		IMessage<ieb>,IBufferMessage	
iec	10522	Ankama.Dofus.Protocol.Game.dll	879731	0		IMessage<iec>,IBufferMessage	
ied	10524	Ankama.Dofus.Protocol.Game.dll	879825	0		IMessage<ied>,IBufferMessage	
iee	10526	Ankama.Dofus.Protocol.Game.dll	879909	0		IMessage<iee>,IBufferMessage	
ief	10528	Ankama.Dofus.Protocol.Game.dll	879988	0		IMessage<ief>,IBufferMessage	
ieg	10530	Ankama.Dofus.Protocol.Game.dll	880077	0		IMessage<ieg>,IBufferMessage	ieh
ieh	10532	Ankama.Dofus.Protocol.Game.dll	880171	0		IMessage<ieh>,IBufferMessage	
iei	10534	Ankama.Dofus.Protocol.Game.dll	880260	0		IMessage<iei>,IBufferMessage	ieh
iej	10536	Ankama.Dofus.Protocol.Game.dll	880360	0		IMessage<iej>,IBufferMessage	
iek	10538	Ankama.Dofus.Protocol.Game.dll	880444	0		IMessage<iek>,IBufferMessage	
iel	10540	Ankama.Dofus.Protocol.Game.dll	880529	0		IMessage<iel>,IBufferMessage	
ieo	10544	Ankama.Dofus.Protocol.Game.dll	880614	0		IMessage<ieo>,IBufferMessage	
ier	10549	Ankama.Dofus.Protocol.Game.dll	880715	0		IMessage<ier>,IBufferMessage	
iev	10554	Ankama.Dofus.Protocol.Game.dll	880919	0		IMessage<iev>,IBufferMessage	lhm
iew	10556	Ankama.Dofus.Protocol.Game.dll	881020	0		IMessage<iew>,IBufferMessage	
iex	10558	Ankama.Dofus.Protocol.Game.dll	881104	0		IMessage<iex>,IBufferMessage	lhm
iey	10560	Ankama.Dofus.Protocol.Game.dll	881188	0		IMessage<iey>,IBufferMessage	
iez	10562	Ankama.Dofus.Protocol.Game.dll	881267	0		IMessage<iez>,IBufferMessage	
ifa	10564	Ankama.Dofus.Protocol.Game.dll	881352	0		IMessage<ifa>,IBufferMessage	lhm
ifd	10569	Ankama.Dofus.Protocol.Game.dll	881441	0		IMessage<ifd>,IBufferMessage	
ife	10571	Ankama.Dofus.Protocol.Game.dll	881610	0		IMessage<ife>,IBufferMessage	
ifg	10574	Ankama.Dofus.Protocol.Game.dll	881710	0		IMessage<ifg>,IBufferMessage	
ifh	10576	Ankama.Dofus.Protocol.Game.dll	881789	0		IMessage<ifh>,IBufferMessage	ihi
ifi	10578	Ankama.Dofus.Protocol.Game.dll	881909	0		IMessage<ifi>,IBufferMessage	ifp
ifj	10580	Ankama.Dofus.Protocol.Game.dll	882009	0		IMessage<ifj>,IBufferMessage	iis
ifp	10590	Ankama.Dofus.Protocol.Game.dll	882098	0		IMessage<ifp>,IBufferMessage	ifk
ify	10605	Ankama.Dofus.Protocol.Game.dll	882453	0		IMessage<ify>,IBufferMessage	ifq
ifz	10607	Ankama.Dofus.Protocol.Game.dll	883048	0		IMessage<ifz>,IBufferMessage	ihr
igc	10611	Ankama.Dofus.Protocol.Game.dll	883157	0		IMessage<igc>,IBufferMessage	
igf	10615	Ankama.Dofus.Protocol.Game.dll	883256	0		IMessage<igf>,IBufferMessage	
igk	10622	Ankama.Dofus.Protocol.Game.dll	883364	0		IMessage<igk>,IBufferMessage	igg,ihr
ign	10627	Ankama.Dofus.Protocol.Game.dll	883580	0		IMessage<ign>,IBufferMessage	ihr
igo	10629	Ankama.Dofus.Protocol.Game.dll	883812	0		IMessage<igo>,IBufferMessage	
igp	10631	Ankama.Dofus.Protocol.Game.dll	883896	0		IMessage<igp>,IBufferMessage	ifp
igs	10635	Ankama.Dofus.Protocol.Game.dll	883995	0		IMessage<igs>,IBufferMessage	lhg
igv	10639	Ankama.Dofus.Protocol.Game.dll	884100	0		IMessage<igv>,IBufferMessage	
igy	10643	Ankama.Dofus.Protocol.Game.dll	884203	0		IMessage<igy>,IBufferMessage	ihi
igz	10645	Ankama.Dofus.Protocol.Game.dll	884310	0		IMessage<igz>,IBufferMessage	
iha	10647	Ankama.Dofus.Protocol.Game.dll	884419	0		IMessage<iha>,IBufferMessage	
ihb	10649	Ankama.Dofus.Protocol.Game.dll	884509	0		IMessage<ihb>,IBufferMessage	
ihc	10651	Ankama.Dofus.Protocol.Game.dll	884600	0		IMessage<ihc>,IBufferMessage	
ihf	10655	Ankama.Dofus.Protocol.Game.dll	884684	0		IMessage<ihf>,IBufferMessage	lbn
ihg	10657	Ankama.Dofus.Protocol.Game.dll	884799	0		IMessage<ihg>,IBufferMessage	
ihh	10659	Ankama.Dofus.Protocol.Game.dll	884895	0		IMessage<ihh>,IBufferMessage	ifh
ihi	10661	Ankama.Dofus.Protocol.Game.dll	884989	0		IMessage<ihi>,IBufferMessage	
ihq	10672	Ankama.Dofus.Protocol.Game.dll	885085	0		IMessage<ihq>,IBufferMessage	ihj
ihr	10674	Ankama.Dofus.Protocol.Game.dll	885456	0		IMessage<ihr>,IBufferMessage	igs,lhk,ihi
ihs	10676	Ankama.Dofus.Protocol.Game.dll	885593	0		IMessage<ihs>,IBufferMessage	lbn
iht	10678	Ankama.Dofus.Protocol.Game.dll	885682	0		IMessage<iht>,IBufferMessage	ifh
ihu	10680	Ankama.Dofus.Protocol.Game.dll	885771	0		IMessage<ihu>,IBufferMessage	igs
ihv	10682	Ankama.Dofus.Protocol.Game.dll	885860	0		IMessage<ihv>,IBufferMessage	
ihw	10684	Ankama.Dofus.Protocol.Game.dll	885955	0		IMessage<ihw>,IBufferMessage	lbn
ihz	10688	Ankama.Dofus.Protocol.Game.dll	886049	0		IMessage<ihz>,IBufferMessage	ihr
ii	221	Core.dll	886162	0		IDataCenter,ISocialContact	dut,dwv,duq
iic	10693	Ankama.Dofus.Protocol.Game.dll	886186	0		IMessage<iic>,IBufferMessage	lhk,igs
iid	10695	Ankama.Dofus.Protocol.Game.dll	886393	0		IMessage<iid>,IBufferMessage	lbn
iie	10697	Ankama.Dofus.Protocol.Game.dll	886498	0		IMessage<iie>,IBufferMessage	ihr
iih	10702	Ankama.Dofus.Protocol.Game.dll	886587	0		IMessage<iih>,IBufferMessage	ifp
iil	10708	Ankama.Dofus.Protocol.Game.dll	886815	0		IMessage<iil>,IBufferMessage	ifh
iim	10710	Ankama.Dofus.Protocol.Game.dll	887041	0		IMessage<iim>,IBufferMessage	
iin	10712	Ankama.Dofus.Protocol.Game.dll	887138	0		IMessage<iin>,IBufferMessage	
iio	10714	Ankama.Dofus.Protocol.Game.dll	887228	0		IMessage<iio>,IBufferMessage	lbn
iir	10718	Ankama.Dofus.Protocol.Game.dll	887317	0		IMessage<iir>,IBufferMessage	
iis	10720	Ankama.Dofus.Protocol.Game.dll	887426	0		IMessage<iis>,IBufferMessage	
iix	10727	Ankama.Dofus.Protocol.Game.dll	887511	0		IMessage<iix>,IBufferMessage	iit,ifh
iiy	10729	Ankama.Dofus.Protocol.Game.dll	887718	0		IMessage<iiy>,IBufferMessage	lbn
iiz	10731	Ankama.Dofus.Protocol.Game.dll	887807	0		IMessage<iiz>,IBufferMessage	ifp
ija	10733	Ankama.Dofus.Protocol.Game.dll	887901	0		IMessage<ija>,IBufferMessage	
ijd	10737	Ankama.Dofus.Protocol.Game.dll	887985	0		IMessage<ijd>,IBufferMessage	lhk
ijf	10740	Ankama.Dofus.Protocol.Game.dll	888107	0		IMessage<ijf>,IBufferMessage	
ijg	10742	Ankama.Dofus.Protocol.Game.dll	888202	0		IMessage<ijg>,IBufferMessage	
ijj	10746	Ankama.Dofus.Protocol.Game.dll	888291	0		IMessage<ijj>,IBufferMessage	
ijk	10748	Ankama.Dofus.Protocol.Game.dll	888401	0		IMessage<ijk>,IBufferMessage	
ijl	10750	Ankama.Dofus.Protocol.Game.dll	888490	0		IMessage<ijl>,IBufferMessage	
ijm	10752	Ankama.Dofus.Protocol.Game.dll	888584	0		IMessage<ijm>,IBufferMessage	
ijn	10754	Ankama.Dofus.Protocol.Game.dll	888668	0		IMessage<ijn>,IBufferMessage	
ijq	10758	Ankama.Dofus.Protocol.Game.dll	888752	0		IMessage<ijq>,IBufferMessage	
ijt	10762	Ankama.Dofus.Protocol.Game.dll	888863	0		IMessage<ijt>,IBufferMessage	
ijx	10767	Ankama.Dofus.Protocol.Game.dll	888996	0		IMessage<ijx>,IBufferMessage	
ijy	10769	Ankama.Dofus.Protocol.Game.dll	889080	0		IMessage<ijy>,IBufferMessage	
ijz	10771	Ankama.Dofus.Protocol.Game.dll	889164	0		IMessage<ijz>,IBufferMessage	ijw
ika	10773	Ankama.Dofus.Protocol.Game.dll	889308	0		IMessage<ika>,IBufferMessage	
ikb	10775	Ankama.Dofus.Protocol.Game.dll	889398	0		IMessage<ikb>,IBufferMessage	
ike	10779	Ankama.Dofus.Protocol.Game.dll	889482	0		IMessage<ike>,IBufferMessage	
ikf	10781	Ankama.Dofus.Protocol.Game.dll	889584	0		IMessage<ikf>,IBufferMessage	
iki	10785	Ankama.Dofus.Protocol.Game.dll	889683	0		IMessage<iki>,IBufferMessage	
ikj	10787	Ankama.Dofus.Protocol.Game.dll	889783	0		IMessage<ikj>,IBufferMessage	
ikm	10791	Ankama.Dofus.Protocol.Game.dll	889872	0		IMessage<ikm>,IBufferMessage	
ikn	10793	Ankama.Dofus.Protocol.Game.dll	889974	0		IMessage<ikn>,IBufferMessage	
iko	10795	Ankama.Dofus.Protocol.Game.dll	890053	0		IMessage<iko>,IBufferMessage	
ikr	10799	Ankama.Dofus.Protocol.Game.dll	890142	0		IMessage<ikr>,IBufferMessage	
iks	10801	Ankama.Dofus.Protocol.Game.dll	890239	0		IMessage<iks>,IBufferMessage	
ikt	10803	Ankama.Dofus.Protocol.Game.dll	890328	0		IMessage<ikt>,IBufferMessage	
iku	10805	Ankama.Dofus.Protocol.Game.dll	890425	0		IMessage<iku>,IBufferMessage	
ikv	10807	Ankama.Dofus.Protocol.Game.dll	890514	0		IMessage<ikv>,IBufferMessage	lgl
ikw	10809	Ankama.Dofus.Protocol.Game.dll	890614	0		IMessage<ikw>,IBufferMessage	
ikx	10811	Ankama.Dofus.Protocol.Game.dll	890709	0		IMessage<ikx>,IBufferMessage	
ila	10816	Ankama.Dofus.Protocol.Game.dll	890839	0		IMessage<ila>,IBufferMessage	
ilb	10818	Ankama.Dofus.Protocol.Game.dll	891073	0		IMessage<ilb>,IBufferMessage	ijw
ilc	10820	Ankama.Dofus.Protocol.Game.dll	891199	0		IMessage<ilc>,IBufferMessage	
ilf	10825	Ankama.Dofus.Protocol.Game.dll	891283	0		IMessage<ilf>,IBufferMessage	
ilg	10827	Ankama.Dofus.Protocol.Game.dll	891508	0		IMessage<ilg>,IBufferMessage	lhg,lba,lcf
ilh	10829	Ankama.Dofus.Protocol.Game.dll	891628	0		IMessage<ilh>,IBufferMessage	ijv,lgl
ili	10831	Ankama.Dofus.Protocol.Game.dll	891747	0		IMessage<ili>,IBufferMessage	
ilj	10833	Ankama.Dofus.Protocol.Game.dll	891836	0		IMessage<ilj>,IBufferMessage	
iln	10838	Ankama.Dofus.Protocol.Game.dll	891925	0		IMessage<iln>,IBufferMessage	
ilo	10840	Ankama.Dofus.Protocol.Game.dll	892031	0		IMessage<ilo>,IBufferMessage	
ilr	10844	Ankama.Dofus.Protocol.Game.dll	892120	0		IMessage<ilr>,IBufferMessage	
ils	10846	Ankama.Dofus.Protocol.Game.dll	892216	0		IMessage<ils>,IBufferMessage	
ilv	10850	Ankama.Dofus.Protocol.Game.dll	892300	0		IMessage<ilv>,IBufferMessage	
ilw	10852	Ankama.Dofus.Protocol.Game.dll	892396	0		IMessage<ilw>,IBufferMessage	lpg
ilx	10854	Ankama.Dofus.Protocol.Game.dll	892485	0		IMessage<ilx>,IBufferMessage	
ima	10858	Ankama.Dofus.Protocol.Game.dll	892587	0		IMessage<ima>,IBufferMessage	
imd	10862	Ankama.Dofus.Protocol.Game.dll	892694	0		IMessage<imd>,IBufferMessage	
ime	10864	Ankama.Dofus.Protocol.Game.dll	892798	0		IMessage<ime>,IBufferMessage	lgf,ijw
imf	10866	Ankama.Dofus.Protocol.Game.dll	892900	0		IMessage<imf>,IBufferMessage	ilg
imh	10868	Ankama.Dofus.Protocol.Game.dll	892995	0		IMessage<imh>,IBufferMessage	
imi	10870	Ankama.Dofus.Protocol.Game.dll	893074	0		IMessage<imi>,IBufferMessage	
imj	10872	Ankama.Dofus.Protocol.Game.dll	893158	0		IMessage<imj>,IBufferMessage	
imk	10874	Ankama.Dofus.Protocol.Game.dll	893247	0		IMessage<imk>,IBufferMessage	
imn	10878	Ankama.Dofus.Protocol.Game.dll	893336	0		IMessage<imn>,IBufferMessage	
imo	10880	Ankama.Dofus.Protocol.Game.dll	893440	0		IMessage<imo>,IBufferMessage	
imp	10882	Ankama.Dofus.Protocol.Game.dll	893524	0		IMessage<imp>,IBufferMessage	
imq	10884	Ankama.Dofus.Protocol.Game.dll	893613	0		IMessage<imq>,IBufferMessage	
imr	10886	Ankama.Dofus.Protocol.Game.dll	893708	0		IMessage<imr>,IBufferMessage	
imu	10890	Ankama.Dofus.Protocol.Game.dll	893810	0		IMessage<imu>,IBufferMessage	
imv	10892	Ankama.Dofus.Protocol.Game.dll	893935	0		IMessage<imv>,IBufferMessage	
imy	10896	Ankama.Dofus.Protocol.Game.dll	894025	0		IMessage<imy>,IBufferMessage	
inb	10900	Ankama.Dofus.Protocol.Game.dll	894163	0		IMessage<inb>,IBufferMessage	
inc	10902	Ankama.Dofus.Protocol.Game.dll	894259	0		IMessage<inc>,IBufferMessage	
ind	10904	Ankama.Dofus.Protocol.Game.dll	894361	0		IMessage<ind>,IBufferMessage	
ing	10909	Ankama.Dofus.Protocol.Game.dll	894455	0		IMessage<ing>,IBufferMessage	ijw
inh	10911	Ankama.Dofus.Protocol.Game.dll	894689	0		IMessage<inh>,IBufferMessage	
ink	10915	Ankama.Dofus.Protocol.Game.dll	894778	0		IMessage<ink>,IBufferMessage	lpg
inn	10919	Ankama.Dofus.Protocol.Game.dll	894886	0		IMessage<inn>,IBufferMessage	
ino	10921	Ankama.Dofus.Protocol.Game.dll	894987	0		IMessage<ino>,IBufferMessage	lnk
inp	10923	Ankama.Dofus.Protocol.Game.dll	895094	0		IMessage<inp>,IBufferMessage	
inq	10925	Ankama.Dofus.Protocol.Game.dll	895178	0		IMessage<inq>,IBufferMessage	
inv	10932	Ankama.Dofus.Protocol.Game.dll	897514	0		IMessage<inv>,IBufferMessage	
inw	10934	Ankama.Dofus.Protocol.Game.dll	897608	0		IMessage<inw>,IBufferMessage	
inx	10936	Ankama.Dofus.Protocol.Game.dll	897702	0		IMessage<inx>,IBufferMessage	
iny	10938	Ankama.Dofus.Protocol.Game.dll	897802	0		IMessage<iny>,IBufferMessage	
io	227	Core.dll	897890	0		IDataCenter	ia,ip
ioc	10944	Ankama.Dofus.Protocol.Game.dll	897925	0		IMessage<ioc>,IBufferMessage	
iof	10948	Ankama.Dofus.Protocol.Game.dll	898164	0		IMessage<iof>,IBufferMessage	
iom	10959	Ankama.Dofus.Protocol.Game.dll	898261	0		IMessage<iom>,IBufferMessage	
ion	10961	Ankama.Dofus.Protocol.Game.dll	898675	0		IMessage<ion>,IBufferMessage	len
ios	10969	Ankama.Dofus.Protocol.Game.dll	898797	0		IMessage<ios>,IBufferMessage	
iot	10971	Ankama.Dofus.Protocol.Game.dll	899108	0		IMessage<iot>,IBufferMessage	
iou	10973	Ankama.Dofus.Protocol.Game.dll	899187	0		IMessage<iou>,IBufferMessage	
iov	10975	Ankama.Dofus.Protocol.Game.dll	899289	0		IMessage<iov>,IBufferMessage	
ioy	10979	Ankama.Dofus.Protocol.Game.dll	899383	0		IMessage<ioy>,IBufferMessage	
ip	228	Core.dll	899497	0		IDataCenter	dxb
ipa	10982	Ankama.Dofus.Protocol.Game.dll	899518	0		IMessage<ipa>,IBufferMessage	
ipb	10984	Ankama.Dofus.Protocol.Game.dll	899602	0		IMessage<ipb>,IBufferMessage	
ipc	10986	Ankama.Dofus.Protocol.Game.dll	899702	0		IMessage<ipc>,IBufferMessage	
ipd	10988	Ankama.Dofus.Protocol.Game.dll	899787	0		IMessage<ipd>,IBufferMessage	
ipe	10990	Ankama.Dofus.Protocol.Game.dll	899877	0		IMessage<ipe>,IBufferMessage	
ipi	10995	Ankama.Dofus.Protocol.Game.dll	899965	0		IMessage<ipi>,IBufferMessage	
ipj	10997	Ankama.Dofus.Protocol.Game.dll	900063	0		IMessage<ipj>,IBufferMessage	
ipk	10999	Ankama.Dofus.Protocol.Game.dll	900157	0		IMessage<ipk>,IBufferMessage	
ipm	11002	Ankama.Dofus.Protocol.Game.dll	900245	0		IMessage<ipm>,IBufferMessage	
ipo	11005	Ankama.Dofus.Protocol.Game.dll	900338	0		IMessage<ipo>,IBufferMessage	
ipp	11007	Ankama.Dofus.Protocol.Game.dll	900427	0		IMessage<ipp>,IBufferMessage	
ipq	11009	Ankama.Dofus.Protocol.Game.dll	900526	0		IMessage<ipq>,IBufferMessage	
ipr	11011	Ankama.Dofus.Protocol.Game.dll	900620	0		IMessage<ipr>,IBufferMessage	
ipv	11017	Ankama.Dofus.Protocol.Game.dll	900718	0		IMessage<ipv>,IBufferMessage	
ipw	11019	Ankama.Dofus.Protocol.Game.dll	900931	0		IMessage<ipw>,IBufferMessage	
ipx	11021	Ankama.Dofus.Protocol.Game.dll	901021	0		IMessage<ipx>,IBufferMessage	lba
ipz	11024	Ankama.Dofus.Protocol.Game.dll	901145	0		IMessage<ipz>,IBufferMessage	
iq	229	Core.dll	901239	0		IDataCenter	duq,jo,ks,eii
iqa	11026	Ankama.Dofus.Protocol.Game.dll	901262	0		IMessage<iqa>,IBufferMessage	
iqb	11028	Ankama.Dofus.Protocol.Game.dll	901346	0		IMessage<iqb>,IBufferMessage	ipx
iqc	11030	Ankama.Dofus.Protocol.Game.dll	901445	0		IMessage<iqc>,IBufferMessage	
iqd	11032	Ankama.Dofus.Protocol.Game.dll	901530	0		IMessage<iqd>,IBufferMessage	
iqg	11036	Ankama.Dofus.Protocol.Game.dll	901624	0		IMessage<iqg>,IBufferMessage	
iqh	11038	Ankama.Dofus.Protocol.Game.dll	901728	0		IMessage<iqh>,IBufferMessage	iqb
iqj	11041	Ankama.Dofus.Protocol.Game.dll	901821	0		IMessage<iqj>,IBufferMessage	
iqk	11043	Ankama.Dofus.Protocol.Game.dll	901906	0		IMessage<iqk>,IBufferMessage	
iql	11045	Ankama.Dofus.Protocol.Game.dll	901995	0		IMessage<iql>,IBufferMessage	
iqm	11047	Ankama.Dofus.Protocol.Game.dll	902079	0		IMessage<iqm>,IBufferMessage	
iqn	11049	Ankama.Dofus.Protocol.Game.dll	902164	0		IMessage<iqn>,IBufferMessage	ipx
iqq	11053	Ankama.Dofus.Protocol.Game.dll	902278	0		IMessage<iqq>,IBufferMessage	
iqr	11055	Ankama.Dofus.Protocol.Game.dll	902390	0		IMessage<iqr>,IBufferMessage	iqn
iqt	11058	Ankama.Dofus.Protocol.Game.dll	902493	0		IMessage<iqt>,IBufferMessage	
iqu	11060	Ankama.Dofus.Protocol.Game.dll	902578	0		IMessage<iqu>,IBufferMessage	lsg
iqv	11062	Ankama.Dofus.Protocol.Game.dll	902699	0		IMessage<iqv>,IBufferMessage	
iqw	11064	Ankama.Dofus.Protocol.Game.dll	902784	0		IMessage<iqw>,IBufferMessage	iqx
iqx	11066	Ankama.Dofus.Protocol.Game.dll	902868	0		IMessage<iqx>,IBufferMessage	ipx
iqy	11068	Ankama.Dofus.Protocol.Game.dll	902985	0		IMessage<iqy>,IBufferMessage	lsg
iqz	11070	Ankama.Dofus.Protocol.Game.dll	903100	0		IMessage<iqz>,IBufferMessage	lsg
irb	11073	Ankama.Dofus.Protocol.Game.dll	903241	0		IMessage<irb>,IBufferMessage	
irc	11075	Ankama.Dofus.Protocol.Game.dll	903330	0		IMessage<irc>,IBufferMessage	
ird	11077	Ankama.Dofus.Protocol.Game.dll	903421	0		IMessage<ird>,IBufferMessage	ipx
irg	11081	Ankama.Dofus.Protocol.Game.dll	903515	0		IMessage<irg>,IBufferMessage	
irh	11083	Ankama.Dofus.Protocol.Game.dll	903622	0		IMessage<irh>,IBufferMessage	
iri	11085	Ankama.Dofus.Protocol.Game.dll	903707	0		IMessage<iri>,IBufferMessage	ird
irj	11087	Ankama.Dofus.Protocol.Game.dll	903791	0		IMessage<irj>,IBufferMessage	
irl	11090	Ankama.Dofus.Protocol.Game.dll	903884	0		IMessage<irl>,IBufferMessage	isu
iro	11095	Ankama.Dofus.Protocol.Game.dll	903968	0		IMessage<iro>,IBufferMessage	
irp	11097	Ankama.Dofus.Protocol.Game.dll	904166	0		IMessage<irp>,IBufferMessage	lcf,lgl,lba,laz
irq	11099	Ankama.Dofus.Protocol.Game.dll	904290	0		IMessage<irq>,IBufferMessage	
isa	11115	Ankama.Dofus.Protocol.Game.dll	904389	0		IMessage<isa>,IBufferMessage	irr
isd	11119	Ankama.Dofus.Protocol.Game.dll	905005	0		IMessage<isd>,IBufferMessage	
ise	11121	Ankama.Dofus.Protocol.Game.dll	905111	0		IMessage<ise>,IBufferMessage	
isf	11123	Ankama.Dofus.Protocol.Game.dll	905215	0		IMessage<isf>,IBufferMessage	
isi	11127	Ankama.Dofus.Protocol.Game.dll	905305	0		IMessage<isi>,IBufferMessage	
isn	11135	Ankama.Dofus.Protocol.Game.dll	905426	0		IMessage<isn>,IBufferMessage	
isq	11139	Ankama.Dofus.Protocol.Game.dll	905763	0		IMessage<isq>,IBufferMessage	
isr	11141	Ankama.Dofus.Protocol.Game.dll	905876	0		IMessage<isr>,IBufferMessage	
iss	11143	Ankama.Dofus.Protocol.Game.dll	905966	0		IMessage<iss>,IBufferMessage	ise
ist	11145	Ankama.Dofus.Protocol.Game.dll	906055	0		IMessage<ist>,IBufferMessage	isi,irp
isu	11147	Ankama.Dofus.Protocol.Game.dll	906144	0		IMessage<isu>,IBufferMessage	
isv	11149	Ankama.Dofus.Protocol.Game.dll	906256	0		IMessage<isv>,IBufferMessage	ist
isw	11151	Ankama.Dofus.Protocol.Game.dll	906340	0		IMessage<isw>,IBufferMessage	
isz	11156	Ankama.Dofus.Protocol.Game.dll	906436	0		IMessage<isz>,IBufferMessage	isa
itc	11160	Ankama.Dofus.Protocol.Game.dll	906672	0		IMessage<itc>,IBufferMessage	
itd	11162	Ankama.Dofus.Protocol.Game.dll	906762	0		IMessage<itd>,IBufferMessage	lec
ite	11164	Ankama.Dofus.Protocol.Game.dll	906846	0		IMessage<ite>,IBufferMessage	
itf	11166	Ankama.Dofus.Protocol.Game.dll	906937	0		IMessage<itf>,IBufferMessage	
itg	11168	Ankama.Dofus.Protocol.Game.dll	907022	0		IMessage<itg>,IBufferMessage	lbm
itj	11173	Ankama.Dofus.Protocol.Game.dll	907112	0		IMessage<itj>,IBufferMessage	
itk	11175	Ankama.Dofus.Protocol.Game.dll	907342	0		IMessage<itk>,IBufferMessage	
itl	11177	Ankama.Dofus.Protocol.Game.dll	907426	0		IMessage<itl>,IBufferMessage	lft
itm	11179	Ankama.Dofus.Protocol.Game.dll	907515	0		IMessage<itm>,IBufferMessage	
itn	11181	Ankama.Dofus.Protocol.Game.dll	907604	0		IMessage<itn>,IBufferMessage	
ito	11183	Ankama.Dofus.Protocol.Game.dll	907693	0		IMessage<ito>,IBufferMessage	
itp	11185	Ankama.Dofus.Protocol.Game.dll	907808	0		IMessage<itp>,IBufferMessage	
itq	11187	Ankama.Dofus.Protocol.Game.dll	907887	0		IMessage<itq>,IBufferMessage	lbq
itr	11189	Ankama.Dofus.Protocol.Game.dll	907976	0		IMessage<itr>,IBufferMessage	itb
itu	11194	Ankama.Dofus.Protocol.Game.dll	908074	0		IMessage<itu>,IBufferMessage	
itv	11196	Ankama.Dofus.Protocol.Game.dll	908293	0		IMessage<itv>,IBufferMessage	
itw	11198	Ankama.Dofus.Protocol.Game.dll	908378	0		IMessage<itw>,IBufferMessage	
itz	11203	Ankama.Dofus.Protocol.Game.dll	908468	0		IMessage<itz>,IBufferMessage	lhs,lbm
iua	11205	Ankama.Dofus.Protocol.Game.dll	908706	0		IMessage<iua>,IBufferMessage	lbr,lec
iub	11207	Ankama.Dofus.Protocol.Game.dll	908800	0		IMessage<iub>,IBufferMessage	
iue	11212	Ankama.Dofus.Protocol.Game.dll	908884	0		IMessage<iue>,IBufferMessage	
iuf	11214	Ankama.Dofus.Protocol.Game.dll	909096	0		IMessage<iuf>,IBufferMessage	
iuj	11219	Ankama.Dofus.Protocol.Game.dll	909186	0		IMessage<iuj>,IBufferMessage	lec
iuk	11221	Ankama.Dofus.Protocol.Game.dll	909391	0		IMessage<iuk>,IBufferMessage	
iul	11223	Ankama.Dofus.Protocol.Game.dll	909485	0		IMessage<iul>,IBufferMessage	lbm
ium	11225	Ankama.Dofus.Protocol.Game.dll	909574	0		IMessage<ium>,IBufferMessage	
iun	11227	Ankama.Dofus.Protocol.Game.dll	909658	0		IMessage<iun>,IBufferMessage	
iuq	11231	Ankama.Dofus.Protocol.Game.dll	909753	0		IMessage<iuq>,IBufferMessage	lhs,lbm
iur	11233	Ankama.Dofus.Protocol.Game.dll	909861	0		IMessage<iur>,IBufferMessage	llg
iuu	11238	Ankama.Dofus.Protocol.Game.dll	909945	0		IMessage<iuu>,IBufferMessage	
iuv	11240	Ankama.Dofus.Protocol.Game.dll	910163	0		IMessage<iuv>,IBufferMessage	lbm
iuw	11242	Ankama.Dofus.Protocol.Game.dll	910257	0		IMessage<iuw>,IBufferMessage	llg
iux	11244	Ankama.Dofus.Protocol.Game.dll	910346	0		IMessage<iux>,IBufferMessage	
iuy	11246	Ankama.Dofus.Protocol.Game.dll	910430	0		IMessage<iuy>,IBufferMessage	
iuz	11248	Ankama.Dofus.Protocol.Game.dll	910515	0		IMessage<iuz>,IBufferMessage	lbm
iv	234	Core.dll	910603	0		in	jm
ive	11255	Ankama.Dofus.Protocol.Game.dll	910618	0		IMessage<ive>,IBufferMessage	
ivf	11257	Ankama.Dofus.Protocol.Game.dll	910821	0		IMessage<ivf>,IBufferMessage	
ivi	11262	Ankama.Dofus.Protocol.Game.dll	910905	0		IMessage<ivi>,IBufferMessage	
ivj	11264	Ankama.Dofus.Protocol.Game.dll	911091	0		IMessage<ivj>,IBufferMessage	lbr,llg
ivk	11266	Ankama.Dofus.Protocol.Game.dll	911186	0		IMessage<ivk>,IBufferMessage	lbm,lhs
ivl	11268	Ankama.Dofus.Protocol.Game.dll	911280	0		IMessage<ivl>,IBufferMessage	
ivo	11273	Ankama.Dofus.Protocol.Game.dll	911365	0		IMessage<ivo>,IBufferMessage	
ivp	11275	Ankama.Dofus.Protocol.Game.dll	911560	0		IMessage<ivp>,IBufferMessage	
ivq	11277	Ankama.Dofus.Protocol.Game.dll	911639	0		IMessage<ivq>,IBufferMessage	
ivr	11279	Ankama.Dofus.Protocol.Game.dll	911728	0		IMessage<ivr>,IBufferMessage	lbm
ivs	11281	Ankama.Dofus.Protocol.Game.dll	911817	0		IMessage<ivs>,IBufferMessage	
ivt	11283	Ankama.Dofus.Protocol.Game.dll	911906	0		IMessage<ivt>,IBufferMessage	
ivu	11285	Ankama.Dofus.Protocol.Game.dll	911997	0		IMessage<ivu>,IBufferMessage	
ivx	11290	Ankama.Dofus.Protocol.Game.dll	912086	0		IMessage<ivx>,IBufferMessage	
iw	235	Core.dll	912285	0		IDataCenter	
iwa	11295	Ankama.Dofus.Protocol.Game.dll	912329	0		IMessage<iwa>,IBufferMessage	
iwb	11297	Ankama.Dofus.Protocol.Game.dll	912543	0		IMessage<iwb>,IBufferMessage	
iwc	11299	Ankama.Dofus.Protocol.Game.dll	912633	0		IMessage<iwc>,IBufferMessage	
iwd	11301	Ankama.Dofus.Protocol.Game.dll	912727	0		IMessage<iwd>,IBufferMessage	
iwf	11304	Ankama.Dofus.Protocol.Game.dll	912832	0		IMessage<iwf>,IBufferMessage	ldf
iwi	11309	Ankama.Dofus.Protocol.Game.dll	912916	0		IMessage<iwi>,IBufferMessage	
iwj	11311	Ankama.Dofus.Protocol.Game.dll	913112	0		IMessage<iwj>,IBufferMessage	
iwm	11315	Ankama.Dofus.Protocol.Game.dll	913197	0		IMessage<iwm>,IBufferMessage	lev
iwn	11317	Ankama.Dofus.Protocol.Game.dll	913307	0		IMessage<iwn>,IBufferMessage	
iwo	11319	Ankama.Dofus.Protocol.Game.dll	913411	0		IMessage<iwo>,IBufferMessage	
iwp	11321	Ankama.Dofus.Protocol.Game.dll	913513	0		IMessage<iwp>,IBufferMessage	
iwq	11323	Ankama.Dofus.Protocol.Game.dll	913603	0		IMessage<iwq>,IBufferMessage	
iwt	11327	Ankama.Dofus.Protocol.Game.dll	913721	0		IMessage<iwt>,IBufferMessage	
iww	11331	Ankama.Dofus.Protocol.Game.dll	913800	0		IMessage<iww>,IBufferMessage	
ixa	11336	Ankama.Dofus.Protocol.Game.dll	914015	0		IMessage<ixa>,IBufferMessage	
ixf	11344	Ankama.Dofus.Protocol.Game.dll	914125	0		IMessage<ixf>,IBufferMessage	ixb
ixg	11346	Ankama.Dofus.Protocol.Game.dll	914428	0		IMessage<ixg>,IBufferMessage	
ixj	11351	Ankama.Dofus.Protocol.Game.dll	914507	0		IMessage<ixj>,IBufferMessage	lba
ixk	11353	Ankama.Dofus.Protocol.Game.dll	914701	0		IMessage<ixk>,IBufferMessage	
ixl	11355	Ankama.Dofus.Protocol.Game.dll	914785	0		IMessage<ixl>,IBufferMessage	
ixm	11357	Ankama.Dofus.Protocol.Game.dll	914911	0		IMessage<ixm>,IBufferMessage	
ixn	11359	Ankama.Dofus.Protocol.Game.dll	914990	0		IMessage<ixn>,IBufferMessage	
ixq	11363	Ankama.Dofus.Protocol.Game.dll	915074	0		IMessage<ixq>,IBufferMessage	
ixu	11368	Ankama.Dofus.Protocol.Game.dll	915188	0		IMessage<ixu>,IBufferMessage	
iya	11378	Ankama.Dofus.Protocol.Game.dll	915324	0		IMessage<iya>,IBufferMessage	ixj,ixv,iws
iyb	11380	Ankama.Dofus.Protocol.Game.dll	915812	0		IMessage<iyb>,IBufferMessage	
iyc	11382	Ankama.Dofus.Protocol.Game.dll	915896	0		IMessage<iyc>,IBufferMessage	
iyd	11384	Ankama.Dofus.Protocol.Game.dll	915975	0		IMessage<iyd>,IBufferMessage	
iyj	11392	Ankama.Dofus.Protocol.Game.dll	916064	0		IMessage<iyj>,IBufferMessage	iws
iym	11397	Ankama.Dofus.Protocol.Game.dll	916364	0		IMessage<iym>,IBufferMessage	
iyw	11410	Ankama.Dofus.Protocol.Game.dll	916590	0		IMessage<iyw>,IBufferMessage	iws,iww,iyo,iyn
iyx	11412	Ankama.Dofus.Protocol.Game.dll	916961	0		IMessage<iyx>,IBufferMessage	
izg	11425	Ankama.Dofus.Protocol.Game.dll	917074	0		IMessage<izg>,IBufferMessage	ixj,iws,iyy
izh	11427	Ankama.Dofus.Protocol.Game.dll	917673	0		IMessage<izh>,IBufferMessage	
izi	11429	Ankama.Dofus.Protocol.Game.dll	917752	0		IMessage<izi>,IBufferMessage	lng
izj	11431	Ankama.Dofus.Protocol.Game.dll	917846	0		IMessage<izj>,IBufferMessage	
izo	11439	Ankama.Dofus.Protocol.Game.dll	917935	0		IMessage<izo>,IBufferMessage	
izq	11442	Ankama.Dofus.Protocol.Game.dll	918275	0		IMessage<izq>,IBufferMessage	
izr	11444	Ankama.Dofus.Protocol.Game.dll	918359	0		IMessage<izr>,IBufferMessage	lnx
izu	11449	Ankama.Dofus.Protocol.Game.dll	918448	0		IMessage<izu>,IBufferMessage	
izv	11451	Ankama.Dofus.Protocol.Game.dll	918667	0		IMessage<izv>,IBufferMessage	
izy	11456	Ankama.Dofus.Protocol.Game.dll	918756	0		IMessage<izy>,IBufferMessage	lfe
izz	11458	Ankama.Dofus.Protocol.Game.dll	919007	0		IMessage<izz>,IBufferMessage	lnx
jaa	11460	Ankama.Dofus.Protocol.Game.dll	919118	0		IMessage<jaa>,IBufferMessage	
jab	11462	Ankama.Dofus.Protocol.Game.dll	919203	0		IMessage<jab>,IBufferMessage	
jac	11464	Ankama.Dofus.Protocol.Game.dll	919292	0		IMessage<jac>,IBufferMessage	
jad	11466	Ankama.Dofus.Protocol.Game.dll	919391	0		IMessage<jad>,IBufferMessage	
jae	11468	Ankama.Dofus.Protocol.Game.dll	919475	0		IMessage<jae>,IBufferMessage	
jai	11474	Ankama.Dofus.Protocol.Game.dll	919579	0		IMessage<jai>,IBufferMessage	
jaj	11476	Ankama.Dofus.Protocol.Game.dll	919810	0		IMessage<jaj>,IBufferMessage	lcb
jak	11478	Ankama.Dofus.Protocol.Game.dll	919919	0		IMessage<jak>,IBufferMessage	les
jal	11480	Ankama.Dofus.Protocol.Game.dll	920034	0		IMessage<jal>,IBufferMessage	
jam	11482	Ankama.Dofus.Protocol.Game.dll	920118	0		IMessage<jam>,IBufferMessage	
jan	11484	Ankama.Dofus.Protocol.Game.dll	920202	0		IMessage<jan>,IBufferMessage	
jao	11486	Ankama.Dofus.Protocol.Game.dll	920301	0		IMessage<jao>,IBufferMessage	
jaq	11489	Ankama.Dofus.Protocol.Game.dll	920409	0		IMessage<jaq>,IBufferMessage	
jar	11491	Ankama.Dofus.Protocol.Game.dll	920488	0		IMessage<jar>,IBufferMessage	
jas	11493	Ankama.Dofus.Protocol.Game.dll	920582	0		IMessage<jas>,IBufferMessage	
jat	11495	Ankama.Dofus.Protocol.Game.dll	920672	0		IMessage<jat>,IBufferMessage	lpg
jau	11497	Ankama.Dofus.Protocol.Game.dll	920761	0		IMessage<jau>,IBufferMessage	
jav	11499	Ankama.Dofus.Protocol.Game.dll	920850	0		IMessage<jav>,IBufferMessage	
jaw	11501	Ankama.Dofus.Protocol.Game.dll	920935	0		IMessage<jaw>,IBufferMessage	
jax	11503	Ankama.Dofus.Protocol.Game.dll	921014	0		IMessage<jax>,IBufferMessage	lpg
jay	11505	Ankama.Dofus.Protocol.Game.dll	921103	0		IMessage<jay>,IBufferMessage	
jaz	11507	Ankama.Dofus.Protocol.Game.dll	921192	0		IMessage<jaz>,IBufferMessage	
jba	11509	Ankama.Dofus.Protocol.Game.dll	921292	0		IMessage<jba>,IBufferMessage	
jbb	11511	Ankama.Dofus.Protocol.Game.dll	921371	0		IMessage<jbb>,IBufferMessage	
jbf	11517	Ankama.Dofus.Protocol.Game.dll	921465	0		IMessage<jbf>,IBufferMessage	
jbg	11519	Ankama.Dofus.Protocol.Game.dll	921656	0		IMessage<jbg>,IBufferMessage	
jbh	11521	Ankama.Dofus.Protocol.Game.dll	921753	0		IMessage<jbh>,IBufferMessage	lpg
jbk	11525	Ankama.Dofus.Protocol.Game.dll	921842	0		IMessage<jbk>,IBufferMessage	
jbl	11527	Ankama.Dofus.Protocol.Game.dll	921956	0		IMessage<jbl>,IBufferMessage	
jbm	11529	Ankama.Dofus.Protocol.Game.dll	922045	0		IMessage<jbm>,IBufferMessage	
jbn	11531	Ankama.Dofus.Protocol.Game.dll	922124	0		IMessage<jbn>,IBufferMessage	
jbo	11533	Ankama.Dofus.Protocol.Game.dll	922213	0		IMessage<jbo>,IBufferMessage	
jbs	11539	Ankama.Dofus.Protocol.Game.dll	922298	0		IMessage<jbs>,IBufferMessage	
jbt	11541	Ankama.Dofus.Protocol.Game.dll	922524	0		IMessage<jbt>,IBufferMessage	
jbu	11543	Ankama.Dofus.Protocol.Game.dll	922608	0		IMessage<jbu>,IBufferMessage	
jbv	11545	Ankama.Dofus.Protocol.Game.dll	922693	0		IMessage<jbv>,IBufferMessage	
jbx	11548	Ankama.Dofus.Protocol.Game.dll	922781	0		IMessage<jbx>,IBufferMessage	
jby	11550	Ankama.Dofus.Protocol.Game.dll	922860	0		IMessage<jby>,IBufferMessage	
jbz	11552	Ankama.Dofus.Protocol.Game.dll	922944	0		IMessage<jbz>,IBufferMessage	
jca	11554	Ankama.Dofus.Protocol.Game.dll	923041	0		IMessage<jca>,IBufferMessage	
jcc	11557	Ankama.Dofus.Protocol.Game.dll	923139	0		IMessage<jcc>,IBufferMessage	lfy
jcf	11561	Ankama.Dofus.Protocol.Game.dll	923236	0		IMessage<jcf>,IBufferMessage	
jci	11565	Ankama.Dofus.Protocol.Game.dll	923339	0		IMessage<jci>,IBufferMessage	lfy
jck	11568	Ankama.Dofus.Protocol.Game.dll	923457	0		IMessage<jck>,IBufferMessage	
jcn	11573	Ankama.Dofus.Protocol.Game.dll	923547	0		IMessage<jcn>,IBufferMessage	
jco	11575	Ankama.Dofus.Protocol.Game.dll	923767	0		IMessage<jco>,IBufferMessage	
jcs	11581	Ankama.Dofus.Protocol.Game.dll	923858	0		IMessage<jcs>,IBufferMessage	
jct	11583	Ankama.Dofus.Protocol.Game.dll	924053	0		IMessage<jct>,IBufferMessage	ldt
jcu	11585	Ankama.Dofus.Protocol.Game.dll	924137	0		IMessage<jcu>,IBufferMessage	
jcv	11587	Ankama.Dofus.Protocol.Game.dll	924222	0		IMessage<jcv>,IBufferMessage	
jdb	11596	Ankama.Dofus.Protocol.Game.dll	924360	0		IMessage<jdb>,IBufferMessage	jcx,jgs,jfl,jdf
jdc	11598	Ankama.Dofus.Protocol.Game.dll	924659	0		IMessage<jdc>,IBufferMessage	jdx
jdf	11602	Ankama.Dofus.Protocol.Game.dll	924743	0		IMessage<jdf>,IBufferMessage	
jdk	11610	Ankama.Dofus.Protocol.Game.dll	924856	0		IMessage<jdk>,IBufferMessage	jdg,jdx
jdx	11629	Ankama.Dofus.Protocol.Game.dll	925132	0		IMessage<jdx>,IBufferMessage	jdl,lba
jed	11639	Ankama.Dofus.Protocol.Game.dll	925783	0		IMessage<jed>,IBufferMessage	jdy,jdx
jei	11647	Ankama.Dofus.Protocol.Game.dll	926212	0		IMessage<jei>,IBufferMessage	jee,jdf
jej	11649	Ankama.Dofus.Protocol.Game.dll	926489	0		IMessage<jej>,IBufferMessage	
jem	11654	Ankama.Dofus.Protocol.Game.dll	926578	0		IMessage<jem>,IBufferMessage	jdf
jen	11656	Ankama.Dofus.Protocol.Game.dll	926809	0		IMessage<jen>,IBufferMessage	
jeq	11661	Ankama.Dofus.Protocol.Game.dll	926893	0		IMessage<jeq>,IBufferMessage	
jet	11665	Ankama.Dofus.Protocol.Game.dll	927123	0		IMessage<jet>,IBufferMessage	jgs
jeu	11667	Ankama.Dofus.Protocol.Game.dll	927238	0		IMessage<jeu>,IBufferMessage	
jew	11670	Ankama.Dofus.Protocol.Game.dll	927326	0		IMessage<jew>,IBufferMessage	
jex	11672	Ankama.Dofus.Protocol.Game.dll	927405	0		IMessage<jex>,IBufferMessage	jfl
jey	11674	Ankama.Dofus.Protocol.Game.dll	927494	0		IMessage<jey>,IBufferMessage	
jez	11676	Ankama.Dofus.Protocol.Game.dll	927578	0		IMessage<jez>,IBufferMessage	
jff	11686	Ankama.Dofus.Protocol.Game.dll	927675	0		IMessage<jff>,IBufferMessage	jfa,jfl
jfk	11694	Ankama.Dofus.Protocol.Game.dll	928030	0		IMessage<jfk>,IBufferMessage	jfg,jfl
jfl	11696	Ankama.Dofus.Protocol.Game.dll	928301	0		IMessage<jfl>,IBufferMessage	
jfo	11701	Ankama.Dofus.Protocol.Game.dll	928413	0		IMessage<jfo>,IBufferMessage	
jfp	11703	Ankama.Dofus.Protocol.Game.dll	928646	0		IMessage<jfp>,IBufferMessage	
jfr	11706	Ankama.Dofus.Protocol.Game.dll	928734	0		IMessage<jfr>,IBufferMessage	
jfs	11708	Ankama.Dofus.Protocol.Game.dll	928819	0		IMessage<jfs>,IBufferMessage	
jfv	11713	Ankama.Dofus.Protocol.Game.dll	928898	0		IMessage<jfv>,IBufferMessage	
jfw	11715	Ankama.Dofus.Protocol.Game.dll	929088	0		IMessage<jfw>,IBufferMessage	
jfy	11718	Ankama.Dofus.Protocol.Game.dll	929181	0		IMessage<jfy>,IBufferMessage	
jfz	11720	Ankama.Dofus.Protocol.Game.dll	929260	0		IMessage<jfz>,IBufferMessage	jgb
jga	11722	Ankama.Dofus.Protocol.Game.dll	929357	0		IMessage<jga>,IBufferMessage	
jgb	11724	Ankama.Dofus.Protocol.Game.dll	929436	0		IMessage<jgb>,IBufferMessage	
jgc	11726	Ankama.Dofus.Protocol.Game.dll	929526	0		IMessage<jgc>,IBufferMessage	jgb
jgg	11731	Ankama.Dofus.Protocol.Game.dll	929625	0		IMessage<jgg>,IBufferMessage	jgs
jgl	11739	Ankama.Dofus.Protocol.Game.dll	929726	0		IMessage<jgl>,IBufferMessage	jgh,jgs
jgq	11747	Ankama.Dofus.Protocol.Game.dll	929997	0		IMessage<jgq>,IBufferMessage	jgm,jgs
jgr	11749	Ankama.Dofus.Protocol.Game.dll	930273	0		IMessage<jgr>,IBufferMessage	
jgs	11751	Ankama.Dofus.Protocol.Game.dll	930352	0		IMessage<jgs>,IBufferMessage	
jgu	11754	Ankama.Dofus.Protocol.Game.dll	930452	0		IMessage<jgu>,IBufferMessage	
jgv	11756	Ankama.Dofus.Protocol.Game.dll	930537	0		IMessage<jgv>,IBufferMessage	
jgw	11758	Ankama.Dofus.Protocol.Game.dll	930631	0		IMessage<jgw>,IBufferMessage	les
jgz	11763	Ankama.Dofus.Protocol.Game.dll	930725	0		IMessage<jgz>,IBufferMessage	lpg
jha	11765	Ankama.Dofus.Protocol.Game.dll	930941	0		IMessage<jha>,IBufferMessage	
jhb	11767	Ankama.Dofus.Protocol.Game.dll	931025	0		IMessage<jhb>,IBufferMessage	
jhc	11769	Ankama.Dofus.Protocol.Game.dll	931120	0		IMessage<jhc>,IBufferMessage	
jhd	11771	Ankama.Dofus.Protocol.Game.dll	931199	0		IMessage<jhd>,IBufferMessage	
jhe	11773	Ankama.Dofus.Protocol.Game.dll	931288	0		IMessage<jhe>,IBufferMessage	les
jhf	11775	Ankama.Dofus.Protocol.Game.dll	931387	0		IMessage<jhf>,IBufferMessage	
jhh	11778	Ankama.Dofus.Protocol.Game.dll	931488	0		IMessage<jhh>,IBufferMessage	
jhk	11782	Ankama.Dofus.Protocol.Game.dll	931632	0		IMessage<jhk>,IBufferMessage	leg
jhn	11786	Ankama.Dofus.Protocol.Game.dll	931734	0		IMessage<jhn>,IBufferMessage	
jho	11788	Ankama.Dofus.Protocol.Game.dll	931846	0		IMessage<jho>,IBufferMessage	
jhp	11790	Ankama.Dofus.Protocol.Game.dll	931935	0		IMessage<jhp>,IBufferMessage	
jhq	11792	Ankama.Dofus.Protocol.Game.dll	932019	0		IMessage<jhq>,IBufferMessage	lbv
jhr	11794	Ankama.Dofus.Protocol.Game.dll	932103	0		IMessage<jhr>,IBufferMessage	lbw
jhu	11798	Ankama.Dofus.Protocol.Game.dll	932192	0		IMessage<jhu>,IBufferMessage	
jhv	11800	Ankama.Dofus.Protocol.Game.dll	932302	0		IMessage<jhv>,IBufferMessage	
jhy	11805	Ankama.Dofus.Protocol.Game.dll	932386	0		IMessage<jhy>,IBufferMessage	lbv
jhz	11807	Ankama.Dofus.Protocol.Game.dll	932603	0		IMessage<jhz>,IBufferMessage	lld
jia	11809	Ankama.Dofus.Protocol.Game.dll	932694	0		IMessage<jia>,IBufferMessage	
jid	11814	Ankama.Dofus.Protocol.Game.dll	932778	0		IMessage<jid>,IBufferMessage	lld
jie	11816	Ankama.Dofus.Protocol.Game.dll	932994	0		IMessage<jie>,IBufferMessage	les
jii	11821	Ankama.Dofus.Protocol.Game.dll	933089	0		IMessage<jii>,IBufferMessage	
jij	11823	Ankama.Dofus.Protocol.Game.dll	933203	0		IMessage<jij>,IBufferMessage	lbx
jik	11825	Ankama.Dofus.Protocol.Game.dll	933287	0		IMessage<jik>,IBufferMessage	
jil	11827	Ankama.Dofus.Protocol.Game.dll	933377	0		IMessage<jil>,IBufferMessage	
jim	11829	Ankama.Dofus.Protocol.Game.dll	933486	0		IMessage<jim>,IBufferMessage	
jin	11831	Ankama.Dofus.Protocol.Game.dll	933565	0		IMessage<jin>,IBufferMessage	lbx
jiq	11836	Ankama.Dofus.Protocol.Game.dll	933659	0		IMessage<jiq>,IBufferMessage	les
jir	11838	Ankama.Dofus.Protocol.Game.dll	933850	0		IMessage<jir>,IBufferMessage	lbw
jiv	11844	Ankama.Dofus.Protocol.Game.dll	933934	0		IMessage<jiv>,IBufferMessage	
jiy	11848	Ankama.Dofus.Protocol.Game.dll	934142	0		IMessage<jiy>,IBufferMessage	
jiz	11850	Ankama.Dofus.Protocol.Game.dll	934248	0		IMessage<jiz>,IBufferMessage	
jjc	11855	Ankama.Dofus.Protocol.Game.dll	934339	0		IMessage<jjc>,IBufferMessage	
jjd	11857	Ankama.Dofus.Protocol.Game.dll	934560	0		IMessage<jjd>,IBufferMessage	
jje	11859	Ankama.Dofus.Protocol.Game.dll	934644	0		IMessage<jje>,IBufferMessage	
jjf	11861	Ankama.Dofus.Protocol.Game.dll	934738	0		IMessage<jjf>,IBufferMessage	leg
jjg	11863	Ankama.Dofus.Protocol.Game.dll	934827	0		IMessage<jjg>,IBufferMessage	lld
jjj	11867	Ankama.Dofus.Protocol.Game.dll	934916	0		IMessage<jjj>,IBufferMessage	
jjm	11871	Ankama.Dofus.Protocol.Game.dll	935022	0		IMessage<jjm>,IBufferMessage	
jjn	11873	Ankama.Dofus.Protocol.Game.dll	935205	0		IMessage<jjn>,IBufferMessage	
jjp	11876	Ankama.Dofus.Protocol.Game.dll	935303	0		IMessage<jjp>,IBufferMessage	lpx
jjs	11880	Ankama.Dofus.Protocol.Game.dll	935387	0		IMessage<jjs>,IBufferMessage	
jjt	11882	Ankama.Dofus.Protocol.Game.dll	935493	0		IMessage<jjt>,IBufferMessage	
jjv	11885	Ankama.Dofus.Protocol.Game.dll	935602	0		IMessage<jjv>,IBufferMessage	
jjw	11887	Ankama.Dofus.Protocol.Game.dll	935691	0		IMessage<jjw>,IBufferMessage	
jjx	11889	Ankama.Dofus.Protocol.Game.dll	935775	0		IMessage<jjx>,IBufferMessage	
jjy	11891	Ankama.Dofus.Protocol.Game.dll	935859	0		IMessage<jjy>,IBufferMessage	
jjz	11893	Ankama.Dofus.Protocol.Game.dll	935943	0		IMessage<jjz>,IBufferMessage	
jkh	11904	Ankama.Dofus.Protocol.Game.dll	936098	0		IMessage<jkh>,IBufferMessage	jkb
jki	11906	Ankama.Dofus.Protocol.Game.dll	936398	0		IMessage<jki>,IBufferMessage	
jkj	11908	Ankama.Dofus.Protocol.Game.dll	936477	0		IMessage<jkj>,IBufferMessage	
jkq	11918	Ankama.Dofus.Protocol.Game.dll	936561	0		IMessage<jkq>,IBufferMessage	jkk
jkt	11923	Ankama.Dofus.Protocol.Game.dll	936858	0		IMessage<jkt>,IBufferMessage	jkq
jku	11925	Ankama.Dofus.Protocol.Game.dll	937065	0		IMessage<jku>,IBufferMessage	
jkv	11927	Ankama.Dofus.Protocol.Game.dll	937155	0		IMessage<jkv>,IBufferMessage	jkq
jkw	11929	Ankama.Dofus.Protocol.Game.dll	937244	0		IMessage<jkw>,IBufferMessage	
jkx	11931	Ankama.Dofus.Protocol.Game.dll	937328	0		IMessage<jkx>,IBufferMessage	
jky	11933	Ankama.Dofus.Protocol.Game.dll	937412	0		IMessage<jky>,IBufferMessage	
jla	11936	Ankama.Dofus.Protocol.Game.dll	937532	0		IMessage<jla>,IBufferMessage	
jlb	11938	Ankama.Dofus.Protocol.Game.dll	937621	0		IMessage<jlb>,IBufferMessage	
jle	11942	Ankama.Dofus.Protocol.Game.dll	937710	0		IMessage<jle>,IBufferMessage	
jlg	11945	Ankama.Dofus.Protocol.Game.dll	937831	0		IMessage<jlg>,IBufferMessage	
jlh	11947	Ankama.Dofus.Protocol.Game.dll	937915	0		IMessage<jlh>,IBufferMessage	
jlk	11951	Ankama.Dofus.Protocol.Game.dll	937994	0		IMessage<jlk>,IBufferMessage	
jll	11953	Ankama.Dofus.Protocol.Game.dll	938096	0		IMessage<jll>,IBufferMessage	
jlo	11958	Ankama.Dofus.Protocol.Game.dll	938185	0		IMessage<jlo>,IBufferMessage	
jlp	11960	Ankama.Dofus.Protocol.Game.dll	938416	0		IMessage<jlp>,IBufferMessage	
jlq	11962	Ankama.Dofus.Protocol.Game.dll	938516	0		IMessage<jlq>,IBufferMessage	
jls	11965	Ankama.Dofus.Protocol.Game.dll	938609	0		IMessage<jls>,IBufferMessage	
jlt	11967	Ankama.Dofus.Protocol.Game.dll	938698	0		IMessage<jlt>,IBufferMessage	
jlu	11969	Ankama.Dofus.Protocol.Game.dll	938787	0		IMessage<jlu>,IBufferMessage	
jlv	11971	Ankama.Dofus.Protocol.Game.dll	938866	0		IMessage<jlv>,IBufferMessage	
jlw	11973	Ankama.Dofus.Protocol.Game.dll	938950	0		IMessage<jlw>,IBufferMessage	
jlx	11975	Ankama.Dofus.Protocol.Game.dll	939105	0		IMessage<jlx>,IBufferMessage	
jly	11977	Ankama.Dofus.Protocol.Game.dll	939194	0		IMessage<jly>,IBufferMessage	lbt,lpo
jlz	11979	Ankama.Dofus.Protocol.Game.dll	939288	0		IMessage<jlz>,IBufferMessage	
jma	11981	Ankama.Dofus.Protocol.Game.dll	939383	0		IMessage<jma>,IBufferMessage	
jme	11987	Ankama.Dofus.Protocol.Game.dll	939472	0		IMessage<jme>,IBufferMessage	les,lpo
jmf	11989	Ankama.Dofus.Protocol.Game.dll	939668	0		IMessage<jmf>,IBufferMessage	
jmi	11993	Ankama.Dofus.Protocol.Game.dll	939768	0		IMessage<jmi>,IBufferMessage	
jml	11997	Ankama.Dofus.Protocol.Game.dll	939871	0		IMessage<jml>,IBufferMessage	
jmo	12001	Ankama.Dofus.Protocol.Game.dll	939982	0		IMessage<jmo>,IBufferMessage	
jmp	12003	Ankama.Dofus.Protocol.Game.dll	940092	0		IMessage<jmp>,IBufferMessage	les
jmu	12010	Ankama.Dofus.Protocol.Game.dll	940221	0		IMessage<jmu>,IBufferMessage	
jmv	12012	Ankama.Dofus.Protocol.Game.dll	940426	0		IMessage<jmv>,IBufferMessage	
jnc	12023	Ankama.Dofus.Protocol.Game.dll	940540	0		IMessage<jnc>,IBufferMessage	jmw
jnf	12027	Ankama.Dofus.Protocol.Game.dll	940951	0		IMessage<jnf>,IBufferMessage	
jng	12029	Ankama.Dofus.Protocol.Game.dll	941057	0		IMessage<jng>,IBufferMessage	jpn
jnh	12031	Ankama.Dofus.Protocol.Game.dll	941146	0		IMessage<jnh>,IBufferMessage	
jnk	12035	Ankama.Dofus.Protocol.Game.dll	941230	0		IMessage<jnk>,IBufferMessage	
jnn	12039	Ankama.Dofus.Protocol.Game.dll	941328	0		IMessage<jnn>,IBufferMessage	
jnr	12045	Ankama.Dofus.Protocol.Game.dll	941436	0		IMessage<jnr>,IBufferMessage	
jns	12047	Ankama.Dofus.Protocol.Game.dll	941644	0		IMessage<jns>,IBufferMessage	
jnt	12049	Ankama.Dofus.Protocol.Game.dll	941723	0		IMessage<jnt>,IBufferMessage	
jnu	12051	Ankama.Dofus.Protocol.Game.dll	941818	0		IMessage<jnu>,IBufferMessage	
jnv	12053	Ankama.Dofus.Protocol.Game.dll	941897	0		IMessage<jnv>,IBufferMessage	
jny	12058	Ankama.Dofus.Protocol.Game.dll	942023	0		IMessage<jny>,IBufferMessage	
jnz	12060	Ankama.Dofus.Protocol.Game.dll	942243	0		IMessage<jnz>,IBufferMessage	
joa	12062	Ankama.Dofus.Protocol.Game.dll	942363	0		IMessage<joa>,IBufferMessage	lba
joc	12064	Ankama.Dofus.Protocol.Game.dll	942484	0		IMessage<joc>,IBufferMessage	
jof	12069	Ankama.Dofus.Protocol.Game.dll	942568	0		IMessage<jof>,IBufferMessage	
jog	12071	Ankama.Dofus.Protocol.Game.dll	942747	0		IMessage<jog>,IBufferMessage	
joh	12073	Ankama.Dofus.Protocol.Game.dll	942836	0		IMessage<joh>,IBufferMessage	
jol	12079	Ankama.Dofus.Protocol.Game.dll	942921	0		IMessage<jol>,IBufferMessage	
jom	12081	Ankama.Dofus.Protocol.Game.dll	943116	0		IMessage<jom>,IBufferMessage	
jop	12086	Ankama.Dofus.Protocol.Game.dll	943205	0		IMessage<jop>,IBufferMessage	
joq	12088	Ankama.Dofus.Protocol.Game.dll	943398	0		IMessage<joq>,IBufferMessage	jmr
jor	12090	Ankama.Dofus.Protocol.Game.dll	943494	0		IMessage<jor>,IBufferMessage	
jos	12092	Ankama.Dofus.Protocol.Game.dll	943594	0		IMessage<jos>,IBufferMessage	joa
jov	12097	Ankama.Dofus.Protocol.Game.dll	943741	0		IMessage<jov>,IBufferMessage	
jpb	12106	Ankama.Dofus.Protocol.Game.dll	943938	0		IMessage<jpb>,IBufferMessage	jow
jpe	12110	Ankama.Dofus.Protocol.Game.dll	944246	0		IMessage<jpe>,IBufferMessage	
jpi	12116	Ankama.Dofus.Protocol.Game.dll	944352	0		IMessage<jpi>,IBufferMessage	
jpj	12118	Ankama.Dofus.Protocol.Game.dll	944535	0		IMessage<jpj>,IBufferMessage	joa
jpk	12120	Ankama.Dofus.Protocol.Game.dll	944619	0		IMessage<jpk>,IBufferMessage	joa
jpn	12124	Ankama.Dofus.Protocol.Game.dll	944708	0		IMessage<jpn>,IBufferMessage	jos
jpq	12128	Ankama.Dofus.Protocol.Game.dll	944841	0		IMessage<jpq>,IBufferMessage	joa
jpr	12130	Ankama.Dofus.Protocol.Game.dll	944947	0		IMessage<jpr>,IBufferMessage	
jps	12132	Ankama.Dofus.Protocol.Game.dll	945026	0		IMessage<jps>,IBufferMessage	jmr
jpx	12139	Ankama.Dofus.Protocol.Game.dll	945110	0		IMessage<jpx>,IBufferMessage	jpt
jpy	12141	Ankama.Dofus.Protocol.Game.dll	945322	0		IMessage<jpy>,IBufferMessage	
jpz	12143	Ankama.Dofus.Protocol.Game.dll	945411	0		IMessage<jpz>,IBufferMessage	
jqd	12149	Ankama.Dofus.Protocol.Game.dll	945524	0		IMessage<jqd>,IBufferMessage	lpg
jqe	12151	Ankama.Dofus.Protocol.Game.dll	945719	0		IMessage<jqe>,IBufferMessage	
jqf	12153	Ankama.Dofus.Protocol.Game.dll	945803	0		IMessage<jqf>,IBufferMessage	
jqi	12157	Ankama.Dofus.Protocol.Game.dll	945892	0		IMessage<jqi>,IBufferMessage	
jqj	12159	Ankama.Dofus.Protocol.Game.dll	945995	0		IMessage<jqj>,IBufferMessage	
jqk	12161	Ankama.Dofus.Protocol.Game.dll	946079	0		IMessage<jqk>,IBufferMessage	
jqn	12166	Ankama.Dofus.Protocol.Game.dll	946173	0		IMessage<jqn>,IBufferMessage	
jqr	12172	Ankama.Dofus.Protocol.Game.dll	946372	0		IMessage<jqr>,IBufferMessage	
jqs	12174	Ankama.Dofus.Protocol.Game.dll	946564	0		IMessage<jqs>,IBufferMessage	lbo
jqt	12176	Ankama.Dofus.Protocol.Game.dll	946653	0		IMessage<jqt>,IBufferMessage	
jqw	12180	Ankama.Dofus.Protocol.Game.dll	946742	0		IMessage<jqw>,IBufferMessage	
jqx	12182	Ankama.Dofus.Protocol.Game.dll	946850	0		IMessage<jqx>,IBufferMessage	
jqy	12184	Ankama.Dofus.Protocol.Game.dll	946935	0		IMessage<jqy>,IBufferMessage	
jqz	12186	Ankama.Dofus.Protocol.Game.dll	947031	0		IMessage<jqz>,IBufferMessage	
jra	12188	Ankama.Dofus.Protocol.Game.dll	947120	0		IMessage<jra>,IBufferMessage	lpx
jrd	12192	Ankama.Dofus.Protocol.Game.dll	947204	0		IMessage<jrd>,IBufferMessage	
jrg	12196	Ankama.Dofus.Protocol.Game.dll	947311	0		IMessage<jrg>,IBufferMessage	
jrh	12198	Ankama.Dofus.Protocol.Game.dll	947412	0		IMessage<jrh>,IBufferMessage	
jri	12200	Ankama.Dofus.Protocol.Game.dll	947496	0		IMessage<jri>,IBufferMessage	
jrk	12203	Ankama.Dofus.Protocol.Game.dll	947603	0		IMessage<jrk>,IBufferMessage	jsk,jrj
jrn	12208	Ankama.Dofus.Protocol.Game.dll	947720	0		IMessage<jrn>,IBufferMessage	
jrq	12213	Ankama.Dofus.Protocol.Game.dll	947921	0		IMessage<jrq>,IBufferMessage	
jrr	12215	Ankama.Dofus.Protocol.Game.dll	948108	0		IMessage<jrr>,IBufferMessage	lfe
jru	12219	Ankama.Dofus.Protocol.Game.dll	948192	0		IMessage<jru>,IBufferMessage	
jrv	12221	Ankama.Dofus.Protocol.Game.dll	948300	0		IMessage<jrv>,IBufferMessage	
jrw	12223	Ankama.Dofus.Protocol.Game.dll	948379	0		IMessage<jrw>,IBufferMessage	
jry	12226	Ankama.Dofus.Protocol.Game.dll	948474	0		IMessage<jry>,IBufferMessage	jrx
jrz	12228	Ankama.Dofus.Protocol.Game.dll	948581	0		IMessage<jrz>,IBufferMessage	
jsc	12233	Ankama.Dofus.Protocol.Game.dll	948699	0		IMessage<jsc>,IBufferMessage	
jsd	12235	Ankama.Dofus.Protocol.Game.dll	948922	0		IMessage<jsd>,IBufferMessage	lbo
jse	12237	Ankama.Dofus.Protocol.Game.dll	949016	0		IMessage<jse>,IBufferMessage	
jsg	12240	Ankama.Dofus.Protocol.Game.dll	949105	0		IMessage<jsg>,IBufferMessage	jqr,jsf
jsj	12245	Ankama.Dofus.Protocol.Game.dll	949212	0		IMessage<jsj>,IBufferMessage	
jsk	12247	Ankama.Dofus.Protocol.Game.dll	949475	0		IMessage<jsk>,IBufferMessage	
jsn	12252	Ankama.Dofus.Protocol.Game.dll	949564	0		IMessage<jsn>,IBufferMessage	
jsq	12256	Ankama.Dofus.Protocol.Game.dll	949788	0		IMessage<jsq>,IBufferMessage	
jss	12259	Ankama.Dofus.Protocol.Game.dll	949888	0		IMessage<jss>,IBufferMessage	jsr
jtc	12273	Ankama.Dofus.Protocol.Game.dll	950133	0		IMessage<jtc>,IBufferMessage	jsw,jsx
jtg	12280	Ankama.Dofus.Protocol.Game.dll	950553	0		IMessage<jtg>,IBufferMessage	jte
jth	12282	Ankama.Dofus.Protocol.Game.dll	950855	0		IMessage<jth>,IBufferMessage	
jti	12284	Ankama.Dofus.Protocol.Game.dll	950944	0		IMessage<jti>,IBufferMessage	
jtn	12292	Ankama.Dofus.Protocol.Game.dll	951033	0		IMessage<jtn>,IBufferMessage	
jto	12294	Ankama.Dofus.Protocol.Game.dll	951345	0		IMessage<jto>,IBufferMessage	jsv
jwe	12409	Ankama.Dofus.Protocol.Game.dll	951523	0		IMessage<jwe>,IBufferMessage	jtp,lbk,jud,lhg,jtc,lpk,ldz,juy,jsu,jvd,lbl
jwh	12414	Ankama.Dofus.Protocol.Game.dll	956405	0		IMessage<jwh>,IBufferMessage	
jwi	12416	Ankama.Dofus.Protocol.Game.dll	956631	0		IMessage<jwi>,IBufferMessage	jsv
jwj	12418	Ankama.Dofus.Protocol.Game.dll	956725	0		IMessage<jwj>,IBufferMessage	
jwm	12422	Ankama.Dofus.Protocol.Game.dll	956819	0		IMessage<jwm>,IBufferMessage	
jwn	12424	Ankama.Dofus.Protocol.Game.dll	956929	0		IMessage<jwn>,IBufferMessage	
jwo	12426	Ankama.Dofus.Protocol.Game.dll	957024	0		IMessage<jwo>,IBufferMessage	
jwq	12429	Ankama.Dofus.Protocol.Game.dll	957129	0		IMessage<jwq>,IBufferMessage	
jwr	12431	Ankama.Dofus.Protocol.Game.dll	957214	0		IMessage<jwr>,IBufferMessage	lsg,jwv
jws	12433	Ankama.Dofus.Protocol.Game.dll	957323	0		IMessage<jws>,IBufferMessage	lhq
jwv	12438	Ankama.Dofus.Protocol.Game.dll	957412	0		IMessage<jwv>,IBufferMessage	lbg,lgw,lhl
jww	12440	Ankama.Dofus.Protocol.Game.dll	957612	0		IMessage<jww>,IBufferMessage	
jwz	12445	Ankama.Dofus.Protocol.Game.dll	957731	0		IMessage<jwz>,IBufferMessage	
jxa	12447	Ankama.Dofus.Protocol.Game.dll	957947	0		IMessage<jxa>,IBufferMessage	
jxb	12449	Ankama.Dofus.Protocol.Game.dll	958026	0		IMessage<jxb>,IBufferMessage	
jxc	12451	Ankama.Dofus.Protocol.Game.dll	958111	0		IMessage<jxc>,IBufferMessage	
jxf	12455	Ankama.Dofus.Protocol.Game.dll	958226	0		IMessage<jxf>,IBufferMessage	
jxg	12457	Ankama.Dofus.Protocol.Game.dll	958355	0		IMessage<jxg>,IBufferMessage	ljx
jxh	12459	Ankama.Dofus.Protocol.Game.dll	958444	0		IMessage<jxh>,IBufferMessage	
jxi	12461	Ankama.Dofus.Protocol.Game.dll	958533	0		IMessage<jxi>,IBufferMessage	
jxj	12463	Ankama.Dofus.Protocol.Game.dll	958617	0		IMessage<jxj>,IBufferMessage	lfg
jxk	12465	Ankama.Dofus.Protocol.Game.dll	958711	0		IMessage<jxk>,IBufferMessage	
jxl	12467	Ankama.Dofus.Protocol.Game.dll	958807	0		IMessage<jxl>,IBufferMessage	ljx
jxm	12469	Ankama.Dofus.Protocol.Game.dll	958891	0		IMessage<jxm>,IBufferMessage	lff
jxn	12471	Ankama.Dofus.Protocol.Game.dll	958975	0		IMessage<jxn>,IBufferMessage	
jxo	12473	Ankama.Dofus.Protocol.Game.dll	959064	0		IMessage<jxo>,IBufferMessage	jww
jxp	12475	Ankama.Dofus.Protocol.Game.dll	959154	0		IMessage<jxp>,IBufferMessage	lhq
jxs	12479	Ankama.Dofus.Protocol.Game.dll	959243	0		IMessage<jxs>,IBufferMessage	
jxt	12481	Ankama.Dofus.Protocol.Game.dll	959366	0		IMessage<jxt>,IBufferMessage	
jxu	12483	Ankama.Dofus.Protocol.Game.dll	959450	0		IMessage<jxu>,IBufferMessage	jzb
jxv	12485	Ankama.Dofus.Protocol.Game.dll	959567	0		IMessage<jxv>,IBufferMessage	
jxw	12487	Ankama.Dofus.Protocol.Game.dll	959656	0		IMessage<jxw>,IBufferMessage	lpk
jxx	12489	Ankama.Dofus.Protocol.Game.dll	959750	0		IMessage<jxx>,IBufferMessage	
jxy	12491	Ankama.Dofus.Protocol.Game.dll	959863	0		IMessage<jxy>,IBufferMessage	
jxz	12493	Ankama.Dofus.Protocol.Game.dll	959947	0		IMessage<jxz>,IBufferMessage	
jya	12495	Ankama.Dofus.Protocol.Game.dll	960055	0		IMessage<jya>,IBufferMessage	
jyb	12497	Ankama.Dofus.Protocol.Game.dll	960144	0		IMessage<jyb>,IBufferMessage	lbl
jyc	12499	Ankama.Dofus.Protocol.Game.dll	960238	0		IMessage<jyc>,IBufferMessage	
jyf	12504	Ankama.Dofus.Protocol.Game.dll	960323	0		IMessage<jyf>,IBufferMessage	
jyg	12506	Ankama.Dofus.Protocol.Game.dll	960508	0		IMessage<jyg>,IBufferMessage	
jyj	12510	Ankama.Dofus.Protocol.Game.dll	960651	0		IMessage<jyj>,IBufferMessage	
jys	12524	Ankama.Dofus.Protocol.Game.dll	960753	0		IMessage<jys>,IBufferMessage	lbl,jyk
jyt	12526	Ankama.Dofus.Protocol.Game.dll	961246	0		IMessage<jyt>,IBufferMessage	
jyu	12528	Ankama.Dofus.Protocol.Game.dll	961335	0		IMessage<jyu>,IBufferMessage	
jyv	12530	Ankama.Dofus.Protocol.Game.dll	961419	0		IMessage<jyv>,IBufferMessage	
jyy	12535	Ankama.Dofus.Protocol.Game.dll	961513	0		IMessage<jyy>,IBufferMessage	
jzb	12540	Ankama.Dofus.Protocol.Game.dll	961755	0		IMessage<jzb>,IBufferMessage	
jzc	12542	Ankama.Dofus.Protocol.Game.dll	961953	0		IMessage<jzc>,IBufferMessage	
jzo	12563	Ankama.Dofus.Protocol.Game.dll	962088	0		IMessage<jzo>,IBufferMessage	jys
jzu	12573	Ankama.Dofus.Protocol.Game.dll	963124	0		IMessage<jzu>,IBufferMessage	jzp
jzw	12576	Ankama.Dofus.Protocol.Game.dll	963515	0		IMessage<jzw>,IBufferMessage	lbl
jzx	12578	Ankama.Dofus.Protocol.Game.dll	963614	0		IMessage<jzx>,IBufferMessage	lbi
jzy	12580	Ankama.Dofus.Protocol.Game.dll	963698	0		IMessage<jzy>,IBufferMessage	
jzz	12582	Ankama.Dofus.Protocol.Game.dll	963787	0		IMessage<jzz>,IBufferMessage	
kaa	12584	Ankama.Dofus.Protocol.Game.dll	963893	0		IMessage<kaa>,IBufferMessage	lbg
kab	12586	Ankama.Dofus.Protocol.Game.dll	964002	0		IMessage<kab>,IBufferMessage	kaa
kac	12588	Ankama.Dofus.Protocol.Game.dll	964098	0		IMessage<kac>,IBufferMessage	
kad	12590	Ankama.Dofus.Protocol.Game.dll	964187	0		IMessage<kad>,IBufferMessage	
kae	12592	Ankama.Dofus.Protocol.Game.dll	964291	0		IMessage<kae>,IBufferMessage	lgw
kah	12596	Ankama.Dofus.Protocol.Game.dll	964380	0		IMessage<kah>,IBufferMessage	
kai	12598	Ankama.Dofus.Protocol.Game.dll	964486	0		IMessage<kai>,IBufferMessage	
kal	12602	Ankama.Dofus.Protocol.Game.dll	964565	0		IMessage<kal>,IBufferMessage	
kam	12604	Ankama.Dofus.Protocol.Game.dll	964682	0		IMessage<kam>,IBufferMessage	lbg
kap	12609	Ankama.Dofus.Protocol.Game.dll	964792	0		IMessage<kap>,IBufferMessage	
kaq	12611	Ankama.Dofus.Protocol.Game.dll	964999	0		IMessage<kaq>,IBufferMessage	
kar	12613	Ankama.Dofus.Protocol.Game.dll	965083	0		IMessage<kar>,IBufferMessage	
kau	12617	Ankama.Dofus.Protocol.Game.dll	965167	0		IMessage<kau>,IBufferMessage	lbl,lbi
kav	12619	Ankama.Dofus.Protocol.Game.dll	965284	0		IMessage<kav>,IBufferMessage	
kay	12624	Ankama.Dofus.Protocol.Game.dll	965373	0		IMessage<kay>,IBufferMessage	
kaz	12626	Ankama.Dofus.Protocol.Game.dll	965586	0		IMessage<kaz>,IBufferMessage	
kba	12628	Ankama.Dofus.Protocol.Game.dll	965714	0		IMessage<kba>,IBufferMessage	lfg,lbl
kbb	12630	Ankama.Dofus.Protocol.Game.dll	965803	0		IMessage<kbb>,IBufferMessage	
kbd	12633	Ankama.Dofus.Protocol.Game.dll	965897	0		IMessage<kbd>,IBufferMessage	
kbg	12637	Ankama.Dofus.Protocol.Game.dll	966002	0		IMessage<kbg>,IBufferMessage	lbf
kbh	12639	Ankama.Dofus.Protocol.Game.dll	966137	0		IMessage<kbh>,IBufferMessage	
kbi	12641	Ankama.Dofus.Protocol.Game.dll	966221	0		IMessage<kbi>,IBufferMessage	
kbj	12643	Ankama.Dofus.Protocol.Game.dll	966306	0		IMessage<kbj>,IBufferMessage	
kbk	12645	Ankama.Dofus.Protocol.Game.dll	966405	0		IMessage<kbk>,IBufferMessage	lbf
kbl	12647	Ankama.Dofus.Protocol.Game.dll	966499	0		IMessage<kbl>,IBufferMessage	lbf
kbm	12649	Ankama.Dofus.Protocol.Game.dll	966593	0		IMessage<kbm>,IBufferMessage	
kbn	12651	Ankama.Dofus.Protocol.Game.dll	966687	0		IMessage<kbn>,IBufferMessage	
kbo	12653	Ankama.Dofus.Protocol.Game.dll	966771	0		IMessage<kbo>,IBufferMessage	
kbt	12660	Ankama.Dofus.Protocol.Game.dll	966860	0		IMessage<kbt>,IBufferMessage	
kbu	12662	Ankama.Dofus.Protocol.Game.dll	967095	0		IMessage<kbu>,IBufferMessage	
kbv	12664	Ankama.Dofus.Protocol.Game.dll	967179	0		IMessage<kbv>,IBufferMessage	
kby	12669	Ankama.Dofus.Protocol.Game.dll	967263	0		IMessage<kby>,IBufferMessage	kfw,kfa
kbz	12671	Ankama.Dofus.Protocol.Game.dll	967472	0		IMessage<kbz>,IBufferMessage	
kcc	12675	Ankama.Dofus.Protocol.Game.dll	967556	0		IMessage<kcc>,IBufferMessage	
kcd	12677	Ankama.Dofus.Protocol.Game.dll	967664	0		IMessage<kcd>,IBufferMessage	
kce	12679	Ankama.Dofus.Protocol.Game.dll	967748	0		IMessage<kce>,IBufferMessage	
kcf	12681	Ankama.Dofus.Protocol.Game.dll	967832	0		IMessage<kcf>,IBufferMessage	
kcg	12683	Ankama.Dofus.Protocol.Game.dll	967911	0		IMessage<kcg>,IBufferMessage	
kch	12685	Ankama.Dofus.Protocol.Game.dll	967990	0		IMessage<kch>,IBufferMessage	
kci	12687	Ankama.Dofus.Protocol.Game.dll	968084	0		IMessage<kci>,IBufferMessage	lbf
kcj	12689	Ankama.Dofus.Protocol.Game.dll	968178	0		IMessage<kcj>,IBufferMessage	
kck	12691	Ankama.Dofus.Protocol.Game.dll	968287	0		IMessage<kck>,IBufferMessage	
kcl	12693	Ankama.Dofus.Protocol.Game.dll	968372	0		IMessage<kcl>,IBufferMessage	
kcm	12695	Ankama.Dofus.Protocol.Game.dll	968456	0		IMessage<kcm>,IBufferMessage	
kcq	12701	Ankama.Dofus.Protocol.Game.dll	968546	0		IMessage<kcq>,IBufferMessage	
kcr	12703	Ankama.Dofus.Protocol.Game.dll	968757	0		IMessage<kcr>,IBufferMessage	
kcu	12708	Ankama.Dofus.Protocol.Game.dll	968846	0		IMessage<kcu>,IBufferMessage	
kcx	12713	Ankama.Dofus.Protocol.Game.dll	969070	0		IMessage<kcx>,IBufferMessage	
kcy	12715	Ankama.Dofus.Protocol.Game.dll	969309	0		IMessage<kcy>,IBufferMessage	
kcz	12717	Ankama.Dofus.Protocol.Game.dll	969393	0		IMessage<kcz>,IBufferMessage	
kda	12719	Ankama.Dofus.Protocol.Game.dll	969521	0		IMessage<kda>,IBufferMessage	
kdb	12721	Ankama.Dofus.Protocol.Game.dll	969617	0		IMessage<kdb>,IBufferMessage	
kdc	12723	Ankama.Dofus.Protocol.Game.dll	969706	0		IMessage<kdc>,IBufferMessage	lgl,lhg
kdd	12725	Ankama.Dofus.Protocol.Game.dll	969843	0		IMessage<kdd>,IBufferMessage	
kdg	12730	Ankama.Dofus.Protocol.Game.dll	969934	0		IMessage<kdg>,IBufferMessage	
kdh	12732	Ankama.Dofus.Protocol.Game.dll	970167	0		IMessage<kdh>,IBufferMessage	
kdk	12736	Ankama.Dofus.Protocol.Game.dll	970256	0		IMessage<kdk>,IBufferMessage	
kdr	12745	Ankama.Dofus.Protocol.Game.dll	970373	0		IMessage<kdr>,IBufferMessage	kdl,llk
kds	12747	Ankama.Dofus.Protocol.Game.dll	970628	0		IMessage<kds>,IBufferMessage	lea
kdv	12751	Ankama.Dofus.Protocol.Game.dll	970717	0		IMessage<kdv>,IBufferMessage	
kdw	12753	Ankama.Dofus.Protocol.Game.dll	970822	0		IMessage<kdw>,IBufferMessage	kfw
kdx	12755	Ankama.Dofus.Protocol.Game.dll	970906	0		IMessage<kdx>,IBufferMessage	
kdy	12757	Ankama.Dofus.Protocol.Game.dll	970995	0		IMessage<kdy>,IBufferMessage	
kdz	12759	Ankama.Dofus.Protocol.Game.dll	971079	0		IMessage<kdz>,IBufferMessage	
kea	12761	Ankama.Dofus.Protocol.Game.dll	971198	0		IMessage<kea>,IBufferMessage	
ked	12765	Ankama.Dofus.Protocol.Game.dll	971287	0		IMessage<ked>,IBufferMessage	lec
kee	12767	Ankama.Dofus.Protocol.Game.dll	971401	0		IMessage<kee>,IBufferMessage	
kef	12769	Ankama.Dofus.Protocol.Game.dll	971485	0		IMessage<kef>,IBufferMessage	
keg	12771	Ankama.Dofus.Protocol.Game.dll	971576	0		IMessage<keg>,IBufferMessage	
keh	12773	Ankama.Dofus.Protocol.Game.dll	971665	0		IMessage<keh>,IBufferMessage	
kei	12775	Ankama.Dofus.Protocol.Game.dll	971754	0		IMessage<kei>,IBufferMessage	
kem	12782	Ankama.Dofus.Protocol.Game.dll	971843	0		IMessage<kem>,IBufferMessage	
ken	12784	Ankama.Dofus.Protocol.Game.dll	972131	0		IMessage<ken>,IBufferMessage	
keo	12786	Ankama.Dofus.Protocol.Game.dll	972220	0		IMessage<keo>,IBufferMessage	
kep	12788	Ankama.Dofus.Protocol.Game.dll	972314	0		IMessage<kep>,IBufferMessage	
keq	12790	Ankama.Dofus.Protocol.Game.dll	972403	0		IMessage<keq>,IBufferMessage	
ker	12792	Ankama.Dofus.Protocol.Game.dll	972497	0		IMessage<ker>,IBufferMessage	
kes	12794	Ankama.Dofus.Protocol.Game.dll	972581	0		IMessage<kes>,IBufferMessage	kfa
ket	12796	Ankama.Dofus.Protocol.Game.dll	972686	0		IMessage<ket>,IBufferMessage	
keu	12798	Ankama.Dofus.Protocol.Game.dll	972793	0		IMessage<keu>,IBufferMessage	
kev	12800	Ankama.Dofus.Protocol.Game.dll	972887	0		IMessage<kev>,IBufferMessage	lec
kew	12802	Ankama.Dofus.Protocol.Game.dll	972976	0		IMessage<kew>,IBufferMessage	
kex	12804	Ankama.Dofus.Protocol.Game.dll	973065	0		IMessage<kex>,IBufferMessage	
kez	12806	Ankama.Dofus.Protocol.Game.dll	973160	0		IMessage<kez>,IBufferMessage	
kfa	12808	Ankama.Dofus.Protocol.Game.dll	973239	0		IMessage<kfa>,IBufferMessage	
kfb	12810	Ankama.Dofus.Protocol.Game.dll	973339	0		IMessage<kfb>,IBufferMessage	
kfe	12815	Ankama.Dofus.Protocol.Game.dll	973442	0		IMessage<kfe>,IBufferMessage	
kfh	12819	Ankama.Dofus.Protocol.Game.dll	973667	0		IMessage<kfh>,IBufferMessage	
kfi	12821	Ankama.Dofus.Protocol.Game.dll	973779	0		IMessage<kfi>,IBufferMessage	
kfj	12823	Ankama.Dofus.Protocol.Game.dll	973891	0		IMessage<kfj>,IBufferMessage	
kfp	12833	Ankama.Dofus.Protocol.Game.dll	973982	0		IMessage<kfp>,IBufferMessage	
kfs	12837	Ankama.Dofus.Protocol.Game.dll	974379	0		IMessage<kfs>,IBufferMessage	
kfv	12841	Ankama.Dofus.Protocol.Game.dll	974490	0		IMessage<kfv>,IBufferMessage	
kfw	12843	Ankama.Dofus.Protocol.Game.dll	974595	0		IMessage<kfw>,IBufferMessage	
kfz	12848	Ankama.Dofus.Protocol.Game.dll	974726	0		IMessage<kfz>,IBufferMessage	lbf
kga	12850	Ankama.Dofus.Protocol.Game.dll	975001	0		IMessage<kga>,IBufferMessage	
kgd	12855	Ankama.Dofus.Protocol.Game.dll	975113	0		IMessage<kgd>,IBufferMessage	
kge	12857	Ankama.Dofus.Protocol.Game.dll	975322	0		IMessage<kge>,IBufferMessage	
kgh	12862	Ankama.Dofus.Protocol.Game.dll	975416	0		IMessage<kgh>,IBufferMessage	
kgi	12864	Ankama.Dofus.Protocol.Game.dll	975623	0		IMessage<kgi>,IBufferMessage	
kgj	12866	Ankama.Dofus.Protocol.Game.dll	975702	0		IMessage<kgj>,IBufferMessage	
kgk	12868	Ankama.Dofus.Protocol.Game.dll	975791	0		IMessage<kgk>,IBufferMessage	
kgl	12870	Ankama.Dofus.Protocol.Game.dll	975880	0		IMessage<kgl>,IBufferMessage	
kgm	12872	Ankama.Dofus.Protocol.Game.dll	975969	0		IMessage<kgm>,IBufferMessage	
kgp	12876	Ankama.Dofus.Protocol.Game.dll	976054	0		IMessage<kgp>,IBufferMessage	
kgq	12878	Ankama.Dofus.Protocol.Game.dll	976180	0		IMessage<kgq>,IBufferMessage	
kgt	12883	Ankama.Dofus.Protocol.Game.dll	976272	0		IMessage<kgt>,IBufferMessage	
kgu	12885	Ankama.Dofus.Protocol.Game.dll	976494	0		IMessage<kgu>,IBufferMessage	lbf
kgv	12887	Ankama.Dofus.Protocol.Game.dll	976588	0		IMessage<kgv>,IBufferMessage	
kgw	12889	Ankama.Dofus.Protocol.Game.dll	976687	0		IMessage<kgw>,IBufferMessage	
kgx	12891	Ankama.Dofus.Protocol.Game.dll	976786	0		IMessage<kgx>,IBufferMessage	
kgy	12893	Ankama.Dofus.Protocol.Game.dll	976865	0		IMessage<kgy>,IBufferMessage	
kgz	12895	Ankama.Dofus.Protocol.Game.dll	976959	0		IMessage<kgz>,IBufferMessage	
kha	12897	Ankama.Dofus.Protocol.Game.dll	977043	0		IMessage<kha>,IBufferMessage	lbf
khd	12901	Ankama.Dofus.Protocol.Game.dll	977127	0		IMessage<khd>,IBufferMessage	lbe
khh	12906	Ankama.Dofus.Protocol.Game.dll	977243	0		IMessage<khh>,IBufferMessage	
khi	12908	Ankama.Dofus.Protocol.Game.dll	977374	0		IMessage<khi>,IBufferMessage	
khj	12910	Ankama.Dofus.Protocol.Game.dll	977464	0		IMessage<khj>,IBufferMessage	
khk	12912	Ankama.Dofus.Protocol.Game.dll	977561	0		IMessage<khk>,IBufferMessage	
khl	12914	Ankama.Dofus.Protocol.Game.dll	977645	0		IMessage<khl>,IBufferMessage	
khm	12916	Ankama.Dofus.Protocol.Game.dll	977739	0		IMessage<khm>,IBufferMessage	
khn	12918	Ankama.Dofus.Protocol.Game.dll	977834	0		IMessage<khn>,IBufferMessage	
khr	12923	Ankama.Dofus.Protocol.Game.dll	977928	0		IMessage<khr>,IBufferMessage	
khu	12927	Ankama.Dofus.Protocol.Game.dll	978044	0		IMessage<khu>,IBufferMessage	
khv	12929	Ankama.Dofus.Protocol.Game.dll	978147	0		IMessage<khv>,IBufferMessage	
khw	12931	Ankama.Dofus.Protocol.Game.dll	978231	0		IMessage<khw>,IBufferMessage	
khx	12933	Ankama.Dofus.Protocol.Game.dll	978315	0		IMessage<khx>,IBufferMessage	
kia	12937	Ankama.Dofus.Protocol.Game.dll	978479	0		IMessage<kia>,IBufferMessage	
kif	12944	Ankama.Dofus.Protocol.Game.dll	978594	0		IMessage<kif>,IBufferMessage	kic,lba
kig	12946	Ankama.Dofus.Protocol.Game.dll	978813	0		IMessage<kig>,IBufferMessage	
kij	12951	Ankama.Dofus.Protocol.Game.dll	978903	0		IMessage<kij>,IBufferMessage	
kis	12966	Ankama.Dofus.Protocol.Game.dll	979120	0		IMessage<kis>,IBufferMessage	kik
kjb	12980	Ankama.Dofus.Protocol.Game.dll	979782	0		IMessage<kjb>,IBufferMessage	kit,kiu
kje	12984	Ankama.Dofus.Protocol.Game.dll	980332	0		IMessage<kje>,IBufferMessage	
kjl	12995	Ankama.Dofus.Protocol.Game.dll	980435	0		IMessage<kjl>,IBufferMessage	kjf
kjo	12999	Ankama.Dofus.Protocol.Game.dll	980837	0		IMessage<kjo>,IBufferMessage	
kjr	13003	Ankama.Dofus.Protocol.Game.dll	980938	0		IMessage<kjr>,IBufferMessage	
kjs	13005	Ankama.Dofus.Protocol.Game.dll	981046	0		IMessage<kjs>,IBufferMessage	
kjv	13009	Ankama.Dofus.Protocol.Game.dll	981130	0		IMessage<kjv>,IBufferMessage	
kjw	13011	Ankama.Dofus.Protocol.Game.dll	981232	0		IMessage<kjw>,IBufferMessage	
kjx	13013	Ankama.Dofus.Protocol.Game.dll	981311	0		IMessage<kjx>,IBufferMessage	
kke	13024	Ankama.Dofus.Protocol.Game.dll	981426	0		IMessage<kke>,IBufferMessage	kjy
kkk	13034	Ankama.Dofus.Protocol.Game.dll	981815	0		IMessage<kkk>,IBufferMessage	kkf
kkl	13036	Ankama.Dofus.Protocol.Game.dll	982206	0		IMessage<kkl>,IBufferMessage	
kkm	13038	Ankama.Dofus.Protocol.Game.dll	982285	0		IMessage<kkm>,IBufferMessage	
kkq	13044	Ankama.Dofus.Protocol.Game.dll	982364	0		IMessage<kkq>,IBufferMessage	
kkr	13046	Ankama.Dofus.Protocol.Game.dll	982564	0		IMessage<kkr>,IBufferMessage	
kkt	13049	Ankama.Dofus.Protocol.Game.dll	982657	0		IMessage<kkt>,IBufferMessage	
kku	13051	Ankama.Dofus.Protocol.Game.dll	982747	0		IMessage<kku>,IBufferMessage	
kkw	13054	Ankama.Dofus.Protocol.Game.dll	982840	0		IMessage<kkw>,IBufferMessage	
kkz	13058	Ankama.Dofus.Protocol.Game.dll	982924	0		IMessage<kkz>,IBufferMessage	
kla	13060	Ankama.Dofus.Protocol.Game.dll	983064	0		IMessage<kla>,IBufferMessage	
kld	13065	Ankama.Dofus.Protocol.Game.dll	983148	0		IMessage<kld>,IBufferMessage	lbe
klg	13069	Ankama.Dofus.Protocol.Game.dll	983367	0		IMessage<klg>,IBufferMessage	
kli	13072	Ankama.Dofus.Protocol.Game.dll	983478	0		IMessage<kli>,IBufferMessage	
klm	13078	Ankama.Dofus.Protocol.Game.dll	983579	0		IMessage<klm>,IBufferMessage	
klp	13082	Ankama.Dofus.Protocol.Game.dll	983790	0		IMessage<klp>,IBufferMessage	
klq	13084	Ankama.Dofus.Protocol.Game.dll	983895	0		IMessage<klq>,IBufferMessage	
klu	13089	Ankama.Dofus.Protocol.Game.dll	983983	0		IMessage<klu>,IBufferMessage	
klz	13096	Ankama.Dofus.Protocol.Game.dll	984087	0		IMessage<klz>,IBufferMessage	
kmb	13099	Ankama.Dofus.Protocol.Game.dll	984335	0		IMessage<kmb>,IBufferMessage	lhg
kme	13104	Ankama.Dofus.Protocol.Game.dll	984429	0		IMessage<kme>,IBufferMessage	
kmh	13108	Ankama.Dofus.Protocol.Game.dll	984626	0		IMessage<kmh>,IBufferMessage	
kmi	13110	Ankama.Dofus.Protocol.Game.dll	984737	0		IMessage<kmi>,IBufferMessage	
kmj	13112	Ankama.Dofus.Protocol.Game.dll	984831	0		IMessage<kmj>,IBufferMessage	
kmk	13114	Ankama.Dofus.Protocol.Game.dll	984920	0		IMessage<kmk>,IBufferMessage	
kml	13116	Ankama.Dofus.Protocol.Game.dll	985011	0		IMessage<kml>,IBufferMessage	
kmp	13122	Ankama.Dofus.Protocol.Game.dll	985090	0		IMessage<kmp>,IBufferMessage	
kmq	13124	Ankama.Dofus.Protocol.Game.dll	985276	0		IMessage<kmq>,IBufferMessage	
kmr	13126	Ankama.Dofus.Protocol.Game.dll	985367	0		IMessage<kmr>,IBufferMessage	
kmu	13130	Ankama.Dofus.Protocol.Game.dll	985446	0		IMessage<kmu>,IBufferMessage	
kmv	13132	Ankama.Dofus.Protocol.Game.dll	985555	0		IMessage<kmv>,IBufferMessage	
kmw	13134	Ankama.Dofus.Protocol.Game.dll	985639	0		IMessage<kmw>,IBufferMessage	
kmz	13138	Ankama.Dofus.Protocol.Game.dll	985723	0		IMessage<kmz>,IBufferMessage	
knc	13142	Ankama.Dofus.Protocol.Game.dll	985875	0		IMessage<knc>,IBufferMessage	
knk	13153	Ankama.Dofus.Protocol.Game.dll	985965	0		IMessage<knk>,IBufferMessage	knd,lfi
knl	13155	Ankama.Dofus.Protocol.Game.dll	986263	0		IMessage<knl>,IBufferMessage	
knm	13157	Ankama.Dofus.Protocol.Game.dll	986347	0		IMessage<knm>,IBufferMessage	
knn	13159	Ankama.Dofus.Protocol.Game.dll	986426	0		IMessage<knn>,IBufferMessage	kqm
kno	13161	Ankama.Dofus.Protocol.Game.dll	986527	0		IMessage<kno>,IBufferMessage	
knv	13171	Ankama.Dofus.Protocol.Game.dll	986612	0		IMessage<knv>,IBufferMessage	knp,knb,kph
kny	13176	Ankama.Dofus.Protocol.Game.dll	986923	0		IMessage<kny>,IBufferMessage	
knz	13178	Ankama.Dofus.Protocol.Game.dll	987116	0		IMessage<knz>,IBufferMessage	
ko	280	Core.dll	987199	0		in	fbi,kr
koc	13182	Ankama.Dofus.Protocol.Game.dll	987220	0		IMessage<koc>,IBufferMessage	
kod	13184	Ankama.Dofus.Protocol.Game.dll	987329	0		IMessage<kod>,IBufferMessage	
koe	13186	Ankama.Dofus.Protocol.Game.dll	987413	0		IMessage<koe>,IBufferMessage	
kof	13188	Ankama.Dofus.Protocol.Game.dll	987497	0		IMessage<kof>,IBufferMessage	
kog	13190	Ankama.Dofus.Protocol.Game.dll	987581	0		IMessage<kog>,IBufferMessage	
koh	13192	Ankama.Dofus.Protocol.Game.dll	987670	0		IMessage<koh>,IBufferMessage	kpr
koi	13194	Ankama.Dofus.Protocol.Game.dll	987754	0		IMessage<koi>,IBufferMessage	
koj	13196	Ankama.Dofus.Protocol.Game.dll	987845	0		IMessage<koj>,IBufferMessage	
kok	13198	Ankama.Dofus.Protocol.Game.dll	987936	0		IMessage<kok>,IBufferMessage	lgf
kon	13203	Ankama.Dofus.Protocol.Game.dll	988020	0		IMessage<kon>,IBufferMessage	
koq	13208	Ankama.Dofus.Protocol.Game.dll	988221	0		IMessage<koq>,IBufferMessage	lgf
kox	13218	Ankama.Dofus.Protocol.Game.dll	988412	0		IMessage<kox>,IBufferMessage	kor,lfi
kp	281	Core.dll	988710	0		IDataCenter	kq,ia
kpa	13222	Ankama.Dofus.Protocol.Game.dll	988738	0		IMessage<kpa>,IBufferMessage	lgf
kpb	13224	Ankama.Dofus.Protocol.Game.dll	988845	0		IMessage<kpb>,IBufferMessage	
kpe	13228	Ankama.Dofus.Protocol.Game.dll	988934	0		IMessage<kpe>,IBufferMessage	
kph	13232	Ankama.Dofus.Protocol.Game.dll	989038	0		IMessage<kph>,IBufferMessage	lfi
kpi	13234	Ankama.Dofus.Protocol.Game.dll	989153	0		IMessage<kpi>,IBufferMessage	lfi
kpl	13239	Ankama.Dofus.Protocol.Game.dll	989242	0		IMessage<kpl>,IBufferMessage	
kpr	13248	Ankama.Dofus.Protocol.Game.dll	989479	0		IMessage<kpr>,IBufferMessage	lfi,lay,lcf
kpy	13258	Ankama.Dofus.Protocol.Game.dll	989785	0		IMessage<kpy>,IBufferMessage	kps,knb,kph
kpz	13260	Ankama.Dofus.Protocol.Game.dll	990082	0		IMessage<kpz>,IBufferMessage	knb
kqc	13264	Ankama.Dofus.Protocol.Game.dll	990182	0		IMessage<kqc>,IBufferMessage	knb
kqd	13266	Ankama.Dofus.Protocol.Game.dll	990284	0		IMessage<kqd>,IBufferMessage	
kqg	13270	Ankama.Dofus.Protocol.Game.dll	990368	0		IMessage<kqg>,IBufferMessage	
kqh	13272	Ankama.Dofus.Protocol.Game.dll	990474	0		IMessage<kqh>,IBufferMessage	
kqm	13280	Ankama.Dofus.Protocol.Game.dll	990573	0		IMessage<kqm>,IBufferMessage	lay,lfi,lcf,len,laz,les,lba
kqo	13283	Ankama.Dofus.Protocol.Game.dll	990937	0		IMessage<kqo>,IBufferMessage	
kqp	13285	Ankama.Dofus.Protocol.Game.dll	991027	0		IMessage<kqp>,IBufferMessage	
kqq	13287	Ankama.Dofus.Protocol.Game.dll	991116	0		IMessage<kqq>,IBufferMessage	
kqr	13289	Ankama.Dofus.Protocol.Game.dll	991201	0		IMessage<kqr>,IBufferMessage	
kqs	13291	Ankama.Dofus.Protocol.Game.dll	991301	0		IMessage<kqs>,IBufferMessage	
kqt	13293	Ankama.Dofus.Protocol.Game.dll	991380	0		IMessage<kqt>,IBufferMessage	
kqu	13295	Ankama.Dofus.Protocol.Game.dll	991459	0		IMessage<kqu>,IBufferMessage	
kqv	13297	Ankama.Dofus.Protocol.Game.dll	991550	0		IMessage<kqv>,IBufferMessage	
kqy	13302	Ankama.Dofus.Protocol.Game.dll	991644	0		IMessage<kqy>,IBufferMessage	
kqz	13304	Ankama.Dofus.Protocol.Game.dll	991823	0		IMessage<kqz>,IBufferMessage	
kra	13306	Ankama.Dofus.Protocol.Game.dll	991928	0		IMessage<kra>,IBufferMessage	
krh	13317	Ankama.Dofus.Protocol.Game.dll	992016	0		IMessage<krh>,IBufferMessage	
kri	13319	Ankama.Dofus.Protocol.Game.dll	992451	0		IMessage<kri>,IBufferMessage	
krj	13321	Ankama.Dofus.Protocol.Game.dll	992550	0		IMessage<krj>,IBufferMessage	kri,krh
krl	13324	Ankama.Dofus.Protocol.Game.dll	992648	0		IMessage<krl>,IBufferMessage	
kro	13328	Ankama.Dofus.Protocol.Game.dll	992737	0		IMessage<kro>,IBufferMessage	
krp	13330	Ankama.Dofus.Protocol.Game.dll	992842	0		IMessage<krp>,IBufferMessage	
krs	13335	Ankama.Dofus.Protocol.Game.dll	992926	0		IMessage<krs>,IBufferMessage	
krt	13337	Ankama.Dofus.Protocol.Game.dll	993113	0		IMessage<krt>,IBufferMessage	
kru	13339	Ankama.Dofus.Protocol.Game.dll	993192	0		IMessage<kru>,IBufferMessage	
krv	13341	Ankama.Dofus.Protocol.Game.dll	993283	0		IMessage<krv>,IBufferMessage	
krx	13344	Ankama.Dofus.Protocol.Game.dll	993376	0		IMessage<krx>,IBufferMessage	
kry	13346	Ankama.Dofus.Protocol.Game.dll	993455	0		IMessage<kry>,IBufferMessage	
ksb	13351	Ankama.Dofus.Protocol.Game.dll	993578	0		IMessage<ksb>,IBufferMessage	
ksc	13353	Ankama.Dofus.Protocol.Game.dll	993776	0		IMessage<ksc>,IBufferMessage	
ksh	13360	Ankama.Dofus.Protocol.Game.dll	993879	0		IMessage<ksh>,IBufferMessage	
ksi	13362	Ankama.Dofus.Protocol.Game.dll	994070	0		IMessage<ksi>,IBufferMessage	
ksl	13366	Ankama.Dofus.Protocol.Game.dll	994154	0		IMessage<ksl>,IBufferMessage	
ksm	13368	Ankama.Dofus.Protocol.Game.dll	994250	0		IMessage<ksm>,IBufferMessage	
ksn	13370	Ankama.Dofus.Protocol.Game.dll	994334	0		IMessage<ksn>,IBufferMessage	
kso	13372	Ankama.Dofus.Protocol.Game.dll	994424	0		IMessage<kso>,IBufferMessage	
ksr	13376	Ankama.Dofus.Protocol.Game.dll	994508	0		IMessage<ksr>,IBufferMessage	
kss	13378	Ankama.Dofus.Protocol.Game.dll	994626	0		IMessage<kss>,IBufferMessage	
kst	13380	Ankama.Dofus.Protocol.Game.dll	994727	0		IMessage<kst>,IBufferMessage	
ksu	13382	Ankama.Dofus.Protocol.Game.dll	994806	0		IMessage<ksu>,IBufferMessage	
ksv	13384	Ankama.Dofus.Protocol.Game.dll	994900	0		IMessage<ksv>,IBufferMessage	
ksw	13386	Ankama.Dofus.Protocol.Game.dll	994990	0		IMessage<ksw>,IBufferMessage	
ksx	13388	Ankama.Dofus.Protocol.Game.dll	995079	0		IMessage<ksx>,IBufferMessage	
ktb	13393	Ankama.Dofus.Protocol.Game.dll	995211	0		IMessage<ktb>,IBufferMessage	ktp,kta
kte	13398	Ankama.Dofus.Protocol.Game.dll	995342	0		IMessage<kte>,IBufferMessage	lfe
kth	13403	Ankama.Dofus.Protocol.Game.dll	995551	0		IMessage<kth>,IBufferMessage	ktp
kti	13405	Ankama.Dofus.Protocol.Game.dll	995766	0		IMessage<kti>,IBufferMessage	ktp,ksz
ktl	13409	Ankama.Dofus.Protocol.Game.dll	995903	0		IMessage<ktl>,IBufferMessage	
ktm	13411	Ankama.Dofus.Protocol.Game.dll	996014	0		IMessage<ktm>,IBufferMessage	ktp,ksz
ktn	13413	Ankama.Dofus.Protocol.Game.dll	996108	0		IMessage<ktn>,IBufferMessage	
kto	13415	Ankama.Dofus.Protocol.Game.dll	996211	0		IMessage<kto>,IBufferMessage	
ktp	13417	Ankama.Dofus.Protocol.Game.dll	996306	0		IMessage<ktp>,IBufferMessage	
ktq	13419	Ankama.Dofus.Protocol.Game.dll	996397	0		IMessage<ktq>,IBufferMessage	ksz
kts	13422	Ankama.Dofus.Protocol.Game.dll	996508	0		IMessage<kts>,IBufferMessage	
ktw	13428	Ankama.Dofus.Protocol.Game.dll	996592	0		IMessage<ktw>,IBufferMessage	
ktx	13430	Ankama.Dofus.Protocol.Game.dll	996843	0		IMessage<ktx>,IBufferMessage	lcf
kty	13432	Ankama.Dofus.Protocol.Game.dll	996942	0		IMessage<kty>,IBufferMessage	
ktz	13434	Ankama.Dofus.Protocol.Game.dll	997021	0		IMessage<ktz>,IBufferMessage	
ku	286	Core.dll	997104	0		IDataCenter	dvb,ks,me,dwj
kua	13436	Ankama.Dofus.Protocol.Game.dll	997160	0		IMessage<kua>,IBufferMessage	
kub	13438	Ankama.Dofus.Protocol.Game.dll	997244	0		IMessage<kub>,IBufferMessage	ldn
kuc	13440	Ankama.Dofus.Protocol.Game.dll	997333	0		IMessage<kuc>,IBufferMessage	
kuf	13444	Ankama.Dofus.Protocol.Game.dll	997412	0		IMessage<kuf>,IBufferMessage	
kug	13446	Ankama.Dofus.Protocol.Game.dll	997514	0		IMessage<kug>,IBufferMessage	
kuh	13448	Ankama.Dofus.Protocol.Game.dll	997599	0		IMessage<kuh>,IBufferMessage	
kul	13454	Ankama.Dofus.Protocol.Game.dll	997678	0		IMessage<kul>,IBufferMessage	
kum	13456	Ankama.Dofus.Protocol.Game.dll	997866	0		IMessage<kum>,IBufferMessage	
kup	13460	Ankama.Dofus.Protocol.Game.dll	997975	0		IMessage<kup>,IBufferMessage	
kuq	13462	Ankama.Dofus.Protocol.Game.dll	998077	0		IMessage<kuq>,IBufferMessage	
kur	13464	Ankama.Dofus.Protocol.Game.dll	998184	0		IMessage<kur>,IBufferMessage	
kus	13466	Ankama.Dofus.Protocol.Game.dll	998276	0		IMessage<kus>,IBufferMessage	lcf
kva	13477	Ankama.Dofus.Protocol.Game.dll	998424	0		IMessage<kva>,IBufferMessage	kuw,lpg
kvb	13479	Ankama.Dofus.Protocol.Game.dll	998695	0		IMessage<kvb>,IBufferMessage	kuu,kuv
kvc	13481	Ankama.Dofus.Protocol.Game.dll	998789	0		IMessage<kvc>,IBufferMessage	
kvd	13483	Ankama.Dofus.Protocol.Game.dll	998873	0		IMessage<kvd>,IBufferMessage	
kvg	13487	Ankama.Dofus.Protocol.Game.dll	998952	0		IMessage<kvg>,IBufferMessage	
kvh	13489	Ankama.Dofus.Protocol.Game.dll	999048	0		IMessage<kvh>,IBufferMessage	
kvi	13491	Ankama.Dofus.Protocol.Game.dll	999127	0		IMessage<kvi>,IBufferMessage	
kvj	13493	Ankama.Dofus.Protocol.Game.dll	999212	0		IMessage<kvj>,IBufferMessage	lpg
kvk	13495	Ankama.Dofus.Protocol.Game.dll	999301	0		IMessage<kvk>,IBufferMessage	
kvl	13497	Ankama.Dofus.Protocol.Game.dll	999385	0		IMessage<kvl>,IBufferMessage	
kvm	13499	Ankama.Dofus.Protocol.Game.dll	999474	0		IMessage<kvm>,IBufferMessage	kuv
kvn	13501	Ankama.Dofus.Protocol.Game.dll	999558	0		IMessage<kvn>,IBufferMessage	
kvo	13503	Ankama.Dofus.Protocol.Game.dll	999652	0		IMessage<kvo>,IBufferMessage	lpg
kvq	13505	Ankama.Dofus.Protocol.Game.dll	999741	0		IMessage<kvq>,IBufferMessage	
kvt	13509	Ankama.Dofus.Protocol.Game.dll	999845	0		IMessage<kvt>,IBufferMessage	
kvu	13511	Ankama.Dofus.Protocol.Game.dll	999942	0		IMessage<kvu>,IBufferMessage	
kvv	13513	Ankama.Dofus.Protocol.Game.dll	1000031	0		IMessage<kvv>,IBufferMessage	
kvw	13515	Ankama.Dofus.Protocol.Game.dll	1000115	0		IMessage<kvw>,IBufferMessage	
kvx	13517	Ankama.Dofus.Protocol.Game.dll	1000199	0		IMessage<kvx>,IBufferMessage	
kvy	13519	Ankama.Dofus.Protocol.Game.dll	1000278	0		IMessage<kvy>,IBufferMessage	
kvz	13521	Ankama.Dofus.Protocol.Game.dll	1000362	0		IMessage<kvz>,IBufferMessage	lpj
kwa	13523	Ankama.Dofus.Protocol.Game.dll	1000461	0		IMessage<kwa>,IBufferMessage	
kwb	13525	Ankama.Dofus.Protocol.Game.dll	1000558	0		IMessage<kwb>,IBufferMessage	
kwc	13527	Ankama.Dofus.Protocol.Game.dll	1000637	0		IMessage<kwc>,IBufferMessage	
kwd	13529	Ankama.Dofus.Protocol.Game.dll	1000716	0		IMessage<kwd>,IBufferMessage	
kwh	13534	Ankama.Dofus.Protocol.Game.dll	1000809	0		IMessage<kwh>,IBufferMessage	ldd
kwi	13536	Ankama.Dofus.Protocol.Game.dll	1000910	0		IMessage<kwi>,IBufferMessage	
kwj	13538	Ankama.Dofus.Protocol.Game.dll	1000994	0		IMessage<kwj>,IBufferMessage	
kwk	13540	Ankama.Dofus.Protocol.Game.dll	1001078	0		IMessage<kwk>,IBufferMessage	law
kwl	13542	Ankama.Dofus.Protocol.Game.dll	1001162	0		IMessage<kwl>,IBufferMessage	
kwm	13544	Ankama.Dofus.Protocol.Game.dll	1001251	0		IMessage<kwm>,IBufferMessage	ldd
kwn	13546	Ankama.Dofus.Protocol.Game.dll	1001340	0		IMessage<kwn>,IBufferMessage	lax
kwo	13548	Ankama.Dofus.Protocol.Game.dll	1001424	0		IMessage<kwo>,IBufferMessage	lax
kwr	13552	Ankama.Dofus.Protocol.Game.dll	1001508	0		IMessage<kwr>,IBufferMessage	law
kwu	13556	Ankama.Dofus.Protocol.Game.dll	1001608	0		IMessage<kwu>,IBufferMessage	
kwv	13558	Ankama.Dofus.Protocol.Game.dll	1001712	0		IMessage<kwv>,IBufferMessage	
kww	13560	Ankama.Dofus.Protocol.Game.dll	1001796	0		IMessage<kww>,IBufferMessage	ldd
kwx	13562	Ankama.Dofus.Protocol.Game.dll	1001885	0		IMessage<kwx>,IBufferMessage	
kx	289	Core.dll	1001974	0		IDataCenter	km,ks,dxe
kxa	13566	Ankama.Dofus.Protocol.Game.dll	1002020	0		IMessage<kxa>,IBufferMessage	
kxb	13568	Ankama.Dofus.Protocol.Game.dll	1002123	0		IMessage<kxb>,IBufferMessage	law
kxh	13575	Ankama.Dofus.Protocol.Game.dll	1002235	0		IMessage<kxh>,IBufferMessage	
kxm	13583	Ankama.Dofus.Protocol.Game.dll	1002343	0		IMessage<kxm>,IBufferMessage	kxi
kxr	13591	Ankama.Dofus.Protocol.Game.dll	1002634	0		IMessage<kxr>,IBufferMessage	kxn
kxs	13593	Ankama.Dofus.Protocol.Game.dll	1002913	0		IMessage<kxs>,IBufferMessage	
kyb	13606	Ankama.Dofus.Protocol.Game.dll	1003023	0		IMessage<kyb>,IBufferMessage	kxt
kye	13611	Ankama.Dofus.Protocol.Game.dll	1003435	0		IMessage<kye>,IBufferMessage	
kyf	13613	Ankama.Dofus.Protocol.Game.dll	1003633	0		IMessage<kyf>,IBufferMessage	
kzl	13665	Ankama.Dofus.Protocol.Game.dll	1003727	0		IMessage<kzl>,IBufferMessage	kyg,kyh,lhp,lld,lgl,lhk,kyv,lsg
kzs	13675	Ankama.Dofus.Protocol.Game.dll	1005785	0		IMessage<kzs>,IBufferMessage	kzm,lzc
kzt	13677	Ankama.Dofus.Protocol.Game.dll	1006090	0		IMessage<kzt>,IBufferMessage	
kzu	13679	Ankama.Dofus.Protocol.Game.dll	1006174	0		IMessage<kzu>,IBufferMessage	lhg,lba
la	293	Core.dll	1006344	0		IDataCenter	fbr,eyy,exq,lz
lad	13691	Ankama.Dofus.Protocol.Game.dll	1006401	0		IMessage<lad>,IBufferMessage	kzv,kzu
lag	13695	Ankama.Dofus.Protocol.Game.dll	1006740	0		IMessage<lag>,IBufferMessage	kxe
lak	13700	Ankama.Dofus.Protocol.Game.dll	1006855	0		IMessage<lak>,IBufferMessage	
lal	13702	Ankama.Dofus.Protocol.Game.dll	1006996	0		IMessage<lal>,IBufferMessage	
laq	13709	Ankama.Dofus.Protocol.Game.dll	1007090	0		IMessage<laq>,IBufferMessage	ldm
lar	13711	Ankama.Dofus.Protocol.Game.dll	1007306	0		IMessage<lar>,IBufferMessage	
las	13713	Ankama.Dofus.Protocol.Game.dll	1007385	0		IMessage<las>,IBufferMessage	
lc	295	Core.dll	1007825	0		IDataCenter	me,lb
lcf	13753	Ankama.Dofus.Protocol.Game.dll	1007886	0		IMessage<lcf>,IBufferMessage	
lci	13757	Ankama.Dofus.Protocol.Game.dll	1007999	0		IMessage<lci>,IBufferMessage	
lcj	13759	Ankama.Dofus.Protocol.Game.dll	1008110	0		IMessage<lcj>,IBufferMessage	
lcm	13763	Ankama.Dofus.Protocol.Game.dll	1008199	0		IMessage<lcm>,IBufferMessage	lhg
lcn	13765	Ankama.Dofus.Protocol.Game.dll	1008321	0		IMessage<lcn>,IBufferMessage	
lco	13767	Ankama.Dofus.Protocol.Game.dll	1008420	0		IMessage<lco>,IBufferMessage	
lcr	13772	Ankama.Dofus.Protocol.Game.dll	1008515	0		IMessage<lcr>,IBufferMessage	
lcu	13777	Ankama.Dofus.Protocol.Game.dll	1008705	0		IMessage<lcu>,IBufferMessage	
lcx	13781	Ankama.Dofus.Protocol.Game.dll	1008924	0		IMessage<lcx>,IBufferMessage	
lda	13786	Ankama.Dofus.Protocol.Game.dll	1009059	0		IMessage<lda>,IBufferMessage	
ldd	13790	Ankama.Dofus.Protocol.Game.dll	1009273	0		IMessage<ldd>,IBufferMessage	
lde	13792	Ankama.Dofus.Protocol.Game.dll	1009391	0		IMessage<lde>,IBufferMessage	lbz,lca
ldf	13794	Ankama.Dofus.Protocol.Game.dll	1009495	0		IMessage<ldf>,IBufferMessage	
ldm	13803	Ankama.Dofus.Protocol.Game.dll	1009594	0		IMessage<ldm>,IBufferMessage	ldg
ldn	13805	Ankama.Dofus.Protocol.Game.dll	1009852	0		IMessage<ldn>,IBufferMessage	llp
ldt	13815	Ankama.Dofus.Protocol.Game.dll	1009989	0		IMessage<ldt>,IBufferMessage	
ldz	13823	Ankama.Dofus.Protocol.Game.dll	1010415	0		IMessage<ldz>,IBufferMessage	lbl
lea	13825	Ankama.Dofus.Protocol.Game.dll	1010730	0		IMessage<lea>,IBufferMessage	lfe,lby,lhg,len
leb	13827	Ankama.Dofus.Protocol.Game.dll	1010893	0		IMessage<leb>,IBufferMessage	
lec	13829	Ankama.Dofus.Protocol.Game.dll	1010992	0		IMessage<lec>,IBufferMessage	llk
led	13831	Ankama.Dofus.Protocol.Game.dll	1011097	0		IMessage<led>,IBufferMessage	lhg
lee	13833	Ankama.Dofus.Protocol.Game.dll	1011196	0		IMessage<lee>,IBufferMessage	
lef	13835	Ankama.Dofus.Protocol.Game.dll	1011285	0		IMessage<lef>,IBufferMessage	
leg	13837	Ankama.Dofus.Protocol.Game.dll	1011417	0		IMessage<leg>,IBufferMessage	
lej	13841	Ankama.Dofus.Protocol.Game.dll	1011516	0		IMessage<lej>,IBufferMessage	
len	13848	Ankama.Dofus.Protocol.Game.dll	1011634	0		IMessage<len>,IBufferMessage	lld,lmn
les	13856	Ankama.Dofus.Protocol.Game.dll	1011951	0		IMessage<les>,IBufferMessage	lld,lfy
lev	13861	Ankama.Dofus.Protocol.Game.dll	1012284	0		IMessage<lev>,IBufferMessage	
ley	13865	Ankama.Dofus.Protocol.Game.dll	1012511	0		IMessage<ley>,IBufferMessage	len,lno
lfc	13871	Ankama.Dofus.Protocol.Game.dll	1012697	0		IMessage<lfc>,IBufferMessage	lez
lfd	13873	Ankama.Dofus.Protocol.Game.dll	1012947	0		IMessage<lfd>,IBufferMessage	
lfe	13875	Ankama.Dofus.Protocol.Game.dll	1013043	0		IMessage<lfe>,IBufferMessage	
lff	13877	Ankama.Dofus.Protocol.Game.dll	1013132	0		IMessage<lff>,IBufferMessage	lhd
lfg	13879	Ankama.Dofus.Protocol.Game.dll	1013226	0		IMessage<lfg>,IBufferMessage	
lfh	13881	Ankama.Dofus.Protocol.Game.dll	1013317	0		IMessage<lfh>,IBufferMessage	
lfi	13883	Ankama.Dofus.Protocol.Game.dll	1013401	0		IMessage<lfi>,IBufferMessage	
lfj	13885	Ankama.Dofus.Protocol.Game.dll	1013490	0		IMessage<lfj>,IBufferMessage	
lfo	13893	Ankama.Dofus.Protocol.Game.dll	1013579	0		IMessage<lfo>,IBufferMessage	
lft	13901	Ankama.Dofus.Protocol.Game.dll	1013864	0		IMessage<lft>,IBufferMessage	lfp,lhg,lbo
lfx	13908	Ankama.Dofus.Protocol.Game.dll	1014185	0		IMessage<lfx>,IBufferMessage	lhg,lnk
lfy	13910	Ankama.Dofus.Protocol.Game.dll	1014507	0		IMessage<lfy>,IBufferMessage	lbs
lfz	13912	Ankama.Dofus.Protocol.Game.dll	1014658	0		IMessage<lfz>,IBufferMessage	
lgf	13921	Ankama.Dofus.Protocol.Game.dll	1014774	0		IMessage<lgf>,IBufferMessage	lga
lgi	13926	Ankama.Dofus.Protocol.Game.dll	1015082	0		IMessage<lgi>,IBufferMessage	
lgl	13931	Ankama.Dofus.Protocol.Game.dll	1015271	0		IMessage<lgl>,IBufferMessage	
lgm	13933	Ankama.Dofus.Protocol.Game.dll	1015473	0		IMessage<lgm>,IBufferMessage	lba,lcf
lgp	13937	Ankama.Dofus.Protocol.Game.dll	1015602	0		IMessage<lgp>,IBufferMessage	
lgr	13940	Ankama.Dofus.Protocol.Game.dll	1015704	0		IMessage<lgr>,IBufferMessage	lba,lgq
lgs	13942	Ankama.Dofus.Protocol.Game.dll	1015851	0		IMessage<lgs>,IBufferMessage	lbo
lgt	13944	Ankama.Dofus.Protocol.Game.dll	1015972	0		IMessage<lgt>,IBufferMessage	
lgu	13946	Ankama.Dofus.Protocol.Game.dll	1016072	0		IMessage<lgu>,IBufferMessage	
lgw	13949	Ankama.Dofus.Protocol.Game.dll	1016156	0		IMessage<lgw>,IBufferMessage	lbh,laz,lbl,lgv
lgx	13951	Ankama.Dofus.Protocol.Game.dll	1016283	0		IMessage<lgx>,IBufferMessage	led
lgy	13953	Ankama.Dofus.Protocol.Game.dll	1016379	0		IMessage<lgy>,IBufferMessage	
lgz	13955	Ankama.Dofus.Protocol.Game.dll	1016480	0		IMessage<lgz>,IBufferMessage	lgp,lci
lhd	13960	Ankama.Dofus.Protocol.Game.dll	1016602	0		IMessage<lhd>,IBufferMessage	lni
lhg	13965	Ankama.Dofus.Protocol.Game.dll	1016787	0		IMessage<lhg>,IBufferMessage	
lhh	13967	Ankama.Dofus.Protocol.Game.dll	1017020	0		IMessage<lhh>,IBufferMessage	
lhk	13972	Ankama.Dofus.Protocol.Game.dll	1017109	0		IMessage<lhk>,IBufferMessage	
lhl	13974	Ankama.Dofus.Protocol.Game.dll	1017317	0		IMessage<lhl>,IBufferMessage	
lhm	13976	Ankama.Dofus.Protocol.Game.dll	1017416	0		IMessage<lhm>,IBufferMessage	lfe,ley
lhn	13978	Ankama.Dofus.Protocol.Game.dll	1017520	0		IMessage<lhn>,IBufferMessage	
lho	13980	Ankama.Dofus.Protocol.Game.dll	1017614	0		IMessage<lho>,IBufferMessage	
lhp	13982	Ankama.Dofus.Protocol.Game.dll	1017710	0		IMessage<lhp>,IBufferMessage	laz
lhq	13984	Ankama.Dofus.Protocol.Game.dll	1017804	0		IMessage<lhq>,IBufferMessage	lca,lbz
lhs	13987	Ankama.Dofus.Protocol.Game.dll	1017898	0		IMessage<lhs>,IBufferMessage	lhr
ljx	14075	Ankama.Dofus.Protocol.Game.dll	1018107	0		IMessage<ljx>,IBufferMessage	lgs,lhg,lht,lhu,lhv,llp,lbb,lba,lhw,lbc,len,lau,lll,laz,lgx,lpk,lnj,ljb,lcf,ljc,ljk
ll	306	Core.dll	1021604	0		IDataCenter	duq,dyg
llc	14124	Ankama.Dofus.Protocol.Game.dll	1021629	0		IMessage<llc>,IBufferMessage	ljy,llk,ldt
lld	14126	Ankama.Dofus.Protocol.Game.dll	1023716	0		IMessage<lld>,IBufferMessage	
llg	14130	Ankama.Dofus.Protocol.Game.dll	1023820	0		IMessage<llg>,IBufferMessage	
llh	14132	Ankama.Dofus.Protocol.Game.dll	1023932	0		IMessage<llh>,IBufferMessage	
lli	14134	Ankama.Dofus.Protocol.Game.dll	1024026	0		IMessage<lli>,IBufferMessage	
llj	14136	Ankama.Dofus.Protocol.Game.dll	1024120	0		IMessage<llj>,IBufferMessage	lbp
llk	14138	Ankama.Dofus.Protocol.Game.dll	1024209	0		IMessage<llk>,IBufferMessage	
lll	14140	Ankama.Dofus.Protocol.Game.dll	1024315	0		IMessage<lll>,IBufferMessage	len
llm	14142	Ankama.Dofus.Protocol.Game.dll	1024424	0		IMessage<llm>,IBufferMessage	
llp	14147	Ankama.Dofus.Protocol.Game.dll	1024527	0		IMessage<llp>,IBufferMessage	laz,lbc
lm	307	Core.dll	1024735	0		IDataCenter	
lmm	14183	Ankama.Dofus.Protocol.Game.dll	1024776	0		IMessage<lmm>,IBufferMessage	lbj,llx,lly,len
lmn	14185	Ankama.Dofus.Protocol.Game.dll	1026150	0		IMessage<lmn>,IBufferMessage	lbs
lmq	14190	Ankama.Dofus.Protocol.Game.dll	1026296	0		IMessage<lmq>,IBufferMessage	
lmr	14192	Ankama.Dofus.Protocol.Game.dll	1026499	0		IMessage<lmr>,IBufferMessage	lpg
lms	14194	Ankama.Dofus.Protocol.Game.dll	1026601	0		IMessage<lms>,IBufferMessage	
lmt	14196	Ankama.Dofus.Protocol.Game.dll	1026685	0		IMessage<lmt>,IBufferMessage	lav
ln	308	Core.dll	1026782	0		IDataCenter	bt
lng	14216	Ankama.Dofus.Protocol.Game.dll	1026819	0		IMessage<lng>,IBufferMessage	lmu
lnh	14218	Ankama.Dofus.Protocol.Game.dll	1027602	0		IMessage<lnh>,IBufferMessage	
lni	14220	Ankama.Dofus.Protocol.Game.dll	1027697	0		IMessage<lni>,IBufferMessage	
lnj	14222	Ankama.Dofus.Protocol.Game.dll	1027791	0		IMessage<lnj>,IBufferMessage	lbl,ljx
lnk	14224	Ankama.Dofus.Protocol.Game.dll	1027890	0		IMessage<lnk>,IBufferMessage	
lno	14229	Ankama.Dofus.Protocol.Game.dll	1028006	0		IMessage<lno>,IBufferMessage	lec
lnq	14232	Ankama.Dofus.Protocol.Game.dll	1028118	0		IMessage<lnq>,IBufferMessage	lnp
lns	14235	Ankama.Dofus.Protocol.Game.dll	1028246	0		IMessage<lns>,IBufferMessage	lef,lnr
lnv	14239	Ankama.Dofus.Protocol.Game.dll	1028363	0		IMessage<lnv>,IBufferMessage	
lnw	14241	Ankama.Dofus.Protocol.Game.dll	1028474	0		IMessage<lnw>,IBufferMessage	lbn
lnx	14243	Ankama.Dofus.Protocol.Game.dll	1028563	0		IMessage<lnx>,IBufferMessage	les,lfi
lny	14245	Ankama.Dofus.Protocol.Game.dll	1028711	0		IMessage<lny>,IBufferMessage	lbg
lnz	14247	Ankama.Dofus.Protocol.Game.dll	1028823	0		IMessage<lnz>,IBufferMessage	
loa	14249	Ankama.Dofus.Protocol.Game.dll	1028930	0		IMessage<loa>,IBufferMessage	
lob	14251	Ankama.Dofus.Protocol.Game.dll	1029049	0		IMessage<lob>,IBufferMessage	
loc	14253	Ankama.Dofus.Protocol.Game.dll	1029156	0		IMessage<loc>,IBufferMessage	lpl,lbj
lpg	14292	Ankama.Dofus.Protocol.Game.dll	1029268	0		IMessage<lpg>,IBufferMessage	loe,lof,lay,lcf,lba,laz,lhg,loo,lop,lgl,lnk
lpj	14297	Ankama.Dofus.Protocol.Game.dll	1030725	0		IMessage<lpj>,IBufferMessage	lba
lpk	14299	Ankama.Dofus.Protocol.Game.dll	1030935	0		IMessage<lpk>,IBufferMessage	lbk
lpl	14301	Ankama.Dofus.Protocol.Game.dll	1031041	0		IMessage<lpl>,IBufferMessage	lbl
lpo	14305	Ankama.Dofus.Protocol.Game.dll	1031130	0		IMessage<lpo>,IBufferMessage	lgm
lpp	14307	Ankama.Dofus.Protocol.Game.dll	1031246	0		IMessage<lpp>,IBufferMessage	
lpx	14320	Ankama.Dofus.Protocol.Game.dll	1031340	0		IMessage<lpx>,IBufferMessage	lpq,lgl,lnx,lfe
lpy	14322	Ankama.Dofus.Protocol.Game.dll	1031889	0		IMessage<lpy>,IBufferMessage	
lpz	14324	Ankama.Dofus.Protocol.Game.dll	1031978	0		IMessage<lpz>,IBufferMessage	
lqb	14327	Ankama.Dofus.Protocol.Game.dll	1032107	0		IMessage<lqb>,IBufferMessage	
lqc	14329	Ankama.Dofus.Protocol.Game.dll	1032191	0		IMessage<lqc>,IBufferMessage	
lqd	14331	Ankama.Dofus.Protocol.Game.dll	1032280	0		IMessage<lqd>,IBufferMessage	
lqe	14333	Ankama.Dofus.Protocol.Game.dll	1032364	0		IMessage<lqe>,IBufferMessage	lay,lbb,len,les
lqf	14335	Ankama.Dofus.Protocol.Game.dll	1032513	0		IMessage<lqf>,IBufferMessage	
lqg	14337	Ankama.Dofus.Protocol.Game.dll	1032602	0		IMessage<lqg>,IBufferMessage	
lqj	14341	Ankama.Dofus.Protocol.Game.dll	1032681	0		IMessage<lqj>,IBufferMessage	
lqn	14346	Ankama.Dofus.Protocol.Game.dll	1032791	0		IMessage<lqn>,IBufferMessage	
lqq	14351	Ankama.Dofus.Protocol.Game.dll	1032922	0		IMessage<lqq>,IBufferMessage	
lqr	14353	Ankama.Dofus.Protocol.Game.dll	1033116	0		IMessage<lqr>,IBufferMessage	
lqs	14355	Ankama.Dofus.Protocol.Game.dll	1033205	0		IMessage<lqs>,IBufferMessage	
lqt	14357	Ankama.Dofus.Protocol.Game.dll	1033306	0		IMessage<lqt>,IBufferMessage	
lqu	14359	Ankama.Dofus.Protocol.Game.dll	1033385	0		IMessage<lqu>,IBufferMessage	
lqv	14361	Ankama.Dofus.Protocol.Game.dll	1033479	0		IMessage<lqv>,IBufferMessage	
lqw	14363	Ankama.Dofus.Protocol.Game.dll	1033558	0		IMessage<lqw>,IBufferMessage	lgf
lqx	14365	Ankama.Dofus.Protocol.Game.dll	1033652	0		IMessage<lqx>,IBufferMessage	lgf
lr	312	Core.dll	1033766	0		IDataCenter	
lrc	14371	Ankama.Dofus.Protocol.Game.dll	1033813	0		IMessage<lrc>,IBufferMessage	lqz
lrd	14373	Ankama.Dofus.Protocol.Game.dll	1033934	0		IMessage<lrd>,IBufferMessage	
lre	14375	Ankama.Dofus.Protocol.Game.dll	1034013	0		IMessage<lre>,IBufferMessage	
lrf	14377	Ankama.Dofus.Protocol.Game.dll	1034097	0		IMessage<lrf>,IBufferMessage	
lrg	14379	Ankama.Dofus.Protocol.Game.dll	1034176	0		IMessage<lrg>,IBufferMessage	
lrk	14384	Ankama.Dofus.Protocol.Game.dll	1034261	0		IMessage<lrk>,IBufferMessage	
lrl	14386	Ankama.Dofus.Protocol.Game.dll	1034380	0		IMessage<lrl>,IBufferMessage	
lrm	14388	Ankama.Dofus.Protocol.Game.dll	1034464	0		IMessage<lrm>,IBufferMessage	lqz
lrn	14390	Ankama.Dofus.Protocol.Game.dll	1034563	0		IMessage<lrn>,IBufferMessage	lrc
lro	14392	Ankama.Dofus.Protocol.Game.dll	1034657	0		IMessage<lro>,IBufferMessage	
lrr	14396	Ankama.Dofus.Protocol.Game.dll	1034742	0		IMessage<lrr>,IBufferMessage	
lrs	14398	Ankama.Dofus.Protocol.Game.dll	1034844	0		IMessage<lrs>,IBufferMessage	lqz
lrt	14400	Ankama.Dofus.Protocol.Game.dll	1034948	0		IMessage<lrt>,IBufferMessage	
lru	14402	Ankama.Dofus.Protocol.Game.dll	1035043	0		IMessage<lru>,IBufferMessage	
lsd	14415	Ankama.Dofus.Protocol.Game.dll	1035241	0		IMessage<lsd>,IBufferMessage	lrw,lfe,lrx
lse	14417	Ankama.Dofus.Protocol.Game.dll	1035648	0		IMessage<lse>,IBufferMessage	lrw
lsh	14421	Ankama.Dofus.Protocol.Game.dll	1035754	0		IMessage<lsh>,IBufferMessage	
lsi	14423	Ankama.Dofus.Protocol.Game.dll	1035849	0		IMessage<lsi>,IBufferMessage	
lsl	14427	Ankama.Dofus.Protocol.Game.dll	1035933	0		IMessage<lsl>,IBufferMessage	
lsm	14429	Ankama.Dofus.Protocol.Game.dll	1036053	0		IMessage<lsm>,IBufferMessage	lsg
lsp	14433	Ankama.Dofus.Protocol.Game.dll	1036137	0		IMessage<lsp>,IBufferMessage	
lsq	14435	Ankama.Dofus.Protocol.Game.dll	1036241	0		IMessage<lsq>,IBufferMessage	
lsr	14437	Ankama.Dofus.Protocol.Game.dll	1036345	0		IMessage<lsr>,IBufferMessage	
lss	14439	Ankama.Dofus.Protocol.Game.dll	1036424	0		IMessage<lss>,IBufferMessage	
lst	14441	Ankama.Dofus.Protocol.Game.dll	1036503	0		IMessage<lst>,IBufferMessage	
lsx	14446	Ankama.Dofus.Protocol.Game.dll	1036603	0		IMessage<lsx>,IBufferMessage	lsg
lsy	14448	Ankama.Dofus.Protocol.Game.dll	1036729	0		IMessage<lsy>,IBufferMessage	
ltd	14456	Ankama.Dofus.Protocol.Game.dll	1036840	0		IMessage<ltd>,IBufferMessage	lsg
lte	14458	Ankama.Dofus.Protocol.Game.dll	1037144	0		IMessage<lte>,IBufferMessage	
ltf	14460	Ankama.Dofus.Protocol.Game.dll	1037223	0		IMessage<ltf>,IBufferMessage	
ltg	14462	Ankama.Dofus.Protocol.Game.dll	1037307	0		IMessage<ltg>,IBufferMessage	
lth	14464	Ankama.Dofus.Protocol.Game.dll	1037386	0		IMessage<lth>,IBufferMessage	
ltk	14468	Ankama.Dofus.Protocol.Game.dll	1037475	0		IMessage<ltk>,IBufferMessage	
ltl	14470	Ankama.Dofus.Protocol.Game.dll	1037591	0		IMessage<ltl>,IBufferMessage	lsg
ltm	14472	Ankama.Dofus.Protocol.Game.dll	1037675	0		IMessage<ltm>,IBufferMessage	
ltn	14474	Ankama.Dofus.Protocol.Game.dll	1037774	0		IMessage<ltn>,IBufferMessage	
lto	14476	Ankama.Dofus.Protocol.Game.dll	1037863	0		IMessage<lto>,IBufferMessage	
lty	14491	Ankama.Dofus.Protocol.Game.dll	1037942	0		IMessage<lty>,IBufferMessage	lsg
luw	14529	Ankama.Dofus.Protocol.Game.dll	1038564	0		IMessage<luw>,IBufferMessage	ltz,luj
lux	14531	Ankama.Dofus.Protocol.Game.dll	1039910	0		IMessage<lux>,IBufferMessage	
luy	14533	Ankama.Dofus.Protocol.Game.dll	1039989	0		IMessage<luy>,IBufferMessage	
lva	14536	Ankama.Dofus.Protocol.Game.dll	1040104	0		IMessage<lva>,IBufferMessage	
lvb	14538	Ankama.Dofus.Protocol.Game.dll	1040189	0		IMessage<lvb>,IBufferMessage	
lvd	14541	Ankama.Dofus.Protocol.Game.dll	1040288	0		IMessage<lvd>,IBufferMessage	
lvi	14549	Ankama.Dofus.Protocol.Game.dll	1040379	0		IMessage<lvi>,IBufferMessage	lve
lvl	14553	Ankama.Dofus.Protocol.Game.dll	1040666	0		IMessage<lvl>,IBufferMessage	
lvo	14558	Ankama.Dofus.Protocol.Game.dll	1040776	0		IMessage<lvo>,IBufferMessage	
lvp	14560	Ankama.Dofus.Protocol.Game.dll	1040996	0		IMessage<lvp>,IBufferMessage	
lvq	14562	Ankama.Dofus.Protocol.Game.dll	1041081	0		IMessage<lvq>,IBufferMessage	lba
lvr	14564	Ankama.Dofus.Protocol.Game.dll	1041186	0		IMessage<lvr>,IBufferMessage	
lvs	14566	Ankama.Dofus.Protocol.Game.dll	1041276	0		IMessage<lvs>,IBufferMessage	
lvv	14571	Ankama.Dofus.Protocol.Game.dll	1041376	0		IMessage<lvv>,IBufferMessage	lba,lhg
lvw	14573	Ankama.Dofus.Protocol.Game.dll	1041581	0		IMessage<lvw>,IBufferMessage	
lvz	14578	Ankama.Dofus.Protocol.Game.dll	1041665	0		IMessage<lvz>,IBufferMessage	lvs
lw	317	Core.dll	1041894	0		IDataCenter	
lwa	14580	Ankama.Dofus.Protocol.Game.dll	1041939	0		IMessage<lwa>,IBufferMessage	
lwb	14582	Ankama.Dofus.Protocol.Game.dll	1042040	0		IMessage<lwb>,IBufferMessage	lba,lhg
lwc	14584	Ankama.Dofus.Protocol.Game.dll	1042144	0		IMessage<lwc>,IBufferMessage	lvs
lwd	14586	Ankama.Dofus.Protocol.Game.dll	1042228	0		IMessage<lwd>,IBufferMessage	kuu
lwe	14588	Ankama.Dofus.Protocol.Game.dll	1042317	0		IMessage<lwe>,IBufferMessage	lba
lwk	14595	Ankama.Dofus.Protocol.Game.dll	1042487	0		IMessage<lwk>,IBufferMessage	lvd
lwl	14597	Ankama.Dofus.Protocol.Game.dll	1042596	0		IMessage<lwl>,IBufferMessage	
lwm	14599	Ankama.Dofus.Protocol.Game.dll	1042680	0		IMessage<lwm>,IBufferMessage	
lwn	14601	Ankama.Dofus.Protocol.Game.dll	1042789	0		IMessage<lwn>,IBufferMessage	
lwq	14605	Ankama.Dofus.Protocol.Game.dll	1042879	0		IMessage<lwq>,IBufferMessage	lzc
lwt	14610	Ankama.Dofus.Protocol.Game.dll	1042984	0		IMessage<lwt>,IBufferMessage	
lwu	14612	Ankama.Dofus.Protocol.Game.dll	1043224	0		IMessage<lwu>,IBufferMessage	
lwv	14614	Ankama.Dofus.Protocol.Game.dll	1043313	0		IMessage<lwv>,IBufferMessage	
lww	14616	Ankama.Dofus.Protocol.Game.dll	1043397	0		IMessage<lww>,IBufferMessage	lwj
lwx	14618	Ankama.Dofus.Protocol.Game.dll	1043481	0		IMessage<lwx>,IBufferMessage	
lwy	14620	Ankama.Dofus.Protocol.Game.dll	1043565	0		IMessage<lwy>,IBufferMessage	
lwz	14622	Ankama.Dofus.Protocol.Game.dll	1043649	0		IMessage<lwz>,IBufferMessage	lwh
lx	318	Core.dll	1043757	0		IDataCenter	
lxa	14624	Ankama.Dofus.Protocol.Game.dll	1043791	0		IMessage<lxa>,IBufferMessage	
lxb	14626	Ankama.Dofus.Protocol.Game.dll	1043880	0		IMessage<lxb>,IBufferMessage	lzc
lxc	14628	Ankama.Dofus.Protocol.Game.dll	1043974	0		IMessage<lxc>,IBufferMessage	lhg
lxd	14630	Ankama.Dofus.Protocol.Game.dll	1044068	0		IMessage<lxd>,IBufferMessage	
lxg	14634	Ankama.Dofus.Protocol.Game.dll	1044152	0		IMessage<lxg>,IBufferMessage	lwh
lxh	14636	Ankama.Dofus.Protocol.Game.dll	1044257	0		IMessage<lxh>,IBufferMessage	lwi
lxk	14640	Ankama.Dofus.Protocol.Game.dll	1044347	0		IMessage<lxk>,IBufferMessage	
lxl	14642	Ankama.Dofus.Protocol.Game.dll	1044448	0		IMessage<lxl>,IBufferMessage	
lxo	14646	Ankama.Dofus.Protocol.Game.dll	1044532	0		IMessage<lxo>,IBufferMessage	lzc
lxr	14651	Ankama.Dofus.Protocol.Game.dll	1044649	0		IMessage<lxr>,IBufferMessage	
lxs	14653	Ankama.Dofus.Protocol.Game.dll	1044849	0		IMessage<lxs>,IBufferMessage	lwj
lxt	14655	Ankama.Dofus.Protocol.Game.dll	1044943	0		IMessage<lxt>,IBufferMessage	
lxw	14660	Ankama.Dofus.Protocol.Game.dll	1045053	0		IMessage<lxw>,IBufferMessage	
lya	14666	Ankama.Dofus.Protocol.Game.dll	1045280	0		IMessage<lya>,IBufferMessage	lwi
lyb	14668	Ankama.Dofus.Protocol.Game.dll	1045472	0		IMessage<lyb>,IBufferMessage	llk,lwi
lye	14673	Ankama.Dofus.Protocol.Game.dll	1045573	0		IMessage<lye>,IBufferMessage	
lyf	14675	Ankama.Dofus.Protocol.Game.dll	1045774	0		IMessage<lyf>,IBufferMessage	lwh
lyg	14677	Ankama.Dofus.Protocol.Game.dll	1045883	0		IMessage<lyg>,IBufferMessage	
lyj	14682	Ankama.Dofus.Protocol.Game.dll	1045970	0		IMessage<lyj>,IBufferMessage	
lyk	14684	Ankama.Dofus.Protocol.Game.dll	1046156	0		IMessage<lyk>,IBufferMessage	
lyl	14686	Ankama.Dofus.Protocol.Game.dll	1046235	0		IMessage<lyl>,IBufferMessage	lvd
lym	14688	Ankama.Dofus.Protocol.Game.dll	1046319	0		IMessage<lym>,IBufferMessage	
lyn	14690	Ankama.Dofus.Protocol.Game.dll	1046411	0		IMessage<lyn>,IBufferMessage	lwi
lyo	14692	Ankama.Dofus.Protocol.Game.dll	1046501	0		IMessage<lyo>,IBufferMessage	
lyr	14696	Ankama.Dofus.Protocol.Game.dll	1046590	0		IMessage<lyr>,IBufferMessage	
lys	14698	Ankama.Dofus.Protocol.Game.dll	1046692	0		IMessage<lys>,IBufferMessage	
lyt	14700	Ankama.Dofus.Protocol.Game.dll	1046789	0		IMessage<lyt>,IBufferMessage	lzc
lyu	14702	Ankama.Dofus.Protocol.Game.dll	1046879	0		IMessage<lyu>,IBufferMessage	
lyv	14704	Ankama.Dofus.Protocol.Game.dll	1046968	0		IMessage<lyv>,IBufferMessage	
lyy	14708	Ankama.Dofus.Protocol.Game.dll	1047052	0		IMessage<lyy>,IBufferMessage	
lyz	14710	Ankama.Dofus.Protocol.Game.dll	1047155	0		IMessage<lyz>,IBufferMessage	
lzc	14715	Ankama.Dofus.Protocol.Game.dll	1047291	0		IMessage<lzc>,IBufferMessage	lvd,lhg
lzd	14717	Ankama.Dofus.Protocol.Game.dll	1047584	0		IMessage<lzd>,IBufferMessage	
lze	14719	Ankama.Dofus.Protocol.Game.dll	1047678	0		IMessage<lze>,IBufferMessage	
lzg	14722	Ankama.Dofus.Protocol.Game.dll	1047797	0		IMessage<lzg>,IBufferMessage	
lzh	14724	Ankama.Dofus.Protocol.Game.dll	1047881	0		IMessage<lzh>,IBufferMessage	
lzi	14726	Ankama.Dofus.Protocol.Game.dll	1047960	0		IMessage<lzi>,IBufferMessage	
lzl	14731	Ankama.Dofus.Protocol.Game.dll	1048054	0		IMessage<lzl>,IBufferMessage	
lzn	14734	Ankama.Dofus.Protocol.Game.dll	1048253	0		IMessage<lzn>,IBufferMessage	
lzo	14736	Ankama.Dofus.Protocol.Game.dll	1048344	0		IMessage<lzo>,IBufferMessage	lzv
lzp	14738	Ankama.Dofus.Protocol.Game.dll	1048428	0		IMessage<lzp>,IBufferMessage	
lzs	14743	Ankama.Dofus.Protocol.Game.dll	1048513	0		IMessage<lzs>,IBufferMessage	lzv
lzv	14747	Ankama.Dofus.Protocol.Game.dll	1048704	0		IMessage<lzv>,IBufferMessage	
lzx	14750	Ankama.Dofus.Protocol.Game.dll	1048834	0		IMessage<lzx>,IBufferMessage	lpo,len
lzy	14752	Ankama.Dofus.Protocol.Game.dll	1048923	0		IMessage<lzy>,IBufferMessage	lmn
mab	14757	Ankama.Dofus.Protocol.Game.dll	1049023	0		IMessage<mab>,IBufferMessage	
mac	14759	Ankama.Dofus.Protocol.Game.dll	1049208	0		IMessage<mac>,IBufferMessage	
mad	14761	Ankama.Dofus.Protocol.Game.dll	1049297	0		IMessage<mad>,IBufferMessage	
mae	14763	Ankama.Dofus.Protocol.Game.dll	1049386	0		IMessage<mae>,IBufferMessage	
maf	14765	Ankama.Dofus.Protocol.Game.dll	1049481	0		IMessage<maf>,IBufferMessage	
mag	14767	Ankama.Dofus.Protocol.Game.dll	1049570	0		IMessage<mag>,IBufferMessage	
mah	14769	Ankama.Dofus.Protocol.Game.dll	1049649	0		IMessage<mah>,IBufferMessage	
mai	14771	Ankama.Dofus.Protocol.Game.dll	1049743	0		IMessage<mai>,IBufferMessage	
maj	14773	Ankama.Dofus.Protocol.Game.dll	1049832	0		IMessage<maj>,IBufferMessage	
mam	14778	Ankama.Dofus.Protocol.Game.dll	1049911	0		IMessage<mam>,IBufferMessage	
maq	14782	Ankama.Dofus.Protocol.Game.dll	1050131	0		IMessage<maq>,IBufferMessage	len
mar	14784	Ankama.Dofus.Protocol.Game.dll	1050237	0		IMessage<mar>,IBufferMessage	lmn
mas	14786	Ankama.Dofus.Protocol.Game.dll	1050321	0		IMessage<mas>,IBufferMessage	
mat	14788	Ankama.Dofus.Protocol.Game.dll	1050400	0		IMessage<mat>,IBufferMessage	
mau	14790	Ankama.Dofus.Protocol.Game.dll	1052523	0		IMessage<mau>,IBufferMessage	
mav	14792	Ankama.Dofus.Protocol.Game.dll	1052607	0		IMessage<mav>,IBufferMessage	
maz	14796	Ankama.Dofus.Protocol.Game.dll	1052691	0		IMessage<maz>,IBufferMessage	
mba	14798	Ankama.Dofus.Protocol.Game.dll	1052851	0		IMessage<mba>,IBufferMessage	
mbb	14800	Ankama.Dofus.Protocol.Game.dll	1052930	0		IMessage<mbb>,IBufferMessage	lbt,lpo
mbd	14803	Ankama.Dofus.Protocol.Game.dll	1053039	0		IMessage<mbd>,IBufferMessage	ldt
mbg	14808	Ankama.Dofus.Protocol.Game.dll	1053128	0		IMessage<mbg>,IBufferMessage	
mbj	14812	Ankama.Dofus.Protocol.Game.dll	1053360	0		IMessage<mbj>,IBufferMessage	
mbk	14814	Ankama.Dofus.Protocol.Game.dll	1053473	0		IMessage<mbk>,IBufferMessage	
mbl	14816	Ankama.Dofus.Protocol.Game.dll	1053562	0		IMessage<mbl>,IBufferMessage	
mbm	14818	Ankama.Dofus.Protocol.Game.dll	1053657	0		IMessage<mbm>,IBufferMessage	
mbn	14820	Ankama.Dofus.Protocol.Game.dll	1053742	0		IMessage<mbn>,IBufferMessage	
mbo	14822	Ankama.Dofus.Protocol.Game.dll	1053827	0		IMessage<mbo>,IBufferMessage	
mbq	14825	Ankama.Dofus.Protocol.Game.dll	1053931	0		IMessage<mbq>,IBufferMessage	lbx
mbr	14827	Ankama.Dofus.Protocol.Game.dll	1054025	0		IMessage<mbr>,IBufferMessage	
mbs	14829	Ankama.Dofus.Protocol.Game.dll	1054109	0		IMessage<mbs>,IBufferMessage	len
mbt	14831	Ankama.Dofus.Protocol.Game.dll	1054198	0		IMessage<mbt>,IBufferMessage	
mbu	14833	Ankama.Dofus.Protocol.Game.dll	1054277	0		IMessage<mbu>,IBufferMessage	
mbv	14835	Ankama.Dofus.Protocol.Game.dll	1054371	0		IMessage<mbv>,IBufferMessage	lmr
mby	14839	Ankama.Dofus.Protocol.Game.dll	1054455	0		IMessage<mby>,IBufferMessage	
mbz	14841	Ankama.Dofus.Protocol.Game.dll	1054569	0		IMessage<mbz>,IBufferMessage	len
mca	14843	Ankama.Dofus.Protocol.Game.dll	1054663	0		IMessage<mca>,IBufferMessage	len
mcb	14845	Ankama.Dofus.Protocol.Game.dll	1054752	0		IMessage<mcb>,IBufferMessage	lbx
mcc	14847	Ankama.Dofus.Protocol.Game.dll	1054847	0		IMessage<mcc>,IBufferMessage	
mce	14850	Ankama.Dofus.Protocol.Game.dll	1054945	0		IMessage<mce>,IBufferMessage	
mcf	14852	Ankama.Dofus.Protocol.Game.dll	1055039	0		IMessage<mcf>,IBufferMessage	
mcg	14854	Ankama.Dofus.Protocol.Game.dll	1055118	0		IMessage<mcg>,IBufferMessage	
mch	14856	Ankama.Dofus.Protocol.Game.dll	1055207	0		IMessage<mch>,IBufferMessage	lbv
mck	14860	Ankama.Dofus.Protocol.Game.dll	1055291	0		IMessage<mck>,IBufferMessage	
mcl	14862	Ankama.Dofus.Protocol.Game.dll	1055398	0		IMessage<mcl>,IBufferMessage	len
mcm	14864	Ankama.Dofus.Protocol.Game.dll	1055504	0		IMessage<mcm>,IBufferMessage	leg
mcn	14866	Ankama.Dofus.Protocol.Game.dll	1055588	0		IMessage<mcn>,IBufferMessage	lbv
mco	14868	Ankama.Dofus.Protocol.Game.dll	1055677	0		IMessage<mco>,IBufferMessage	lbw
mcr	14872	Ankama.Dofus.Protocol.Game.dll	1055761	0		IMessage<mcr>,IBufferMessage	leg
mcs	14874	Ankama.Dofus.Protocol.Game.dll	1055867	0		IMessage<mcs>,IBufferMessage	
mcv	14878	Ankama.Dofus.Protocol.Game.dll	1055951	0		IMessage<mcv>,IBufferMessage	
mcw	14880	Ankama.Dofus.Protocol.Game.dll	1056072	0		IMessage<mcw>,IBufferMessage	
mcx	14882	Ankama.Dofus.Protocol.Game.dll	1056151	0		IMessage<mcx>,IBufferMessage	len
mcy	14884	Ankama.Dofus.Protocol.Game.dll	1056253	0		IMessage<mcy>,IBufferMessage	lld
mcz	14886	Ankama.Dofus.Protocol.Game.dll	1056352	0		IMessage<mcz>,IBufferMessage	lld
mda	14888	Ankama.Dofus.Protocol.Game.dll	1056442	0		IMessage<mda>,IBufferMessage	
mde	14893	Ankama.Dofus.Protocol.Game.dll	1056521	0		IMessage<mde>,IBufferMessage	
mdf	14895	Ankama.Dofus.Protocol.Game.dll	1056691	0		IMessage<mdf>,IBufferMessage	lbw
mdg	14897	Ankama.Dofus.Protocol.Game.dll	1056780	0		IMessage<mdg>,IBufferMessage	
mdj	14902	Ankama.Dofus.Protocol.Game.dll	1056864	0		IMessage<mdj>,IBufferMessage	
mdk	14904	Ankama.Dofus.Protocol.Game.dll	1057033	0		IMessage<mdk>,IBufferMessage	lld
mdm	14907	Ankama.Dofus.Protocol.Game.dll	1057136	0		IMessage<mdm>,IBufferMessage	
mdn	14909	Ankama.Dofus.Protocol.Game.dll	1057225	0		IMessage<mdn>,IBufferMessage	
mdq	14913	Ankama.Dofus.Protocol.Game.dll	1057319	0		IMessage<mdq>,IBufferMessage	
mdr	14915	Ankama.Dofus.Protocol.Game.dll	1057430	0		IMessage<mdr>,IBufferMessage	
mdt	14918	Ankama.Dofus.Protocol.Game.dll	1057545	0		IMessage<mdt>,IBufferMessage	
mdu	14920	Ankama.Dofus.Protocol.Game.dll	1057637	0		IMessage<mdu>,IBufferMessage	
mdv	14922	Ankama.Dofus.Protocol.Game.dll	1057722	0		IMessage<mdv>,IBufferMessage	lci
mdw	14924	Ankama.Dofus.Protocol.Game.dll	1057806	0		IMessage<mdw>,IBufferMessage	
mdx	14926	Ankama.Dofus.Protocol.Game.dll	1057885	0		IMessage<mdx>,IBufferMessage	lpg,lci,lbl
mdy	14928	Ankama.Dofus.Protocol.Game.dll	1057979	0		IMessage<mdy>,IBufferMessage	
mdz	14930	Ankama.Dofus.Protocol.Game.dll	1058058	0		IMessage<mdz>,IBufferMessage	len
me	325	Core.dll	1058141	0		IDataCenter,IDragData	mm,mt,mb,md
mea	14932	Ankama.Dofus.Protocol.Game.dll	1058458	0		IMessage<mea>,IBufferMessage	lci
meb	14934	Ankama.Dofus.Protocol.Game.dll	1058542	0		IMessage<meb>,IBufferMessage	
mec	14936	Ankama.Dofus.Protocol.Game.dll	1058627	0		IMessage<mec>,IBufferMessage	
med	14938	Ankama.Dofus.Protocol.Game.dll	1058711	0		IMessage<med>,IBufferMessage	lci
meg	14943	Ankama.Dofus.Protocol.Game.dll	1058806	0		IMessage<meg>,IBufferMessage	
meh	14945	Ankama.Dofus.Protocol.Game.dll	1059035	0		IMessage<meh>,IBufferMessage	lci,lgp
mep	14957	Ankama.Dofus.Protocol.Game.dll	1059124	0		IMessage<mep>,IBufferMessage	len
meq	14959	Ankama.Dofus.Protocol.Game.dll	1059549	0		IMessage<meq>,IBufferMessage	
mer	14961	Ankama.Dofus.Protocol.Game.dll	1059640	0		IMessage<mer>,IBufferMessage	lci
mes	14963	Ankama.Dofus.Protocol.Game.dll	1059724	0		IMessage<mes>,IBufferMessage	
met	14965	Ankama.Dofus.Protocol.Game.dll	1059808	0		IMessage<met>,IBufferMessage	lci,lgp
meu	14967	Ankama.Dofus.Protocol.Game.dll	1059915	0		IMessage<meu>,IBufferMessage	lci
mew	14970	Ankama.Dofus.Protocol.Game.dll	1060018	0		IMessage<mew>,IBufferMessage	
mez	14974	Ankama.Dofus.Protocol.Game.dll	1060102	0		IMessage<mez>,IBufferMessage	
mfa	14976	Ankama.Dofus.Protocol.Game.dll	1060220	0		IMessage<mfa>,IBufferMessage	
mfb	14978	Ankama.Dofus.Protocol.Game.dll	1060305	0		IMessage<mfb>,IBufferMessage	
mfc	14980	Ankama.Dofus.Protocol.Game.dll	1060394	0		IMessage<mfc>,IBufferMessage	
mfe	14983	Ankama.Dofus.Protocol.Game.dll	1060497	0		IMessage<mfe>,IBufferMessage	
mff	14985	Ankama.Dofus.Protocol.Game.dll	1060581	0		IMessage<mff>,IBufferMessage	
mfg	14987	Ankama.Dofus.Protocol.Game.dll	1060665	0		IMessage<mfg>,IBufferMessage	mfl
mfl	14994	Ankama.Dofus.Protocol.Game.dll	1060749	0		IMessage<mfl>,IBufferMessage	
mfm	14996	Ankama.Dofus.Protocol.Game.dll	1060971	0		IMessage<mfm>,IBufferMessage	
mfn	14998	Ankama.Dofus.Protocol.Game.dll	1061060	0		IMessage<mfn>,IBufferMessage	
mfo	15000	Ankama.Dofus.Protocol.Game.dll	1061167	0		IMessage<mfo>,IBufferMessage	
mfp	15002	Ankama.Dofus.Protocol.Game.dll	1061257	0		IMessage<mfp>,IBufferMessage	
mfs	15007	Ankama.Dofus.Protocol.Game.dll	1061341	0		IMessage<mfs>,IBufferMessage	
mft	15009	Ankama.Dofus.Protocol.Game.dll	1061538	0		IMessage<mft>,IBufferMessage	
mfu	15011	Ankama.Dofus.Protocol.Game.dll	1061623	0		IMessage<mfu>,IBufferMessage	mfn
mfx	15016	Ankama.Dofus.Protocol.Game.dll	1061707	0		IMessage<mfx>,IBufferMessage	
mg	327	Core.dll	1061886	0		IDataCenter	
mga	15021	Ankama.Dofus.Protocol.Game.dll	1061927	0		IMessage<mga>,IBufferMessage	
mgb	15023	Ankama.Dofus.Protocol.Game.dll	1062129	0		IMessage<mgb>,IBufferMessage	
mgc	15025	Ankama.Dofus.Protocol.Game.dll	1062214	0		IMessage<mgc>,IBufferMessage	mfn
mgh	15032	Ankama.Dofus.Protocol.Game.dll	1062317	0		IMessage<mgh>,IBufferMessage	
mgk	15036	Ankama.Dofus.Protocol.Game.dll	1062501	0		IMessage<mgk>,IBufferMessage	
mgn	15041	Ankama.Dofus.Protocol.Game.dll	1062602	0		IMessage<mgn>,IBufferMessage	
mgq	15045	Ankama.Dofus.Protocol.Game.dll	1062818	0		IMessage<mgq>,IBufferMessage	lbb
mgt	15050	Ankama.Dofus.Protocol.Game.dll	1062925	0		IMessage<mgt>,IBufferMessage	
mgx	15056	Ankama.Dofus.Protocol.Game.dll	1063124	0		IMessage<mgx>,IBufferMessage	
mgy	15058	Ankama.Dofus.Protocol.Game.dll	1063339	0		IMessage<mgy>,IBufferMessage	
mgz	15060	Ankama.Dofus.Protocol.Game.dll	1063424	0		IMessage<mgz>,IBufferMessage	
mhc	15064	Ankama.Dofus.Protocol.Game.dll	1063520	0		IMessage<mhc>,IBufferMessage	
mhh	38966	Ankama.Dofus.Protocol.Connection.dll	1063673	0		IMessage<mhh>,IBufferMessage	mhg
mhj	38969	Ankama.Dofus.Protocol.Connection.dll	1063780	0		IMessage<mhj>,IBufferMessage	mhi
mhl	38972	Ankama.Dofus.Protocol.Connection.dll	1063912	0		IMessage<mhl>,IBufferMessage	mhk
mhn	38975	Ankama.Dofus.Protocol.Connection.dll	1064039	0		IMessage<mhn>,IBufferMessage	mhm
mho	38977	Ankama.Dofus.Protocol.Connection.dll	1064136	0		IMessage<mho>,IBufferMessage	
mhp	38979	Ankama.Dofus.Protocol.Connection.dll	1064215	0		IMessage<mhp>,IBufferMessage	
mhq	38981	Ankama.Dofus.Protocol.Connection.dll	1064294	0		IMessage<mhq>,IBufferMessage	mit
mhs	38984	Ankama.Dofus.Protocol.Connection.dll	1064378	0		IMessage<mhs>,IBufferMessage	mhr
mhv	38989	Ankama.Dofus.Protocol.Connection.dll	1064490	0		IMessage<mhv>,IBufferMessage	
mhw	38991	Ankama.Dofus.Protocol.Connection.dll	1064674	0		IMessage<mhw>,IBufferMessage	
mig	39004	Ankama.Dofus.Protocol.Connection.dll	1064775	0		IMessage<mig>,IBufferMessage	mhx,miq,mja,mjx
mih	39006	Ankama.Dofus.Protocol.Connection.dll	1065253	0		IMessage<mih>,IBufferMessage	
mim	39013	Ankama.Dofus.Protocol.Connection.dll	1065337	0		IMessage<mim>,IBufferMessage	mii
miq	39018	Ankama.Dofus.Protocol.Connection.dll	1065554	0		IMessage<miq>,IBufferMessage	mhf
mit	39022	Ankama.Dofus.Protocol.Connection.dll	1065745	0		IMessage<mit>,IBufferMessage	miw
miw	39026	Ankama.Dofus.Protocol.Connection.dll	1065854	0		IMessage<miw>,IBufferMessage	mhf
mix	39028	Ankama.Dofus.Protocol.Connection.dll	1065960	0		IMessage<mix>,IBufferMessage	
miz	39031	Ankama.Dofus.Protocol.Connection.dll	1066044	0		IMessage<miz>,IBufferMessage	miy
mja	39033	Ankama.Dofus.Protocol.Connection.dll	1066153	0		IMessage<mja>,IBufferMessage	miq
mjb	39035	Ankama.Dofus.Protocol.Connection.dll	1066257	0		IMessage<mjb>,IBufferMessage	
mjc	39037	Ankama.Dofus.Protocol.Connection.dll	1066336	0		IMessage<mjc>,IBufferMessage	
mjg	39042	Ankama.Dofus.Protocol.Connection.dll	1066415	0		IMessage<mjg>,IBufferMessage	
mjh	39044	Ankama.Dofus.Protocol.Connection.dll	1066554	0		IMessage<mjh>,IBufferMessage	
mjo	39054	Ankama.Dofus.Protocol.Connection.dll	1066633	0		IMessage<mjo>,IBufferMessage	mji
mjp	39056	Ankama.Dofus.Protocol.Connection.dll	1066939	0		IMessage<mjp>,IBufferMessage	
mjw	39066	Ankama.Dofus.Protocol.Connection.dll	1067028	0		IMessage<mjw>,IBufferMessage	mjq
mjx	39068	Ankama.Dofus.Protocol.Connection.dll	1067319	0		IMessage<mjx>,IBufferMessage	
mk	332	Core.dll	1067413	0		IDragData	
ml	333	Core.dll	1067544	0		IDataCenter	
mo	336	Core.dll	1067658	0		IDataCenter	me,mt
mt	369	Core.dll	1067866	0		IDataCenter	exd,mm
mx	382	Core.dll	1067941	0		IDataCenter	
nb	427	Core.dll	1068080	0		IDataCenter	eyy
ng	432	Core.dll	1068171	0		IDataCenter	flp
nq	442	Core.dll	1068540	0		IDataCenter	dtd
nr	443	Core.dll	1068572	0		IDataCenter,IDragData	exq,feu,fmm,mb,mm,mt
ns	444	Core.dll	1068709	0		IDataCenter,IDragData	
oa	453	Core.dll	1068877	0		IDataCenter	
pv	736	Core.dll	1069498	0		BinaryReader	
qk	754	Core.dll	1069842	0		IComparer<lz>	
ql	755	Core.dll	1069851	0		IComparer<lz>	ewg
qo	761	Core.dll	1069913	1	BasicTimer		eos
sl	817	Core.dll	1071813	0		WorldPoint	
sn	821	Core.dll	1071849	2	ApplyGuildCustomisation,Generate	IMapAnimatedElement	exm,ewm,eyv,ezw,eyk,sm,ezn
so	823	Core.dll	1071958	1	WaitForFrames		feo,fdz
ss	831	Core.dll	1072179	0		ScriptableRenderPass	
td	851	Core.dll	1072355	5	CreateMaterial,CreateMaterialsForMap,GetTexture,InitMaterial,PopulateRenderData		tk,tb
tq	871	Core.dll	1072632	1	Add		fes
ug	891	Core.dll	1073103	1	GetTileMeshAndTexture		uf
ux	919	Core.dll	1078006	2	GenerateRefractionSprite,GenerateSprite		
uy	921	Core.dll	1078056	1	Load		
uz	924	Core.dll	1078092	1	Generate		exm,eyv,ezk,faj
vb	928	Core.dll	1078450	0		IEnumerable<Core.Rendering.Sprites.Interactive.Interactive>	
vz	971	Core.dll	1078565	14	GenerateAnimatedElement,GenerateCellPing,GenerateCharacter,GenerateCharacterForUI,GenerateCharacterInternal,GenerateFightOnMapTeamIcon,GenerateFollower,GenerateMapCharacter,GenerateMark,GeneratePing,GeneratePreview,GenerateProjectile,GeneratePropEffect,GenerateScenario		feo,fdz,ewm,rc,fic,gyq,vs,vu,vk,fis,xq,vx,vp,vr,vn,vm
xd	1011	Core.dll	1079953	1	StartBounceMovement		wr,feo,xe,xb,xc
xl	1019	Core.dll	1080251	0		byte	
xw	1038	Core.dll	1080305	0		sbyte	
yc	1049	Core.dll	1080595	2	Initialize,LoadBone		feo,fdz
zb	1089	Core.dll	1081218	0		IEnumerable<zd>	eyv,faj,evy,ezk,zd
zi	1099	Core.dll	1081408	2	Migrate,PreInit		ewy
zm	1105	Core.dll	1081532	2	Migrate,MigrateOptions		ewy,zl
zo	1107	Core.dll	1081636	0		gkw<fvl.fuf,bool>	
zt	1112	Core.dll	1081670	0		gky<List<ks>,long,uint,uint>	
zu	1113	Core.dll	1081682	0		gkv<ko>	
zv	1114	Core.dll	1081691	0		gkv<string>	
zw	1115	Core.dll	1081700	0		gkw<bool,bool>	
zx	1116	Core.dll	1081710	0		gkv<dwz>	
zy	1117	Core.dll	1081719	0		gkv<dwz>	
