message_nom	protocol_id	fichier:ligne	nb_champs	champs	parent	ordre_serialisation	emu	version
AbstractGameActionFightTargetedAbilityMessage	5172	sources/client273-as3/network/scripts/com/ankamagames/dofus/network/messages/game/actions/fight/AbstractGameActionFightTargetedAbilityMessage.as:12	5	targetId:Number;destinationCellId:int;critical:uint;silentCast:Boolean;verboseCast:Boolean	AbstractGameActionMessage	super:AbstractGameActionMessage;silentCast:bit0;verboseCast:bit1;#local:writeByte;targetId:writeDouble;destinationCellId:writeShort;critical:writeByte	client-as3	273
AbstractGameActionMessage	9631	sources/client273-as3/network/scripts/com/ankamagames/dofus/network/messages/game/actions/AbstractGameActionMessage.as:11	2	actionId:uint;sourceId:Number	NetworkMessage	actionId:writeVarShort;sourceId:writeDouble	client-as3	273
AbstractGameActionWithAckMessage	1587	sources/client273-as3/network/scripts/com/ankamagames/dofus/network/messages/game/actions/AbstractGameActionWithAckMessage.as:10	1	waitAckId:int	AbstractGameActionMessage	super:AbstractGameActionMessage;waitAckId:writeShort	client-as3	273
AbstractPartyEventMessage	5451	sources/client273-as3/network/scripts/com/ankamagames/dofus/network/messages/game/context/roleplay/party/AbstractPartyEventMessage.as:10	0		AbstractPartyMessage	super:AbstractPartyMessage	client-as3	273
AbstractPartyMemberInFightMessage	6938	sources/client273-as3/network/scripts/com/ankamagames/dofus/network/messages/game/context/roleplay/party/AbstractPartyMemberInFightMessage.as:10	6	reason:uint;memberId:Number;memberAccountId:uint;memberName:String;fightId:uint;timeBeforeFightStart:int	AbstractPartyMessage	super:AbstractPartyMessage;reason:writeByte;memberId:writeVarLong;memberAccountId:writeInt;memberName:writeUTF;fightId:writeVarShort;timeBeforeFightStart:writeVarShort	client-as3	273
AbstractPartyMessage	2039	sources/client273-as3/network/scripts/com/ankamagames/dofus/network/messages/game/context/roleplay/party/AbstractPartyMessage.as:11	1	partyId:uint	NetworkMessage	partyId:writeVarInt	client-as3	273
AccessoryPreviewErrorMessage	9621	sources/client273-as3/network/scripts/com/ankamagames/dofus/network/messages/game/look/AccessoryPreviewErrorMessage.as:11	1	error:uint	NetworkMessage	error:writeByte	client-as3	273
AccessoryPreviewMessage	1503	sources/client273-as3/network/scripts/com/ankamagames/dofus/network/messages/game/look/AccessoryPreviewMessage.as:12	1	look:EntityLook	NetworkMessage	look:asEntityLook	client-as3	273
AccessoryPreviewRequestMessage	375	sources/client273-as3/network/scripts/com/ankamagames/dofus/network/messages/game/look/AccessoryPreviewRequestMessage.as:11	1	genericId:Vector.<uint>	NetworkMessage	genericId#len:writeShort;genericId[]:writeVarInt	client-as3	273
AccountCapabilitiesMessage	8908	sources/client273-as3/network/scripts/com/ankamagames/dofus/network/messages/game/approach/AccountCapabilitiesMessage.as:12	4	accountId:uint;tutorialAvailable:Boolean;status:int;canCreateNewCharacter:Boolean	NetworkMessage	tutorialAvailable:bit0;canCreateNewCharacter:bit1;#local:writeByte;accountId:writeInt;status:writeByte	client-as3	273
AccountHouseMessage	7345	sources/client273-as3/network/scripts/com/ankamagames/dofus/network/messages/game/context/roleplay/houses/AccountHouseMessage.as:12	1	houses:Vector.<AccountHouseInformations>	NetworkMessage	houses#len:writeShort;houses[]:asAccountHouseInformations	client-as3	273
AccountInformationsUpdateMessage	4545	sources/client273-as3/network/scripts/com/ankamagames/dofus/network/messages/subscription/AccountInformationsUpdateMessage.as:11	1	subscriptionEndDate:Number	NetworkMessage	subscriptionEndDate:writeDouble	client-as3	273
AccountLinkRequiredMessage	590	sources/client273-as3/network/scripts/com/ankamagames/dofus/network/messages/connection/register/AccountLinkRequiredMessage.as:11	0		NetworkMessage		client-as3	273
AccountLoggingKickedMessage	2295	sources/client273-as3/network/scripts/com/ankamagames/dofus/network/messages/game/approach/AccountLoggingKickedMessage.as:11	3	days:uint;hours:uint;minutes:uint	NetworkMessage	days:writeVarShort;hours:writeByte;minutes:writeByte	client-as3	273
AccountSubscriptionElapsedDurationMessage	5336	sources/client273-as3/network/scripts/com/ankamagames/dofus/network/messages/subscription/AccountSubscriptionElapsedDurationMessage.as:11	1	subscriptionElapsedDuration:Number	NetworkMessage	subscriptionElapsedDuration:writeDouble	client-as3	273
AchievementAlmostFinishedDetailedListMessage	1205	sources/client273-as3/network/scripts/com/ankamagames/dofus/network/messages/game/achievement/AchievementAlmostFinishedDetailedListMessage.as:12	1	almostFinishedAchievements:Vector.<Achievement>	NetworkMessage	almostFinishedAchievements#len:writeShort;almostFinishedAchievements[]:asAchievement	client-as3	273
AchievementAlmostFinishedDetailedListRequestMessage	9909	sources/client273-as3/network/scripts/com/ankamagames/dofus/network/messages/game/achievement/AchievementAlmostFinishedDetailedListRequestMessage.as:11	0		NetworkMessage		client-as3	273
AchievementDetailedListMessage	2020	sources/client273-as3/network/scripts/com/ankamagames/dofus/network/messages/game/achievement/AchievementDetailedListMessage.as:12	2	startedAchievements:Vector.<Achievement>;finishedAchievements:Vector.<Achievement>	NetworkMessage	startedAchievements#len:writeShort;startedAchievements[]:asAchievement;finishedAchievements#len:writeShort;finishedAchievements[]:asAchievement	client-as3	273
AchievementDetailedListRequestMessage	7960	sources/client273-as3/network/scripts/com/ankamagames/dofus/network/messages/game/achievement/AchievementDetailedListRequestMessage.as:11	1	categoryId:uint	NetworkMessage	categoryId:writeVarShort	client-as3	273
AchievementDetailsMessage	2058	sources/client273-as3/network/scripts/com/ankamagames/dofus/network/messages/game/achievement/AchievementDetailsMessage.as:12	1	achievement:Achievement	NetworkMessage	achievement:asAchievement	client-as3	273
AchievementDetailsRequestMessage	7495	sources/client273-as3/network/scripts/com/ankamagames/dofus/network/messages/game/achievement/AchievementDetailsRequestMessage.as:11	1	achievementId:uint	NetworkMessage	achievementId:writeVarShort	client-as3	273
AchievementFinishedInformationMessage	1898	sources/client273-as3/network/scripts/com/ankamagames/dofus/network/messages/game/achievement/AchievementFinishedInformationMessage.as:11	2	name:String;playerId:Number	AchievementFinishedMessage	super:AchievementFinishedMessage;name:writeUTF;playerId:writeVarLong	client-as3	273
AchievementFinishedMessage	1474	sources/client273-as3/network/scripts/com/ankamagames/dofus/network/messages/game/achievement/AchievementFinishedMessage.as:12	1	achievement:AchievementAchievedRewardable	NetworkMessage	achievement:asAchievementAchievedRewardable	client-as3	273
AchievementListMessage	9652	sources/client273-as3/network/scripts/com/ankamagames/dofus/network/messages/game/achievement/AchievementListMessage.as:13	1	finishedAchievements:Vector.<AchievementAchieved>	NetworkMessage	finishedAchievements#len:writeShort;finishedAchievements[]#typeId:writeShort;finishedAchievements[]:serialize	client-as3	273
AchievementRewardErrorMessage	3079	sources/client273-as3/network/scripts/com/ankamagames/dofus/network/messages/game/achievement/AchievementRewardErrorMessage.as:11	1	achievementId:int	NetworkMessage	achievementId:writeShort	client-as3	273
AchievementRewardRequestMessage	1789	sources/client273-as3/network/scripts/com/ankamagames/dofus/network/messages/game/achievement/AchievementRewardRequestMessage.as:11	1	achievementId:int	NetworkMessage	achievementId:writeShort	client-as3	273
AchievementRewardSuccessMessage	1060	sources/client273-as3/network/scripts/com/ankamagames/dofus/network/messages/game/achievement/AchievementRewardSuccessMessage.as:11	1	achievementId:int	NetworkMessage	achievementId:writeShort	client-as3	273
AchievementsPioneerRanksMessage	3443	sources/client273-as3/network/scripts/com/ankamagames/dofus/network/messages/game/achievement/AchievementsPioneerRanksMessage.as:12	1	achievementsPioneerRanks:Vector.<AchievementPioneerRank>	NetworkMessage	achievementsPioneerRanks#len:writeShort;achievementsPioneerRanks[]:asAchievementPioneerRank	client-as3	273
AchievementsPioneerRanksRequestMessage	518	sources/client273-as3/network/scripts/com/ankamagames/dofus/network/messages/game/achievement/AchievementsPioneerRanksRequestMessage.as:11	0		NetworkMessage		client-as3	273
AcquaintanceAddedMessage	2270	sources/client273-as3/network/scripts/com/ankamagames/dofus/network/messages/game/friend/AcquaintanceAddedMessage.as:13	1	acquaintanceAdded:AcquaintanceInformation	NetworkMessage	#typeId:writeShort;acquaintanceAdded:serialize	client-as3	273
AcquaintanceSearchErrorMessage	2291	sources/client273-as3/network/scripts/com/ankamagames/dofus/network/messages/connection/search/AcquaintanceSearchErrorMessage.as:11	1	reason:uint	NetworkMessage	reason:writeByte	client-as3	273
AcquaintanceSearchMessage	1642	sources/client273-as3/network/scripts/com/ankamagames/dofus/network/messages/connection/search/AcquaintanceSearchMessage.as:12	1	tag:AccountTagInformation	NetworkMessage	tag:asAccountTagInformation	client-as3	273
AcquaintanceServerListMessage	8632	sources/client273-as3/network/scripts/com/ankamagames/dofus/network/messages/connection/search/AcquaintanceServerListMessage.as:11	1	servers:Vector.<uint>	NetworkMessage	servers#len:writeShort;servers[]:writeVarShort	client-as3	273
AcquaintancesGetListMessage	4481	sources/client273-as3/network/scripts/com/ankamagames/dofus/network/messages/game/friend/AcquaintancesGetListMessage.as:11	0		NetworkMessage		client-as3	273
AcquaintancesListMessage	5647	sources/client273-as3/network/scripts/com/ankamagames/dofus/network/messages/game/friend/AcquaintancesListMessage.as:13	1	acquaintanceList:Vector.<AcquaintanceInformation>	NetworkMessage	acquaintanceList#len:writeShort;acquaintanceList[]#typeId:writeShort;acquaintanceList[]:serialize	client-as3	273
ActivityHideRequestMessage	5903	sources/client273-as3/network/scripts/com/ankamagames/dofus/network/messages/game/progression/suggestion/ActivityHideRequestMessage.as:11	1	activityId:uint	NetworkMessage	activityId:writeVarShort	client-as3	273
ActivityLockRequestMessage	5738	sources/client273-as3/network/scripts/com/ankamagames/dofus/network/messages/game/progression/suggestion/ActivityLockRequestMessage.as:11	2	activityId:uint;lock:Boolean	NetworkMessage	activityId:writeVarShort;lock:writeBoolean	client-as3	273
ActivitySuggestionsMessage	5717	sources/client273-as3/network/scripts/com/ankamagames/dofus/network/messages/game/progression/suggestion/ActivitySuggestionsMessage.as:11	2	lockedActivitiesIds:Vector.<uint>;unlockedActivitiesIds:Vector.<uint>	NetworkMessage	lockedActivitiesIds#len:writeShort;lockedActivitiesIds[]:writeVarShort;unlockedActivitiesIds#len:writeShort;unlockedActivitiesIds[]:writeVarShort	client-as3	273
ActivitySuggestionsRequestMessage	5447	sources/client273-as3/network/scripts/com/ankamagames/dofus/network/messages/game/progression/suggestion/ActivitySuggestionsRequestMessage.as:11	5	minLevel:uint;maxLevel:uint;areaId:uint;activityCategoryId:uint;nbCards:uint	NetworkMessage	minLevel:writeVarShort;maxLevel:writeVarShort;areaId:writeVarShort;activityCategoryId:writeVarShort;nbCards:writeShort	client-as3	273
AddListenerOnSynchronizedStorageMessage	1826	sources/client273-as3/network/scripts/com/ankamagames/dofus/network/messages/game/guild/chest/AddListenerOnSynchronizedStorageMessage.as:11	1	player:String	NetworkMessage	player:writeUTF	client-as3	273
AddTaxCollectorOrderedSpellMessage	8298	sources/client273-as3/network/scripts/com/ankamagames/dofus/network/messages/game/collector/tax/AddTaxCollectorOrderedSpellMessage.as:12	2	taxCollectorId:Number;spell:TaxCollectorOrderedSpell	NetworkMessage	taxCollectorId:writeDouble;spell:asTaxCollectorOrderedSpell	client-as3	273
AddTaxCollectorPresetSpellMessage	6564	sources/client273-as3/network/scripts/com/ankamagames/dofus/network/messages/game/collector/tax/AddTaxCollectorPresetSpellMessage.as:13	2	presetId:Uuid;spell:TaxCollectorOrderedSpell	NetworkMessage	presetId:asUuid;spell:asTaxCollectorOrderedSpell	client-as3	273
AdminCommandMessage	9773	sources/client273-as3/network/scripts/com/ankamagames/dofus/network/messages/authorized/AdminCommandMessage.as:12	2	messageUuid:Uuid;content:String	NetworkMessage	messageUuid:asUuid;content:writeUTF	client-as3	273
AdminQuietCommandMessage	8282	sources/client273-as3/network/scripts/com/ankamagames/dofus/network/messages/authorized/AdminQuietCommandMessage.as:11	0		AdminCommandMessage	super:AdminCommandMessage	client-as3	273
AlignmentRankUpdateMessage	5019	sources/client273-as3/network/scripts/com/ankamagames/dofus/network/messages/game/pvp/AlignmentRankUpdateMessage.as:11	2	alignmentRank:uint;verbose:Boolean	NetworkMessage	alignmentRank:writeByte;verbose:writeBoolean	client-as3	273
AlignmentWarEffortDonatePreviewMessage	7642	sources/client273-as3/network/scripts/com/ankamagames/dofus/network/messages/game/character/alignment/war/effort/AlignmentWarEffortDonatePreviewMessage.as:11	1	xp:Number	NetworkMessage	xp:writeDouble	client-as3	273
AlignmentWarEffortDonateRequestMessage	5431	sources/client273-as3/network/scripts/com/ankamagames/dofus/network/messages/game/character/alignment/war/effort/AlignmentWarEffortDonateRequestMessage.as:11	1	donation:Number	NetworkMessage	donation:writeVarLong	client-as3	273
AlignmentWarEffortDonationResultMessage	1517	sources/client273-as3/network/scripts/com/ankamagames/dofus/network/messages/game/character/alignment/war/effort/AlignmentWarEffortDonationResultMessage.as:11	1	result:int	NetworkMessage	result:writeByte	client-as3	273
AlignmentWarEffortProgressionMessage	2045	sources/client273-as3/network/scripts/com/ankamagames/dofus/network/messages/game/context/roleplay/alignment/war/effort/AlignmentWarEffortProgressionMessage.as:12	1	effortProgressions:Vector.<AlignmentWarEffortInformation>	NetworkMessage	effortProgressions#len:writeShort;effortProgressions[]:asAlignmentWarEffortInformation	client-as3	273
AlignmentWarEffortProgressionRequestMessage	4321	sources/client273-as3/network/scripts/com/ankamagames/dofus/network/messages/game/context/roleplay/alignment/war/effort/AlignmentWarEffortProgressionRequestMessage.as:11	0		NetworkMessage		client-as3	273
AllianceAllRanksUpdateRequestMessage	1620	sources/client273-as3/network/scripts/com/ankamagames/dofus/network/messages/game/alliance/AllianceAllRanksUpdateRequestMessage.as:12	1	ranks:Vector.<RankInformation>	NetworkMessage	ranks#len:writeShort;ranks[]:asRankInformation	client-as3	273
AllianceApplicationAnswerMessage	9692	sources/client273-as3/network/scripts/com/ankamagames/dofus/network/messages/game/alliance/application/AllianceApplicationAnswerMessage.as:11	2	accepted:Boolean;playerId:Number	NetworkMessage	accepted:writeBoolean;playerId:writeVarLong	client-as3	273
AllianceApplicationDeletedMessage	8801	sources/client273-as3/network/scripts/com/ankamagames/dofus/network/messages/game/alliance/application/AllianceApplicationDeletedMessage.as:11	1	deleted:Boolean	NetworkMessage	deleted:writeBoolean	client-as3	273
AllianceApplicationIsAnsweredMessage	4844	sources/client273-as3/network/scripts/com/ankamagames/dofus/network/messages/game/alliance/application/AllianceApplicationIsAnsweredMessage.as:12	2	accepted:Boolean;allianceInformation:AllianceInformation	NetworkMessage	accepted:writeBoolean;allianceInformation:asAllianceInformation	client-as3	273
AllianceApplicationListenMessage	8909	sources/client273-as3/network/scripts/com/ankamagames/dofus/network/messages/game/alliance/application/AllianceApplicationListenMessage.as:11	1	listen:Boolean	NetworkMessage	listen:writeBoolean	client-as3	273
AllianceApplicationPresenceMessage	8886	sources/client273-as3/network/scripts/com/ankamagames/dofus/network/messages/game/alliance/application/AllianceApplicationPresenceMessage.as:11	1	isApplication:Boolean	NetworkMessage	isApplication:writeBoolean	client-as3	273
AllianceApplicationReceivedMessage	1686	sources/client273-as3/network/scripts/com/ankamagames/dofus/network/messages/game/alliance/application/AllianceApplicationReceivedMessage.as:11	2	playerName:String;playerId:Number	NetworkMessage	playerName:writeUTF;playerId:writeVarLong	client-as3	273
AllianceBulletinMessage	8751	sources/client273-as3/network/scripts/com/ankamagames/dofus/network/messages/game/alliance/AllianceBulletinMessage.as:11	0		BulletinMessage	super:BulletinMessage	client-as3	273
AllianceBulletinSetErrorMessage	8685	sources/client273-as3/network/scripts/com/ankamagames/dofus/network/messages/game/alliance/AllianceBulletinSetErrorMessage.as:11	0		SocialNoticeSetErrorMessage	super:SocialNoticeSetErrorMessage	client-as3	273
AllianceBulletinSetRequestMessage	5995	sources/client273-as3/network/scripts/com/ankamagames/dofus/network/messages/game/alliance/AllianceBulletinSetRequestMessage.as:11	1	content:String	SocialNoticeSetRequestMessage	super:SocialNoticeSetRequestMessage;content:writeUTF	client-as3	273
AllianceChangeMemberRankMessage	1892	sources/client273-as3/network/scripts/com/ankamagames/dofus/network/messages/game/alliance/AllianceChangeMemberRankMessage.as:11	2	memberId:Number;rankId:uint	NetworkMessage	memberId:writeVarLong;rankId:writeVarInt	client-as3	273
AllianceCreationResultMessage	7302	sources/client273-as3/network/scripts/com/ankamagames/dofus/network/messages/game/alliance/AllianceCreationResultMessage.as:11	1	result:uint	NetworkMessage	result:writeByte	client-as3	273
AllianceCreationStartedMessage	6534	sources/client273-as3/network/scripts/com/ankamagames/dofus/network/messages/game/alliance/AllianceCreationStartedMessage.as:11	0		NetworkMessage		client-as3	273
AllianceCreationValidMessage	5413	sources/client273-as3/network/scripts/com/ankamagames/dofus/network/messages/game/alliance/AllianceCreationValidMessage.as:12	3	allianceName:String;allianceTag:String;allianceEmblem:SocialEmblem	NetworkMessage	allianceName:writeUTF;allianceTag:writeUTF;allianceEmblem:asSocialEmblem	client-as3	273
AllianceDeleteApplicationRequestMessage	6027	sources/client273-as3/network/scripts/com/ankamagames/dofus/network/messages/game/alliance/application/AllianceDeleteApplicationRequestMessage.as:11	0		NetworkMessage		client-as3	273
AllianceFactsErrorMessage	4210	sources/client273-as3/network/scripts/com/ankamagames/dofus/network/messages/game/alliance/AllianceFactsErrorMessage.as:11	1	allianceId:uint	NetworkMessage	allianceId:writeVarInt	client-as3	273
AllianceFactsMessage	9269	sources/client273-as3/network/scripts/com/ankamagames/dofus/network/messages/game/alliance/AllianceFactsMessage.as:14	5	infos:AllianceFactSheetInformation;members:Vector.<CharacterMinimalSocialPublicInformations>;controlledSubareaIds:Vector.<uint>;leaderCharacterId:Number;leaderCharacterName:String	NetworkMessage	#typeId:writeShort;infos:serialize;members#len:writeShort;members[]:asCharacterMinimalSocialPublicInformations;controlledSubareaIds#len:writeShort;controlledSubareaIds[]:writeVarShort;leaderCharacterId:writeVarLong;leaderCharacterName:writeUTF	client-as3	273
AllianceFactsRequestMessage	593	sources/client273-as3/network/scripts/com/ankamagames/dofus/network/messages/game/alliance/AllianceFactsRequestMessage.as:11	1	allianceId:uint	NetworkMessage	allianceId:writeVarInt	client-as3	273
AllianceFightFighterAddedMessage	5310	sources/client273-as3/network/scripts/com/ankamagames/dofus/network/messages/game/alliance/fight/AllianceFightFighterAddedMessage.as:13	3	allianceFightInfo:SocialFightInfo;fighter:CharacterMinimalPlusLookInformations;team:uint	NetworkMessage	allianceFightInfo:asSocialFightInfo;fighter:asCharacterMinimalPlusLookInformations;team:writeByte	client-as3	273
AllianceFightFighterRemovedMessage	944	sources/client273-as3/network/scripts/com/ankamagames/dofus/network/messages/game/alliance/fight/AllianceFightFighterRemovedMessage.as:12	2	allianceFightInfo:SocialFightInfo;fighterId:Number	NetworkMessage	allianceFightInfo:asSocialFightInfo;fighterId:writeVarLong	client-as3	273
AllianceFightFinishedMessage	1947	sources/client273-as3/network/scripts/com/ankamagames/dofus/network/messages/game/alliance/fight/AllianceFightFinishedMessage.as:12	1	allianceFightInfo:SocialFightInfo	NetworkMessage	allianceFightInfo:asSocialFightInfo	client-as3	273
AllianceFightInfoMessage	5386	sources/client273-as3/network/scripts/com/ankamagames/dofus/network/messages/game/alliance/fight/AllianceFightInfoMessage.as:12	1	allianceFights:Vector.<SocialFight>	NetworkMessage	allianceFights#len:writeShort;allianceFights[]:asSocialFight	client-as3	273
AllianceFightPhaseUpdateMessage	1193	sources/client273-as3/network/scripts/com/ankamagames/dofus/network/messages/game/alliance/fight/AllianceFightPhaseUpdateMessage.as:13	2	allianceFightInfo:SocialFightInfo;newPhase:FightPhase	NetworkMessage	allianceFightInfo:asSocialFightInfo;newPhase:asFightPhase	client-as3	273
AllianceFightStartedMessage	9676	sources/client273-as3/network/scripts/com/ankamagames/dofus/network/messages/game/alliance/fight/AllianceFightStartedMessage.as:13	2	allianceFightInfo:SocialFightInfo;phase:FightPhase	NetworkMessage	allianceFightInfo:asSocialFightInfo;phase:asFightPhase	client-as3	273
AllianceGetPlayerApplicationMessage	3631	sources/client273-as3/network/scripts/com/ankamagames/dofus/network/messages/game/alliance/application/AllianceGetPlayerApplicationMessage.as:11	0		NetworkMessage		client-as3	273
AllianceGetRecruitmentInformationMessage	1212	sources/client273-as3/network/scripts/com/ankamagames/dofus/network/messages/game/alliance/recruitment/AllianceGetRecruitmentInformationMessage.as:11	0		NetworkMessage		client-as3	273
AllianceInsiderInfoMessage	4562	sources/client273-as3/network/scripts/com/ankamagames/dofus/network/messages/game/alliance/AllianceInsiderInfoMessage.as:16	4	allianceInfos:AllianceFactSheetInformation;members:Vector.<AllianceMemberInfo>;prisms:Vector.<PrismGeolocalizedInformation>;taxCollectors:Vector.<TaxCollectorInformations>	NetworkMessage	allianceInfos:asAllianceFactSheetInformation;members#len:writeShort;members[]:asAllianceMemberInfo;prisms#len:writeShort;prisms[]#typeId:writeShort;prisms[]:serialize;taxCollectors#len:writeShort;taxCollectors[]:asTaxCollectorInformations	client-as3	273
AllianceInsiderInfoRequestMessage	2763	sources/client273-as3/network/scripts/com/ankamagames/dofus/network/messages/game/alliance/AllianceInsiderInfoRequestMessage.as:11	0		NetworkMessage		client-as3	273
AllianceInvitationAnswerMessage	3558	sources/client273-as3/network/scripts/com/ankamagames/dofus/network/messages/game/alliance/AllianceInvitationAnswerMessage.as:11	1	accept:Boolean	NetworkMessage	accept:writeBoolean	client-as3	273
AllianceInvitationMessage	5856	sources/client273-as3/network/scripts/com/ankamagames/dofus/network/messages/game/alliance/AllianceInvitationMessage.as:11	1	targetId:Number	NetworkMessage	targetId:writeVarLong	client-as3	273
AllianceInvitationStateRecrutedMessage	7264	sources/client273-as3/network/scripts/com/ankamagames/dofus/network/messages/game/alliance/AllianceInvitationStateRecrutedMessage.as:11	1	invitationState:uint	NetworkMessage	invitationState:writeByte	client-as3	273
AllianceInvitationStateRecruterMessage	6551	sources/client273-as3/network/scripts/com/ankamagames/dofus/network/messages/game/alliance/AllianceInvitationStateRecruterMessage.as:11	2	recrutedName:String;invitationState:uint	NetworkMessage	recrutedName:writeUTF;invitationState:writeByte	client-as3	273
AllianceInvitedMessage	9032	sources/client273-as3/network/scripts/com/ankamagames/dofus/network/messages/game/alliance/AllianceInvitedMessage.as:12	2	recruterName:String;allianceInfo:AllianceInformation	NetworkMessage	recruterName:writeUTF;allianceInfo:asAllianceInformation	client-as3	273
AllianceIsThereAnyApplicationMessage	8505	sources/client273-as3/network/scripts/com/ankamagames/dofus/network/messages/game/alliance/application/AllianceIsThereAnyApplicationMessage.as:11	0		NetworkMessage		client-as3	273
AllianceJoinAutomaticallyRequestMessage	468	sources/client273-as3/network/scripts/com/ankamagames/dofus/network/messages/game/alliance/AllianceJoinAutomaticallyRequestMessage.as:11	1	allianceId:int	NetworkMessage	allianceId:writeInt	client-as3	273
AllianceJoinedMessage	5220	sources/client273-as3/network/scripts/com/ankamagames/dofus/network/messages/game/alliance/AllianceJoinedMessage.as:12	2	allianceInfo:AllianceInformation;rankId:uint	NetworkMessage	allianceInfo:asAllianceInformation;rankId:writeVarInt	client-as3	273
AllianceKickRequestMessage	4578	sources/client273-as3/network/scripts/com/ankamagames/dofus/network/messages/game/alliance/AllianceKickRequestMessage.as:11	1	kickedId:Number	NetworkMessage	kickedId:writeVarLong	client-as3	273
AllianceLeftMessage	6490	sources/client273-as3/network/scripts/com/ankamagames/dofus/network/messages/game/alliance/AllianceLeftMessage.as:11	0		NetworkMessage		client-as3	273
AllianceListApplicationAnswerMessage	3610	sources/client273-as3/network/scripts/com/ankamagames/dofus/network/messages/game/alliance/application/AllianceListApplicationAnswerMessage.as:12	1	applies:Vector.<SocialApplicationInformation>	PaginationAnswerAbstractMessage	super:PaginationAnswerAbstractMessage;applies#len:writeShort;applies[]:asSocialApplicationInformation	client-as3	273
AllianceListApplicationModifiedMessage	3470	sources/client273-as3/network/scripts/com/ankamagames/dofus/network/messages/game/alliance/application/AllianceListApplicationModifiedMessage.as:12	3	apply:SocialApplicationInformation;state:uint;playerId:Number	NetworkMessage	apply:asSocialApplicationInformation;state:writeByte;playerId:writeVarLong	client-as3	273
AllianceListApplicationRequestMessage	7241	sources/client273-as3/network/scripts/com/ankamagames/dofus/network/messages/game/alliance/application/AllianceListApplicationRequestMessage.as:11	0		PaginationRequestAbstractMessage	super:PaginationRequestAbstractMessage	client-as3	273
AllianceListMessage	9553	sources/client273-as3/network/scripts/com/ankamagames/dofus/network/messages/game/alliance/AllianceListMessage.as:12	1	alliances:Vector.<AllianceFactSheetInformation>	NetworkMessage	alliances#len:writeShort;alliances[]:asAllianceFactSheetInformation	client-as3	273
AllianceMemberInformationUpdateMessage	3877	sources/client273-as3/network/scripts/com/ankamagames/dofus/network/messages/game/alliance/AllianceMemberInformationUpdateMessage.as:12	1	member:AllianceMemberInfo	NetworkMessage	member:asAllianceMemberInfo	client-as3	273
AllianceMemberLeavingMessage	626	sources/client273-as3/network/scripts/com/ankamagames/dofus/network/messages/game/alliance/AllianceMemberLeavingMessage.as:11	2	kicked:Boolean;memberId:Number	NetworkMessage	kicked:writeBoolean;memberId:writeVarLong	client-as3	273
AllianceMemberOnlineStatusMessage	5529	sources/client273-as3/network/scripts/com/ankamagames/dofus/network/messages/game/alliance/AllianceMemberOnlineStatusMessage.as:11	2	memberId:Number;online:Boolean	NetworkMessage	memberId:writeVarLong;online:writeBoolean	client-as3	273
AllianceMemberStartWarningOnConnectionMessage	3707	sources/client273-as3/network/scripts/com/ankamagames/dofus/network/messages/game/alliance/AllianceMemberStartWarningOnConnectionMessage.as:11	0		NetworkMessage		client-as3	273
AllianceMemberStopWarningOnConnectionMessage	1134	sources/client273-as3/network/scripts/com/ankamagames/dofus/network/messages/game/alliance/AllianceMemberStopWarningOnConnectionMessage.as:11	0		NetworkMessage		client-as3	273
AllianceMembershipMessage	3547	sources/client273-as3/network/scripts/com/ankamagames/dofus/network/messages/game/alliance/AllianceMembershipMessage.as:11	0		AllianceJoinedMessage	super:AllianceJoinedMessage	client-as3	273
AllianceModificationEmblemValidMessage	5179	sources/client273-as3/network/scripts/com/ankamagames/dofus/network/messages/game/alliance/AllianceModificationEmblemValidMessage.as:12	1	allianceEmblem:SocialEmblem	NetworkMessage	allianceEmblem:asSocialEmblem	client-as3	273
AllianceModificationNameAndTagValidMessage	6811	sources/client273-as3/network/scripts/com/ankamagames/dofus/network/messages/game/alliance/AllianceModificationNameAndTagValidMessage.as:11	2	allianceName:String;allianceTag:String	NetworkMessage	allianceName:writeUTF;allianceTag:writeUTF	client-as3	273
AllianceModificationResultMessage	3693	sources/client273-as3/network/scripts/com/ankamagames/dofus/network/messages/game/alliance/AllianceModificationResultMessage.as:11	1	result:uint	NetworkMessage	result:writeByte	client-as3	273
AllianceModificationStartedMessage	2149	sources/client273-as3/network/scripts/com/ankamagames/dofus/network/messages/game/alliance/AllianceModificationStartedMessage.as:12	3	canChangeName:Boolean;canChangeTag:Boolean;canChangeEmblem:Boolean	NetworkMessage	canChangeName:bit0;canChangeTag:bit1;canChangeEmblem:bit2;#local:writeByte	client-as3	273
AllianceModificationValidMessage	4239	sources/client273-as3/network/scripts/com/ankamagames/dofus/network/messages/game/alliance/AllianceModificationValidMessage.as:12	3	allianceName:String;allianceTag:String;allianceEmblem:SocialEmblem	NetworkMessage	allianceName:writeUTF;allianceTag:writeUTF;allianceEmblem:asSocialEmblem	client-as3	273
AllianceMotdMessage	4661	sources/client273-as3/network/scripts/com/ankamagames/dofus/network/messages/game/alliance/AllianceMotdMessage.as:11	0		SocialNoticeMessage	super:SocialNoticeMessage	client-as3	273
AllianceMotdSetErrorMessage	6006	sources/client273-as3/network/scripts/com/ankamagames/dofus/network/messages/game/alliance/AllianceMotdSetErrorMessage.as:11	0		SocialNoticeSetErrorMessage	super:SocialNoticeSetErrorMessage	client-as3	273
AllianceMotdSetRequestMessage	1488	sources/client273-as3/network/scripts/com/ankamagames/dofus/network/messages/game/alliance/AllianceMotdSetRequestMessage.as:11	1	content:String	SocialNoticeSetRequestMessage	super:SocialNoticeSetRequestMessage;content:writeUTF	client-as3	273
AlliancePartialListMessage	4178	sources/client273-as3/network/scripts/com/ankamagames/dofus/network/messages/game/alliance/AlliancePartialListMessage.as:11	0		AllianceListMessage	super:AllianceListMessage	client-as3	273
AlliancePlayerApplicationAbstractMessage	4969	sources/client273-as3/network/scripts/com/ankamagames/dofus/network/messages/game/alliance/application/AlliancePlayerApplicationAbstractMessage.as:11	0		NetworkMessage		client-as3	273
AlliancePlayerApplicationInformationMessage	9706	sources/client273-as3/network/scripts/com/ankamagames/dofus/network/messages/game/alliance/application/AlliancePlayerApplicationInformationMessage.as:12	2	allianceInformation:AllianceInformation;apply:SocialApplicationInformation	AlliancePlayerApplicationAbstractMessage	super:AlliancePlayerApplicationAbstractMessage;allianceInformation:asAllianceInformation;apply:asSocialApplicationInformation	client-as3	273
AlliancePlayerNoApplicationInformationMessage	7142	sources/client273-as3/network/scripts/com/ankamagames/dofus/network/messages/game/alliance/application/AlliancePlayerNoApplicationInformationMessage.as:10	0		AlliancePlayerApplicationAbstractMessage		client-as3	273
AlliancePrismDialogQuestionMessage	3125	sources/client273-as3/network/scripts/com/ankamagames/dofus/network/messages/game/context/roleplay/npc/AlliancePrismDialogQuestionMessage.as:11	0		NetworkMessage		client-as3	273
AllianceRankCreateRequestMessage	9486	sources/client273-as3/network/scripts/com/ankamagames/dofus/network/messages/game/alliance/AllianceRankCreateRequestMessage.as:11	3	parentRankId:uint;gfxId:uint;name:String	NetworkMessage	parentRankId:writeVarInt;gfxId:writeVarInt;name:writeUTF	client-as3	273
AllianceRankRemoveRequestMessage	3428	sources/client273-as3/network/scripts/com/ankamagames/dofus/network/messages/game/alliance/AllianceRankRemoveRequestMessage.as:11	2	rankId:uint;newRankId:uint	NetworkMessage	rankId:writeVarInt;newRankId:writeVarInt	client-as3	273
AllianceRankUpdateRequestMessage	64	sources/client273-as3/network/scripts/com/ankamagames/dofus/network/messages/game/alliance/AllianceRankUpdateRequestMessage.as:12	1	rank:RankInformation	NetworkMessage	rank:asRankInformation	client-as3	273
AllianceRanksMessage	4427	sources/client273-as3/network/scripts/com/ankamagames/dofus/network/messages/game/alliance/AllianceRanksMessage.as:12	1	ranks:Vector.<RankInformation>	NetworkMessage	ranks#len:writeShort;ranks[]:asRankInformation	client-as3	273
AllianceRanksRequestMessage	7629	sources/client273-as3/network/scripts/com/ankamagames/dofus/network/messages/game/alliance/AllianceRanksRequestMessage.as:11	0		NetworkMessage		client-as3	273
AllianceRecruitmentInformationMessage	977	sources/client273-as3/network/scripts/com/ankamagames/dofus/network/messages/game/alliance/recruitment/AllianceRecruitmentInformationMessage.as:12	1	recruitmentData:AllianceRecruitmentInformation	NetworkMessage	recruitmentData:asAllianceRecruitmentInformation	client-as3	273
AllianceRecruitmentInvalidateMessage	523	sources/client273-as3/network/scripts/com/ankamagames/dofus/network/messages/game/alliance/recruitment/AllianceRecruitmentInvalidateMessage.as:11	0		NetworkMessage		client-as3	273
AllianceRightsUpdateMessage	5154	sources/client273-as3/network/scripts/com/ankamagames/dofus/network/messages/game/alliance/AllianceRightsUpdateMessage.as:11	2	rankId:uint;rights:Vector.<uint>	NetworkMessage	rankId:writeVarInt;rights#len:writeShort;rights[]:writeVarInt	client-as3	273
AllianceSubmitApplicationMessage	5885	sources/client273-as3/network/scripts/com/ankamagames/dofus/network/messages/game/alliance/application/AllianceSubmitApplicationMessage.as:11	2	applyText:String;allianceId:uint	NetworkMessage	applyText:writeUTF;allianceId:writeVarInt	client-as3	273
AllianceSummaryMessage	2436	sources/client273-as3/network/scripts/com/ankamagames/dofus/network/messages/game/alliance/summary/AllianceSummaryMessage.as:12	1	alliances:Vector.<AllianceFactSheetInformation>	PaginationAnswerAbstractMessage	super:PaginationAnswerAbstractMessage;alliances#len:writeShort;alliances[]:asAllianceFactSheetInformation	client-as3	273
AllianceSummaryRequestMessage	4007	sources/client273-as3/network/scripts/com/ankamagames/dofus/network/messages/game/alliance/summary/AllianceSummaryRequestMessage.as:12	11	filterType:int;textFilter:String;hideFullFilter:Boolean;followingAllianceCriteria:Boolean;criterionFilter:Vector.<uint>;sortType:uint;sortDescending:Boolean;languagesFilter:Vector.<uint>;recruitmentTypeFilter:Vector.<uint>;minPlayerLevelFilter:uint;maxPlayerLevelFilter:uint	PaginationRequestAbstractMessage	super:PaginationRequestAbstractMessage;hideFullFilter:bit0;followingAllianceCriteria:bit1;sortDescending:bit2;#local:writeByte;filterType:writeInt;textFilter:writeUTF;criterionFilter#len:writeShort;criterionFilter[]:writeVarInt;sortType:writeByte;languagesFilter#len:writeShort;languagesFilter[]:writeVarInt;recruitmentTypeFilter#len:writeShort;recruitmentTypeFilter[]:writeByte;minPlayerLevelFilter:writeShort;maxPlayerLevelFilter:writeShort	client-as3	273
AllianceUpdateApplicationMessage	8299	sources/client273-as3/network/scripts/com/ankamagames/dofus/network/messages/game/alliance/application/AllianceUpdateApplicationMessage.as:11	2	applyText:String;allianceId:uint	NetworkMessage	applyText:writeUTF;allianceId:writeVarInt	client-as3	273
AllianceUpdateRecruitmentInformationMessage	5387	sources/client273-as3/network/scripts/com/ankamagames/dofus/network/messages/game/alliance/recruitment/AllianceUpdateRecruitmentInformationMessage.as:12	1	recruitmentData:AllianceRecruitmentInformation	NetworkMessage	recruitmentData:asAllianceRecruitmentInformation	client-as3	273
AlmanachCalendarDateMessage	3938	sources/client273-as3/network/scripts/com/ankamagames/dofus/network/messages/game/almanach/AlmanachCalendarDateMessage.as:11	1	date:int	NetworkMessage	date:writeInt	client-as3	273
AlreadyConnectedMessage	3137	sources/client273-as3/network/scripts/com/ankamagames/dofus/network/messages/game/approach/AlreadyConnectedMessage.as:11	0		NetworkMessage		client-as3	273
AlterationAddedMessage	8844	sources/client273-as3/network/scripts/com/ankamagames/dofus/network/messages/game/character/alteration/AlterationAddedMessage.as:12	1	alteration:AlterationInfo	NetworkMessage	alteration:asAlterationInfo	client-as3	273
AlterationRemovedMessage	9284	sources/client273-as3/network/scripts/com/ankamagames/dofus/network/messages/game/character/alteration/AlterationRemovedMessage.as:12	1	alteration:AlterationInfo	NetworkMessage	alteration:asAlterationInfo	client-as3	273
AlterationsMessage	7721	sources/client273-as3/network/scripts/com/ankamagames/dofus/network/messages/game/character/alteration/AlterationsMessage.as:12	1	alterations:Vector.<AlterationInfo>	NetworkMessage	alterations#len:writeShort;alterations[]:asAlterationInfo	client-as3	273
AlterationsUpdatedMessage	563	sources/client273-as3/network/scripts/com/ankamagames/dofus/network/messages/game/character/alteration/AlterationsUpdatedMessage.as:12	1	alterations:Vector.<AlterationInfo>	NetworkMessage	alterations#len:writeShort;alterations[]:asAlterationInfo	client-as3	273
AnomalyOpenedMessage	1124	sources/client273-as3/network/scripts/com/ankamagames/dofus/network/messages/game/context/roleplay/anomaly/AnomalyOpenedMessage.as:11	1	subAreaId:uint	NetworkMessage	subAreaId:writeVarShort	client-as3	273
AnomalyStateMessage	9316	sources/client273-as3/network/scripts/com/ankamagames/dofus/network/messages/game/context/roleplay/anomaly/AnomalyStateMessage.as:11	3	subAreaId:uint;open:Boolean;closingTime:Number	NetworkMessage	subAreaId:writeVarShort;open:writeBoolean;closingTime:writeVarLong	client-as3	273
AnomalySubareaInformationRequestMessage	7452	sources/client273-as3/network/scripts/com/ankamagames/dofus/network/messages/game/context/roleplay/AnomalySubareaInformationRequestMessage.as:11	0		NetworkMessage		client-as3	273
AnomalySubareaInformationResponseMessage	9235	sources/client273-as3/network/scripts/com/ankamagames/dofus/network/messages/game/context/roleplay/AnomalySubareaInformationResponseMessage.as:12	1	subareas:Vector.<AnomalySubareaInformation>	NetworkMessage	subareas#len:writeShort;subareas[]:asAnomalySubareaInformation	client-as3	273
ApplySpellModifierMessage	1373	sources/client273-as3/network/scripts/com/ankamagames/dofus/network/messages/game/character/spellmodifier/ApplySpellModifierMessage.as:12	2	actorId:Number;modifier:SpellModifierMessage	NetworkMessage	actorId:writeDouble;modifier:asSpellModifierMessage	client-as3	273
AreaFightModificatorUpdateMessage	9461	sources/client273-as3/network/scripts/com/ankamagames/dofus/network/messages/game/modificator/AreaFightModificatorUpdateMessage.as:11	1	spellPairId:int	NetworkMessage	spellPairId:writeInt	client-as3	273
ArenaFightAnswerAcknowledgementMessage	2033	sources/client273-as3/network/scripts/com/ankamagames/dofus/network/messages/game/context/roleplay/fight/arena/ArenaFightAnswerAcknowledgementMessage.as:11	1	acknowledged:Boolean	NetworkMessage	acknowledged:writeBoolean	client-as3	273
ArenaFighterIdleMessage	1701	sources/client273-as3/network/scripts/com/ankamagames/dofus/network/messages/game/context/fight/arena/ArenaFighterIdleMessage.as:11	0		NetworkMessage		client-as3	273
ArenaFighterLeaveMessage	3724	sources/client273-as3/network/scripts/com/ankamagames/dofus/network/messages/game/context/fight/arena/ArenaFighterLeaveMessage.as:12	1	leaver:CharacterBasicMinimalInformations	NetworkMessage	leaver:asCharacterBasicMinimalInformations	client-as3	273
AtlasPointInformationsMessage	5424	sources/client273-as3/network/scripts/com/ankamagames/dofus/network/messages/game/atlas/AtlasPointInformationsMessage.as:12	1	type:AtlasPointsInformations	NetworkMessage	type:asAtlasPointsInformations	client-as3	273
AuthenticationTicketAcceptedMessage	7505	sources/client273-as3/network/scripts/com/ankamagames/dofus/network/messages/game/approach/AuthenticationTicketAcceptedMessage.as:11	0		NetworkMessage		client-as3	273
AuthenticationTicketMessage	6808	sources/client273-as3/network/scripts/com/ankamagames/dofus/network/messages/game/approach/AuthenticationTicketMessage.as:11	2	lang:String;ticket:String	NetworkMessage	lang:writeUTF;ticket:writeUTF	client-as3	273
AuthenticationTicketRefusedMessage	5922	sources/client273-as3/network/scripts/com/ankamagames/dofus/network/messages/game/approach/AuthenticationTicketRefusedMessage.as:11	0		NetworkMessage		client-as3	273
BasicAckMessage	9375	sources/client273-as3/network/scripts/com/ankamagames/dofus/network/messages/game/basic/BasicAckMessage.as:11	2	seq:uint;lastPacketId:uint	NetworkMessage	seq:writeVarInt;lastPacketId:writeVarShort	client-as3	273
BasicDateMessage	7499	sources/client273-as3/network/scripts/com/ankamagames/dofus/network/messages/game/basic/BasicDateMessage.as:11	3	day:uint;month:uint;year:uint	NetworkMessage	day:writeByte;month:writeByte;year:writeShort	client-as3	273
BasicLatencyStatsMessage	7194	sources/client273-as3/network/scripts/com/ankamagames/dofus/network/messages/game/basic/BasicLatencyStatsMessage.as:11	3	latency:uint;sampleCount:uint;max:uint	NetworkMessage	latency:writeShort;sampleCount:writeVarShort;max:writeVarShort	client-as3	273
BasicLatencyStatsRequestMessage	6273	sources/client273-as3/network/scripts/com/ankamagames/dofus/network/messages/game/basic/BasicLatencyStatsRequestMessage.as:11	0		NetworkMessage		client-as3	273
BasicNoOperationMessage	2887	sources/client273-as3/network/scripts/com/ankamagames/dofus/network/messages/game/basic/BasicNoOperationMessage.as:11	0		NetworkMessage		client-as3	273
BasicPingMessage	7461	sources/client273-as3/network/scripts/com/ankamagames/dofus/network/messages/common/basic/BasicPingMessage.as:11	1	quiet:Boolean	NetworkMessage	quiet:writeBoolean	client-as3	273
BasicPongMessage	4877	sources/client273-as3/network/scripts/com/ankamagames/dofus/network/messages/common/basic/BasicPongMessage.as:11	1	quiet:Boolean	NetworkMessage	quiet:writeBoolean	client-as3	273
BasicStatMessage	2233	sources/client273-as3/network/scripts/com/ankamagames/dofus/network/messages/common/basic/BasicStatMessage.as:11	2	timeSpent:Number;statId:uint	NetworkMessage	timeSpent:writeDouble;statId:writeVarShort	client-as3	273
BasicStatWithDataMessage	6918	sources/client273-as3/network/scripts/com/ankamagames/dofus/network/messages/common/basic/BasicStatWithDataMessage.as:12	1	datas:Vector.<StatisticData>	BasicStatMessage	super:BasicStatMessage;datas#len:writeShort;datas[]#typeId:writeShort;datas[]:serialize	client-as3	273
BasicTimeMessage	4945	sources/client273-as3/network/scripts/com/ankamagames/dofus/network/messages/game/basic/BasicTimeMessage.as:11	2	timestamp:Number;timezoneOffset:int	NetworkMessage	timestamp:writeDouble;timezoneOffset:writeShort	client-as3	273
BasicWhoAmIRequestMessage	390	sources/client273-as3/network/scripts/com/ankamagames/dofus/network/messages/game/basic/BasicWhoAmIRequestMessage.as:11	1	verbose:Boolean	NetworkMessage	verbose:writeBoolean	client-as3	273
BasicWhoIsMessage	8673	sources/client273-as3/network/scripts/com/ankamagames/dofus/network/messages/game/basic/BasicWhoIsMessage.as:15	12	self:Boolean;position:int;accountTag:AccountTagInformation;accountId:uint;playerName:String;playerId:Number;areaId:int;serverId:int;originServerId:int;socialGroups:Vector.<AbstractSocialGroupInfos>;verbose:Boolean;playerState:uint	NetworkMessage	self:bit0;verbose:bit1;#local:writeByte;position:writeByte;accountTag:asAccountTagInformation;accountId:writeInt;playerName:writeUTF;playerId:writeVarLong;areaId:writeShort;serverId:writeShort;originServerId:writeShort;socialGroups#len:writeShort;socialGroups[]#typeId:writeShort;socialGroups[]:serialize;playerState:writeByte	client-as3	273
BasicWhoIsNoMatchMessage	4629	sources/client273-as3/network/scripts/com/ankamagames/dofus/network/messages/game/basic/BasicWhoIsNoMatchMessage.as:13	1	target:AbstractPlayerSearchInformation	NetworkMessage	#typeId:writeShort;target:serialize	client-as3	273
BasicWhoIsRequestMessage	6759	sources/client273-as3/network/scripts/com/ankamagames/dofus/network/messages/game/basic/BasicWhoIsRequestMessage.as:13	2	verbose:Boolean;target:AbstractPlayerSearchInformation	NetworkMessage	verbose:writeBoolean;#typeId:writeShort;target:serialize	client-as3	273
BreachBonusMessage	427	sources/client273-as3/network/scripts/com/ankamagames/dofus/network/messages/game/context/roleplay/breach/BreachBonusMessage.as:12	1	bonus:ObjectEffectInteger	NetworkMessage	bonus:asObjectEffectInteger	client-as3	273
BreachBranchesMessage	1486	sources/client273-as3/network/scripts/com/ankamagames/dofus/network/messages/game/context/roleplay/breach/branch/BreachBranchesMessage.as:13	1	branches:Vector.<ExtendedBreachBranch>	NetworkMessage	branches#len:writeShort;branches[]#typeId:writeShort;branches[]:serialize	client-as3	273
BreachBudgetMessage	9989	sources/client273-as3/network/scripts/com/ankamagames/dofus/network/messages/game/context/roleplay/breach/BreachBudgetMessage.as:11	1	bugdet:uint	NetworkMessage	bugdet:writeVarInt	client-as3	273
BreachCharactersMessage	6556	sources/client273-as3/network/scripts/com/ankamagames/dofus/network/messages/game/context/roleplay/breach/BreachCharactersMessage.as:11	1	characters:Vector.<Number>	NetworkMessage	characters#len:writeShort;characters[]:writeVarLong	client-as3	273
BreachEnterMessage	9138	sources/client273-as3/network/scripts/com/ankamagames/dofus/network/messages/game/context/roleplay/breach/BreachEnterMessage.as:11	1	owner:Number	NetworkMessage	owner:writeVarLong	client-as3	273
BreachExitRequestMessage	6366	sources/client273-as3/network/scripts/com/ankamagames/dofus/network/messages/game/context/roleplay/breach/BreachExitRequestMessage.as:11	0		NetworkMessage		client-as3	273
BreachExitResponseMessage	6746	sources/client273-as3/network/scripts/com/ankamagames/dofus/network/messages/game/context/roleplay/breach/BreachExitResponseMessage.as:11	1	exited:Boolean	NetworkMessage	exited:writeBoolean	client-as3	273
BreachGameFightEndMessage	9314	sources/client273-as3/network/scripts/com/ankamagames/dofus/network/messages/game/context/fight/breach/BreachGameFightEndMessage.as:13	1	budget:int	GameFightEndMessage	super:GameFightEndMessage;budget:writeInt	client-as3	273
BreachInvitationAnswerMessage	2262	sources/client273-as3/network/scripts/com/ankamagames/dofus/network/messages/game/context/roleplay/breach/meeting/BreachInvitationAnswerMessage.as:11	1	accept:Boolean	NetworkMessage	accept:writeBoolean	client-as3	273
BreachInvitationCloseMessage	6049	sources/client273-as3/network/scripts/com/ankamagames/dofus/network/messages/game/context/roleplay/breach/meeting/BreachInvitationCloseMessage.as:12	1	host:CharacterMinimalInformations	NetworkMessage	host:asCharacterMinimalInformations	client-as3	273
BreachInvitationOfferMessage	5842	sources/client273-as3/network/scripts/com/ankamagames/dofus/network/messages/game/context/roleplay/breach/meeting/BreachInvitationOfferMessage.as:12	2	host:CharacterMinimalInformations;timeLeftBeforeCancel:uint	NetworkMessage	host:asCharacterMinimalInformations;timeLeftBeforeCancel:writeVarInt	client-as3	273
BreachInvitationRequestMessage	4414	sources/client273-as3/network/scripts/com/ankamagames/dofus/network/messages/game/context/roleplay/breach/meeting/BreachInvitationRequestMessage.as:11	1	guests:Vector.<Number>	NetworkMessage	guests#len:writeShort;guests[]:writeVarLong	client-as3	273
BreachInvitationResponseMessage	9260	sources/client273-as3/network/scripts/com/ankamagames/dofus/network/messages/game/context/roleplay/breach/meeting/BreachInvitationResponseMessage.as:12	2	guest:CharacterMinimalInformations;accept:Boolean	NetworkMessage	guest:asCharacterMinimalInformations;accept:writeBoolean	client-as3	273
BreachKickRequestMessage	4588	sources/client273-as3/network/scripts/com/ankamagames/dofus/network/messages/game/context/roleplay/breach/meeting/BreachKickRequestMessage.as:11	1	target:Number	NetworkMessage	target:writeVarLong	client-as3	273
BreachKickResponseMessage	5018	sources/client273-as3/network/scripts/com/ankamagames/dofus/network/messages/game/context/roleplay/breach/meeting/BreachKickResponseMessage.as:12	2	target:CharacterMinimalInformations;kicked:Boolean	NetworkMessage	target:asCharacterMinimalInformations;kicked:writeBoolean	client-as3	273
BreachRewardBoughtMessage	560	sources/client273-as3/network/scripts/com/ankamagames/dofus/network/messages/game/context/roleplay/breach/reward/BreachRewardBoughtMessage.as:11	2	id:uint;bought:Boolean	NetworkMessage	id:writeVarInt;bought:writeBoolean	client-as3	273
BreachRewardBuyMessage	3872	sources/client273-as3/network/scripts/com/ankamagames/dofus/network/messages/game/context/roleplay/breach/reward/BreachRewardBuyMessage.as:11	1	id:uint	NetworkMessage	id:writeVarInt	client-as3	273
BreachRewardsMessage	1741	sources/client273-as3/network/scripts/com/ankamagames/dofus/network/messages/game/context/roleplay/breach/reward/BreachRewardsMessage.as:12	1	rewards:Vector.<BreachReward>	NetworkMessage	rewards#len:writeShort;rewards[]:asBreachReward	client-as3	273
BreachRoomLockedMessage	8241	sources/client273-as3/network/scripts/com/ankamagames/dofus/network/messages/game/context/roleplay/breach/BreachRoomLockedMessage.as:11	0		NetworkMessage		client-as3	273
BreachRoomUnlockRequestMessage	5483	sources/client273-as3/network/scripts/com/ankamagames/dofus/network/messages/game/context/roleplay/breach/BreachRoomUnlockRequestMessage.as:11	1	roomId:uint	NetworkMessage	roomId:writeByte	client-as3	273
BreachRoomUnlockResultMessage	7028	sources/client273-as3/network/scripts/com/ankamagames/dofus/network/messages/game/context/roleplay/breach/BreachRoomUnlockResultMessage.as:11	2	roomId:uint;result:uint	NetworkMessage	roomId:writeByte;result:writeByte	client-as3	273
BreachSavedMessage	21	sources/client273-as3/network/scripts/com/ankamagames/dofus/network/messages/game/context/roleplay/breach/BreachSavedMessage.as:11	1	saved:Boolean	NetworkMessage	saved:writeBoolean	client-as3	273
BreachStateMessage	8989	sources/client273-as3/network/scripts/com/ankamagames/dofus/network/messages/game/context/roleplay/breach/BreachStateMessage.as:13	4	owner:CharacterMinimalInformations;bonuses:Vector.<ObjectEffectInteger>;bugdet:uint;saved:Boolean	NetworkMessage	owner:asCharacterMinimalInformations;bonuses#len:writeShort;bonuses[]:asObjectEffectInteger;bugdet:writeVarInt;saved:writeBoolean	client-as3	273
BreachTeleportRequestMessage	2317	sources/client273-as3/network/scripts/com/ankamagames/dofus/network/messages/game/context/roleplay/breach/BreachTeleportRequestMessage.as:11	0		NetworkMessage		client-as3	273
BreachTeleportResponseMessage	1178	sources/client273-as3/network/scripts/com/ankamagames/dofus/network/messages/game/context/roleplay/breach/BreachTeleportResponseMessage.as:11	1	teleported:Boolean	NetworkMessage	teleported:writeBoolean	client-as3	273
BulletinMessage	4597	sources/client273-as3/network/scripts/com/ankamagames/dofus/network/messages/game/social/BulletinMessage.as:10	0		SocialNoticeMessage	super:SocialNoticeMessage	client-as3	273
ChallengeAddMessage	8563	sources/client273-as3/network/scripts/com/ankamagames/dofus/network/messages/game/context/fight/challenge/ChallengeAddMessage.as:12	1	challengeInformation:ChallengeInformation	NetworkMessage	challengeInformation:asChallengeInformation	client-as3	273
ChallengeBonusChoiceMessage	2271	sources/client273-as3/network/scripts/com/ankamagames/dofus/network/messages/game/context/fight/challenge/ChallengeBonusChoiceMessage.as:11	1	challengeBonus:uint	NetworkMessage	challengeBonus:writeByte	client-as3	273
ChallengeBonusChoiceSelectedMessage	4926	sources/client273-as3/network/scripts/com/ankamagames/dofus/network/messages/game/context/fight/challenge/ChallengeBonusChoiceSelectedMessage.as:11	1	challengeBonus:uint	NetworkMessage	challengeBonus:writeByte	client-as3	273
ChallengeFightJoinRefusedMessage	2072	sources/client273-as3/network/scripts/com/ankamagames/dofus/network/messages/game/guild/ChallengeFightJoinRefusedMessage.as:11	2	playerId:Number;reason:int	NetworkMessage	playerId:writeVarLong;reason:writeByte	client-as3	273
ChallengeListMessage	4436	sources/client273-as3/network/scripts/com/ankamagames/dofus/network/messages/game/context/fight/challenge/ChallengeListMessage.as:12	1	challengesInformation:Vector.<ChallengeInformation>	NetworkMessage	challengesInformation#len:writeShort;challengesInformation[]:asChallengeInformation	client-as3	273
ChallengeModSelectMessage	4455	sources/client273-as3/network/scripts/com/ankamagames/dofus/network/messages/game/context/fight/challenge/ChallengeModSelectMessage.as:11	1	challengeMod:uint	NetworkMessage	challengeMod:writeByte	client-as3	273
ChallengeModSelectedMessage	4667	sources/client273-as3/network/scripts/com/ankamagames/dofus/network/messages/game/context/fight/challenge/ChallengeModSelectedMessage.as:11	1	challengeMod:uint	NetworkMessage	challengeMod:writeByte	client-as3	273
ChallengeNumberMessage	2779	sources/client273-as3/network/scripts/com/ankamagames/dofus/network/messages/game/context/fight/challenge/ChallengeNumberMessage.as:11	1	challengeNumber:uint	NetworkMessage	challengeNumber:writeVarInt	client-as3	273
ChallengeProposalMessage	8830	sources/client273-as3/network/scripts/com/ankamagames/dofus/network/messages/game/context/fight/challenge/ChallengeProposalMessage.as:12	2	challengeProposals:Vector.<ChallengeInformation>;timer:Number	NetworkMessage	challengeProposals#len:writeShort;challengeProposals[]:asChallengeInformation;timer:writeDouble	client-as3	273
ChallengeReadyMessage	9700	sources/client273-as3/network/scripts/com/ankamagames/dofus/network/messages/game/context/fight/challenge/ChallengeReadyMessage.as:11	1	challengeMod:uint	NetworkMessage	challengeMod:writeByte	client-as3	273
ChallengeResultMessage	5894	sources/client273-as3/network/scripts/com/ankamagames/dofus/network/messages/game/context/fight/challenge/ChallengeResultMessage.as:11	2	challengeId:uint;success:Boolean	NetworkMessage	challengeId:writeVarInt;success:writeBoolean	client-as3	273
ChallengeSelectedMessage	8045	sources/client273-as3/network/scripts/com/ankamagames/dofus/network/messages/game/context/fight/challenge/ChallengeSelectedMessage.as:12	1	challengeInformation:ChallengeInformation	NetworkMessage	challengeInformation:asChallengeInformation	client-as3	273
ChallengeSelectionMessage	5920	sources/client273-as3/network/scripts/com/ankamagames/dofus/network/messages/game/context/fight/challenge/ChallengeSelectionMessage.as:11	1	challengeId:uint	NetworkMessage	challengeId:writeVarInt	client-as3	273
ChallengeTargetsMessage	9097	sources/client273-as3/network/scripts/com/ankamagames/dofus/network/messages/game/context/fight/challenge/ChallengeTargetsMessage.as:12	1	challengeInformation:ChallengeInformation	NetworkMessage	challengeInformation:asChallengeInformation	client-as3	273
ChallengeTargetsRequestMessage	2450	sources/client273-as3/network/scripts/com/ankamagames/dofus/network/messages/game/context/fight/challenge/ChallengeTargetsRequestMessage.as:11	1	challengeId:uint	NetworkMessage	challengeId:writeVarInt	client-as3	273
ChallengeValidateMessage	8427	sources/client273-as3/network/scripts/com/ankamagames/dofus/network/messages/game/context/fight/challenge/ChallengeValidateMessage.as:11	1	challengeId:uint	NetworkMessage	challengeId:writeVarInt	client-as3	273
ChangeHavenBagRoomRequestMessage	980	sources/client273-as3/network/scripts/com/ankamagames/dofus/network/messages/game/context/roleplay/havenbag/ChangeHavenBagRoomRequestMessage.as:11	1	roomId:uint	NetworkMessage	roomId:writeByte	client-as3	273
ChangeMapMessage	5242	sources/client273-as3/network/scripts/com/ankamagames/dofus/network/messages/game/context/roleplay/ChangeMapMessage.as:11	2	mapId:Number;autopilot:Boolean	NetworkMessage	mapId:writeDouble;autopilot:writeBoolean	client-as3	273
ChangeThemeRequestMessage	4899	sources/client273-as3/network/scripts/com/ankamagames/dofus/network/messages/game/context/roleplay/havenbag/ChangeThemeRequestMessage.as:11	1	theme:int	NetworkMessage	theme:writeByte	client-as3	273
ChannelEnablingChangeMessage	7739	sources/client273-as3/network/scripts/com/ankamagames/dofus/network/messages/game/chat/channel/ChannelEnablingChangeMessage.as:11	2	channel:uint;enable:Boolean	NetworkMessage	channel:writeByte;enable:writeBoolean	client-as3	273
ChannelEnablingMessage	4965	sources/client273-as3/network/scripts/com/ankamagames/dofus/network/messages/game/chat/channel/ChannelEnablingMessage.as:11	2	channel:uint;enable:Boolean	NetworkMessage	channel:writeByte;enable:writeBoolean	client-as3	273
CharacterAlignmentWarEffortProgressionMessage	2916	sources/client273-as3/network/scripts/com/ankamagames/dofus/network/messages/game/character/alignment/war/effort/CharacterAlignmentWarEffortProgressionMessage.as:11	3	alignmentWarEffortDailyLimit:Number;alignmentWarEffortDailyDonation:Number;alignmentWarEffortPersonalDonation:Number	NetworkMessage	alignmentWarEffortDailyLimit:writeVarLong;alignmentWarEffortDailyDonation:writeVarLong;alignmentWarEffortPersonalDonation:writeVarLong	client-as3	273
CharacterAlignmentWarEffortProgressionRequestMessage	946	sources/client273-as3/network/scripts/com/ankamagames/dofus/network/messages/game/character/alignment/war/effort/CharacterAlignmentWarEffortProgressionRequestMessage.as:11	0		NetworkMessage		client-as3	273
CharacterCanBeCreatedRequestMessage	4275	sources/client273-as3/network/scripts/com/ankamagames/dofus/network/messages/game/character/creation/CharacterCanBeCreatedRequestMessage.as:11	0		NetworkMessage		client-as3	273
CharacterCanBeCreatedResultMessage	7317	sources/client273-as3/network/scripts/com/ankamagames/dofus/network/messages/game/character/creation/CharacterCanBeCreatedResultMessage.as:11	1	yesYouCan:Boolean	NetworkMessage	yesYouCan:writeBoolean	client-as3	273
CharacterCapabilitiesMessage	3451	sources/client273-as3/network/scripts/com/ankamagames/dofus/network/messages/game/initialization/CharacterCapabilitiesMessage.as:11	1	guildEmblemSymbolCategories:uint	NetworkMessage	guildEmblemSymbolCategories:writeVarInt	client-as3	273
CharacterCreationRequestMessage	491	sources/client273-as3/network/scripts/com/ankamagames/dofus/network/messages/game/character/creation/CharacterCreationRequestMessage.as:12	5	name:String;breed:int;sex:Boolean;colors:Vector.<int>;cosmeticId:uint	NetworkMessage	name:writeUTF;breed:writeByte;sex:writeBoolean;colors[]:writeInt;cosmeticId:writeVarShort	client-as3	273
CharacterCreationResultMessage	5979	sources/client273-as3/network/scripts/com/ankamagames/dofus/network/messages/game/character/creation/CharacterCreationResultMessage.as:11	2	result:uint;reason:uint	NetworkMessage	result:writeByte;reason:writeByte	client-as3	273
CharacterDeletionErrorMessage	4351	sources/client273-as3/network/scripts/com/ankamagames/dofus/network/messages/game/character/deletion/CharacterDeletionErrorMessage.as:11	1	reason:uint	NetworkMessage	reason:writeByte	client-as3	273
CharacterDeletionPrepareMessage	5348	sources/client273-as3/network/scripts/com/ankamagames/dofus/network/messages/game/character/deletion/CharacterDeletionPrepareMessage.as:11	4	characterId:Number;characterName:String;secretQuestion:String;needSecretAnswer:Boolean	NetworkMessage	characterId:writeVarLong;characterName:writeUTF;secretQuestion:writeUTF;needSecretAnswer:writeBoolean	client-as3	273
CharacterDeletionPrepareRequestMessage	3535	sources/client273-as3/network/scripts/com/ankamagames/dofus/network/messages/game/character/deletion/CharacterDeletionPrepareRequestMessage.as:11	1	characterId:Number	NetworkMessage	characterId:writeVarLong	client-as3	273
CharacterDeletionRequestMessage	1489	sources/client273-as3/network/scripts/com/ankamagames/dofus/network/messages/game/character/deletion/CharacterDeletionRequestMessage.as:11	2	characterId:Number;secretAnswerHash:String	NetworkMessage	characterId:writeVarLong;secretAnswerHash:writeUTF	client-as3	273
CharacterExperienceGainMessage	9701	sources/client273-as3/network/scripts/com/ankamagames/dofus/network/messages/game/character/stats/CharacterExperienceGainMessage.as:11	4	experienceCharacter:Number;experienceMount:Number;experienceGuild:Number;experienceIncarnation:Number	NetworkMessage	experienceCharacter:writeVarLong;experienceMount:writeVarLong;experienceGuild:writeVarLong;experienceIncarnation:writeVarLong	client-as3	273
CharacterFirstSelectionMessage	7638	sources/client273-as3/network/scripts/com/ankamagames/dofus/network/messages/game/character/choice/CharacterFirstSelectionMessage.as:10	1	doTutorial:Boolean	CharacterSelectionMessage	super:CharacterSelectionMessage;doTutorial:writeBoolean	client-as3	273
CharacterLevelUpInformationMessage	3031	sources/client273-as3/network/scripts/com/ankamagames/dofus/network/messages/game/character/stats/CharacterLevelUpInformationMessage.as:10	2	name:String;id:Number	CharacterLevelUpMessage	super:CharacterLevelUpMessage;name:writeUTF;id:writeVarLong	client-as3	273
CharacterLevelUpMessage	5797	sources/client273-as3/network/scripts/com/ankamagames/dofus/network/messages/game/character/stats/CharacterLevelUpMessage.as:11	1	newLevel:uint	NetworkMessage	newLevel:writeVarShort	client-as3	273
CharacterLoadingCompleteMessage	605	sources/client273-as3/network/scripts/com/ankamagames/dofus/network/messages/game/initialization/CharacterLoadingCompleteMessage.as:11	0		NetworkMessage		client-as3	273
CharacterNameSuggestionFailureMessage	5371	sources/client273-as3/network/scripts/com/ankamagames/dofus/network/messages/game/character/creation/CharacterNameSuggestionFailureMessage.as:11	1	reason:uint	NetworkMessage	reason:writeByte	client-as3	273
CharacterNameSuggestionRequestMessage	2000	sources/client273-as3/network/scripts/com/ankamagames/dofus/network/messages/game/character/creation/CharacterNameSuggestionRequestMessage.as:11	0		NetworkMessage		client-as3	273
CharacterNameSuggestionSuccessMessage	2208	sources/client273-as3/network/scripts/com/ankamagames/dofus/network/messages/game/character/creation/CharacterNameSuggestionSuccessMessage.as:11	1	suggestion:String	NetworkMessage	suggestion:writeUTF	client-as3	273
CharacterReplayRequestMessage	8786	sources/client273-as3/network/scripts/com/ankamagames/dofus/network/messages/game/character/replay/CharacterReplayRequestMessage.as:11	1	characterId:Number	NetworkMessage	characterId:writeVarLong	client-as3	273
CharacterReplayWithRemodelRequestMessage	338	sources/client273-as3/network/scripts/com/ankamagames/dofus/network/messages/game/character/choice/CharacterReplayWithRemodelRequestMessage.as:12	1	remodel:RemodelingInformation	CharacterReplayRequestMessage	super:CharacterReplayRequestMessage;remodel:asRemodelingInformation	client-as3	273
CharacterSelectedErrorMessage	1596	sources/client273-as3/network/scripts/com/ankamagames/dofus/network/messages/game/character/choice/CharacterSelectedErrorMessage.as:11	0		NetworkMessage		client-as3	273
CharacterSelectedForceMessage	4050	sources/client273-as3/network/scripts/com/ankamagames/dofus/network/messages/game/character/choice/CharacterSelectedForceMessage.as:11	1	id:int	NetworkMessage	id:writeInt	client-as3	273
CharacterSelectedForceReadyMessage	4057	sources/client273-as3/network/scripts/com/ankamagames/dofus/network/messages/game/character/choice/CharacterSelectedForceReadyMessage.as:11	0		NetworkMessage		client-as3	273
CharacterSelectedSuccessMessage	4299	sources/client273-as3/network/scripts/com/ankamagames/dofus/network/messages/game/character/choice/CharacterSelectedSuccessMessage.as:12	2	infos:CharacterBaseInformations;isCollectingStats:Boolean	NetworkMessage	infos:asCharacterBaseInformations;isCollectingStats:writeBoolean	client-as3	273
CharacterSelectionMessage	6792	sources/client273-as3/network/scripts/com/ankamagames/dofus/network/messages/game/character/choice/CharacterSelectionMessage.as:11	1	id:Number	NetworkMessage	id:writeVarLong	client-as3	273
CharacterSelectionWithRemodelMessage	3540	sources/client273-as3/network/scripts/com/ankamagames/dofus/network/messages/game/character/choice/CharacterSelectionWithRemodelMessage.as:11	1	remodel:RemodelingInformation	CharacterSelectionMessage	super:CharacterSelectionMessage;remodel:asRemodelingInformation	client-as3	273
CharacterStatsListMessage	4395	sources/client273-as3/network/scripts/com/ankamagames/dofus/network/messages/game/character/stats/CharacterStatsListMessage.as:12	1	stats:CharacterCharacteristicsInformations	NetworkMessage	stats:asCharacterCharacteristicsInformations	client-as3	273
CharactersListErrorMessage	7643	sources/client273-as3/network/scripts/com/ankamagames/dofus/network/messages/game/character/choice/CharactersListErrorMessage.as:11	0		NetworkMessage		client-as3	273
CharactersListMessage	8016	sources/client273-as3/network/scripts/com/ankamagames/dofus/network/messages/game/character/choice/CharactersListMessage.as:13	1	characters:Vector.<CharacterBaseInformations>	NetworkMessage	characters#len:writeShort;characters[]#typeId:writeShort;characters[]:serialize	client-as3	273
CharactersListRequestMessage	2412	sources/client273-as3/network/scripts/com/ankamagames/dofus/network/messages/game/character/choice/CharactersListRequestMessage.as:11	0		NetworkMessage		client-as3	273
CharactersListWithRemodelingMessage	9633	sources/client273-as3/network/scripts/com/ankamagames/dofus/network/messages/game/character/choice/CharactersListWithRemodelingMessage.as:12	1	charactersToRemodel:Vector.<CharacterToRemodelInformations>	CharactersListMessage	super:CharactersListMessage;charactersToRemodel#len:writeShort;charactersToRemodel[]:asCharacterToRemodelInformations	client-as3	273
ChatAbstractClientMessage	6914	sources/client273-as3/network/scripts/com/ankamagames/dofus/network/messages/game/chat/ChatAbstractClientMessage.as:11	1	content:String	NetworkMessage	content:writeUTF	client-as3	273
ChatAbstractServerMessage	1770	sources/client273-as3/network/scripts/com/ankamagames/dofus/network/messages/game/chat/ChatAbstractServerMessage.as:11	4	channel:uint;content:String;timestamp:uint;fingerprint:String	NetworkMessage	channel:writeByte;content:writeUTF;timestamp:writeInt;fingerprint:writeUTF	client-as3	273
ChatAdminServerMessage	2080	sources/client273-as3/network/scripts/com/ankamagames/dofus/network/messages/game/chat/ChatAdminServerMessage.as:10	0		ChatServerMessage	super:ChatServerMessage	client-as3	273
ChatClientMultiMessage	3932	sources/client273-as3/network/scripts/com/ankamagames/dofus/network/messages/game/chat/ChatClientMultiMessage.as:10	1	channel:uint	ChatAbstractClientMessage	super:ChatAbstractClientMessage;channel:writeByte	client-as3	273
ChatClientMultiWithObjectMessage	5473	sources/client273-as3/network/scripts/com/ankamagames/dofus/network/messages/game/chat/ChatClientMultiWithObjectMessage.as:11	1	objects:Vector.<ObjectItem>	ChatClientMultiMessage	super:ChatClientMultiMessage;objects#len:writeShort;objects[]:asObjectItem	client-as3	273
ChatClientPrivateMessage	7053	sources/client273-as3/network/scripts/com/ankamagames/dofus/network/messages/game/chat/ChatClientPrivateMessage.as:12	1	receiver:AbstractPlayerSearchInformation	ChatAbstractClientMessage	super:ChatAbstractClientMessage;#typeId:writeShort;receiver:serialize	client-as3	273
ChatClientPrivateWithObjectMessage	9502	sources/client273-as3/network/scripts/com/ankamagames/dofus/network/messages/game/chat/ChatClientPrivateWithObjectMessage.as:12	1	objects:Vector.<ObjectItem>	ChatClientPrivateMessage	super:ChatClientPrivateMessage;objects#len:writeShort;objects[]:asObjectItem	client-as3	273
ChatCommunityChannelCommunityMessage	5839	sources/client273-as3/network/scripts/com/ankamagames/dofus/network/messages/game/chat/community/ChatCommunityChannelCommunityMessage.as:11	1	communityId:int	NetworkMessage	communityId:writeShort	client-as3	273
ChatCommunityChannelSetCommunityRequestMessage	2893	sources/client273-as3/network/scripts/com/ankamagames/dofus/network/messages/game/chat/community/ChatCommunityChannelSetCommunityRequestMessage.as:11	1	communityId:int	NetworkMessage	communityId:writeShort	client-as3	273
ChatErrorMessage	6135	sources/client273-as3/network/scripts/com/ankamagames/dofus/network/messages/game/chat/ChatErrorMessage.as:11	1	reason:uint	NetworkMessage	reason:writeByte	client-as3	273
ChatKolizeumServerMessage	942	sources/client273-as3/network/scripts/com/ankamagames/dofus/network/messages/game/chat/ChatKolizeumServerMessage.as:10	1	originServerId:int	ChatServerMessage	super:ChatServerMessage;originServerId:writeShort	client-as3	273
ChatServerCopyMessage	8617	sources/client273-as3/network/scripts/com/ankamagames/dofus/network/messages/game/chat/ChatServerCopyMessage.as:10	2	receiverId:Number;receiverName:String	ChatAbstractServerMessage	super:ChatAbstractServerMessage;receiverId:writeVarLong;receiverName:writeUTF	client-as3	273
ChatServerCopyWithObjectMessage	8059	sources/client273-as3/network/scripts/com/ankamagames/dofus/network/messages/game/chat/ChatServerCopyWithObjectMessage.as:11	1	objects:Vector.<ObjectItem>	ChatServerCopyMessage	super:ChatServerCopyMessage;objects#len:writeShort;objects[]:asObjectItem	client-as3	273
ChatServerMessage	6772	sources/client273-as3/network/scripts/com/ankamagames/dofus/network/messages/game/chat/ChatServerMessage.as:10	4	senderId:Number;senderName:String;prefix:String;senderAccountId:uint	ChatAbstractServerMessage	super:ChatAbstractServerMessage;senderId:writeDouble;senderName:writeUTF;prefix:writeUTF;senderAccountId:writeInt	client-as3	273
ChatServerWithObjectMessage	399	sources/client273-as3/network/scripts/com/ankamagames/dofus/network/messages/game/chat/ChatServerWithObjectMessage.as:11	1	objects:Vector.<ObjectItem>	ChatServerMessage	super:ChatServerMessage;objects#len:writeShort;objects[]:asObjectItem	client-as3	273
ChatSmileyExtraPackListMessage	3973	sources/client273-as3/network/scripts/com/ankamagames/dofus/network/messages/game/chat/smiley/ChatSmileyExtraPackListMessage.as:11	1	packIds:Vector.<uint>	NetworkMessage	packIds#len:writeShort;packIds[]:writeByte	client-as3	273
ChatSmileyMessage	7020	sources/client273-as3/network/scripts/com/ankamagames/dofus/network/messages/game/chat/smiley/ChatSmileyMessage.as:11	3	entityId:Number;smileyId:uint;accountId:uint	NetworkMessage	entityId:writeDouble;smileyId:writeVarShort;accountId:writeInt	client-as3	273
ChatSmileyRequestMessage	9020	sources/client273-as3/network/scripts/com/ankamagames/dofus/network/messages/game/chat/smiley/ChatSmileyRequestMessage.as:11	1	smileyId:uint	NetworkMessage	smileyId:writeVarShort	client-as3	273
CheckFileMessage	5396	sources/client273-as3/network/scripts/com/ankamagames/dofus/network/messages/security/CheckFileMessage.as:11	3	filenameHash:String;type:uint;value:String	NetworkMessage	filenameHash:writeUTF;type:writeByte;value:writeUTF	client-as3	273
CheckFileRequestMessage	5970	sources/client273-as3/network/scripts/com/ankamagames/dofus/network/messages/security/CheckFileRequestMessage.as:11	2	filename:String;type:uint	NetworkMessage	filename:writeUTF;type:writeByte	client-as3	273
CheckIntegrityMessage	7220	sources/client273-as3/network/scripts/com/ankamagames/dofus/network/messages/security/CheckIntegrityMessage.as:11	1	data:Vector.<int>	NetworkMessage	data#len:writeVarInt;data[]:writeByte	client-as3	273
CinematicMessage	991	sources/client273-as3/network/scripts/com/ankamagames/dofus/network/messages/game/script/CinematicMessage.as:11	1	cinematicId:uint	NetworkMessage	cinematicId:writeVarShort	client-as3	273
ClientKeyMessage	7975	sources/client273-as3/network/scripts/com/ankamagames/dofus/network/messages/security/ClientKeyMessage.as:11	1	key:String	NetworkMessage	key:writeUTF	client-as3	273
ClientUIOpenedByObjectMessage	2467	sources/client273-as3/network/scripts/com/ankamagames/dofus/network/messages/game/ui/ClientUIOpenedByObjectMessage.as:10	1	uid:uint	ClientUIOpenedMessage	super:ClientUIOpenedMessage;uid:writeVarInt	client-as3	273
ClientUIOpenedMessage	1039	sources/client273-as3/network/scripts/com/ankamagames/dofus/network/messages/game/ui/ClientUIOpenedMessage.as:11	1	type:uint	NetworkMessage	type:writeByte	client-as3	273
ClientYouAreDrunkMessage	3498	sources/client273-as3/network/scripts/com/ankamagames/dofus/network/messages/wtf/ClientYouAreDrunkMessage.as:11	0		DebugInClientMessage	super:DebugInClientMessage	client-as3	273
CloseHavenBagFurnitureSequenceRequestMessage	6165	sources/client273-as3/network/scripts/com/ankamagames/dofus/network/messages/game/context/roleplay/havenbag/CloseHavenBagFurnitureSequenceRequestMessage.as:11	0		NetworkMessage		client-as3	273
CompassResetMessage	5999	sources/client273-as3/network/scripts/com/ankamagames/dofus/network/messages/game/atlas/compass/CompassResetMessage.as:11	1	type:uint	NetworkMessage	type:writeByte	client-as3	273
CompassUpdateMessage	872	sources/client273-as3/network/scripts/com/ankamagames/dofus/network/messages/game/atlas/compass/CompassUpdateMessage.as:13	2	type:uint;coords:MapCoordinates	NetworkMessage	type:writeByte;#typeId:writeShort;coords:serialize	client-as3	273
CompassUpdatePartyMemberMessage	9981	sources/client273-as3/network/scripts/com/ankamagames/dofus/network/messages/game/atlas/compass/CompassUpdatePartyMemberMessage.as:11	2	memberId:Number;active:Boolean	CompassUpdateMessage	super:CompassUpdateMessage;memberId:writeVarLong;active:writeBoolean	client-as3	273
CompassUpdatePvpSeekMessage	4778	sources/client273-as3/network/scripts/com/ankamagames/dofus/network/messages/game/atlas/compass/CompassUpdatePvpSeekMessage.as:11	2	memberId:Number;memberName:String	CompassUpdateMessage	super:CompassUpdateMessage;memberId:writeVarLong;memberName:writeUTF	client-as3	273
ConfirmationOfListeningTaxCollectorUpdatesMessage	1625	sources/client273-as3/network/scripts/com/ankamagames/dofus/network/messages/game/collector/tax/ConfirmationOfListeningTaxCollectorUpdatesMessage.as:12	1	information:TaxCollectorInformations	NetworkMessage	information:asTaxCollectorInformations	client-as3	273
ConsoleCommandsListMessage	869	sources/client273-as3/network/scripts/com/ankamagames/dofus/network/messages/authorized/ConsoleCommandsListMessage.as:11	3	aliases:Vector.<String>;args:Vector.<String>;descriptions:Vector.<String>	NetworkMessage	aliases#len:writeShort;aliases[]:writeUTF;args#len:writeShort;args[]:writeUTF;descriptions#len:writeShort;descriptions[]:writeUTF	client-as3	273
ConsoleEndMessage	9802	sources/client273-as3/network/scripts/com/ankamagames/dofus/network/messages/authorized/ConsoleEndMessage.as:12	2	consoleUuid:Uuid;isSuccess:Boolean	NetworkMessage	consoleUuid:asUuid;isSuccess:writeBoolean	client-as3	273
ConsoleMessage	7923	sources/client273-as3/network/scripts/com/ankamagames/dofus/network/messages/authorized/ConsoleMessage.as:11	2	type:uint;content:String	NetworkMessage	type:writeByte;content:writeUTF	client-as3	273
ConsumeAllGameActionItemMessage	3120	sources/client273-as3/network/scripts/com/ankamagames/dofus/network/messages/game/startup/ConsumeAllGameActionItemMessage.as:11	1	characterId:Number	NetworkMessage	characterId:writeVarLong	client-as3	273
ConsumeGameActionItemMessage	2113	sources/client273-as3/network/scripts/com/ankamagames/dofus/network/messages/game/startup/ConsumeGameActionItemMessage.as:11	2	actionId:uint;characterId:Number	NetworkMessage	actionId:writeInt;characterId:writeVarLong	client-as3	273
ContactAddFailureMessage	2506	sources/client273-as3/network/scripts/com/ankamagames/dofus/network/messages/game/friend/ContactAddFailureMessage.as:11	1	reason:uint	NetworkMessage	reason:writeByte	client-as3	273
ContactLookErrorMessage	6346	sources/client273-as3/network/scripts/com/ankamagames/dofus/network/messages/game/social/ContactLookErrorMessage.as:11	1	requestId:uint	NetworkMessage	requestId:writeVarInt	client-as3	273
ContactLookMessage	4925	sources/client273-as3/network/scripts/com/ankamagames/dofus/network/messages/game/social/ContactLookMessage.as:12	4	requestId:uint;playerName:String;playerId:Number;look:EntityLook	NetworkMessage	requestId:writeVarInt;playerName:writeUTF;playerId:writeVarLong;look:asEntityLook	client-as3	273
ContactLookRequestByIdMessage	6048	sources/client273-as3/network/scripts/com/ankamagames/dofus/network/messages/game/social/ContactLookRequestByIdMessage.as:10	1	playerId:Number	ContactLookRequestMessage	super:ContactLookRequestMessage;playerId:writeVarLong	client-as3	273
ContactLookRequestByNameMessage	2776	sources/client273-as3/network/scripts/com/ankamagames/dofus/network/messages/game/social/ContactLookRequestByNameMessage.as:10	1	playerName:String	ContactLookRequestMessage	super:ContactLookRequestMessage;playerName:writeUTF	client-as3	273
ContactLookRequestMessage	7562	sources/client273-as3/network/scripts/com/ankamagames/dofus/network/messages/game/social/ContactLookRequestMessage.as:11	2	requestId:uint;contactType:uint	NetworkMessage	requestId:writeByte;contactType:writeByte	client-as3	273
CreateGuildRankRequestMessage	1740	sources/client273-as3/network/scripts/com/ankamagames/dofus/network/messages/game/guild/CreateGuildRankRequestMessage.as:11	3	parentRankId:uint;gfxId:uint;name:String	NetworkMessage	parentRankId:writeVarInt;gfxId:writeVarInt;name:writeUTF	client-as3	273
CurrentMapInstanceMessage	5476	sources/client273-as3/network/scripts/com/ankamagames/dofus/network/messages/game/context/roleplay/CurrentMapInstanceMessage.as:10	1	instantiatedMapId:Number	CurrentMapMessage	super:CurrentMapMessage;instantiatedMapId:writeDouble	client-as3	273
CurrentMapMessage	7991	sources/client273-as3/network/scripts/com/ankamagames/dofus/network/messages/game/context/roleplay/CurrentMapMessage.as:11	1	mapId:Number	NetworkMessage	mapId:writeDouble	client-as3	273
CurrentServerStatusUpdateMessage	9599	sources/client273-as3/network/scripts/com/ankamagames/dofus/network/messages/game/basic/CurrentServerStatusUpdateMessage.as:11	1	status:uint	NetworkMessage	status:writeByte	client-as3	273
DebtsDeleteMessage	7828	sources/client273-as3/network/scripts/com/ankamagames/dofus/network/messages/game/character/debt/DebtsDeleteMessage.as:11	2	reason:uint;debts:Vector.<Number>	NetworkMessage	reason:writeByte;debts#len:writeShort;debts[]:writeDouble	client-as3	273
DebtsUpdateMessage	8856	sources/client273-as3/network/scripts/com/ankamagames/dofus/network/messages/game/character/debt/DebtsUpdateMessage.as:13	2	action:uint;debts:Vector.<DebtInformation>	NetworkMessage	action:writeByte;debts#len:writeShort;debts[]#typeId:writeShort;debts[]:serialize	client-as3	273
DebugClearHighlightCellsMessage	3737	sources/client273-as3/network/scripts/com/ankamagames/dofus/network/messages/debug/DebugClearHighlightCellsMessage.as:11	0		NetworkMessage		client-as3	273
DebugHighlightCellsMessage	9357	sources/client273-as3/network/scripts/com/ankamagames/dofus/network/messages/debug/DebugHighlightCellsMessage.as:11	2	color:Number;cells:Vector.<uint>	NetworkMessage	color:writeDouble;cells#len:writeShort;cells[]:writeVarShort	client-as3	273
DebugInClientMessage	6256	sources/client273-as3/network/scripts/com/ankamagames/dofus/network/messages/debug/DebugInClientMessage.as:11	2	level:uint;message:String	NetworkMessage	level:writeByte;message:writeUTF	client-as3	273
DecraftResultMessage	3985	sources/client273-as3/network/scripts/com/ankamagames/dofus/network/messages/game/inventory/exchanges/DecraftResultMessage.as:12	1	results:Vector.<DecraftedItemStackInfo>	NetworkMessage	results#len:writeShort;results[]:asDecraftedItemStackInfo	client-as3	273
DiceRollRequestMessage	8901	sources/client273-as3/network/scripts/com/ankamagames/dofus/network/messages/game/context/roleplay/DiceRollRequestMessage.as:11	3	dice:uint;faces:uint;channel:uint	NetworkMessage	dice:writeVarInt;faces:writeVarInt;channel:writeByte	client-as3	273
DisplayNumericalValuePaddockMessage	4632	sources/client273-as3/network/scripts/com/ankamagames/dofus/network/messages/game/context/display/DisplayNumericalValuePaddockMessage.as:11	3	rideId:int;value:int;type:uint	NetworkMessage	rideId:writeInt;value:writeInt;type:writeByte	client-as3	273
DocumentReadingBeginMessage	9246	sources/client273-as3/network/scripts/com/ankamagames/dofus/network/messages/game/context/roleplay/document/DocumentReadingBeginMessage.as:11	1	documentId:uint	NetworkMessage	documentId:writeVarShort	client-as3	273
DumpedEntityStatsMessage	2370	sources/client273-as3/network/scripts/com/ankamagames/dofus/network/messages/debug/DumpedEntityStatsMessage.as:12	2	actorId:Number;stats:CharacterCharacteristics	NetworkMessage	actorId:writeDouble;stats:asCharacterCharacteristics	client-as3	273
DungeonKeyRingMessage	6819	sources/client273-as3/network/scripts/com/ankamagames/dofus/network/messages/game/context/dungeon/DungeonKeyRingMessage.as:11	2	availables:Vector.<uint>;unavailables:Vector.<uint>	NetworkMessage	availables#len:writeShort;availables[]:writeVarShort;unavailables#len:writeShort;unavailables[]:writeVarShort	client-as3	273
DungeonKeyRingUpdateMessage	6518	sources/client273-as3/network/scripts/com/ankamagames/dofus/network/messages/game/context/dungeon/DungeonKeyRingUpdateMessage.as:11	2	dungeonId:uint;available:Boolean	NetworkMessage	dungeonId:writeVarShort;available:writeBoolean	client-as3	273
DungeonPartyFinderAvailableDungeonsMessage	8056	sources/client273-as3/network/scripts/com/ankamagames/dofus/network/messages/game/context/roleplay/party/DungeonPartyFinderAvailableDungeonsMessage.as:11	1	dungeonIds:Vector.<uint>	NetworkMessage	dungeonIds#len:writeShort;dungeonIds[]:writeVarShort	client-as3	273
DungeonPartyFinderAvailableDungeonsRequestMessage	9426	sources/client273-as3/network/scripts/com/ankamagames/dofus/network/messages/game/context/roleplay/party/DungeonPartyFinderAvailableDungeonsRequestMessage.as:11	0		NetworkMessage		client-as3	273
DungeonPartyFinderListenErrorMessage	6905	sources/client273-as3/network/scripts/com/ankamagames/dofus/network/messages/game/context/roleplay/party/DungeonPartyFinderListenErrorMessage.as:11	1	dungeonId:uint	NetworkMessage	dungeonId:writeVarShort	client-as3	273
DungeonPartyFinderListenRequestMessage	9359	sources/client273-as3/network/scripts/com/ankamagames/dofus/network/messages/game/context/roleplay/party/DungeonPartyFinderListenRequestMessage.as:11	1	dungeonId:uint	NetworkMessage	dungeonId:writeVarShort	client-as3	273
DungeonPartyFinderRegisterErrorMessage	3226	sources/client273-as3/network/scripts/com/ankamagames/dofus/network/messages/game/context/roleplay/party/DungeonPartyFinderRegisterErrorMessage.as:11	0		NetworkMessage		client-as3	273
DungeonPartyFinderRegisterRequestMessage	7102	sources/client273-as3/network/scripts/com/ankamagames/dofus/network/messages/game/context/roleplay/party/DungeonPartyFinderRegisterRequestMessage.as:11	1	dungeonIds:Vector.<uint>	NetworkMessage	dungeonIds#len:writeShort;dungeonIds[]:writeVarShort	client-as3	273
DungeonPartyFinderRegisterSuccessMessage	9509	sources/client273-as3/network/scripts/com/ankamagames/dofus/network/messages/game/context/roleplay/party/DungeonPartyFinderRegisterSuccessMessage.as:11	1	dungeonIds:Vector.<uint>	NetworkMessage	dungeonIds#len:writeShort;dungeonIds[]:writeVarShort	client-as3	273
DungeonPartyFinderRoomContentMessage	9524	sources/client273-as3/network/scripts/com/ankamagames/dofus/network/messages/game/context/roleplay/party/DungeonPartyFinderRoomContentMessage.as:12	2	dungeonId:uint;players:Vector.<DungeonPartyFinderPlayer>	NetworkMessage	dungeonId:writeVarShort;players#len:writeShort;players[]:asDungeonPartyFinderPlayer	client-as3	273
DungeonPartyFinderRoomContentUpdateMessage	5056	sources/client273-as3/network/scripts/com/ankamagames/dofus/network/messages/game/context/roleplay/party/DungeonPartyFinderRoomContentUpdateMessage.as:12	3	dungeonId:uint;addedPlayers:Vector.<DungeonPartyFinderPlayer>;removedPlayersIds:Vector.<Number>	NetworkMessage	dungeonId:writeVarShort;addedPlayers#len:writeShort;addedPlayers[]:asDungeonPartyFinderPlayer;removedPlayersIds#len:writeShort;removedPlayersIds[]:writeVarLong	client-as3	273
EditHavenBagCancelRequestMessage	8480	sources/client273-as3/network/scripts/com/ankamagames/dofus/network/messages/game/context/roleplay/havenbag/EditHavenBagCancelRequestMessage.as:11	0		NetworkMessage		client-as3	273
EditHavenBagFinishedMessage	2362	sources/client273-as3/network/scripts/com/ankamagames/dofus/network/messages/game/context/roleplay/havenbag/EditHavenBagFinishedMessage.as:11	0		NetworkMessage		client-as3	273
EditHavenBagRequestMessage	6707	sources/client273-as3/network/scripts/com/ankamagames/dofus/network/messages/game/context/roleplay/havenbag/EditHavenBagRequestMessage.as:11	0		NetworkMessage		client-as3	273
EditHavenBagStartMessage	9417	sources/client273-as3/network/scripts/com/ankamagames/dofus/network/messages/game/context/roleplay/havenbag/EditHavenBagStartMessage.as:11	0		NetworkMessage		client-as3	273
EmoteAddMessage	2112	sources/client273-as3/network/scripts/com/ankamagames/dofus/network/messages/game/context/roleplay/emote/EmoteAddMessage.as:11	1	emoteId:uint	NetworkMessage	emoteId:writeShort	client-as3	273
EmoteListMessage	6038	sources/client273-as3/network/scripts/com/ankamagames/dofus/network/messages/game/context/roleplay/emote/EmoteListMessage.as:11	1	emoteIds:Vector.<uint>	NetworkMessage	emoteIds#len:writeShort;emoteIds[]:writeShort	client-as3	273
EmotePlayAbstractMessage	8135	sources/client273-as3/network/scripts/com/ankamagames/dofus/network/messages/game/context/roleplay/emote/EmotePlayAbstractMessage.as:11	2	emoteId:uint;emoteStartTime:Number	NetworkMessage	emoteId:writeShort;emoteStartTime:writeDouble	client-as3	273
EmotePlayErrorMessage	7853	sources/client273-as3/network/scripts/com/ankamagames/dofus/network/messages/game/context/roleplay/emote/EmotePlayErrorMessage.as:11	1	emoteId:uint	NetworkMessage	emoteId:writeShort	client-as3	273
EmotePlayMassiveMessage	1886	sources/client273-as3/network/scripts/com/ankamagames/dofus/network/messages/game/context/roleplay/emote/EmotePlayMassiveMessage.as:10	1	actorIds:Vector.<Number>	EmotePlayAbstractMessage	super:EmotePlayAbstractMessage;actorIds#len:writeShort;actorIds[]:writeDouble	client-as3	273
EmotePlayMessage	3198	sources/client273-as3/network/scripts/com/ankamagames/dofus/network/messages/game/context/roleplay/emote/EmotePlayMessage.as:10	2	actorId:Number;accountId:uint	EmotePlayAbstractMessage	super:EmotePlayAbstractMessage;actorId:writeDouble;accountId:writeInt	client-as3	273
EmotePlayRequestMessage	7754	sources/client273-as3/network/scripts/com/ankamagames/dofus/network/messages/game/context/roleplay/emote/EmotePlayRequestMessage.as:11	1	emoteId:uint	NetworkMessage	emoteId:writeShort	client-as3	273
EmoteRemoveMessage	4524	sources/client273-as3/network/scripts/com/ankamagames/dofus/network/messages/game/context/roleplay/emote/EmoteRemoveMessage.as:11	1	emoteId:uint	NetworkMessage	emoteId:writeShort	client-as3	273
EnabledChannelsMessage	2625	sources/client273-as3/network/scripts/com/ankamagames/dofus/network/messages/game/chat/channel/EnabledChannelsMessage.as:11	2	channels:Vector.<uint>;disallowed:Vector.<uint>	NetworkMessage	channels#len:writeShort;channels[]:writeByte;disallowed#len:writeShort;disallowed[]:writeByte	client-as3	273
EnterHavenBagRequestMessage	4036	sources/client273-as3/network/scripts/com/ankamagames/dofus/network/messages/game/context/roleplay/havenbag/EnterHavenBagRequestMessage.as:11	1	havenBagOwner:Number	NetworkMessage	havenBagOwner:writeVarLong	client-as3	273
EntitiesInformationMessage	266	sources/client273-as3/network/scripts/com/ankamagames/dofus/network/messages/game/entity/EntitiesInformationMessage.as:12	1	entities:Vector.<EntityInformation>	NetworkMessage	entities#len:writeShort;entities[]:asEntityInformation	client-as3	273
EntityInformationMessage	6850	sources/client273-as3/network/scripts/com/ankamagames/dofus/network/messages/game/entity/EntityInformationMessage.as:12	1	entity:EntityInformation	NetworkMessage	entity:asEntityInformation	client-as3	273
EntityTalkMessage	1171	sources/client273-as3/network/scripts/com/ankamagames/dofus/network/messages/game/context/roleplay/npc/EntityTalkMessage.as:11	3	entityId:Number;textId:uint;parameters:Vector.<String>	NetworkMessage	entityId:writeDouble;textId:writeVarShort;parameters#len:writeShort;parameters[]:writeUTF	client-as3	273
ErrorMapNotFoundMessage	8967	sources/client273-as3/network/scripts/com/ankamagames/dofus/network/messages/game/context/roleplay/ErrorMapNotFoundMessage.as:11	1	mapId:Number	NetworkMessage	mapId:writeDouble	client-as3	273
EvolutiveObjectRecycleResultMessage	5637	sources/client273-as3/network/scripts/com/ankamagames/dofus/network/messages/game/inventory/exchanges/EvolutiveObjectRecycleResultMessage.as:12	1	recycledItems:Vector.<RecycledItem>	NetworkMessage	recycledItems#len:writeShort;recycledItems[]:asRecycledItem	client-as3	273
ExchangeAcceptMessage	804	sources/client273-as3/network/scripts/com/ankamagames/dofus/network/messages/game/inventory/exchanges/ExchangeAcceptMessage.as:11	0		NetworkMessage		client-as3	273
ExchangeBidHouseBuyMessage	3820	sources/client273-as3/network/scripts/com/ankamagames/dofus/network/messages/game/inventory/exchanges/ExchangeBidHouseBuyMessage.as:11	3	uid:uint;qty:uint;price:Number	NetworkMessage	uid:writeVarInt;qty:writeVarInt;price:writeVarLong	client-as3	273
ExchangeBidHouseBuyResultMessage	2613	sources/client273-as3/network/scripts/com/ankamagames/dofus/network/messages/game/inventory/exchanges/ExchangeBidHouseBuyResultMessage.as:11	2	uid:uint;bought:Boolean	NetworkMessage	uid:writeVarInt;bought:writeBoolean	client-as3	273
ExchangeBidHouseGenericItemAddedMessage	3696	sources/client273-as3/network/scripts/com/ankamagames/dofus/network/messages/game/inventory/exchanges/ExchangeBidHouseGenericItemAddedMessage.as:11	1	objGenericId:uint	NetworkMessage	objGenericId:writeVarInt	client-as3	273
ExchangeBidHouseGenericItemRemovedMessage	3347	sources/client273-as3/network/scripts/com/ankamagames/dofus/network/messages/game/inventory/exchanges/ExchangeBidHouseGenericItemRemovedMessage.as:11	1	objGenericId:uint	NetworkMessage	objGenericId:writeVarInt	client-as3	273
ExchangeBidHouseInListAddedMessage	9001	sources/client273-as3/network/scripts/com/ankamagames/dofus/network/messages/game/inventory/exchanges/ExchangeBidHouseInListAddedMessage.as:13	5	itemUID:int;objectGID:uint;objectType:uint;effects:Vector.<ObjectEffect>;prices:Vector.<Number>	NetworkMessage	itemUID:writeInt;objectGID:writeVarInt;objectType:writeInt;effects#len:writeShort;effects[]#typeId:writeShort;effects[]:serialize;prices#len:writeShort;prices[]:writeVarLong	client-as3	273
ExchangeBidHouseInListRemovedMessage	4180	sources/client273-as3/network/scripts/com/ankamagames/dofus/network/messages/game/inventory/exchanges/ExchangeBidHouseInListRemovedMessage.as:11	3	itemUID:int;objectGID:uint;objectType:uint	NetworkMessage	itemUID:writeInt;objectGID:writeVarInt;objectType:writeInt	client-as3	273
ExchangeBidHouseInListUpdatedMessage	9240	sources/client273-as3/network/scripts/com/ankamagames/dofus/network/messages/game/inventory/exchanges/ExchangeBidHouseInListUpdatedMessage.as:11	0		ExchangeBidHouseInListAddedMessage	super:ExchangeBidHouseInListAddedMessage	client-as3	273
ExchangeBidHouseItemAddOkMessage	1557	sources/client273-as3/network/scripts/com/ankamagames/dofus/network/messages/game/inventory/exchanges/ExchangeBidHouseItemAddOkMessage.as:12	1	itemInfo:ObjectItemToSellInBid	NetworkMessage	itemInfo:asObjectItemToSellInBid	client-as3	273
ExchangeBidHouseItemRemoveOkMessage	8101	sources/client273-as3/network/scripts/com/ankamagames/dofus/network/messages/game/inventory/exchanges/ExchangeBidHouseItemRemoveOkMessage.as:11	1	sellerId:int	NetworkMessage	sellerId:writeInt	client-as3	273
ExchangeBidHouseListMessage	6171	sources/client273-as3/network/scripts/com/ankamagames/dofus/network/messages/game/inventory/exchanges/ExchangeBidHouseListMessage.as:11	2	objectGID:uint;follow:Boolean	NetworkMessage	objectGID:writeVarInt;follow:writeBoolean	client-as3	273
ExchangeBidHousePriceMessage	1454	sources/client273-as3/network/scripts/com/ankamagames/dofus/network/messages/game/inventory/exchanges/ExchangeBidHousePriceMessage.as:11	1	objectGID:uint	NetworkMessage	objectGID:writeVarInt	client-as3	273
ExchangeBidHouseSearchMessage	5862	sources/client273-as3/network/scripts/com/ankamagames/dofus/network/messages/game/inventory/exchanges/ExchangeBidHouseSearchMessage.as:11	2	objectGID:uint;follow:Boolean	NetworkMessage	objectGID:writeVarInt;follow:writeBoolean	client-as3	273
ExchangeBidHouseTypeMessage	8802	sources/client273-as3/network/scripts/com/ankamagames/dofus/network/messages/game/inventory/exchanges/ExchangeBidHouseTypeMessage.as:11	2	type:uint;follow:Boolean	NetworkMessage	type:writeVarInt;follow:writeBoolean	client-as3	273
ExchangeBidHouseUnsoldItemsMessage	9295	sources/client273-as3/network/scripts/com/ankamagames/dofus/network/messages/game/inventory/exchanges/ExchangeBidHouseUnsoldItemsMessage.as:12	1	items:Vector.<ObjectItemGenericQuantity>	NetworkMessage	items#len:writeShort;items[]:asObjectItemGenericQuantity	client-as3	273
ExchangeBidPriceForSellerMessage	7209	sources/client273-as3/network/scripts/com/ankamagames/dofus/network/messages/game/inventory/exchanges/ExchangeBidPriceForSellerMessage.as:10	2	allIdentical:Boolean;minimalPrices:Vector.<Number>	ExchangeBidPriceMessage	super:ExchangeBidPriceMessage;allIdentical:writeBoolean;minimalPrices#len:writeShort;minimalPrices[]:writeVarLong	client-as3	273
ExchangeBidPriceMessage	4274	sources/client273-as3/network/scripts/com/ankamagames/dofus/network/messages/game/inventory/exchanges/ExchangeBidPriceMessage.as:11	2	genericId:uint;averagePrice:Number	NetworkMessage	genericId:writeVarInt;averagePrice:writeVarLong	client-as3	273
ExchangeBidSearchOkMessage	8956	sources/client273-as3/network/scripts/com/ankamagames/dofus/network/messages/game/inventory/exchanges/ExchangeBidSearchOkMessage.as:11	0		NetworkMessage		client-as3	273
ExchangeBuyMessage	4582	sources/client273-as3/network/scripts/com/ankamagames/dofus/network/messages/game/inventory/exchanges/ExchangeBuyMessage.as:11	2	objectToBuyId:uint;quantity:uint	NetworkMessage	objectToBuyId:writeVarInt;quantity:writeVarInt	client-as3	273
ExchangeBuyOkMessage	9839	sources/client273-as3/network/scripts/com/ankamagames/dofus/network/messages/game/inventory/exchanges/ExchangeBuyOkMessage.as:11	0		NetworkMessage		client-as3	273
ExchangeCraftCountModifiedMessage	7440	sources/client273-as3/network/scripts/com/ankamagames/dofus/network/messages/game/inventory/exchanges/ExchangeCraftCountModifiedMessage.as:11	1	count:int	NetworkMessage	count:writeVarInt	client-as3	273
ExchangeCraftCountRequestMessage	7189	sources/client273-as3/network/scripts/com/ankamagames/dofus/network/messages/game/inventory/exchanges/ExchangeCraftCountRequestMessage.as:11	1	count:int	NetworkMessage	count:writeVarInt	client-as3	273
ExchangeCraftPaymentModificationRequestMessage	2392	sources/client273-as3/network/scripts/com/ankamagames/dofus/network/messages/game/inventory/exchanges/ExchangeCraftPaymentModificationRequestMessage.as:11	1	quantity:Number	NetworkMessage	quantity:writeVarLong	client-as3	273
ExchangeCraftPaymentModifiedMessage	2319	sources/client273-as3/network/scripts/com/ankamagames/dofus/network/messages/game/inventory/exchanges/ExchangeCraftPaymentModifiedMessage.as:11	1	goldSum:Number	NetworkMessage	goldSum:writeVarLong	client-as3	273
ExchangeCraftResultMagicWithObjectDescMessage	95	sources/client273-as3/network/scripts/com/ankamagames/dofus/network/messages/game/inventory/exchanges/ExchangeCraftResultMagicWithObjectDescMessage.as:11	1	magicPoolStatus:int	ExchangeCraftResultWithObjectDescMessage	super:ExchangeCraftResultWithObjectDescMessage;magicPoolStatus:writeByte	client-as3	273
ExchangeCraftResultMessage	7869	sources/client273-as3/network/scripts/com/ankamagames/dofus/network/messages/game/inventory/exchanges/ExchangeCraftResultMessage.as:11	1	craftResult:uint	NetworkMessage	craftResult:writeByte	client-as3	273
ExchangeCraftResultWithObjectDescMessage	4819	sources/client273-as3/network/scripts/com/ankamagames/dofus/network/messages/game/inventory/exchanges/ExchangeCraftResultWithObjectDescMessage.as:11	1	objectInfo:ObjectItemNotInContainer	ExchangeCraftResultMessage	super:ExchangeCraftResultMessage;objectInfo:asObjectItemNotInContainer	client-as3	273
ExchangeCraftResultWithObjectIdMessage	1423	sources/client273-as3/network/scripts/com/ankamagames/dofus/network/messages/game/inventory/exchanges/ExchangeCraftResultWithObjectIdMessage.as:10	1	objectGenericId:uint	ExchangeCraftResultMessage	super:ExchangeCraftResultMessage;objectGenericId:writeVarInt	client-as3	273
ExchangeCrafterJobLevelupMessage	2584	sources/client273-as3/network/scripts/com/ankamagames/dofus/network/messages/game/inventory/exchanges/ExchangeCrafterJobLevelupMessage.as:11	1	crafterJobLevel:uint	NetworkMessage	crafterJobLevel:writeByte	client-as3	273
ExchangeErrorMessage	9232	sources/client273-as3/network/scripts/com/ankamagames/dofus/network/messages/game/inventory/exchanges/ExchangeErrorMessage.as:11	1	errorType:int	NetworkMessage	errorType:writeByte	client-as3	273
ExchangeHandleMountsMessage	3319	sources/client273-as3/network/scripts/com/ankamagames/dofus/network/messages/game/inventory/exchanges/ExchangeHandleMountsMessage.as:11	2	actionType:int;ridesId:Vector.<uint>	NetworkMessage	actionType:writeByte;ridesId#len:writeShort;ridesId[]:writeVarInt	client-as3	273
ExchangeIsReadyMessage	4377	sources/client273-as3/network/scripts/com/ankamagames/dofus/network/messages/game/inventory/exchanges/ExchangeIsReadyMessage.as:11	2	id:Number;ready:Boolean	NetworkMessage	id:writeDouble;ready:writeBoolean	client-as3	273
ExchangeItemAutoCraftStopedMessage	5298	sources/client273-as3/network/scripts/com/ankamagames/dofus/network/messages/game/inventory/exchanges/ExchangeItemAutoCraftStopedMessage.as:11	1	reason:int	NetworkMessage	reason:writeByte	client-as3	273
ExchangeKamaModifiedMessage	4910	sources/client273-as3/network/scripts/com/ankamagames/dofus/network/messages/game/inventory/items/ExchangeKamaModifiedMessage.as:11	1	quantity:Number	ExchangeObjectMessage	super:ExchangeObjectMessage;quantity:writeVarLong	client-as3	273
ExchangeLeaveMessage	384	sources/client273-as3/network/scripts/com/ankamagames/dofus/network/messages/game/inventory/exchanges/ExchangeLeaveMessage.as:11	1	success:Boolean	LeaveDialogMessage	super:LeaveDialogMessage;success:writeBoolean	client-as3	273
ExchangeMoneyMovementInformationMessage	6145	sources/client273-as3/network/scripts/com/ankamagames/dofus/network/messages/game/inventory/exchanges/ExchangeMoneyMovementInformationMessage.as:11	1	limit:Number	NetworkMessage	limit:writeVarLong	client-as3	273
ExchangeMountFreeFromPaddockMessage	4615	sources/client273-as3/network/scripts/com/ankamagames/dofus/network/messages/game/inventory/exchanges/ExchangeMountFreeFromPaddockMessage.as:11	4	name:String;worldX:int;worldY:int;liberator:String	NetworkMessage	name:writeUTF;worldX:writeShort;worldY:writeShort;liberator:writeUTF	client-as3	273
ExchangeMountStableErrorMessage	5267	sources/client273-as3/network/scripts/com/ankamagames/dofus/network/messages/game/inventory/exchanges/ExchangeMountStableErrorMessage.as:11	0		NetworkMessage		client-as3	273
ExchangeMountSterilizeFromPaddockMessage	7996	sources/client273-as3/network/scripts/com/ankamagames/dofus/network/messages/game/inventory/exchanges/ExchangeMountSterilizeFromPaddockMessage.as:11	4	name:String;worldX:int;worldY:int;sterilizator:String	NetworkMessage	name:writeUTF;worldX:writeShort;worldY:writeShort;sterilizator:writeUTF	client-as3	273
ExchangeMountsPaddockAddMessage	8350	sources/client273-as3/network/scripts/com/ankamagames/dofus/network/messages/game/inventory/exchanges/ExchangeMountsPaddockAddMessage.as:12	1	mountDescription:Vector.<MountClientData>	NetworkMessage	mountDescription#len:writeShort;mountDescription[]:asMountClientData	client-as3	273
ExchangeMountsPaddockRemoveMessage	9608	sources/client273-as3/network/scripts/com/ankamagames/dofus/network/messages/game/inventory/exchanges/ExchangeMountsPaddockRemoveMessage.as:11	1	mountsId:Vector.<int>	NetworkMessage	mountsId#len:writeShort;mountsId[]:writeVarInt	client-as3	273
ExchangeMountsStableAddMessage	9743	sources/client273-as3/network/scripts/com/ankamagames/dofus/network/messages/game/inventory/exchanges/ExchangeMountsStableAddMessage.as:12	1	mountDescription:Vector.<MountClientData>	NetworkMessage	mountDescription#len:writeShort;mountDescription[]:asMountClientData	client-as3	273
ExchangeMountsStableBornAddMessage	2861	sources/client273-as3/network/scripts/com/ankamagames/dofus/network/messages/game/inventory/exchanges/ExchangeMountsStableBornAddMessage.as:11	0		ExchangeMountsStableAddMessage	super:ExchangeMountsStableAddMessage	client-as3	273
ExchangeMountsStableRemoveMessage	6129	sources/client273-as3/network/scripts/com/ankamagames/dofus/network/messages/game/inventory/exchanges/ExchangeMountsStableRemoveMessage.as:11	1	mountsId:Vector.<int>	NetworkMessage	mountsId#len:writeShort;mountsId[]:writeVarInt	client-as3	273
ExchangeMountsTakenFromPaddockMessage	3055	sources/client273-as3/network/scripts/com/ankamagames/dofus/network/messages/game/inventory/exchanges/ExchangeMountsTakenFromPaddockMessage.as:11	4	name:String;worldX:int;worldY:int;ownername:String	NetworkMessage	name:writeUTF;worldX:writeShort;worldY:writeShort;ownername:writeUTF	client-as3	273
ExchangeMultiCraftCrafterCanUseHisRessourcesMessage	4154	sources/client273-as3/network/scripts/com/ankamagames/dofus/network/messages/game/inventory/items/ExchangeMultiCraftCrafterCanUseHisRessourcesMessage.as:11	1	allowed:Boolean	NetworkMessage	allowed:writeBoolean	client-as3	273
ExchangeMultiCraftSetCrafterCanUseHisRessourcesMessage	7279	sources/client273-as3/network/scripts/com/ankamagames/dofus/network/messages/game/inventory/items/ExchangeMultiCraftSetCrafterCanUseHisRessourcesMessage.as:11	1	allow:Boolean	NetworkMessage	allow:writeBoolean	client-as3	273
ExchangeObjectAddedMessage	8426	sources/client273-as3/network/scripts/com/ankamagames/dofus/network/messages/game/inventory/exchanges/ExchangeObjectAddedMessage.as:11	1	object:ObjectItem	ExchangeObjectMessage	super:ExchangeObjectMessage;object:asObjectItem	client-as3	273
ExchangeObjectMessage	3411	sources/client273-as3/network/scripts/com/ankamagames/dofus/network/messages/game/inventory/exchanges/ExchangeObjectMessage.as:11	1	remote:Boolean	NetworkMessage	remote:writeBoolean	client-as3	273
ExchangeObjectModifiedInBagMessage	9367	sources/client273-as3/network/scripts/com/ankamagames/dofus/network/messages/game/inventory/items/ExchangeObjectModifiedInBagMessage.as:12	1	object:ObjectItem	ExchangeObjectMessage	super:ExchangeObjectMessage;object:asObjectItem	client-as3	273
ExchangeObjectModifiedMessage	7078	sources/client273-as3/network/scripts/com/ankamagames/dofus/network/messages/game/inventory/items/ExchangeObjectModifiedMessage.as:12	1	object:ObjectItem	ExchangeObjectMessage	super:ExchangeObjectMessage;object:asObjectItem	client-as3	273
ExchangeObjectModifyPricedMessage	1058	sources/client273-as3/network/scripts/com/ankamagames/dofus/network/messages/game/inventory/exchanges/ExchangeObjectModifyPricedMessage.as:10	0		ExchangeObjectMovePricedMessage	super:ExchangeObjectMovePricedMessage	client-as3	273
ExchangeObjectMoveKamaMessage	7773	sources/client273-as3/network/scripts/com/ankamagames/dofus/network/messages/game/inventory/exchanges/ExchangeObjectMoveKamaMessage.as:11	1	quantity:Number	NetworkMessage	quantity:writeVarLong	client-as3	273
ExchangeObjectMoveMessage	5939	sources/client273-as3/network/scripts/com/ankamagames/dofus/network/messages/game/inventory/exchanges/ExchangeObjectMoveMessage.as:11	2	objectUID:uint;quantity:int	NetworkMessage	objectUID:writeVarInt;quantity:writeVarInt	client-as3	273
ExchangeObjectMovePricedMessage	3566	sources/client273-as3/network/scripts/com/ankamagames/dofus/network/messages/game/inventory/exchanges/ExchangeObjectMovePricedMessage.as:10	1	price:Number	ExchangeObjectMoveMessage	super:ExchangeObjectMoveMessage;price:writeVarLong	client-as3	273
ExchangeObjectMoveToTabMessage	1002	sources/client273-as3/network/scripts/com/ankamagames/dofus/network/messages/game/inventory/exchanges/ExchangeObjectMoveToTabMessage.as:11	3	objectUID:uint;quantity:int;tabNumber:uint	NetworkMessage	objectUID:writeVarInt;quantity:writeVarInt;tabNumber:writeVarInt	client-as3	273
ExchangeObjectPutInBagMessage	5697	sources/client273-as3/network/scripts/com/ankamagames/dofus/network/messages/game/inventory/items/ExchangeObjectPutInBagMessage.as:12	1	object:ObjectItem	ExchangeObjectMessage	super:ExchangeObjectMessage;object:asObjectItem	client-as3	273
ExchangeObjectRemovedFromBagMessage	5602	sources/client273-as3/network/scripts/com/ankamagames/dofus/network/messages/game/inventory/items/ExchangeObjectRemovedFromBagMessage.as:11	1	objectUID:uint	ExchangeObjectMessage	super:ExchangeObjectMessage;objectUID:writeVarInt	client-as3	273
ExchangeObjectRemovedMessage	8090	sources/client273-as3/network/scripts/com/ankamagames/dofus/network/messages/game/inventory/items/ExchangeObjectRemovedMessage.as:11	1	objectUID:uint	ExchangeObjectMessage	super:ExchangeObjectMessage;objectUID:writeVarInt	client-as3	273
ExchangeObjectTransfertAllFromInvMessage	1681	sources/client273-as3/network/scripts/com/ankamagames/dofus/network/messages/game/inventory/exchanges/ExchangeObjectTransfertAllFromInvMessage.as:11	0		NetworkMessage		client-as3	273
ExchangeObjectTransfertAllToInvMessage	4357	sources/client273-as3/network/scripts/com/ankamagames/dofus/network/messages/game/inventory/exchanges/ExchangeObjectTransfertAllToInvMessage.as:11	0		NetworkMessage		client-as3	273
ExchangeObjectTransfertExistingFromInvMessage	9675	sources/client273-as3/network/scripts/com/ankamagames/dofus/network/messages/game/inventory/exchanges/ExchangeObjectTransfertExistingFromInvMessage.as:11	0		NetworkMessage		client-as3	273
ExchangeObjectTransfertExistingToInvMessage	3544	sources/client273-as3/network/scripts/com/ankamagames/dofus/network/messages/game/inventory/exchanges/ExchangeObjectTransfertExistingToInvMessage.as:11	0		NetworkMessage		client-as3	273
ExchangeObjectTransfertListFromInvMessage	7537	sources/client273-as3/network/scripts/com/ankamagames/dofus/network/messages/game/inventory/exchanges/ExchangeObjectTransfertListFromInvMessage.as:11	1	ids:Vector.<uint>	NetworkMessage	ids#len:writeShort;ids[]:writeVarInt	client-as3	273
ExchangeObjectTransfertListToInvMessage	8793	sources/client273-as3/network/scripts/com/ankamagames/dofus/network/messages/game/inventory/exchanges/ExchangeObjectTransfertListToInvMessage.as:11	1	ids:Vector.<uint>	NetworkMessage	ids#len:writeShort;ids[]:writeVarInt	client-as3	273
ExchangeObjectTransfertListWithQuantityToInvMessage	166	sources/client273-as3/network/scripts/com/ankamagames/dofus/network/messages/game/inventory/exchanges/ExchangeObjectTransfertListWithQuantityToInvMessage.as:11	2	ids:Vector.<uint>;qtys:Vector.<uint>	NetworkMessage	ids#len:writeShort;ids[]:writeVarInt;qtys#len:writeShort;qtys[]:writeVarInt	client-as3	273
ExchangeObjectUseInWorkshopMessage	8008	sources/client273-as3/network/scripts/com/ankamagames/dofus/network/messages/game/inventory/exchanges/ExchangeObjectUseInWorkshopMessage.as:11	2	objectUID:uint;quantity:int	NetworkMessage	objectUID:writeVarInt;quantity:writeVarInt	client-as3	273
ExchangeObjectsAddedMessage	9703	sources/client273-as3/network/scripts/com/ankamagames/dofus/network/messages/game/inventory/exchanges/ExchangeObjectsAddedMessage.as:11	1	object:Vector.<ObjectItem>	ExchangeObjectMessage	super:ExchangeObjectMessage;object#len:writeShort;object[]:asObjectItem	client-as3	273
ExchangeObjectsModifiedMessage	7326	sources/client273-as3/network/scripts/com/ankamagames/dofus/network/messages/game/inventory/items/ExchangeObjectsModifiedMessage.as:12	1	object:Vector.<ObjectItem>	ExchangeObjectMessage	super:ExchangeObjectMessage;object#len:writeShort;object[]:asObjectItem	client-as3	273
ExchangeObjectsRemovedMessage	8928	sources/client273-as3/network/scripts/com/ankamagames/dofus/network/messages/game/inventory/items/ExchangeObjectsRemovedMessage.as:11	1	objectUID:Vector.<uint>	ExchangeObjectMessage	super:ExchangeObjectMessage;objectUID#len:writeShort;objectUID[]:writeVarInt	client-as3	273
ExchangeOfflineSoldItemsMessage	2524	sources/client273-as3/network/scripts/com/ankamagames/dofus/network/messages/game/inventory/exchanges/ExchangeOfflineSoldItemsMessage.as:12	1	bidHouseItems:Vector.<ObjectItemQuantityPriceDateEffects>	NetworkMessage	bidHouseItems#len:writeShort;bidHouseItems[]:asObjectItemQuantityPriceDateEffects	client-as3	273
ExchangeOkMultiCraftMessage	4122	sources/client273-as3/network/scripts/com/ankamagames/dofus/network/messages/game/inventory/exchanges/ExchangeOkMultiCraftMessage.as:11	3	initiatorId:Number;otherId:Number;role:int	NetworkMessage	initiatorId:writeVarLong;otherId:writeVarLong;role:writeByte	client-as3	273
ExchangePlayerMultiCraftRequestMessage	2028	sources/client273-as3/network/scripts/com/ankamagames/dofus/network/messages/game/inventory/exchanges/ExchangePlayerMultiCraftRequestMessage.as:10	2	target:Number;skillId:uint	ExchangeRequestMessage	super:ExchangeRequestMessage;target:writeVarLong;skillId:writeVarInt	client-as3	273
ExchangePlayerRequestMessage	9371	sources/client273-as3/network/scripts/com/ankamagames/dofus/network/messages/game/inventory/exchanges/ExchangePlayerRequestMessage.as:10	1	target:Number	ExchangeRequestMessage	super:ExchangeRequestMessage;target:writeVarLong	client-as3	273
ExchangePodsModifiedMessage	7160	sources/client273-as3/network/scripts/com/ankamagames/dofus/network/messages/game/inventory/items/ExchangePodsModifiedMessage.as:11	2	currentWeight:uint;maxWeight:uint	ExchangeObjectMessage	super:ExchangeObjectMessage;currentWeight:writeVarInt;maxWeight:writeVarInt	client-as3	273
ExchangeReadyMessage	9547	sources/client273-as3/network/scripts/com/ankamagames/dofus/network/messages/game/inventory/exchanges/ExchangeReadyMessage.as:11	2	ready:Boolean;step:uint	NetworkMessage	ready:writeBoolean;step:writeVarShort	client-as3	273
ExchangeReplayStopMessage	2953	sources/client273-as3/network/scripts/com/ankamagames/dofus/network/messages/game/inventory/exchanges/ExchangeReplayStopMessage.as:11	0		NetworkMessage		client-as3	273
ExchangeRequestMessage	2919	sources/client273-as3/network/scripts/com/ankamagames/dofus/network/messages/game/inventory/exchanges/ExchangeRequestMessage.as:11	1	exchangeType:int	NetworkMessage	exchangeType:writeByte	client-as3	273
ExchangeRequestOnMountStockMessage	5627	sources/client273-as3/network/scripts/com/ankamagames/dofus/network/messages/game/inventory/exchanges/ExchangeRequestOnMountStockMessage.as:11	0		NetworkMessage		client-as3	273
ExchangeRequestOnTaxCollectorMessage	1216	sources/client273-as3/network/scripts/com/ankamagames/dofus/network/messages/game/inventory/exchanges/ExchangeRequestOnTaxCollectorMessage.as:11	0		NetworkMessage		client-as3	273
ExchangeRequestedMessage	1313	sources/client273-as3/network/scripts/com/ankamagames/dofus/network/messages/game/inventory/exchanges/ExchangeRequestedMessage.as:11	1	exchangeType:int	NetworkMessage	exchangeType:writeByte	client-as3	273
ExchangeRequestedTradeMessage	5103	sources/client273-as3/network/scripts/com/ankamagames/dofus/network/messages/game/inventory/exchanges/ExchangeRequestedTradeMessage.as:10	2	source:Number;target:Number	ExchangeRequestedMessage	super:ExchangeRequestedMessage;source:writeVarLong;target:writeVarLong	client-as3	273
ExchangeSellMessage	4616	sources/client273-as3/network/scripts/com/ankamagames/dofus/network/messages/game/inventory/exchanges/ExchangeSellMessage.as:11	2	objectToSellId:uint;quantity:uint	NetworkMessage	objectToSellId:writeVarInt;quantity:writeVarInt	client-as3	273
ExchangeSellOkMessage	49	sources/client273-as3/network/scripts/com/ankamagames/dofus/network/messages/game/inventory/exchanges/ExchangeSellOkMessage.as:11	0		NetworkMessage		client-as3	273
ExchangeSetCraftRecipeMessage	3981	sources/client273-as3/network/scripts/com/ankamagames/dofus/network/messages/game/inventory/exchanges/ExchangeSetCraftRecipeMessage.as:11	1	objectGID:uint	NetworkMessage	objectGID:writeVarInt	client-as3	273
ExchangeStartOkCraftMessage	6203	sources/client273-as3/network/scripts/com/ankamagames/dofus/network/messages/game/inventory/exchanges/ExchangeStartOkCraftMessage.as:11	0		NetworkMessage		client-as3	273
ExchangeStartOkCraftWithInformationMessage	4096	sources/client273-as3/network/scripts/com/ankamagames/dofus/network/messages/game/inventory/exchanges/ExchangeStartOkCraftWithInformationMessage.as:10	1	skillId:uint	ExchangeStartOkCraftMessage	super:ExchangeStartOkCraftMessage;skillId:writeVarInt	client-as3	273
ExchangeStartOkEvolutiveObjectRecycleTradeMessage	9395	sources/client273-as3/network/scripts/com/ankamagames/dofus/network/messages/game/inventory/exchanges/ExchangeStartOkEvolutiveObjectRecycleTradeMessage.as:11	0		NetworkMessage		client-as3	273
ExchangeStartOkJobIndexMessage	1248	sources/client273-as3/network/scripts/com/ankamagames/dofus/network/messages/game/inventory/exchanges/ExchangeStartOkJobIndexMessage.as:11	1	jobs:Vector.<uint>	NetworkMessage	jobs#len:writeShort;jobs[]:writeVarInt	client-as3	273
ExchangeStartOkMountMessage	2274	sources/client273-as3/network/scripts/com/ankamagames/dofus/network/messages/game/inventory/exchanges/ExchangeStartOkMountMessage.as:11	1	paddockedMountsDescription:Vector.<MountClientData>	ExchangeStartOkMountWithOutPaddockMessage	super:ExchangeStartOkMountWithOutPaddockMessage;paddockedMountsDescription#len:writeShort;paddockedMountsDescription[]:asMountClientData	client-as3	273
ExchangeStartOkMountWithOutPaddockMessage	1232	sources/client273-as3/network/scripts/com/ankamagames/dofus/network/messages/game/inventory/exchanges/ExchangeStartOkMountWithOutPaddockMessage.as:12	1	stabledMountsDescription:Vector.<MountClientData>	NetworkMessage	stabledMountsDescription#len:writeShort;stabledMountsDescription[]:asMountClientData	client-as3	273
ExchangeStartOkMulticraftCrafterMessage	7458	sources/client273-as3/network/scripts/com/ankamagames/dofus/network/messages/game/inventory/exchanges/ExchangeStartOkMulticraftCrafterMessage.as:11	1	skillId:uint	NetworkMessage	skillId:writeVarInt	client-as3	273
ExchangeStartOkMulticraftCustomerMessage	5378	sources/client273-as3/network/scripts/com/ankamagames/dofus/network/messages/game/inventory/exchanges/ExchangeStartOkMulticraftCustomerMessage.as:11	2	skillId:uint;crafterJobLevel:uint	NetworkMessage	skillId:writeVarInt;crafterJobLevel:writeByte	client-as3	273
ExchangeStartOkNpcShopMessage	6130	sources/client273-as3/network/scripts/com/ankamagames/dofus/network/messages/game/inventory/exchanges/ExchangeStartOkNpcShopMessage.as:12	3	npcSellerId:Number;tokenId:uint;objectsInfos:Vector.<ObjectItemToSellInNpcShop>	NetworkMessage	npcSellerId:writeDouble;tokenId:writeVarInt;objectsInfos#len:writeShort;objectsInfos[]:asObjectItemToSellInNpcShop	client-as3	273
ExchangeStartOkNpcTradeMessage	8322	sources/client273-as3/network/scripts/com/ankamagames/dofus/network/messages/game/inventory/exchanges/ExchangeStartOkNpcTradeMessage.as:11	1	npcId:Number	NetworkMessage	npcId:writeDouble	client-as3	273
ExchangeStartOkRecycleTradeMessage	1067	sources/client273-as3/network/scripts/com/ankamagames/dofus/network/messages/game/inventory/exchanges/ExchangeStartOkRecycleTradeMessage.as:11	4	percentToPrism:uint;percentToPlayer:uint;adjacentSubareaPossessed:Vector.<uint>;adjacentSubareaUnpossessed:Vector.<uint>	NetworkMessage	percentToPrism:writeShort;percentToPlayer:writeShort;adjacentSubareaPossessed#len:writeShort;adjacentSubareaPossessed[]:writeInt;adjacentSubareaUnpossessed#len:writeShort;adjacentSubareaUnpossessed[]:writeInt	client-as3	273
ExchangeStartOkRunesTradeMessage	1662	sources/client273-as3/network/scripts/com/ankamagames/dofus/network/messages/game/inventory/exchanges/ExchangeStartOkRunesTradeMessage.as:11	0		NetworkMessage		client-as3	273
ExchangeStartedBidBuyerMessage	4280	sources/client273-as3/network/scripts/com/ankamagames/dofus/network/messages/game/inventory/exchanges/ExchangeStartedBidBuyerMessage.as:12	1	buyerDescriptor:SellerBuyerDescriptor	NetworkMessage	buyerDescriptor:asSellerBuyerDescriptor	client-as3	273
ExchangeStartedBidSellerMessage	9278	sources/client273-as3/network/scripts/com/ankamagames/dofus/network/messages/game/inventory/exchanges/ExchangeStartedBidSellerMessage.as:13	2	sellerDescriptor:SellerBuyerDescriptor;objectsInfos:Vector.<ObjectItemToSellInBid>	NetworkMessage	sellerDescriptor:asSellerBuyerDescriptor;objectsInfos#len:writeShort;objectsInfos[]:asObjectItemToSellInBid	client-as3	273
ExchangeStartedMessage	3043	sources/client273-as3/network/scripts/com/ankamagames/dofus/network/messages/game/inventory/exchanges/ExchangeStartedMessage.as:11	1	exchangeType:int	NetworkMessage	exchangeType:writeByte	client-as3	273
ExchangeStartedMountStockMessage	6115	sources/client273-as3/network/scripts/com/ankamagames/dofus/network/messages/game/inventory/exchanges/ExchangeStartedMountStockMessage.as:12	1	objectsInfos:Vector.<ObjectItem>	NetworkMessage	objectsInfos#len:writeShort;objectsInfos[]:asObjectItem	client-as3	273
ExchangeStartedTaxCollectorEquipmentMessage	9293	sources/client273-as3/network/scripts/com/ankamagames/dofus/network/messages/game/inventory/exchanges/ExchangeStartedTaxCollectorEquipmentMessage.as:12	1	information:TaxCollectorInformations	NetworkMessage	information:asTaxCollectorInformations	client-as3	273
ExchangeStartedTaxCollectorShopMessage	9791	sources/client273-as3/network/scripts/com/ankamagames/dofus/network/messages/game/inventory/exchanges/ExchangeStartedTaxCollectorShopMessage.as:12	2	objects:Vector.<ObjectItem>;kamas:Number	NetworkMessage	objects#len:writeShort;objects[]:asObjectItem;kamas:writeVarLong	client-as3	273
ExchangeStartedWithMultiTabStorageMessage	4135	sources/client273-as3/network/scripts/com/ankamagames/dofus/network/messages/game/inventory/exchanges/ExchangeStartedWithMultiTabStorageMessage.as:10	2	storageMaxSlot:uint;tabNumber:uint	ExchangeStartedMessage	super:ExchangeStartedMessage;storageMaxSlot:writeVarInt;tabNumber:writeVarInt	client-as3	273
ExchangeStartedWithPodsMessage	5028	sources/client273-as3/network/scripts/com/ankamagames/dofus/network/messages/game/inventory/exchanges/ExchangeStartedWithPodsMessage.as:10	6	firstCharacterId:Number;firstCharacterCurrentWeight:uint;firstCharacterMaxWeight:uint;secondCharacterId:Number;secondCharacterCurrentWeight:uint;secondCharacterMaxWeight:uint	ExchangeStartedMessage	super:ExchangeStartedMessage;firstCharacterId:writeDouble;firstCharacterCurrentWeight:writeVarInt;firstCharacterMaxWeight:writeVarInt;secondCharacterId:writeDouble;secondCharacterCurrentWeight:writeVarInt;secondCharacterMaxWeight:writeVarInt	client-as3	273
ExchangeStartedWithStorageMessage	2977	sources/client273-as3/network/scripts/com/ankamagames/dofus/network/messages/game/inventory/exchanges/ExchangeStartedWithStorageMessage.as:10	1	storageMaxSlot:uint	ExchangeStartedMessage	super:ExchangeStartedMessage;storageMaxSlot:writeVarInt	client-as3	273
ExchangeStoppedMessage	3673	sources/client273-as3/network/scripts/com/ankamagames/dofus/network/messages/game/inventory/exchanges/ExchangeStoppedMessage.as:11	1	id:Number	NetworkMessage	id:writeVarLong	client-as3	273
ExchangeTaxCollectorGetMessage	3970	sources/client273-as3/network/scripts/com/ankamagames/dofus/network/messages/game/inventory/exchanges/ExchangeTaxCollectorGetMessage.as:13	11	collectorName:String;worldX:int;worldY:int;mapId:Number;subAreaId:uint;userName:String;callerId:Number;callerName:String;pods:uint;objectsInfos:Vector.<ObjectItemGenericQuantity>;look:EntityLook	NetworkMessage	collectorName:writeUTF;worldX:writeShort;worldY:writeShort;mapId:writeDouble;subAreaId:writeVarShort;userName:writeUTF;callerId:writeVarLong;callerName:writeUTF;pods:writeVarShort;objectsInfos#len:writeShort;objectsInfos[]:asObjectItemGenericQuantity;look:asEntityLook	client-as3	273
ExchangeTypesExchangerDescriptionForUserMessage	6572	sources/client273-as3/network/scripts/com/ankamagames/dofus/network/messages/game/inventory/exchanges/ExchangeTypesExchangerDescriptionForUserMessage.as:11	2	objectType:uint;typeDescription:Vector.<uint>	NetworkMessage	objectType:writeInt;typeDescription#len:writeShort;typeDescription[]:writeVarInt	client-as3	273
ExchangeTypesItemsExchangerDescriptionForUserMessage	2738	sources/client273-as3/network/scripts/com/ankamagames/dofus/network/messages/game/inventory/exchanges/ExchangeTypesItemsExchangerDescriptionForUserMessage.as:12	3	objectGID:uint;objectType:uint;itemTypeDescriptions:Vector.<BidExchangerObjectInfo>	NetworkMessage	objectGID:writeVarInt;objectType:writeInt;itemTypeDescriptions#len:writeShort;itemTypeDescriptions[]:asBidExchangerObjectInfo	client-as3	273
ExchangeWaitingResultMessage	4276	sources/client273-as3/network/scripts/com/ankamagames/dofus/network/messages/game/inventory/exchanges/ExchangeWaitingResultMessage.as:11	1	bwait:Boolean	NetworkMessage	bwait:writeBoolean	client-as3	273
ExchangeWeightMessage	1630	sources/client273-as3/network/scripts/com/ankamagames/dofus/network/messages/game/inventory/exchanges/ExchangeWeightMessage.as:11	2	currentWeight:uint;maxWeight:uint	NetworkMessage	currentWeight:writeVarInt;maxWeight:writeVarInt	client-as3	273
ExitHavenBagRequestMessage	1472	sources/client273-as3/network/scripts/com/ankamagames/dofus/network/messages/game/context/roleplay/havenbag/ExitHavenBagRequestMessage.as:11	0		NetworkMessage		client-as3	273
FighterStatsListMessage	4354	sources/client273-as3/network/scripts/com/ankamagames/dofus/network/messages/game/character/stats/FighterStatsListMessage.as:12	1	stats:CharacterCharacteristicsInformations	NetworkMessage	stats:asCharacterCharacteristicsInformations	client-as3	273
FinishMoveListMessage	4769	sources/client273-as3/network/scripts/com/ankamagames/dofus/network/messages/game/finishmoves/FinishMoveListMessage.as:12	1	finishMoves:Vector.<FinishMoveInformations>	NetworkMessage	finishMoves#len:writeShort;finishMoves[]:asFinishMoveInformations	client-as3	273
FinishMoveListRequestMessage	2859	sources/client273-as3/network/scripts/com/ankamagames/dofus/network/messages/game/finishmoves/FinishMoveListRequestMessage.as:11	0		NetworkMessage		client-as3	273
FinishMoveSetRequestMessage	6930	sources/client273-as3/network/scripts/com/ankamagames/dofus/network/messages/game/finishmoves/FinishMoveSetRequestMessage.as:11	2	finishMoveId:uint;finishMoveState:Boolean	NetworkMessage	finishMoveId:writeInt;finishMoveState:writeBoolean	client-as3	273
FocusedExchangeReadyMessage	885	sources/client273-as3/network/scripts/com/ankamagames/dofus/network/messages/game/inventory/exchanges/FocusedExchangeReadyMessage.as:10	1	focusActionId:uint	ExchangeReadyMessage	super:ExchangeReadyMessage;focusActionId:writeVarInt	client-as3	273
FollowQuestObjectiveRequestMessage	2913	sources/client273-as3/network/scripts/com/ankamagames/dofus/network/messages/game/context/roleplay/quest/FollowQuestObjectiveRequestMessage.as:11	2	questId:uint;objectiveId:int	NetworkMessage	questId:writeVarShort;objectiveId:writeShort	client-as3	273
FollowedQuestsMessage	6589	sources/client273-as3/network/scripts/com/ankamagames/dofus/network/messages/game/context/roleplay/quest/FollowedQuestsMessage.as:12	1	quests:Vector.<QuestActiveDetailedInformations>	NetworkMessage	quests#len:writeShort;quests[]:asQuestActiveDetailedInformations	client-as3	273
ForceAccountErrorMessage	5352	sources/client273-as3/network/scripts/com/ankamagames/dofus/network/messages/connection/ForceAccountErrorMessage.as:11	0		NetworkMessage		client-as3	273
ForceAccountMessage	5654	sources/client273-as3/network/scripts/com/ankamagames/dofus/network/messages/connection/ForceAccountMessage.as:11	1	accountId:uint	NetworkMessage	accountId:writeInt	client-as3	273
ForceAccountStatusMessage	25	sources/client273-as3/network/scripts/com/ankamagames/dofus/network/messages/connection/ForceAccountStatusMessage.as:11	4	force:Boolean;forcedAccountId:uint;forcedNickname:String;forcedTag:String	NetworkMessage	force:writeBoolean;forcedAccountId:writeInt;forcedNickname:writeUTF;forcedTag:writeUTF	client-as3	273
ForgettableSpellClientActionMessage	5459	sources/client273-as3/network/scripts/com/ankamagames/dofus/network/messages/game/character/spell/forgettable/ForgettableSpellClientActionMessage.as:11	2	spellId:uint;action:uint	NetworkMessage	spellId:writeInt;action:writeByte	client-as3	273
ForgettableSpellDeleteMessage	4353	sources/client273-as3/network/scripts/com/ankamagames/dofus/network/messages/game/character/spell/forgettable/ForgettableSpellDeleteMessage.as:11	2	reason:uint;spells:Vector.<uint>	NetworkMessage	reason:writeByte;spells#len:writeShort;spells[]:writeInt	client-as3	273
ForgettableSpellEquipmentSlotsMessage	41	sources/client273-as3/network/scripts/com/ankamagames/dofus/network/messages/game/character/spell/forgettable/ForgettableSpellEquipmentSlotsMessage.as:11	1	quantity:int	NetworkMessage	quantity:writeVarShort	client-as3	273
ForgettableSpellListUpdateMessage	6155	sources/client273-as3/network/scripts/com/ankamagames/dofus/network/messages/game/character/spell/forgettable/ForgettableSpellListUpdateMessage.as:12	2	action:uint;spells:Vector.<ForgettableSpellItem>	NetworkMessage	action:writeByte;spells#len:writeShort;spells[]:asForgettableSpellItem	client-as3	273
FriendAddFailureMessage	6674	sources/client273-as3/network/scripts/com/ankamagames/dofus/network/messages/game/friend/FriendAddFailureMessage.as:11	1	reason:uint	NetworkMessage	reason:writeByte	client-as3	273
FriendAddRequestMessage	5713	sources/client273-as3/network/scripts/com/ankamagames/dofus/network/messages/game/friend/FriendAddRequestMessage.as:13	1	target:AbstractPlayerSearchInformation	NetworkMessage	#typeId:writeShort;target:serialize	client-as3	273
FriendAddedMessage	3185	sources/client273-as3/network/scripts/com/ankamagames/dofus/network/messages/game/friend/FriendAddedMessage.as:13	1	friendAdded:FriendInformations	NetworkMessage	#typeId:writeShort;friendAdded:serialize	client-as3	273
FriendDeleteRequestMessage	9081	sources/client273-as3/network/scripts/com/ankamagames/dofus/network/messages/game/friend/FriendDeleteRequestMessage.as:11	1	accountId:uint	NetworkMessage	accountId:writeInt	client-as3	273
FriendDeleteResultMessage	4930	sources/client273-as3/network/scripts/com/ankamagames/dofus/network/messages/game/friend/FriendDeleteResultMessage.as:12	2	success:Boolean;tag:AccountTagInformation	NetworkMessage	success:writeBoolean;tag:asAccountTagInformation	client-as3	273
FriendGuildSetWarnOnAchievementCompleteMessage	2747	sources/client273-as3/network/scripts/com/ankamagames/dofus/network/messages/game/achievement/FriendGuildSetWarnOnAchievementCompleteMessage.as:11	1	enable:Boolean	NetworkMessage	enable:writeBoolean	client-as3	273
FriendGuildWarnOnAchievementCompleteStateMessage	1328	sources/client273-as3/network/scripts/com/ankamagames/dofus/network/messages/game/achievement/FriendGuildWarnOnAchievementCompleteStateMessage.as:11	1	enable:Boolean	NetworkMessage	enable:writeBoolean	client-as3	273
FriendJoinRequestMessage	5530	sources/client273-as3/network/scripts/com/ankamagames/dofus/network/messages/game/friend/FriendJoinRequestMessage.as:13	1	target:AbstractPlayerSearchInformation	NetworkMessage	#typeId:writeShort;target:serialize	client-as3	273
FriendSetStatusShareMessage	5816	sources/client273-as3/network/scripts/com/ankamagames/dofus/network/messages/game/friend/FriendSetStatusShareMessage.as:11	1	share:Boolean	NetworkMessage	share:writeBoolean	client-as3	273
FriendSetWarnOnConnectionMessage	7385	sources/client273-as3/network/scripts/com/ankamagames/dofus/network/messages/game/friend/FriendSetWarnOnConnectionMessage.as:11	1	enable:Boolean	NetworkMessage	enable:writeBoolean	client-as3	273
FriendSetWarnOnLevelGainMessage	5437	sources/client273-as3/network/scripts/com/ankamagames/dofus/network/messages/game/friend/FriendSetWarnOnLevelGainMessage.as:11	1	enable:Boolean	NetworkMessage	enable:writeBoolean	client-as3	273
FriendSpouseFollowWithCompassRequestMessage	3784	sources/client273-as3/network/scripts/com/ankamagames/dofus/network/messages/game/friend/FriendSpouseFollowWithCompassRequestMessage.as:11	1	enable:Boolean	NetworkMessage	enable:writeBoolean	client-as3	273
FriendSpouseJoinRequestMessage	2260	sources/client273-as3/network/scripts/com/ankamagames/dofus/network/messages/game/friend/FriendSpouseJoinRequestMessage.as:11	0		NetworkMessage		client-as3	273
FriendStatusShareStateMessage	8565	sources/client273-as3/network/scripts/com/ankamagames/dofus/network/messages/game/friend/FriendStatusShareStateMessage.as:11	1	share:Boolean	NetworkMessage	share:writeBoolean	client-as3	273
FriendUpdateMessage	7293	sources/client273-as3/network/scripts/com/ankamagames/dofus/network/messages/game/friend/FriendUpdateMessage.as:13	1	friendUpdated:FriendInformations	NetworkMessage	#typeId:writeShort;friendUpdated:serialize	client-as3	273
FriendWarnOnConnectionStateMessage	584	sources/client273-as3/network/scripts/com/ankamagames/dofus/network/messages/game/friend/FriendWarnOnConnectionStateMessage.as:11	1	enable:Boolean	NetworkMessage	enable:writeBoolean	client-as3	273
FriendWarnOnLevelGainStateMessage	2158	sources/client273-as3/network/scripts/com/ankamagames/dofus/network/messages/game/friend/FriendWarnOnLevelGainStateMessage.as:11	1	enable:Boolean	NetworkMessage	enable:writeBoolean	client-as3	273
FriendsGetListMessage	14	sources/client273-as3/network/scripts/com/ankamagames/dofus/network/messages/game/friend/FriendsGetListMessage.as:11	0		NetworkMessage		client-as3	273
FriendsListMessage	4172	sources/client273-as3/network/scripts/com/ankamagames/dofus/network/messages/game/friend/FriendsListMessage.as:13	1	friendsList:Vector.<FriendInformations>	NetworkMessage	friendsList#len:writeShort;friendsList[]#typeId:writeShort;friendsList[]:serialize	client-as3	273
GameActionAcknowledgementMessage	5751	sources/client273-as3/network/scripts/com/ankamagames/dofus/network/messages/game/actions/GameActionAcknowledgementMessage.as:11	2	valid:Boolean;actionId:int	NetworkMessage	valid:writeBoolean;actionId:writeByte	client-as3	273
GameActionFightActivateGlyphTrapMessage	5706	sources/client273-as3/network/scripts/com/ankamagames/dofus/network/messages/game/actions/fight/GameActionFightActivateGlyphTrapMessage.as:11	2	markId:int;active:Boolean	AbstractGameActionMessage	super:AbstractGameActionMessage;markId:writeShort;active:writeBoolean	client-as3	273
GameActionFightCarryCharacterMessage	5771	sources/client273-as3/network/scripts/com/ankamagames/dofus/network/messages/game/actions/fight/GameActionFightCarryCharacterMessage.as:11	2	targetId:Number;cellId:int	AbstractGameActionMessage	super:AbstractGameActionMessage;targetId:writeDouble;cellId:writeShort	client-as3	273
GameActionFightCastOnTargetRequestMessage	6910	sources/client273-as3/network/scripts/com/ankamagames/dofus/network/messages/game/actions/fight/GameActionFightCastOnTargetRequestMessage.as:11	2	spellId:uint;targetId:Number	NetworkMessage	spellId:writeVarShort;targetId:writeDouble	client-as3	273
GameActionFightCastRequestMessage	6438	sources/client273-as3/network/scripts/com/ankamagames/dofus/network/messages/game/actions/fight/GameActionFightCastRequestMessage.as:11	2	spellId:uint;cellId:int	NetworkMessage	spellId:writeVarShort;cellId:writeShort	client-as3	273
GameActionFightChangeLookMessage	1629	sources/client273-as3/network/scripts/com/ankamagames/dofus/network/messages/game/actions/fight/GameActionFightChangeLookMessage.as:12	2	targetId:Number;entityLook:EntityLook	AbstractGameActionMessage	super:AbstractGameActionMessage;targetId:writeDouble;entityLook:asEntityLook	client-as3	273
GameActionFightCloseCombatMessage	2405	sources/client273-as3/network/scripts/com/ankamagames/dofus/network/messages/game/actions/fight/GameActionFightCloseCombatMessage.as:10	1	weaponGenericId:uint	AbstractGameActionFightTargetedAbilityMessage	super:AbstractGameActionFightTargetedAbilityMessage;weaponGenericId:writeVarInt	client-as3	273
GameActionFightDeathMessage	9724	sources/client273-as3/network/scripts/com/ankamagames/dofus/network/messages/game/actions/fight/GameActionFightDeathMessage.as:11	1	targetId:Number	AbstractGameActionMessage	super:AbstractGameActionMessage;targetId:writeDouble	client-as3	273
GameActionFightDispellEffectMessage	8550	sources/client273-as3/network/scripts/com/ankamagames/dofus/network/messages/game/actions/fight/GameActionFightDispellEffectMessage.as:10	1	boostUID:uint	GameActionFightDispellMessage	super:GameActionFightDispellMessage;boostUID:writeInt	client-as3	273
GameActionFightDispellMessage	9152	sources/client273-as3/network/scripts/com/ankamagames/dofus/network/messages/game/actions/fight/GameActionFightDispellMessage.as:11	2	targetId:Number;verboseCast:Boolean	AbstractGameActionMessage	super:AbstractGameActionMessage;targetId:writeDouble;verboseCast:writeBoolean	client-as3	273
GameActionFightDispellSpellMessage	4714	sources/client273-as3/network/scripts/com/ankamagames/dofus/network/messages/game/actions/fight/GameActionFightDispellSpellMessage.as:10	1	spellId:uint	GameActionFightDispellMessage	super:GameActionFightDispellMessage;spellId:writeVarShort	client-as3	273
GameActionFightDispellableEffectMessage	3071	sources/client273-as3/network/scripts/com/ankamagames/dofus/network/messages/game/actions/fight/GameActionFightDispellableEffectMessage.as:13	1	effect:AbstractFightDispellableEffect	AbstractGameActionMessage	super:AbstractGameActionMessage;#typeId:writeShort;effect:serialize	client-as3	273
GameActionFightDodgePointLossMessage	7515	sources/client273-as3/network/scripts/com/ankamagames/dofus/network/messages/game/actions/fight/GameActionFightDodgePointLossMessage.as:11	2	targetId:Number;amount:uint	AbstractGameActionMessage	super:AbstractGameActionMessage;targetId:writeDouble;amount:writeVarShort	client-as3	273
GameActionFightDropCharacterMessage	8009	sources/client273-as3/network/scripts/com/ankamagames/dofus/network/messages/game/actions/fight/GameActionFightDropCharacterMessage.as:11	2	targetId:Number;cellId:int	AbstractGameActionMessage	super:AbstractGameActionMessage;targetId:writeDouble;cellId:writeShort	client-as3	273
GameActionFightExchangePositionsMessage	8976	sources/client273-as3/network/scripts/com/ankamagames/dofus/network/messages/game/actions/fight/GameActionFightExchangePositionsMessage.as:11	3	targetId:Number;casterCellId:int;targetCellId:int	AbstractGameActionMessage	super:AbstractGameActionMessage;targetId:writeDouble;casterCellId:writeShort;targetCellId:writeShort	client-as3	273
GameActionFightInvisibilityMessage	2495	sources/client273-as3/network/scripts/com/ankamagames/dofus/network/messages/game/actions/fight/GameActionFightInvisibilityMessage.as:11	2	targetId:Number;state:uint	AbstractGameActionMessage	super:AbstractGameActionMessage;targetId:writeDouble;state:writeByte	client-as3	273
GameActionFightInvisibleDetectedMessage	7285	sources/client273-as3/network/scripts/com/ankamagames/dofus/network/messages/game/actions/fight/GameActionFightInvisibleDetectedMessage.as:11	2	targetId:Number;cellId:int	AbstractGameActionMessage	super:AbstractGameActionMessage;targetId:writeDouble;cellId:writeShort	client-as3	273
GameActionFightKillMessage	6293	sources/client273-as3/network/scripts/com/ankamagames/dofus/network/messages/game/actions/fight/GameActionFightKillMessage.as:11	1	targetId:Number	AbstractGameActionMessage	super:AbstractGameActionMessage;targetId:writeDouble	client-as3	273
GameActionFightLifeAndShieldPointsLostMessage	5703	sources/client273-as3/network/scripts/com/ankamagames/dofus/network/messages/game/actions/fight/GameActionFightLifeAndShieldPointsLostMessage.as:10	1	shieldLoss:uint	GameActionFightLifePointsLostMessage	super:GameActionFightLifePointsLostMessage;shieldLoss:writeVarShort	client-as3	273
GameActionFightLifePointsGainMessage	6590	sources/client273-as3/network/scripts/com/ankamagames/dofus/network/messages/game/actions/fight/GameActionFightLifePointsGainMessage.as:11	2	targetId:Number;delta:uint	AbstractGameActionMessage	super:AbstractGameActionMessage;targetId:writeDouble;delta:writeVarInt	client-as3	273
GameActionFightLifePointsLostMessage	6444	sources/client273-as3/network/scripts/com/ankamagames/dofus/network/messages/game/actions/fight/GameActionFightLifePointsLostMessage.as:11	4	targetId:Number;loss:uint;permanentDamages:uint;elementId:int	AbstractGameActionMessage	super:AbstractGameActionMessage;targetId:writeDouble;loss:writeVarInt;permanentDamages:writeVarInt;elementId:writeVarInt	client-as3	273
GameActionFightMarkCellsMessage	432	sources/client273-as3/network/scripts/com/ankamagames/dofus/network/messages/game/actions/fight/GameActionFightMarkCellsMessage.as:12	1	mark:GameActionMark	AbstractGameActionMessage	super:AbstractGameActionMessage;mark:asGameActionMark	client-as3	273
GameActionFightModifyEffectsDurationMessage	9731	sources/client273-as3/network/scripts/com/ankamagames/dofus/network/messages/game/actions/fight/GameActionFightModifyEffectsDurationMessage.as:11	2	targetId:Number;delta:int	AbstractGameActionMessage	super:AbstractGameActionMessage;targetId:writeDouble;delta:writeShort	client-as3	273
GameActionFightMultipleSummonMessage	8549	sources/client273-as3/network/scripts/com/ankamagames/dofus/network/messages/game/actions/fight/GameActionFightMultipleSummonMessage.as:13	1	summons:Vector.<GameContextSummonsInformation>	AbstractGameActionMessage	super:AbstractGameActionMessage;summons#len:writeShort;summons[]#typeId:writeShort;summons[]:serialize	client-as3	273
GameActionFightNoSpellCastMessage	393	sources/client273-as3/network/scripts/com/ankamagames/dofus/network/messages/game/actions/fight/GameActionFightNoSpellCastMessage.as:11	1	spellLevelId:uint	NetworkMessage	spellLevelId:writeVarInt	client-as3	273
GameActionFightPointsVariationMessage	8927	sources/client273-as3/network/scripts/com/ankamagames/dofus/network/messages/game/actions/fight/GameActionFightPointsVariationMessage.as:11	2	targetId:Number;delta:int	AbstractGameActionMessage	super:AbstractGameActionMessage;targetId:writeDouble;delta:writeShort	client-as3	273
GameActionFightReduceDamagesMessage	1547	sources/client273-as3/network/scripts/com/ankamagames/dofus/network/messages/game/actions/fight/GameActionFightReduceDamagesMessage.as:11	2	targetId:Number;amount:uint	AbstractGameActionMessage	super:AbstractGameActionMessage;targetId:writeDouble;amount:writeVarInt	client-as3	273
GameActionFightReflectDamagesMessage	7259	sources/client273-as3/network/scripts/com/ankamagames/dofus/network/messages/game/actions/fight/GameActionFightReflectDamagesMessage.as:11	1	targetId:Number	AbstractGameActionMessage	super:AbstractGameActionMessage;targetId:writeDouble	client-as3	273
GameActionFightReflectSpellMessage	2356	sources/client273-as3/network/scripts/com/ankamagames/dofus/network/messages/game/actions/fight/GameActionFightReflectSpellMessage.as:11	1	targetId:Number	AbstractGameActionMessage	super:AbstractGameActionMessage;targetId:writeDouble	client-as3	273
GameActionFightSlideMessage	7006	sources/client273-as3/network/scripts/com/ankamagames/dofus/network/messages/game/actions/fight/GameActionFightSlideMessage.as:11	3	targetId:Number;startCellId:int;endCellId:int	AbstractGameActionMessage	super:AbstractGameActionMessage;targetId:writeDouble;startCellId:writeShort;endCellId:writeShort	client-as3	273
GameActionFightSpellCastMessage	2679	sources/client273-as3/network/scripts/com/ankamagames/dofus/network/messages/game/actions/fight/GameActionFightSpellCastMessage.as:10	3	spellId:uint;spellLevel:int;portalsIds:Vector.<int>	AbstractGameActionFightTargetedAbilityMessage	super:AbstractGameActionFightTargetedAbilityMessage;spellId:writeVarShort;spellLevel:writeShort;portalsIds#len:writeShort;portalsIds[]:writeShort	client-as3	273
GameActionFightSpellCooldownVariationMessage	766	sources/client273-as3/network/scripts/com/ankamagames/dofus/network/messages/game/actions/fight/GameActionFightSpellCooldownVariationMessage.as:11	3	targetId:Number;spellId:uint;value:int	AbstractGameActionMessage	super:AbstractGameActionMessage;targetId:writeDouble;spellId:writeVarShort;value:writeVarShort	client-as3	273
GameActionFightSpellImmunityMessage	276	sources/client273-as3/network/scripts/com/ankamagames/dofus/network/messages/game/actions/fight/GameActionFightSpellImmunityMessage.as:11	2	targetId:Number;spellId:uint	AbstractGameActionMessage	super:AbstractGameActionMessage;targetId:writeDouble;spellId:writeVarShort	client-as3	273
GameActionFightStealKamaMessage	6352	sources/client273-as3/network/scripts/com/ankamagames/dofus/network/messages/game/actions/fight/GameActionFightStealKamaMessage.as:11	2	targetId:Number;amount:Number	AbstractGameActionMessage	super:AbstractGameActionMessage;targetId:writeDouble;amount:writeVarLong	client-as3	273
GameActionFightSummonMessage	7363	sources/client273-as3/network/scripts/com/ankamagames/dofus/network/messages/game/actions/fight/GameActionFightSummonMessage.as:13	1	summons:Vector.<GameFightFighterInformations>	AbstractGameActionMessage	super:AbstractGameActionMessage;summons#len:writeShort;summons[]#typeId:writeShort;summons[]:serialize	client-as3	273
GameActionFightTackledMessage	3805	sources/client273-as3/network/scripts/com/ankamagames/dofus/network/messages/game/actions/fight/GameActionFightTackledMessage.as:11	1	tacklersIds:Vector.<Number>	AbstractGameActionMessage	super:AbstractGameActionMessage;tacklersIds#len:writeShort;tacklersIds[]:writeDouble	client-as3	273
GameActionFightTeleportOnSameMapMessage	9922	sources/client273-as3/network/scripts/com/ankamagames/dofus/network/messages/game/actions/fight/GameActionFightTeleportOnSameMapMessage.as:11	2	targetId:Number;cellId:int	AbstractGameActionMessage	super:AbstractGameActionMessage;targetId:writeDouble;cellId:writeShort	client-as3	273
GameActionFightThrowCharacterMessage	8659	sources/client273-as3/network/scripts/com/ankamagames/dofus/network/messages/game/actions/fight/GameActionFightThrowCharacterMessage.as:11	2	targetId:Number;cellId:int	AbstractGameActionMessage	super:AbstractGameActionMessage;targetId:writeDouble;cellId:writeShort	client-as3	273
GameActionFightTriggerEffectMessage	8838	sources/client273-as3/network/scripts/com/ankamagames/dofus/network/messages/game/actions/fight/GameActionFightTriggerEffectMessage.as:10	0		GameActionFightDispellEffectMessage	super:GameActionFightDispellEffectMessage	client-as3	273
GameActionFightTriggerGlyphTrapMessage	6199	sources/client273-as3/network/scripts/com/ankamagames/dofus/network/messages/game/actions/fight/GameActionFightTriggerGlyphTrapMessage.as:11	4	markId:int;markImpactCell:uint;triggeringCharacterId:Number;triggeredSpellId:uint	AbstractGameActionMessage	super:AbstractGameActionMessage;markId:writeShort;markImpactCell:writeVarShort;triggeringCharacterId:writeDouble;triggeredSpellId:writeVarShort	client-as3	273
GameActionFightUnmarkCellsMessage	9827	sources/client273-as3/network/scripts/com/ankamagames/dofus/network/messages/game/actions/fight/GameActionFightUnmarkCellsMessage.as:11	1	markId:int	AbstractGameActionMessage	super:AbstractGameActionMessage;markId:writeShort	client-as3	273
GameActionFightVanishMessage	5071	sources/client273-as3/network/scripts/com/ankamagames/dofus/network/messages/game/actions/fight/GameActionFightVanishMessage.as:11	1	targetId:Number	AbstractGameActionMessage	super:AbstractGameActionMessage;targetId:writeDouble	client-as3	273
GameActionItemAddMessage	8509	sources/client273-as3/network/scripts/com/ankamagames/dofus/network/messages/game/startup/GameActionItemAddMessage.as:12	1	newAction:GameActionItem	NetworkMessage	newAction:asGameActionItem	client-as3	273
GameActionItemConsumedMessage	5525	sources/client273-as3/network/scripts/com/ankamagames/dofus/network/messages/game/startup/GameActionItemConsumedMessage.as:12	3	success:Boolean;actionId:uint;automaticAction:Boolean	NetworkMessage	success:bit0;automaticAction:bit1;#local:writeByte;actionId:writeInt	client-as3	273
GameActionItemListMessage	6041	sources/client273-as3/network/scripts/com/ankamagames/dofus/network/messages/game/startup/GameActionItemListMessage.as:12	1	actions:Vector.<GameActionItem>	NetworkMessage	actions#len:writeShort;actions[]:asGameActionItem	client-as3	273
GameActionNoopMessage	116	sources/client273-as3/network/scripts/com/ankamagames/dofus/network/messages/game/actions/GameActionNoopMessage.as:11	0		NetworkMessage		client-as3	273
GameActionSpamMessage	9805	sources/client273-as3/network/scripts/com/ankamagames/dofus/network/messages/game/actions/GameActionSpamMessage.as:11	1	cells:Vector.<int>	NetworkMessage	cells#len:writeShort;cells[]:writeShort	client-as3	273
GameActionUpdateEffectTriggerCountMessage	6014	sources/client273-as3/network/scripts/com/ankamagames/dofus/network/messages/game/actions/fight/GameActionUpdateEffectTriggerCountMessage.as:12	1	targetIds:Vector.<GameFightEffectTriggerCount>	NetworkMessage	targetIds#len:writeShort;targetIds[]:asGameFightEffectTriggerCount	client-as3	273
GameCautiousMapMovementMessage	779	sources/client273-as3/network/scripts/com/ankamagames/dofus/network/messages/game/context/GameCautiousMapMovementMessage.as:10	0		GameMapMovementMessage	super:GameMapMovementMessage	client-as3	273
GameCautiousMapMovementRequestMessage	920	sources/client273-as3/network/scripts/com/ankamagames/dofus/network/messages/game/context/GameCautiousMapMovementRequestMessage.as:10	0		GameMapMovementRequestMessage	super:GameMapMovementRequestMessage	client-as3	273
GameContextCreateErrorMessage	223	sources/client273-as3/network/scripts/com/ankamagames/dofus/network/messages/game/context/GameContextCreateErrorMessage.as:11	0		NetworkMessage		client-as3	273
GameContextCreateMessage	1595	sources/client273-as3/network/scripts/com/ankamagames/dofus/network/messages/game/context/GameContextCreateMessage.as:11	1	context:uint	NetworkMessage	context:writeByte	client-as3	273
GameContextCreateRequestMessage	5527	sources/client273-as3/network/scripts/com/ankamagames/dofus/network/messages/game/context/GameContextCreateRequestMessage.as:11	0		NetworkMessage		client-as3	273
GameContextDestroyMessage	1821	sources/client273-as3/network/scripts/com/ankamagames/dofus/network/messages/game/context/GameContextDestroyMessage.as:11	0		NetworkMessage		client-as3	273
GameContextKickMessage	2032	sources/client273-as3/network/scripts/com/ankamagames/dofus/network/messages/game/context/GameContextKickMessage.as:11	1	targetId:Number	NetworkMessage	targetId:writeDouble	client-as3	273
GameContextMoveElementMessage	5362	sources/client273-as3/network/scripts/com/ankamagames/dofus/network/messages/game/context/GameContextMoveElementMessage.as:12	1	movement:EntityMovementInformations	NetworkMessage	movement:asEntityMovementInformations	client-as3	273
GameContextMoveMultipleElementsMessage	7368	sources/client273-as3/network/scripts/com/ankamagames/dofus/network/messages/game/context/GameContextMoveMultipleElementsMessage.as:12	1	movements:Vector.<EntityMovementInformations>	NetworkMessage	movements#len:writeShort;movements[]:asEntityMovementInformations	client-as3	273
GameContextQuitMessage	4314	sources/client273-as3/network/scripts/com/ankamagames/dofus/network/messages/game/context/GameContextQuitMessage.as:11	0		NetworkMessage		client-as3	273
GameContextReadyMessage	9237	sources/client273-as3/network/scripts/com/ankamagames/dofus/network/messages/game/context/GameContextReadyMessage.as:11	1	mapId:Number	NetworkMessage	mapId:writeDouble	client-as3	273
GameContextRefreshEntityLookMessage	7865	sources/client273-as3/network/scripts/com/ankamagames/dofus/network/messages/game/context/GameContextRefreshEntityLookMessage.as:12	2	id:Number;look:EntityLook	NetworkMessage	id:writeDouble;look:asEntityLook	client-as3	273
GameContextRemoveElementMessage	3496	sources/client273-as3/network/scripts/com/ankamagames/dofus/network/messages/game/context/GameContextRemoveElementMessage.as:11	1	id:Number	NetworkMessage	id:writeDouble	client-as3	273
GameContextRemoveElementWithEventMessage	7775	sources/client273-as3/network/scripts/com/ankamagames/dofus/network/messages/game/context/GameContextRemoveElementWithEventMessage.as:10	1	elementEventId:uint	GameContextRemoveElementMessage	super:GameContextRemoveElementMessage;elementEventId:writeByte	client-as3	273
GameContextRemoveMultipleElementsMessage	5405	sources/client273-as3/network/scripts/com/ankamagames/dofus/network/messages/game/context/GameContextRemoveMultipleElementsMessage.as:11	1	elementsIds:Vector.<Number>	NetworkMessage	elementsIds#len:writeShort;elementsIds[]:writeDouble	client-as3	273
GameContextRemoveMultipleElementsWithEventsMessage	1167	sources/client273-as3/network/scripts/com/ankamagames/dofus/network/messages/game/context/GameContextRemoveMultipleElementsWithEventsMessage.as:10	1	elementEventIds:Vector.<uint>	GameContextRemoveMultipleElementsMessage	super:GameContextRemoveMultipleElementsMessage;elementEventIds#len:writeShort;elementEventIds[]:writeByte	client-as3	273
GameDataPaddockObjectAddMessage	652	sources/client273-as3/network/scripts/com/ankamagames/dofus/network/messages/game/context/mount/GameDataPaddockObjectAddMessage.as:12	1	paddockItemDescription:PaddockItem	NetworkMessage	paddockItemDescription:asPaddockItem	client-as3	273
GameDataPaddockObjectListAddMessage	9121	sources/client273-as3/network/scripts/com/ankamagames/dofus/network/messages/game/context/mount/GameDataPaddockObjectListAddMessage.as:12	1	paddockItemDescription:Vector.<PaddockItem>	NetworkMessage	paddockItemDescription#len:writeShort;paddockItemDescription[]:asPaddockItem	client-as3	273
GameDataPaddockObjectRemoveMessage	9218	sources/client273-as3/network/scripts/com/ankamagames/dofus/network/messages/game/context/mount/GameDataPaddockObjectRemoveMessage.as:11	1	cellId:uint	NetworkMessage	cellId:writeVarShort	client-as3	273
GameDataPlayFarmObjectAnimationMessage	8213	sources/client273-as3/network/scripts/com/ankamagames/dofus/network/messages/game/context/roleplay/paddock/GameDataPlayFarmObjectAnimationMessage.as:11	1	cellId:Vector.<uint>	NetworkMessage	cellId#len:writeShort;cellId[]:writeVarShort	client-as3	273
GameEntitiesDispositionMessage	7948	sources/client273-as3/network/scripts/com/ankamagames/dofus/network/messages/game/context/GameEntitiesDispositionMessage.as:12	1	dispositions:Vector.<IdentifiedEntityDispositionInformations>	NetworkMessage	dispositions#len:writeShort;dispositions[]:asIdentifiedEntityDispositionInformations	client-as3	273
GameEntityDispositionErrorMessage	2619	sources/client273-as3/network/scripts/com/ankamagames/dofus/network/messages/game/context/GameEntityDispositionErrorMessage.as:11	0		NetworkMessage		client-as3	273
GameEntityDispositionMessage	4	sources/client273-as3/network/scripts/com/ankamagames/dofus/network/messages/game/context/GameEntityDispositionMessage.as:12	1	disposition:IdentifiedEntityDispositionInformations	NetworkMessage	disposition:asIdentifiedEntityDispositionInformations	client-as3	273
GameFightEndMessage	2386	sources/client273-as3/network/scripts/com/ankamagames/dofus/network/messages/game/context/fight/GameFightEndMessage.as:14	5	duration:uint;rewardRate:int;lootShareLimitMalus:int;results:Vector.<FightResultListEntry>;namedPartyTeamsOutcomes:Vector.<NamedPartyTeamWithOutcome>	NetworkMessage	duration:writeInt;rewardRate:writeVarShort;lootShareLimitMalus:writeShort;results#len:writeShort;results[]#typeId:writeShort;results[]:serialize;namedPartyTeamsOutcomes#len:writeShort;namedPartyTeamsOutcomes[]:asNamedPartyTeamWithOutcome	client-as3	273
GameFightHumanReadyStateMessage	109	sources/client273-as3/network/scripts/com/ankamagames/dofus/network/messages/game/context/fight/GameFightHumanReadyStateMessage.as:11	2	characterId:Number;isReady:Boolean	NetworkMessage	characterId:writeVarLong;isReady:writeBoolean	client-as3	273
GameFightJoinMessage	8166	sources/client273-as3/network/scripts/com/ankamagames/dofus/network/messages/game/context/fight/GameFightJoinMessage.as:12	6	isTeamPhase:Boolean;canBeCancelled:Boolean;canSayReady:Boolean;isFightStarted:Boolean;timeMaxBeforeFightStart:uint;fightType:uint	NetworkMessage	isTeamPhase:bit0;canBeCancelled:bit1;canSayReady:bit2;isFightStarted:bit3;#local:writeByte;timeMaxBeforeFightStart:writeShort;fightType:writeByte	client-as3	273
GameFightJoinRequestMessage	4010	sources/client273-as3/network/scripts/com/ankamagames/dofus/network/messages/game/context/fight/GameFightJoinRequestMessage.as:11	2	fighterId:Number;fightId:uint	NetworkMessage	fighterId:writeDouble;fightId:writeVarShort	client-as3	273
GameFightLeaveMessage	6974	sources/client273-as3/network/scripts/com/ankamagames/dofus/network/messages/game/context/fight/GameFightLeaveMessage.as:11	1	charId:Number	NetworkMessage	charId:writeDouble	client-as3	273
GameFightNewRoundMessage	8261	sources/client273-as3/network/scripts/com/ankamagames/dofus/network/messages/game/context/fight/GameFightNewRoundMessage.as:11	1	roundNumber:uint	NetworkMessage	roundNumber:writeVarInt	client-as3	273
GameFightNewWaveMessage	4448	sources/client273-as3/network/scripts/com/ankamagames/dofus/network/messages/game/context/fight/GameFightNewWaveMessage.as:11	3	id:uint;teamId:uint;nbTurnBeforeNextWave:int	NetworkMessage	id:writeByte;teamId:writeByte;nbTurnBeforeNextWave:writeShort	client-as3	273
GameFightOptionStateUpdateMessage	3172	sources/client273-as3/network/scripts/com/ankamagames/dofus/network/messages/game/context/fight/GameFightOptionStateUpdateMessage.as:11	4	fightId:uint;teamId:uint;option:uint;state:Boolean	NetworkMessage	fightId:writeVarShort;teamId:writeByte;option:writeByte;state:writeBoolean	client-as3	273
GameFightOptionToggleMessage	5955	sources/client273-as3/network/scripts/com/ankamagames/dofus/network/messages/game/context/fight/GameFightOptionToggleMessage.as:11	1	option:uint	NetworkMessage	option:writeByte	client-as3	273
GameFightPauseMessage	1045	sources/client273-as3/network/scripts/com/ankamagames/dofus/network/messages/game/context/fight/GameFightPauseMessage.as:11	1	isPaused:Boolean	NetworkMessage	isPaused:writeBoolean	client-as3	273
GameFightPlacementPositionRequestMessage	7043	sources/client273-as3/network/scripts/com/ankamagames/dofus/network/messages/game/context/fight/GameFightPlacementPositionRequestMessage.as:11	1	cellId:uint	NetworkMessage	cellId:writeVarShort	client-as3	273
GameFightPlacementPossiblePositionsMessage	282	sources/client273-as3/network/scripts/com/ankamagames/dofus/network/messages/game/context/fight/GameFightPlacementPossiblePositionsMessage.as:11	3	positionsForChallengers:Vector.<uint>;positionsForDefenders:Vector.<uint>;teamNumber:uint	NetworkMessage	positionsForChallengers#len:writeShort;positionsForChallengers[]:writeVarShort;positionsForDefenders#len:writeShort;positionsForDefenders[]:writeVarShort;teamNumber:writeByte	client-as3	273
GameFightPlacementSwapPositionsAcceptMessage	870	sources/client273-as3/network/scripts/com/ankamagames/dofus/network/messages/game/context/fight/GameFightPlacementSwapPositionsAcceptMessage.as:11	1	requestId:uint	NetworkMessage	requestId:writeInt	client-as3	273
GameFightPlacementSwapPositionsCancelMessage	5173	sources/client273-as3/network/scripts/com/ankamagames/dofus/network/messages/game/context/fight/GameFightPlacementSwapPositionsCancelMessage.as:11	1	requestId:uint	NetworkMessage	requestId:writeInt	client-as3	273
GameFightPlacementSwapPositionsCancelledMessage	1579	sources/client273-as3/network/scripts/com/ankamagames/dofus/network/messages/game/context/fight/GameFightPlacementSwapPositionsCancelledMessage.as:11	2	requestId:uint;cancellerId:Number	NetworkMessage	requestId:writeInt;cancellerId:writeDouble	client-as3	273
GameFightPlacementSwapPositionsErrorMessage	6325	sources/client273-as3/network/scripts/com/ankamagames/dofus/network/messages/game/context/fight/GameFightPlacementSwapPositionsErrorMessage.as:11	0		NetworkMessage		client-as3	273
GameFightPlacementSwapPositionsMessage	5606	sources/client273-as3/network/scripts/com/ankamagames/dofus/network/messages/game/context/fight/GameFightPlacementSwapPositionsMessage.as:12	1	dispositions:Vector.<IdentifiedEntityDispositionInformations>	NetworkMessage	dispositions[]:asIdentifiedEntityDispositionInformations	client-as3	273
GameFightPlacementSwapPositionsOfferMessage	5124	sources/client273-as3/network/scripts/com/ankamagames/dofus/network/messages/game/context/fight/GameFightPlacementSwapPositionsOfferMessage.as:11	5	requestId:uint;requesterId:Number;requesterCellId:uint;requestedId:Number;requestedCellId:uint	NetworkMessage	requestId:writeInt;requesterId:writeDouble;requesterCellId:writeVarShort;requestedId:writeDouble;requestedCellId:writeVarShort	client-as3	273
GameFightPlacementSwapPositionsRequestMessage	501	sources/client273-as3/network/scripts/com/ankamagames/dofus/network/messages/game/context/fight/GameFightPlacementSwapPositionsRequestMessage.as:10	1	requestedId:Number	GameFightPlacementPositionRequestMessage	super:GameFightPlacementPositionRequestMessage;requestedId:writeDouble	client-as3	273
GameFightReadyMessage	4840	sources/client273-as3/network/scripts/com/ankamagames/dofus/network/messages/game/context/fight/GameFightReadyMessage.as:11	1	isReady:Boolean	NetworkMessage	isReady:writeBoolean	client-as3	273
GameFightRefreshFighterMessage	3786	sources/client273-as3/network/scripts/com/ankamagames/dofus/network/messages/game/context/fight/character/GameFightRefreshFighterMessage.as:13	1	informations:GameContextActorInformations	NetworkMessage	#typeId:writeShort;informations:serialize	client-as3	273
GameFightRemoveTeamMemberMessage	7301	sources/client273-as3/network/scripts/com/ankamagames/dofus/network/messages/game/context/fight/GameFightRemoveTeamMemberMessage.as:11	3	fightId:uint;teamId:uint;charId:Number	NetworkMessage	fightId:writeVarShort;teamId:writeByte;charId:writeDouble	client-as3	273
GameFightResumeMessage	2675	sources/client273-as3/network/scripts/com/ankamagames/dofus/network/messages/game/context/fight/GameFightResumeMessage.as:14	3	spellCooldowns:Vector.<GameFightSpellCooldown>;summonCount:uint;bombCount:uint	GameFightSpectateMessage	super:GameFightSpectateMessage;spellCooldowns#len:writeShort;spellCooldowns[]:asGameFightSpellCooldown;summonCount:writeByte;bombCount:writeByte	client-as3	273
GameFightResumeWithSlavesMessage	5652	sources/client273-as3/network/scripts/com/ankamagames/dofus/network/messages/game/context/fight/GameFightResumeWithSlavesMessage.as:15	1	slavesInfo:Vector.<GameFightResumeSlaveInfo>	GameFightResumeMessage	super:GameFightResumeMessage;slavesInfo#len:writeShort;slavesInfo[]:asGameFightResumeSlaveInfo	client-as3	273
GameFightShowFighterMessage	5747	sources/client273-as3/network/scripts/com/ankamagames/dofus/network/messages/game/context/fight/character/GameFightShowFighterMessage.as:13	1	informations:GameFightFighterInformations	NetworkMessage	#typeId:writeShort;informations:serialize	client-as3	273
GameFightShowFighterRandomStaticPoseMessage	7583	sources/client273-as3/network/scripts/com/ankamagames/dofus/network/messages/game/context/fight/character/GameFightShowFighterRandomStaticPoseMessage.as:11	0		GameFightShowFighterMessage	super:GameFightShowFighterMessage	client-as3	273
GameFightSpectateMessage	6318	sources/client273-as3/network/scripts/com/ankamagames/dofus/network/messages/game/context/fight/GameFightSpectateMessage.as:14	5	effects:Vector.<FightDispellableEffectExtendedInformations>;marks:Vector.<GameActionMark>;gameTurn:uint;fightStart:uint;fxTriggerCounts:Vector.<GameFightEffectTriggerCount>	NetworkMessage	effects#len:writeShort;effects[]:asFightDispellableEffectExtendedInformations;marks#len:writeShort;marks[]:asGameActionMark;gameTurn:writeVarShort;fightStart:writeInt;fxTriggerCounts#len:writeShort;fxTriggerCounts[]:asGameFightEffectTriggerCount	client-as3	273
GameFightSpectatePlayerRequestMessage	8994	sources/client273-as3/network/scripts/com/ankamagames/dofus/network/messages/game/context/fight/GameFightSpectatePlayerRequestMessage.as:11	1	playerId:Number	NetworkMessage	playerId:writeVarLong	client-as3	273
GameFightSpectatorJoinMessage	3924	sources/client273-as3/network/scripts/com/ankamagames/dofus/network/messages/game/context/fight/GameFightSpectatorJoinMessage.as:11	1	namedPartyTeams:Vector.<NamedPartyTeam>	GameFightJoinMessage	super:GameFightJoinMessage;namedPartyTeams#len:writeShort;namedPartyTeams[]:asNamedPartyTeam	client-as3	273
GameFightStartMessage	9783	sources/client273-as3/network/scripts/com/ankamagames/dofus/network/messages/game/context/fight/GameFightStartMessage.as:11	0		NetworkMessage		client-as3	273
GameFightStartingMessage	6131	sources/client273-as3/network/scripts/com/ankamagames/dofus/network/messages/game/context/fight/GameFightStartingMessage.as:11	6	fightType:uint;fightId:uint;attackerId:Number;defenderId:Number;containsBoss:Boolean;monsters:Vector.<int>	NetworkMessage	fightType:writeByte;fightId:writeVarShort;attackerId:writeDouble;defenderId:writeDouble;containsBoss:writeBoolean;monsters#len:writeShort;monsters[]:writeInt	client-as3	273
GameFightSynchronizeMessage	8985	sources/client273-as3/network/scripts/com/ankamagames/dofus/network/messages/game/context/fight/GameFightSynchronizeMessage.as:13	1	fighters:Vector.<GameFightFighterInformations>	NetworkMessage	fighters#len:writeShort;fighters[]#typeId:writeShort;fighters[]:serialize	client-as3	273
GameFightTurnEndMessage	7900	sources/client273-as3/network/scripts/com/ankamagames/dofus/network/messages/game/context/fight/GameFightTurnEndMessage.as:11	1	id:Number	NetworkMessage	id:writeDouble	client-as3	273
GameFightTurnFinishMessage	3915	sources/client273-as3/network/scripts/com/ankamagames/dofus/network/messages/game/context/fight/GameFightTurnFinishMessage.as:11	1	isAfk:Boolean	NetworkMessage	isAfk:writeBoolean	client-as3	273
GameFightTurnListMessage	1243	sources/client273-as3/network/scripts/com/ankamagames/dofus/network/messages/game/context/fight/GameFightTurnListMessage.as:11	2	ids:Vector.<Number>;deadsIds:Vector.<Number>	NetworkMessage	ids#len:writeShort;ids[]:writeDouble;deadsIds#len:writeShort;deadsIds[]:writeDouble	client-as3	273
GameFightTurnReadyMessage	9655	sources/client273-as3/network/scripts/com/ankamagames/dofus/network/messages/game/context/fight/GameFightTurnReadyMessage.as:11	1	isReady:Boolean	NetworkMessage	isReady:writeBoolean	client-as3	273
GameFightTurnReadyRequestMessage	379	sources/client273-as3/network/scripts/com/ankamagames/dofus/network/messages/game/context/fight/GameFightTurnReadyRequestMessage.as:11	1	id:Number	NetworkMessage	id:writeDouble	client-as3	273
GameFightTurnResumeMessage	7389	sources/client273-as3/network/scripts/com/ankamagames/dofus/network/messages/game/context/fight/GameFightTurnResumeMessage.as:10	1	remainingTime:uint	GameFightTurnStartMessage	super:GameFightTurnStartMessage;remainingTime:writeVarInt	client-as3	273
GameFightTurnStartMessage	217	sources/client273-as3/network/scripts/com/ankamagames/dofus/network/messages/game/context/fight/GameFightTurnStartMessage.as:11	2	id:Number;waitTime:uint	NetworkMessage	id:writeDouble;waitTime:writeVarInt	client-as3	273
GameFightTurnStartPlayingMessage	3867	sources/client273-as3/network/scripts/com/ankamagames/dofus/network/messages/game/context/fight/GameFightTurnStartPlayingMessage.as:11	0		NetworkMessage		client-as3	273
GameFightUpdateTeamMessage	3874	sources/client273-as3/network/scripts/com/ankamagames/dofus/network/messages/game/context/fight/GameFightUpdateTeamMessage.as:12	2	fightId:uint;team:FightTeamInformations	NetworkMessage	fightId:writeVarShort;team:asFightTeamInformations	client-as3	273
GameMapChangeOrientationMessage	8741	sources/client273-as3/network/scripts/com/ankamagames/dofus/network/messages/game/context/GameMapChangeOrientationMessage.as:12	1	orientation:ActorOrientation	NetworkMessage	orientation:asActorOrientation	client-as3	273
GameMapChangeOrientationRequestMessage	1190	sources/client273-as3/network/scripts/com/ankamagames/dofus/network/messages/game/context/GameMapChangeOrientationRequestMessage.as:11	1	direction:uint	NetworkMessage	direction:writeByte	client-as3	273
GameMapChangeOrientationsMessage	3256	sources/client273-as3/network/scripts/com/ankamagames/dofus/network/messages/game/context/GameMapChangeOrientationsMessage.as:12	1	orientations:Vector.<ActorOrientation>	NetworkMessage	orientations#len:writeShort;orientations[]:asActorOrientation	client-as3	273
GameMapMovementCancelMessage	2486	sources/client273-as3/network/scripts/com/ankamagames/dofus/network/messages/game/context/GameMapMovementCancelMessage.as:11	1	cellId:uint	NetworkMessage	cellId:writeVarShort	client-as3	273
GameMapMovementConfirmMessage	3317	sources/client273-as3/network/scripts/com/ankamagames/dofus/network/messages/game/context/GameMapMovementConfirmMessage.as:11	0		NetworkMessage		client-as3	273
GameMapMovementMessage	6493	sources/client273-as3/network/scripts/com/ankamagames/dofus/network/messages/game/context/GameMapMovementMessage.as:11	3	keyMovements:Vector.<uint>;forcedDirection:int;actorId:Number	NetworkMessage	keyMovements#len:writeShort;keyMovements[]:writeShort;forcedDirection:writeShort;actorId:writeDouble	client-as3	273
GameMapMovementRequestMessage	4548	sources/client273-as3/network/scripts/com/ankamagames/dofus/network/messages/game/context/GameMapMovementRequestMessage.as:11	2	keyMovements:Vector.<uint>;mapId:Number	NetworkMessage	keyMovements#len:writeShort;keyMovements[]:writeShort;mapId:writeDouble	client-as3	273
GameMapNoMovementMessage	6322	sources/client273-as3/network/scripts/com/ankamagames/dofus/network/messages/game/context/GameMapNoMovementMessage.as:11	2	cellX:int;cellY:int	NetworkMessage	cellX:writeShort;cellY:writeShort	client-as3	273
GameRefreshMonsterBoostsMessage	3997	sources/client273-as3/network/scripts/com/ankamagames/dofus/network/messages/game/context/GameRefreshMonsterBoostsMessage.as:12	2	monsterBoosts:Vector.<MonsterBoosts>;familyBoosts:Vector.<MonsterBoosts>	NetworkMessage	monsterBoosts#len:writeShort;monsterBoosts[]:asMonsterBoosts;familyBoosts#len:writeShort;familyBoosts[]:asMonsterBoosts	client-as3	273
GameRolePlayAggressionMessage	6235	sources/client273-as3/network/scripts/com/ankamagames/dofus/network/messages/game/context/roleplay/fight/GameRolePlayAggressionMessage.as:11	2	attackerId:Number;defenderId:Number	NetworkMessage	attackerId:writeVarLong;defenderId:writeVarLong	client-as3	273
GameRolePlayArenaFightAnswerMessage	7230	sources/client273-as3/network/scripts/com/ankamagames/dofus/network/messages/game/context/roleplay/fight/arena/GameRolePlayArenaFightAnswerMessage.as:11	2	fightId:uint;accept:Boolean	NetworkMessage	fightId:writeVarShort;accept:writeBoolean	client-as3	273
GameRolePlayArenaFightPropositionMessage	5667	sources/client273-as3/network/scripts/com/ankamagames/dofus/network/messages/game/context/roleplay/fight/arena/GameRolePlayArenaFightPropositionMessage.as:11	3	fightId:uint;alliesId:Vector.<Number>;duration:uint	NetworkMessage	fightId:writeVarShort;alliesId#len:writeShort;alliesId[]:writeDouble;duration:writeVarShort	client-as3	273
GameRolePlayArenaFighterStatusMessage	3114	sources/client273-as3/network/scripts/com/ankamagames/dofus/network/messages/game/context/roleplay/fight/arena/GameRolePlayArenaFighterStatusMessage.as:11	3	fightId:uint;playerId:Number;accepted:Boolean	NetworkMessage	fightId:writeVarShort;playerId:writeVarLong;accepted:writeBoolean	client-as3	273
GameRolePlayArenaInvitationCandidatesAnswerMessage	953	sources/client273-as3/network/scripts/com/ankamagames/dofus/network/messages/game/context/roleplay/fight/arena/GameRolePlayArenaInvitationCandidatesAnswerMessage.as:12	1	candidates:Vector.<LeagueFriendInformations>	NetworkMessage	candidates#len:writeShort;candidates[]:asLeagueFriendInformations	client-as3	273
GameRolePlayArenaLeagueRewardsMessage	7599	sources/client273-as3/network/scripts/com/ankamagames/dofus/network/messages/game/context/roleplay/fight/arena/GameRolePlayArenaLeagueRewardsMessage.as:11	4	seasonId:uint;leagueId:uint;ladderPosition:int;endSeasonReward:Boolean	NetworkMessage	seasonId:writeVarShort;leagueId:writeVarShort;ladderPosition:writeInt;endSeasonReward:writeBoolean	client-as3	273
GameRolePlayArenaPlayerBehavioursMessage	1302	sources/client273-as3/network/scripts/com/ankamagames/dofus/network/messages/game/context/roleplay/fight/arena/GameRolePlayArenaPlayerBehavioursMessage.as:11	3	flags:Vector.<String>;sanctions:Vector.<String>;banDuration:uint	NetworkMessage	flags#len:writeShort;flags[]:writeUTF;sanctions#len:writeShort;sanctions[]:writeUTF;banDuration:writeInt	client-as3	273
GameRolePlayArenaRegisterMessage	2855	sources/client273-as3/network/scripts/com/ankamagames/dofus/network/messages/game/context/roleplay/fight/arena/GameRolePlayArenaRegisterMessage.as:11	1	arenaType:uint	NetworkMessage	arenaType:writeInt	client-as3	273
GameRolePlayArenaRegistrationStatusMessage	4586	sources/client273-as3/network/scripts/com/ankamagames/dofus/network/messages/game/context/roleplay/fight/arena/GameRolePlayArenaRegistrationStatusMessage.as:11	3	registered:Boolean;step:uint;battleMode:uint	NetworkMessage	registered:writeBoolean;step:writeByte;battleMode:writeInt	client-as3	273
GameRolePlayArenaRegistrationWarningMessage	8542	sources/client273-as3/network/scripts/com/ankamagames/dofus/network/messages/game/context/roleplay/fight/arena/GameRolePlayArenaRegistrationWarningMessage.as:11	1	battleMode:uint	NetworkMessage	battleMode:writeInt	client-as3	273
GameRolePlayArenaSwitchToFightServerMessage	4751	sources/client273-as3/network/scripts/com/ankamagames/dofus/network/messages/game/context/roleplay/fight/arena/GameRolePlayArenaSwitchToFightServerMessage.as:11	3	address:String;ports:Vector.<uint>;token:String	NetworkMessage	address:writeUTF;ports#len:writeShort;ports[]:writeVarShort;token:writeUTF	client-as3	273
GameRolePlayArenaSwitchToGameServerMessage	6763	sources/client273-as3/network/scripts/com/ankamagames/dofus/network/messages/game/context/roleplay/fight/arena/GameRolePlayArenaSwitchToGameServerMessage.as:11	3	validToken:Boolean;token:String;homeServerId:int	NetworkMessage	validToken:writeBoolean;token:writeUTF;homeServerId:writeShort	client-as3	273
GameRolePlayArenaUnregisterMessage	326	sources/client273-as3/network/scripts/com/ankamagames/dofus/network/messages/game/context/roleplay/fight/arena/GameRolePlayArenaUnregisterMessage.as:11	0		NetworkMessage		client-as3	273
GameRolePlayArenaUpdatePlayerInfosMessage	1665	sources/client273-as3/network/scripts/com/ankamagames/dofus/network/messages/game/context/roleplay/fight/arena/GameRolePlayArenaUpdatePlayerInfosMessage.as:12	2	arenaRanks:Vector.<ArenaRankInfos>;banEndDate:Number	NetworkMessage	arenaRanks#len:writeShort;arenaRanks[]:asArenaRankInfos;banEndDate:writeDouble	client-as3	273
GameRolePlayAttackMonsterRequestMessage	9329	sources/client273-as3/network/scripts/com/ankamagames/dofus/network/messages/game/context/roleplay/fight/GameRolePlayAttackMonsterRequestMessage.as:11	1	monsterGroupId:Number	NetworkMessage	monsterGroupId:writeDouble	client-as3	273
GameRolePlayDelayedActionFinishedMessage	7896	sources/client273-as3/network/scripts/com/ankamagames/dofus/network/messages/game/context/roleplay/delay/GameRolePlayDelayedActionFinishedMessage.as:11	2	delayedCharacterId:Number;delayTypeId:uint	NetworkMessage	delayedCharacterId:writeDouble;delayTypeId:writeByte	client-as3	273
GameRolePlayDelayedActionMessage	4358	sources/client273-as3/network/scripts/com/ankamagames/dofus/network/messages/game/context/roleplay/delay/GameRolePlayDelayedActionMessage.as:11	3	delayedCharacterId:Number;delayTypeId:uint;delayEndTime:Number	NetworkMessage	delayedCharacterId:writeDouble;delayTypeId:writeByte;delayEndTime:writeDouble	client-as3	273
GameRolePlayDelayedObjectUseMessage	3110	sources/client273-as3/network/scripts/com/ankamagames/dofus/network/messages/game/context/roleplay/delay/GameRolePlayDelayedObjectUseMessage.as:10	1	objectGID:uint	GameRolePlayDelayedActionMessage	super:GameRolePlayDelayedActionMessage;objectGID:writeVarInt	client-as3	273
GameRolePlayFightRequestCanceledMessage	5826	sources/client273-as3/network/scripts/com/ankamagames/dofus/network/messages/game/context/roleplay/fight/GameRolePlayFightRequestCanceledMessage.as:11	3	fightId:uint;sourceId:Number;targetId:Number	NetworkMessage	fightId:writeVarShort;sourceId:writeDouble;targetId:writeDouble	client-as3	273
GameRolePlayFreeSoulRequestMessage	3818	sources/client273-as3/network/scripts/com/ankamagames/dofus/network/messages/game/context/roleplay/death/GameRolePlayFreeSoulRequestMessage.as:11	0		NetworkMessage		client-as3	273
GameRolePlayGameOverMessage	3824	sources/client273-as3/network/scripts/com/ankamagames/dofus/network/messages/game/context/roleplay/death/GameRolePlayGameOverMessage.as:11	0		NetworkMessage		client-as3	273
GameRolePlayMonsterAngryAtPlayerMessage	9879	sources/client273-as3/network/scripts/com/ankamagames/dofus/network/messages/game/context/roleplay/fight/GameRolePlayMonsterAngryAtPlayerMessage.as:11	4	playerId:Number;monsterGroupId:Number;angryStartTime:Number;attackTime:Number	NetworkMessage	playerId:writeVarLong;monsterGroupId:writeDouble;angryStartTime:writeDouble;attackTime:writeDouble	client-as3	273
GameRolePlayMonsterNotAngryAtPlayerMessage	5585	sources/client273-as3/network/scripts/com/ankamagames/dofus/network/messages/game/context/roleplay/fight/GameRolePlayMonsterNotAngryAtPlayerMessage.as:11	2	playerId:Number;monsterGroupId:Number	NetworkMessage	playerId:writeVarLong;monsterGroupId:writeDouble	client-as3	273
GameRolePlayPlayerFightFriendlyAnswerMessage	1704	sources/client273-as3/network/scripts/com/ankamagames/dofus/network/messages/game/context/roleplay/fight/GameRolePlayPlayerFightFriendlyAnswerMessage.as:11	2	fightId:uint;accept:Boolean	NetworkMessage	fightId:writeVarShort;accept:writeBoolean	client-as3	273
GameRolePlayPlayerFightFriendlyAnsweredMessage	1668	sources/client273-as3/network/scripts/com/ankamagames/dofus/network/messages/game/context/roleplay/fight/GameRolePlayPlayerFightFriendlyAnsweredMessage.as:11	4	fightId:uint;sourceId:Number;targetId:Number;accept:Boolean	NetworkMessage	fightId:writeVarShort;sourceId:writeVarLong;targetId:writeVarLong;accept:writeBoolean	client-as3	273
GameRolePlayPlayerFightFriendlyRequestedMessage	4626	sources/client273-as3/network/scripts/com/ankamagames/dofus/network/messages/game/context/roleplay/fight/GameRolePlayPlayerFightFriendlyRequestedMessage.as:11	3	fightId:uint;sourceId:Number;targetId:Number	NetworkMessage	fightId:writeVarShort;sourceId:writeVarLong;targetId:writeVarLong	client-as3	273
GameRolePlayPlayerFightRequestMessage	6628	sources/client273-as3/network/scripts/com/ankamagames/dofus/network/messages/game/context/roleplay/fight/GameRolePlayPlayerFightRequestMessage.as:11	3	targetId:Number;targetCellId:int;friendly:Boolean	NetworkMessage	targetId:writeVarLong;targetCellId:writeShort;friendly:writeBoolean	client-as3	273
GameRolePlayPlayerLifeStatusMessage	8693	sources/client273-as3/network/scripts/com/ankamagames/dofus/network/messages/game/context/roleplay/death/GameRolePlayPlayerLifeStatusMessage.as:11	2	state:uint;phenixMapId:Number	NetworkMessage	state:writeByte;phenixMapId:writeDouble	client-as3	273
GameRolePlayRemoveChallengeMessage	3370	sources/client273-as3/network/scripts/com/ankamagames/dofus/network/messages/game/context/roleplay/fight/GameRolePlayRemoveChallengeMessage.as:11	1	fightId:uint	NetworkMessage	fightId:writeVarShort	client-as3	273
GameRolePlayShowActorMessage	1818	sources/client273-as3/network/scripts/com/ankamagames/dofus/network/messages/game/context/roleplay/GameRolePlayShowActorMessage.as:13	1	informations:GameRolePlayActorInformations	NetworkMessage	#typeId:writeShort;informations:serialize	client-as3	273
GameRolePlayShowActorWithEventMessage	5	sources/client273-as3/network/scripts/com/ankamagames/dofus/network/messages/game/context/roleplay/GameRolePlayShowActorWithEventMessage.as:11	1	actorEventId:uint	GameRolePlayShowActorMessage	super:GameRolePlayShowActorMessage;actorEventId:writeByte	client-as3	273
GameRolePlayShowChallengeMessage	7254	sources/client273-as3/network/scripts/com/ankamagames/dofus/network/messages/game/context/roleplay/fight/GameRolePlayShowChallengeMessage.as:12	1	commonsInfos:FightCommonInformations	NetworkMessage	commonsInfos:asFightCommonInformations	client-as3	273
GameRolePlayShowMultipleActorsMessage	323	sources/client273-as3/network/scripts/com/ankamagames/dofus/network/messages/game/context/roleplay/GameRolePlayShowMultipleActorsMessage.as:13	1	informationsList:Vector.<GameRolePlayActorInformations>	NetworkMessage	informationsList#len:writeShort;informationsList[]#typeId:writeShort;informationsList[]:serialize	client-as3	273
GameRolePlaySpellAnimMessage	1173	sources/client273-as3/network/scripts/com/ankamagames/dofus/network/messages/game/context/roleplay/visual/GameRolePlaySpellAnimMessage.as:11	5	casterId:Number;targetCellId:uint;spellId:uint;spellLevel:int;direction:int	NetworkMessage	casterId:writeVarLong;targetCellId:writeVarShort;spellId:writeVarShort;spellLevel:writeShort;direction:writeShort	client-as3	273
GameRolePlayTaxCollectorFightRequestMessage	1944	sources/client273-as3/network/scripts/com/ankamagames/dofus/network/messages/game/collector/tax/GameRolePlayTaxCollectorFightRequestMessage.as:11	0		NetworkMessage		client-as3	273
GoldAddedMessage	1521	sources/client273-as3/network/scripts/com/ankamagames/dofus/network/messages/game/inventory/items/GoldAddedMessage.as:12	1	gold:GoldItem	NetworkMessage	gold:asGoldItem	client-as3	273
GroupTeleportPlayerAnswerMessage	1816	sources/client273-as3/network/scripts/com/ankamagames/dofus/network/messages/game/interactive/meeting/GroupTeleportPlayerAnswerMessage.as:11	2	accept:Boolean;requesterId:Number	NetworkMessage	accept:writeBoolean;requesterId:writeVarLong	client-as3	273
GroupTeleportPlayerCloseMessage	2716	sources/client273-as3/network/scripts/com/ankamagames/dofus/network/messages/game/interactive/meeting/GroupTeleportPlayerCloseMessage.as:11	2	mapId:Number;requesterId:Number	NetworkMessage	mapId:writeDouble;requesterId:writeVarLong	client-as3	273
GroupTeleportPlayerOfferMessage	3076	sources/client273-as3/network/scripts/com/ankamagames/dofus/network/messages/game/interactive/meeting/GroupTeleportPlayerOfferMessage.as:11	6	mapId:Number;worldX:int;worldY:int;timeLeft:uint;requesterId:Number;requesterName:String	NetworkMessage	mapId:writeDouble;worldX:writeShort;worldY:writeShort;timeLeft:writeVarInt;requesterId:writeVarLong;requesterName:writeUTF	client-as3	273
GuestLimitationMessage	7707	sources/client273-as3/network/scripts/com/ankamagames/dofus/network/messages/game/guest/GuestLimitationMessage.as:11	1	reason:uint	NetworkMessage	reason:writeByte	client-as3	273
GuestModeMessage	5810	sources/client273-as3/network/scripts/com/ankamagames/dofus/network/messages/game/guest/GuestModeMessage.as:11	1	active:Boolean	NetworkMessage	active:writeBoolean	client-as3	273
GuidedModeQuitRequestMessage	6433	sources/client273-as3/network/scripts/com/ankamagames/dofus/network/messages/game/context/roleplay/quest/GuidedModeQuitRequestMessage.as:11	0		NetworkMessage		client-as3	273
GuidedModeReturnRequestMessage	625	sources/client273-as3/network/scripts/com/ankamagames/dofus/network/messages/game/context/roleplay/quest/GuidedModeReturnRequestMessage.as:11	0		NetworkMessage		client-as3	273
GuildApplicationAnswerMessage	3927	sources/client273-as3/network/scripts/com/ankamagames/dofus/network/messages/game/guild/application/GuildApplicationAnswerMessage.as:11	2	accepted:Boolean;playerId:Number	NetworkMessage	accepted:writeBoolean;playerId:writeVarLong	client-as3	273
GuildApplicationDeletedMessage	8782	sources/client273-as3/network/scripts/com/ankamagames/dofus/network/messages/game/guild/application/GuildApplicationDeletedMessage.as:11	1	deleted:Boolean	NetworkMessage	deleted:writeBoolean	client-as3	273
GuildApplicationIsAnsweredMessage	3637	sources/client273-as3/network/scripts/com/ankamagames/dofus/network/messages/game/guild/application/GuildApplicationIsAnsweredMessage.as:12	2	accepted:Boolean;guildInformation:GuildInformations	NetworkMessage	accepted:writeBoolean;guildInformation:asGuildInformations	client-as3	273
GuildApplicationListenMessage	5367	sources/client273-as3/network/scripts/com/ankamagames/dofus/network/messages/game/guild/application/GuildApplicationListenMessage.as:11	1	listen:Boolean	NetworkMessage	listen:writeBoolean	client-as3	273
GuildApplicationPresenceMessage	9885	sources/client273-as3/network/scripts/com/ankamagames/dofus/network/messages/game/guild/application/GuildApplicationPresenceMessage.as:11	1	isApplication:Boolean	NetworkMessage	isApplication:writeBoolean	client-as3	273
GuildApplicationReceivedMessage	8148	sources/client273-as3/network/scripts/com/ankamagames/dofus/network/messages/game/guild/application/GuildApplicationReceivedMessage.as:11	2	playerName:String;playerId:Number	NetworkMessage	playerName:writeUTF;playerId:writeVarLong	client-as3	273
GuildBulletinMessage	1996	sources/client273-as3/network/scripts/com/ankamagames/dofus/network/messages/game/guild/GuildBulletinMessage.as:11	0		BulletinMessage	super:BulletinMessage	client-as3	273
GuildBulletinSetErrorMessage	8324	sources/client273-as3/network/scripts/com/ankamagames/dofus/network/messages/game/guild/GuildBulletinSetErrorMessage.as:11	0		SocialNoticeSetErrorMessage	super:SocialNoticeSetErrorMessage	client-as3	273
GuildBulletinSetRequestMessage	5517	sources/client273-as3/network/scripts/com/ankamagames/dofus/network/messages/game/guild/GuildBulletinSetRequestMessage.as:11	1	content:String	SocialNoticeSetRequestMessage	super:SocialNoticeSetRequestMessage;content:writeUTF	client-as3	273
GuildChangeMemberParametersMessage	1951	sources/client273-as3/network/scripts/com/ankamagames/dofus/network/messages/game/guild/GuildChangeMemberParametersMessage.as:11	3	memberId:Number;rankId:uint;experienceGivenPercent:uint	NetworkMessage	memberId:writeVarLong;rankId:writeVarInt;experienceGivenPercent:writeByte	client-as3	273
GuildCharacsUpgradeRequestMessage	237	sources/client273-as3/network/scripts/com/ankamagames/dofus/network/messages/game/guild/GuildCharacsUpgradeRequestMessage.as:11	1	charaTypeTarget:uint	NetworkMessage	charaTypeTarget:writeByte	client-as3	273
GuildChestTabContributionMessage	8050	sources/client273-as3/network/scripts/com/ankamagames/dofus/network/messages/game/guild/GuildChestTabContributionMessage.as:11	5	tabNumber:uint;requiredAmount:Number;currentAmount:Number;chestContributionEnrollmentDelay:Number;chestContributionDelay:Number	NetworkMessage	tabNumber:writeVarInt;requiredAmount:writeVarLong;currentAmount:writeVarLong;chestContributionEnrollmentDelay:writeDouble;chestContributionDelay:writeDouble	client-as3	273
GuildChestTabContributionsMessage	753	sources/client273-as3/network/scripts/com/ankamagames/dofus/network/messages/game/guild/GuildChestTabContributionsMessage.as:12	1	contributions:Vector.<Contribution>	NetworkMessage	contributions#len:writeShort;contributions[]:asContribution	client-as3	273
GuildChestTabLastContributionMessage	683	sources/client273-as3/network/scripts/com/ankamagames/dofus/network/messages/game/guild/GuildChestTabLastContributionMessage.as:11	1	lastContributionDate:Number	NetworkMessage	lastContributionDate:writeDouble	client-as3	273
GuildCreationResultMessage	4018	sources/client273-as3/network/scripts/com/ankamagames/dofus/network/messages/game/guild/GuildCreationResultMessage.as:11	1	result:uint	NetworkMessage	result:writeByte	client-as3	273
GuildCreationStartedMessage	5711	sources/client273-as3/network/scripts/com/ankamagames/dofus/network/messages/game/guild/GuildCreationStartedMessage.as:11	0		NetworkMessage		client-as3	273
GuildCreationValidMessage	1720	sources/client273-as3/network/scripts/com/ankamagames/dofus/network/messages/game/guild/GuildCreationValidMessage.as:12	2	guildName:String;guildEmblem:SocialEmblem	NetworkMessage	guildName:writeUTF;guildEmblem:asSocialEmblem	client-as3	273
GuildDeleteApplicationRequestMessage	7132	sources/client273-as3/network/scripts/com/ankamagames/dofus/network/messages/game/guild/application/GuildDeleteApplicationRequestMessage.as:11	0		NetworkMessage		client-as3	273
GuildFactsErrorMessage	7863	sources/client273-as3/network/scripts/com/ankamagames/dofus/network/messages/game/guild/GuildFactsErrorMessage.as:11	1	guildId:uint	NetworkMessage	guildId:writeVarInt	client-as3	273
GuildFactsMessage	5626	sources/client273-as3/network/scripts/com/ankamagames/dofus/network/messages/game/guild/GuildFactsMessage.as:14	3	infos:GuildFactSheetInformations;creationDate:uint;members:Vector.<CharacterMinimalSocialPublicInformations>	NetworkMessage	#typeId:writeShort;infos:serialize;creationDate:writeInt;members#len:writeShort;members[]:asCharacterMinimalSocialPublicInformations	client-as3	273
GuildFactsRequestMessage	6650	sources/client273-as3/network/scripts/com/ankamagames/dofus/network/messages/game/guild/GuildFactsRequestMessage.as:11	1	guildId:uint	NetworkMessage	guildId:writeVarInt	client-as3	273
GuildGetChestTabContributionsRequestMessage	5518	sources/client273-as3/network/scripts/com/ankamagames/dofus/network/messages/game/guild/GuildGetChestTabContributionsRequestMessage.as:11	0		NetworkMessage		client-as3	273
GuildGetInformationsMessage	592	sources/client273-as3/network/scripts/com/ankamagames/dofus/network/messages/game/guild/GuildGetInformationsMessage.as:11	1	infoType:uint	NetworkMessage	infoType:writeByte	client-as3	273
GuildGetPlayerApplicationMessage	5398	sources/client273-as3/network/scripts/com/ankamagames/dofus/network/messages/game/guild/application/GuildGetPlayerApplicationMessage.as:11	0		NetworkMessage		client-as3	273
GuildHouseRemoveMessage	4888	sources/client273-as3/network/scripts/com/ankamagames/dofus/network/messages/game/guild/GuildHouseRemoveMessage.as:11	3	houseId:uint;instanceId:uint;secondHand:Boolean	NetworkMessage	houseId:writeVarInt;instanceId:writeInt;secondHand:writeBoolean	client-as3	273
GuildHouseUpdateInformationMessage	1590	sources/client273-as3/network/scripts/com/ankamagames/dofus/network/messages/game/guild/GuildHouseUpdateInformationMessage.as:12	1	housesInformations:HouseInformationsForGuild	NetworkMessage	housesInformations:asHouseInformationsForGuild	client-as3	273
GuildHousesInformationMessage	5207	sources/client273-as3/network/scripts/com/ankamagames/dofus/network/messages/game/guild/GuildHousesInformationMessage.as:12	1	housesInformations:Vector.<HouseInformationsForGuild>	NetworkMessage	housesInformations#len:writeShort;housesInformations[]:asHouseInformationsForGuild	client-as3	273
GuildInformationsGeneralMessage	4406	sources/client273-as3/network/scripts/com/ankamagames/dofus/network/messages/game/guild/GuildInformationsGeneralMessage.as:11	7	abandonnedPaddock:Boolean;level:uint;expLevelFloor:Number;experience:Number;expNextLevelFloor:Number;creationDate:uint;score:int	NetworkMessage	abandonnedPaddock:writeBoolean;level:writeByte;expLevelFloor:writeVarLong;experience:writeVarLong;expNextLevelFloor:writeVarLong;creationDate:writeInt;score:writeInt	client-as3	273
GuildInformationsMemberUpdateMessage	6708	sources/client273-as3/network/scripts/com/ankamagames/dofus/network/messages/game/guild/GuildInformationsMemberUpdateMessage.as:12	1	member:GuildMemberInfo	NetworkMessage	member:asGuildMemberInfo	client-as3	273
GuildInformationsMembersMessage	6362	sources/client273-as3/network/scripts/com/ankamagames/dofus/network/messages/game/guild/GuildInformationsMembersMessage.as:12	1	members:Vector.<GuildMemberInfo>	NetworkMessage	members#len:writeShort;members[]:asGuildMemberInfo	client-as3	273
GuildInformationsPaddocksMessage	7168	sources/client273-as3/network/scripts/com/ankamagames/dofus/network/messages/game/guild/GuildInformationsPaddocksMessage.as:12	2	nbPaddockMax:uint;paddocksInformations:Vector.<PaddockContentInformations>	NetworkMessage	nbPaddockMax:writeByte;paddocksInformations#len:writeShort;paddocksInformations[]:asPaddockContentInformations	client-as3	273
GuildInvitationAnswerMessage	5328	sources/client273-as3/network/scripts/com/ankamagames/dofus/network/messages/game/guild/GuildInvitationAnswerMessage.as:11	1	accept:Boolean	NetworkMessage	accept:writeBoolean	client-as3	273
GuildInvitationMessage	8788	sources/client273-as3/network/scripts/com/ankamagames/dofus/network/messages/game/guild/GuildInvitationMessage.as:11	1	targetId:Number	NetworkMessage	targetId:writeVarLong	client-as3	273
GuildInvitationStateRecrutedMessage	9851	sources/client273-as3/network/scripts/com/ankamagames/dofus/network/messages/game/guild/GuildInvitationStateRecrutedMessage.as:11	1	invitationState:uint	NetworkMessage	invitationState:writeByte	client-as3	273
GuildInvitationStateRecruterMessage	2343	sources/client273-as3/network/scripts/com/ankamagames/dofus/network/messages/game/guild/GuildInvitationStateRecruterMessage.as:11	2	recrutedName:String;invitationState:uint	NetworkMessage	recrutedName:writeUTF;invitationState:writeByte	client-as3	273
GuildInvitedMessage	4003	sources/client273-as3/network/scripts/com/ankamagames/dofus/network/messages/game/guild/GuildInvitedMessage.as:12	2	recruterName:String;guildInfo:GuildInformations	NetworkMessage	recruterName:writeUTF;guildInfo:asGuildInformations	client-as3	273
GuildIsThereAnyApplicationMessage	5069	sources/client273-as3/network/scripts/com/ankamagames/dofus/network/messages/game/guild/application/GuildIsThereAnyApplicationMessage.as:11	0		NetworkMessage		client-as3	273
GuildJoinAutomaticallyRequestMessage	2737	sources/client273-as3/network/scripts/com/ankamagames/dofus/network/messages/game/guild/GuildJoinAutomaticallyRequestMessage.as:11	1	guildId:int	NetworkMessage	guildId:writeInt	client-as3	273
GuildJoinedMessage	2814	sources/client273-as3/network/scripts/com/ankamagames/dofus/network/messages/game/guild/GuildJoinedMessage.as:12	2	guildInfo:GuildInformations;rankId:uint	NetworkMessage	guildInfo:asGuildInformations;rankId:writeVarInt	client-as3	273
GuildKickRequestMessage	9738	sources/client273-as3/network/scripts/com/ankamagames/dofus/network/messages/game/guild/GuildKickRequestMessage.as:11	1	kickedId:Number	NetworkMessage	kickedId:writeVarLong	client-as3	273
GuildLeftMessage	3266	sources/client273-as3/network/scripts/com/ankamagames/dofus/network/messages/game/guild/GuildLeftMessage.as:11	0		NetworkMessage		client-as3	273
GuildLevelUpMessage	5408	sources/client273-as3/network/scripts/com/ankamagames/dofus/network/messages/game/guild/GuildLevelUpMessage.as:11	1	newLevel:uint	NetworkMessage	newLevel:writeByte	client-as3	273
GuildListApplicationAnswerMessage	948	sources/client273-as3/network/scripts/com/ankamagames/dofus/network/messages/game/guild/application/GuildListApplicationAnswerMessage.as:12	1	applies:Vector.<SocialApplicationInformation>	PaginationAnswerAbstractMessage	super:PaginationAnswerAbstractMessage;applies#len:writeShort;applies[]:asSocialApplicationInformation	client-as3	273
GuildListApplicationModifiedMessage	7224	sources/client273-as3/network/scripts/com/ankamagames/dofus/network/messages/game/guild/application/GuildListApplicationModifiedMessage.as:12	3	apply:SocialApplicationInformation;state:uint;playerId:Number	NetworkMessage	apply:asSocialApplicationInformation;state:writeByte;playerId:writeVarLong	client-as3	273
GuildListApplicationRequestMessage	695	sources/client273-as3/network/scripts/com/ankamagames/dofus/network/messages/game/guild/application/GuildListApplicationRequestMessage.as:11	0		PaginationRequestAbstractMessage	super:PaginationRequestAbstractMessage	client-as3	273
GuildListMessage	669	sources/client273-as3/network/scripts/com/ankamagames/dofus/network/messages/game/guild/GuildListMessage.as:12	1	guilds:Vector.<GuildInformations>	NetworkMessage	guilds#len:writeShort;guilds[]:asGuildInformations	client-as3	273
GuildLogbookInformationMessage	7376	sources/client273-as3/network/scripts/com/ankamagames/dofus/network/messages/game/guild/logbook/GuildLogbookInformationMessage.as:13	2	globalActivities:Vector.<GuildLogbookEntryBasicInformation>;chestActivities:Vector.<GuildLogbookEntryBasicInformation>	NetworkMessage	globalActivities#len:writeShort;globalActivities[]#typeId:writeShort;globalActivities[]:serialize;chestActivities#len:writeShort;chestActivities[]#typeId:writeShort;chestActivities[]:serialize	client-as3	273
GuildLogbookInformationRequestMessage	319	sources/client273-as3/network/scripts/com/ankamagames/dofus/network/messages/game/guild/logbook/GuildLogbookInformationRequestMessage.as:11	0		NetworkMessage		client-as3	273
GuildMemberLeavingMessage	7246	sources/client273-as3/network/scripts/com/ankamagames/dofus/network/messages/game/guild/GuildMemberLeavingMessage.as:11	2	kicked:Boolean;memberId:Number	NetworkMessage	kicked:writeBoolean;memberId:writeVarLong	client-as3	273
GuildMemberOnlineStatusMessage	8750	sources/client273-as3/network/scripts/com/ankamagames/dofus/network/messages/game/guild/GuildMemberOnlineStatusMessage.as:11	2	memberId:Number;online:Boolean	NetworkMessage	memberId:writeVarLong;online:writeBoolean	client-as3	273
GuildMemberStartWarnOnConnectionMessage	6143	sources/client273-as3/network/scripts/com/ankamagames/dofus/network/messages/game/guild/GuildMemberStartWarnOnConnectionMessage.as:11	0		NetworkMessage		client-as3	273
GuildMemberStopWarnOnConnectionMessage	8625	sources/client273-as3/network/scripts/com/ankamagames/dofus/network/messages/game/guild/GuildMemberStopWarnOnConnectionMessage.as:11	0		NetworkMessage		client-as3	273
GuildMembershipMessage	2644	sources/client273-as3/network/scripts/com/ankamagames/dofus/network/messages/game/guild/GuildMembershipMessage.as:11	0		GuildJoinedMessage	super:GuildJoinedMessage	client-as3	273
GuildModificationEmblemValidMessage	4735	sources/client273-as3/network/scripts/com/ankamagames/dofus/network/messages/game/guild/GuildModificationEmblemValidMessage.as:12	1	guildEmblem:SocialEmblem	NetworkMessage	guildEmblem:asSocialEmblem	client-as3	273
GuildModificationNameValidMessage	5733	sources/client273-as3/network/scripts/com/ankamagames/dofus/network/messages/game/guild/GuildModificationNameValidMessage.as:11	1	guildName:String	NetworkMessage	guildName:writeUTF	client-as3	273
GuildModificationResultMessage	775	sources/client273-as3/network/scripts/com/ankamagames/dofus/network/messages/game/guild/GuildModificationResultMessage.as:11	1	result:uint	NetworkMessage	result:writeByte	client-as3	273
GuildModificationStartedMessage	515	sources/client273-as3/network/scripts/com/ankamagames/dofus/network/messages/game/guild/GuildModificationStartedMessage.as:12	2	canChangeName:Boolean;canChangeEmblem:Boolean	NetworkMessage	canChangeName:bit0;canChangeEmblem:bit1;#local:writeByte	client-as3	273
GuildModificationValidMessage	4686	sources/client273-as3/network/scripts/com/ankamagames/dofus/network/messages/game/guild/GuildModificationValidMessage.as:12	2	guildName:String;guildEmblem:SocialEmblem	NetworkMessage	guildName:writeUTF;guildEmblem:asSocialEmblem	client-as3	273
GuildMotdMessage	4318	sources/client273-as3/network/scripts/com/ankamagames/dofus/network/messages/game/guild/GuildMotdMessage.as:11	0		SocialNoticeMessage	super:SocialNoticeMessage	client-as3	273
GuildMotdSetErrorMessage	6422	sources/client273-as3/network/scripts/com/ankamagames/dofus/network/messages/game/guild/GuildMotdSetErrorMessage.as:11	0		SocialNoticeSetErrorMessage	super:SocialNoticeSetErrorMessage	client-as3	273
GuildMotdSetRequestMessage	3388	sources/client273-as3/network/scripts/com/ankamagames/dofus/network/messages/game/guild/GuildMotdSetRequestMessage.as:11	1	content:String	SocialNoticeSetRequestMessage	super:SocialNoticeSetRequestMessage;content:writeUTF	client-as3	273
GuildPaddockBoughtMessage	4625	sources/client273-as3/network/scripts/com/ankamagames/dofus/network/messages/game/guild/GuildPaddockBoughtMessage.as:12	1	paddockInfo:PaddockContentInformations	NetworkMessage	paddockInfo:asPaddockContentInformations	client-as3	273
GuildPaddockRemovedMessage	1415	sources/client273-as3/network/scripts/com/ankamagames/dofus/network/messages/game/guild/GuildPaddockRemovedMessage.as:11	1	paddockId:Number	NetworkMessage	paddockId:writeDouble	client-as3	273
GuildPaddockTeleportRequestMessage	8533	sources/client273-as3/network/scripts/com/ankamagames/dofus/network/messages/game/guild/GuildPaddockTeleportRequestMessage.as:11	1	paddockId:Number	NetworkMessage	paddockId:writeDouble	client-as3	273
GuildPlayerApplicationAbstractMessage	4745	sources/client273-as3/network/scripts/com/ankamagames/dofus/network/messages/game/guild/application/GuildPlayerApplicationAbstractMessage.as:11	0		NetworkMessage		client-as3	273
GuildPlayerApplicationInformationMessage	656	sources/client273-as3/network/scripts/com/ankamagames/dofus/network/messages/game/guild/application/GuildPlayerApplicationInformationMessage.as:12	2	guildInformation:GuildInformations;apply:SocialApplicationInformation	GuildPlayerApplicationAbstractMessage	super:GuildPlayerApplicationAbstractMessage;guildInformation:asGuildInformations;apply:asSocialApplicationInformation	client-as3	273
GuildPlayerNoApplicationInformationMessage	6961	sources/client273-as3/network/scripts/com/ankamagames/dofus/network/messages/game/guild/application/GuildPlayerNoApplicationInformationMessage.as:10	0		GuildPlayerApplicationAbstractMessage		client-as3	273
GuildRanksMessage	3908	sources/client273-as3/network/scripts/com/ankamagames/dofus/network/messages/game/guild/GuildRanksMessage.as:12	1	ranks:Vector.<RankInformation>	NetworkMessage	ranks#len:writeShort;ranks[]:asRankInformation	client-as3	273
GuildRanksRequestMessage	5381	sources/client273-as3/network/scripts/com/ankamagames/dofus/network/messages/game/guild/GuildRanksRequestMessage.as:11	0		NetworkMessage		client-as3	273
GuildRecruitmentInvalidateMessage	5184	sources/client273-as3/network/scripts/com/ankamagames/dofus/network/messages/game/guild/recruitment/GuildRecruitmentInvalidateMessage.as:11	0		NetworkMessage		client-as3	273
GuildSelectChestTabRequestMessage	7367	sources/client273-as3/network/scripts/com/ankamagames/dofus/network/messages/game/guild/GuildSelectChestTabRequestMessage.as:11	1	tabNumber:uint	NetworkMessage	tabNumber:writeVarInt	client-as3	273
GuildSpellUpgradeRequestMessage	5991	sources/client273-as3/network/scripts/com/ankamagames/dofus/network/messages/game/guild/GuildSpellUpgradeRequestMessage.as:11	1	spellId:uint	NetworkMessage	spellId:writeInt	client-as3	273
GuildSubmitApplicationMessage	2378	sources/client273-as3/network/scripts/com/ankamagames/dofus/network/messages/game/guild/application/GuildSubmitApplicationMessage.as:11	13	applyText:String;guildId:uint;timeSpent:uint;filterLanguage:String;filterAmbiance:String;filterPlaytime:String;filterInterest:String;filterMinMaxGuildLevel:String;filterRecruitmentType:String;filterMinMaxCharacterLevel:String;filterMinMaxAchievement:String;filterSearchName:String;filterLastSort:String	NetworkMessage	applyText:writeUTF;guildId:writeVarInt;timeSpent:writeVarInt;filterLanguage:writeUTF;filterAmbiance:writeUTF;filterPlaytime:writeUTF;filterInterest:writeUTF;filterMinMaxGuildLevel:writeUTF;filterRecruitmentType:writeUTF;filterMinMaxCharacterLevel:writeUTF;filterMinMaxAchievement:writeUTF;filterSearchName:writeUTF;filterLastSort:writeUTF	client-as3	273
GuildSummaryMessage	156	sources/client273-as3/network/scripts/com/ankamagames/dofus/network/messages/game/guild/GuildSummaryMessage.as:12	1	guilds:Vector.<GuildFactSheetInformations>	PaginationAnswerAbstractMessage	super:PaginationAnswerAbstractMessage;guilds#len:writeShort;guilds[]:asGuildFactSheetInformations	client-as3	273
GuildSummaryRequestMessage	1163	sources/client273-as3/network/scripts/com/ankamagames/dofus/network/messages/game/guild/GuildSummaryRequestMessage.as:12	14	nameFilter:String;hideFullFilter:Boolean;followingGuildCriteria:Boolean;criterionFilter:Vector.<uint>;languagesFilter:Vector.<uint>;recruitmentTypeFilter:Vector.<uint>;minLevelFilter:uint;maxLevelFilter:uint;minPlayerLevelFilter:uint;maxPlayerLevelFilter:uint;minSuccessFilter:uint;maxSuccessFilter:uint;sortType:uint;sortDescending:Boolean	PaginationRequestAbstractMessage	super:PaginationRequestAbstractMessage;hideFullFilter:bit0;followingGuildCriteria:bit1;sortDescending:bit2;#local:writeByte;nameFilter:writeUTF;criterionFilter#len:writeShort;criterionFilter[]:writeVarInt;languagesFilter#len:writeShort;languagesFilter[]:writeVarInt;recruitmentTypeFilter#len:writeShort;recruitmentTypeFilter[]:writeByte;minLevelFilter:writeShort;maxLevelFilter:writeShort;minPlayerLevelFilter:writeShort;maxPlayerLevelFilter:writeShort;minSuccessFilter:writeVarInt;maxSuccessFilter:writeVarInt;sortType:writeByte	client-as3	273
GuildUpdateApplicationMessage	7570	sources/client273-as3/network/scripts/com/ankamagames/dofus/network/messages/game/guild/application/GuildUpdateApplicationMessage.as:11	2	applyText:String;guildId:uint	NetworkMessage	applyText:writeUTF;guildId:writeVarInt	client-as3	273
GuildUpdateChestTabRequestMessage	6464	sources/client273-as3/network/scripts/com/ankamagames/dofus/network/messages/game/guild/GuildUpdateChestTabRequestMessage.as:12	1	tab:UpdatedStorageTabInformation	NetworkMessage	tab:asUpdatedStorageTabInformation	client-as3	273
GuildUpdateNoteMessage	7051	sources/client273-as3/network/scripts/com/ankamagames/dofus/network/messages/game/guild/application/GuildUpdateNoteMessage.as:11	2	memberId:Number;note:String	NetworkMessage	memberId:writeVarLong;note:writeUTF	client-as3	273
HaapiApiKeyMessage	4765	sources/client273-as3/network/scripts/com/ankamagames/dofus/network/messages/web/haapi/HaapiApiKeyMessage.as:11	1	token:String	NetworkMessage	token:writeUTF	client-as3	273
HaapiApiKeyRequestMessage	9219	sources/client273-as3/network/scripts/com/ankamagames/dofus/network/messages/web/haapi/HaapiApiKeyRequestMessage.as:11	0		NetworkMessage		client-as3	273
HaapiAuthErrorMessage	349	sources/client273-as3/network/scripts/com/ankamagames/dofus/network/messages/web/haapi/HaapiAuthErrorMessage.as:11	1	type:uint	NetworkMessage	type:writeByte	client-as3	273
HaapiBufferListMessage	3	sources/client273-as3/network/scripts/com/ankamagames/dofus/network/messages/web/haapi/HaapiBufferListMessage.as:12	1	buffers:Vector.<BufferInformation>	NetworkMessage	buffers#len:writeShort;buffers[]:asBufferInformation	client-as3	273
HaapiBufferListRequestMessage	4581	sources/client273-as3/network/scripts/com/ankamagames/dofus/network/messages/web/haapi/HaapiBufferListRequestMessage.as:11	0		NetworkMessage		client-as3	273
HaapiBuyValidationMessage	1448	sources/client273-as3/network/scripts/com/ankamagames/dofus/network/messages/web/haapi/HaapiBuyValidationMessage.as:10	2	amount:Number;email:String	HaapiValidationMessage	super:HaapiValidationMessage;amount:writeVarLong;email:writeUTF	client-as3	273
HaapiCancelBidRequestMessage	6447	sources/client273-as3/network/scripts/com/ankamagames/dofus/network/messages/web/haapi/HaapiCancelBidRequestMessage.as:11	2	id:Number;type:uint	NetworkMessage	id:writeVarLong;type:writeByte	client-as3	273
HaapiConfirmationMessage	5031	sources/client273-as3/network/scripts/com/ankamagames/dofus/network/messages/web/haapi/HaapiConfirmationMessage.as:11	5	kamas:Number;amount:Number;rate:uint;action:uint;transaction:String	NetworkMessage	kamas:writeVarLong;amount:writeVarLong;rate:writeVarShort;action:writeByte;transaction:writeUTF	client-as3	273
HaapiConfirmationRequestMessage	7674	sources/client273-as3/network/scripts/com/ankamagames/dofus/network/messages/web/haapi/HaapiConfirmationRequestMessage.as:11	4	kamas:Number;ogrines:Number;rate:uint;action:uint	NetworkMessage	kamas:writeVarLong;ogrines:writeVarLong;rate:writeVarShort;action:writeByte	client-as3	273
HaapiConsumeBufferRequestMessage	2127	sources/client273-as3/network/scripts/com/ankamagames/dofus/network/messages/web/haapi/HaapiConsumeBufferRequestMessage.as:11	0		NetworkMessage		client-as3	273
HaapiSessionMessage	4199	sources/client273-as3/network/scripts/com/ankamagames/dofus/network/messages/web/haapi/HaapiSessionMessage.as:11	2	key:String;type:uint	NetworkMessage	key:writeUTF;type:writeByte	client-as3	273
HaapiShopApiKeyMessage	1934	sources/client273-as3/network/scripts/com/ankamagames/dofus/network/messages/web/haapi/HaapiShopApiKeyMessage.as:11	1	token:String	NetworkMessage	token:writeUTF	client-as3	273
HaapiShopApiKeyRequestMessage	9104	sources/client273-as3/network/scripts/com/ankamagames/dofus/network/messages/web/haapi/HaapiShopApiKeyRequestMessage.as:11	0		NetworkMessage		client-as3	273
HaapiValidationMessage	7090	sources/client273-as3/network/scripts/com/ankamagames/dofus/network/messages/web/haapi/HaapiValidationMessage.as:11	2	action:uint;code:uint	NetworkMessage	action:writeByte;code:writeByte	client-as3	273
HaapiValidationRequestMessage	2930	sources/client273-as3/network/scripts/com/ankamagames/dofus/network/messages/web/haapi/HaapiValidationRequestMessage.as:11	1	transaction:String	NetworkMessage	transaction:writeUTF	client-as3	273
HavenBagDailyLoteryMessage	9352	sources/client273-as3/network/scripts/com/ankamagames/dofus/network/messages/game/context/roleplay/havenbag/HavenBagDailyLoteryMessage.as:11	2	returnType:uint;gameActionId:String	NetworkMessage	returnType:writeByte;gameActionId:writeUTF	client-as3	273
HavenBagFurnituresMessage	135	sources/client273-as3/network/scripts/com/ankamagames/dofus/network/messages/game/context/roleplay/havenbag/HavenBagFurnituresMessage.as:12	1	furnituresInfos:Vector.<HavenBagFurnitureInformation>	NetworkMessage	furnituresInfos#len:writeShort;furnituresInfos[]:asHavenBagFurnitureInformation	client-as3	273
HavenBagFurnituresRequestMessage	5127	sources/client273-as3/network/scripts/com/ankamagames/dofus/network/messages/game/context/roleplay/havenbag/HavenBagFurnituresRequestMessage.as:11	3	cellIds:Vector.<uint>;funitureIds:Vector.<int>;orientations:Vector.<uint>	NetworkMessage	cellIds#len:writeShort;cellIds[]:writeVarShort;funitureIds#len:writeShort;funitureIds[]:writeInt;orientations#len:writeShort;orientations[]:writeByte	client-as3	273
HavenBagPackListMessage	9897	sources/client273-as3/network/scripts/com/ankamagames/dofus/network/messages/game/context/roleplay/havenbag/HavenBagPackListMessage.as:11	1	packIds:Vector.<int>	NetworkMessage	packIds#len:writeShort;packIds[]:writeByte	client-as3	273
HavenBagPermissionsUpdateMessage	7957	sources/client273-as3/network/scripts/com/ankamagames/dofus/network/messages/game/context/roleplay/havenbag/meeting/HavenBagPermissionsUpdateMessage.as:11	1	permissions:uint	NetworkMessage	permissions:writeInt	client-as3	273
HavenBagPermissionsUpdateRequestMessage	958	sources/client273-as3/network/scripts/com/ankamagames/dofus/network/messages/game/context/roleplay/havenbag/meeting/HavenBagPermissionsUpdateRequestMessage.as:11	1	permissions:uint	NetworkMessage	permissions:writeInt	client-as3	273
HavenBagRoomUpdateMessage	5461	sources/client273-as3/network/scripts/com/ankamagames/dofus/network/messages/game/context/roleplay/havenbag/HavenBagRoomUpdateMessage.as:12	2	action:uint;roomsPreview:Vector.<HavenBagRoomPreviewInformation>	NetworkMessage	action:writeByte;roomsPreview#len:writeShort;roomsPreview[]:asHavenBagRoomPreviewInformation	client-as3	273
HelloConnectMessage	5586	sources/client273-as3/network/scripts/com/ankamagames/dofus/network/messages/connection/HelloConnectMessage.as:11	2	salt:String;key:Vector.<int>	NetworkMessage	salt:writeUTF;key#len:writeVarInt;key[]:writeByte	client-as3	273
HelloGameMessage	708	sources/client273-as3/network/scripts/com/ankamagames/dofus/network/messages/game/approach/HelloGameMessage.as:11	0		NetworkMessage		client-as3	273
HouseBuyRequestMessage	5849	sources/client273-as3/network/scripts/com/ankamagames/dofus/network/messages/game/context/roleplay/houses/HouseBuyRequestMessage.as:11	1	proposedPrice:Number	NetworkMessage	proposedPrice:writeVarLong	client-as3	273
HouseBuyResultMessage	4284	sources/client273-as3/network/scripts/com/ankamagames/dofus/network/messages/game/context/roleplay/houses/HouseBuyResultMessage.as:12	5	houseId:uint;instanceId:uint;secondHand:Boolean;bought:Boolean;realPrice:Number	NetworkMessage	secondHand:bit0;bought:bit1;#local:writeByte;houseId:writeVarInt;instanceId:writeInt;realPrice:writeVarLong	client-as3	273
HouseGuildNoneMessage	7676	sources/client273-as3/network/scripts/com/ankamagames/dofus/network/messages/game/context/roleplay/houses/guild/HouseGuildNoneMessage.as:11	3	houseId:uint;instanceId:uint;secondHand:Boolean	NetworkMessage	houseId:writeVarInt;instanceId:writeInt;secondHand:writeBoolean	client-as3	273
HouseGuildRightsMessage	8722	sources/client273-as3/network/scripts/com/ankamagames/dofus/network/messages/game/context/roleplay/houses/guild/HouseGuildRightsMessage.as:12	5	houseId:uint;instanceId:uint;secondHand:Boolean;guildInfo:GuildInformations;rights:uint	NetworkMessage	houseId:writeVarInt;instanceId:writeInt;secondHand:writeBoolean;guildInfo:asGuildInformations;rights:writeVarInt	client-as3	273
HouseGuildRightsViewMessage	9956	sources/client273-as3/network/scripts/com/ankamagames/dofus/network/messages/game/context/roleplay/houses/guild/HouseGuildRightsViewMessage.as:11	2	houseId:uint;instanceId:uint	NetworkMessage	houseId:writeVarInt;instanceId:writeInt	client-as3	273
HouseGuildShareRequestMessage	5369	sources/client273-as3/network/scripts/com/ankamagames/dofus/network/messages/game/context/roleplay/houses/guild/HouseGuildShareRequestMessage.as:11	4	houseId:uint;instanceId:uint;enable:Boolean;rights:uint	NetworkMessage	houseId:writeVarInt;instanceId:writeInt;enable:writeBoolean;rights:writeVarInt	client-as3	273
HouseKickRequestMessage	7559	sources/client273-as3/network/scripts/com/ankamagames/dofus/network/messages/game/context/roleplay/houses/HouseKickRequestMessage.as:11	1	id:Number	NetworkMessage	id:writeVarLong	client-as3	273
HouseLockFromInsideRequestMessage	9529	sources/client273-as3/network/scripts/com/ankamagames/dofus/network/messages/game/context/roleplay/houses/HouseLockFromInsideRequestMessage.as:11	0		LockableChangeCodeMessage	super:LockableChangeCodeMessage	client-as3	273
HousePropertiesMessage	3385	sources/client273-as3/network/scripts/com/ankamagames/dofus/network/messages/game/context/roleplay/houses/HousePropertiesMessage.as:13	3	houseId:uint;doorsOnMap:Vector.<uint>;properties:HouseInstanceInformations	NetworkMessage	houseId:writeVarInt;doorsOnMap#len:writeShort;doorsOnMap[]:writeInt;#typeId:writeShort;properties:serialize	client-as3	273
HouseSellFromInsideRequestMessage	6061	sources/client273-as3/network/scripts/com/ankamagames/dofus/network/messages/game/context/roleplay/houses/HouseSellFromInsideRequestMessage.as:10	0		HouseSellRequestMessage	super:HouseSellRequestMessage	client-as3	273
HouseSellRequestMessage	1606	sources/client273-as3/network/scripts/com/ankamagames/dofus/network/messages/game/context/roleplay/houses/HouseSellRequestMessage.as:11	3	instanceId:uint;amount:Number;forSale:Boolean	NetworkMessage	instanceId:writeInt;amount:writeVarLong;forSale:writeBoolean	client-as3	273
HouseSellingUpdateMessage	6800	sources/client273-as3/network/scripts/com/ankamagames/dofus/network/messages/game/context/roleplay/houses/HouseSellingUpdateMessage.as:12	5	houseId:uint;instanceId:uint;secondHand:Boolean;realPrice:Number;buyerTag:AccountTagInformation	NetworkMessage	houseId:writeVarInt;instanceId:writeInt;secondHand:writeBoolean;realPrice:writeVarLong;buyerTag:asAccountTagInformation	client-as3	273
HouseTeleportRequestMessage	3189	sources/client273-as3/network/scripts/com/ankamagames/dofus/network/messages/game/house/HouseTeleportRequestMessage.as:11	2	houseId:uint;houseInstanceId:uint	NetworkMessage	houseId:writeVarInt;houseInstanceId:writeInt	client-as3	273
HouseToSellFilterMessage	9188	sources/client273-as3/network/scripts/com/ankamagames/dofus/network/messages/game/context/roleplay/houses/HouseToSellFilterMessage.as:11	6	areaId:int;atLeastNbRoom:uint;atLeastNbChest:uint;skillRequested:uint;maxPrice:Number;orderBy:uint	NetworkMessage	areaId:writeInt;atLeastNbRoom:writeByte;atLeastNbChest:writeByte;skillRequested:writeVarShort;maxPrice:writeVarLong;orderBy:writeByte	client-as3	273
HouseToSellListMessage	8317	sources/client273-as3/network/scripts/com/ankamagames/dofus/network/messages/game/context/roleplay/houses/HouseToSellListMessage.as:12	3	pageIndex:uint;totalPage:uint;houseList:Vector.<HouseInformationsForSell>	NetworkMessage	pageIndex:writeVarShort;totalPage:writeVarShort;houseList#len:writeShort;houseList[]:asHouseInformationsForSell	client-as3	273
HouseToSellListRequestMessage	6950	sources/client273-as3/network/scripts/com/ankamagames/dofus/network/messages/game/context/roleplay/houses/HouseToSellListRequestMessage.as:11	1	pageIndex:uint	NetworkMessage	pageIndex:writeVarShort	client-as3	273
IconNamedPresetSaveRequestMessage	6922	sources/client273-as3/network/scripts/com/ankamagames/dofus/network/messages/game/presets/IconNamedPresetSaveRequestMessage.as:10	2	name:String;type:uint	IconPresetSaveRequestMessage	super:IconPresetSaveRequestMessage;name:writeUTF;type:writeByte	client-as3	273
IconPresetSaveRequestMessage	6591	sources/client273-as3/network/scripts/com/ankamagames/dofus/network/messages/game/presets/IconPresetSaveRequestMessage.as:11	3	presetId:int;symbolId:uint;updateData:Boolean	NetworkMessage	presetId:writeShort;symbolId:writeByte;updateData:writeBoolean	client-as3	273
IdentificationFailedBannedMessage	8668	sources/client273-as3/network/scripts/com/ankamagames/dofus/network/messages/connection/IdentificationFailedBannedMessage.as:10	1	banEndDate:Number	IdentificationFailedMessage	super:IdentificationFailedMessage;banEndDate:writeDouble	client-as3	273
IdentificationFailedForBadVersionMessage	4124	sources/client273-as3/network/scripts/com/ankamagames/dofus/network/messages/connection/IdentificationFailedForBadVersionMessage.as:11	1	requiredVersion:Version	IdentificationFailedMessage	super:IdentificationFailedMessage;requiredVersion:asVersion	client-as3	273
IdentificationFailedMessage	4567	sources/client273-as3/network/scripts/com/ankamagames/dofus/network/messages/connection/IdentificationFailedMessage.as:11	1	reason:uint	NetworkMessage	reason:writeByte	client-as3	273
IdentificationMessage	9262	sources/client273-as3/network/scripts/com/ankamagames/dofus/network/messages/connection/IdentificationMessage.as:13	9	version:Version;lang:String;credentials:Vector.<int>;serverId:int;autoconnect:Boolean;useCertificate:Boolean;useLoginToken:Boolean;sessionOptionalSalt:Number;failedAttempts:Vector.<uint>	NetworkMessage	autoconnect:bit0;useCertificate:bit1;useLoginToken:bit2;#local:writeByte;version:asVersion;lang:writeUTF;credentials#len:writeVarInt;credentials[]:writeByte;serverId:writeShort;sessionOptionalSalt:writeVarLong;failedAttempts#len:writeShort;failedAttempts[]:writeVarShort	client-as3	273
IdentificationSuccessMessage	6104	sources/client273-as3/network/scripts/com/ankamagames/dofus/network/messages/connection/IdentificationSuccessMessage.as:13	11	login:String;accountTag:AccountTagInformation;accountId:uint;communityId:uint;hasRights:Boolean;hasReportRight:Boolean;hasForceRight:Boolean;accountCreation:Number;subscriptionEndDate:Number;wasAlreadyConnected:Boolean;havenbagAvailableRoom:uint	NetworkMessage	hasRights:bit0;hasReportRight:bit1;hasForceRight:bit2;wasAlreadyConnected:bit3;#local:writeByte;login:writeUTF;accountTag:asAccountTagInformation;accountId:writeInt;communityId:writeByte;accountCreation:writeDouble;subscriptionEndDate:writeDouble;havenbagAvailableRoom:writeByte	client-as3	273
IgnoredAddFailureMessage	7186	sources/client273-as3/network/scripts/com/ankamagames/dofus/network/messages/game/friend/IgnoredAddFailureMessage.as:11	1	reason:uint	NetworkMessage	reason:writeByte	client-as3	273
IgnoredAddRequestMessage	5112	sources/client273-as3/network/scripts/com/ankamagames/dofus/network/messages/game/friend/IgnoredAddRequestMessage.as:13	2	target:AbstractPlayerSearchInformation;session:Boolean	NetworkMessage	#typeId:writeShort;target:serialize;session:writeBoolean	client-as3	273
IgnoredAddedMessage	3797	sources/client273-as3/network/scripts/com/ankamagames/dofus/network/messages/game/friend/IgnoredAddedMessage.as:13	2	ignoreAdded:IgnoredInformations;session:Boolean	NetworkMessage	#typeId:writeShort;ignoreAdded:serialize;session:writeBoolean	client-as3	273
IgnoredDeleteRequestMessage	7645	sources/client273-as3/network/scripts/com/ankamagames/dofus/network/messages/game/friend/IgnoredDeleteRequestMessage.as:11	2	accountId:uint;session:Boolean	NetworkMessage	accountId:writeInt;session:writeBoolean	client-as3	273
IgnoredDeleteResultMessage	2365	sources/client273-as3/network/scripts/com/ankamagames/dofus/network/messages/game/friend/IgnoredDeleteResultMessage.as:13	3	success:Boolean;tag:AccountTagInformation;session:Boolean	NetworkMessage	success:bit0;session:bit1;#local:writeByte;tag:asAccountTagInformation	client-as3	273
IgnoredGetListMessage	8068	sources/client273-as3/network/scripts/com/ankamagames/dofus/network/messages/game/friend/IgnoredGetListMessage.as:11	0		NetworkMessage		client-as3	273
IgnoredListMessage	8123	sources/client273-as3/network/scripts/com/ankamagames/dofus/network/messages/game/friend/IgnoredListMessage.as:13	1	ignoredList:Vector.<IgnoredInformations>	NetworkMessage	ignoredList#len:writeShort;ignoredList[]#typeId:writeShort;ignoredList[]:serialize	client-as3	273
InteractiveElementUpdatedMessage	8912	sources/client273-as3/network/scripts/com/ankamagames/dofus/network/messages/game/interactive/InteractiveElementUpdatedMessage.as:12	1	interactiveElement:InteractiveElement	NetworkMessage	interactiveElement:asInteractiveElement	client-as3	273
InteractiveMapUpdateMessage	9493	sources/client273-as3/network/scripts/com/ankamagames/dofus/network/messages/game/interactive/InteractiveMapUpdateMessage.as:13	1	interactiveElements:Vector.<InteractiveElement>	NetworkMessage	interactiveElements#len:writeShort;interactiveElements[]#typeId:writeShort;interactiveElements[]:serialize	client-as3	273
InteractiveUseEndedMessage	2897	sources/client273-as3/network/scripts/com/ankamagames/dofus/network/messages/game/interactive/InteractiveUseEndedMessage.as:11	2	elemId:uint;skillId:uint	NetworkMessage	elemId:writeVarInt;skillId:writeVarShort	client-as3	273
InteractiveUseErrorMessage	2991	sources/client273-as3/network/scripts/com/ankamagames/dofus/network/messages/game/interactive/InteractiveUseErrorMessage.as:11	2	elemId:uint;skillInstanceUid:uint	NetworkMessage	elemId:writeVarInt;skillInstanceUid:writeVarInt	client-as3	273
InteractiveUseRequestMessage	1424	sources/client273-as3/network/scripts/com/ankamagames/dofus/network/messages/game/interactive/InteractiveUseRequestMessage.as:11	2	elemId:uint;skillInstanceUid:uint	NetworkMessage	elemId:writeVarInt;skillInstanceUid:writeVarInt	client-as3	273
InteractiveUseWithParamRequestMessage	8117	sources/client273-as3/network/scripts/com/ankamagames/dofus/network/messages/game/interactive/skill/InteractiveUseWithParamRequestMessage.as:11	1	id:int	InteractiveUseRequestMessage	super:InteractiveUseRequestMessage;id:writeInt	client-as3	273
InteractiveUsedMessage	3900	sources/client273-as3/network/scripts/com/ankamagames/dofus/network/messages/game/interactive/InteractiveUsedMessage.as:11	5	entityId:Number;elemId:uint;skillId:uint;duration:uint;canMove:Boolean	NetworkMessage	entityId:writeVarLong;elemId:writeVarInt;skillId:writeVarShort;duration:writeVarShort;canMove:writeBoolean	client-as3	273
InvalidPresetsMessage	1001	sources/client273-as3/network/scripts/com/ankamagames/dofus/network/messages/game/presets/InvalidPresetsMessage.as:11	1	presetIds:Vector.<uint>	NetworkMessage	presetIds#len:writeShort;presetIds[]:writeShort	client-as3	273
InventoryContentMessage	8042	sources/client273-as3/network/scripts/com/ankamagames/dofus/network/messages/game/inventory/items/InventoryContentMessage.as:12	2	objects:Vector.<ObjectItem>;kamas:Number	NetworkMessage	objects#len:writeShort;objects[]:asObjectItem;kamas:writeVarLong	client-as3	273
InventoryWeightMessage	9677	sources/client273-as3/network/scripts/com/ankamagames/dofus/network/messages/game/inventory/items/InventoryWeightMessage.as:11	2	inventoryWeight:uint;weightMax:uint	NetworkMessage	inventoryWeight:writeVarInt;weightMax:writeVarInt	client-as3	273
InviteInHavenBagClosedMessage	8001	sources/client273-as3/network/scripts/com/ankamagames/dofus/network/messages/game/context/roleplay/havenbag/meeting/InviteInHavenBagClosedMessage.as:12	1	hostInformations:CharacterMinimalInformations	NetworkMessage	hostInformations:asCharacterMinimalInformations	client-as3	273
InviteInHavenBagMessage	949	sources/client273-as3/network/scripts/com/ankamagames/dofus/network/messages/game/context/roleplay/havenbag/meeting/InviteInHavenBagMessage.as:12	2	guestInformations:CharacterMinimalInformations;accept:Boolean	NetworkMessage	guestInformations:asCharacterMinimalInformations;accept:writeBoolean	client-as3	273
InviteInHavenBagOfferMessage	5037	sources/client273-as3/network/scripts/com/ankamagames/dofus/network/messages/game/context/roleplay/havenbag/meeting/InviteInHavenBagOfferMessage.as:12	2	hostInformations:CharacterMinimalInformations;timeLeftBeforeCancel:int	NetworkMessage	hostInformations:asCharacterMinimalInformations;timeLeftBeforeCancel:writeVarInt	client-as3	273
ItemForPresetUpdateMessage	6815	sources/client273-as3/network/scripts/com/ankamagames/dofus/network/messages/game/presets/ItemForPresetUpdateMessage.as:12	2	presetId:int;presetItem:ItemForPreset	NetworkMessage	presetId:writeShort;presetItem:asItemForPreset	client-as3	273
ItemNoMoreAvailableMessage	2498	sources/client273-as3/network/scripts/com/ankamagames/dofus/network/messages/game/inventory/exchanges/ItemNoMoreAvailableMessage.as:11	0		NetworkMessage		client-as3	273
JobAllowMultiCraftRequestMessage	1737	sources/client273-as3/network/scripts/com/ankamagames/dofus/network/messages/game/context/roleplay/job/JobAllowMultiCraftRequestMessage.as:11	1	enabled:Boolean	NetworkMessage	enabled:writeBoolean	client-as3	273
JobBookSubscribeRequestMessage	7221	sources/client273-as3/network/scripts/com/ankamagames/dofus/network/messages/game/inventory/exchanges/JobBookSubscribeRequestMessage.as:11	1	jobIds:Vector.<uint>	NetworkMessage	jobIds#len:writeShort;jobIds[]:writeByte	client-as3	273
JobBookSubscriptionMessage	6723	sources/client273-as3/network/scripts/com/ankamagames/dofus/network/messages/game/context/roleplay/job/JobBookSubscriptionMessage.as:12	1	subscriptions:Vector.<JobBookSubscription>	NetworkMessage	subscriptions#len:writeShort;subscriptions[]:asJobBookSubscription	client-as3	273
JobCrafterDirectoryAddMessage	9328	sources/client273-as3/network/scripts/com/ankamagames/dofus/network/messages/game/context/roleplay/job/JobCrafterDirectoryAddMessage.as:12	1	listEntry:JobCrafterDirectoryListEntry	NetworkMessage	listEntry:asJobCrafterDirectoryListEntry	client-as3	273
JobCrafterDirectoryDefineSettingsMessage	5859	sources/client273-as3/network/scripts/com/ankamagames/dofus/network/messages/game/context/roleplay/job/JobCrafterDirectoryDefineSettingsMessage.as:12	1	settings:JobCrafterDirectorySettings	NetworkMessage	settings:asJobCrafterDirectorySettings	client-as3	273
JobCrafterDirectoryEntryMessage	2116	sources/client273-as3/network/scripts/com/ankamagames/dofus/network/messages/game/context/roleplay/job/JobCrafterDirectoryEntryMessage.as:14	3	playerInfo:JobCrafterDirectoryEntryPlayerInfo;jobInfoList:Vector.<JobCrafterDirectoryEntryJobInfo>;playerLook:EntityLook	NetworkMessage	playerInfo:asJobCrafterDirectoryEntryPlayerInfo;jobInfoList#len:writeShort;jobInfoList[]:asJobCrafterDirectoryEntryJobInfo;playerLook:asEntityLook	client-as3	273
JobCrafterDirectoryEntryRequestMessage	1749	sources/client273-as3/network/scripts/com/ankamagames/dofus/network/messages/game/context/roleplay/job/JobCrafterDirectoryEntryRequestMessage.as:11	1	playerId:Number	NetworkMessage	playerId:writeVarLong	client-as3	273
JobCrafterDirectoryListMessage	8710	sources/client273-as3/network/scripts/com/ankamagames/dofus/network/messages/game/context/roleplay/job/JobCrafterDirectoryListMessage.as:12	1	listEntries:Vector.<JobCrafterDirectoryListEntry>	NetworkMessage	listEntries#len:writeShort;listEntries[]:asJobCrafterDirectoryListEntry	client-as3	273
JobCrafterDirectoryListRequestMessage	5876	sources/client273-as3/network/scripts/com/ankamagames/dofus/network/messages/game/context/roleplay/job/JobCrafterDirectoryListRequestMessage.as:11	1	jobId:uint	NetworkMessage	jobId:writeByte	client-as3	273
JobCrafterDirectoryRemoveMessage	3245	sources/client273-as3/network/scripts/com/ankamagames/dofus/network/messages/game/context/roleplay/job/JobCrafterDirectoryRemoveMessage.as:11	2	jobId:uint;playerId:Number	NetworkMessage	jobId:writeByte;playerId:writeVarLong	client-as3	273
JobCrafterDirectorySettingsMessage	9206	sources/client273-as3/network/scripts/com/ankamagames/dofus/network/messages/game/context/roleplay/job/JobCrafterDirectorySettingsMessage.as:12	1	craftersSettings:Vector.<JobCrafterDirectorySettings>	NetworkMessage	craftersSettings#len:writeShort;craftersSettings[]:asJobCrafterDirectorySettings	client-as3	273
JobDescriptionMessage	9539	sources/client273-as3/network/scripts/com/ankamagames/dofus/network/messages/game/context/roleplay/job/JobDescriptionMessage.as:12	1	jobsDescription:Vector.<JobDescription>	NetworkMessage	jobsDescription#len:writeShort;jobsDescription[]:asJobDescription	client-as3	273
JobExperienceMultiUpdateMessage	8763	sources/client273-as3/network/scripts/com/ankamagames/dofus/network/messages/game/context/roleplay/job/JobExperienceMultiUpdateMessage.as:12	1	experiencesUpdate:Vector.<JobExperience>	NetworkMessage	experiencesUpdate#len:writeShort;experiencesUpdate[]:asJobExperience	client-as3	273
JobExperienceOtherPlayerUpdateMessage	1331	sources/client273-as3/network/scripts/com/ankamagames/dofus/network/messages/game/context/roleplay/job/JobExperienceOtherPlayerUpdateMessage.as:11	1	playerId:Number	JobExperienceUpdateMessage	super:JobExperienceUpdateMessage;playerId:writeVarLong	client-as3	273
JobExperienceUpdateMessage	6979	sources/client273-as3/network/scripts/com/ankamagames/dofus/network/messages/game/context/roleplay/job/JobExperienceUpdateMessage.as:12	1	experiencesUpdate:JobExperience	NetworkMessage	experiencesUpdate:asJobExperience	client-as3	273
JobLevelUpMessage	386	sources/client273-as3/network/scripts/com/ankamagames/dofus/network/messages/game/context/roleplay/job/JobLevelUpMessage.as:12	2	newLevel:uint;jobsDescription:JobDescription	NetworkMessage	newLevel:writeByte;jobsDescription:asJobDescription	client-as3	273
JobMultiCraftAvailableSkillsMessage	8902	sources/client273-as3/network/scripts/com/ankamagames/dofus/network/messages/game/context/roleplay/job/JobMultiCraftAvailableSkillsMessage.as:10	2	playerId:Number;skills:Vector.<uint>	JobAllowMultiCraftRequestMessage	super:JobAllowMultiCraftRequestMessage;playerId:writeVarLong;skills#len:writeShort;skills[]:writeVarShort	client-as3	273
KamasUpdateMessage	654	sources/client273-as3/network/scripts/com/ankamagames/dofus/network/messages/game/inventory/KamasUpdateMessage.as:11	1	kamasTotal:Number	NetworkMessage	kamasTotal:writeVarLong	client-as3	273
KickHavenBagRequestMessage	3554	sources/client273-as3/network/scripts/com/ankamagames/dofus/network/messages/game/context/roleplay/havenbag/KickHavenBagRequestMessage.as:11	1	guestId:Number	NetworkMessage	guestId:writeVarLong	client-as3	273
KnownZaapListMessage	5253	sources/client273-as3/network/scripts/com/ankamagames/dofus/network/messages/game/interactive/zaap/KnownZaapListMessage.as:11	1	destinations:Vector.<Number>	NetworkMessage	destinations#len:writeShort;destinations[]:writeDouble	client-as3	273
KohUpdateMessage	1036	sources/client273-as3/network/scripts/com/ankamagames/dofus/network/messages/game/alliance/KohUpdateMessage.as:12	3	kohAllianceInfo:Vector.<KohAllianceInfo>;startingAvaTimestamp:uint;nextTickTime:Number	NetworkMessage	kohAllianceInfo#len:writeShort;kohAllianceInfo[]:asKohAllianceInfo;startingAvaTimestamp:writeInt;nextTickTime:writeDouble	client-as3	273
KothEndMessage	506	sources/client273-as3/network/scripts/com/ankamagames/dofus/network/messages/game/alliance/KothEndMessage.as:12	1	winner:KothWinner	NetworkMessage	winner:asKothWinner	client-as3	273
LeaveDialogMessage	6689	sources/client273-as3/network/scripts/com/ankamagames/dofus/network/messages/game/dialog/LeaveDialogMessage.as:11	1	dialogType:uint	NetworkMessage	dialogType:writeByte	client-as3	273
LeaveDialogRequestMessage	9643	sources/client273-as3/network/scripts/com/ankamagames/dofus/network/messages/game/dialog/LeaveDialogRequestMessage.as:11	0		NetworkMessage		client-as3	273
LifePointsRegenBeginMessage	9965	sources/client273-as3/network/scripts/com/ankamagames/dofus/network/messages/game/character/stats/LifePointsRegenBeginMessage.as:11	1	regenRate:uint	NetworkMessage	regenRate:writeByte	client-as3	273
LifePointsRegenEndMessage	6833	sources/client273-as3/network/scripts/com/ankamagames/dofus/network/messages/game/character/stats/LifePointsRegenEndMessage.as:10	1	lifePointsGained:uint	UpdateLifePointsMessage	super:UpdateLifePointsMessage;lifePointsGained:writeVarInt	client-as3	273
ListMapNpcsQuestStatusUpdateMessage	5023	sources/client273-as3/network/scripts/com/ankamagames/dofus/network/messages/game/context/roleplay/npc/ListMapNpcsQuestStatusUpdateMessage.as:12	1	mapInfo:Vector.<MapNpcQuestInfo>	NetworkMessage	mapInfo#len:writeShort;mapInfo[]:asMapNpcQuestInfo	client-as3	273
ListenersOfSynchronizedStorageMessage	8036	sources/client273-as3/network/scripts/com/ankamagames/dofus/network/messages/game/guild/chest/ListenersOfSynchronizedStorageMessage.as:11	1	players:Vector.<String>	NetworkMessage	players#len:writeShort;players[]:writeUTF	client-as3	273
LivingObjectChangeSkinRequestMessage	2511	sources/client273-as3/network/scripts/com/ankamagames/dofus/network/messages/game/inventory/items/LivingObjectChangeSkinRequestMessage.as:11	3	livingUID:uint;livingPosition:uint;skinId:uint	NetworkMessage	livingUID:writeVarInt;livingPosition:writeByte;skinId:writeVarInt	client-as3	273
LivingObjectDissociateMessage	8437	sources/client273-as3/network/scripts/com/ankamagames/dofus/network/messages/game/inventory/items/LivingObjectDissociateMessage.as:11	2	livingUID:uint;livingPosition:uint	NetworkMessage	livingUID:writeVarInt;livingPosition:writeByte	client-as3	273
LivingObjectMessageMessage	6015	sources/client273-as3/network/scripts/com/ankamagames/dofus/network/messages/game/inventory/items/LivingObjectMessageMessage.as:11	4	msgId:uint;timeStamp:uint;owner:String;objectGenericId:uint	NetworkMessage	msgId:writeVarShort;timeStamp:writeInt;owner:writeUTF;objectGenericId:writeVarInt	client-as3	273
LivingObjectMessageRequestMessage	5726	sources/client273-as3/network/scripts/com/ankamagames/dofus/network/messages/game/inventory/items/LivingObjectMessageRequestMessage.as:11	3	msgId:uint;parameters:Vector.<String>;livingObject:uint	NetworkMessage	msgId:writeVarShort;parameters#len:writeShort;parameters[]:writeUTF;livingObject:writeVarInt	client-as3	273
LocalizedChatSmileyMessage	8626	sources/client273-as3/network/scripts/com/ankamagames/dofus/network/messages/game/chat/smiley/LocalizedChatSmileyMessage.as:10	1	cellId:uint	ChatSmileyMessage	super:ChatSmileyMessage;cellId:writeVarShort	client-as3	273
LockableChangeCodeMessage	9751	sources/client273-as3/network/scripts/com/ankamagames/dofus/network/messages/game/context/roleplay/lockable/LockableChangeCodeMessage.as:11	1	code:String	NetworkMessage	code:writeUTF	client-as3	273
LockableCodeResultMessage	7522	sources/client273-as3/network/scripts/com/ankamagames/dofus/network/messages/game/context/roleplay/lockable/LockableCodeResultMessage.as:11	1	result:uint	NetworkMessage	result:writeByte	client-as3	273
LockableShowCodeDialogMessage	9268	sources/client273-as3/network/scripts/com/ankamagames/dofus/network/messages/game/context/roleplay/lockable/LockableShowCodeDialogMessage.as:11	2	changeOrUse:Boolean;codeSize:uint	NetworkMessage	changeOrUse:writeBoolean;codeSize:writeByte	client-as3	273
LockableStateUpdateAbstractMessage	107	sources/client273-as3/network/scripts/com/ankamagames/dofus/network/messages/game/context/roleplay/lockable/LockableStateUpdateAbstractMessage.as:11	1	locked:Boolean	NetworkMessage	locked:writeBoolean	client-as3	273
LockableStateUpdateHouseDoorMessage	7692	sources/client273-as3/network/scripts/com/ankamagames/dofus/network/messages/game/context/roleplay/lockable/LockableStateUpdateHouseDoorMessage.as:10	3	houseId:uint;instanceId:uint;secondHand:Boolean	LockableStateUpdateAbstractMessage	super:LockableStateUpdateAbstractMessage;houseId:writeVarInt;instanceId:writeInt;secondHand:writeBoolean	client-as3	273
LockableStateUpdateStorageMessage	569	sources/client273-as3/network/scripts/com/ankamagames/dofus/network/messages/game/context/roleplay/lockable/LockableStateUpdateStorageMessage.as:10	2	mapId:Number;elementId:uint	LockableStateUpdateAbstractMessage	super:LockableStateUpdateAbstractMessage;mapId:writeDouble;elementId:writeVarInt	client-as3	273
LockableUseCodeMessage	3147	sources/client273-as3/network/scripts/com/ankamagames/dofus/network/messages/game/context/roleplay/lockable/LockableUseCodeMessage.as:11	1	code:String	NetworkMessage	code:writeUTF	client-as3	273
LoginQueueStatusMessage	3098	sources/client273-as3/network/scripts/com/ankamagames/dofus/network/messages/queues/LoginQueueStatusMessage.as:11	2	position:uint;total:uint	NetworkMessage	position:writeShort;total:writeShort	client-as3	273
MapComplementaryInformationsAnomalyMessage	7688	sources/client273-as3/network/scripts/com/ankamagames/dofus/network/messages/game/context/roleplay/anomaly/MapComplementaryInformationsAnomalyMessage.as:18	2	level:uint;closingTime:Number	MapComplementaryInformationsDataMessage	super:MapComplementaryInformationsDataMessage;level:writeVarShort;closingTime:writeVarLong	client-as3	273
MapComplementaryInformationsBreachMessage	4428	sources/client273-as3/network/scripts/com/ankamagames/dofus/network/messages/game/context/roleplay/breach/MapComplementaryInformationsBreachMessage.as:20	4	floor:uint;room:uint;infinityMode:uint;branches:Vector.<BreachBranch>	MapComplementaryInformationsDataMessage	super:MapComplementaryInformationsDataMessage;floor:writeVarInt;room:writeByte;infinityMode:writeShort;branches#len:writeShort;branches[]#typeId:writeShort;branches[]:serialize	client-as3	273
MapComplementaryInformationsDataInHavenBagMessage	2021	sources/client273-as3/network/scripts/com/ankamagames/dofus/network/messages/game/context/roleplay/MapComplementaryInformationsDataInHavenBagMessage.as:18	4	ownerInformations:CharacterMinimalInformations;theme:int;roomId:uint;maxRoomId:uint	MapComplementaryInformationsDataMessage	super:MapComplementaryInformationsDataMessage;ownerInformations:asCharacterMinimalInformations;theme:writeByte;roomId:writeByte;maxRoomId:writeByte	client-as3	273
MapComplementaryInformationsDataInHouseMessage	1071	sources/client273-as3/network/scripts/com/ankamagames/dofus/network/messages/game/context/roleplay/MapComplementaryInformationsDataInHouseMessage.as:18	1	currentHouse:HouseInformationsInside	MapComplementaryInformationsDataMessage	super:MapComplementaryInformationsDataMessage;currentHouse:asHouseInformationsInside	client-as3	273
MapComplementaryInformationsDataMessage	9792	sources/client273-as3/network/scripts/com/ankamagames/dofus/network/messages/game/context/roleplay/MapComplementaryInformationsDataMessage.as:19	10	subAreaId:uint;mapId:Number;houses:Vector.<HouseInformations>;actors:Vector.<GameRolePlayActorInformations>;interactiveElements:Vector.<InteractiveElement>;statedElements:Vector.<StatedElement>;obstacles:Vector.<MapObstacle>;fights:Vector.<FightCommonInformations>;hasAggressiveMonsters:Boolean;fightStartPositions:FightStartingPositions	NetworkMessage	subAreaId:writeVarShort;mapId:writeDouble;houses#len:writeShort;houses[]#typeId:writeShort;houses[]:serialize;actors#len:writeShort;actors[]#typeId:writeShort;actors[]:serialize;interactiveElements#len:writeShort;interactiveElements[]#typeId:writeShort;interactiveElements[]:serialize;statedElements#len:writeShort;statedElements[]:asStatedElement;obstacles#len:writeShort;obstacles[]:asMapObstacle;fights#len:writeShort;fights[]:asFightCommonInformations;hasAggressiveMonsters:writeBoolean;fightStartPositions:asFightStartingPositions	client-as3	273
MapComplementaryInformationsWithCoordsMessage	5198	sources/client273-as3/network/scripts/com/ankamagames/dofus/network/messages/game/context/roleplay/MapComplementaryInformationsWithCoordsMessage.as:17	2	worldX:int;worldY:int	MapComplementaryInformationsDataMessage	super:MapComplementaryInformationsDataMessage;worldX:writeShort;worldY:writeShort	client-as3	273
MapFightCountMessage	2838	sources/client273-as3/network/scripts/com/ankamagames/dofus/network/messages/game/context/roleplay/MapFightCountMessage.as:11	1	fightCount:uint	NetworkMessage	fightCount:writeVarShort	client-as3	273
MapFightStartPositionsUpdateMessage	9437	sources/client273-as3/network/scripts/com/ankamagames/dofus/network/messages/game/context/roleplay/MapFightStartPositionsUpdateMessage.as:12	2	mapId:Number;fightStartPositions:FightStartingPositions	NetworkMessage	mapId:writeDouble;fightStartPositions:asFightStartingPositions	client-as3	273
MapInformationsRequestMessage	2408	sources/client273-as3/network/scripts/com/ankamagames/dofus/network/messages/game/context/roleplay/MapInformationsRequestMessage.as:11	1	mapId:Number	NetworkMessage	mapId:writeDouble	client-as3	273
MapObstacleUpdateMessage	75	sources/client273-as3/network/scripts/com/ankamagames/dofus/network/messages/game/context/roleplay/MapObstacleUpdateMessage.as:12	1	obstacles:Vector.<MapObstacle>	NetworkMessage	obstacles#len:writeShort;obstacles[]:asMapObstacle	client-as3	273
MapRunningFightDetailsExtendedMessage	8895	sources/client273-as3/network/scripts/com/ankamagames/dofus/network/messages/game/context/roleplay/MapRunningFightDetailsExtendedMessage.as:12	1	namedPartyTeams:Vector.<NamedPartyTeam>	MapRunningFightDetailsMessage	super:MapRunningFightDetailsMessage;namedPartyTeams#len:writeShort;namedPartyTeams[]:asNamedPartyTeam	client-as3	273
MapRunningFightDetailsMessage	2005	sources/client273-as3/network/scripts/com/ankamagames/dofus/network/messages/game/context/roleplay/MapRunningFightDetailsMessage.as:13	3	fightId:uint;attackers:Vector.<GameFightFighterLightInformations>;defenders:Vector.<GameFightFighterLightInformations>	NetworkMessage	fightId:writeVarShort;attackers#len:writeShort;attackers[]#typeId:writeShort;attackers[]:serialize;defenders#len:writeShort;defenders[]#typeId:writeShort;defenders[]:serialize	client-as3	273
MapRunningFightDetailsRequestMessage	337	sources/client273-as3/network/scripts/com/ankamagames/dofus/network/messages/game/context/roleplay/MapRunningFightDetailsRequestMessage.as:11	1	fightId:uint	NetworkMessage	fightId:writeVarShort	client-as3	273
MapRunningFightListMessage	8225	sources/client273-as3/network/scripts/com/ankamagames/dofus/network/messages/game/context/roleplay/MapRunningFightListMessage.as:12	1	fights:Vector.<FightExternalInformations>	NetworkMessage	fights#len:writeShort;fights[]:asFightExternalInformations	client-as3	273
MapRunningFightListRequestMessage	1925	sources/client273-as3/network/scripts/com/ankamagames/dofus/network/messages/game/context/roleplay/MapRunningFightListRequestMessage.as:11	0		NetworkMessage		client-as3	273
MigratedServerListMessage	2491	sources/client273-as3/network/scripts/com/ankamagames/dofus/network/messages/connection/MigratedServerListMessage.as:11	1	migratedServerIds:Vector.<uint>	NetworkMessage	migratedServerIds#len:writeShort;migratedServerIds[]:writeVarShort	client-as3	273
MimicryObjectAssociatedMessage	1127	sources/client273-as3/network/scripts/com/ankamagames/dofus/network/messages/game/inventory/items/MimicryObjectAssociatedMessage.as:10	0		SymbioticObjectAssociatedMessage	super:SymbioticObjectAssociatedMessage	client-as3	273
MimicryObjectEraseRequestMessage	7124	sources/client273-as3/network/scripts/com/ankamagames/dofus/network/messages/game/inventory/items/MimicryObjectEraseRequestMessage.as:11	2	hostUID:uint;hostPos:uint	NetworkMessage	hostUID:writeVarInt;hostPos:writeByte	client-as3	273
MimicryObjectErrorMessage	3920	sources/client273-as3/network/scripts/com/ankamagames/dofus/network/messages/game/inventory/items/MimicryObjectErrorMessage.as:10	1	preview:Boolean	SymbioticObjectErrorMessage	super:SymbioticObjectErrorMessage;preview:writeBoolean	client-as3	273
MimicryObjectFeedAndAssociateRequestMessage	3754	sources/client273-as3/network/scripts/com/ankamagames/dofus/network/messages/game/inventory/items/MimicryObjectFeedAndAssociateRequestMessage.as:10	3	foodUID:uint;foodPos:uint;preview:Boolean	SymbioticObjectAssociateRequestMessage	super:SymbioticObjectAssociateRequestMessage;foodUID:writeVarInt;foodPos:writeByte;preview:writeBoolean	client-as3	273
MimicryObjectPreviewMessage	2255	sources/client273-as3/network/scripts/com/ankamagames/dofus/network/messages/game/inventory/items/MimicryObjectPreviewMessage.as:12	1	result:ObjectItem	NetworkMessage	result:asObjectItem	client-as3	273
MoodSmileyRequestMessage	6420	sources/client273-as3/network/scripts/com/ankamagames/dofus/network/messages/game/chat/smiley/MoodSmileyRequestMessage.as:11	1	smileyId:uint	NetworkMessage	smileyId:writeVarShort	client-as3	273
MoodSmileyResultMessage	1383	sources/client273-as3/network/scripts/com/ankamagames/dofus/network/messages/game/chat/smiley/MoodSmileyResultMessage.as:11	2	resultCode:uint;smileyId:uint	NetworkMessage	resultCode:writeByte;smileyId:writeVarShort	client-as3	273
MoodSmileyUpdateMessage	2215	sources/client273-as3/network/scripts/com/ankamagames/dofus/network/messages/game/chat/smiley/MoodSmileyUpdateMessage.as:11	3	accountId:uint;playerId:Number;smileyId:uint	NetworkMessage	accountId:writeInt;playerId:writeVarLong;smileyId:writeVarShort	client-as3	273
MountDataErrorMessage	2483	sources/client273-as3/network/scripts/com/ankamagames/dofus/network/messages/game/context/mount/MountDataErrorMessage.as:11	1	reason:uint	NetworkMessage	reason:writeByte	client-as3	273
MountDataMessage	137	sources/client273-as3/network/scripts/com/ankamagames/dofus/network/messages/game/context/mount/MountDataMessage.as:12	1	mountData:MountClientData	NetworkMessage	mountData:asMountClientData	client-as3	273
MountEmoteIconUsedOkMessage	3490	sources/client273-as3/network/scripts/com/ankamagames/dofus/network/messages/game/context/mount/MountEmoteIconUsedOkMessage.as:11	2	mountId:int;reactionType:uint	NetworkMessage	mountId:writeVarInt;reactionType:writeByte	client-as3	273
MountEquipedErrorMessage	5171	sources/client273-as3/network/scripts/com/ankamagames/dofus/network/messages/game/context/mount/MountEquipedErrorMessage.as:11	1	errorType:uint	NetworkMessage	errorType:writeByte	client-as3	273
MountFeedRequestMessage	3038	sources/client273-as3/network/scripts/com/ankamagames/dofus/network/messages/game/context/mount/MountFeedRequestMessage.as:11	4	mountUid:uint;mountLocation:int;mountFoodUid:uint;quantity:uint	NetworkMessage	mountUid:writeVarInt;mountLocation:writeByte;mountFoodUid:writeVarInt;quantity:writeVarInt	client-as3	273
MountHarnessColorsUpdateRequestMessage	4391	sources/client273-as3/network/scripts/com/ankamagames/dofus/network/messages/game/context/mount/MountHarnessColorsUpdateRequestMessage.as:11	1	useHarnessColors:Boolean	NetworkMessage	useHarnessColors:writeBoolean	client-as3	273
MountHarnessDissociateRequestMessage	7150	sources/client273-as3/network/scripts/com/ankamagames/dofus/network/messages/game/context/mount/MountHarnessDissociateRequestMessage.as:11	0		NetworkMessage		client-as3	273
MountInformationInPaddockRequestMessage	7545	sources/client273-as3/network/scripts/com/ankamagames/dofus/network/messages/game/context/mount/MountInformationInPaddockRequestMessage.as:11	1	mapRideId:int	NetworkMessage	mapRideId:writeVarInt	client-as3	273
MountInformationRequestMessage	826	sources/client273-as3/network/scripts/com/ankamagames/dofus/network/messages/game/context/mount/MountInformationRequestMessage.as:11	2	id:Number;time:Number	NetworkMessage	id:writeDouble;time:writeDouble	client-as3	273
MountReleaseRequestMessage	1227	sources/client273-as3/network/scripts/com/ankamagames/dofus/network/messages/game/context/mount/MountReleaseRequestMessage.as:11	0		NetworkMessage		client-as3	273
MountReleasedMessage	7843	sources/client273-as3/network/scripts/com/ankamagames/dofus/network/messages/game/context/mount/MountReleasedMessage.as:11	1	mountId:int	NetworkMessage	mountId:writeVarInt	client-as3	273
MountRenameRequestMessage	4115	sources/client273-as3/network/scripts/com/ankamagames/dofus/network/messages/game/context/mount/MountRenameRequestMessage.as:11	2	name:String;mountId:int	NetworkMessage	name:writeUTF;mountId:writeVarInt	client-as3	273
MountRenamedMessage	2688	sources/client273-as3/network/scripts/com/ankamagames/dofus/network/messages/game/context/mount/MountRenamedMessage.as:11	2	mountId:int;name:String	NetworkMessage	mountId:writeVarInt;name:writeUTF	client-as3	273
MountRidingMessage	3880	sources/client273-as3/network/scripts/com/ankamagames/dofus/network/messages/game/context/mount/MountRidingMessage.as:12	2	isRiding:Boolean;isAutopilot:Boolean	NetworkMessage	isRiding:bit0;isAutopilot:bit1;#local:writeByte	client-as3	273
MountSetMessage	110	sources/client273-as3/network/scripts/com/ankamagames/dofus/network/messages/game/context/mount/MountSetMessage.as:12	1	mountData:MountClientData	NetworkMessage	mountData:asMountClientData	client-as3	273
MountSetXpRatioRequestMessage	4347	sources/client273-as3/network/scripts/com/ankamagames/dofus/network/messages/game/context/mount/MountSetXpRatioRequestMessage.as:11	1	xpRatio:uint	NetworkMessage	xpRatio:writeByte	client-as3	273
MountSterilizeRequestMessage	658	sources/client273-as3/network/scripts/com/ankamagames/dofus/network/messages/game/context/mount/MountSterilizeRequestMessage.as:11	0		NetworkMessage		client-as3	273
MountSterilizedMessage	9430	sources/client273-as3/network/scripts/com/ankamagames/dofus/network/messages/game/context/mount/MountSterilizedMessage.as:11	1	mountId:int	NetworkMessage	mountId:writeVarInt	client-as3	273
MountToggleRidingRequestMessage	1106	sources/client273-as3/network/scripts/com/ankamagames/dofus/network/messages/game/context/mount/MountToggleRidingRequestMessage.as:11	0		NetworkMessage		client-as3	273
MountUnSetMessage	8582	sources/client273-as3/network/scripts/com/ankamagames/dofus/network/messages/game/context/mount/MountUnSetMessage.as:11	0		NetworkMessage		client-as3	273
MountXpRatioMessage	9050	sources/client273-as3/network/scripts/com/ankamagames/dofus/network/messages/game/context/mount/MountXpRatioMessage.as:11	1	ratio:uint	NetworkMessage	ratio:writeByte	client-as3	273
MoveTaxCollectorOrderedSpellMessage	8918	sources/client273-as3/network/scripts/com/ankamagames/dofus/network/messages/game/collector/tax/MoveTaxCollectorOrderedSpellMessage.as:11	3	taxCollectorId:Number;movedFrom:uint;movedTo:uint	NetworkMessage	taxCollectorId:writeDouble;movedFrom:writeByte;movedTo:writeByte	client-as3	273
MoveTaxCollectorPresetSpellMessage	6548	sources/client273-as3/network/scripts/com/ankamagames/dofus/network/messages/game/collector/tax/MoveTaxCollectorPresetSpellMessage.as:12	3	presetId:Uuid;movedFrom:uint;movedTo:uint	NetworkMessage	presetId:asUuid;movedFrom:writeByte;movedTo:writeByte	client-as3	273
MultiTabStorageMessage	7356	sources/client273-as3/network/scripts/com/ankamagames/dofus/network/messages/game/inventory/MultiTabStorageMessage.as:12	1	tabs:Vector.<StorageTabInformation>	NetworkMessage	tabs#len:writeShort;tabs[]:asStorageTabInformation	client-as3	273
NetworkDataContainerMessage	2	sources/client273-as3/network/scripts/com/ankamagames/dofus/network/messages/common/NetworkDataContainerMessage.as:12	0		NetworkMessage	content:writeBytes	client-as3	273
NicknameAcceptedMessage	8083	sources/client273-as3/network/scripts/com/ankamagames/dofus/network/messages/connection/register/NicknameAcceptedMessage.as:11	0		NetworkMessage		client-as3	273
NicknameChoiceRequestMessage	4608	sources/client273-as3/network/scripts/com/ankamagames/dofus/network/messages/connection/register/NicknameChoiceRequestMessage.as:11	1	nickname:String	NetworkMessage	nickname:writeUTF	client-as3	273
NicknameRefusedMessage	4482	sources/client273-as3/network/scripts/com/ankamagames/dofus/network/messages/connection/register/NicknameRefusedMessage.as:11	1	reason:uint	NetworkMessage	reason:writeByte	client-as3	273
NicknameRegistrationMessage	8872	sources/client273-as3/network/scripts/com/ankamagames/dofus/network/messages/connection/register/NicknameRegistrationMessage.as:11	0		NetworkMessage		client-as3	273
NotificationByServerMessage	3884	sources/client273-as3/network/scripts/com/ankamagames/dofus/network/messages/game/context/notification/NotificationByServerMessage.as:11	3	id:uint;parameters:Vector.<String>;forceOpen:Boolean	NetworkMessage	id:writeVarShort;parameters#len:writeShort;parameters[]:writeUTF;forceOpen:writeBoolean	client-as3	273
NotificationListMessage	7443	sources/client273-as3/network/scripts/com/ankamagames/dofus/network/messages/game/context/notification/NotificationListMessage.as:11	1	flags:Vector.<int>	NetworkMessage	flags#len:writeShort;flags[]:writeVarInt	client-as3	273
NotificationResetMessage	4503	sources/client273-as3/network/scripts/com/ankamagames/dofus/network/messages/game/context/notification/NotificationResetMessage.as:11	0		NetworkMessage		client-as3	273
NotificationUpdateFlagMessage	8455	sources/client273-as3/network/scripts/com/ankamagames/dofus/network/messages/game/context/notification/NotificationUpdateFlagMessage.as:11	1	index:uint	NetworkMessage	index:writeVarShort	client-as3	273
NpcDialogCreationMessage	3289	sources/client273-as3/network/scripts/com/ankamagames/dofus/network/messages/game/context/roleplay/npc/NpcDialogCreationMessage.as:11	2	mapId:Number;npcId:int	NetworkMessage	mapId:writeDouble;npcId:writeInt	client-as3	273
NpcDialogQuestionMessage	5481	sources/client273-as3/network/scripts/com/ankamagames/dofus/network/messages/game/context/roleplay/npc/NpcDialogQuestionMessage.as:11	3	messageId:uint;dialogParams:Vector.<String>;visibleReplies:Vector.<uint>	NetworkMessage	messageId:writeVarInt;dialogParams#len:writeShort;dialogParams[]:writeUTF;visibleReplies#len:writeShort;visibleReplies[]:writeVarInt	client-as3	273
NpcDialogReplyMessage	4752	sources/client273-as3/network/scripts/com/ankamagames/dofus/network/messages/game/context/roleplay/npc/NpcDialogReplyMessage.as:11	1	replyId:uint	NetworkMessage	replyId:writeVarInt	client-as3	273
NpcGenericActionFailureMessage	5877	sources/client273-as3/network/scripts/com/ankamagames/dofus/network/messages/game/context/roleplay/npc/NpcGenericActionFailureMessage.as:11	0		NetworkMessage		client-as3	273
NpcGenericActionRequestMessage	6670	sources/client273-as3/network/scripts/com/ankamagames/dofus/network/messages/game/context/roleplay/npc/NpcGenericActionRequestMessage.as:11	3	npcId:int;npcActionId:uint;npcMapId:Number	NetworkMessage	npcId:writeInt;npcActionId:writeByte;npcMapId:writeDouble	client-as3	273
NuggetsDistributionMessage	3417	sources/client273-as3/network/scripts/com/ankamagames/dofus/network/messages/game/nuggets/NuggetsDistributionMessage.as:12	1	beneficiaries:Vector.<NuggetsBeneficiary>	NetworkMessage	beneficiaries#len:writeShort;beneficiaries[]:asNuggetsBeneficiary	client-as3	273
NuggetsInformationMessage	5214	sources/client273-as3/network/scripts/com/ankamagames/dofus/network/messages/game/nuggets/NuggetsInformationMessage.as:11	1	nuggetsQuantity:int	NetworkMessage	nuggetsQuantity:writeInt	client-as3	273
NumericWhoIsMessage	2693	sources/client273-as3/network/scripts/com/ankamagames/dofus/network/messages/game/basic/NumericWhoIsMessage.as:11	2	playerId:Number;accountId:uint	NetworkMessage	playerId:writeVarLong;accountId:writeInt	client-as3	273
NumericWhoIsRequestMessage	2359	sources/client273-as3/network/scripts/com/ankamagames/dofus/network/messages/game/basic/NumericWhoIsRequestMessage.as:11	1	playerId:Number	NetworkMessage	playerId:writeVarLong	client-as3	273
ObjectAddedMessage	6866	sources/client273-as3/network/scripts/com/ankamagames/dofus/network/messages/game/inventory/items/ObjectAddedMessage.as:12	2	object:ObjectItem;origin:uint	NetworkMessage	object:asObjectItem;origin:writeByte	client-as3	273
ObjectAveragePricesErrorMessage	5074	sources/client273-as3/network/scripts/com/ankamagames/dofus/network/messages/game/inventory/ObjectAveragePricesErrorMessage.as:11	0		NetworkMessage		client-as3	273
ObjectAveragePricesGetMessage	2730	sources/client273-as3/network/scripts/com/ankamagames/dofus/network/messages/game/inventory/ObjectAveragePricesGetMessage.as:11	0		NetworkMessage		client-as3	273
ObjectAveragePricesMessage	2729	sources/client273-as3/network/scripts/com/ankamagames/dofus/network/messages/game/inventory/ObjectAveragePricesMessage.as:11	2	ids:Vector.<uint>;avgPrices:Vector.<Number>	NetworkMessage	ids#len:writeShort;ids[]:writeVarInt;avgPrices#len:writeShort;avgPrices[]:writeVarLong	client-as3	273
ObjectDeleteMessage	5997	sources/client273-as3/network/scripts/com/ankamagames/dofus/network/messages/game/inventory/items/ObjectDeleteMessage.as:11	2	objectUID:uint;quantity:uint	NetworkMessage	objectUID:writeVarInt;quantity:writeVarInt	client-as3	273
ObjectDeletedMessage	6668	sources/client273-as3/network/scripts/com/ankamagames/dofus/network/messages/game/inventory/items/ObjectDeletedMessage.as:11	1	objectUID:uint	NetworkMessage	objectUID:writeVarInt	client-as3	273
ObjectDropMessage	2531	sources/client273-as3/network/scripts/com/ankamagames/dofus/network/messages/game/inventory/items/ObjectDropMessage.as:11	2	objectUID:uint;quantity:uint	NetworkMessage	objectUID:writeVarInt;quantity:writeVarInt	client-as3	273
ObjectErrorMessage	2089	sources/client273-as3/network/scripts/com/ankamagames/dofus/network/messages/game/inventory/items/ObjectErrorMessage.as:11	1	reason:int	NetworkMessage	reason:writeByte	client-as3	273
ObjectFeedMessage	8727	sources/client273-as3/network/scripts/com/ankamagames/dofus/network/messages/game/feed/ObjectFeedMessage.as:12	2	objectUID:uint;meal:Vector.<ObjectItemQuantity>	NetworkMessage	objectUID:writeVarInt;meal#len:writeShort;meal[]:asObjectItemQuantity	client-as3	273
ObjectGroundAddedMessage	3774	sources/client273-as3/network/scripts/com/ankamagames/dofus/network/messages/game/context/roleplay/objects/ObjectGroundAddedMessage.as:11	2	cellId:uint;objectGID:uint	NetworkMessage	cellId:writeVarShort;objectGID:writeVarInt	client-as3	273
ObjectGroundListAddedMessage	7785	sources/client273-as3/network/scripts/com/ankamagames/dofus/network/messages/game/context/roleplay/objects/ObjectGroundListAddedMessage.as:11	2	cells:Vector.<uint>;referenceIds:Vector.<uint>	NetworkMessage	cells#len:writeShort;cells[]:writeVarShort;referenceIds#len:writeShort;referenceIds[]:writeVarInt	client-as3	273
ObjectGroundRemovedMessage	5855	sources/client273-as3/network/scripts/com/ankamagames/dofus/network/messages/game/context/roleplay/objects/ObjectGroundRemovedMessage.as:11	1	cell:uint	NetworkMessage	cell:writeVarShort	client-as3	273
ObjectGroundRemovedMultipleMessage	3407	sources/client273-as3/network/scripts/com/ankamagames/dofus/network/messages/game/context/roleplay/objects/ObjectGroundRemovedMultipleMessage.as:11	1	cells:Vector.<uint>	NetworkMessage	cells#len:writeShort;cells[]:writeVarShort	client-as3	273
ObjectJobAddedMessage	5441	sources/client273-as3/network/scripts/com/ankamagames/dofus/network/messages/game/inventory/items/ObjectJobAddedMessage.as:11	1	jobId:uint	NetworkMessage	jobId:writeByte	client-as3	273
ObjectModifiedMessage	7821	sources/client273-as3/network/scripts/com/ankamagames/dofus/network/messages/game/inventory/items/ObjectModifiedMessage.as:12	1	object:ObjectItem	NetworkMessage	object:asObjectItem	client-as3	273
ObjectMovementMessage	4510	sources/client273-as3/network/scripts/com/ankamagames/dofus/network/messages/game/inventory/items/ObjectMovementMessage.as:11	2	objectUID:uint;position:uint	NetworkMessage	objectUID:writeVarInt;position:writeShort	client-as3	273
ObjectQuantityMessage	204	sources/client273-as3/network/scripts/com/ankamagames/dofus/network/messages/game/inventory/items/ObjectQuantityMessage.as:11	3	objectUID:uint;quantity:uint;origin:uint	NetworkMessage	objectUID:writeVarInt;quantity:writeVarInt;origin:writeByte	client-as3	273
ObjectSetPositionMessage	5569	sources/client273-as3/network/scripts/com/ankamagames/dofus/network/messages/game/inventory/items/ObjectSetPositionMessage.as:11	3	objectUID:uint;position:uint;quantity:uint	NetworkMessage	objectUID:writeVarInt;position:writeShort;quantity:writeVarInt	client-as3	273
ObjectUseMessage	1372	sources/client273-as3/network/scripts/com/ankamagames/dofus/network/messages/game/inventory/items/ObjectUseMessage.as:11	1	objectUID:uint	NetworkMessage	objectUID:writeVarInt	client-as3	273
ObjectUseMultipleMessage	1310	sources/client273-as3/network/scripts/com/ankamagames/dofus/network/messages/game/inventory/items/ObjectUseMultipleMessage.as:10	1	quantity:uint	ObjectUseMessage	super:ObjectUseMessage;quantity:writeVarInt	client-as3	273
ObjectUseOnCellMessage	4046	sources/client273-as3/network/scripts/com/ankamagames/dofus/network/messages/game/inventory/items/ObjectUseOnCellMessage.as:10	1	cells:uint	ObjectUseMessage	super:ObjectUseMessage;cells:writeVarShort	client-as3	273
ObjectUseOnCharacterMessage	2165	sources/client273-as3/network/scripts/com/ankamagames/dofus/network/messages/game/inventory/items/ObjectUseOnCharacterMessage.as:10	1	characterId:Number	ObjectUseMessage	super:ObjectUseMessage;characterId:writeVarLong	client-as3	273
ObjectsAddedMessage	1527	sources/client273-as3/network/scripts/com/ankamagames/dofus/network/messages/game/inventory/items/ObjectsAddedMessage.as:12	1	object:Vector.<ObjectItem>	NetworkMessage	object#len:writeShort;object[]:asObjectItem	client-as3	273
ObjectsDeletedMessage	5219	sources/client273-as3/network/scripts/com/ankamagames/dofus/network/messages/game/inventory/items/ObjectsDeletedMessage.as:11	1	objectUID:Vector.<uint>	NetworkMessage	objectUID#len:writeShort;objectUID[]:writeVarInt	client-as3	273
ObjectsQuantityMessage	5664	sources/client273-as3/network/scripts/com/ankamagames/dofus/network/messages/game/inventory/items/ObjectsQuantityMessage.as:12	1	objectsUIDAndQty:Vector.<ObjectItemQuantity>	NetworkMessage	objectsUIDAndQty#len:writeShort;objectsUIDAndQty[]:asObjectItemQuantity	client-as3	273
ObtainedItemMessage	9678	sources/client273-as3/network/scripts/com/ankamagames/dofus/network/messages/game/inventory/items/ObtainedItemMessage.as:11	2	genericId:uint;baseQuantity:uint	NetworkMessage	genericId:writeVarInt;baseQuantity:writeVarInt	client-as3	273
ObtainedItemWithBonusMessage	7133	sources/client273-as3/network/scripts/com/ankamagames/dofus/network/messages/game/inventory/items/ObtainedItemWithBonusMessage.as:10	1	bonusQuantity:uint	ObtainedItemMessage	super:ObtainedItemMessage;bonusQuantity:writeVarInt	client-as3	273
OnConnectionEventMessage	999	sources/client273-as3/network/scripts/com/ankamagames/dofus/network/messages/game/initialization/OnConnectionEventMessage.as:11	1	eventType:uint	NetworkMessage	eventType:writeByte	client-as3	273
OpenGuideBookMessage	9970	sources/client273-as3/network/scripts/com/ankamagames/dofus/network/messages/game/context/roleplay/document/OpenGuideBookMessage.as:11	1	articleId:uint	NetworkMessage	articleId:writeVarShort	client-as3	273
OpenHavenBagFurnitureSequenceRequestMessage	7398	sources/client273-as3/network/scripts/com/ankamagames/dofus/network/messages/game/context/roleplay/havenbag/OpenHavenBagFurnitureSequenceRequestMessage.as:11	0		NetworkMessage		client-as3	273
OpponentSurrenderMessage	6059	sources/client273-as3/network/scripts/com/ankamagames/dofus/network/messages/game/surrender/vote/OpponentSurrenderMessage.as:11	0		NetworkMessage		client-as3	273
OrnamentGainedMessage	9883	sources/client273-as3/network/scripts/com/ankamagames/dofus/network/messages/game/tinsel/OrnamentGainedMessage.as:11	1	ornamentId:uint	NetworkMessage	ornamentId:writeShort	client-as3	273
OrnamentLostMessage	2799	sources/client273-as3/network/scripts/com/ankamagames/dofus/network/messages/game/tinsel/OrnamentLostMessage.as:11	1	ornamentId:uint	NetworkMessage	ornamentId:writeShort	client-as3	273
OrnamentSelectErrorMessage	6401	sources/client273-as3/network/scripts/com/ankamagames/dofus/network/messages/game/tinsel/OrnamentSelectErrorMessage.as:11	1	reason:uint	NetworkMessage	reason:writeByte	client-as3	273
OrnamentSelectRequestMessage	732	sources/client273-as3/network/scripts/com/ankamagames/dofus/network/messages/game/tinsel/OrnamentSelectRequestMessage.as:11	1	ornamentId:uint	NetworkMessage	ornamentId:writeVarShort	client-as3	273
OrnamentSelectedMessage	7251	sources/client273-as3/network/scripts/com/ankamagames/dofus/network/messages/game/tinsel/OrnamentSelectedMessage.as:11	1	ornamentId:uint	NetworkMessage	ornamentId:writeVarShort	client-as3	273
PaddockBuyRequestMessage	1669	sources/client273-as3/network/scripts/com/ankamagames/dofus/network/messages/game/context/mount/PaddockBuyRequestMessage.as:11	1	proposedPrice:Number	NetworkMessage	proposedPrice:writeVarLong	client-as3	273
PaddockBuyResultMessage	5838	sources/client273-as3/network/scripts/com/ankamagames/dofus/network/messages/game/context/mount/PaddockBuyResultMessage.as:11	3	paddockId:Number;bought:Boolean;realPrice:Number	NetworkMessage	paddockId:writeDouble;bought:writeBoolean;realPrice:writeVarLong	client-as3	273
PaddockMoveItemRequestMessage	6071	sources/client273-as3/network/scripts/com/ankamagames/dofus/network/messages/game/context/mount/PaddockMoveItemRequestMessage.as:11	2	oldCellId:uint;newCellId:uint	NetworkMessage	oldCellId:writeVarShort;newCellId:writeVarShort	client-as3	273
PaddockPropertiesMessage	4650	sources/client273-as3/network/scripts/com/ankamagames/dofus/network/messages/game/context/roleplay/paddock/PaddockPropertiesMessage.as:12	1	properties:PaddockInstancesInformations	NetworkMessage	properties:asPaddockInstancesInformations	client-as3	273
PaddockRemoveItemRequestMessage	2191	sources/client273-as3/network/scripts/com/ankamagames/dofus/network/messages/game/context/mount/PaddockRemoveItemRequestMessage.as:11	1	cellId:uint	NetworkMessage	cellId:writeVarShort	client-as3	273
PaddockSellBuyDialogMessage	4196	sources/client273-as3/network/scripts/com/ankamagames/dofus/network/messages/game/context/roleplay/paddock/PaddockSellBuyDialogMessage.as:11	3	bsell:Boolean;ownerId:uint;price:Number	NetworkMessage	bsell:writeBoolean;ownerId:writeVarInt;price:writeVarLong	client-as3	273
PaddockSellRequestMessage	6528	sources/client273-as3/network/scripts/com/ankamagames/dofus/network/messages/game/context/mount/PaddockSellRequestMessage.as:11	2	price:Number;forSale:Boolean	NetworkMessage	price:writeVarLong;forSale:writeBoolean	client-as3	273
PaddockToSellFilterMessage	3852	sources/client273-as3/network/scripts/com/ankamagames/dofus/network/messages/game/context/roleplay/paddock/PaddockToSellFilterMessage.as:11	5	areaId:int;atLeastNbMount:int;atLeastNbMachine:int;maxPrice:Number;orderBy:uint	NetworkMessage	areaId:writeInt;atLeastNbMount:writeByte;atLeastNbMachine:writeByte;maxPrice:writeVarLong;orderBy:writeByte	client-as3	273
PaddockToSellListMessage	7795	sources/client273-as3/network/scripts/com/ankamagames/dofus/network/messages/game/context/roleplay/paddock/PaddockToSellListMessage.as:12	3	pageIndex:uint;totalPage:uint;paddockList:Vector.<PaddockInformationsForSell>	NetworkMessage	pageIndex:writeVarShort;totalPage:writeVarShort;paddockList#len:writeShort;paddockList[]:asPaddockInformationsForSell	client-as3	273
PaddockToSellListRequestMessage	101	sources/client273-as3/network/scripts/com/ankamagames/dofus/network/messages/game/context/roleplay/paddock/PaddockToSellListRequestMessage.as:11	1	pageIndex:uint	NetworkMessage	pageIndex:writeVarShort	client-as3	273
PaginationAnswerAbstractMessage	1468	sources/client273-as3/network/scripts/com/ankamagames/dofus/network/messages/game/PaginationAnswerAbstractMessage.as:11	3	offset:Number;count:uint;total:uint	NetworkMessage	offset:writeDouble;count:writeUnsignedInt;total:writeUnsignedInt	client-as3	273
PaginationRequestAbstractMessage	6633	sources/client273-as3/network/scripts/com/ankamagames/dofus/network/messages/game/PaginationRequestAbstractMessage.as:11	2	offset:Number;count:uint	NetworkMessage	offset:writeDouble;count:writeUnsignedInt	client-as3	273
PartyAbdicateThroneMessage	7804	sources/client273-as3/network/scripts/com/ankamagames/dofus/network/messages/game/context/roleplay/party/PartyAbdicateThroneMessage.as:10	1	playerId:Number	AbstractPartyMessage	super:AbstractPartyMessage;playerId:writeVarLong	client-as3	273
PartyAcceptInvitationMessage	4342	sources/client273-as3/network/scripts/com/ankamagames/dofus/network/messages/game/context/roleplay/party/PartyAcceptInvitationMessage.as:10	0		AbstractPartyMessage	super:AbstractPartyMessage	client-as3	273
PartyCancelInvitationMessage	425	sources/client273-as3/network/scripts/com/ankamagames/dofus/network/messages/game/context/roleplay/party/PartyCancelInvitationMessage.as:10	1	guestId:Number	AbstractPartyMessage	super:AbstractPartyMessage;guestId:writeVarLong	client-as3	273
PartyCancelInvitationNotificationMessage	1327	sources/client273-as3/network/scripts/com/ankamagames/dofus/network/messages/game/context/roleplay/party/PartyCancelInvitationNotificationMessage.as:10	2	cancelerId:Number;guestId:Number	AbstractPartyEventMessage	super:AbstractPartyEventMessage;cancelerId:writeVarLong;guestId:writeVarLong	client-as3	273
PartyCannotJoinErrorMessage	6016	sources/client273-as3/network/scripts/com/ankamagames/dofus/network/messages/game/context/roleplay/party/PartyCannotJoinErrorMessage.as:10	1	reason:uint	AbstractPartyMessage	super:AbstractPartyMessage;reason:writeByte	client-as3	273
PartyDeletedMessage	8038	sources/client273-as3/network/scripts/com/ankamagames/dofus/network/messages/game/context/roleplay/party/PartyDeletedMessage.as:10	0		AbstractPartyMessage	super:AbstractPartyMessage	client-as3	273
PartyEntityUpdateLightMessage	2046	sources/client273-as3/network/scripts/com/ankamagames/dofus/network/messages/game/context/roleplay/party/entity/PartyEntityUpdateLightMessage.as:11	1	indexId:uint	PartyUpdateLightMessage	super:PartyUpdateLightMessage;indexId:writeByte	client-as3	273
PartyFollowMemberRequestMessage	7118	sources/client273-as3/network/scripts/com/ankamagames/dofus/network/messages/game/context/roleplay/party/PartyFollowMemberRequestMessage.as:10	1	playerId:Number	AbstractPartyMessage	super:AbstractPartyMessage;playerId:writeVarLong	client-as3	273
PartyFollowStatusUpdateMessage	4068	sources/client273-as3/network/scripts/com/ankamagames/dofus/network/messages/game/context/roleplay/party/PartyFollowStatusUpdateMessage.as:11	3	success:Boolean;isFollowed:Boolean;followedId:Number	AbstractPartyMessage	super:AbstractPartyMessage;success:bit0;isFollowed:bit1;#local:writeByte;followedId:writeVarLong	client-as3	273
PartyFollowThisMemberRequestMessage	327	sources/client273-as3/network/scripts/com/ankamagames/dofus/network/messages/game/context/roleplay/party/PartyFollowThisMemberRequestMessage.as:10	1	enabled:Boolean	PartyFollowMemberRequestMessage	super:PartyFollowMemberRequestMessage;enabled:writeBoolean	client-as3	273
PartyInvitationArenaRequestMessage	2774	sources/client273-as3/network/scripts/com/ankamagames/dofus/network/messages/game/context/roleplay/party/PartyInvitationArenaRequestMessage.as:11	0		PartyInvitationRequestMessage	super:PartyInvitationRequestMessage	client-as3	273
PartyInvitationCancelledForGuestMessage	7618	sources/client273-as3/network/scripts/com/ankamagames/dofus/network/messages/game/context/roleplay/party/PartyInvitationCancelledForGuestMessage.as:10	1	cancelerId:Number	AbstractPartyMessage	super:AbstractPartyMessage;cancelerId:writeVarLong	client-as3	273
PartyInvitationDetailsMessage	8607	sources/client273-as3/network/scripts/com/ankamagames/dofus/network/messages/game/context/roleplay/party/PartyInvitationDetailsMessage.as:13	7	partyType:uint;partyName:String;fromId:Number;fromName:String;leaderId:Number;members:Vector.<PartyInvitationMemberInformations>;guests:Vector.<PartyGuestInformations>	AbstractPartyMessage	super:AbstractPartyMessage;partyType:writeByte;partyName:writeUTF;fromId:writeVarLong;fromName:writeUTF;leaderId:writeVarLong;members#len:writeShort;members[]#typeId:writeShort;members[]:serialize;guests#len:writeShort;guests[]:asPartyGuestInformations	client-as3	273
PartyInvitationDetailsRequestMessage	8629	sources/client273-as3/network/scripts/com/ankamagames/dofus/network/messages/game/context/roleplay/party/PartyInvitationDetailsRequestMessage.as:10	0		AbstractPartyMessage	super:AbstractPartyMessage	client-as3	273
PartyInvitationDungeonDetailsMessage	2367	sources/client273-as3/network/scripts/com/ankamagames/dofus/network/messages/game/context/roleplay/party/PartyInvitationDungeonDetailsMessage.as:12	2	dungeonId:uint;playersDungeonReady:Vector.<Boolean>	PartyInvitationDetailsMessage	super:PartyInvitationDetailsMessage;dungeonId:writeVarShort;playersDungeonReady#len:writeShort;playersDungeonReady[]:writeBoolean	client-as3	273
PartyInvitationDungeonMessage	3539	sources/client273-as3/network/scripts/com/ankamagames/dofus/network/messages/game/context/roleplay/party/PartyInvitationDungeonMessage.as:10	1	dungeonId:uint	PartyInvitationMessage	super:PartyInvitationMessage;dungeonId:writeVarShort	client-as3	273
PartyInvitationDungeonRequestMessage	5145	sources/client273-as3/network/scripts/com/ankamagames/dofus/network/messages/game/context/roleplay/party/PartyInvitationDungeonRequestMessage.as:11	1	dungeonId:uint	PartyInvitationRequestMessage	super:PartyInvitationRequestMessage;dungeonId:writeVarShort	client-as3	273
PartyInvitationMessage	729	sources/client273-as3/network/scripts/com/ankamagames/dofus/network/messages/game/context/roleplay/party/PartyInvitationMessage.as:10	6	partyType:uint;partyName:String;maxParticipants:uint;fromId:Number;fromName:String;toId:Number	AbstractPartyMessage	super:AbstractPartyMessage;partyType:writeByte;partyName:writeUTF;maxParticipants:writeByte;fromId:writeVarLong;fromName:writeUTF;toId:writeVarLong	client-as3	273
PartyInvitationRequestMessage	7920	sources/client273-as3/network/scripts/com/ankamagames/dofus/network/messages/game/context/roleplay/party/PartyInvitationRequestMessage.as:13	1	target:AbstractPlayerSearchInformation	NetworkMessage	#typeId:writeShort;target:serialize	client-as3	273
PartyJoinMessage	6577	sources/client273-as3/network/scripts/com/ankamagames/dofus/network/messages/game/context/roleplay/party/PartyJoinMessage.as:13	7	partyType:uint;partyLeaderId:Number;maxParticipants:uint;members:Vector.<PartyMemberInformations>;guests:Vector.<PartyGuestInformations>;restricted:Boolean;partyName:String	AbstractPartyMessage	super:AbstractPartyMessage;partyType:writeByte;partyLeaderId:writeVarLong;maxParticipants:writeByte;members#len:writeShort;members[]#typeId:writeShort;members[]:serialize;guests#len:writeShort;guests[]:asPartyGuestInformations;restricted:writeBoolean;partyName:writeUTF	client-as3	273
PartyKickRequestMessage	7926	sources/client273-as3/network/scripts/com/ankamagames/dofus/network/messages/game/context/roleplay/party/PartyKickRequestMessage.as:10	1	playerId:Number	AbstractPartyMessage	super:AbstractPartyMessage;playerId:writeVarLong	client-as3	273
PartyKickedByMessage	4958	sources/client273-as3/network/scripts/com/ankamagames/dofus/network/messages/game/context/roleplay/party/PartyKickedByMessage.as:10	1	kickerId:Number	AbstractPartyMessage	super:AbstractPartyMessage;kickerId:writeVarLong	client-as3	273
PartyLeaderUpdateMessage	6439	sources/client273-as3/network/scripts/com/ankamagames/dofus/network/messages/game/context/roleplay/party/PartyLeaderUpdateMessage.as:10	1	partyLeaderId:Number	AbstractPartyEventMessage	super:AbstractPartyEventMessage;partyLeaderId:writeVarLong	client-as3	273
PartyLeaveMessage	83	sources/client273-as3/network/scripts/com/ankamagames/dofus/network/messages/game/context/roleplay/party/PartyLeaveMessage.as:10	0		AbstractPartyMessage	super:AbstractPartyMessage	client-as3	273
PartyLeaveRequestMessage	6779	sources/client273-as3/network/scripts/com/ankamagames/dofus/network/messages/game/context/roleplay/party/PartyLeaveRequestMessage.as:10	0		AbstractPartyMessage	super:AbstractPartyMessage	client-as3	273
PartyLocateMembersMessage	8066	sources/client273-as3/network/scripts/com/ankamagames/dofus/network/messages/game/context/roleplay/party/PartyLocateMembersMessage.as:11	1	geopositions:Vector.<PartyMemberGeoPosition>	AbstractPartyMessage	super:AbstractPartyMessage;geopositions#len:writeShort;geopositions[]:asPartyMemberGeoPosition	client-as3	273
PartyLocateMembersRequestMessage	4987	sources/client273-as3/network/scripts/com/ankamagames/dofus/network/messages/game/context/roleplay/party/PartyLocateMembersRequestMessage.as:10	0		AbstractPartyMessage	super:AbstractPartyMessage	client-as3	273
PartyLoyaltyStatusMessage	5384	sources/client273-as3/network/scripts/com/ankamagames/dofus/network/messages/game/context/roleplay/party/PartyLoyaltyStatusMessage.as:10	1	loyal:Boolean	AbstractPartyMessage	super:AbstractPartyMessage;loyal:writeBoolean	client-as3	273
PartyMemberEjectedMessage	9438	sources/client273-as3/network/scripts/com/ankamagames/dofus/network/messages/game/context/roleplay/party/PartyMemberEjectedMessage.as:10	1	kickerId:Number	PartyMemberRemoveMessage	super:PartyMemberRemoveMessage;kickerId:writeVarLong	client-as3	273
PartyMemberInBreachFightMessage	2380	sources/client273-as3/network/scripts/com/ankamagames/dofus/network/messages/game/context/roleplay/party/breach/PartyMemberInBreachFightMessage.as:11	2	floor:uint;room:uint	AbstractPartyMemberInFightMessage	super:AbstractPartyMemberInFightMessage;floor:writeVarInt;room:writeByte	client-as3	273
PartyMemberInStandardFightMessage	8285	sources/client273-as3/network/scripts/com/ankamagames/dofus/network/messages/game/context/roleplay/party/PartyMemberInStandardFightMessage.as:11	1	fightMap:MapCoordinatesExtended	AbstractPartyMemberInFightMessage	super:AbstractPartyMemberInFightMessage;fightMap:asMapCoordinatesExtended	client-as3	273
PartyMemberRemoveMessage	7328	sources/client273-as3/network/scripts/com/ankamagames/dofus/network/messages/game/context/roleplay/party/PartyMemberRemoveMessage.as:10	1	leavingPlayerId:Number	AbstractPartyEventMessage	super:AbstractPartyEventMessage;leavingPlayerId:writeVarLong	client-as3	273
PartyModifiableStatusMessage	2363	sources/client273-as3/network/scripts/com/ankamagames/dofus/network/messages/game/context/roleplay/party/PartyModifiableStatusMessage.as:10	1	enabled:Boolean	AbstractPartyMessage	super:AbstractPartyMessage;enabled:writeBoolean	client-as3	273
PartyNameSetErrorMessage	7989	sources/client273-as3/network/scripts/com/ankamagames/dofus/network/messages/game/context/roleplay/party/PartyNameSetErrorMessage.as:10	1	result:uint	AbstractPartyMessage	super:AbstractPartyMessage;result:writeByte	client-as3	273
PartyNameSetRequestMessage	9125	sources/client273-as3/network/scripts/com/ankamagames/dofus/network/messages/game/context/roleplay/party/PartyNameSetRequestMessage.as:10	1	partyName:String	AbstractPartyMessage	super:AbstractPartyMessage;partyName:writeUTF	client-as3	273
PartyNameUpdateMessage	9591	sources/client273-as3/network/scripts/com/ankamagames/dofus/network/messages/game/context/roleplay/party/PartyNameUpdateMessage.as:10	1	partyName:String	AbstractPartyMessage	super:AbstractPartyMessage;partyName:writeUTF	client-as3	273
PartyNewGuestMessage	7060	sources/client273-as3/network/scripts/com/ankamagames/dofus/network/messages/game/context/roleplay/party/PartyNewGuestMessage.as:11	1	guest:PartyGuestInformations	AbstractPartyEventMessage	super:AbstractPartyEventMessage;guest:asPartyGuestInformations	client-as3	273
PartyNewMemberMessage	4529	sources/client273-as3/network/scripts/com/ankamagames/dofus/network/messages/game/context/roleplay/party/PartyNewMemberMessage.as:11	0		PartyUpdateMessage	super:PartyUpdateMessage	client-as3	273
PartyPledgeLoyaltyRequestMessage	7730	sources/client273-as3/network/scripts/com/ankamagames/dofus/network/messages/game/context/roleplay/party/PartyPledgeLoyaltyRequestMessage.as:10	1	loyal:Boolean	AbstractPartyMessage	super:AbstractPartyMessage;loyal:writeBoolean	client-as3	273
PartyRefuseInvitationMessage	9721	sources/client273-as3/network/scripts/com/ankamagames/dofus/network/messages/game/context/roleplay/party/PartyRefuseInvitationMessage.as:10	0		AbstractPartyMessage	super:AbstractPartyMessage	client-as3	273
PartyRefuseInvitationNotificationMessage	1724	sources/client273-as3/network/scripts/com/ankamagames/dofus/network/messages/game/context/roleplay/party/PartyRefuseInvitationNotificationMessage.as:10	1	guestId:Number	AbstractPartyEventMessage	super:AbstractPartyEventMessage;guestId:writeVarLong	client-as3	273
PartyRestrictedMessage	2879	sources/client273-as3/network/scripts/com/ankamagames/dofus/network/messages/game/context/roleplay/party/PartyRestrictedMessage.as:10	1	restricted:Boolean	AbstractPartyMessage	super:AbstractPartyMessage;restricted:writeBoolean	client-as3	273
PartyStopFollowRequestMessage	8393	sources/client273-as3/network/scripts/com/ankamagames/dofus/network/messages/game/context/roleplay/party/PartyStopFollowRequestMessage.as:10	1	playerId:Number	AbstractPartyMessage	super:AbstractPartyMessage;playerId:writeVarLong	client-as3	273
PartyUpdateLightMessage	4231	sources/client273-as3/network/scripts/com/ankamagames/dofus/network/messages/game/context/roleplay/party/PartyUpdateLightMessage.as:10	5	id:Number;lifePoints:uint;maxLifePoints:uint;prospecting:uint;regenRate:uint	AbstractPartyEventMessage	super:AbstractPartyEventMessage;id:writeVarLong;lifePoints:writeVarInt;maxLifePoints:writeVarInt;prospecting:writeVarInt;regenRate:writeByte	client-as3	273
PartyUpdateMessage	5707	sources/client273-as3/network/scripts/com/ankamagames/dofus/network/messages/game/context/roleplay/party/PartyUpdateMessage.as:12	1	memberInformations:PartyMemberInformations	AbstractPartyEventMessage	super:AbstractPartyEventMessage;#typeId:writeShort;memberInformations:serialize	client-as3	273
PauseDialogMessage	3238	sources/client273-as3/network/scripts/com/ankamagames/dofus/network/messages/game/dialog/PauseDialogMessage.as:11	1	dialogType:uint	NetworkMessage	dialogType:writeByte	client-as3	273
PlayerStatusUpdateErrorMessage	3860	sources/client273-as3/network/scripts/com/ankamagames/dofus/network/messages/game/character/status/PlayerStatusUpdateErrorMessage.as:11	0		NetworkMessage		client-as3	273
PlayerStatusUpdateMessage	3675	sources/client273-as3/network/scripts/com/ankamagames/dofus/network/messages/game/character/status/PlayerStatusUpdateMessage.as:13	3	accountId:uint;playerId:Number;status:PlayerStatus	NetworkMessage	accountId:writeInt;playerId:writeVarLong;#typeId:writeShort;status:serialize	client-as3	273
PlayerStatusUpdateRequestMessage	4213	sources/client273-as3/network/scripts/com/ankamagames/dofus/network/messages/game/character/status/PlayerStatusUpdateRequestMessage.as:13	1	status:PlayerStatus	NetworkMessage	#typeId:writeShort;status:serialize	client-as3	273
PopupWarningCloseRequestMessage	663	sources/client273-as3/network/scripts/com/ankamagames/dofus/network/messages/game/moderation/PopupWarningCloseRequestMessage.as:11	0		NetworkMessage		client-as3	273
PopupWarningClosedMessage	2757	sources/client273-as3/network/scripts/com/ankamagames/dofus/network/messages/game/moderation/PopupWarningClosedMessage.as:11	0		NetworkMessage		client-as3	273
PopupWarningMessage	1024	sources/client273-as3/network/scripts/com/ankamagames/dofus/network/messages/game/moderation/PopupWarningMessage.as:11	3	lockDuration:uint;author:String;content:String	NetworkMessage	lockDuration:writeByte;author:writeUTF;content:writeUTF	client-as3	273
PortalDialogCreationMessage	6302	sources/client273-as3/network/scripts/com/ankamagames/dofus/network/messages/game/context/roleplay/npc/PortalDialogCreationMessage.as:10	1	type:uint	NpcDialogCreationMessage	super:NpcDialogCreationMessage;type:writeInt	client-as3	273
PortalUseRequestMessage	6790	sources/client273-as3/network/scripts/com/ankamagames/dofus/network/messages/game/context/roleplay/treasureHunt/PortalUseRequestMessage.as:11	1	portalId:uint	NetworkMessage	portalId:writeVarInt	client-as3	273
PresetDeleteRequestMessage	7052	sources/client273-as3/network/scripts/com/ankamagames/dofus/network/messages/game/presets/PresetDeleteRequestMessage.as:11	1	presetId:int	NetworkMessage	presetId:writeShort	client-as3	273
PresetDeleteResultMessage	6319	sources/client273-as3/network/scripts/com/ankamagames/dofus/network/messages/game/presets/PresetDeleteResultMessage.as:11	2	presetId:int;code:uint	NetworkMessage	presetId:writeShort;code:writeByte	client-as3	273
PresetSaveErrorMessage	7630	sources/client273-as3/network/scripts/com/ankamagames/dofus/network/messages/game/presets/PresetSaveErrorMessage.as:11	2	presetId:int;code:uint	NetworkMessage	presetId:writeShort;code:writeByte	client-as3	273
PresetSavedMessage	889	sources/client273-as3/network/scripts/com/ankamagames/dofus/network/messages/game/presets/PresetSavedMessage.as:13	2	presetId:int;preset:Preset	NetworkMessage	presetId:writeShort;#typeId:writeShort;preset:serialize	client-as3	273
PresetUseRequestMessage	7506	sources/client273-as3/network/scripts/com/ankamagames/dofus/network/messages/game/presets/PresetUseRequestMessage.as:11	1	presetId:int	NetworkMessage	presetId:writeShort	client-as3	273
PresetUseResultMessage	799	sources/client273-as3/network/scripts/com/ankamagames/dofus/network/messages/game/presets/PresetUseResultMessage.as:11	2	presetId:int;code:uint	NetworkMessage	presetId:writeShort;code:writeByte	client-as3	273
PresetUseResultWithMissingIdsMessage	5059	sources/client273-as3/network/scripts/com/ankamagames/dofus/network/messages/game/presets/PresetUseResultWithMissingIdsMessage.as:10	1	missingIds:Vector.<uint>	PresetUseResultMessage	super:PresetUseResultMessage;missingIds#len:writeShort;missingIds[]:writeVarShort	client-as3	273
PresetsMessage	8873	sources/client273-as3/network/scripts/com/ankamagames/dofus/network/messages/game/presets/PresetsMessage.as:13	1	presets:Vector.<Preset>	NetworkMessage	presets#len:writeShort;presets[]#typeId:writeShort;presets[]:serialize	client-as3	273
PrismAddOrUpdateMessage	1525	sources/client273-as3/network/scripts/com/ankamagames/dofus/network/messages/game/prism/PrismAddOrUpdateMessage.as:12	1	prism:PrismGeolocalizedInformation	NetworkMessage	prism:asPrismGeolocalizedInformation	client-as3	273
PrismAttackRequestMessage	6412	sources/client273-as3/network/scripts/com/ankamagames/dofus/network/messages/game/prism/PrismAttackRequestMessage.as:11	0		NetworkMessage		client-as3	273
PrismAttackResultMessage	8541	sources/client273-as3/network/scripts/com/ankamagames/dofus/network/messages/game/prism/PrismAttackResultMessage.as:12	2	prism:PrismGeolocalizedInformation;result:uint	NetworkMessage	prism:asPrismGeolocalizedInformation;result:writeByte	client-as3	273
PrismAttackedMessage	48	sources/client273-as3/network/scripts/com/ankamagames/dofus/network/messages/game/prism/PrismAttackedMessage.as:12	1	prism:PrismGeolocalizedInformation	NetworkMessage	prism:asPrismGeolocalizedInformation	client-as3	273
PrismExchangeRequestMessage	1588	sources/client273-as3/network/scripts/com/ankamagames/dofus/network/messages/game/prism/PrismExchangeRequestMessage.as:11	0		NetworkMessage		client-as3	273
PrismRecycleTradeRequestMessage	299	sources/client273-as3/network/scripts/com/ankamagames/dofus/network/messages/game/prism/PrismRecycleTradeRequestMessage.as:11	0		NetworkMessage		client-as3	273
PrismRemoveMessage	4672	sources/client273-as3/network/scripts/com/ankamagames/dofus/network/messages/game/prism/PrismRemoveMessage.as:12	1	prism:PrismGeolocalizedInformation	NetworkMessage	prism:asPrismGeolocalizedInformation	client-as3	273
PrismTeleportationRequestMessage	7355	sources/client273-as3/network/scripts/com/ankamagames/dofus/network/messages/game/prism/PrismTeleportationRequestMessage.as:11	0		NetworkMessage		client-as3	273
PrismsListMessage	7733	sources/client273-as3/network/scripts/com/ankamagames/dofus/network/messages/game/prism/PrismsListMessage.as:13	1	prisms:Vector.<PrismGeolocalizedInformation>	NetworkMessage	prisms#len:writeShort;prisms[]#typeId:writeShort;prisms[]:serialize	client-as3	273
ProtocolRequired	1939	sources/client273-as3/network/scripts/com/ankamagames/dofus/network/messages/handshake/ProtocolRequired.as:11	1	version:String	NetworkMessage	version:writeUTF	client-as3	273
PurchasableDialogMessage	100	sources/client273-as3/network/scripts/com/ankamagames/dofus/network/messages/game/context/roleplay/purchasable/PurchasableDialogMessage.as:12	5	buyOrSell:Boolean;purchasableId:Number;purchasableInstanceId:uint;secondHand:Boolean;price:Number	NetworkMessage	buyOrSell:bit0;secondHand:bit1;#local:writeByte;purchasableId:writeDouble;purchasableInstanceId:writeInt;price:writeVarLong	client-as3	273
QuestListMessage	3323	sources/client273-as3/network/scripts/com/ankamagames/dofus/network/messages/game/context/roleplay/quest/QuestListMessage.as:13	4	finishedQuestsIds:Vector.<uint>;finishedQuestsCounts:Vector.<uint>;activeQuests:Vector.<QuestActiveInformations>;reinitDoneQuestsIds:Vector.<uint>	NetworkMessage	finishedQuestsIds#len:writeShort;finishedQuestsIds[]:writeVarShort;finishedQuestsCounts#len:writeShort;finishedQuestsCounts[]:writeVarShort;activeQuests#len:writeShort;activeQuests[]#typeId:writeShort;activeQuests[]:serialize;reinitDoneQuestsIds#len:writeShort;reinitDoneQuestsIds[]:writeVarShort	client-as3	273
QuestListRequestMessage	7114	sources/client273-as3/network/scripts/com/ankamagames/dofus/network/messages/game/context/roleplay/quest/QuestListRequestMessage.as:11	0		NetworkMessage		client-as3	273
QuestObjectiveValidatedMessage	3508	sources/client273-as3/network/scripts/com/ankamagames/dofus/network/messages/game/context/roleplay/quest/QuestObjectiveValidatedMessage.as:11	2	questId:uint;objectiveId:uint	NetworkMessage	questId:writeVarShort;objectiveId:writeVarShort	client-as3	273
QuestObjectiveValidationMessage	4654	sources/client273-as3/network/scripts/com/ankamagames/dofus/network/messages/game/context/roleplay/quest/QuestObjectiveValidationMessage.as:11	2	questId:uint;objectiveId:uint	NetworkMessage	questId:writeVarShort;objectiveId:writeVarShort	client-as3	273
QuestStartRequestMessage	8398	sources/client273-as3/network/scripts/com/ankamagames/dofus/network/messages/game/context/roleplay/quest/QuestStartRequestMessage.as:11	1	questId:uint	NetworkMessage	questId:writeVarShort	client-as3	273
QuestStartedMessage	8372	sources/client273-as3/network/scripts/com/ankamagames/dofus/network/messages/game/context/roleplay/quest/QuestStartedMessage.as:11	1	questId:uint	NetworkMessage	questId:writeVarShort	client-as3	273
QuestStepInfoMessage	830	sources/client273-as3/network/scripts/com/ankamagames/dofus/network/messages/game/context/roleplay/quest/QuestStepInfoMessage.as:13	1	infos:QuestActiveInformations	NetworkMessage	#typeId:writeShort;infos:serialize	client-as3	273
QuestStepInfoRequestMessage	5778	sources/client273-as3/network/scripts/com/ankamagames/dofus/network/messages/game/context/roleplay/quest/QuestStepInfoRequestMessage.as:11	1	questId:uint	NetworkMessage	questId:writeVarShort	client-as3	273
QuestStepStartedMessage	2945	sources/client273-as3/network/scripts/com/ankamagames/dofus/network/messages/game/context/roleplay/quest/QuestStepStartedMessage.as:11	2	questId:uint;stepId:uint	NetworkMessage	questId:writeVarShort;stepId:writeVarShort	client-as3	273
QuestStepValidatedMessage	4373	sources/client273-as3/network/scripts/com/ankamagames/dofus/network/messages/game/context/roleplay/quest/QuestStepValidatedMessage.as:11	2	questId:uint;stepId:uint	NetworkMessage	questId:writeVarShort;stepId:writeVarShort	client-as3	273
QuestValidatedMessage	1736	sources/client273-as3/network/scripts/com/ankamagames/dofus/network/messages/game/context/roleplay/quest/QuestValidatedMessage.as:11	1	questId:uint	NetworkMessage	questId:writeVarShort	client-as3	273
QueueStatusMessage	4838	sources/client273-as3/network/scripts/com/ankamagames/dofus/network/messages/queues/QueueStatusMessage.as:11	2	position:uint;total:uint	NetworkMessage	position:writeShort;total:writeShort	client-as3	273
RawDataMessage	6253	sources/client273-as3/network/scripts/com/ankamagames/dofus/network/messages/security/RawDataMessage.as:11	1	content:ByteArray	NetworkMessage	content#len:writeVarInt;content[]:writeByte	client-as3	273
RecruitmentInformationMessage	8248	sources/client273-as3/network/scripts/com/ankamagames/dofus/network/messages/game/guild/recruitment/RecruitmentInformationMessage.as:12	1	recruitmentData:GuildRecruitmentInformation	NetworkMessage	recruitmentData:asGuildRecruitmentInformation	client-as3	273
RecycleResultMessage	4137	sources/client273-as3/network/scripts/com/ankamagames/dofus/network/messages/game/inventory/exchanges/RecycleResultMessage.as:11	2	nuggetsForPrism:uint;nuggetsForPlayer:uint	NetworkMessage	nuggetsForPrism:writeVarInt;nuggetsForPlayer:writeVarInt	client-as3	273
RefreshCharacterStatsMessage	2710	sources/client273-as3/network/scripts/com/ankamagames/dofus/network/messages/game/context/fight/RefreshCharacterStatsMessage.as:12	2	fighterId:Number;stats:GameFightCharacteristics	NetworkMessage	fighterId:writeDouble;stats:asGameFightCharacteristics	client-as3	273
RefreshFollowedQuestsOrderRequestMessage	3965	sources/client273-as3/network/scripts/com/ankamagames/dofus/network/messages/game/context/roleplay/quest/RefreshFollowedQuestsOrderRequestMessage.as:11	1	quests:Vector.<uint>	NetworkMessage	quests#len:writeShort;quests[]:writeVarShort	client-as3	273
ReleaseAccountMessage	3259	sources/client273-as3/network/scripts/com/ankamagames/dofus/network/messages/connection/ReleaseAccountMessage.as:11	0		NetworkMessage		client-as3	273
RemoveGuildRankRequestMessage	5524	sources/client273-as3/network/scripts/com/ankamagames/dofus/network/messages/game/guild/RemoveGuildRankRequestMessage.as:11	2	rankId:uint;newRankId:uint	NetworkMessage	rankId:writeVarInt;newRankId:writeVarInt	client-as3	273
RemoveListenerOnSynchronizedStorageMessage	91	sources/client273-as3/network/scripts/com/ankamagames/dofus/network/messages/game/guild/chest/RemoveListenerOnSynchronizedStorageMessage.as:11	1	player:String	NetworkMessage	player:writeUTF	client-as3	273
RemoveSpellModifierMessage	194	sources/client273-as3/network/scripts/com/ankamagames/dofus/network/messages/game/character/spellmodifier/RemoveSpellModifierMessage.as:11	4	actorId:Number;actionType:uint;modifierType:uint;spellId:uint	NetworkMessage	actorId:writeDouble;actionType:writeByte;modifierType:writeByte;spellId:writeVarShort	client-as3	273
RemoveTaxCollectorOrderedSpellMessage	9951	sources/client273-as3/network/scripts/com/ankamagames/dofus/network/messages/game/collector/tax/RemoveTaxCollectorOrderedSpellMessage.as:11	2	taxCollectorId:Number;slot:uint	NetworkMessage	taxCollectorId:writeDouble;slot:writeByte	client-as3	273
RemoveTaxCollectorPresetSpellMessage	5781	sources/client273-as3/network/scripts/com/ankamagames/dofus/network/messages/game/collector/tax/RemoveTaxCollectorPresetSpellMessage.as:12	2	presetId:Uuid;slot:uint	NetworkMessage	presetId:asUuid;slot:writeByte	client-as3	273
ReportRequestMessage	8254	sources/client273-as3/network/scripts/com/ankamagames/dofus/network/messages/report/ReportRequestMessage.as:11	3	targetId:Number;categories:Vector.<uint>;description:String	NetworkMessage	targetId:writeDouble;categories#len:writeShort;categories[]:writeByte;description:writeUTF	client-as3	273
ReportResponseMessage	8138	sources/client273-as3/network/scripts/com/ankamagames/dofus/network/messages/report/ReportResponseMessage.as:11	1	success:Boolean	NetworkMessage	success:writeBoolean	client-as3	273
ResetCharacterStatsRequestMessage	7045	sources/client273-as3/network/scripts/com/ankamagames/dofus/network/messages/game/character/stats/ResetCharacterStatsRequestMessage.as:11	0		NetworkMessage		client-as3	273
SelectedServerDataExtendedMessage	7269	sources/client273-as3/network/scripts/com/ankamagames/dofus/network/messages/connection/SelectedServerDataExtendedMessage.as:11	1	servers:Vector.<GameServerInformations>	SelectedServerDataMessage	super:SelectedServerDataMessage;servers#len:writeShort;servers[]:asGameServerInformations	client-as3	273
SelectedServerDataMessage	4944	sources/client273-as3/network/scripts/com/ankamagames/dofus/network/messages/connection/SelectedServerDataMessage.as:11	5	serverId:uint;address:String;ports:Vector.<uint>;canCreateNewCharacter:Boolean;ticket:Vector.<int>	NetworkMessage	serverId:writeVarShort;address:writeUTF;ports#len:writeShort;ports[]:writeVarShort;canCreateNewCharacter:writeBoolean;ticket#len:writeVarInt;ticket[]:writeByte	client-as3	273
SelectedServerRefusedMessage	277	sources/client273-as3/network/scripts/com/ankamagames/dofus/network/messages/connection/SelectedServerRefusedMessage.as:11	3	serverId:uint;error:uint;serverStatus:uint	NetworkMessage	serverId:writeVarShort;error:writeByte;serverStatus:writeByte	client-as3	273
SequenceEndMessage	1586	sources/client273-as3/network/scripts/com/ankamagames/dofus/network/messages/game/actions/sequence/SequenceEndMessage.as:11	3	actionId:uint;authorId:Number;sequenceType:int	NetworkMessage	actionId:writeVarShort;authorId:writeDouble;sequenceType:writeByte	client-as3	273
SequenceNumberMessage	1188	sources/client273-as3/network/scripts/com/ankamagames/dofus/network/messages/game/basic/SequenceNumberMessage.as:11	1	number:uint	NetworkMessage	number:writeShort	client-as3	273
SequenceNumberRequestMessage	594	sources/client273-as3/network/scripts/com/ankamagames/dofus/network/messages/game/basic/SequenceNumberRequestMessage.as:11	0		NetworkMessage		client-as3	273
SequenceStartMessage	7231	sources/client273-as3/network/scripts/com/ankamagames/dofus/network/messages/game/actions/sequence/SequenceStartMessage.as:11	2	sequenceType:int;authorId:Number	NetworkMessage	sequenceType:writeByte;authorId:writeDouble	client-as3	273
ServerExperienceModificatorMessage	9259	sources/client273-as3/network/scripts/com/ankamagames/dofus/network/messages/game/initialization/ServerExperienceModificatorMessage.as:11	1	experiencePercent:uint	NetworkMessage	experiencePercent:writeVarShort	client-as3	273
ServerOptionalFeaturesMessage	8385	sources/client273-as3/network/scripts/com/ankamagames/dofus/network/messages/game/approach/ServerOptionalFeaturesMessage.as:11	1	features:Vector.<uint>	NetworkMessage	features#len:writeShort;features[]:writeInt	client-as3	273
ServerSelectionMessage	4134	sources/client273-as3/network/scripts/com/ankamagames/dofus/network/messages/connection/ServerSelectionMessage.as:11	1	serverId:uint	NetworkMessage	serverId:writeVarShort	client-as3	273
ServerSessionConstantsMessage	9337	sources/client273-as3/network/scripts/com/ankamagames/dofus/network/messages/game/approach/ServerSessionConstantsMessage.as:13	1	variables:Vector.<ServerSessionConstant>	NetworkMessage	variables#len:writeShort;variables[]#typeId:writeShort;variables[]:serialize	client-as3	273
ServerSettingsMessage	154	sources/client273-as3/network/scripts/com/ankamagames/dofus/network/messages/game/approach/ServerSettingsMessage.as:12	7	lang:String;community:uint;gameType:int;isMonoAccount:Boolean;arenaLeaveBanTime:uint;itemMaxLevel:uint;hasFreeAutopilot:Boolean	NetworkMessage	isMonoAccount:bit0;hasFreeAutopilot:bit1;#local:writeByte;lang:writeUTF;community:writeByte;gameType:writeByte;arenaLeaveBanTime:writeVarShort;itemMaxLevel:writeInt	client-as3	273
ServerStatusUpdateMessage	4424	sources/client273-as3/network/scripts/com/ankamagames/dofus/network/messages/connection/ServerStatusUpdateMessage.as:12	1	server:GameServerInformations	NetworkMessage	server:asGameServerInformations	client-as3	273
ServersListMessage	9500	sources/client273-as3/network/scripts/com/ankamagames/dofus/network/messages/connection/ServersListMessage.as:12	2	servers:Vector.<GameServerInformations>;canCreateNewCharacter:Boolean	NetworkMessage	servers#len:writeShort;servers[]:asGameServerInformations;canCreateNewCharacter:writeBoolean	client-as3	273
SetCharacterRestrictionsMessage	1324	sources/client273-as3/network/scripts/com/ankamagames/dofus/network/messages/game/initialization/SetCharacterRestrictionsMessage.as:12	2	actorId:Number;restrictions:ActorRestrictionsInformations	NetworkMessage	actorId:writeDouble;restrictions:asActorRestrictionsInformations	client-as3	273
SetEnableAVARequestMessage	6858	sources/client273-as3/network/scripts/com/ankamagames/dofus/network/messages/game/pvp/SetEnableAVARequestMessage.as:11	1	enable:Boolean	NetworkMessage	enable:writeBoolean	client-as3	273
SetEnablePVPRequestMessage	3251	sources/client273-as3/network/scripts/com/ankamagames/dofus/network/messages/game/pvp/SetEnablePVPRequestMessage.as:11	1	enable:Boolean	NetworkMessage	enable:writeBoolean	client-as3	273
SetUpdateMessage	7483	sources/client273-as3/network/scripts/com/ankamagames/dofus/network/messages/game/inventory/items/SetUpdateMessage.as:13	3	setId:uint;setObjects:Vector.<uint>;setEffects:Vector.<ObjectEffect>	NetworkMessage	setId:writeVarShort;setObjects#len:writeShort;setObjects[]:writeVarInt;setEffects#len:writeShort;setEffects[]#typeId:writeShort;setEffects[]:serialize	client-as3	273
ShortcutBarAddErrorMessage	1627	sources/client273-as3/network/scripts/com/ankamagames/dofus/network/messages/game/shortcut/ShortcutBarAddErrorMessage.as:11	1	error:uint	NetworkMessage	error:writeByte	client-as3	273
ShortcutBarAddRequestMessage	6013	sources/client273-as3/network/scripts/com/ankamagames/dofus/network/messages/game/shortcut/ShortcutBarAddRequestMessage.as:13	2	barType:uint;shortcut:Shortcut	NetworkMessage	barType:writeByte;#typeId:writeShort;shortcut:serialize	client-as3	273
ShortcutBarContentMessage	9158	sources/client273-as3/network/scripts/com/ankamagames/dofus/network/messages/game/shortcut/ShortcutBarContentMessage.as:13	2	barType:uint;shortcuts:Vector.<Shortcut>	NetworkMessage	barType:writeByte;shortcuts#len:writeShort;shortcuts[]#typeId:writeShort;shortcuts[]:serialize	client-as3	273
ShortcutBarRefreshMessage	5972	sources/client273-as3/network/scripts/com/ankamagames/dofus/network/messages/game/shortcut/ShortcutBarRefreshMessage.as:13	2	barType:uint;shortcut:Shortcut	NetworkMessage	barType:writeByte;#typeId:writeShort;shortcut:serialize	client-as3	273
ShortcutBarRemoveErrorMessage	4981	sources/client273-as3/network/scripts/com/ankamagames/dofus/network/messages/game/shortcut/ShortcutBarRemoveErrorMessage.as:11	1	error:uint	NetworkMessage	error:writeByte	client-as3	273
ShortcutBarRemoveRequestMessage	2126	sources/client273-as3/network/scripts/com/ankamagames/dofus/network/messages/game/shortcut/ShortcutBarRemoveRequestMessage.as:11	2	barType:uint;slot:uint	NetworkMessage	barType:writeByte;slot:writeByte	client-as3	273
ShortcutBarRemovedMessage	8757	sources/client273-as3/network/scripts/com/ankamagames/dofus/network/messages/game/shortcut/ShortcutBarRemovedMessage.as:11	2	barType:uint;slot:uint	NetworkMessage	barType:writeByte;slot:writeByte	client-as3	273
ShortcutBarReplacedMessage	125	sources/client273-as3/network/scripts/com/ankamagames/dofus/network/messages/game/shortcut/ShortcutBarReplacedMessage.as:13	2	barType:uint;shortcut:Shortcut	NetworkMessage	barType:writeByte;#typeId:writeShort;shortcut:serialize	client-as3	273
ShortcutBarSwapErrorMessage	6501	sources/client273-as3/network/scripts/com/ankamagames/dofus/network/messages/game/shortcut/ShortcutBarSwapErrorMessage.as:11	1	error:uint	NetworkMessage	error:writeByte	client-as3	273
ShortcutBarSwapRequestMessage	45	sources/client273-as3/network/scripts/com/ankamagames/dofus/network/messages/game/shortcut/ShortcutBarSwapRequestMessage.as:11	3	barType:uint;firstSlot:uint;secondSlot:uint	NetworkMessage	barType:writeByte;firstSlot:writeByte;secondSlot:writeByte	client-as3	273
ShowCellMessage	9194	sources/client273-as3/network/scripts/com/ankamagames/dofus/network/messages/game/context/ShowCellMessage.as:11	2	sourceId:Number;cellId:uint	NetworkMessage	sourceId:writeDouble;cellId:writeVarShort	client-as3	273
ShowCellRequestMessage	4804	sources/client273-as3/network/scripts/com/ankamagames/dofus/network/messages/game/context/ShowCellRequestMessage.as:11	1	cellId:uint	NetworkMessage	cellId:writeVarShort	client-as3	273
ShowCellSpectatorMessage	4927	sources/client273-as3/network/scripts/com/ankamagames/dofus/network/messages/game/context/ShowCellSpectatorMessage.as:10	1	playerName:String	ShowCellMessage	super:ShowCellMessage;playerName:writeUTF	client-as3	273
SlaveNoLongerControledMessage	1268	sources/client273-as3/network/scripts/com/ankamagames/dofus/network/messages/game/context/fight/SlaveNoLongerControledMessage.as:11	2	masterId:Number;slaveId:Number	NetworkMessage	masterId:writeDouble;slaveId:writeDouble	client-as3	273
SlaveSwitchContextMessage	974	sources/client273-as3/network/scripts/com/ankamagames/dofus/network/messages/game/context/fight/SlaveSwitchContextMessage.as:15	6	masterId:Number;slaveId:Number;slaveTurn:uint;slaveSpells:Vector.<SpellItem>;slaveStats:CharacterCharacteristicsInformations;shortcuts:Vector.<Shortcut>	NetworkMessage	masterId:writeDouble;slaveId:writeDouble;slaveTurn:writeVarShort;slaveSpells#len:writeShort;slaveSpells[]:asSpellItem;slaveStats:asCharacterCharacteristicsInformations;shortcuts#len:writeShort;shortcuts[]#typeId:writeShort;shortcuts[]:serialize	client-as3	273
SocialFightJoinRequestMessage	335	sources/client273-as3/network/scripts/com/ankamagames/dofus/network/messages/game/social/fight/SocialFightJoinRequestMessage.as:12	1	socialFightInfo:SocialFightInfo	NetworkMessage	socialFightInfo:asSocialFightInfo	client-as3	273
SocialFightLeaveRequestMessage	995	sources/client273-as3/network/scripts/com/ankamagames/dofus/network/messages/game/social/fight/SocialFightLeaveRequestMessage.as:12	1	socialFightInfo:SocialFightInfo	NetworkMessage	socialFightInfo:asSocialFightInfo	client-as3	273
SocialFightTakePlaceRequestMessage	7755	sources/client273-as3/network/scripts/com/ankamagames/dofus/network/messages/game/social/fight/SocialFightTakePlaceRequestMessage.as:12	2	socialFightInfo:SocialFightInfo;replacedCharacterId:Number	NetworkMessage	socialFightInfo:asSocialFightInfo;replacedCharacterId:writeVarLong	client-as3	273
SocialNoticeMessage	4859	sources/client273-as3/network/scripts/com/ankamagames/dofus/network/messages/game/social/SocialNoticeMessage.as:11	4	content:String;timestamp:uint;memberId:Number;memberName:String	NetworkMessage	content:writeUTF;timestamp:writeInt;memberId:writeVarLong;memberName:writeUTF	client-as3	273
SocialNoticeSetErrorMessage	3100	sources/client273-as3/network/scripts/com/ankamagames/dofus/network/messages/game/social/SocialNoticeSetErrorMessage.as:11	1	reason:uint	NetworkMessage	reason:writeByte	client-as3	273
SocialNoticeSetRequestMessage	3682	sources/client273-as3/network/scripts/com/ankamagames/dofus/network/messages/game/social/SocialNoticeSetRequestMessage.as:11	0		NetworkMessage		client-as3	273
SpellListMessage	7427	sources/client273-as3/network/scripts/com/ankamagames/dofus/network/messages/game/inventory/spells/SpellListMessage.as:12	2	spellPrevisualization:Boolean;spells:Vector.<SpellItem>	NetworkMessage	spellPrevisualization:writeBoolean;spells#len:writeShort;spells[]:asSpellItem	client-as3	273
SpellVariantActivationMessage	7767	sources/client273-as3/network/scripts/com/ankamagames/dofus/network/messages/game/context/roleplay/spell/SpellVariantActivationMessage.as:11	2	spellId:uint;result:Boolean	NetworkMessage	spellId:writeVarShort;result:writeBoolean	client-as3	273
SpellVariantActivationRequestMessage	1715	sources/client273-as3/network/scripts/com/ankamagames/dofus/network/messages/game/context/roleplay/spell/SpellVariantActivationRequestMessage.as:11	1	spellId:uint	NetworkMessage	spellId:writeVarShort	client-as3	273
SpouseGetInformationsMessage	9594	sources/client273-as3/network/scripts/com/ankamagames/dofus/network/messages/game/friend/SpouseGetInformationsMessage.as:11	0		NetworkMessage		client-as3	273
SpouseInformationsMessage	7779	sources/client273-as3/network/scripts/com/ankamagames/dofus/network/messages/game/friend/SpouseInformationsMessage.as:13	1	spouse:FriendSpouseInformations	NetworkMessage	#typeId:writeShort;spouse:serialize	client-as3	273
SpouseStatusMessage	8361	sources/client273-as3/network/scripts/com/ankamagames/dofus/network/messages/game/friend/SpouseStatusMessage.as:11	1	hasSpouse:Boolean	NetworkMessage	hasSpouse:writeBoolean	client-as3	273
StartExchangeTaxCollectorEquipmentMessage	878	sources/client273-as3/network/scripts/com/ankamagames/dofus/network/messages/game/inventory/exchanges/StartExchangeTaxCollectorEquipmentMessage.as:11	1	uid:Number	NetworkMessage	uid:writeDouble	client-as3	273
StartGuildChestContributionMessage	9862	sources/client273-as3/network/scripts/com/ankamagames/dofus/network/messages/game/guild/StartGuildChestContributionMessage.as:11	0		NetworkMessage		client-as3	273
StartListenAllianceFightMessage	448	sources/client273-as3/network/scripts/com/ankamagames/dofus/network/messages/game/alliance/fight/StartListenAllianceFightMessage.as:11	0		NetworkMessage		client-as3	273
StartListenGuildChestStructureMessage	9892	sources/client273-as3/network/scripts/com/ankamagames/dofus/network/messages/game/guild/StartListenGuildChestStructureMessage.as:11	0		NetworkMessage		client-as3	273
StartListenNuggetsMessage	4559	sources/client273-as3/network/scripts/com/ankamagames/dofus/network/messages/game/nuggets/StartListenNuggetsMessage.as:11	0		NetworkMessage		client-as3	273
StartListenTaxCollectorPresetsUpdatesMessage	3876	sources/client273-as3/network/scripts/com/ankamagames/dofus/network/messages/game/collector/tax/StartListenTaxCollectorPresetsUpdatesMessage.as:11	0		NetworkMessage		client-as3	273
StartListenTaxCollectorUpdatesMessage	659	sources/client273-as3/network/scripts/com/ankamagames/dofus/network/messages/game/collector/tax/StartListenTaxCollectorUpdatesMessage.as:11	1	taxCollectorId:Number	NetworkMessage	taxCollectorId:writeDouble	client-as3	273
StatedElementUpdatedMessage	7859	sources/client273-as3/network/scripts/com/ankamagames/dofus/network/messages/game/interactive/StatedElementUpdatedMessage.as:12	1	statedElement:StatedElement	NetworkMessage	statedElement:asStatedElement	client-as3	273
StatedMapUpdateMessage	2054	sources/client273-as3/network/scripts/com/ankamagames/dofus/network/messages/game/interactive/StatedMapUpdateMessage.as:12	1	statedElements:Vector.<StatedElement>	NetworkMessage	statedElements#len:writeShort;statedElements[]:asStatedElement	client-as3	273
StatsUpgradeRequestMessage	5002	sources/client273-as3/network/scripts/com/ankamagames/dofus/network/messages/game/context/roleplay/stats/StatsUpgradeRequestMessage.as:11	3	useAdditionnal:Boolean;statId:uint;boostPoint:uint	NetworkMessage	useAdditionnal:writeBoolean;statId:writeByte;boostPoint:writeVarShort	client-as3	273
StatsUpgradeResultMessage	3065	sources/client273-as3/network/scripts/com/ankamagames/dofus/network/messages/game/context/roleplay/stats/StatsUpgradeResultMessage.as:11	2	result:int;nbCharacBoost:uint	NetworkMessage	result:writeByte;nbCharacBoost:writeVarShort	client-as3	273
StopGuildChestContributionMessage	1053	sources/client273-as3/network/scripts/com/ankamagames/dofus/network/messages/game/guild/StopGuildChestContributionMessage.as:11	0		NetworkMessage		client-as3	273
StopListenAllianceFightMessage	6339	sources/client273-as3/network/scripts/com/ankamagames/dofus/network/messages/game/alliance/fight/StopListenAllianceFightMessage.as:11	0		NetworkMessage		client-as3	273
StopListenGuildChestStructureMessage	3081	sources/client273-as3/network/scripts/com/ankamagames/dofus/network/messages/game/guild/StopListenGuildChestStructureMessage.as:11	0		NetworkMessage		client-as3	273
StopListenNuggetsMessage	4818	sources/client273-as3/network/scripts/com/ankamagames/dofus/network/messages/game/nuggets/StopListenNuggetsMessage.as:11	0		NetworkMessage		client-as3	273
StopListenTaxCollectorPresetsUpdatesMessage	4043	sources/client273-as3/network/scripts/com/ankamagames/dofus/network/messages/game/collector/tax/StopListenTaxCollectorPresetsUpdatesMessage.as:11	0		NetworkMessage		client-as3	273
StopListenTaxCollectorUpdatesMessage	4576	sources/client273-as3/network/scripts/com/ankamagames/dofus/network/messages/game/collector/tax/StopListenTaxCollectorUpdatesMessage.as:11	1	taxCollectorId:Number	NetworkMessage	taxCollectorId:writeDouble	client-as3	273
StopToListenRunningFightRequestMessage	3109	sources/client273-as3/network/scripts/com/ankamagames/dofus/network/messages/game/context/roleplay/StopToListenRunningFightRequestMessage.as:11	0		NetworkMessage		client-as3	273
StorageInventoryContentMessage	6526	sources/client273-as3/network/scripts/com/ankamagames/dofus/network/messages/game/inventory/storage/StorageInventoryContentMessage.as:12	0		InventoryContentMessage	super:InventoryContentMessage	client-as3	273
StorageKamasUpdateMessage	8968	sources/client273-as3/network/scripts/com/ankamagames/dofus/network/messages/game/inventory/storage/StorageKamasUpdateMessage.as:11	1	kamasTotal:Number	NetworkMessage	kamasTotal:writeVarLong	client-as3	273
StorageObjectRemoveMessage	8450	sources/client273-as3/network/scripts/com/ankamagames/dofus/network/messages/game/inventory/storage/StorageObjectRemoveMessage.as:11	1	objectUID:uint	NetworkMessage	objectUID:writeVarInt	client-as3	273
StorageObjectUpdateMessage	2670	sources/client273-as3/network/scripts/com/ankamagames/dofus/network/messages/game/inventory/storage/StorageObjectUpdateMessage.as:12	1	object:ObjectItem	NetworkMessage	object:asObjectItem	client-as3	273
StorageObjectsRemoveMessage	1673	sources/client273-as3/network/scripts/com/ankamagames/dofus/network/messages/game/inventory/storage/StorageObjectsRemoveMessage.as:11	1	objectUIDList:Vector.<uint>	NetworkMessage	objectUIDList#len:writeShort;objectUIDList[]:writeVarInt	client-as3	273
StorageObjectsUpdateMessage	5323	sources/client273-as3/network/scripts/com/ankamagames/dofus/network/messages/game/inventory/storage/StorageObjectsUpdateMessage.as:12	1	objectList:Vector.<ObjectItem>	NetworkMessage	objectList#len:writeShort;objectList[]:asObjectItem	client-as3	273
SubareaRewardRateMessage	1678	sources/client273-as3/network/scripts/com/ankamagames/dofus/network/messages/game/context/roleplay/SubareaRewardRateMessage.as:11	1	subAreaRate:int	NetworkMessage	subAreaRate:writeVarShort	client-as3	273
SubscriptionLimitationMessage	8244	sources/client273-as3/network/scripts/com/ankamagames/dofus/network/messages/game/subscriber/SubscriptionLimitationMessage.as:11	1	reason:uint	NetworkMessage	reason:writeByte	client-as3	273
SubscriptionZoneMessage	8183	sources/client273-as3/network/scripts/com/ankamagames/dofus/network/messages/game/subscriber/SubscriptionZoneMessage.as:11	1	active:Boolean	NetworkMessage	active:writeBoolean	client-as3	273
SurrenderInfoRequestMessage	4015	sources/client273-as3/network/scripts/com/ankamagames/dofus/network/messages/game/surrender/SurrenderInfoRequestMessage.as:11	0		NetworkMessage		client-as3	273
SurrenderInfoResponseMessage	99	sources/client273-as3/network/scripts/com/ankamagames/dofus/network/messages/game/surrender/SurrenderInfoResponseMessage.as:14	3	hasSanction:Boolean;surrenderResponse:SurrenderResponse;surrenderVoteResponse:SurrenderVoteResponse	NetworkMessage	hasSanction:writeBoolean;#typeId:writeShort;surrenderResponse:serialize;#typeId:writeShort;surrenderVoteResponse:serialize	client-as3	273
SurrenderStateMessage	6944	sources/client273-as3/network/scripts/com/ankamagames/dofus/network/messages/game/surrender/SurrenderStateMessage.as:12	2	canSurrender:Boolean;permitVote:Boolean	NetworkMessage	canSurrender:bit0;permitVote:bit1;#local:writeByte	client-as3	273
SurrenderVoteCastMessage	4209	sources/client273-as3/network/scripts/com/ankamagames/dofus/network/messages/game/surrender/vote/SurrenderVoteCastMessage.as:11	1	vote:Boolean	NetworkMessage	vote:writeBoolean	client-as3	273
SurrenderVoteEndMessage	6083	sources/client273-as3/network/scripts/com/ankamagames/dofus/network/messages/game/surrender/vote/SurrenderVoteEndMessage.as:11	1	voteResult:Boolean	NetworkMessage	voteResult:writeBoolean	client-as3	273
SurrenderVoteStartMessage	6177	sources/client273-as3/network/scripts/com/ankamagames/dofus/network/messages/game/surrender/vote/SurrenderVoteStartMessage.as:11	4	alreadyCastedVote:Boolean;numberOfParticipants:int;castedVoteNumber:int;voteDuration:int	NetworkMessage	alreadyCastedVote:writeBoolean;numberOfParticipants:writeInt;castedVoteNumber:writeInt;voteDuration:writeInt	client-as3	273
SurrenderVoteUpdateMessage	6154	sources/client273-as3/network/scripts/com/ankamagames/dofus/network/messages/game/surrender/vote/SurrenderVoteUpdateMessage.as:11	0		NetworkMessage		client-as3	273
SwitchArenaXpRewardsModeMessage	4870	sources/client273-as3/network/scripts/com/ankamagames/dofus/network/messages/game/context/roleplay/fight/arena/SwitchArenaXpRewardsModeMessage.as:11	1	xpRewards:Boolean	NetworkMessage	xpRewards:writeBoolean	client-as3	273
SymbioticObjectAssociateRequestMessage	9614	sources/client273-as3/network/scripts/com/ankamagames/dofus/network/messages/game/inventory/items/SymbioticObjectAssociateRequestMessage.as:11	4	symbioteUID:uint;symbiotePos:uint;hostUID:uint;hostPos:uint	NetworkMessage	symbioteUID:writeVarInt;symbiotePos:writeByte;hostUID:writeVarInt;hostPos:writeByte	client-as3	273
SymbioticObjectAssociatedMessage	7196	sources/client273-as3/network/scripts/com/ankamagames/dofus/network/messages/game/inventory/items/SymbioticObjectAssociatedMessage.as:11	1	hostUID:uint	NetworkMessage	hostUID:writeVarInt	client-as3	273
SymbioticObjectErrorMessage	2086	sources/client273-as3/network/scripts/com/ankamagames/dofus/network/messages/game/inventory/items/SymbioticObjectErrorMessage.as:10	1	errorCode:int	ObjectErrorMessage	super:ObjectErrorMessage;errorCode:writeByte	client-as3	273
SystemMessageDisplayMessage	5943	sources/client273-as3/network/scripts/com/ankamagames/dofus/network/messages/server/basic/SystemMessageDisplayMessage.as:11	3	hangUp:Boolean;msgId:uint;parameters:Vector.<String>	NetworkMessage	hangUp:writeBoolean;msgId:writeVarShort;parameters#len:writeShort;parameters[]:writeUTF	client-as3	273
TaxCollectorAddedMessage	7370	sources/client273-as3/network/scripts/com/ankamagames/dofus/network/messages/game/collector/tax/TaxCollectorAddedMessage.as:13	2	callerId:Number;description:TaxCollectorInformations	NetworkMessage	callerId:writeVarLong;#typeId:writeShort;description:serialize	client-as3	273
TaxCollectorAttackedMessage	5361	sources/client273-as3/network/scripts/com/ankamagames/dofus/network/messages/game/collector/tax/TaxCollectorAttackedMessage.as:12	7	firstNameId:uint;lastNameId:uint;worldX:int;worldY:int;mapId:Number;subAreaId:uint;alliance:BasicAllianceInformations	NetworkMessage	firstNameId:writeVarShort;lastNameId:writeVarShort;worldX:writeShort;worldY:writeShort;mapId:writeDouble;subAreaId:writeVarShort;alliance:asBasicAllianceInformations	client-as3	273
TaxCollectorAttackedResultMessage	4787	sources/client273-as3/network/scripts/com/ankamagames/dofus/network/messages/game/collector/tax/TaxCollectorAttackedResultMessage.as:13	3	deadOrAlive:Boolean;basicInfos:TaxCollectorBasicInformations;alliance:BasicAllianceInformations	NetworkMessage	deadOrAlive:writeBoolean;basicInfos:asTaxCollectorBasicInformations;alliance:asBasicAllianceInformations	client-as3	273
TaxCollectorDialogQuestionBasicMessage	3500	sources/client273-as3/network/scripts/com/ankamagames/dofus/network/messages/game/context/roleplay/npc/TaxCollectorDialogQuestionBasicMessage.as:12	1	allianceInfo:BasicAllianceInformations	NetworkMessage	allianceInfo:asBasicAllianceInformations	client-as3	273
TaxCollectorDialogQuestionExtendedMessage	8713	sources/client273-as3/network/scripts/com/ankamagames/dofus/network/messages/game/context/roleplay/npc/TaxCollectorDialogQuestionExtendedMessage.as:12	7	maxPods:uint;prospecting:uint;alliance:BasicNamedAllianceInformations;taxCollectorsCount:uint;taxCollectorAttack:int;pods:uint;itemsValue:Number	TaxCollectorDialogQuestionBasicMessage	super:TaxCollectorDialogQuestionBasicMessage;maxPods:writeVarShort;prospecting:writeVarShort;alliance:asBasicNamedAllianceInformations;taxCollectorsCount:writeByte;taxCollectorAttack:writeInt;pods:writeVarInt;itemsValue:writeVarLong	client-as3	273
TaxCollectorEquipmentUpdateMessage	2451	sources/client273-as3/network/scripts/com/ankamagames/dofus/network/messages/game/guild/tax/TaxCollectorEquipmentUpdateMessage.as:13	4	uniqueId:Number;object:ObjectItem;added:Boolean;characteristics:CharacterCharacteristics	NetworkMessage	uniqueId:writeDouble;object:asObjectItem;added:writeBoolean;characteristics:asCharacterCharacteristics	client-as3	273
TaxCollectorErrorMessage	2186	sources/client273-as3/network/scripts/com/ankamagames/dofus/network/messages/game/collector/tax/TaxCollectorErrorMessage.as:11	1	reason:int	NetworkMessage	reason:writeByte	client-as3	273
TaxCollectorHarvestedMessage	3704	sources/client273-as3/network/scripts/com/ankamagames/dofus/network/messages/game/collector/tax/TaxCollectorHarvestedMessage.as:11	3	taxCollectorId:Number;harvesterId:Number;harvesterName:String	NetworkMessage	taxCollectorId:writeDouble;harvesterId:writeVarLong;harvesterName:writeUTF	client-as3	273
TaxCollectorMovementsOfflineMessage	4833	sources/client273-as3/network/scripts/com/ankamagames/dofus/network/messages/game/collector/tax/TaxCollectorMovementsOfflineMessage.as:12	1	movements:Vector.<TaxCollectorMovement>	NetworkMessage	movements#len:writeShort;movements[]:asTaxCollectorMovement	client-as3	273
TaxCollectorOrderedSpellUpdatedMessage	2428	sources/client273-as3/network/scripts/com/ankamagames/dofus/network/messages/game/collector/tax/TaxCollectorOrderedSpellUpdatedMessage.as:12	2	taxCollectorId:Number;taxCollectorSpells:Vector.<TaxCollectorOrderedSpell>	NetworkMessage	taxCollectorId:writeDouble;taxCollectorSpells#len:writeShort;taxCollectorSpells[]:asTaxCollectorOrderedSpell	client-as3	273
TaxCollectorPresetSpellUpdatedMessage	2628	sources/client273-as3/network/scripts/com/ankamagames/dofus/network/messages/game/collector/tax/TaxCollectorPresetSpellUpdatedMessage.as:13	2	presetId:Uuid;taxCollectorSpells:Vector.<TaxCollectorOrderedSpell>	NetworkMessage	presetId:asUuid;taxCollectorSpells#len:writeShort;taxCollectorSpells[]:asTaxCollectorOrderedSpell	client-as3	273
TaxCollectorPresetsMessage	9900	sources/client273-as3/network/scripts/com/ankamagames/dofus/network/messages/game/collector/tax/TaxCollectorPresetsMessage.as:12	1	presets:Vector.<TaxCollectorPreset>	NetworkMessage	presets#len:writeShort;presets[]:asTaxCollectorPreset	client-as3	273
TaxCollectorRemovedMessage	2310	sources/client273-as3/network/scripts/com/ankamagames/dofus/network/messages/game/collector/tax/TaxCollectorRemovedMessage.as:11	1	collectorId:Number	NetworkMessage	collectorId:writeDouble	client-as3	273
TaxCollectorStateUpdateMessage	5744	sources/client273-as3/network/scripts/com/ankamagames/dofus/network/messages/game/collector/tax/TaxCollectorStateUpdateMessage.as:11	2	uniqueId:Number;state:uint	NetworkMessage	uniqueId:writeDouble;state:writeByte	client-as3	273
TeleportBuddiesAnswerMessage	368	sources/client273-as3/network/scripts/com/ankamagames/dofus/network/messages/game/interactive/meeting/TeleportBuddiesAnswerMessage.as:11	1	accept:Boolean	NetworkMessage	accept:writeBoolean	client-as3	273
TeleportBuddiesMessage	9554	sources/client273-as3/network/scripts/com/ankamagames/dofus/network/messages/game/interactive/meeting/TeleportBuddiesMessage.as:11	1	dungeonId:uint	NetworkMessage	dungeonId:writeVarShort	client-as3	273
TeleportBuddiesRequestedMessage	2454	sources/client273-as3/network/scripts/com/ankamagames/dofus/network/messages/game/interactive/meeting/TeleportBuddiesRequestedMessage.as:11	3	dungeonId:uint;inviterId:Number;invalidBuddiesIds:Vector.<Number>	NetworkMessage	dungeonId:writeVarShort;inviterId:writeVarLong;invalidBuddiesIds#len:writeShort;invalidBuddiesIds[]:writeVarLong	client-as3	273
TeleportDestinationsMessage	7615	sources/client273-as3/network/scripts/com/ankamagames/dofus/network/messages/game/interactive/zaap/TeleportDestinationsMessage.as:12	2	type:uint;destinations:Vector.<TeleportDestination>	NetworkMessage	type:writeByte;destinations#len:writeShort;destinations[]:asTeleportDestination	client-as3	273
TeleportHavenBagAnswerMessage	9340	sources/client273-as3/network/scripts/com/ankamagames/dofus/network/messages/game/context/roleplay/havenbag/meeting/TeleportHavenBagAnswerMessage.as:11	1	accept:Boolean	NetworkMessage	accept:writeBoolean	client-as3	273
TeleportHavenBagRequestMessage	8587	sources/client273-as3/network/scripts/com/ankamagames/dofus/network/messages/game/context/roleplay/havenbag/meeting/TeleportHavenBagRequestMessage.as:11	1	guestId:Number	NetworkMessage	guestId:writeVarLong	client-as3	273
TeleportOnSameMapMessage	6669	sources/client273-as3/network/scripts/com/ankamagames/dofus/network/messages/game/context/roleplay/TeleportOnSameMapMessage.as:11	2	targetId:Number;cellId:uint	NetworkMessage	targetId:writeDouble;cellId:writeVarShort	client-as3	273
TeleportPlayerAnswerMessage	4603	sources/client273-as3/network/scripts/com/ankamagames/dofus/network/messages/game/interactive/meeting/TeleportPlayerAnswerMessage.as:11	2	accept:Boolean;requesterId:Number	NetworkMessage	accept:writeBoolean;requesterId:writeVarLong	client-as3	273
TeleportPlayerCloseMessage	4378	sources/client273-as3/network/scripts/com/ankamagames/dofus/network/messages/game/interactive/meeting/TeleportPlayerCloseMessage.as:11	2	mapId:Number;requesterId:Number	NetworkMessage	mapId:writeDouble;requesterId:writeVarLong	client-as3	273
TeleportPlayerOfferMessage	9777	sources/client273-as3/network/scripts/com/ankamagames/dofus/network/messages/game/interactive/meeting/TeleportPlayerOfferMessage.as:11	4	mapId:Number;message:String;timeLeft:uint;requesterId:Number	NetworkMessage	mapId:writeDouble;message:writeUTF;timeLeft:writeVarInt;requesterId:writeVarLong	client-as3	273
TeleportRequestMessage	9439	sources/client273-as3/network/scripts/com/ankamagames/dofus/network/messages/game/interactive/zaap/TeleportRequestMessage.as:11	3	sourceType:uint;destinationType:uint;mapId:Number	NetworkMessage	sourceType:writeByte;destinationType:writeByte;mapId:writeDouble	client-as3	273
TeleportToBuddyAnswerMessage	3588	sources/client273-as3/network/scripts/com/ankamagames/dofus/network/messages/game/interactive/meeting/TeleportToBuddyAnswerMessage.as:11	3	dungeonId:uint;buddyId:Number;accept:Boolean	NetworkMessage	dungeonId:writeVarShort;buddyId:writeVarLong;accept:writeBoolean	client-as3	273
TeleportToBuddyCloseMessage	4968	sources/client273-as3/network/scripts/com/ankamagames/dofus/network/messages/game/interactive/meeting/TeleportToBuddyCloseMessage.as:11	2	dungeonId:uint;buddyId:Number	NetworkMessage	dungeonId:writeVarShort;buddyId:writeVarLong	client-as3	273
TeleportToBuddyOfferMessage	5491	sources/client273-as3/network/scripts/com/ankamagames/dofus/network/messages/game/interactive/meeting/TeleportToBuddyOfferMessage.as:11	3	dungeonId:uint;buddyId:Number;timeLeft:uint	NetworkMessage	dungeonId:writeVarShort;buddyId:writeVarLong;timeLeft:writeVarInt	client-as3	273
TextInformationMessage	3766	sources/client273-as3/network/scripts/com/ankamagames/dofus/network/messages/game/basic/TextInformationMessage.as:11	3	msgType:uint;msgId:uint;parameters:Vector.<String>	NetworkMessage	msgType:writeByte;msgId:writeVarShort;parameters#len:writeShort;parameters[]:writeUTF	client-as3	273
TitleGainedMessage	455	sources/client273-as3/network/scripts/com/ankamagames/dofus/network/messages/game/tinsel/TitleGainedMessage.as:11	1	titleId:uint	NetworkMessage	titleId:writeVarShort	client-as3	273
TitleLostMessage	4759	sources/client273-as3/network/scripts/com/ankamagames/dofus/network/messages/game/tinsel/TitleLostMessage.as:11	1	titleId:uint	NetworkMessage	titleId:writeVarShort	client-as3	273
TitleSelectErrorMessage	3338	sources/client273-as3/network/scripts/com/ankamagames/dofus/network/messages/game/tinsel/TitleSelectErrorMessage.as:11	1	reason:uint	NetworkMessage	reason:writeByte	client-as3	273
TitleSelectRequestMessage	5375	sources/client273-as3/network/scripts/com/ankamagames/dofus/network/messages/game/tinsel/TitleSelectRequestMessage.as:11	1	titleId:uint	NetworkMessage	titleId:writeVarShort	client-as3	273
TitleSelectedMessage	1653	sources/client273-as3/network/scripts/com/ankamagames/dofus/network/messages/game/tinsel/TitleSelectedMessage.as:11	1	titleId:uint	NetworkMessage	titleId:writeVarShort	client-as3	273
TitlesAndOrnamentsListMessage	3749	sources/client273-as3/network/scripts/com/ankamagames/dofus/network/messages/game/tinsel/TitlesAndOrnamentsListMessage.as:11	4	titles:Vector.<uint>;ornaments:Vector.<uint>;activeTitle:uint;activeOrnament:uint	NetworkMessage	titles#len:writeShort;titles[]:writeVarShort;ornaments#len:writeShort;ornaments[]:writeVarShort;activeTitle:writeVarShort;activeOrnament:writeVarShort	client-as3	273
TitlesAndOrnamentsListRequestMessage	483	sources/client273-as3/network/scripts/com/ankamagames/dofus/network/messages/game/tinsel/TitlesAndOrnamentsListRequestMessage.as:11	0		NetworkMessage		client-as3	273
TopTaxCollectorListMessage	3893	sources/client273-as3/network/scripts/com/ankamagames/dofus/network/messages/game/collector/tax/TopTaxCollectorListMessage.as:13	2	dungeonTaxCollectorsInformation:Vector.<TaxCollectorInformations>;worldTaxCollectorsInformation:Vector.<TaxCollectorInformations>	NetworkMessage	dungeonTaxCollectorsInformation#len:writeShort;dungeonTaxCollectorsInformation[]#typeId:writeShort;dungeonTaxCollectorsInformation[]:serialize;worldTaxCollectorsInformation#len:writeShort;worldTaxCollectorsInformation[]#typeId:writeShort;worldTaxCollectorsInformation[]:serialize	client-as3	273
TreasureHuntAvailableRetryCountUpdateMessage	1628	sources/client273-as3/network/scripts/com/ankamagames/dofus/network/messages/game/context/roleplay/treasureHunt/TreasureHuntAvailableRetryCountUpdateMessage.as:11	2	questType:uint;availableRetryCount:int	NetworkMessage	questType:writeByte;availableRetryCount:writeInt	client-as3	273
TreasureHuntDigRequestAnswerFailedMessage	2459	sources/client273-as3/network/scripts/com/ankamagames/dofus/network/messages/game/context/roleplay/treasureHunt/TreasureHuntDigRequestAnswerFailedMessage.as:10	1	wrongFlagCount:uint	TreasureHuntDigRequestAnswerMessage	super:TreasureHuntDigRequestAnswerMessage;wrongFlagCount:writeByte	client-as3	273
TreasureHuntDigRequestAnswerMessage	3567	sources/client273-as3/network/scripts/com/ankamagames/dofus/network/messages/game/context/roleplay/treasureHunt/TreasureHuntDigRequestAnswerMessage.as:11	2	questType:uint;result:uint	NetworkMessage	questType:writeByte;result:writeByte	client-as3	273
TreasureHuntDigRequestMessage	6696	sources/client273-as3/network/scripts/com/ankamagames/dofus/network/messages/game/context/roleplay/treasureHunt/TreasureHuntDigRequestMessage.as:11	1	questType:uint	NetworkMessage	questType:writeByte	client-as3	273
TreasureHuntFinishedMessage	1937	sources/client273-as3/network/scripts/com/ankamagames/dofus/network/messages/game/context/roleplay/treasureHunt/TreasureHuntFinishedMessage.as:11	1	questType:uint	NetworkMessage	questType:writeByte	client-as3	273
TreasureHuntFlagRemoveRequestMessage	2928	sources/client273-as3/network/scripts/com/ankamagames/dofus/network/messages/game/context/roleplay/treasureHunt/TreasureHuntFlagRemoveRequestMessage.as:11	2	questType:uint;index:uint	NetworkMessage	questType:writeByte;index:writeByte	client-as3	273
TreasureHuntFlagRequestAnswerMessage	6871	sources/client273-as3/network/scripts/com/ankamagames/dofus/network/messages/game/context/roleplay/treasureHunt/TreasureHuntFlagRequestAnswerMessage.as:11	3	questType:uint;result:uint;index:uint	NetworkMessage	questType:writeByte;result:writeByte;index:writeByte	client-as3	273
TreasureHuntFlagRequestMessage	6775	sources/client273-as3/network/scripts/com/ankamagames/dofus/network/messages/game/context/roleplay/treasureHunt/TreasureHuntFlagRequestMessage.as:11	2	questType:uint;index:uint	NetworkMessage	questType:writeByte;index:writeByte	client-as3	273
TreasureHuntGiveUpRequestMessage	143	sources/client273-as3/network/scripts/com/ankamagames/dofus/network/messages/game/context/roleplay/treasureHunt/TreasureHuntGiveUpRequestMessage.as:11	1	questType:uint	NetworkMessage	questType:writeByte	client-as3	273
TreasureHuntLegendaryRequestMessage	7183	sources/client273-as3/network/scripts/com/ankamagames/dofus/network/messages/game/context/roleplay/treasureHunt/TreasureHuntLegendaryRequestMessage.as:11	1	legendaryId:uint	NetworkMessage	legendaryId:writeVarShort	client-as3	273
TreasureHuntMessage	7235	sources/client273-as3/network/scripts/com/ankamagames/dofus/network/messages/game/context/roleplay/treasureHunt/TreasureHuntMessage.as:14	8	questType:uint;startMapId:Number;knownStepsList:Vector.<TreasureHuntStep>;totalStepCount:uint;checkPointCurrent:uint;checkPointTotal:uint;availableRetryCount:int;flags:Vector.<TreasureHuntFlag>	NetworkMessage	questType:writeByte;startMapId:writeDouble;knownStepsList#len:writeShort;knownStepsList[]#typeId:writeShort;knownStepsList[]:serialize;totalStepCount:writeByte;checkPointCurrent:writeVarInt;checkPointTotal:writeVarInt;availableRetryCount:writeInt;flags#len:writeShort;flags[]:asTreasureHuntFlag	client-as3	273
TreasureHuntRequestAnswerMessage	7470	sources/client273-as3/network/scripts/com/ankamagames/dofus/network/messages/game/context/roleplay/treasureHunt/TreasureHuntRequestAnswerMessage.as:11	2	questType:uint;result:uint	NetworkMessage	questType:writeByte;result:writeByte	client-as3	273
TreasureHuntShowLegendaryUIMessage	8368	sources/client273-as3/network/scripts/com/ankamagames/dofus/network/messages/game/context/roleplay/treasureHunt/TreasureHuntShowLegendaryUIMessage.as:11	1	availableLegendaryIds:Vector.<uint>	NetworkMessage	availableLegendaryIds#len:writeShort;availableLegendaryIds[]:writeVarShort	client-as3	273
TrustStatusMessage	3339	sources/client273-as3/network/scripts/com/ankamagames/dofus/network/messages/secure/TrustStatusMessage.as:11	1	certified:Boolean	NetworkMessage	certified:writeBoolean	client-as3	273
UnfollowQuestObjectiveRequestMessage	2136	sources/client273-as3/network/scripts/com/ankamagames/dofus/network/messages/game/context/roleplay/quest/UnfollowQuestObjectiveRequestMessage.as:11	2	questId:uint;objectiveId:int	NetworkMessage	questId:writeVarShort;objectiveId:writeShort	client-as3	273
UpdateAllGuildRankRequestMessage	1965	sources/client273-as3/network/scripts/com/ankamagames/dofus/network/messages/game/guild/UpdateAllGuildRankRequestMessage.as:12	1	ranks:Vector.<RankInformation>	NetworkMessage	ranks#len:writeShort;ranks[]:asRankInformation	client-as3	273
UpdateGuildRankRequestMessage	9846	sources/client273-as3/network/scripts/com/ankamagames/dofus/network/messages/game/guild/UpdateGuildRankRequestMessage.as:12	1	rank:RankInformation	NetworkMessage	rank:asRankInformation	client-as3	273
UpdateGuildRightsMessage	3888	sources/client273-as3/network/scripts/com/ankamagames/dofus/network/messages/game/guild/UpdateGuildRightsMessage.as:11	2	rankId:uint;rights:Vector.<uint>	NetworkMessage	rankId:writeVarInt;rights#len:writeShort;rights[]:writeVarInt	client-as3	273
UpdateLifePointsMessage	1395	sources/client273-as3/network/scripts/com/ankamagames/dofus/network/messages/game/character/stats/UpdateLifePointsMessage.as:11	2	lifePoints:uint;maxLifePoints:uint	NetworkMessage	lifePoints:writeVarInt;maxLifePoints:writeVarInt	client-as3	273
UpdateMapPlayersAgressableStatusMessage	1751	sources/client273-as3/network/scripts/com/ankamagames/dofus/network/messages/game/pvp/UpdateMapPlayersAgressableStatusMessage.as:12	1	playerAvAMessages:Vector.<AgressableStatusMessage>	NetworkMessage	playerAvAMessages#len:writeShort;playerAvAMessages[]:asAgressableStatusMessage	client-as3	273
UpdateMountCharacteristicsMessage	1346	sources/client273-as3/network/scripts/com/ankamagames/dofus/network/messages/game/inventory/exchanges/UpdateMountCharacteristicsMessage.as:13	2	rideId:int;boostToUpdateList:Vector.<UpdateMountCharacteristic>	NetworkMessage	rideId:writeVarInt;boostToUpdateList#len:writeShort;boostToUpdateList[]#typeId:writeShort;boostToUpdateList[]:serialize	client-as3	273
UpdateRecruitmentInformationMessage	691	sources/client273-as3/network/scripts/com/ankamagames/dofus/network/messages/game/guild/recruitment/UpdateRecruitmentInformationMessage.as:12	1	recruitmentData:GuildRecruitmentInformation	NetworkMessage	recruitmentData:asGuildRecruitmentInformation	client-as3	273
UpdateSelfAgressableStatusMessage	5808	sources/client273-as3/network/scripts/com/ankamagames/dofus/network/messages/game/pvp/UpdateSelfAgressableStatusMessage.as:11	4	status:uint;probationTime:Number;roleAvAId:int;pictoScore:int	NetworkMessage	status:writeByte;probationTime:writeDouble;roleAvAId:writeInt;pictoScore:writeInt	client-as3	273
WarnOnPermaDeathMessage	4732	sources/client273-as3/network/scripts/com/ankamagames/dofus/network/messages/game/context/roleplay/death/WarnOnPermaDeathMessage.as:11	1	enable:Boolean	NetworkMessage	enable:writeBoolean	client-as3	273
WarnOnPermaDeathStateMessage	5243	sources/client273-as3/network/scripts/com/ankamagames/dofus/network/messages/game/friend/WarnOnPermaDeathStateMessage.as:11	1	enable:Boolean	NetworkMessage	enable:writeBoolean	client-as3	273
WatchInventoryContentMessage	8887	sources/client273-as3/network/scripts/com/ankamagames/dofus/network/messages/game/inventory/items/WatchInventoryContentMessage.as:11	0		InventoryContentMessage	super:InventoryContentMessage	client-as3	273
WatchQuestListMessage	5644	sources/client273-as3/network/scripts/com/ankamagames/dofus/network/messages/game/context/roleplay/quest/WatchQuestListMessage.as:11	1	playerId:Number	QuestListMessage	super:QuestListMessage;playerId:writeVarLong	client-as3	273
WatchQuestStepInfoMessage	141	sources/client273-as3/network/scripts/com/ankamagames/dofus/network/messages/game/context/roleplay/quest/WatchQuestStepInfoMessage.as:11	1	playerId:Number	QuestStepInfoMessage	super:QuestStepInfoMessage;playerId:writeVarLong	client-as3	273
WatchQuestStepInfoRequestMessage	4330	sources/client273-as3/network/scripts/com/ankamagames/dofus/network/messages/game/context/roleplay/quest/WatchQuestStepInfoRequestMessage.as:10	1	playerId:Number	QuestStepInfoRequestMessage	super:QuestStepInfoRequestMessage;playerId:writeVarLong	client-as3	273
WrapperObjectAssociatedMessage	3871	sources/client273-as3/network/scripts/com/ankamagames/dofus/network/messages/game/inventory/items/WrapperObjectAssociatedMessage.as:10	0		SymbioticObjectAssociatedMessage	super:SymbioticObjectAssociatedMessage	client-as3	273
WrapperObjectDissociateRequestMessage	5244	sources/client273-as3/network/scripts/com/ankamagames/dofus/network/messages/game/inventory/items/WrapperObjectDissociateRequestMessage.as:11	2	hostUID:uint;hostPos:uint	NetworkMessage	hostUID:writeVarInt;hostPos:writeByte	client-as3	273
WrapperObjectErrorMessage	5215	sources/client273-as3/network/scripts/com/ankamagames/dofus/network/messages/game/inventory/items/WrapperObjectErrorMessage.as:10	0		SymbioticObjectErrorMessage	super:SymbioticObjectErrorMessage	client-as3	273
ZaapDestinationsMessage	9132	sources/client273-as3/network/scripts/com/ankamagames/dofus/network/messages/game/interactive/zaap/ZaapDestinationsMessage.as:11	1	spawnMapId:Number	TeleportDestinationsMessage	super:TeleportDestinationsMessage;spawnMapId:writeDouble	client-as3	273
ZaapRespawnSaveRequestMessage	3373	sources/client273-as3/network/scripts/com/ankamagames/dofus/network/messages/game/interactive/zaap/ZaapRespawnSaveRequestMessage.as:11	0		NetworkMessage		client-as3	273
ZaapRespawnUpdatedMessage	9315	sources/client273-as3/network/scripts/com/ankamagames/dofus/network/messages/game/interactive/zaap/ZaapRespawnUpdatedMessage.as:11	1	mapId:Number	NetworkMessage	mapId:writeDouble	client-as3	273
