message_nom	protocol_id	fichier:ligne	nb_champs	champs	parent	ordre_serialisation	emu	version
AbstractGameActionFightTargetedAbilityMessage	6118	sources/client242-as3/scripts/com/ankamagames/dofus/network/messages/game/actions/fight/AbstractGameActionFightTargetedAbilityMessage.as:13	5	targetId:Number;destinationCellId:int;critical:uint;silentCast:Boolean;verboseCast:Boolean	AbstractGameActionMessage	super:AbstractGameActionMessage;silentCast:bit0;verboseCast:bit1;#local:writeByte;targetId:writeDouble;destinationCellId:writeShort;critical:writeByte	client-as3	242
AbstractGameActionMessage	1000	sources/client242-as3/scripts/com/ankamagames/dofus/network/messages/game/actions/AbstractGameActionMessage.as:12	2	actionId:uint;sourceId:Number	NetworkMessage	actionId:writeVarShort;sourceId:writeDouble	client-as3	242
AbstractGameActionWithAckMessage	1001	sources/client242-as3/scripts/com/ankamagames/dofus/network/messages/game/actions/AbstractGameActionWithAckMessage.as:11	1	waitAckId:int	AbstractGameActionMessage	super:AbstractGameActionMessage;waitAckId:writeShort	client-as3	242
AbstractPartyEventMessage	6273	sources/client242-as3/scripts/com/ankamagames/dofus/network/messages/game/context/roleplay/party/AbstractPartyEventMessage.as:11	0		AbstractPartyMessage	super:AbstractPartyMessage	client-as3	242
AbstractPartyMessage	6274	sources/client242-as3/scripts/com/ankamagames/dofus/network/messages/game/context/roleplay/party/AbstractPartyMessage.as:12	1	partyId:uint	NetworkMessage	partyId:writeVarInt	client-as3	242
AbstractPresetDeleteMessage	6735	sources/client242-as3/scripts/com/ankamagames/dofus/network/messages/game/inventory/AbstractPresetDeleteMessage.as:12	1	presetId:uint	NetworkMessage	presetId:writeByte	client-as3	242
AbstractPresetSaveMessage	6736	sources/client242-as3/scripts/com/ankamagames/dofus/network/messages/game/inventory/AbstractPresetSaveMessage.as:12	2	presetId:uint;symbolId:uint	NetworkMessage	presetId:writeByte;symbolId:writeByte	client-as3	242
AbstractPresetSaveResultMessage	6734	sources/client242-as3/scripts/com/ankamagames/dofus/network/messages/game/inventory/AbstractPresetSaveResultMessage.as:12	2	presetId:uint;code:uint	NetworkMessage	presetId:writeByte;code:writeByte	client-as3	242
AbstractTaxCollectorListMessage	6568	sources/client242-as3/scripts/com/ankamagames/dofus/network/messages/game/guild/tax/AbstractTaxCollectorListMessage.as:14	1	informations:Vector.<TaxCollectorInformations>	NetworkMessage	informations#len:writeShort;informations[]#typeId:writeShort;informations[]:serialize	client-as3	242
AccessoryPreviewErrorMessage	6521	sources/client242-as3/scripts/com/ankamagames/dofus/network/messages/game/look/AccessoryPreviewErrorMessage.as:12	1	error:uint	NetworkMessage	error:writeByte	client-as3	242
AccessoryPreviewMessage	6517	sources/client242-as3/scripts/com/ankamagames/dofus/network/messages/game/look/AccessoryPreviewMessage.as:13	1	look:EntityLook	NetworkMessage	look:asEntityLook	client-as3	242
AccessoryPreviewRequestMessage	6518	sources/client242-as3/scripts/com/ankamagames/dofus/network/messages/game/look/AccessoryPreviewRequestMessage.as:12	1	genericId:Vector.<uint>	NetworkMessage	genericId#len:writeShort;genericId[]:writeVarShort	client-as3	242
AccountCapabilitiesMessage	6216	sources/client242-as3/scripts/com/ankamagames/dofus/network/messages/game/approach/AccountCapabilitiesMessage.as:13	6	accountId:uint;tutorialAvailable:Boolean;breedsVisible:uint;breedsAvailable:uint;status:int;canCreateNewCharacter:Boolean	NetworkMessage	tutorialAvailable:bit0;canCreateNewCharacter:bit1;#local:writeByte;accountId:writeInt;breedsVisible:writeVarInt;breedsAvailable:writeVarInt;status:writeByte	client-as3	242
AccountHouseMessage	6315	sources/client242-as3/scripts/com/ankamagames/dofus/network/messages/game/context/roleplay/houses/AccountHouseMessage.as:13	1	houses:Vector.<AccountHouseInformations>	NetworkMessage	houses#len:writeShort;houses[]:asAccountHouseInformations	client-as3	242
AccountLinkRequiredMessage	6607	sources/client242-as3/scripts/com/ankamagames/dofus/network/messages/connection/register/AccountLinkRequiredMessage.as:12	0		NetworkMessage		client-as3	242
AccountLoggingKickedMessage	6029	sources/client242-as3/scripts/com/ankamagames/dofus/network/messages/game/approach/AccountLoggingKickedMessage.as:12	3	days:uint;hours:uint;minutes:uint	NetworkMessage	days:writeVarShort;hours:writeByte;minutes:writeByte	client-as3	242
AchievementDetailedListMessage	6358	sources/client242-as3/scripts/com/ankamagames/dofus/network/messages/game/achievement/AchievementDetailedListMessage.as:13	2	startedAchievements:Vector.<Achievement>;finishedAchievements:Vector.<Achievement>	NetworkMessage	startedAchievements#len:writeShort;startedAchievements[]:asAchievement;finishedAchievements#len:writeShort;finishedAchievements[]:asAchievement	client-as3	242
AchievementDetailedListRequestMessage	6357	sources/client242-as3/scripts/com/ankamagames/dofus/network/messages/game/achievement/AchievementDetailedListRequestMessage.as:12	1	categoryId:uint	NetworkMessage	categoryId:writeVarShort	client-as3	242
AchievementDetailsMessage	6378	sources/client242-as3/scripts/com/ankamagames/dofus/network/messages/game/achievement/AchievementDetailsMessage.as:13	1	achievement:Achievement	NetworkMessage	achievement:asAchievement	client-as3	242
AchievementDetailsRequestMessage	6380	sources/client242-as3/scripts/com/ankamagames/dofus/network/messages/game/achievement/AchievementDetailsRequestMessage.as:12	1	achievementId:uint	NetworkMessage	achievementId:writeVarShort	client-as3	242
AchievementFinishedInformationMessage	6381	sources/client242-as3/scripts/com/ankamagames/dofus/network/messages/game/achievement/AchievementFinishedInformationMessage.as:11	2	name:String;playerId:Number	AchievementFinishedMessage	super:AchievementFinishedMessage;name:writeUTF;playerId:writeVarLong	client-as3	242
AchievementFinishedMessage	6208	sources/client242-as3/scripts/com/ankamagames/dofus/network/messages/game/achievement/AchievementFinishedMessage.as:12	2	id:uint;finishedlevel:uint	NetworkMessage	id:writeVarShort;finishedlevel:writeByte	client-as3	242
AchievementListMessage	6205	sources/client242-as3/scripts/com/ankamagames/dofus/network/messages/game/achievement/AchievementListMessage.as:13	2	finishedAchievementsIds:Vector.<uint>;rewardableAchievements:Vector.<AchievementRewardable>	NetworkMessage	finishedAchievementsIds#len:writeShort;finishedAchievementsIds[]:writeVarShort;rewardableAchievements#len:writeShort;rewardableAchievements[]:asAchievementRewardable	client-as3	242
AchievementRewardErrorMessage	6375	sources/client242-as3/scripts/com/ankamagames/dofus/network/messages/game/achievement/AchievementRewardErrorMessage.as:12	1	achievementId:int	NetworkMessage	achievementId:writeShort	client-as3	242
AchievementRewardRequestMessage	6377	sources/client242-as3/scripts/com/ankamagames/dofus/network/messages/game/achievement/AchievementRewardRequestMessage.as:12	1	achievementId:int	NetworkMessage	achievementId:writeShort	client-as3	242
AchievementRewardSuccessMessage	6376	sources/client242-as3/scripts/com/ankamagames/dofus/network/messages/game/achievement/AchievementRewardSuccessMessage.as:12	1	achievementId:int	NetworkMessage	achievementId:writeShort	client-as3	242
AcquaintanceSearchErrorMessage	6143	sources/client242-as3/scripts/com/ankamagames/dofus/network/messages/connection/search/AcquaintanceSearchErrorMessage.as:12	1	reason:uint	NetworkMessage	reason:writeByte	client-as3	242
AcquaintanceSearchMessage	6144	sources/client242-as3/scripts/com/ankamagames/dofus/network/messages/connection/search/AcquaintanceSearchMessage.as:12	1	nickname:String	NetworkMessage	nickname:writeUTF	client-as3	242
AcquaintanceServerListMessage	6142	sources/client242-as3/scripts/com/ankamagames/dofus/network/messages/connection/search/AcquaintanceServerListMessage.as:12	1	servers:Vector.<uint>	NetworkMessage	servers#len:writeShort;servers[]:writeVarShort	client-as3	242
AdminCommandMessage	76	sources/client242-as3/scripts/com/ankamagames/dofus/network/messages/authorized/AdminCommandMessage.as:12	1	content:String	NetworkMessage	content:writeUTF	client-as3	242
AdminQuietCommandMessage	5662	sources/client242-as3/scripts/com/ankamagames/dofus/network/messages/authorized/AdminQuietCommandMessage.as:11	0		AdminCommandMessage	super:AdminCommandMessage	client-as3	242
AggregateStatMessage	6669	sources/client242-as3/scripts/com/ankamagames/dofus/network/messages/common/basic/AggregateStatMessage.as:12	1	statId:uint	NetworkMessage	statId:writeVarShort	client-as3	242
AggregateStatWithDataMessage	6662	sources/client242-as3/scripts/com/ankamagames/dofus/network/messages/common/basic/AggregateStatWithDataMessage.as:13	1	datas:Vector.<StatisticData>	AggregateStatMessage	super:AggregateStatMessage;datas#len:writeShort;datas[]#typeId:writeShort;datas[]:serialize	client-as3	242
AlignmentRankUpdateMessage	6058	sources/client242-as3/scripts/com/ankamagames/dofus/network/messages/game/pvp/AlignmentRankUpdateMessage.as:12	2	alignmentRank:uint;verbose:Boolean	NetworkMessage	alignmentRank:writeByte;verbose:writeBoolean	client-as3	242
AllianceBulletinMessage	6690	sources/client242-as3/scripts/com/ankamagames/dofus/network/messages/game/alliance/AllianceBulletinMessage.as:12	0		BulletinMessage	super:BulletinMessage	client-as3	242
AllianceBulletinSetErrorMessage	6692	sources/client242-as3/scripts/com/ankamagames/dofus/network/messages/game/alliance/AllianceBulletinSetErrorMessage.as:12	0		SocialNoticeSetErrorMessage	super:SocialNoticeSetErrorMessage	client-as3	242
AllianceBulletinSetRequestMessage	6693	sources/client242-as3/scripts/com/ankamagames/dofus/network/messages/game/alliance/AllianceBulletinSetRequestMessage.as:12	2	content:String;notifyMembers:Boolean	SocialNoticeSetRequestMessage	super:SocialNoticeSetRequestMessage;content:writeUTF;notifyMembers:writeBoolean	client-as3	242
AllianceChangeGuildRightsMessage	6426	sources/client242-as3/scripts/com/ankamagames/dofus/network/messages/game/alliance/AllianceChangeGuildRightsMessage.as:12	2	guildId:uint;rights:uint	NetworkMessage	guildId:writeVarInt;rights:writeByte	client-as3	242
AllianceCreationResultMessage	6391	sources/client242-as3/scripts/com/ankamagames/dofus/network/messages/game/alliance/AllianceCreationResultMessage.as:12	1	result:uint	NetworkMessage	result:writeByte	client-as3	242
AllianceCreationStartedMessage	6394	sources/client242-as3/scripts/com/ankamagames/dofus/network/messages/game/alliance/AllianceCreationStartedMessage.as:12	0		NetworkMessage		client-as3	242
AllianceCreationValidMessage	6393	sources/client242-as3/scripts/com/ankamagames/dofus/network/messages/game/alliance/AllianceCreationValidMessage.as:13	3	allianceName:String;allianceTag:String;allianceEmblem:GuildEmblem	NetworkMessage	allianceName:writeUTF;allianceTag:writeUTF;allianceEmblem:asGuildEmblem	client-as3	242
AllianceFactsErrorMessage	6423	sources/client242-as3/scripts/com/ankamagames/dofus/network/messages/game/alliance/AllianceFactsErrorMessage.as:12	1	allianceId:uint	NetworkMessage	allianceId:writeVarInt	client-as3	242
AllianceFactsMessage	6414	sources/client242-as3/scripts/com/ankamagames/dofus/network/messages/game/alliance/AllianceFactsMessage.as:15	5	infos:AllianceFactSheetInformations;guilds:Vector.<GuildInAllianceInformations>;controlledSubareaIds:Vector.<uint>;leaderCharacterId:Number;leaderCharacterName:String	NetworkMessage	#typeId:writeShort;infos:serialize;guilds#len:writeShort;guilds[]:asGuildInAllianceInformations;controlledSubareaIds#len:writeShort;controlledSubareaIds[]:writeVarShort;leaderCharacterId:writeVarLong;leaderCharacterName:writeUTF	client-as3	242
AllianceFactsRequestMessage	6409	sources/client242-as3/scripts/com/ankamagames/dofus/network/messages/game/alliance/AllianceFactsRequestMessage.as:12	1	allianceId:uint	NetworkMessage	allianceId:writeVarInt	client-as3	242
AllianceGuildLeavingMessage	6399	sources/client242-as3/scripts/com/ankamagames/dofus/network/messages/game/alliance/AllianceGuildLeavingMessage.as:12	2	kicked:Boolean;guildId:uint	NetworkMessage	kicked:writeBoolean;guildId:writeVarInt	client-as3	242
AllianceInsiderInfoMessage	6403	sources/client242-as3/scripts/com/ankamagames/dofus/network/messages/game/alliance/AllianceInsiderInfoMessage.as:16	3	allianceInfos:AllianceFactSheetInformations;guilds:Vector.<GuildInsiderFactSheetInformations>;prisms:Vector.<PrismSubareaEmptyInfo>	NetworkMessage	allianceInfos:asAllianceFactSheetInformations;guilds#len:writeShort;guilds[]:asGuildInsiderFactSheetInformations;prisms#len:writeShort;prisms[]#typeId:writeShort;prisms[]:serialize	client-as3	242
AllianceInsiderInfoRequestMessage	6417	sources/client242-as3/scripts/com/ankamagames/dofus/network/messages/game/alliance/AllianceInsiderInfoRequestMessage.as:12	0		NetworkMessage		client-as3	242
AllianceInvitationAnswerMessage	6401	sources/client242-as3/scripts/com/ankamagames/dofus/network/messages/game/alliance/AllianceInvitationAnswerMessage.as:12	1	accept:Boolean	NetworkMessage	accept:writeBoolean	client-as3	242
AllianceInvitationMessage	6395	sources/client242-as3/scripts/com/ankamagames/dofus/network/messages/game/alliance/AllianceInvitationMessage.as:12	1	targetId:Number	NetworkMessage	targetId:writeVarLong	client-as3	242
AllianceInvitationStateRecrutedMessage	6392	sources/client242-as3/scripts/com/ankamagames/dofus/network/messages/game/alliance/AllianceInvitationStateRecrutedMessage.as:12	1	invitationState:uint	NetworkMessage	invitationState:writeByte	client-as3	242
AllianceInvitationStateRecruterMessage	6396	sources/client242-as3/scripts/com/ankamagames/dofus/network/messages/game/alliance/AllianceInvitationStateRecruterMessage.as:12	2	recrutedName:String;invitationState:uint	NetworkMessage	recrutedName:writeUTF;invitationState:writeByte	client-as3	242
AllianceInvitedMessage	6397	sources/client242-as3/scripts/com/ankamagames/dofus/network/messages/game/alliance/AllianceInvitedMessage.as:13	3	recruterId:Number;recruterName:String;allianceInfo:BasicNamedAllianceInformations	NetworkMessage	recruterId:writeVarLong;recruterName:writeUTF;allianceInfo:asBasicNamedAllianceInformations	client-as3	242
AllianceJoinedMessage	6402	sources/client242-as3/scripts/com/ankamagames/dofus/network/messages/game/alliance/AllianceJoinedMessage.as:13	3	allianceInfo:AllianceInformations;enabled:Boolean;leadingGuildId:uint	NetworkMessage	allianceInfo:asAllianceInformations;enabled:writeBoolean;leadingGuildId:writeVarInt	client-as3	242
AllianceKickRequestMessage	6400	sources/client242-as3/scripts/com/ankamagames/dofus/network/messages/game/alliance/AllianceKickRequestMessage.as:12	1	kickedId:uint	NetworkMessage	kickedId:writeVarInt	client-as3	242
AllianceLeftMessage	6398	sources/client242-as3/scripts/com/ankamagames/dofus/network/messages/game/alliance/AllianceLeftMessage.as:12	0		NetworkMessage		client-as3	242
AllianceListMessage	6408	sources/client242-as3/scripts/com/ankamagames/dofus/network/messages/game/alliance/AllianceListMessage.as:13	1	alliances:Vector.<AllianceFactSheetInformations>	NetworkMessage	alliances#len:writeShort;alliances[]:asAllianceFactSheetInformations	client-as3	242
AllianceMembershipMessage	6390	sources/client242-as3/scripts/com/ankamagames/dofus/network/messages/game/alliance/AllianceMembershipMessage.as:12	0		AllianceJoinedMessage	super:AllianceJoinedMessage	client-as3	242
AllianceModificationEmblemValidMessage	6447	sources/client242-as3/scripts/com/ankamagames/dofus/network/messages/game/alliance/AllianceModificationEmblemValidMessage.as:13	1	Alliancemblem:GuildEmblem	NetworkMessage	Alliancemblem:asGuildEmblem	client-as3	242
AllianceModificationNameAndTagValidMessage	6449	sources/client242-as3/scripts/com/ankamagames/dofus/network/messages/game/alliance/AllianceModificationNameAndTagValidMessage.as:12	2	allianceName:String;allianceTag:String	NetworkMessage	allianceName:writeUTF;allianceTag:writeUTF	client-as3	242
AllianceModificationStartedMessage	6444	sources/client242-as3/scripts/com/ankamagames/dofus/network/messages/game/alliance/AllianceModificationStartedMessage.as:13	3	canChangeName:Boolean;canChangeTag:Boolean;canChangeEmblem:Boolean	NetworkMessage	canChangeName:bit0;canChangeTag:bit1;canChangeEmblem:bit2;#local:writeByte	client-as3	242
AllianceModificationValidMessage	6450	sources/client242-as3/scripts/com/ankamagames/dofus/network/messages/game/alliance/AllianceModificationValidMessage.as:13	3	allianceName:String;allianceTag:String;Alliancemblem:GuildEmblem	NetworkMessage	allianceName:writeUTF;allianceTag:writeUTF;Alliancemblem:asGuildEmblem	client-as3	242
AllianceMotdMessage	6685	sources/client242-as3/scripts/com/ankamagames/dofus/network/messages/game/alliance/AllianceMotdMessage.as:12	0		SocialNoticeMessage	super:SocialNoticeMessage	client-as3	242
AllianceMotdSetErrorMessage	6683	sources/client242-as3/scripts/com/ankamagames/dofus/network/messages/game/alliance/AllianceMotdSetErrorMessage.as:12	0		SocialNoticeSetErrorMessage	super:SocialNoticeSetErrorMessage	client-as3	242
AllianceMotdSetRequestMessage	6687	sources/client242-as3/scripts/com/ankamagames/dofus/network/messages/game/alliance/AllianceMotdSetRequestMessage.as:12	1	content:String	SocialNoticeSetRequestMessage	super:SocialNoticeSetRequestMessage;content:writeUTF	client-as3	242
AlliancePartialListMessage	6427	sources/client242-as3/scripts/com/ankamagames/dofus/network/messages/game/alliance/AlliancePartialListMessage.as:12	0		AllianceListMessage	super:AllianceListMessage	client-as3	242
AlliancePrismDialogQuestionMessage	6448	sources/client242-as3/scripts/com/ankamagames/dofus/network/messages/game/context/roleplay/npc/AlliancePrismDialogQuestionMessage.as:12	0		NetworkMessage		client-as3	242
AllianceTaxCollectorDialogQuestionExtendedMessage	6445	sources/client242-as3/scripts/com/ankamagames/dofus/network/messages/game/context/roleplay/npc/AllianceTaxCollectorDialogQuestionExtendedMessage.as:13	1	alliance:BasicNamedAllianceInformations	TaxCollectorDialogQuestionExtendedMessage	super:TaxCollectorDialogQuestionExtendedMessage;alliance:asBasicNamedAllianceInformations	client-as3	242
AllianceVersatileInfoListMessage	6436	sources/client242-as3/scripts/com/ankamagames/dofus/network/messages/game/alliance/AllianceVersatileInfoListMessage.as:13	1	alliances:Vector.<AllianceVersatileInformations>	NetworkMessage	alliances#len:writeShort;alliances[]:asAllianceVersatileInformations	client-as3	242
AlmanachCalendarDateMessage	6341	sources/client242-as3/scripts/com/ankamagames/dofus/network/messages/game/almanach/AlmanachCalendarDateMessage.as:12	1	date:int	NetworkMessage	date:writeInt	client-as3	242
AlreadyConnectedMessage	109	sources/client242-as3/scripts/com/ankamagames/dofus/network/messages/game/approach/AlreadyConnectedMessage.as:12	0		NetworkMessage		client-as3	242
AreaFightModificatorUpdateMessage	6493	sources/client242-as3/scripts/com/ankamagames/dofus/network/messages/game/modificator/AreaFightModificatorUpdateMessage.as:12	1	spellPairId:int	NetworkMessage	spellPairId:writeInt	client-as3	242
ArenaFighterLeaveMessage	6700	sources/client242-as3/scripts/com/ankamagames/dofus/network/messages/game/context/fight/arena/ArenaFighterLeaveMessage.as:13	1	leaver:CharacterBasicMinimalInformations	NetworkMessage	leaver:asCharacterBasicMinimalInformations	client-as3	242
AtlasPointInformationsMessage	5956	sources/client242-as3/scripts/com/ankamagames/dofus/network/messages/game/atlas/AtlasPointInformationsMessage.as:13	1	type:AtlasPointsInformations	NetworkMessage	type:asAtlasPointsInformations	client-as3	242
AuthenticationTicketAcceptedMessage	111	sources/client242-as3/scripts/com/ankamagames/dofus/network/messages/game/approach/AuthenticationTicketAcceptedMessage.as:12	0		NetworkMessage		client-as3	242
AuthenticationTicketMessage	110	sources/client242-as3/scripts/com/ankamagames/dofus/network/messages/game/approach/AuthenticationTicketMessage.as:12	2	lang:String;ticket:String	NetworkMessage	lang:writeUTF;ticket:writeUTF	client-as3	242
AuthenticationTicketRefusedMessage	112	sources/client242-as3/scripts/com/ankamagames/dofus/network/messages/game/approach/AuthenticationTicketRefusedMessage.as:12	0		NetworkMessage		client-as3	242
BasicAckMessage	6362	sources/client242-as3/scripts/com/ankamagames/dofus/network/messages/game/basic/BasicAckMessage.as:12	2	seq:uint;lastPacketId:uint	NetworkMessage	seq:writeVarInt;lastPacketId:writeVarShort	client-as3	242
BasicCharactersListMessage	6475	sources/client242-as3/scripts/com/ankamagames/dofus/network/messages/game/character/choice/BasicCharactersListMessage.as:14	1	characters:Vector.<CharacterBaseInformations>	NetworkMessage	characters#len:writeShort;characters[]#typeId:writeShort;characters[]:serialize	client-as3	242
BasicDateMessage	177	sources/client242-as3/scripts/com/ankamagames/dofus/network/messages/game/basic/BasicDateMessage.as:12	3	day:uint;month:uint;year:uint	NetworkMessage	day:writeByte;month:writeByte;year:writeShort	client-as3	242
BasicLatencyStatsMessage	5663	sources/client242-as3/scripts/com/ankamagames/dofus/network/messages/game/basic/BasicLatencyStatsMessage.as:12	3	latency:uint;sampleCount:uint;max:uint	NetworkMessage	latency:writeShort;sampleCount:writeVarShort;max:writeVarShort	client-as3	242
BasicLatencyStatsRequestMessage	5816	sources/client242-as3/scripts/com/ankamagames/dofus/network/messages/game/basic/BasicLatencyStatsRequestMessage.as:12	0		NetworkMessage		client-as3	242
BasicNoOperationMessage	176	sources/client242-as3/scripts/com/ankamagames/dofus/network/messages/game/basic/BasicNoOperationMessage.as:12	0		NetworkMessage		client-as3	242
BasicPingMessage	182	sources/client242-as3/scripts/com/ankamagames/dofus/network/messages/common/basic/BasicPingMessage.as:12	1	quiet:Boolean	NetworkMessage	quiet:writeBoolean	client-as3	242
BasicPongMessage	183	sources/client242-as3/scripts/com/ankamagames/dofus/network/messages/common/basic/BasicPongMessage.as:12	1	quiet:Boolean	NetworkMessage	quiet:writeBoolean	client-as3	242
BasicStatMessage	6530	sources/client242-as3/scripts/com/ankamagames/dofus/network/messages/common/basic/BasicStatMessage.as:12	2	timeSpent:Number;statId:uint	NetworkMessage	timeSpent:writeDouble;statId:writeVarShort	client-as3	242
BasicStatWithDataMessage	6573	sources/client242-as3/scripts/com/ankamagames/dofus/network/messages/common/basic/BasicStatWithDataMessage.as:13	1	datas:Vector.<StatisticData>	BasicStatMessage	super:BasicStatMessage;datas#len:writeShort;datas[]#typeId:writeShort;datas[]:serialize	client-as3	242
BasicTimeMessage	175	sources/client242-as3/scripts/com/ankamagames/dofus/network/messages/game/basic/BasicTimeMessage.as:12	2	timestamp:Number;timezoneOffset:int	NetworkMessage	timestamp:writeDouble;timezoneOffset:writeShort	client-as3	242
BasicWhoAmIRequestMessage	5664	sources/client242-as3/scripts/com/ankamagames/dofus/network/messages/game/basic/BasicWhoAmIRequestMessage.as:12	1	verbose:Boolean	NetworkMessage	verbose:writeBoolean	client-as3	242
BasicWhoIsMessage	180	sources/client242-as3/scripts/com/ankamagames/dofus/network/messages/game/basic/BasicWhoIsMessage.as:15	12	self:Boolean;position:int;accountNickname:String;accountId:uint;playerName:String;playerId:Number;areaId:int;serverId:int;originServerId:int;socialGroups:Vector.<AbstractSocialGroupInfos>;verbose:Boolean;playerState:uint	NetworkMessage	self:bit0;verbose:bit1;#local:writeByte;position:writeByte;accountNickname:writeUTF;accountId:writeInt;playerName:writeUTF;playerId:writeVarLong;areaId:writeShort;serverId:writeShort;originServerId:writeShort;socialGroups#len:writeShort;socialGroups[]#typeId:writeShort;socialGroups[]:serialize;playerState:writeByte	client-as3	242
BasicWhoIsNoMatchMessage	179	sources/client242-as3/scripts/com/ankamagames/dofus/network/messages/game/basic/BasicWhoIsNoMatchMessage.as:12	1	search:String	NetworkMessage	search:writeUTF	client-as3	242
BasicWhoIsRequestMessage	181	sources/client242-as3/scripts/com/ankamagames/dofus/network/messages/game/basic/BasicWhoIsRequestMessage.as:12	2	verbose:Boolean;search:String	NetworkMessage	verbose:writeBoolean;search:writeUTF	client-as3	242
BulletinMessage	6695	sources/client242-as3/scripts/com/ankamagames/dofus/network/messages/game/social/BulletinMessage.as:11	1	lastNotifiedTimestamp:uint	SocialNoticeMessage	super:SocialNoticeMessage;lastNotifiedTimestamp:writeInt	client-as3	242
ChallengeFightJoinRefusedMessage	5908	sources/client242-as3/scripts/com/ankamagames/dofus/network/messages/game/guild/ChallengeFightJoinRefusedMessage.as:12	2	playerId:Number;reason:int	NetworkMessage	playerId:writeVarLong;reason:writeByte	client-as3	242
ChallengeInfoMessage	6022	sources/client242-as3/scripts/com/ankamagames/dofus/network/messages/game/context/fight/challenge/ChallengeInfoMessage.as:12	4	challengeId:uint;targetId:Number;xpBonus:uint;dropBonus:uint	NetworkMessage	challengeId:writeVarShort;targetId:writeDouble;xpBonus:writeVarInt;dropBonus:writeVarInt	client-as3	242
ChallengeResultMessage	6019	sources/client242-as3/scripts/com/ankamagames/dofus/network/messages/game/context/fight/challenge/ChallengeResultMessage.as:12	2	challengeId:uint;success:Boolean	NetworkMessage	challengeId:writeVarShort;success:writeBoolean	client-as3	242
ChallengeTargetUpdateMessage	6123	sources/client242-as3/scripts/com/ankamagames/dofus/network/messages/game/context/fight/challenge/ChallengeTargetUpdateMessage.as:12	2	challengeId:uint;targetId:Number	NetworkMessage	challengeId:writeVarShort;targetId:writeDouble	client-as3	242
ChallengeTargetsListMessage	5613	sources/client242-as3/scripts/com/ankamagames/dofus/network/messages/game/context/fight/challenge/ChallengeTargetsListMessage.as:12	2	targetIds:Vector.<Number>;targetCells:Vector.<int>	NetworkMessage	targetIds#len:writeShort;targetIds[]:writeDouble;targetCells#len:writeShort;targetCells[]:writeShort	client-as3	242
ChallengeTargetsListRequestMessage	5614	sources/client242-as3/scripts/com/ankamagames/dofus/network/messages/game/context/fight/challenge/ChallengeTargetsListRequestMessage.as:12	1	challengeId:uint	NetworkMessage	challengeId:writeVarShort	client-as3	242
ChangeHavenBagRoomRequestMessage	6638	sources/client242-as3/scripts/com/ankamagames/dofus/network/messages/game/context/roleplay/havenbag/ChangeHavenBagRoomRequestMessage.as:12	1	roomId:uint	NetworkMessage	roomId:writeByte	client-as3	242
ChangeMapMessage	221	sources/client242-as3/scripts/com/ankamagames/dofus/network/messages/game/context/roleplay/ChangeMapMessage.as:12	1	mapId:uint	NetworkMessage	mapId:writeInt	client-as3	242
ChangeThemeRequestMessage	6639	sources/client242-as3/scripts/com/ankamagames/dofus/network/messages/game/context/roleplay/havenbag/ChangeThemeRequestMessage.as:12	1	theme:int	NetworkMessage	theme:writeByte	client-as3	242
ChannelEnablingChangeMessage	891	sources/client242-as3/scripts/com/ankamagames/dofus/network/messages/game/chat/channel/ChannelEnablingChangeMessage.as:12	2	channel:uint;enable:Boolean	NetworkMessage	channel:writeByte;enable:writeBoolean	client-as3	242
ChannelEnablingMessage	890	sources/client242-as3/scripts/com/ankamagames/dofus/network/messages/game/chat/channel/ChannelEnablingMessage.as:12	2	channel:uint;enable:Boolean	NetworkMessage	channel:writeByte;enable:writeBoolean	client-as3	242
CharacterCanBeCreatedRequestMessage	6732	sources/client242-as3/scripts/com/ankamagames/dofus/network/messages/game/character/creation/CharacterCanBeCreatedRequestMessage.as:12	0		NetworkMessage		client-as3	242
CharacterCanBeCreatedResultMessage	6733	sources/client242-as3/scripts/com/ankamagames/dofus/network/messages/game/character/creation/CharacterCanBeCreatedResultMessage.as:12	1	yesYouCan:Boolean	NetworkMessage	yesYouCan:writeBoolean	client-as3	242
CharacterCapabilitiesMessage	6339	sources/client242-as3/scripts/com/ankamagames/dofus/network/messages/game/initialization/CharacterCapabilitiesMessage.as:12	1	guildEmblemSymbolCategories:uint	NetworkMessage	guildEmblemSymbolCategories:writeVarInt	client-as3	242
CharacterCreationRequestMessage	160	sources/client242-as3/scripts/com/ankamagames/dofus/network/messages/game/character/creation/CharacterCreationRequestMessage.as:13	5	name:String;breed:int;sex:Boolean;colors:Vector.<int>;cosmeticId:uint	NetworkMessage	name:writeUTF;breed:writeByte;sex:writeBoolean;colors[]:writeInt;cosmeticId:writeVarShort	client-as3	242
CharacterCreationResultMessage	161	sources/client242-as3/scripts/com/ankamagames/dofus/network/messages/game/character/creation/CharacterCreationResultMessage.as:12	1	result:uint	NetworkMessage	result:writeByte	client-as3	242
CharacterDeletionErrorMessage	166	sources/client242-as3/scripts/com/ankamagames/dofus/network/messages/game/character/deletion/CharacterDeletionErrorMessage.as:12	1	reason:uint	NetworkMessage	reason:writeByte	client-as3	242
CharacterDeletionRequestMessage	165	sources/client242-as3/scripts/com/ankamagames/dofus/network/messages/game/character/deletion/CharacterDeletionRequestMessage.as:12	2	characterId:Number;secretAnswerHash:String	NetworkMessage	characterId:writeVarLong;secretAnswerHash:writeUTF	client-as3	242
CharacterExperienceGainMessage	6321	sources/client242-as3/scripts/com/ankamagames/dofus/network/messages/game/character/stats/CharacterExperienceGainMessage.as:12	4	experienceCharacter:Number;experienceMount:Number;experienceGuild:Number;experienceIncarnation:Number	NetworkMessage	experienceCharacter:writeVarLong;experienceMount:writeVarLong;experienceGuild:writeVarLong;experienceIncarnation:writeVarLong	client-as3	242
CharacterFirstSelectionMessage	6084	sources/client242-as3/scripts/com/ankamagames/dofus/network/messages/game/character/choice/CharacterFirstSelectionMessage.as:11	1	doTutorial:Boolean	CharacterSelectionMessage	super:CharacterSelectionMessage;doTutorial:writeBoolean	client-as3	242
CharacterLevelUpInformationMessage	6076	sources/client242-as3/scripts/com/ankamagames/dofus/network/messages/game/character/stats/CharacterLevelUpInformationMessage.as:11	2	name:String;id:Number	CharacterLevelUpMessage	super:CharacterLevelUpMessage;name:writeUTF;id:writeVarLong	client-as3	242
CharacterLevelUpMessage	5670	sources/client242-as3/scripts/com/ankamagames/dofus/network/messages/game/character/stats/CharacterLevelUpMessage.as:12	1	newLevel:uint	NetworkMessage	newLevel:writeByte	client-as3	242
CharacterLoadingCompleteMessage	6471	sources/client242-as3/scripts/com/ankamagames/dofus/network/messages/game/initialization/CharacterLoadingCompleteMessage.as:12	0		NetworkMessage		client-as3	242
CharacterNameSuggestionFailureMessage	164	sources/client242-as3/scripts/com/ankamagames/dofus/network/messages/game/character/creation/CharacterNameSuggestionFailureMessage.as:12	1	reason:uint	NetworkMessage	reason:writeByte	client-as3	242
CharacterNameSuggestionRequestMessage	162	sources/client242-as3/scripts/com/ankamagames/dofus/network/messages/game/character/creation/CharacterNameSuggestionRequestMessage.as:12	0		NetworkMessage		client-as3	242
CharacterNameSuggestionSuccessMessage	5544	sources/client242-as3/scripts/com/ankamagames/dofus/network/messages/game/character/creation/CharacterNameSuggestionSuccessMessage.as:12	1	suggestion:String	NetworkMessage	suggestion:writeUTF	client-as3	242
CharacterReplayRequestMessage	167	sources/client242-as3/scripts/com/ankamagames/dofus/network/messages/game/character/replay/CharacterReplayRequestMessage.as:12	1	characterId:Number	NetworkMessage	characterId:writeVarLong	client-as3	242
CharacterReplayWithRemodelRequestMessage	6551	sources/client242-as3/scripts/com/ankamagames/dofus/network/messages/game/character/choice/CharacterReplayWithRemodelRequestMessage.as:13	1	remodel:RemodelingInformation	CharacterReplayRequestMessage	super:CharacterReplayRequestMessage;remodel:asRemodelingInformation	client-as3	242
CharacterReportMessage	6079	sources/client242-as3/scripts/com/ankamagames/dofus/network/messages/game/report/CharacterReportMessage.as:12	2	reportedId:Number;reason:uint	NetworkMessage	reportedId:writeVarLong;reason:writeByte	client-as3	242
CharacterSelectedErrorMessage	5836	sources/client242-as3/scripts/com/ankamagames/dofus/network/messages/game/character/choice/CharacterSelectedErrorMessage.as:12	0		NetworkMessage		client-as3	242
CharacterSelectedForceMessage	6068	sources/client242-as3/scripts/com/ankamagames/dofus/network/messages/game/character/choice/CharacterSelectedForceMessage.as:12	1	id:int	NetworkMessage	id:writeInt	client-as3	242
CharacterSelectedForceReadyMessage	6072	sources/client242-as3/scripts/com/ankamagames/dofus/network/messages/game/character/choice/CharacterSelectedForceReadyMessage.as:12	0		NetworkMessage		client-as3	242
CharacterSelectedSuccessMessage	153	sources/client242-as3/scripts/com/ankamagames/dofus/network/messages/game/character/choice/CharacterSelectedSuccessMessage.as:13	2	infos:CharacterBaseInformations;isCollectingStats:Boolean	NetworkMessage	infos:asCharacterBaseInformations;isCollectingStats:writeBoolean	client-as3	242
CharacterSelectionMessage	152	sources/client242-as3/scripts/com/ankamagames/dofus/network/messages/game/character/choice/CharacterSelectionMessage.as:12	1	id:Number	NetworkMessage	id:writeVarLong	client-as3	242
CharacterSelectionWithRemodelMessage	6549	sources/client242-as3/scripts/com/ankamagames/dofus/network/messages/game/character/choice/CharacterSelectionWithRemodelMessage.as:12	1	remodel:RemodelingInformation	CharacterSelectionMessage	super:CharacterSelectionMessage;remodel:asRemodelingInformation	client-as3	242
CharacterStatsListMessage	500	sources/client242-as3/scripts/com/ankamagames/dofus/network/messages/game/character/stats/CharacterStatsListMessage.as:13	1	stats:CharacterCharacteristicsInformations	NetworkMessage	stats:asCharacterCharacteristicsInformations	client-as3	242
CharactersListErrorMessage	5545	sources/client242-as3/scripts/com/ankamagames/dofus/network/messages/game/character/choice/CharactersListErrorMessage.as:12	0		NetworkMessage		client-as3	242
CharactersListMessage	151	sources/client242-as3/scripts/com/ankamagames/dofus/network/messages/game/character/choice/CharactersListMessage.as:12	1	hasStartupActions:Boolean	BasicCharactersListMessage	super:BasicCharactersListMessage;hasStartupActions:writeBoolean	client-as3	242
CharactersListRequestMessage	150	sources/client242-as3/scripts/com/ankamagames/dofus/network/messages/game/character/choice/CharactersListRequestMessage.as:12	0		NetworkMessage		client-as3	242
CharactersListWithModificationsMessage	6120	sources/client242-as3/scripts/com/ankamagames/dofus/network/messages/game/character/choice/CharactersListWithModificationsMessage.as:14	4	charactersToRecolor:Vector.<CharacterToRecolorInformation>;charactersToRename:Vector.<int>;unusableCharacters:Vector.<int>;charactersToRelook:Vector.<CharacterToRelookInformation>	CharactersListMessage	super:CharactersListMessage;charactersToRecolor#len:writeShort;charactersToRecolor[]:asCharacterToRecolorInformation;charactersToRename#len:writeShort;charactersToRename[]:writeInt;unusableCharacters#len:writeShort;unusableCharacters[]:writeInt;charactersToRelook#len:writeShort;charactersToRelook[]:asCharacterToRelookInformation	client-as3	242
CharactersListWithRemodelingMessage	6550	sources/client242-as3/scripts/com/ankamagames/dofus/network/messages/game/character/choice/CharactersListWithRemodelingMessage.as:13	1	charactersToRemodel:Vector.<CharacterToRemodelInformations>	CharactersListMessage	super:CharactersListMessage;charactersToRemodel#len:writeShort;charactersToRemodel[]:asCharacterToRemodelInformations	client-as3	242
ChatAbstractClientMessage	850	sources/client242-as3/scripts/com/ankamagames/dofus/network/messages/game/chat/ChatAbstractClientMessage.as:12	1	content:String	NetworkMessage	content:writeUTF	client-as3	242
ChatAbstractServerMessage	880	sources/client242-as3/scripts/com/ankamagames/dofus/network/messages/game/chat/ChatAbstractServerMessage.as:12	4	channel:uint;content:String;timestamp:uint;fingerprint:String	NetworkMessage	channel:writeByte;content:writeUTF;timestamp:writeInt;fingerprint:writeUTF	client-as3	242
ChatAdminServerMessage	6135	sources/client242-as3/scripts/com/ankamagames/dofus/network/messages/game/chat/ChatAdminServerMessage.as:11	0		ChatServerMessage	super:ChatServerMessage	client-as3	242
ChatClientMultiMessage	861	sources/client242-as3/scripts/com/ankamagames/dofus/network/messages/game/chat/ChatClientMultiMessage.as:11	1	channel:uint	ChatAbstractClientMessage	super:ChatAbstractClientMessage;channel:writeByte	client-as3	242
ChatClientMultiWithObjectMessage	862	sources/client242-as3/scripts/com/ankamagames/dofus/network/messages/game/chat/ChatClientMultiWithObjectMessage.as:12	1	objects:Vector.<ObjectItem>	ChatClientMultiMessage	super:ChatClientMultiMessage;objects#len:writeShort;objects[]:asObjectItem	client-as3	242
ChatClientPrivateMessage	851	sources/client242-as3/scripts/com/ankamagames/dofus/network/messages/game/chat/ChatClientPrivateMessage.as:11	1	receiver:String	ChatAbstractClientMessage	super:ChatAbstractClientMessage;receiver:writeUTF	client-as3	242
ChatClientPrivateWithObjectMessage	852	sources/client242-as3/scripts/com/ankamagames/dofus/network/messages/game/chat/ChatClientPrivateWithObjectMessage.as:12	1	objects:Vector.<ObjectItem>	ChatClientPrivateMessage	super:ChatClientPrivateMessage;objects#len:writeShort;objects[]:asObjectItem	client-as3	242
ChatCommunityChannelCommunityMessage	6730	sources/client242-as3/scripts/com/ankamagames/dofus/network/messages/game/chat/community/ChatCommunityChannelCommunityMessage.as:12	1	communityId:int	NetworkMessage	communityId:writeShort	client-as3	242
ChatCommunityChannelSetCommunityRequestMessage	6729	sources/client242-as3/scripts/com/ankamagames/dofus/network/messages/game/chat/community/ChatCommunityChannelSetCommunityRequestMessage.as:12	1	communityId:int	NetworkMessage	communityId:writeShort	client-as3	242
ChatErrorMessage	870	sources/client242-as3/scripts/com/ankamagames/dofus/network/messages/game/chat/ChatErrorMessage.as:12	1	reason:uint	NetworkMessage	reason:writeByte	client-as3	242
ChatMessageReportMessage	821	sources/client242-as3/scripts/com/ankamagames/dofus/network/messages/game/chat/report/ChatMessageReportMessage.as:12	6	senderName:String;content:String;timestamp:uint;channel:uint;fingerprint:String;reason:uint	NetworkMessage	senderName:writeUTF;content:writeUTF;timestamp:writeInt;channel:writeByte;fingerprint:writeUTF;reason:writeByte	client-as3	242
ChatServerCopyMessage	882	sources/client242-as3/scripts/com/ankamagames/dofus/network/messages/game/chat/ChatServerCopyMessage.as:11	2	receiverId:Number;receiverName:String	ChatAbstractServerMessage	super:ChatAbstractServerMessage;receiverId:writeVarLong;receiverName:writeUTF	client-as3	242
ChatServerCopyWithObjectMessage	884	sources/client242-as3/scripts/com/ankamagames/dofus/network/messages/game/chat/ChatServerCopyWithObjectMessage.as:12	1	objects:Vector.<ObjectItem>	ChatServerCopyMessage	super:ChatServerCopyMessage;objects#len:writeShort;objects[]:asObjectItem	client-as3	242
ChatServerMessage	881	sources/client242-as3/scripts/com/ankamagames/dofus/network/messages/game/chat/ChatServerMessage.as:11	3	senderId:Number;senderName:String;senderAccountId:uint	ChatAbstractServerMessage	super:ChatAbstractServerMessage;senderId:writeDouble;senderName:writeUTF;senderAccountId:writeInt	client-as3	242
ChatServerWithObjectMessage	883	sources/client242-as3/scripts/com/ankamagames/dofus/network/messages/game/chat/ChatServerWithObjectMessage.as:12	1	objects:Vector.<ObjectItem>	ChatServerMessage	super:ChatServerMessage;objects#len:writeShort;objects[]:asObjectItem	client-as3	242
ChatSmileyExtraPackListMessage	6596	sources/client242-as3/scripts/com/ankamagames/dofus/network/messages/game/chat/smiley/ChatSmileyExtraPackListMessage.as:12	1	packIds:Vector.<uint>	NetworkMessage	packIds#len:writeShort;packIds[]:writeByte	client-as3	242
ChatSmileyMessage	801	sources/client242-as3/scripts/com/ankamagames/dofus/network/messages/game/chat/smiley/ChatSmileyMessage.as:12	3	entityId:Number;smileyId:uint;accountId:uint	NetworkMessage	entityId:writeDouble;smileyId:writeVarShort;accountId:writeInt	client-as3	242
ChatSmileyRequestMessage	800	sources/client242-as3/scripts/com/ankamagames/dofus/network/messages/game/chat/smiley/ChatSmileyRequestMessage.as:12	1	smileyId:uint	NetworkMessage	smileyId:writeVarShort	client-as3	242
CheckFileMessage	6156	sources/client242-as3/scripts/com/ankamagames/dofus/network/messages/security/CheckFileMessage.as:12	3	filenameHash:String;type:uint;value:String	NetworkMessage	filenameHash:writeUTF;type:writeByte;value:writeUTF	client-as3	242
CheckFileRequestMessage	6154	sources/client242-as3/scripts/com/ankamagames/dofus/network/messages/security/CheckFileRequestMessage.as:12	2	filename:String;type:uint	NetworkMessage	filename:writeUTF;type:writeByte	client-as3	242
CheckIntegrityMessage	6372	sources/client242-as3/scripts/com/ankamagames/dofus/network/messages/security/CheckIntegrityMessage.as:12	1	data:Vector.<int>	NetworkMessage	data#len:writeVarInt;data[]:writeByte	client-as3	242
CinematicMessage	6053	sources/client242-as3/scripts/com/ankamagames/dofus/network/messages/game/script/CinematicMessage.as:12	1	cinematicId:uint	NetworkMessage	cinematicId:writeVarShort	client-as3	242
ClientKeyMessage	5607	sources/client242-as3/scripts/com/ankamagames/dofus/network/messages/security/ClientKeyMessage.as:12	1	key:String	NetworkMessage	key:writeUTF	client-as3	242
ClientUIOpenedByObjectMessage	6463	sources/client242-as3/scripts/com/ankamagames/dofus/network/messages/game/ui/ClientUIOpenedByObjectMessage.as:11	1	uid:uint	ClientUIOpenedMessage	super:ClientUIOpenedMessage;uid:writeVarInt	client-as3	242
ClientUIOpenedMessage	6459	sources/client242-as3/scripts/com/ankamagames/dofus/network/messages/game/ui/ClientUIOpenedMessage.as:12	1	type:uint	NetworkMessage	type:writeByte	client-as3	242
ClientYouAreDrunkMessage	6594	sources/client242-as3/scripts/com/ankamagames/dofus/network/messages/wtf/ClientYouAreDrunkMessage.as:12	0		DebugInClientMessage	super:DebugInClientMessage	client-as3	242
CloseHavenBagFurnitureSequenceRequestMessage	6621	sources/client242-as3/scripts/com/ankamagames/dofus/network/messages/game/context/roleplay/havenbag/CloseHavenBagFurnitureSequenceRequestMessage.as:12	0		NetworkMessage		client-as3	242
ComicReadingBeginMessage	6536	sources/client242-as3/scripts/com/ankamagames/dofus/network/messages/game/context/roleplay/document/ComicReadingBeginMessage.as:12	1	comicId:uint	NetworkMessage	comicId:writeVarShort	client-as3	242
CompassResetMessage	5584	sources/client242-as3/scripts/com/ankamagames/dofus/network/messages/game/atlas/compass/CompassResetMessage.as:12	1	type:uint	NetworkMessage	type:writeByte	client-as3	242
CompassUpdateMessage	5591	sources/client242-as3/scripts/com/ankamagames/dofus/network/messages/game/atlas/compass/CompassUpdateMessage.as:14	2	type:uint;coords:MapCoordinates	NetworkMessage	type:writeByte;#typeId:writeShort;coords:serialize	client-as3	242
CompassUpdatePartyMemberMessage	5589	sources/client242-as3/scripts/com/ankamagames/dofus/network/messages/game/atlas/compass/CompassUpdatePartyMemberMessage.as:12	2	memberId:Number;active:Boolean	CompassUpdateMessage	super:CompassUpdateMessage;memberId:writeVarLong;active:writeBoolean	client-as3	242
CompassUpdatePvpSeekMessage	6013	sources/client242-as3/scripts/com/ankamagames/dofus/network/messages/game/atlas/compass/CompassUpdatePvpSeekMessage.as:12	2	memberId:Number;memberName:String	CompassUpdateMessage	super:CompassUpdateMessage;memberId:writeVarLong;memberName:writeUTF	client-as3	242
ConsoleCommandsListMessage	6127	sources/client242-as3/scripts/com/ankamagames/dofus/network/messages/authorized/ConsoleCommandsListMessage.as:12	3	aliases:Vector.<String>;args:Vector.<String>;descriptions:Vector.<String>	NetworkMessage	aliases#len:writeShort;aliases[]:writeUTF;args#len:writeShort;args[]:writeUTF;descriptions#len:writeShort;descriptions[]:writeUTF	client-as3	242
ConsoleMessage	75	sources/client242-as3/scripts/com/ankamagames/dofus/network/messages/authorized/ConsoleMessage.as:12	2	type:uint;content:String	NetworkMessage	type:writeByte;content:writeUTF	client-as3	242
ContactLookErrorMessage	6045	sources/client242-as3/scripts/com/ankamagames/dofus/network/messages/game/social/ContactLookErrorMessage.as:12	1	requestId:uint	NetworkMessage	requestId:writeVarInt	client-as3	242
ContactLookMessage	5934	sources/client242-as3/scripts/com/ankamagames/dofus/network/messages/game/social/ContactLookMessage.as:13	4	requestId:uint;playerName:String;playerId:Number;look:EntityLook	NetworkMessage	requestId:writeVarInt;playerName:writeUTF;playerId:writeVarLong;look:asEntityLook	client-as3	242
ContactLookRequestByIdMessage	5935	sources/client242-as3/scripts/com/ankamagames/dofus/network/messages/game/social/ContactLookRequestByIdMessage.as:11	1	playerId:Number	ContactLookRequestMessage	super:ContactLookRequestMessage;playerId:writeVarLong	client-as3	242
ContactLookRequestByNameMessage	5933	sources/client242-as3/scripts/com/ankamagames/dofus/network/messages/game/social/ContactLookRequestByNameMessage.as:11	1	playerName:String	ContactLookRequestMessage	super:ContactLookRequestMessage;playerName:writeUTF	client-as3	242
ContactLookRequestMessage	5932	sources/client242-as3/scripts/com/ankamagames/dofus/network/messages/game/social/ContactLookRequestMessage.as:12	2	requestId:uint;contactType:uint	NetworkMessage	requestId:writeByte;contactType:writeByte	client-as3	242
CurrentMapMessage	220	sources/client242-as3/scripts/com/ankamagames/dofus/network/messages/game/context/roleplay/CurrentMapMessage.as:12	2	mapId:uint;mapKey:String	NetworkMessage	mapId:writeInt;mapKey:writeUTF	client-as3	242
CurrentServerStatusUpdateMessage	6525	sources/client242-as3/scripts/com/ankamagames/dofus/network/messages/game/basic/CurrentServerStatusUpdateMessage.as:12	1	status:uint	NetworkMessage	status:writeByte	client-as3	242
DareCancelRequestMessage	6680	sources/client242-as3/scripts/com/ankamagames/dofus/network/messages/game/dare/DareCancelRequestMessage.as:12	1	dareId:Number	NetworkMessage	dareId:writeDouble	client-as3	242
DareCanceledMessage	6679	sources/client242-as3/scripts/com/ankamagames/dofus/network/messages/game/dare/DareCanceledMessage.as:12	1	dareId:Number	NetworkMessage	dareId:writeDouble	client-as3	242
DareCreatedListMessage	6663	sources/client242-as3/scripts/com/ankamagames/dofus/network/messages/game/dare/DareCreatedListMessage.as:14	2	daresFixedInfos:Vector.<DareInformations>;daresVersatilesInfos:Vector.<DareVersatileInformations>	NetworkMessage	daresFixedInfos#len:writeShort;daresFixedInfos[]:asDareInformations;daresVersatilesInfos#len:writeShort;daresVersatilesInfos[]:asDareVersatileInformations	client-as3	242
DareCreatedMessage	6668	sources/client242-as3/scripts/com/ankamagames/dofus/network/messages/game/dare/DareCreatedMessage.as:13	2	dareInfos:DareInformations;needNotifications:Boolean	NetworkMessage	dareInfos:asDareInformations;needNotifications:writeBoolean	client-as3	242
DareCreationRequestMessage	6665	sources/client242-as3/scripts/com/ankamagames/dofus/network/messages/game/dare/DareCreationRequestMessage.as:14	10	subscriptionFee:Number;jackpot:Number;maxCountWinners:uint;delayBeforeStart:uint;duration:uint;isPrivate:Boolean;isForGuild:Boolean;isForAlliance:Boolean;needNotifications:Boolean;criterions:Vector.<DareCriteria>	NetworkMessage	isPrivate:bit0;isForGuild:bit1;isForAlliance:bit2;needNotifications:bit3;#local:writeByte;subscriptionFee:writeVarLong;jackpot:writeVarLong;maxCountWinners:writeShort;delayBeforeStart:writeUnsignedInt;duration:writeUnsignedInt;criterions#len:writeShort;criterions[]:asDareCriteria	client-as3	242
DareErrorMessage	6667	sources/client242-as3/scripts/com/ankamagames/dofus/network/messages/game/dare/DareErrorMessage.as:12	1	error:uint	NetworkMessage	error:writeByte	client-as3	242
DareInformationsMessage	6656	sources/client242-as3/scripts/com/ankamagames/dofus/network/messages/game/dare/DareInformationsMessage.as:14	2	dareFixedInfos:DareInformations;dareVersatilesInfos:DareVersatileInformations	NetworkMessage	dareFixedInfos:asDareInformations;dareVersatilesInfos:asDareVersatileInformations	client-as3	242
DareInformationsRequestMessage	6659	sources/client242-as3/scripts/com/ankamagames/dofus/network/messages/game/dare/DareInformationsRequestMessage.as:12	1	dareId:Number	NetworkMessage	dareId:writeDouble	client-as3	242
DareListMessage	6661	sources/client242-as3/scripts/com/ankamagames/dofus/network/messages/game/dare/DareListMessage.as:13	1	dares:Vector.<DareInformations>	NetworkMessage	dares#len:writeShort;dares[]:asDareInformations	client-as3	242
DareRewardConsumeRequestMessage	6676	sources/client242-as3/scripts/com/ankamagames/dofus/network/messages/game/dare/DareRewardConsumeRequestMessage.as:12	2	dareId:Number;type:uint	NetworkMessage	dareId:writeDouble;type:writeByte	client-as3	242
DareRewardConsumeValidationMessage	6675	sources/client242-as3/scripts/com/ankamagames/dofus/network/messages/game/dare/DareRewardConsumeValidationMessage.as:12	2	dareId:Number;type:uint	NetworkMessage	dareId:writeDouble;type:writeByte	client-as3	242
DareRewardWonMessage	6678	sources/client242-as3/scripts/com/ankamagames/dofus/network/messages/game/dare/DareRewardWonMessage.as:13	1	reward:DareReward	NetworkMessage	reward:asDareReward	client-as3	242
DareRewardsListMessage	6677	sources/client242-as3/scripts/com/ankamagames/dofus/network/messages/game/dare/DareRewardsListMessage.as:13	1	rewards:Vector.<DareReward>	NetworkMessage	rewards#len:writeShort;rewards[]:asDareReward	client-as3	242
DareSubscribeRequestMessage	6666	sources/client242-as3/scripts/com/ankamagames/dofus/network/messages/game/dare/DareSubscribeRequestMessage.as:12	2	dareId:Number;subscribe:Boolean	NetworkMessage	dareId:writeDouble;subscribe:writeBoolean	client-as3	242
DareSubscribedListMessage	6658	sources/client242-as3/scripts/com/ankamagames/dofus/network/messages/game/dare/DareSubscribedListMessage.as:14	2	daresFixedInfos:Vector.<DareInformations>;daresVersatilesInfos:Vector.<DareVersatileInformations>	NetworkMessage	daresFixedInfos#len:writeShort;daresFixedInfos[]:asDareInformations;daresVersatilesInfos#len:writeShort;daresVersatilesInfos[]:asDareVersatileInformations	client-as3	242
DareSubscribedMessage	6660	sources/client242-as3/scripts/com/ankamagames/dofus/network/messages/game/dare/DareSubscribedMessage.as:14	4	dareId:Number;success:Boolean;subscribe:Boolean;dareVersatilesInfos:DareVersatileInformations	NetworkMessage	success:bit0;subscribe:bit1;#local:writeByte;dareId:writeDouble;dareVersatilesInfos:asDareVersatileInformations	client-as3	242
DareVersatileListMessage	6657	sources/client242-as3/scripts/com/ankamagames/dofus/network/messages/game/dare/DareVersatileListMessage.as:13	1	dares:Vector.<DareVersatileInformations>	NetworkMessage	dares#len:writeShort;dares[]:asDareVersatileInformations	client-as3	242
DareWonListMessage	6682	sources/client242-as3/scripts/com/ankamagames/dofus/network/messages/game/dare/DareWonListMessage.as:12	1	dareId:Vector.<Number>	NetworkMessage	dareId#len:writeShort;dareId[]:writeDouble	client-as3	242
DareWonMessage	6681	sources/client242-as3/scripts/com/ankamagames/dofus/network/messages/game/dare/DareWonMessage.as:12	1	dareId:Number	NetworkMessage	dareId:writeDouble	client-as3	242
DebugClearHighlightCellsMessage	2002	sources/client242-as3/scripts/com/ankamagames/dofus/network/messages/debug/DebugClearHighlightCellsMessage.as:12	0		NetworkMessage		client-as3	242
DebugHighlightCellsMessage	2001	sources/client242-as3/scripts/com/ankamagames/dofus/network/messages/debug/DebugHighlightCellsMessage.as:12	2	color:int;cells:Vector.<uint>	NetworkMessage	color:writeInt;cells#len:writeShort;cells[]:writeVarShort	client-as3	242
DebugInClientMessage	6028	sources/client242-as3/scripts/com/ankamagames/dofus/network/messages/debug/DebugInClientMessage.as:12	2	level:uint;message:String	NetworkMessage	level:writeByte;message:writeUTF	client-as3	242
DecraftResultMessage	6569	sources/client242-as3/scripts/com/ankamagames/dofus/network/messages/game/inventory/exchanges/DecraftResultMessage.as:13	1	results:Vector.<DecraftedItemStackInfo>	NetworkMessage	results#len:writeShort;results[]:asDecraftedItemStackInfo	client-as3	242
DisplayNumericalValuePaddockMessage	6563	sources/client242-as3/scripts/com/ankamagames/dofus/network/messages/game/context/display/DisplayNumericalValuePaddockMessage.as:12	3	rideId:int;value:int;type:uint	NetworkMessage	rideId:writeInt;value:writeInt;type:writeByte	client-as3	242
DocumentReadingBeginMessage	5675	sources/client242-as3/scripts/com/ankamagames/dofus/network/messages/game/context/roleplay/document/DocumentReadingBeginMessage.as:12	1	documentId:uint	NetworkMessage	documentId:writeVarShort	client-as3	242
DownloadCurrentSpeedMessage	1511	sources/client242-as3/scripts/com/ankamagames/dofus/network/messages/updater/parts/DownloadCurrentSpeedMessage.as:12	1	downloadSpeed:uint	NetworkMessage	downloadSpeed:writeByte	client-as3	242
DownloadErrorMessage	1513	sources/client242-as3/scripts/com/ankamagames/dofus/network/messages/updater/parts/DownloadErrorMessage.as:12	3	errorId:uint;message:String;helpUrl:String	NetworkMessage	errorId:writeByte;message:writeUTF;helpUrl:writeUTF	client-as3	242
DownloadGetCurrentSpeedRequestMessage	1510	sources/client242-as3/scripts/com/ankamagames/dofus/network/messages/updater/parts/DownloadGetCurrentSpeedRequestMessage.as:12	0		NetworkMessage		client-as3	242
DownloadPartMessage	1503	sources/client242-as3/scripts/com/ankamagames/dofus/network/messages/updater/parts/DownloadPartMessage.as:12	1	id:String	NetworkMessage	id:writeUTF	client-as3	242
DownloadSetSpeedRequestMessage	1512	sources/client242-as3/scripts/com/ankamagames/dofus/network/messages/updater/parts/DownloadSetSpeedRequestMessage.as:12	1	downloadSpeed:uint	NetworkMessage	downloadSpeed:writeByte	client-as3	242
DungeonKeyRingMessage	6299	sources/client242-as3/scripts/com/ankamagames/dofus/network/messages/game/context/dungeon/DungeonKeyRingMessage.as:12	2	availables:Vector.<uint>;unavailables:Vector.<uint>	NetworkMessage	availables#len:writeShort;availables[]:writeVarShort;unavailables#len:writeShort;unavailables[]:writeVarShort	client-as3	242
DungeonKeyRingUpdateMessage	6296	sources/client242-as3/scripts/com/ankamagames/dofus/network/messages/game/context/dungeon/DungeonKeyRingUpdateMessage.as:12	2	dungeonId:uint;available:Boolean	NetworkMessage	dungeonId:writeVarShort;available:writeBoolean	client-as3	242
DungeonPartyFinderAvailableDungeonsMessage	6242	sources/client242-as3/scripts/com/ankamagames/dofus/network/messages/game/context/roleplay/party/DungeonPartyFinderAvailableDungeonsMessage.as:12	1	dungeonIds:Vector.<uint>	NetworkMessage	dungeonIds#len:writeShort;dungeonIds[]:writeVarShort	client-as3	242
DungeonPartyFinderAvailableDungeonsRequestMessage	6240	sources/client242-as3/scripts/com/ankamagames/dofus/network/messages/game/context/roleplay/party/DungeonPartyFinderAvailableDungeonsRequestMessage.as:12	0		NetworkMessage		client-as3	242
DungeonPartyFinderListenErrorMessage	6248	sources/client242-as3/scripts/com/ankamagames/dofus/network/messages/game/context/roleplay/party/DungeonPartyFinderListenErrorMessage.as:12	1	dungeonId:uint	NetworkMessage	dungeonId:writeVarShort	client-as3	242
DungeonPartyFinderListenRequestMessage	6246	sources/client242-as3/scripts/com/ankamagames/dofus/network/messages/game/context/roleplay/party/DungeonPartyFinderListenRequestMessage.as:12	1	dungeonId:uint	NetworkMessage	dungeonId:writeVarShort	client-as3	242
DungeonPartyFinderRegisterErrorMessage	6243	sources/client242-as3/scripts/com/ankamagames/dofus/network/messages/game/context/roleplay/party/DungeonPartyFinderRegisterErrorMessage.as:12	0		NetworkMessage		client-as3	242
DungeonPartyFinderRegisterRequestMessage	6249	sources/client242-as3/scripts/com/ankamagames/dofus/network/messages/game/context/roleplay/party/DungeonPartyFinderRegisterRequestMessage.as:12	1	dungeonIds:Vector.<uint>	NetworkMessage	dungeonIds#len:writeShort;dungeonIds[]:writeVarShort	client-as3	242
DungeonPartyFinderRegisterSuccessMessage	6241	sources/client242-as3/scripts/com/ankamagames/dofus/network/messages/game/context/roleplay/party/DungeonPartyFinderRegisterSuccessMessage.as:12	1	dungeonIds:Vector.<uint>	NetworkMessage	dungeonIds#len:writeShort;dungeonIds[]:writeVarShort	client-as3	242
DungeonPartyFinderRoomContentMessage	6247	sources/client242-as3/scripts/com/ankamagames/dofus/network/messages/game/context/roleplay/party/DungeonPartyFinderRoomContentMessage.as:13	2	dungeonId:uint;players:Vector.<DungeonPartyFinderPlayer>	NetworkMessage	dungeonId:writeVarShort;players#len:writeShort;players[]:asDungeonPartyFinderPlayer	client-as3	242
DungeonPartyFinderRoomContentUpdateMessage	6250	sources/client242-as3/scripts/com/ankamagames/dofus/network/messages/game/context/roleplay/party/DungeonPartyFinderRoomContentUpdateMessage.as:13	3	dungeonId:uint;addedPlayers:Vector.<DungeonPartyFinderPlayer>;removedPlayersIds:Vector.<Number>	NetworkMessage	dungeonId:writeVarShort;addedPlayers#len:writeShort;addedPlayers[]:asDungeonPartyFinderPlayer;removedPlayersIds#len:writeShort;removedPlayersIds[]:writeVarLong	client-as3	242
EditHavenBagCancelRequestMessage	6619	sources/client242-as3/scripts/com/ankamagames/dofus/network/messages/game/context/roleplay/havenbag/EditHavenBagCancelRequestMessage.as:12	0		NetworkMessage		client-as3	242
EditHavenBagFinishedMessage	6628	sources/client242-as3/scripts/com/ankamagames/dofus/network/messages/game/context/roleplay/havenbag/EditHavenBagFinishedMessage.as:12	0		NetworkMessage		client-as3	242
EditHavenBagRequestMessage	6626	sources/client242-as3/scripts/com/ankamagames/dofus/network/messages/game/context/roleplay/havenbag/EditHavenBagRequestMessage.as:12	0		NetworkMessage		client-as3	242
EditHavenBagStartMessage	6632	sources/client242-as3/scripts/com/ankamagames/dofus/network/messages/game/context/roleplay/havenbag/EditHavenBagStartMessage.as:12	0		NetworkMessage		client-as3	242
EmoteAddMessage	5644	sources/client242-as3/scripts/com/ankamagames/dofus/network/messages/game/context/roleplay/emote/EmoteAddMessage.as:12	1	emoteId:uint	NetworkMessage	emoteId:writeByte	client-as3	242
EmoteListMessage	5689	sources/client242-as3/scripts/com/ankamagames/dofus/network/messages/game/context/roleplay/emote/EmoteListMessage.as:12	1	emoteIds:Vector.<uint>	NetworkMessage	emoteIds#len:writeShort;emoteIds[]:writeByte	client-as3	242
EmotePlayAbstractMessage	5690	sources/client242-as3/scripts/com/ankamagames/dofus/network/messages/game/context/roleplay/emote/EmotePlayAbstractMessage.as:12	2	emoteId:uint;emoteStartTime:Number	NetworkMessage	emoteId:writeByte;emoteStartTime:writeDouble	client-as3	242
EmotePlayErrorMessage	5688	sources/client242-as3/scripts/com/ankamagames/dofus/network/messages/game/context/roleplay/emote/EmotePlayErrorMessage.as:12	1	emoteId:uint	NetworkMessage	emoteId:writeByte	client-as3	242
EmotePlayMassiveMessage	5691	sources/client242-as3/scripts/com/ankamagames/dofus/network/messages/game/context/roleplay/emote/EmotePlayMassiveMessage.as:11	1	actorIds:Vector.<Number>	EmotePlayAbstractMessage	super:EmotePlayAbstractMessage;actorIds#len:writeShort;actorIds[]:writeDouble	client-as3	242
EmotePlayMessage	5683	sources/client242-as3/scripts/com/ankamagames/dofus/network/messages/game/context/roleplay/emote/EmotePlayMessage.as:11	2	actorId:Number;accountId:uint	EmotePlayAbstractMessage	super:EmotePlayAbstractMessage;actorId:writeDouble;accountId:writeInt	client-as3	242
EmotePlayRequestMessage	5685	sources/client242-as3/scripts/com/ankamagames/dofus/network/messages/game/context/roleplay/emote/EmotePlayRequestMessage.as:12	1	emoteId:uint	NetworkMessage	emoteId:writeByte	client-as3	242
EmoteRemoveMessage	5687	sources/client242-as3/scripts/com/ankamagames/dofus/network/messages/game/context/roleplay/emote/EmoteRemoveMessage.as:12	1	emoteId:uint	NetworkMessage	emoteId:writeByte	client-as3	242
EnabledChannelsMessage	892	sources/client242-as3/scripts/com/ankamagames/dofus/network/messages/game/chat/channel/EnabledChannelsMessage.as:12	2	channels:Vector.<uint>;disallowed:Vector.<uint>	NetworkMessage	channels#len:writeShort;channels[]:writeByte;disallowed#len:writeShort;disallowed[]:writeByte	client-as3	242
EnterHavenBagRequestMessage	6636	sources/client242-as3/scripts/com/ankamagames/dofus/network/messages/game/context/roleplay/havenbag/EnterHavenBagRequestMessage.as:12	1	havenBagOwner:Number	NetworkMessage	havenBagOwner:writeVarLong	client-as3	242
EntityTalkMessage	6110	sources/client242-as3/scripts/com/ankamagames/dofus/network/messages/game/context/roleplay/npc/EntityTalkMessage.as:12	3	entityId:Number;textId:uint;parameters:Vector.<String>	NetworkMessage	entityId:writeDouble;textId:writeVarShort;parameters#len:writeShort;parameters[]:writeUTF	client-as3	242
ErrorMapNotFoundMessage	6197	sources/client242-as3/scripts/com/ankamagames/dofus/network/messages/game/context/roleplay/ErrorMapNotFoundMessage.as:12	1	mapId:uint	NetworkMessage	mapId:writeInt	client-as3	242
ExchangeAcceptMessage	5508	sources/client242-as3/scripts/com/ankamagames/dofus/network/messages/game/inventory/exchanges/ExchangeAcceptMessage.as:12	0		NetworkMessage		client-as3	242
ExchangeBidHouseBuyMessage	5804	sources/client242-as3/scripts/com/ankamagames/dofus/network/messages/game/inventory/exchanges/ExchangeBidHouseBuyMessage.as:12	3	uid:uint;qty:uint;price:Number	NetworkMessage	uid:writeVarInt;qty:writeVarInt;price:writeVarLong	client-as3	242
ExchangeBidHouseBuyResultMessage	6272	sources/client242-as3/scripts/com/ankamagames/dofus/network/messages/game/inventory/exchanges/ExchangeBidHouseBuyResultMessage.as:12	2	uid:uint;bought:Boolean	NetworkMessage	uid:writeVarInt;bought:writeBoolean	client-as3	242
ExchangeBidHouseGenericItemAddedMessage	5947	sources/client242-as3/scripts/com/ankamagames/dofus/network/messages/game/inventory/exchanges/ExchangeBidHouseGenericItemAddedMessage.as:12	1	objGenericId:uint	NetworkMessage	objGenericId:writeVarShort	client-as3	242
ExchangeBidHouseGenericItemRemovedMessage	5948	sources/client242-as3/scripts/com/ankamagames/dofus/network/messages/game/inventory/exchanges/ExchangeBidHouseGenericItemRemovedMessage.as:12	1	objGenericId:uint	NetworkMessage	objGenericId:writeVarShort	client-as3	242
ExchangeBidHouseInListAddedMessage	5949	sources/client242-as3/scripts/com/ankamagames/dofus/network/messages/game/inventory/exchanges/ExchangeBidHouseInListAddedMessage.as:14	4	itemUID:int;objGenericId:int;effects:Vector.<ObjectEffect>;prices:Vector.<Number>	NetworkMessage	itemUID:writeInt;objGenericId:writeInt;effects#len:writeShort;effects[]#typeId:writeShort;effects[]:serialize;prices#len:writeShort;prices[]:writeVarLong	client-as3	242
ExchangeBidHouseInListRemovedMessage	5950	sources/client242-as3/scripts/com/ankamagames/dofus/network/messages/game/inventory/exchanges/ExchangeBidHouseInListRemovedMessage.as:12	1	itemUID:int	NetworkMessage	itemUID:writeInt	client-as3	242
ExchangeBidHouseInListUpdatedMessage	6337	sources/client242-as3/scripts/com/ankamagames/dofus/network/messages/game/inventory/exchanges/ExchangeBidHouseInListUpdatedMessage.as:12	0		ExchangeBidHouseInListAddedMessage	super:ExchangeBidHouseInListAddedMessage	client-as3	242
ExchangeBidHouseItemAddOkMessage	5945	sources/client242-as3/scripts/com/ankamagames/dofus/network/messages/game/inventory/exchanges/ExchangeBidHouseItemAddOkMessage.as:13	1	itemInfo:ObjectItemToSellInBid	NetworkMessage	itemInfo:asObjectItemToSellInBid	client-as3	242
ExchangeBidHouseItemRemoveOkMessage	5946	sources/client242-as3/scripts/com/ankamagames/dofus/network/messages/game/inventory/exchanges/ExchangeBidHouseItemRemoveOkMessage.as:12	1	sellerId:int	NetworkMessage	sellerId:writeInt	client-as3	242
ExchangeBidHouseListMessage	5807	sources/client242-as3/scripts/com/ankamagames/dofus/network/messages/game/inventory/exchanges/ExchangeBidHouseListMessage.as:12	1	id:uint	NetworkMessage	id:writeVarShort	client-as3	242
ExchangeBidHousePriceMessage	5805	sources/client242-as3/scripts/com/ankamagames/dofus/network/messages/game/inventory/exchanges/ExchangeBidHousePriceMessage.as:12	1	genId:uint	NetworkMessage	genId:writeVarShort	client-as3	242
ExchangeBidHouseSearchMessage	5806	sources/client242-as3/scripts/com/ankamagames/dofus/network/messages/game/inventory/exchanges/ExchangeBidHouseSearchMessage.as:12	2	type:uint;genId:uint	NetworkMessage	type:writeVarInt;genId:writeVarShort	client-as3	242
ExchangeBidHouseTypeMessage	5803	sources/client242-as3/scripts/com/ankamagames/dofus/network/messages/game/inventory/exchanges/ExchangeBidHouseTypeMessage.as:12	1	type:uint	NetworkMessage	type:writeVarInt	client-as3	242
ExchangeBidHouseUnsoldItemsMessage	6612	sources/client242-as3/scripts/com/ankamagames/dofus/network/messages/game/inventory/exchanges/ExchangeBidHouseUnsoldItemsMessage.as:13	1	items:Vector.<ObjectItemGenericQuantity>	NetworkMessage	items#len:writeShort;items[]:asObjectItemGenericQuantity	client-as3	242
ExchangeBidPriceForSellerMessage	6464	sources/client242-as3/scripts/com/ankamagames/dofus/network/messages/game/inventory/exchanges/ExchangeBidPriceForSellerMessage.as:11	2	allIdentical:Boolean;minimalPrices:Vector.<Number>	ExchangeBidPriceMessage	super:ExchangeBidPriceMessage;allIdentical:writeBoolean;minimalPrices#len:writeShort;minimalPrices[]:writeVarLong	client-as3	242
ExchangeBidPriceMessage	5755	sources/client242-as3/scripts/com/ankamagames/dofus/network/messages/game/inventory/exchanges/ExchangeBidPriceMessage.as:12	2	genericId:uint;averagePrice:Number	NetworkMessage	genericId:writeVarShort;averagePrice:writeVarLong	client-as3	242
ExchangeBidSearchOkMessage	5802	sources/client242-as3/scripts/com/ankamagames/dofus/network/messages/game/inventory/exchanges/ExchangeBidSearchOkMessage.as:12	0		NetworkMessage		client-as3	242
ExchangeBuyMessage	5774	sources/client242-as3/scripts/com/ankamagames/dofus/network/messages/game/inventory/exchanges/ExchangeBuyMessage.as:12	2	objectToBuyId:uint;quantity:uint	NetworkMessage	objectToBuyId:writeVarInt;quantity:writeVarInt	client-as3	242
ExchangeBuyOkMessage	5759	sources/client242-as3/scripts/com/ankamagames/dofus/network/messages/game/inventory/exchanges/ExchangeBuyOkMessage.as:12	0		NetworkMessage		client-as3	242
ExchangeCraftCountModifiedMessage	6595	sources/client242-as3/scripts/com/ankamagames/dofus/network/messages/game/inventory/exchanges/ExchangeCraftCountModifiedMessage.as:12	1	count:int	NetworkMessage	count:writeVarInt	client-as3	242
ExchangeCraftCountRequestMessage	6597	sources/client242-as3/scripts/com/ankamagames/dofus/network/messages/game/inventory/exchanges/ExchangeCraftCountRequestMessage.as:12	1	count:int	NetworkMessage	count:writeVarInt	client-as3	242
ExchangeCraftInformationObjectMessage	5794	sources/client242-as3/scripts/com/ankamagames/dofus/network/messages/game/inventory/exchanges/ExchangeCraftInformationObjectMessage.as:11	1	playerId:Number	ExchangeCraftResultWithObjectIdMessage	super:ExchangeCraftResultWithObjectIdMessage;playerId:writeVarLong	client-as3	242
ExchangeCraftPaymentModificationRequestMessage	6579	sources/client242-as3/scripts/com/ankamagames/dofus/network/messages/game/inventory/exchanges/ExchangeCraftPaymentModificationRequestMessage.as:12	1	quantity:Number	NetworkMessage	quantity:writeVarLong	client-as3	242
ExchangeCraftPaymentModifiedMessage	6578	sources/client242-as3/scripts/com/ankamagames/dofus/network/messages/game/inventory/exchanges/ExchangeCraftPaymentModifiedMessage.as:12	1	goldSum:Number	NetworkMessage	goldSum:writeVarLong	client-as3	242
ExchangeCraftResultMagicWithObjectDescMessage	6188	sources/client242-as3/scripts/com/ankamagames/dofus/network/messages/game/inventory/exchanges/ExchangeCraftResultMagicWithObjectDescMessage.as:12	1	magicPoolStatus:int	ExchangeCraftResultWithObjectDescMessage	super:ExchangeCraftResultWithObjectDescMessage;magicPoolStatus:writeByte	client-as3	242
ExchangeCraftResultMessage	5790	sources/client242-as3/scripts/com/ankamagames/dofus/network/messages/game/inventory/exchanges/ExchangeCraftResultMessage.as:12	1	craftResult:uint	NetworkMessage	craftResult:writeByte	client-as3	242
ExchangeCraftResultWithObjectDescMessage	5999	sources/client242-as3/scripts/com/ankamagames/dofus/network/messages/game/inventory/exchanges/ExchangeCraftResultWithObjectDescMessage.as:12	1	objectInfo:ObjectItemNotInContainer	ExchangeCraftResultMessage	super:ExchangeCraftResultMessage;objectInfo:asObjectItemNotInContainer	client-as3	242
ExchangeCraftResultWithObjectIdMessage	6000	sources/client242-as3/scripts/com/ankamagames/dofus/network/messages/game/inventory/exchanges/ExchangeCraftResultWithObjectIdMessage.as:11	1	objectGenericId:uint	ExchangeCraftResultMessage	super:ExchangeCraftResultMessage;objectGenericId:writeVarShort	client-as3	242
ExchangeCrafterJobLevelupMessage	6598	sources/client242-as3/scripts/com/ankamagames/dofus/network/messages/game/inventory/exchanges/ExchangeCrafterJobLevelupMessage.as:12	1	crafterJobLevel:uint	NetworkMessage	crafterJobLevel:writeByte	client-as3	242
ExchangeErrorMessage	5513	sources/client242-as3/scripts/com/ankamagames/dofus/network/messages/game/inventory/exchanges/ExchangeErrorMessage.as:12	1	errorType:int	NetworkMessage	errorType:writeByte	client-as3	242
ExchangeGuildTaxCollectorGetMessage	5762	sources/client242-as3/scripts/com/ankamagames/dofus/network/messages/game/inventory/exchanges/ExchangeGuildTaxCollectorGetMessage.as:13	11	collectorName:String;worldX:int;worldY:int;mapId:int;subAreaId:uint;userName:String;callerId:Number;callerName:String;experience:Number;pods:uint;objectsInfos:Vector.<ObjectItemGenericQuantity>	NetworkMessage	collectorName:writeUTF;worldX:writeShort;worldY:writeShort;mapId:writeInt;subAreaId:writeVarShort;userName:writeUTF;callerId:writeVarLong;callerName:writeUTF;experience:writeDouble;pods:writeVarShort;objectsInfos#len:writeShort;objectsInfos[]:asObjectItemGenericQuantity	client-as3	242
ExchangeHandleMountsStableMessage	6562	sources/client242-as3/scripts/com/ankamagames/dofus/network/messages/game/inventory/exchanges/ExchangeHandleMountsStableMessage.as:12	2	actionType:int;ridesId:Vector.<uint>	NetworkMessage	actionType:writeByte;ridesId#len:writeShort;ridesId[]:writeVarInt	client-as3	242
ExchangeIsReadyMessage	5509	sources/client242-as3/scripts/com/ankamagames/dofus/network/messages/game/inventory/exchanges/ExchangeIsReadyMessage.as:12	2	id:Number;ready:Boolean	NetworkMessage	id:writeDouble;ready:writeBoolean	client-as3	242
ExchangeItemAutoCraftStopedMessage	5810	sources/client242-as3/scripts/com/ankamagames/dofus/network/messages/game/inventory/exchanges/ExchangeItemAutoCraftStopedMessage.as:12	1	reason:int	NetworkMessage	reason:writeByte	client-as3	242
ExchangeKamaModifiedMessage	5521	sources/client242-as3/scripts/com/ankamagames/dofus/network/messages/game/inventory/items/ExchangeKamaModifiedMessage.as:12	1	quantity:Number	ExchangeObjectMessage	super:ExchangeObjectMessage;quantity:writeVarLong	client-as3	242
ExchangeLeaveMessage	5628	sources/client242-as3/scripts/com/ankamagames/dofus/network/messages/game/inventory/exchanges/ExchangeLeaveMessage.as:12	1	success:Boolean	LeaveDialogMessage	super:LeaveDialogMessage;success:writeBoolean	client-as3	242
ExchangeMountFreeFromPaddockMessage	6055	sources/client242-as3/scripts/com/ankamagames/dofus/network/messages/game/inventory/exchanges/ExchangeMountFreeFromPaddockMessage.as:12	4	name:String;worldX:int;worldY:int;liberator:String	NetworkMessage	name:writeUTF;worldX:writeShort;worldY:writeShort;liberator:writeUTF	client-as3	242
ExchangeMountStableErrorMessage	5981	sources/client242-as3/scripts/com/ankamagames/dofus/network/messages/game/inventory/exchanges/ExchangeMountStableErrorMessage.as:12	0		NetworkMessage		client-as3	242
ExchangeMountSterilizeFromPaddockMessage	6056	sources/client242-as3/scripts/com/ankamagames/dofus/network/messages/game/inventory/exchanges/ExchangeMountSterilizeFromPaddockMessage.as:12	4	name:String;worldX:int;worldY:int;sterilizator:String	NetworkMessage	name:writeUTF;worldX:writeShort;worldY:writeShort;sterilizator:writeUTF	client-as3	242
ExchangeMountsPaddockAddMessage	6561	sources/client242-as3/scripts/com/ankamagames/dofus/network/messages/game/inventory/exchanges/ExchangeMountsPaddockAddMessage.as:13	1	mountDescription:Vector.<MountClientData>	NetworkMessage	mountDescription#len:writeShort;mountDescription[]:asMountClientData	client-as3	242
ExchangeMountsPaddockRemoveMessage	6559	sources/client242-as3/scripts/com/ankamagames/dofus/network/messages/game/inventory/exchanges/ExchangeMountsPaddockRemoveMessage.as:12	1	mountsId:Vector.<int>	NetworkMessage	mountsId#len:writeShort;mountsId[]:writeVarInt	client-as3	242
ExchangeMountsStableAddMessage	6555	sources/client242-as3/scripts/com/ankamagames/dofus/network/messages/game/inventory/exchanges/ExchangeMountsStableAddMessage.as:13	1	mountDescription:Vector.<MountClientData>	NetworkMessage	mountDescription#len:writeShort;mountDescription[]:asMountClientData	client-as3	242
ExchangeMountsStableBornAddMessage	6557	sources/client242-as3/scripts/com/ankamagames/dofus/network/messages/game/inventory/exchanges/ExchangeMountsStableBornAddMessage.as:12	0		ExchangeMountsStableAddMessage	super:ExchangeMountsStableAddMessage	client-as3	242
ExchangeMountsStableRemoveMessage	6556	sources/client242-as3/scripts/com/ankamagames/dofus/network/messages/game/inventory/exchanges/ExchangeMountsStableRemoveMessage.as:12	1	mountsId:Vector.<int>	NetworkMessage	mountsId#len:writeShort;mountsId[]:writeVarInt	client-as3	242
ExchangeMountsTakenFromPaddockMessage	6554	sources/client242-as3/scripts/com/ankamagames/dofus/network/messages/game/inventory/exchanges/ExchangeMountsTakenFromPaddockMessage.as:12	4	name:String;worldX:int;worldY:int;ownername:String	NetworkMessage	name:writeUTF;worldX:writeShort;worldY:writeShort;ownername:writeUTF	client-as3	242
ExchangeMultiCraftCrafterCanUseHisRessourcesMessage	6020	sources/client242-as3/scripts/com/ankamagames/dofus/network/messages/game/inventory/items/ExchangeMultiCraftCrafterCanUseHisRessourcesMessage.as:12	1	allowed:Boolean	NetworkMessage	allowed:writeBoolean	client-as3	242
ExchangeMultiCraftSetCrafterCanUseHisRessourcesMessage	6021	sources/client242-as3/scripts/com/ankamagames/dofus/network/messages/game/inventory/items/ExchangeMultiCraftSetCrafterCanUseHisRessourcesMessage.as:12	1	allow:Boolean	NetworkMessage	allow:writeBoolean	client-as3	242
ExchangeObjectAddedMessage	5516	sources/client242-as3/scripts/com/ankamagames/dofus/network/messages/game/inventory/exchanges/ExchangeObjectAddedMessage.as:12	1	object:ObjectItem	ExchangeObjectMessage	super:ExchangeObjectMessage;object:asObjectItem	client-as3	242
ExchangeObjectMessage	5515	sources/client242-as3/scripts/com/ankamagames/dofus/network/messages/game/inventory/exchanges/ExchangeObjectMessage.as:12	1	remote:Boolean	NetworkMessage	remote:writeBoolean	client-as3	242
ExchangeObjectModifiedInBagMessage	6008	sources/client242-as3/scripts/com/ankamagames/dofus/network/messages/game/inventory/items/ExchangeObjectModifiedInBagMessage.as:13	1	object:ObjectItem	ExchangeObjectMessage	super:ExchangeObjectMessage;object:asObjectItem	client-as3	242
ExchangeObjectModifiedMessage	5519	sources/client242-as3/scripts/com/ankamagames/dofus/network/messages/game/inventory/items/ExchangeObjectModifiedMessage.as:13	1	object:ObjectItem	ExchangeObjectMessage	super:ExchangeObjectMessage;object:asObjectItem	client-as3	242
ExchangeObjectModifyPricedMessage	6238	sources/client242-as3/scripts/com/ankamagames/dofus/network/messages/game/inventory/exchanges/ExchangeObjectModifyPricedMessage.as:11	0		ExchangeObjectMovePricedMessage	super:ExchangeObjectMovePricedMessage	client-as3	242
ExchangeObjectMoveKamaMessage	5520	sources/client242-as3/scripts/com/ankamagames/dofus/network/messages/game/inventory/exchanges/ExchangeObjectMoveKamaMessage.as:12	1	quantity:Number	NetworkMessage	quantity:writeVarLong	client-as3	242
ExchangeObjectMoveMessage	5518	sources/client242-as3/scripts/com/ankamagames/dofus/network/messages/game/inventory/exchanges/ExchangeObjectMoveMessage.as:12	2	objectUID:uint;quantity:int	NetworkMessage	objectUID:writeVarInt;quantity:writeVarInt	client-as3	242
ExchangeObjectMovePricedMessage	5514	sources/client242-as3/scripts/com/ankamagames/dofus/network/messages/game/inventory/exchanges/ExchangeObjectMovePricedMessage.as:11	1	price:Number	ExchangeObjectMoveMessage	super:ExchangeObjectMoveMessage;price:writeVarLong	client-as3	242
ExchangeObjectPutInBagMessage	6009	sources/client242-as3/scripts/com/ankamagames/dofus/network/messages/game/inventory/items/ExchangeObjectPutInBagMessage.as:13	1	object:ObjectItem	ExchangeObjectMessage	super:ExchangeObjectMessage;object:asObjectItem	client-as3	242
ExchangeObjectRemovedFromBagMessage	6010	sources/client242-as3/scripts/com/ankamagames/dofus/network/messages/game/inventory/items/ExchangeObjectRemovedFromBagMessage.as:12	1	objectUID:uint	ExchangeObjectMessage	super:ExchangeObjectMessage;objectUID:writeVarInt	client-as3	242
ExchangeObjectRemovedMessage	5517	sources/client242-as3/scripts/com/ankamagames/dofus/network/messages/game/inventory/items/ExchangeObjectRemovedMessage.as:12	1	objectUID:uint	ExchangeObjectMessage	super:ExchangeObjectMessage;objectUID:writeVarInt	client-as3	242
ExchangeObjectTransfertAllFromInvMessage	6184	sources/client242-as3/scripts/com/ankamagames/dofus/network/messages/game/inventory/exchanges/ExchangeObjectTransfertAllFromInvMessage.as:12	0		NetworkMessage		client-as3	242
ExchangeObjectTransfertAllToInvMessage	6032	sources/client242-as3/scripts/com/ankamagames/dofus/network/messages/game/inventory/exchanges/ExchangeObjectTransfertAllToInvMessage.as:12	0		NetworkMessage		client-as3	242
ExchangeObjectTransfertExistingFromInvMessage	6325	sources/client242-as3/scripts/com/ankamagames/dofus/network/messages/game/inventory/exchanges/ExchangeObjectTransfertExistingFromInvMessage.as:12	0		NetworkMessage		client-as3	242
ExchangeObjectTransfertExistingToInvMessage	6326	sources/client242-as3/scripts/com/ankamagames/dofus/network/messages/game/inventory/exchanges/ExchangeObjectTransfertExistingToInvMessage.as:12	0		NetworkMessage		client-as3	242
ExchangeObjectTransfertListFromInvMessage	6183	sources/client242-as3/scripts/com/ankamagames/dofus/network/messages/game/inventory/exchanges/ExchangeObjectTransfertListFromInvMessage.as:12	1	ids:Vector.<uint>	NetworkMessage	ids#len:writeShort;ids[]:writeVarInt	client-as3	242
ExchangeObjectTransfertListToInvMessage	6039	sources/client242-as3/scripts/com/ankamagames/dofus/network/messages/game/inventory/exchanges/ExchangeObjectTransfertListToInvMessage.as:12	1	ids:Vector.<uint>	NetworkMessage	ids#len:writeShort;ids[]:writeVarInt	client-as3	242
ExchangeObjectTransfertListWithQuantityToInvMessage	6470	sources/client242-as3/scripts/com/ankamagames/dofus/network/messages/game/inventory/exchanges/ExchangeObjectTransfertListWithQuantityToInvMessage.as:12	2	ids:Vector.<uint>;qtys:Vector.<uint>	NetworkMessage	ids#len:writeShort;ids[]:writeVarInt;qtys#len:writeShort;qtys[]:writeVarInt	client-as3	242
ExchangeObjectUseInWorkshopMessage	6004	sources/client242-as3/scripts/com/ankamagames/dofus/network/messages/game/inventory/exchanges/ExchangeObjectUseInWorkshopMessage.as:12	2	objectUID:uint;quantity:int	NetworkMessage	objectUID:writeVarInt;quantity:writeVarInt	client-as3	242
ExchangeObjectsAddedMessage	6535	sources/client242-as3/scripts/com/ankamagames/dofus/network/messages/game/inventory/exchanges/ExchangeObjectsAddedMessage.as:12	1	object:Vector.<ObjectItem>	ExchangeObjectMessage	super:ExchangeObjectMessage;object#len:writeShort;object[]:asObjectItem	client-as3	242
ExchangeObjectsModifiedMessage	6533	sources/client242-as3/scripts/com/ankamagames/dofus/network/messages/game/inventory/items/ExchangeObjectsModifiedMessage.as:13	1	object:Vector.<ObjectItem>	ExchangeObjectMessage	super:ExchangeObjectMessage;object#len:writeShort;object[]:asObjectItem	client-as3	242
ExchangeObjectsRemovedMessage	6532	sources/client242-as3/scripts/com/ankamagames/dofus/network/messages/game/inventory/items/ExchangeObjectsRemovedMessage.as:12	1	objectUID:Vector.<uint>	ExchangeObjectMessage	super:ExchangeObjectMessage;objectUID#len:writeShort;objectUID[]:writeVarInt	client-as3	242
ExchangeOfflineSoldItemsMessage	6613	sources/client242-as3/scripts/com/ankamagames/dofus/network/messages/game/inventory/exchanges/ExchangeOfflineSoldItemsMessage.as:13	2	bidHouseItems:Vector.<ObjectItemGenericQuantityPrice>;merchantItems:Vector.<ObjectItemGenericQuantityPrice>	NetworkMessage	bidHouseItems#len:writeShort;bidHouseItems[]:asObjectItemGenericQuantityPrice;merchantItems#len:writeShort;merchantItems[]:asObjectItemGenericQuantityPrice	client-as3	242
ExchangeOkMultiCraftMessage	5768	sources/client242-as3/scripts/com/ankamagames/dofus/network/messages/game/inventory/exchanges/ExchangeOkMultiCraftMessage.as:12	3	initiatorId:Number;otherId:Number;role:int	NetworkMessage	initiatorId:writeVarLong;otherId:writeVarLong;role:writeByte	client-as3	242
ExchangeOnHumanVendorRequestMessage	5772	sources/client242-as3/scripts/com/ankamagames/dofus/network/messages/game/inventory/exchanges/ExchangeOnHumanVendorRequestMessage.as:12	2	humanVendorId:Number;humanVendorCell:uint	NetworkMessage	humanVendorId:writeVarLong;humanVendorCell:writeVarShort	client-as3	242
ExchangePlayerMultiCraftRequestMessage	5784	sources/client242-as3/scripts/com/ankamagames/dofus/network/messages/game/inventory/exchanges/ExchangePlayerMultiCraftRequestMessage.as:11	2	target:Number;skillId:uint	ExchangeRequestMessage	super:ExchangeRequestMessage;target:writeVarLong;skillId:writeVarInt	client-as3	242
ExchangePlayerRequestMessage	5773	sources/client242-as3/scripts/com/ankamagames/dofus/network/messages/game/inventory/exchanges/ExchangePlayerRequestMessage.as:11	1	target:Number	ExchangeRequestMessage	super:ExchangeRequestMessage;target:writeVarLong	client-as3	242
ExchangePodsModifiedMessage	6670	sources/client242-as3/scripts/com/ankamagames/dofus/network/messages/game/inventory/items/ExchangePodsModifiedMessage.as:12	2	currentWeight:uint;maxWeight:uint	ExchangeObjectMessage	super:ExchangeObjectMessage;currentWeight:writeVarInt;maxWeight:writeVarInt	client-as3	242
ExchangeReadyMessage	5511	sources/client242-as3/scripts/com/ankamagames/dofus/network/messages/game/inventory/exchanges/ExchangeReadyMessage.as:12	2	ready:Boolean;step:uint	NetworkMessage	ready:writeBoolean;step:writeVarShort	client-as3	242
ExchangeReplayStopMessage	6001	sources/client242-as3/scripts/com/ankamagames/dofus/network/messages/game/inventory/exchanges/ExchangeReplayStopMessage.as:12	0		NetworkMessage		client-as3	242
ExchangeReplyTaxVendorMessage	5787	sources/client242-as3/scripts/com/ankamagames/dofus/network/messages/game/inventory/exchanges/ExchangeReplyTaxVendorMessage.as:12	2	objectValue:Number;totalTaxValue:Number	NetworkMessage	objectValue:writeVarLong;totalTaxValue:writeVarLong	client-as3	242
ExchangeRequestMessage	5505	sources/client242-as3/scripts/com/ankamagames/dofus/network/messages/game/inventory/exchanges/ExchangeRequestMessage.as:12	1	exchangeType:int	NetworkMessage	exchangeType:writeByte	client-as3	242
ExchangeRequestOnMountStockMessage	5986	sources/client242-as3/scripts/com/ankamagames/dofus/network/messages/game/inventory/exchanges/ExchangeRequestOnMountStockMessage.as:12	0		NetworkMessage		client-as3	242
ExchangeRequestOnShopStockMessage	5753	sources/client242-as3/scripts/com/ankamagames/dofus/network/messages/game/inventory/exchanges/ExchangeRequestOnShopStockMessage.as:12	0		NetworkMessage		client-as3	242
ExchangeRequestOnTaxCollectorMessage	5779	sources/client242-as3/scripts/com/ankamagames/dofus/network/messages/game/inventory/exchanges/ExchangeRequestOnTaxCollectorMessage.as:12	1	taxCollectorId:int	NetworkMessage	taxCollectorId:writeInt	client-as3	242
ExchangeRequestedMessage	5522	sources/client242-as3/scripts/com/ankamagames/dofus/network/messages/game/inventory/exchanges/ExchangeRequestedMessage.as:12	1	exchangeType:int	NetworkMessage	exchangeType:writeByte	client-as3	242
ExchangeRequestedTradeMessage	5523	sources/client242-as3/scripts/com/ankamagames/dofus/network/messages/game/inventory/exchanges/ExchangeRequestedTradeMessage.as:11	2	source:Number;target:Number	ExchangeRequestedMessage	super:ExchangeRequestedMessage;source:writeVarLong;target:writeVarLong	client-as3	242
ExchangeSellMessage	5778	sources/client242-as3/scripts/com/ankamagames/dofus/network/messages/game/inventory/exchanges/ExchangeSellMessage.as:12	2	objectToSellId:uint;quantity:uint	NetworkMessage	objectToSellId:writeVarInt;quantity:writeVarInt	client-as3	242
ExchangeSellOkMessage	5792	sources/client242-as3/scripts/com/ankamagames/dofus/network/messages/game/inventory/exchanges/ExchangeSellOkMessage.as:12	0		NetworkMessage		client-as3	242
ExchangeSetCraftRecipeMessage	6389	sources/client242-as3/scripts/com/ankamagames/dofus/network/messages/game/inventory/exchanges/ExchangeSetCraftRecipeMessage.as:12	1	objectGID:uint	NetworkMessage	objectGID:writeVarShort	client-as3	242
ExchangeShopStockMovementRemovedMessage	5907	sources/client242-as3/scripts/com/ankamagames/dofus/network/messages/game/inventory/exchanges/ExchangeShopStockMovementRemovedMessage.as:12	1	objectId:uint	NetworkMessage	objectId:writeVarInt	client-as3	242
ExchangeShopStockMovementUpdatedMessage	5909	sources/client242-as3/scripts/com/ankamagames/dofus/network/messages/game/inventory/exchanges/ExchangeShopStockMovementUpdatedMessage.as:13	1	objectInfo:ObjectItemToSell	NetworkMessage	objectInfo:asObjectItemToSell	client-as3	242
ExchangeShopStockMultiMovementRemovedMessage	6037	sources/client242-as3/scripts/com/ankamagames/dofus/network/messages/game/inventory/exchanges/ExchangeShopStockMultiMovementRemovedMessage.as:12	1	objectIdList:Vector.<uint>	NetworkMessage	objectIdList#len:writeShort;objectIdList[]:writeVarInt	client-as3	242
ExchangeShopStockMultiMovementUpdatedMessage	6038	sources/client242-as3/scripts/com/ankamagames/dofus/network/messages/game/inventory/exchanges/ExchangeShopStockMultiMovementUpdatedMessage.as:13	1	objectInfoList:Vector.<ObjectItemToSell>	NetworkMessage	objectInfoList#len:writeShort;objectInfoList[]:asObjectItemToSell	client-as3	242
ExchangeShopStockStartedMessage	5910	sources/client242-as3/scripts/com/ankamagames/dofus/network/messages/game/inventory/exchanges/ExchangeShopStockStartedMessage.as:13	1	objectsInfos:Vector.<ObjectItemToSell>	NetworkMessage	objectsInfos#len:writeShort;objectsInfos[]:asObjectItemToSell	client-as3	242
ExchangeShowVendorTaxMessage	5783	sources/client242-as3/scripts/com/ankamagames/dofus/network/messages/game/inventory/exchanges/ExchangeShowVendorTaxMessage.as:12	0		NetworkMessage		client-as3	242
ExchangeStartAsVendorMessage	5775	sources/client242-as3/scripts/com/ankamagames/dofus/network/messages/game/inventory/exchanges/ExchangeStartAsVendorMessage.as:12	0		NetworkMessage		client-as3	242
ExchangeStartOkCraftMessage	5813	sources/client242-as3/scripts/com/ankamagames/dofus/network/messages/game/inventory/exchanges/ExchangeStartOkCraftMessage.as:12	0		NetworkMessage		client-as3	242
ExchangeStartOkCraftWithInformationMessage	5941	sources/client242-as3/scripts/com/ankamagames/dofus/network/messages/game/inventory/exchanges/ExchangeStartOkCraftWithInformationMessage.as:11	1	skillId:uint	ExchangeStartOkCraftMessage	super:ExchangeStartOkCraftMessage;skillId:writeVarInt	client-as3	242
ExchangeStartOkHumanVendorMessage	5767	sources/client242-as3/scripts/com/ankamagames/dofus/network/messages/game/inventory/exchanges/ExchangeStartOkHumanVendorMessage.as:13	2	sellerId:Number;objectsInfos:Vector.<ObjectItemToSellInHumanVendorShop>	NetworkMessage	sellerId:writeDouble;objectsInfos#len:writeShort;objectsInfos[]:asObjectItemToSellInHumanVendorShop	client-as3	242
ExchangeStartOkJobIndexMessage	5819	sources/client242-as3/scripts/com/ankamagames/dofus/network/messages/game/inventory/exchanges/ExchangeStartOkJobIndexMessage.as:12	1	jobs:Vector.<uint>	NetworkMessage	jobs#len:writeShort;jobs[]:writeVarInt	client-as3	242
ExchangeStartOkMountMessage	5979	sources/client242-as3/scripts/com/ankamagames/dofus/network/messages/game/inventory/exchanges/ExchangeStartOkMountMessage.as:12	1	paddockedMountsDescription:Vector.<MountClientData>	ExchangeStartOkMountWithOutPaddockMessage	super:ExchangeStartOkMountWithOutPaddockMessage;paddockedMountsDescription#len:writeShort;paddockedMountsDescription[]:asMountClientData	client-as3	242
ExchangeStartOkMountWithOutPaddockMessage	5991	sources/client242-as3/scripts/com/ankamagames/dofus/network/messages/game/inventory/exchanges/ExchangeStartOkMountWithOutPaddockMessage.as:13	1	stabledMountsDescription:Vector.<MountClientData>	NetworkMessage	stabledMountsDescription#len:writeShort;stabledMountsDescription[]:asMountClientData	client-as3	242
ExchangeStartOkMulticraftCrafterMessage	5818	sources/client242-as3/scripts/com/ankamagames/dofus/network/messages/game/inventory/exchanges/ExchangeStartOkMulticraftCrafterMessage.as:12	1	skillId:uint	NetworkMessage	skillId:writeVarInt	client-as3	242
ExchangeStartOkMulticraftCustomerMessage	5817	sources/client242-as3/scripts/com/ankamagames/dofus/network/messages/game/inventory/exchanges/ExchangeStartOkMulticraftCustomerMessage.as:12	2	skillId:uint;crafterJobLevel:uint	NetworkMessage	skillId:writeVarInt;crafterJobLevel:writeByte	client-as3	242
ExchangeStartOkNpcShopMessage	5761	sources/client242-as3/scripts/com/ankamagames/dofus/network/messages/game/inventory/exchanges/ExchangeStartOkNpcShopMessage.as:13	3	npcSellerId:Number;tokenId:uint;objectsInfos:Vector.<ObjectItemToSellInNpcShop>	NetworkMessage	npcSellerId:writeDouble;tokenId:writeVarShort;objectsInfos#len:writeShort;objectsInfos[]:asObjectItemToSellInNpcShop	client-as3	242
ExchangeStartOkNpcTradeMessage	5785	sources/client242-as3/scripts/com/ankamagames/dofus/network/messages/game/inventory/exchanges/ExchangeStartOkNpcTradeMessage.as:12	1	npcId:Number	NetworkMessage	npcId:writeDouble	client-as3	242
ExchangeStartOkRecycleTradeMessage	6600	sources/client242-as3/scripts/com/ankamagames/dofus/network/messages/game/inventory/exchanges/ExchangeStartOkRecycleTradeMessage.as:12	2	percentToPrism:uint;percentToPlayer:uint	NetworkMessage	percentToPrism:writeShort;percentToPlayer:writeShort	client-as3	242
ExchangeStartOkRunesTradeMessage	6567	sources/client242-as3/scripts/com/ankamagames/dofus/network/messages/game/inventory/exchanges/ExchangeStartOkRunesTradeMessage.as:12	0		NetworkMessage		client-as3	242
ExchangeStartedBidBuyerMessage	5904	sources/client242-as3/scripts/com/ankamagames/dofus/network/messages/game/inventory/exchanges/ExchangeStartedBidBuyerMessage.as:13	1	buyerDescriptor:SellerBuyerDescriptor	NetworkMessage	buyerDescriptor:asSellerBuyerDescriptor	client-as3	242
ExchangeStartedBidSellerMessage	5905	sources/client242-as3/scripts/com/ankamagames/dofus/network/messages/game/inventory/exchanges/ExchangeStartedBidSellerMessage.as:14	2	sellerDescriptor:SellerBuyerDescriptor;objectsInfos:Vector.<ObjectItemToSellInBid>	NetworkMessage	sellerDescriptor:asSellerBuyerDescriptor;objectsInfos#len:writeShort;objectsInfos[]:asObjectItemToSellInBid	client-as3	242
ExchangeStartedMessage	5512	sources/client242-as3/scripts/com/ankamagames/dofus/network/messages/game/inventory/exchanges/ExchangeStartedMessage.as:12	1	exchangeType:int	NetworkMessage	exchangeType:writeByte	client-as3	242
ExchangeStartedMountStockMessage	5984	sources/client242-as3/scripts/com/ankamagames/dofus/network/messages/game/inventory/exchanges/ExchangeStartedMountStockMessage.as:13	1	objectsInfos:Vector.<ObjectItem>	NetworkMessage	objectsInfos#len:writeShort;objectsInfos[]:asObjectItem	client-as3	242
ExchangeStartedTaxCollectorShopMessage	6664	sources/client242-as3/scripts/com/ankamagames/dofus/network/messages/game/inventory/exchanges/ExchangeStartedTaxCollectorShopMessage.as:13	2	objects:Vector.<ObjectItem>;kamas:Number	NetworkMessage	objects#len:writeShort;objects[]:asObjectItem;kamas:writeVarLong	client-as3	242
ExchangeStartedWithPodsMessage	6129	sources/client242-as3/scripts/com/ankamagames/dofus/network/messages/game/inventory/exchanges/ExchangeStartedWithPodsMessage.as:11	6	firstCharacterId:Number;firstCharacterCurrentWeight:uint;firstCharacterMaxWeight:uint;secondCharacterId:Number;secondCharacterCurrentWeight:uint;secondCharacterMaxWeight:uint	ExchangeStartedMessage	super:ExchangeStartedMessage;firstCharacterId:writeDouble;firstCharacterCurrentWeight:writeVarInt;firstCharacterMaxWeight:writeVarInt;secondCharacterId:writeDouble;secondCharacterCurrentWeight:writeVarInt;secondCharacterMaxWeight:writeVarInt	client-as3	242
ExchangeStartedWithStorageMessage	6236	sources/client242-as3/scripts/com/ankamagames/dofus/network/messages/game/inventory/exchanges/ExchangeStartedWithStorageMessage.as:11	1	storageMaxSlot:uint	ExchangeStartedMessage	super:ExchangeStartedMessage;storageMaxSlot:writeVarInt	client-as3	242
ExchangeStoppedMessage	6589	sources/client242-as3/scripts/com/ankamagames/dofus/network/messages/game/inventory/exchanges/ExchangeStoppedMessage.as:12	1	id:Number	NetworkMessage	id:writeVarLong	client-as3	242
ExchangeTypesExchangerDescriptionForUserMessage	5765	sources/client242-as3/scripts/com/ankamagames/dofus/network/messages/game/inventory/exchanges/ExchangeTypesExchangerDescriptionForUserMessage.as:12	1	typeDescription:Vector.<uint>	NetworkMessage	typeDescription#len:writeShort;typeDescription[]:writeVarInt	client-as3	242
ExchangeTypesItemsExchangerDescriptionForUserMessage	5752	sources/client242-as3/scripts/com/ankamagames/dofus/network/messages/game/inventory/exchanges/ExchangeTypesItemsExchangerDescriptionForUserMessage.as:13	1	itemTypeDescriptions:Vector.<BidExchangerObjectInfo>	NetworkMessage	itemTypeDescriptions#len:writeShort;itemTypeDescriptions[]:asBidExchangerObjectInfo	client-as3	242
ExchangeWaitingResultMessage	5786	sources/client242-as3/scripts/com/ankamagames/dofus/network/messages/game/inventory/exchanges/ExchangeWaitingResultMessage.as:12	1	bwait:Boolean	NetworkMessage	bwait:writeBoolean	client-as3	242
ExchangeWeightMessage	5793	sources/client242-as3/scripts/com/ankamagames/dofus/network/messages/game/inventory/exchanges/ExchangeWeightMessage.as:12	2	currentWeight:uint;maxWeight:uint	NetworkMessage	currentWeight:writeVarInt;maxWeight:writeVarInt	client-as3	242
ExitHavenBagRequestMessage	6631	sources/client242-as3/scripts/com/ankamagames/dofus/network/messages/game/context/roleplay/havenbag/ExitHavenBagRequestMessage.as:12	0		NetworkMessage		client-as3	242
FighterStatsListMessage	6322	sources/client242-as3/scripts/com/ankamagames/dofus/network/messages/game/character/stats/FighterStatsListMessage.as:13	1	stats:CharacterCharacteristicsInformations	NetworkMessage	stats:asCharacterCharacteristicsInformations	client-as3	242
FinishMoveListMessage	6704	sources/client242-as3/scripts/com/ankamagames/dofus/network/messages/game/finishmoves/FinishMoveListMessage.as:13	1	finishMoves:Vector.<FinishMoveInformations>	NetworkMessage	finishMoves#len:writeShort;finishMoves[]:asFinishMoveInformations	client-as3	242
FinishMoveListRequestMessage	6702	sources/client242-as3/scripts/com/ankamagames/dofus/network/messages/game/finishmoves/FinishMoveListRequestMessage.as:12	0		NetworkMessage		client-as3	242
FinishMoveSetRequestMessage	6703	sources/client242-as3/scripts/com/ankamagames/dofus/network/messages/game/finishmoves/FinishMoveSetRequestMessage.as:12	2	finishMoveId:uint;finishMoveState:Boolean	NetworkMessage	finishMoveId:writeInt;finishMoveState:writeBoolean	client-as3	242
FocusedExchangeReadyMessage	6701	sources/client242-as3/scripts/com/ankamagames/dofus/network/messages/game/inventory/exchanges/FocusedExchangeReadyMessage.as:11	1	focusActionId:uint	ExchangeReadyMessage	super:ExchangeReadyMessage;focusActionId:writeVarInt	client-as3	242
FollowQuestObjectiveRequestMessage	6724	sources/client242-as3/scripts/com/ankamagames/dofus/network/messages/game/context/roleplay/quest/FollowQuestObjectiveRequestMessage.as:12	2	questId:uint;objectiveId:int	NetworkMessage	questId:writeVarShort;objectiveId:writeShort	client-as3	242
FollowedQuestsMessage	6717	sources/client242-as3/scripts/com/ankamagames/dofus/network/messages/game/context/roleplay/quest/FollowedQuestsMessage.as:13	1	quests:Vector.<QuestActiveDetailedInformations>	NetworkMessage	quests#len:writeShort;quests[]:asQuestActiveDetailedInformations	client-as3	242
FriendAddFailureMessage	5600	sources/client242-as3/scripts/com/ankamagames/dofus/network/messages/game/friend/FriendAddFailureMessage.as:12	1	reason:uint	NetworkMessage	reason:writeByte	client-as3	242
FriendAddRequestMessage	4004	sources/client242-as3/scripts/com/ankamagames/dofus/network/messages/game/friend/FriendAddRequestMessage.as:12	1	name:String	NetworkMessage	name:writeUTF	client-as3	242
FriendAddedMessage	5599	sources/client242-as3/scripts/com/ankamagames/dofus/network/messages/game/friend/FriendAddedMessage.as:14	1	friendAdded:FriendInformations	NetworkMessage	#typeId:writeShort;friendAdded:serialize	client-as3	242
FriendDeleteRequestMessage	5603	sources/client242-as3/scripts/com/ankamagames/dofus/network/messages/game/friend/FriendDeleteRequestMessage.as:12	1	accountId:uint	NetworkMessage	accountId:writeInt	client-as3	242
FriendDeleteResultMessage	5601	sources/client242-as3/scripts/com/ankamagames/dofus/network/messages/game/friend/FriendDeleteResultMessage.as:12	2	success:Boolean;name:String	NetworkMessage	success:writeBoolean;name:writeUTF	client-as3	242
FriendGuildSetWarnOnAchievementCompleteMessage	6382	sources/client242-as3/scripts/com/ankamagames/dofus/network/messages/game/achievement/FriendGuildSetWarnOnAchievementCompleteMessage.as:12	1	enable:Boolean	NetworkMessage	enable:writeBoolean	client-as3	242
FriendGuildWarnOnAchievementCompleteStateMessage	6383	sources/client242-as3/scripts/com/ankamagames/dofus/network/messages/game/achievement/FriendGuildWarnOnAchievementCompleteStateMessage.as:12	1	enable:Boolean	NetworkMessage	enable:writeBoolean	client-as3	242
FriendJoinRequestMessage	5605	sources/client242-as3/scripts/com/ankamagames/dofus/network/messages/game/friend/FriendJoinRequestMessage.as:12	1	name:String	NetworkMessage	name:writeUTF	client-as3	242
FriendSetWarnOnConnectionMessage	5602	sources/client242-as3/scripts/com/ankamagames/dofus/network/messages/game/friend/FriendSetWarnOnConnectionMessage.as:12	1	enable:Boolean	NetworkMessage	enable:writeBoolean	client-as3	242
FriendSetWarnOnLevelGainMessage	6077	sources/client242-as3/scripts/com/ankamagames/dofus/network/messages/game/friend/FriendSetWarnOnLevelGainMessage.as:12	1	enable:Boolean	NetworkMessage	enable:writeBoolean	client-as3	242
FriendSpouseFollowWithCompassRequestMessage	5606	sources/client242-as3/scripts/com/ankamagames/dofus/network/messages/game/friend/FriendSpouseFollowWithCompassRequestMessage.as:12	1	enable:Boolean	NetworkMessage	enable:writeBoolean	client-as3	242
FriendSpouseJoinRequestMessage	5604	sources/client242-as3/scripts/com/ankamagames/dofus/network/messages/game/friend/FriendSpouseJoinRequestMessage.as:12	0		NetworkMessage		client-as3	242
FriendUpdateMessage	5924	sources/client242-as3/scripts/com/ankamagames/dofus/network/messages/game/friend/FriendUpdateMessage.as:14	1	friendUpdated:FriendInformations	NetworkMessage	#typeId:writeShort;friendUpdated:serialize	client-as3	242
FriendWarnOnConnectionStateMessage	5630	sources/client242-as3/scripts/com/ankamagames/dofus/network/messages/game/friend/FriendWarnOnConnectionStateMessage.as:12	1	enable:Boolean	NetworkMessage	enable:writeBoolean	client-as3	242
FriendWarnOnLevelGainStateMessage	6078	sources/client242-as3/scripts/com/ankamagames/dofus/network/messages/game/friend/FriendWarnOnLevelGainStateMessage.as:12	1	enable:Boolean	NetworkMessage	enable:writeBoolean	client-as3	242
FriendsGetListMessage	4001	sources/client242-as3/scripts/com/ankamagames/dofus/network/messages/game/friend/FriendsGetListMessage.as:12	0		NetworkMessage		client-as3	242
FriendsListMessage	4002	sources/client242-as3/scripts/com/ankamagames/dofus/network/messages/game/friend/FriendsListMessage.as:14	1	friendsList:Vector.<FriendInformations>	NetworkMessage	friendsList#len:writeShort;friendsList[]#typeId:writeShort;friendsList[]:serialize	client-as3	242
GameActionAcknowledgementMessage	957	sources/client242-as3/scripts/com/ankamagames/dofus/network/messages/game/actions/GameActionAcknowledgementMessage.as:12	2	valid:Boolean;actionId:int	NetworkMessage	valid:writeBoolean;actionId:writeByte	client-as3	242
GameActionFightActivateGlyphTrapMessage	6545	sources/client242-as3/scripts/com/ankamagames/dofus/network/messages/game/actions/fight/GameActionFightActivateGlyphTrapMessage.as:12	2	markId:int;active:Boolean	AbstractGameActionMessage	super:AbstractGameActionMessage;markId:writeShort;active:writeBoolean	client-as3	242
GameActionFightCarryCharacterMessage	5830	sources/client242-as3/scripts/com/ankamagames/dofus/network/messages/game/actions/fight/GameActionFightCarryCharacterMessage.as:12	2	targetId:Number;cellId:int	AbstractGameActionMessage	super:AbstractGameActionMessage;targetId:writeDouble;cellId:writeShort	client-as3	242
GameActionFightCastOnTargetRequestMessage	6330	sources/client242-as3/scripts/com/ankamagames/dofus/network/messages/game/actions/fight/GameActionFightCastOnTargetRequestMessage.as:12	2	spellId:uint;targetId:Number	NetworkMessage	spellId:writeVarShort;targetId:writeDouble	client-as3	242
GameActionFightCastRequestMessage	1005	sources/client242-as3/scripts/com/ankamagames/dofus/network/messages/game/actions/fight/GameActionFightCastRequestMessage.as:12	2	spellId:uint;cellId:int	NetworkMessage	spellId:writeVarShort;cellId:writeShort	client-as3	242
GameActionFightChangeLookMessage	5532	sources/client242-as3/scripts/com/ankamagames/dofus/network/messages/game/actions/fight/GameActionFightChangeLookMessage.as:13	2	targetId:Number;entityLook:EntityLook	AbstractGameActionMessage	super:AbstractGameActionMessage;targetId:writeDouble;entityLook:asEntityLook	client-as3	242
GameActionFightCloseCombatMessage	6116	sources/client242-as3/scripts/com/ankamagames/dofus/network/messages/game/actions/fight/GameActionFightCloseCombatMessage.as:11	1	weaponGenericId:uint	AbstractGameActionFightTargetedAbilityMessage	super:AbstractGameActionFightTargetedAbilityMessage;weaponGenericId:writeVarShort	client-as3	242
GameActionFightDeathMessage	1099	sources/client242-as3/scripts/com/ankamagames/dofus/network/messages/game/actions/fight/GameActionFightDeathMessage.as:12	1	targetId:Number	AbstractGameActionMessage	super:AbstractGameActionMessage;targetId:writeDouble	client-as3	242
GameActionFightDispellEffectMessage	6113	sources/client242-as3/scripts/com/ankamagames/dofus/network/messages/game/actions/fight/GameActionFightDispellEffectMessage.as:11	1	boostUID:uint	GameActionFightDispellMessage	super:GameActionFightDispellMessage;boostUID:writeInt	client-as3	242
GameActionFightDispellMessage	5533	sources/client242-as3/scripts/com/ankamagames/dofus/network/messages/game/actions/fight/GameActionFightDispellMessage.as:12	1	targetId:Number	AbstractGameActionMessage	super:AbstractGameActionMessage;targetId:writeDouble	client-as3	242
GameActionFightDispellSpellMessage	6176	sources/client242-as3/scripts/com/ankamagames/dofus/network/messages/game/actions/fight/GameActionFightDispellSpellMessage.as:11	1	spellId:uint	GameActionFightDispellMessage	super:GameActionFightDispellMessage;spellId:writeVarShort	client-as3	242
GameActionFightDispellableEffectMessage	6070	sources/client242-as3/scripts/com/ankamagames/dofus/network/messages/game/actions/fight/GameActionFightDispellableEffectMessage.as:14	1	effect:AbstractFightDispellableEffect	AbstractGameActionMessage	super:AbstractGameActionMessage;#typeId:writeShort;effect:serialize	client-as3	242
GameActionFightDodgePointLossMessage	5828	sources/client242-as3/scripts/com/ankamagames/dofus/network/messages/game/actions/fight/GameActionFightDodgePointLossMessage.as:12	2	targetId:Number;amount:uint	AbstractGameActionMessage	super:AbstractGameActionMessage;targetId:writeDouble;amount:writeVarShort	client-as3	242
GameActionFightDropCharacterMessage	5826	sources/client242-as3/scripts/com/ankamagames/dofus/network/messages/game/actions/fight/GameActionFightDropCharacterMessage.as:12	2	targetId:Number;cellId:int	AbstractGameActionMessage	super:AbstractGameActionMessage;targetId:writeDouble;cellId:writeShort	client-as3	242
GameActionFightExchangePositionsMessage	5527	sources/client242-as3/scripts/com/ankamagames/dofus/network/messages/game/actions/fight/GameActionFightExchangePositionsMessage.as:12	3	targetId:Number;casterCellId:int;targetCellId:int	AbstractGameActionMessage	super:AbstractGameActionMessage;targetId:writeDouble;casterCellId:writeShort;targetCellId:writeShort	client-as3	242
GameActionFightInvisibilityMessage	5821	sources/client242-as3/scripts/com/ankamagames/dofus/network/messages/game/actions/fight/GameActionFightInvisibilityMessage.as:12	2	targetId:Number;state:uint	AbstractGameActionMessage	super:AbstractGameActionMessage;targetId:writeDouble;state:writeByte	client-as3	242
GameActionFightInvisibleDetectedMessage	6320	sources/client242-as3/scripts/com/ankamagames/dofus/network/messages/game/actions/fight/GameActionFightInvisibleDetectedMessage.as:12	2	targetId:Number;cellId:int	AbstractGameActionMessage	super:AbstractGameActionMessage;targetId:writeDouble;cellId:writeShort	client-as3	242
GameActionFightKillMessage	5571	sources/client242-as3/scripts/com/ankamagames/dofus/network/messages/game/actions/fight/GameActionFightKillMessage.as:12	1	targetId:Number	AbstractGameActionMessage	super:AbstractGameActionMessage;targetId:writeDouble	client-as3	242
GameActionFightLifeAndShieldPointsLostMessage	6310	sources/client242-as3/scripts/com/ankamagames/dofus/network/messages/game/actions/fight/GameActionFightLifeAndShieldPointsLostMessage.as:11	1	shieldLoss:uint	GameActionFightLifePointsLostMessage	super:GameActionFightLifePointsLostMessage;shieldLoss:writeVarShort	client-as3	242
GameActionFightLifePointsGainMessage	6311	sources/client242-as3/scripts/com/ankamagames/dofus/network/messages/game/actions/fight/GameActionFightLifePointsGainMessage.as:12	2	targetId:Number;delta:uint	AbstractGameActionMessage	super:AbstractGameActionMessage;targetId:writeDouble;delta:writeVarInt	client-as3	242
GameActionFightLifePointsLostMessage	6312	sources/client242-as3/scripts/com/ankamagames/dofus/network/messages/game/actions/fight/GameActionFightLifePointsLostMessage.as:12	3	targetId:Number;loss:uint;permanentDamages:uint	AbstractGameActionMessage	super:AbstractGameActionMessage;targetId:writeDouble;loss:writeVarInt;permanentDamages:writeVarInt	client-as3	242
GameActionFightMarkCellsMessage	5540	sources/client242-as3/scripts/com/ankamagames/dofus/network/messages/game/actions/fight/GameActionFightMarkCellsMessage.as:13	1	mark:GameActionMark	AbstractGameActionMessage	super:AbstractGameActionMessage;mark:asGameActionMark	client-as3	242
GameActionFightModifyEffectsDurationMessage	6304	sources/client242-as3/scripts/com/ankamagames/dofus/network/messages/game/actions/fight/GameActionFightModifyEffectsDurationMessage.as:12	2	targetId:Number;delta:int	AbstractGameActionMessage	super:AbstractGameActionMessage;targetId:writeDouble;delta:writeShort	client-as3	242
GameActionFightNoSpellCastMessage	6132	sources/client242-as3/scripts/com/ankamagames/dofus/network/messages/game/actions/fight/GameActionFightNoSpellCastMessage.as:12	1	spellLevelId:uint	NetworkMessage	spellLevelId:writeVarInt	client-as3	242
GameActionFightPointsVariationMessage	1030	sources/client242-as3/scripts/com/ankamagames/dofus/network/messages/game/actions/fight/GameActionFightPointsVariationMessage.as:12	2	targetId:Number;delta:int	AbstractGameActionMessage	super:AbstractGameActionMessage;targetId:writeDouble;delta:writeShort	client-as3	242
GameActionFightReduceDamagesMessage	5526	sources/client242-as3/scripts/com/ankamagames/dofus/network/messages/game/actions/fight/GameActionFightReduceDamagesMessage.as:12	2	targetId:Number;amount:uint	AbstractGameActionMessage	super:AbstractGameActionMessage;targetId:writeDouble;amount:writeVarInt	client-as3	242
GameActionFightReflectDamagesMessage	5530	sources/client242-as3/scripts/com/ankamagames/dofus/network/messages/game/actions/fight/GameActionFightReflectDamagesMessage.as:12	1	targetId:Number	AbstractGameActionMessage	super:AbstractGameActionMessage;targetId:writeDouble	client-as3	242
GameActionFightReflectSpellMessage	5531	sources/client242-as3/scripts/com/ankamagames/dofus/network/messages/game/actions/fight/GameActionFightReflectSpellMessage.as:12	1	targetId:Number	AbstractGameActionMessage	super:AbstractGameActionMessage;targetId:writeDouble	client-as3	242
GameActionFightSlideMessage	5525	sources/client242-as3/scripts/com/ankamagames/dofus/network/messages/game/actions/fight/GameActionFightSlideMessage.as:12	3	targetId:Number;startCellId:int;endCellId:int	AbstractGameActionMessage	super:AbstractGameActionMessage;targetId:writeDouble;startCellId:writeShort;endCellId:writeShort	client-as3	242
GameActionFightSpellCastMessage	1010	sources/client242-as3/scripts/com/ankamagames/dofus/network/messages/game/actions/fight/GameActionFightSpellCastMessage.as:11	3	spellId:uint;spellLevel:int;portalsIds:Vector.<int>	AbstractGameActionFightTargetedAbilityMessage	super:AbstractGameActionFightTargetedAbilityMessage;spellId:writeVarShort;spellLevel:writeShort;portalsIds#len:writeShort;portalsIds[]:writeShort	client-as3	242
GameActionFightSpellCooldownVariationMessage	6219	sources/client242-as3/scripts/com/ankamagames/dofus/network/messages/game/actions/fight/GameActionFightSpellCooldownVariationMessage.as:12	3	targetId:Number;spellId:uint;value:int	AbstractGameActionMessage	super:AbstractGameActionMessage;targetId:writeDouble;spellId:writeVarShort;value:writeVarShort	client-as3	242
GameActionFightSpellImmunityMessage	6221	sources/client242-as3/scripts/com/ankamagames/dofus/network/messages/game/actions/fight/GameActionFightSpellImmunityMessage.as:12	2	targetId:Number;spellId:uint	AbstractGameActionMessage	super:AbstractGameActionMessage;targetId:writeDouble;spellId:writeVarShort	client-as3	242
GameActionFightStealKamaMessage	5535	sources/client242-as3/scripts/com/ankamagames/dofus/network/messages/game/actions/fight/GameActionFightStealKamaMessage.as:12	2	targetId:Number;amount:Number	AbstractGameActionMessage	super:AbstractGameActionMessage;targetId:writeDouble;amount:writeVarLong	client-as3	242
GameActionFightSummonMessage	5825	sources/client242-as3/scripts/com/ankamagames/dofus/network/messages/game/actions/fight/GameActionFightSummonMessage.as:14	1	summons:Vector.<GameFightFighterInformations>	AbstractGameActionMessage	super:AbstractGameActionMessage;summons#len:writeShort;summons[]#typeId:writeShort;summons[]:serialize	client-as3	242
GameActionFightTackledMessage	1004	sources/client242-as3/scripts/com/ankamagames/dofus/network/messages/game/actions/fight/GameActionFightTackledMessage.as:12	1	tacklersIds:Vector.<Number>	AbstractGameActionMessage	super:AbstractGameActionMessage;tacklersIds#len:writeShort;tacklersIds[]:writeDouble	client-as3	242
GameActionFightTeleportOnSameMapMessage	5528	sources/client242-as3/scripts/com/ankamagames/dofus/network/messages/game/actions/fight/GameActionFightTeleportOnSameMapMessage.as:12	2	targetId:Number;cellId:int	AbstractGameActionMessage	super:AbstractGameActionMessage;targetId:writeDouble;cellId:writeShort	client-as3	242
GameActionFightThrowCharacterMessage	5829	sources/client242-as3/scripts/com/ankamagames/dofus/network/messages/game/actions/fight/GameActionFightThrowCharacterMessage.as:12	2	targetId:Number;cellId:int	AbstractGameActionMessage	super:AbstractGameActionMessage;targetId:writeDouble;cellId:writeShort	client-as3	242
GameActionFightTriggerEffectMessage	6147	sources/client242-as3/scripts/com/ankamagames/dofus/network/messages/game/actions/fight/GameActionFightTriggerEffectMessage.as:11	0		GameActionFightDispellEffectMessage	super:GameActionFightDispellEffectMessage	client-as3	242
GameActionFightTriggerGlyphTrapMessage	5741	sources/client242-as3/scripts/com/ankamagames/dofus/network/messages/game/actions/fight/GameActionFightTriggerGlyphTrapMessage.as:12	3	markId:int;triggeringCharacterId:Number;triggeredSpellId:uint	AbstractGameActionMessage	super:AbstractGameActionMessage;markId:writeShort;triggeringCharacterId:writeDouble;triggeredSpellId:writeVarShort	client-as3	242
GameActionFightUnmarkCellsMessage	5570	sources/client242-as3/scripts/com/ankamagames/dofus/network/messages/game/actions/fight/GameActionFightUnmarkCellsMessage.as:12	1	markId:int	AbstractGameActionMessage	super:AbstractGameActionMessage;markId:writeShort	client-as3	242
GameActionFightVanishMessage	6217	sources/client242-as3/scripts/com/ankamagames/dofus/network/messages/game/actions/fight/GameActionFightVanishMessage.as:12	1	targetId:Number	AbstractGameActionMessage	super:AbstractGameActionMessage;targetId:writeDouble	client-as3	242
GameActionNoopMessage	1002	sources/client242-as3/scripts/com/ankamagames/dofus/network/messages/game/actions/GameActionNoopMessage.as:12	0		NetworkMessage		client-as3	242
GameCautiousMapMovementMessage	6497	sources/client242-as3/scripts/com/ankamagames/dofus/network/messages/game/context/GameCautiousMapMovementMessage.as:11	0		GameMapMovementMessage	super:GameMapMovementMessage	client-as3	242
GameCautiousMapMovementRequestMessage	6496	sources/client242-as3/scripts/com/ankamagames/dofus/network/messages/game/context/GameCautiousMapMovementRequestMessage.as:11	0		GameMapMovementRequestMessage	super:GameMapMovementRequestMessage	client-as3	242
GameContextCreateErrorMessage	6024	sources/client242-as3/scripts/com/ankamagames/dofus/network/messages/game/context/GameContextCreateErrorMessage.as:12	0		NetworkMessage		client-as3	242
GameContextCreateMessage	200	sources/client242-as3/scripts/com/ankamagames/dofus/network/messages/game/context/GameContextCreateMessage.as:12	1	context:uint	NetworkMessage	context:writeByte	client-as3	242
GameContextCreateRequestMessage	250	sources/client242-as3/scripts/com/ankamagames/dofus/network/messages/game/context/GameContextCreateRequestMessage.as:12	0		NetworkMessage		client-as3	242
GameContextDestroyMessage	201	sources/client242-as3/scripts/com/ankamagames/dofus/network/messages/game/context/GameContextDestroyMessage.as:12	0		NetworkMessage		client-as3	242
GameContextKickMessage	6081	sources/client242-as3/scripts/com/ankamagames/dofus/network/messages/game/context/GameContextKickMessage.as:12	1	targetId:Number	NetworkMessage	targetId:writeDouble	client-as3	242
GameContextMoveElementMessage	253	sources/client242-as3/scripts/com/ankamagames/dofus/network/messages/game/context/GameContextMoveElementMessage.as:13	1	movement:EntityMovementInformations	NetworkMessage	movement:asEntityMovementInformations	client-as3	242
GameContextMoveMultipleElementsMessage	254	sources/client242-as3/scripts/com/ankamagames/dofus/network/messages/game/context/GameContextMoveMultipleElementsMessage.as:13	1	movements:Vector.<EntityMovementInformations>	NetworkMessage	movements#len:writeShort;movements[]:asEntityMovementInformations	client-as3	242
GameContextQuitMessage	255	sources/client242-as3/scripts/com/ankamagames/dofus/network/messages/game/context/GameContextQuitMessage.as:12	0		NetworkMessage		client-as3	242
GameContextReadyMessage	6071	sources/client242-as3/scripts/com/ankamagames/dofus/network/messages/game/context/GameContextReadyMessage.as:12	1	mapId:uint	NetworkMessage	mapId:writeInt	client-as3	242
GameContextRefreshEntityLookMessage	5637	sources/client242-as3/scripts/com/ankamagames/dofus/network/messages/game/context/GameContextRefreshEntityLookMessage.as:13	2	id:Number;look:EntityLook	NetworkMessage	id:writeDouble;look:asEntityLook	client-as3	242
GameContextRemoveElementMessage	251	sources/client242-as3/scripts/com/ankamagames/dofus/network/messages/game/context/GameContextRemoveElementMessage.as:12	1	id:Number	NetworkMessage	id:writeDouble	client-as3	242
GameContextRemoveElementWithEventMessage	6412	sources/client242-as3/scripts/com/ankamagames/dofus/network/messages/game/context/GameContextRemoveElementWithEventMessage.as:11	1	elementEventId:uint	GameContextRemoveElementMessage	super:GameContextRemoveElementMessage;elementEventId:writeByte	client-as3	242
GameContextRemoveMultipleElementsMessage	252	sources/client242-as3/scripts/com/ankamagames/dofus/network/messages/game/context/GameContextRemoveMultipleElementsMessage.as:12	1	elementsIds:Vector.<Number>	NetworkMessage	elementsIds#len:writeShort;elementsIds[]:writeDouble	client-as3	242
GameContextRemoveMultipleElementsWithEventsMessage	6416	sources/client242-as3/scripts/com/ankamagames/dofus/network/messages/game/context/GameContextRemoveMultipleElementsWithEventsMessage.as:11	1	elementEventIds:Vector.<uint>	GameContextRemoveMultipleElementsMessage	super:GameContextRemoveMultipleElementsMessage;elementEventIds#len:writeShort;elementEventIds[]:writeByte	client-as3	242
GameDataPaddockObjectAddMessage	5990	sources/client242-as3/scripts/com/ankamagames/dofus/network/messages/game/context/mount/GameDataPaddockObjectAddMessage.as:13	1	paddockItemDescription:PaddockItem	NetworkMessage	paddockItemDescription:asPaddockItem	client-as3	242
GameDataPaddockObjectListAddMessage	5992	sources/client242-as3/scripts/com/ankamagames/dofus/network/messages/game/context/mount/GameDataPaddockObjectListAddMessage.as:13	1	paddockItemDescription:Vector.<PaddockItem>	NetworkMessage	paddockItemDescription#len:writeShort;paddockItemDescription[]:asPaddockItem	client-as3	242
GameDataPaddockObjectRemoveMessage	5993	sources/client242-as3/scripts/com/ankamagames/dofus/network/messages/game/context/mount/GameDataPaddockObjectRemoveMessage.as:12	1	cellId:uint	NetworkMessage	cellId:writeVarShort	client-as3	242
GameDataPlayFarmObjectAnimationMessage	6026	sources/client242-as3/scripts/com/ankamagames/dofus/network/messages/game/context/roleplay/paddock/GameDataPlayFarmObjectAnimationMessage.as:12	1	cellId:Vector.<uint>	NetworkMessage	cellId#len:writeShort;cellId[]:writeVarShort	client-as3	242
GameEntitiesDispositionMessage	5696	sources/client242-as3/scripts/com/ankamagames/dofus/network/messages/game/context/GameEntitiesDispositionMessage.as:13	1	dispositions:Vector.<IdentifiedEntityDispositionInformations>	NetworkMessage	dispositions#len:writeShort;dispositions[]:asIdentifiedEntityDispositionInformations	client-as3	242
GameEntityDispositionErrorMessage	5695	sources/client242-as3/scripts/com/ankamagames/dofus/network/messages/game/context/GameEntityDispositionErrorMessage.as:12	0		NetworkMessage		client-as3	242
GameEntityDispositionMessage	5693	sources/client242-as3/scripts/com/ankamagames/dofus/network/messages/game/context/GameEntityDispositionMessage.as:13	1	disposition:IdentifiedEntityDispositionInformations	NetworkMessage	disposition:asIdentifiedEntityDispositionInformations	client-as3	242
GameFightEndMessage	720	sources/client242-as3/scripts/com/ankamagames/dofus/network/messages/game/context/fight/GameFightEndMessage.as:15	5	duration:uint;ageBonus:int;lootShareLimitMalus:int;results:Vector.<FightResultListEntry>;namedPartyTeamsOutcomes:Vector.<NamedPartyTeamWithOutcome>	NetworkMessage	duration:writeInt;ageBonus:writeShort;lootShareLimitMalus:writeShort;results#len:writeShort;results[]#typeId:writeShort;results[]:serialize;namedPartyTeamsOutcomes#len:writeShort;namedPartyTeamsOutcomes[]:asNamedPartyTeamWithOutcome	client-as3	242
GameFightHumanReadyStateMessage	740	sources/client242-as3/scripts/com/ankamagames/dofus/network/messages/game/context/fight/GameFightHumanReadyStateMessage.as:12	2	characterId:Number;isReady:Boolean	NetworkMessage	characterId:writeVarLong;isReady:writeBoolean	client-as3	242
GameFightJoinMessage	702	sources/client242-as3/scripts/com/ankamagames/dofus/network/messages/game/context/fight/GameFightJoinMessage.as:13	6	isTeamPhase:Boolean;canBeCancelled:Boolean;canSayReady:Boolean;isFightStarted:Boolean;timeMaxBeforeFightStart:uint;fightType:uint	NetworkMessage	isTeamPhase:bit0;canBeCancelled:bit1;canSayReady:bit2;isFightStarted:bit3;#local:writeByte;timeMaxBeforeFightStart:writeShort;fightType:writeByte	client-as3	242
GameFightJoinRequestMessage	701	sources/client242-as3/scripts/com/ankamagames/dofus/network/messages/game/context/fight/GameFightJoinRequestMessage.as:12	2	fighterId:Number;fightId:int	NetworkMessage	fighterId:writeDouble;fightId:writeInt	client-as3	242
GameFightLeaveMessage	721	sources/client242-as3/scripts/com/ankamagames/dofus/network/messages/game/context/fight/GameFightLeaveMessage.as:12	1	charId:Number	NetworkMessage	charId:writeDouble	client-as3	242
GameFightNewRoundMessage	6239	sources/client242-as3/scripts/com/ankamagames/dofus/network/messages/game/context/fight/GameFightNewRoundMessage.as:12	1	roundNumber:uint	NetworkMessage	roundNumber:writeVarInt	client-as3	242
GameFightNewWaveMessage	6490	sources/client242-as3/scripts/com/ankamagames/dofus/network/messages/game/context/fight/GameFightNewWaveMessage.as:12	3	id:uint;teamId:uint;nbTurnBeforeNextWave:int	NetworkMessage	id:writeByte;teamId:writeByte;nbTurnBeforeNextWave:writeShort	client-as3	242
GameFightOptionStateUpdateMessage	5927	sources/client242-as3/scripts/com/ankamagames/dofus/network/messages/game/context/fight/GameFightOptionStateUpdateMessage.as:12	4	fightId:uint;teamId:uint;option:uint;state:Boolean	NetworkMessage	fightId:writeShort;teamId:writeByte;option:writeByte;state:writeBoolean	client-as3	242
GameFightOptionToggleMessage	707	sources/client242-as3/scripts/com/ankamagames/dofus/network/messages/game/context/fight/GameFightOptionToggleMessage.as:12	1	option:uint	NetworkMessage	option:writeByte	client-as3	242
GameFightPlacementPositionRequestMessage	704	sources/client242-as3/scripts/com/ankamagames/dofus/network/messages/game/context/fight/GameFightPlacementPositionRequestMessage.as:12	1	cellId:uint	NetworkMessage	cellId:writeVarShort	client-as3	242
GameFightPlacementPossiblePositionsMessage	703	sources/client242-as3/scripts/com/ankamagames/dofus/network/messages/game/context/fight/GameFightPlacementPossiblePositionsMessage.as:12	3	positionsForChallengers:Vector.<uint>;positionsForDefenders:Vector.<uint>;teamNumber:uint	NetworkMessage	positionsForChallengers#len:writeShort;positionsForChallengers[]:writeVarShort;positionsForDefenders#len:writeShort;positionsForDefenders[]:writeVarShort;teamNumber:writeByte	client-as3	242
GameFightPlacementSwapPositionsAcceptMessage	6547	sources/client242-as3/scripts/com/ankamagames/dofus/network/messages/game/context/fight/GameFightPlacementSwapPositionsAcceptMessage.as:12	1	requestId:uint	NetworkMessage	requestId:writeInt	client-as3	242
GameFightPlacementSwapPositionsCancelMessage	6543	sources/client242-as3/scripts/com/ankamagames/dofus/network/messages/game/context/fight/GameFightPlacementSwapPositionsCancelMessage.as:12	1	requestId:uint	NetworkMessage	requestId:writeInt	client-as3	242
GameFightPlacementSwapPositionsCancelledMessage	6546	sources/client242-as3/scripts/com/ankamagames/dofus/network/messages/game/context/fight/GameFightPlacementSwapPositionsCancelledMessage.as:12	2	requestId:uint;cancellerId:Number	NetworkMessage	requestId:writeInt;cancellerId:writeDouble	client-as3	242
GameFightPlacementSwapPositionsErrorMessage	6548	sources/client242-as3/scripts/com/ankamagames/dofus/network/messages/game/context/fight/GameFightPlacementSwapPositionsErrorMessage.as:12	0		NetworkMessage		client-as3	242
GameFightPlacementSwapPositionsMessage	6544	sources/client242-as3/scripts/com/ankamagames/dofus/network/messages/game/context/fight/GameFightPlacementSwapPositionsMessage.as:13	1	dispositions:Vector.<IdentifiedEntityDispositionInformations>	NetworkMessage	dispositions[]:asIdentifiedEntityDispositionInformations	client-as3	242
GameFightPlacementSwapPositionsOfferMessage	6542	sources/client242-as3/scripts/com/ankamagames/dofus/network/messages/game/context/fight/GameFightPlacementSwapPositionsOfferMessage.as:12	5	requestId:uint;requesterId:Number;requesterCellId:uint;requestedId:Number;requestedCellId:uint	NetworkMessage	requestId:writeInt;requesterId:writeDouble;requesterCellId:writeVarShort;requestedId:writeDouble;requestedCellId:writeVarShort	client-as3	242
GameFightPlacementSwapPositionsRequestMessage	6541	sources/client242-as3/scripts/com/ankamagames/dofus/network/messages/game/context/fight/GameFightPlacementSwapPositionsRequestMessage.as:11	1	requestedId:Number	GameFightPlacementPositionRequestMessage	super:GameFightPlacementPositionRequestMessage;requestedId:writeDouble	client-as3	242
GameFightReadyMessage	708	sources/client242-as3/scripts/com/ankamagames/dofus/network/messages/game/context/fight/GameFightReadyMessage.as:12	1	isReady:Boolean	NetworkMessage	isReady:writeBoolean	client-as3	242
GameFightRefreshFighterMessage	6309	sources/client242-as3/scripts/com/ankamagames/dofus/network/messages/game/context/fight/character/GameFightRefreshFighterMessage.as:14	1	informations:GameContextActorInformations	NetworkMessage	#typeId:writeShort;informations:serialize	client-as3	242
GameFightRemoveTeamMemberMessage	711	sources/client242-as3/scripts/com/ankamagames/dofus/network/messages/game/context/fight/GameFightRemoveTeamMemberMessage.as:12	3	fightId:uint;teamId:uint;charId:Number	NetworkMessage	fightId:writeShort;teamId:writeByte;charId:writeDouble	client-as3	242
GameFightResumeMessage	6067	sources/client242-as3/scripts/com/ankamagames/dofus/network/messages/game/context/fight/GameFightResumeMessage.as:15	3	spellCooldowns:Vector.<GameFightSpellCooldown>;summonCount:uint;bombCount:uint	GameFightSpectateMessage	super:GameFightSpectateMessage;spellCooldowns#len:writeShort;spellCooldowns[]:asGameFightSpellCooldown;summonCount:writeByte;bombCount:writeByte	client-as3	242
GameFightResumeWithSlavesMessage	6215	sources/client242-as3/scripts/com/ankamagames/dofus/network/messages/game/context/fight/GameFightResumeWithSlavesMessage.as:16	1	slavesInfo:Vector.<GameFightResumeSlaveInfo>	GameFightResumeMessage	super:GameFightResumeMessage;slavesInfo#len:writeShort;slavesInfo[]:asGameFightResumeSlaveInfo	client-as3	242
GameFightShowFighterMessage	5864	sources/client242-as3/scripts/com/ankamagames/dofus/network/messages/game/context/fight/character/GameFightShowFighterMessage.as:14	1	informations:GameFightFighterInformations	NetworkMessage	#typeId:writeShort;informations:serialize	client-as3	242
GameFightShowFighterRandomStaticPoseMessage	6218	sources/client242-as3/scripts/com/ankamagames/dofus/network/messages/game/context/fight/character/GameFightShowFighterRandomStaticPoseMessage.as:12	0		GameFightShowFighterMessage	super:GameFightShowFighterMessage	client-as3	242
GameFightSpectateMessage	6069	sources/client242-as3/scripts/com/ankamagames/dofus/network/messages/game/context/fight/GameFightSpectateMessage.as:15	5	effects:Vector.<FightDispellableEffectExtendedInformations>;marks:Vector.<GameActionMark>;gameTurn:uint;fightStart:uint;idols:Vector.<Idol>	NetworkMessage	effects#len:writeShort;effects[]:asFightDispellableEffectExtendedInformations;marks#len:writeShort;marks[]:asGameActionMark;gameTurn:writeVarShort;fightStart:writeInt;idols#len:writeShort;idols[]:asIdol	client-as3	242
GameFightSpectatePlayerRequestMessage	6474	sources/client242-as3/scripts/com/ankamagames/dofus/network/messages/game/context/fight/GameFightSpectatePlayerRequestMessage.as:12	1	playerId:Number	NetworkMessage	playerId:writeVarLong	client-as3	242
GameFightSpectatorJoinMessage	6504	sources/client242-as3/scripts/com/ankamagames/dofus/network/messages/game/context/fight/GameFightSpectatorJoinMessage.as:12	1	namedPartyTeams:Vector.<NamedPartyTeam>	GameFightJoinMessage	super:GameFightJoinMessage;namedPartyTeams#len:writeShort;namedPartyTeams[]:asNamedPartyTeam	client-as3	242
GameFightStartMessage	712	sources/client242-as3/scripts/com/ankamagames/dofus/network/messages/game/context/fight/GameFightStartMessage.as:13	1	idols:Vector.<Idol>	NetworkMessage	idols#len:writeShort;idols[]:asIdol	client-as3	242
GameFightStartingMessage	700	sources/client242-as3/scripts/com/ankamagames/dofus/network/messages/game/context/fight/GameFightStartingMessage.as:12	3	fightType:uint;attackerId:Number;defenderId:Number	NetworkMessage	fightType:writeByte;attackerId:writeDouble;defenderId:writeDouble	client-as3	242
GameFightSynchronizeMessage	5921	sources/client242-as3/scripts/com/ankamagames/dofus/network/messages/game/context/fight/GameFightSynchronizeMessage.as:14	1	fighters:Vector.<GameFightFighterInformations>	NetworkMessage	fighters#len:writeShort;fighters[]#typeId:writeShort;fighters[]:serialize	client-as3	242
GameFightTurnEndMessage	719	sources/client242-as3/scripts/com/ankamagames/dofus/network/messages/game/context/fight/GameFightTurnEndMessage.as:12	1	id:Number	NetworkMessage	id:writeDouble	client-as3	242
GameFightTurnFinishMessage	718	sources/client242-as3/scripts/com/ankamagames/dofus/network/messages/game/context/fight/GameFightTurnFinishMessage.as:12	1	isAfk:Boolean	NetworkMessage	isAfk:writeBoolean	client-as3	242
GameFightTurnListMessage	713	sources/client242-as3/scripts/com/ankamagames/dofus/network/messages/game/context/fight/GameFightTurnListMessage.as:12	2	ids:Vector.<Number>;deadsIds:Vector.<Number>	NetworkMessage	ids#len:writeShort;ids[]:writeDouble;deadsIds#len:writeShort;deadsIds[]:writeDouble	client-as3	242
GameFightTurnReadyMessage	716	sources/client242-as3/scripts/com/ankamagames/dofus/network/messages/game/context/fight/GameFightTurnReadyMessage.as:12	1	isReady:Boolean	NetworkMessage	isReady:writeBoolean	client-as3	242
GameFightTurnReadyRequestMessage	715	sources/client242-as3/scripts/com/ankamagames/dofus/network/messages/game/context/fight/GameFightTurnReadyRequestMessage.as:12	1	id:Number	NetworkMessage	id:writeDouble	client-as3	242
GameFightTurnResumeMessage	6307	sources/client242-as3/scripts/com/ankamagames/dofus/network/messages/game/context/fight/GameFightTurnResumeMessage.as:11	1	remainingTime:uint	GameFightTurnStartMessage	super:GameFightTurnStartMessage;remainingTime:writeVarInt	client-as3	242
GameFightTurnStartMessage	714	sources/client242-as3/scripts/com/ankamagames/dofus/network/messages/game/context/fight/GameFightTurnStartMessage.as:12	2	id:Number;waitTime:uint	NetworkMessage	id:writeDouble;waitTime:writeVarInt	client-as3	242
GameFightTurnStartPlayingMessage	6465	sources/client242-as3/scripts/com/ankamagames/dofus/network/messages/game/context/fight/GameFightTurnStartPlayingMessage.as:12	0		NetworkMessage		client-as3	242
GameFightUpdateTeamMessage	5572	sources/client242-as3/scripts/com/ankamagames/dofus/network/messages/game/context/fight/GameFightUpdateTeamMessage.as:13	2	fightId:uint;team:FightTeamInformations	NetworkMessage	fightId:writeShort;team:asFightTeamInformations	client-as3	242
GameMapChangeOrientationMessage	946	sources/client242-as3/scripts/com/ankamagames/dofus/network/messages/game/context/GameMapChangeOrientationMessage.as:13	1	orientation:ActorOrientation	NetworkMessage	orientation:asActorOrientation	client-as3	242
GameMapChangeOrientationRequestMessage	945	sources/client242-as3/scripts/com/ankamagames/dofus/network/messages/game/context/GameMapChangeOrientationRequestMessage.as:12	1	direction:uint	NetworkMessage	direction:writeByte	client-as3	242
GameMapChangeOrientationsMessage	6155	sources/client242-as3/scripts/com/ankamagames/dofus/network/messages/game/context/GameMapChangeOrientationsMessage.as:13	1	orientations:Vector.<ActorOrientation>	NetworkMessage	orientations#len:writeShort;orientations[]:asActorOrientation	client-as3	242
GameMapMovementCancelMessage	953	sources/client242-as3/scripts/com/ankamagames/dofus/network/messages/game/context/GameMapMovementCancelMessage.as:12	1	cellId:uint	NetworkMessage	cellId:writeVarShort	client-as3	242
GameMapMovementConfirmMessage	952	sources/client242-as3/scripts/com/ankamagames/dofus/network/messages/game/context/GameMapMovementConfirmMessage.as:12	0		NetworkMessage		client-as3	242
GameMapMovementMessage	951	sources/client242-as3/scripts/com/ankamagames/dofus/network/messages/game/context/GameMapMovementMessage.as:12	3	keyMovements:Vector.<uint>;forcedDirection:int;actorId:Number	NetworkMessage	keyMovements#len:writeShort;keyMovements[]:writeShort;forcedDirection:writeShort;actorId:writeDouble	client-as3	242
GameMapMovementRequestMessage	950	sources/client242-as3/scripts/com/ankamagames/dofus/network/messages/game/context/GameMapMovementRequestMessage.as:12	2	keyMovements:Vector.<uint>;mapId:uint	NetworkMessage	keyMovements#len:writeShort;keyMovements[]:writeShort;mapId:writeInt	client-as3	242
GameMapNoMovementMessage	954	sources/client242-as3/scripts/com/ankamagames/dofus/network/messages/game/context/GameMapNoMovementMessage.as:12	2	cellX:int;cellY:int	NetworkMessage	cellX:writeShort;cellY:writeShort	client-as3	242
GameRefreshMonsterBoostsMessage	6618	sources/client242-as3/scripts/com/ankamagames/dofus/network/messages/game/context/GameRefreshMonsterBoostsMessage.as:13	2	monsterBoosts:Vector.<MonsterBoosts>;familyBoosts:Vector.<MonsterBoosts>	NetworkMessage	monsterBoosts#len:writeShort;monsterBoosts[]:asMonsterBoosts;familyBoosts#len:writeShort;familyBoosts[]:asMonsterBoosts	client-as3	242
GameRolePlayAggressionMessage	6073	sources/client242-as3/scripts/com/ankamagames/dofus/network/messages/game/context/roleplay/fight/GameRolePlayAggressionMessage.as:12	2	attackerId:Number;defenderId:Number	NetworkMessage	attackerId:writeVarLong;defenderId:writeVarLong	client-as3	242
GameRolePlayArenaFightAnswerMessage	6279	sources/client242-as3/scripts/com/ankamagames/dofus/network/messages/game/context/roleplay/fight/arena/GameRolePlayArenaFightAnswerMessage.as:12	2	fightId:int;accept:Boolean	NetworkMessage	fightId:writeInt;accept:writeBoolean	client-as3	242
GameRolePlayArenaFightPropositionMessage	6276	sources/client242-as3/scripts/com/ankamagames/dofus/network/messages/game/context/roleplay/fight/arena/GameRolePlayArenaFightPropositionMessage.as:12	3	fightId:uint;alliesId:Vector.<Number>;duration:uint	NetworkMessage	fightId:writeInt;alliesId#len:writeShort;alliesId[]:writeDouble;duration:writeVarShort	client-as3	242
GameRolePlayArenaFighterStatusMessage	6281	sources/client242-as3/scripts/com/ankamagames/dofus/network/messages/game/context/roleplay/fight/arena/GameRolePlayArenaFighterStatusMessage.as:12	3	fightId:int;playerId:int;accepted:Boolean	NetworkMessage	fightId:writeInt;playerId:writeInt;accepted:writeBoolean	client-as3	242
GameRolePlayArenaRegisterMessage	6280	sources/client242-as3/scripts/com/ankamagames/dofus/network/messages/game/context/roleplay/fight/arena/GameRolePlayArenaRegisterMessage.as:12	1	battleMode:uint	NetworkMessage	battleMode:writeInt	client-as3	242
GameRolePlayArenaRegistrationStatusMessage	6284	sources/client242-as3/scripts/com/ankamagames/dofus/network/messages/game/context/roleplay/fight/arena/GameRolePlayArenaRegistrationStatusMessage.as:12	3	registered:Boolean;step:uint;battleMode:uint	NetworkMessage	registered:writeBoolean;step:writeByte;battleMode:writeInt	client-as3	242
GameRolePlayArenaSwitchToFightServerMessage	6575	sources/client242-as3/scripts/com/ankamagames/dofus/network/messages/game/context/roleplay/fight/arena/GameRolePlayArenaSwitchToFightServerMessage.as:12	3	address:String;ports:Vector.<uint>;ticket:Vector.<int>	NetworkMessage	address:writeUTF;ports#len:writeShort;ports[]:writeShort;ticket#len:writeVarInt;ticket[]:writeByte	client-as3	242
GameRolePlayArenaSwitchToGameServerMessage	6574	sources/client242-as3/scripts/com/ankamagames/dofus/network/messages/game/context/roleplay/fight/arena/GameRolePlayArenaSwitchToGameServerMessage.as:12	3	validToken:Boolean;ticket:Vector.<int>;homeServerId:int	NetworkMessage	validToken:writeBoolean;ticket#len:writeVarInt;ticket[]:writeByte;homeServerId:writeShort	client-as3	242
GameRolePlayArenaUnregisterMessage	6282	sources/client242-as3/scripts/com/ankamagames/dofus/network/messages/game/context/roleplay/fight/arena/GameRolePlayArenaUnregisterMessage.as:12	0		NetworkMessage		client-as3	242
GameRolePlayArenaUpdatePlayerInfosAllQueuesMessage	6728	sources/client242-as3/scripts/com/ankamagames/dofus/network/messages/game/context/roleplay/fight/arena/GameRolePlayArenaUpdatePlayerInfosAllQueuesMessage.as:12	2	team:ArenaRankInfos;duel:ArenaRankInfos	GameRolePlayArenaUpdatePlayerInfosMessage	super:GameRolePlayArenaUpdatePlayerInfosMessage;team:asArenaRankInfos;duel:asArenaRankInfos	client-as3	242
GameRolePlayArenaUpdatePlayerInfosMessage	6301	sources/client242-as3/scripts/com/ankamagames/dofus/network/messages/game/context/roleplay/fight/arena/GameRolePlayArenaUpdatePlayerInfosMessage.as:13	1	solo:ArenaRankInfos	NetworkMessage	solo:asArenaRankInfos	client-as3	242
GameRolePlayAttackMonsterRequestMessage	6191	sources/client242-as3/scripts/com/ankamagames/dofus/network/messages/game/context/roleplay/fight/GameRolePlayAttackMonsterRequestMessage.as:12	1	monsterGroupId:Number	NetworkMessage	monsterGroupId:writeDouble	client-as3	242
GameRolePlayDelayedActionFinishedMessage	6150	sources/client242-as3/scripts/com/ankamagames/dofus/network/messages/game/context/roleplay/delay/GameRolePlayDelayedActionFinishedMessage.as:12	2	delayedCharacterId:Number;delayTypeId:uint	NetworkMessage	delayedCharacterId:writeDouble;delayTypeId:writeByte	client-as3	242
GameRolePlayDelayedActionMessage	6153	sources/client242-as3/scripts/com/ankamagames/dofus/network/messages/game/context/roleplay/delay/GameRolePlayDelayedActionMessage.as:12	3	delayedCharacterId:Number;delayTypeId:uint;delayEndTime:Number	NetworkMessage	delayedCharacterId:writeDouble;delayTypeId:writeByte;delayEndTime:writeDouble	client-as3	242
GameRolePlayDelayedObjectUseMessage	6425	sources/client242-as3/scripts/com/ankamagames/dofus/network/messages/game/context/roleplay/delay/GameRolePlayDelayedObjectUseMessage.as:11	1	objectGID:uint	GameRolePlayDelayedActionMessage	super:GameRolePlayDelayedActionMessage;objectGID:writeVarShort	client-as3	242
GameRolePlayFightRequestCanceledMessage	5822	sources/client242-as3/scripts/com/ankamagames/dofus/network/messages/game/context/roleplay/fight/GameRolePlayFightRequestCanceledMessage.as:12	3	fightId:int;sourceId:Number;targetId:Number	NetworkMessage	fightId:writeInt;sourceId:writeDouble;targetId:writeDouble	client-as3	242
GameRolePlayFreeSoulRequestMessage	745	sources/client242-as3/scripts/com/ankamagames/dofus/network/messages/game/context/roleplay/death/GameRolePlayFreeSoulRequestMessage.as:12	0		NetworkMessage		client-as3	242
GameRolePlayGameOverMessage	746	sources/client242-as3/scripts/com/ankamagames/dofus/network/messages/game/context/roleplay/death/GameRolePlayGameOverMessage.as:12	0		NetworkMessage		client-as3	242
GameRolePlayPlayerFightFriendlyAnswerMessage	5732	sources/client242-as3/scripts/com/ankamagames/dofus/network/messages/game/context/roleplay/fight/GameRolePlayPlayerFightFriendlyAnswerMessage.as:12	2	fightId:int;accept:Boolean	NetworkMessage	fightId:writeInt;accept:writeBoolean	client-as3	242
GameRolePlayPlayerFightFriendlyAnsweredMessage	5733	sources/client242-as3/scripts/com/ankamagames/dofus/network/messages/game/context/roleplay/fight/GameRolePlayPlayerFightFriendlyAnsweredMessage.as:12	4	fightId:int;sourceId:Number;targetId:Number;accept:Boolean	NetworkMessage	fightId:writeInt;sourceId:writeVarLong;targetId:writeVarLong;accept:writeBoolean	client-as3	242
GameRolePlayPlayerFightFriendlyRequestedMessage	5937	sources/client242-as3/scripts/com/ankamagames/dofus/network/messages/game/context/roleplay/fight/GameRolePlayPlayerFightFriendlyRequestedMessage.as:12	3	fightId:uint;sourceId:Number;targetId:Number	NetworkMessage	fightId:writeInt;sourceId:writeVarLong;targetId:writeVarLong	client-as3	242
GameRolePlayPlayerFightRequestMessage	5731	sources/client242-as3/scripts/com/ankamagames/dofus/network/messages/game/context/roleplay/fight/GameRolePlayPlayerFightRequestMessage.as:12	3	targetId:Number;targetCellId:int;friendly:Boolean	NetworkMessage	targetId:writeVarLong;targetCellId:writeShort;friendly:writeBoolean	client-as3	242
GameRolePlayPlayerLifeStatusMessage	5996	sources/client242-as3/scripts/com/ankamagames/dofus/network/messages/game/context/roleplay/death/GameRolePlayPlayerLifeStatusMessage.as:12	2	state:uint;phenixMapId:uint	NetworkMessage	state:writeByte;phenixMapId:writeInt	client-as3	242
GameRolePlayRemoveChallengeMessage	300	sources/client242-as3/scripts/com/ankamagames/dofus/network/messages/game/context/roleplay/fight/GameRolePlayRemoveChallengeMessage.as:12	1	fightId:int	NetworkMessage	fightId:writeInt	client-as3	242
GameRolePlayShowActorMessage	5632	sources/client242-as3/scripts/com/ankamagames/dofus/network/messages/game/context/roleplay/GameRolePlayShowActorMessage.as:14	1	informations:GameRolePlayActorInformations	NetworkMessage	#typeId:writeShort;informations:serialize	client-as3	242
GameRolePlayShowActorWithEventMessage	6407	sources/client242-as3/scripts/com/ankamagames/dofus/network/messages/game/context/roleplay/GameRolePlayShowActorWithEventMessage.as:12	1	actorEventId:uint	GameRolePlayShowActorMessage	super:GameRolePlayShowActorMessage;actorEventId:writeByte	client-as3	242
GameRolePlayShowChallengeMessage	301	sources/client242-as3/scripts/com/ankamagames/dofus/network/messages/game/context/roleplay/fight/GameRolePlayShowChallengeMessage.as:13	1	commonsInfos:FightCommonInformations	NetworkMessage	commonsInfos:asFightCommonInformations	client-as3	242
GameRolePlayShowMultipleActorsMessage	6712	sources/client242-as3/scripts/com/ankamagames/dofus/network/messages/game/context/roleplay/GameRolePlayShowMultipleActorsMessage.as:14	1	informationsList:Vector.<GameRolePlayActorInformations>	NetworkMessage	informationsList#len:writeShort;informationsList[]#typeId:writeShort;informationsList[]:serialize	client-as3	242
GameRolePlaySpellAnimMessage	6114	sources/client242-as3/scripts/com/ankamagames/dofus/network/messages/game/context/roleplay/visual/GameRolePlaySpellAnimMessage.as:12	4	casterId:Number;targetCellId:uint;spellId:uint;spellLevel:int	NetworkMessage	casterId:writeVarLong;targetCellId:writeVarShort;spellId:writeVarShort;spellLevel:writeShort	client-as3	242
GameRolePlayTaxCollectorFightRequestMessage	5954	sources/client242-as3/scripts/com/ankamagames/dofus/network/messages/game/guild/tax/GameRolePlayTaxCollectorFightRequestMessage.as:12	1	taxCollectorId:int	NetworkMessage	taxCollectorId:writeInt	client-as3	242
GetPartInfoMessage	1506	sources/client242-as3/scripts/com/ankamagames/dofus/network/messages/updater/parts/GetPartInfoMessage.as:12	1	id:String	NetworkMessage	id:writeUTF	client-as3	242
GetPartsListMessage	1501	sources/client242-as3/scripts/com/ankamagames/dofus/network/messages/updater/parts/GetPartsListMessage.as:12	0		NetworkMessage		client-as3	242
GoldAddedMessage	6030	sources/client242-as3/scripts/com/ankamagames/dofus/network/messages/game/inventory/items/GoldAddedMessage.as:13	1	gold:GoldItem	NetworkMessage	gold:asGoldItem	client-as3	242
GuestLimitationMessage	6506	sources/client242-as3/scripts/com/ankamagames/dofus/network/messages/game/guest/GuestLimitationMessage.as:12	1	reason:uint	NetworkMessage	reason:writeByte	client-as3	242
GuestModeMessage	6505	sources/client242-as3/scripts/com/ankamagames/dofus/network/messages/game/guest/GuestModeMessage.as:12	1	active:Boolean	NetworkMessage	active:writeBoolean	client-as3	242
GuidedModeQuitRequestMessage	6092	sources/client242-as3/scripts/com/ankamagames/dofus/network/messages/game/context/roleplay/quest/GuidedModeQuitRequestMessage.as:12	0		NetworkMessage		client-as3	242
GuidedModeReturnRequestMessage	6088	sources/client242-as3/scripts/com/ankamagames/dofus/network/messages/game/context/roleplay/quest/GuidedModeReturnRequestMessage.as:12	0		NetworkMessage		client-as3	242
GuildBulletinMessage	6689	sources/client242-as3/scripts/com/ankamagames/dofus/network/messages/game/guild/GuildBulletinMessage.as:12	0		BulletinMessage	super:BulletinMessage	client-as3	242
GuildBulletinSetErrorMessage	6691	sources/client242-as3/scripts/com/ankamagames/dofus/network/messages/game/guild/GuildBulletinSetErrorMessage.as:12	0		SocialNoticeSetErrorMessage	super:SocialNoticeSetErrorMessage	client-as3	242
GuildBulletinSetRequestMessage	6694	sources/client242-as3/scripts/com/ankamagames/dofus/network/messages/game/guild/GuildBulletinSetRequestMessage.as:12	2	content:String;notifyMembers:Boolean	SocialNoticeSetRequestMessage	super:SocialNoticeSetRequestMessage;content:writeUTF;notifyMembers:writeBoolean	client-as3	242
GuildChangeMemberParametersMessage	5549	sources/client242-as3/scripts/com/ankamagames/dofus/network/messages/game/guild/GuildChangeMemberParametersMessage.as:12	4	memberId:Number;rank:uint;experienceGivenPercent:uint;rights:uint	NetworkMessage	memberId:writeVarLong;rank:writeVarShort;experienceGivenPercent:writeByte;rights:writeVarInt	client-as3	242
GuildCharacsUpgradeRequestMessage	5706	sources/client242-as3/scripts/com/ankamagames/dofus/network/messages/game/guild/GuildCharacsUpgradeRequestMessage.as:12	1	charaTypeTarget:uint	NetworkMessage	charaTypeTarget:writeByte	client-as3	242
GuildCreationResultMessage	5554	sources/client242-as3/scripts/com/ankamagames/dofus/network/messages/game/guild/GuildCreationResultMessage.as:12	1	result:uint	NetworkMessage	result:writeByte	client-as3	242
GuildCreationStartedMessage	5920	sources/client242-as3/scripts/com/ankamagames/dofus/network/messages/game/guild/GuildCreationStartedMessage.as:12	0		NetworkMessage		client-as3	242
GuildCreationValidMessage	5546	sources/client242-as3/scripts/com/ankamagames/dofus/network/messages/game/guild/GuildCreationValidMessage.as:13	2	guildName:String;guildEmblem:GuildEmblem	NetworkMessage	guildName:writeUTF;guildEmblem:asGuildEmblem	client-as3	242
GuildFactsErrorMessage	6424	sources/client242-as3/scripts/com/ankamagames/dofus/network/messages/game/guild/GuildFactsErrorMessage.as:12	1	guildId:uint	NetworkMessage	guildId:writeVarInt	client-as3	242
GuildFactsMessage	6415	sources/client242-as3/scripts/com/ankamagames/dofus/network/messages/game/guild/GuildFactsMessage.as:15	4	infos:GuildFactSheetInformations;creationDate:uint;nbTaxCollectors:uint;members:Vector.<CharacterMinimalInformations>	NetworkMessage	#typeId:writeShort;infos:serialize;creationDate:writeInt;nbTaxCollectors:writeVarShort;members#len:writeShort;members[]:asCharacterMinimalInformations	client-as3	242
GuildFactsRequestMessage	6404	sources/client242-as3/scripts/com/ankamagames/dofus/network/messages/game/guild/GuildFactsRequestMessage.as:12	1	guildId:uint	NetworkMessage	guildId:writeVarInt	client-as3	242
GuildFightJoinRequestMessage	5717	sources/client242-as3/scripts/com/ankamagames/dofus/network/messages/game/guild/tax/GuildFightJoinRequestMessage.as:12	1	taxCollectorId:int	NetworkMessage	taxCollectorId:writeInt	client-as3	242
GuildFightLeaveRequestMessage	5715	sources/client242-as3/scripts/com/ankamagames/dofus/network/messages/game/guild/tax/GuildFightLeaveRequestMessage.as:12	2	taxCollectorId:uint;characterId:Number	NetworkMessage	taxCollectorId:writeInt;characterId:writeVarLong	client-as3	242
GuildFightPlayersEnemiesListMessage	5928	sources/client242-as3/scripts/com/ankamagames/dofus/network/messages/game/guild/tax/GuildFightPlayersEnemiesListMessage.as:13	2	fightId:uint;playerInfo:Vector.<CharacterMinimalPlusLookInformations>	NetworkMessage	fightId:writeInt;playerInfo#len:writeShort;playerInfo[]:asCharacterMinimalPlusLookInformations	client-as3	242
GuildFightPlayersEnemyRemoveMessage	5929	sources/client242-as3/scripts/com/ankamagames/dofus/network/messages/game/guild/tax/GuildFightPlayersEnemyRemoveMessage.as:12	2	fightId:uint;playerId:Number	NetworkMessage	fightId:writeInt;playerId:writeVarLong	client-as3	242
GuildFightPlayersHelpersJoinMessage	5720	sources/client242-as3/scripts/com/ankamagames/dofus/network/messages/game/guild/tax/GuildFightPlayersHelpersJoinMessage.as:13	2	fightId:uint;playerInfo:CharacterMinimalPlusLookInformations	NetworkMessage	fightId:writeInt;playerInfo:asCharacterMinimalPlusLookInformations	client-as3	242
GuildFightPlayersHelpersLeaveMessage	5719	sources/client242-as3/scripts/com/ankamagames/dofus/network/messages/game/guild/tax/GuildFightPlayersHelpersLeaveMessage.as:12	2	fightId:uint;playerId:Number	NetworkMessage	fightId:writeInt;playerId:writeVarLong	client-as3	242
GuildFightTakePlaceRequestMessage	6235	sources/client242-as3/scripts/com/ankamagames/dofus/network/messages/game/guild/tax/GuildFightTakePlaceRequestMessage.as:11	1	replacedCharacterId:int	GuildFightJoinRequestMessage	super:GuildFightJoinRequestMessage;replacedCharacterId:writeInt	client-as3	242
GuildGetInformationsMessage	5550	sources/client242-as3/scripts/com/ankamagames/dofus/network/messages/game/guild/GuildGetInformationsMessage.as:12	1	infoType:uint	NetworkMessage	infoType:writeByte	client-as3	242
GuildHouseRemoveMessage	6180	sources/client242-as3/scripts/com/ankamagames/dofus/network/messages/game/guild/GuildHouseRemoveMessage.as:12	3	houseId:uint;instanceId:uint;secondHand:Boolean	NetworkMessage	houseId:writeVarInt;instanceId:writeInt;secondHand:writeBoolean	client-as3	242
GuildHouseUpdateInformationMessage	6181	sources/client242-as3/scripts/com/ankamagames/dofus/network/messages/game/guild/GuildHouseUpdateInformationMessage.as:13	1	housesInformations:HouseInformationsForGuild	NetworkMessage	housesInformations:asHouseInformationsForGuild	client-as3	242
GuildHousesInformationMessage	5919	sources/client242-as3/scripts/com/ankamagames/dofus/network/messages/game/guild/GuildHousesInformationMessage.as:13	1	housesInformations:Vector.<HouseInformationsForGuild>	NetworkMessage	housesInformations#len:writeShort;housesInformations[]:asHouseInformationsForGuild	client-as3	242
GuildInAllianceFactsMessage	6422	sources/client242-as3/scripts/com/ankamagames/dofus/network/messages/game/guild/GuildInAllianceFactsMessage.as:14	1	allianceInfos:BasicNamedAllianceInformations	GuildFactsMessage	super:GuildFactsMessage;allianceInfos:asBasicNamedAllianceInformations	client-as3	242
GuildInformationsGeneralMessage	5557	sources/client242-as3/scripts/com/ankamagames/dofus/network/messages/game/guild/GuildInformationsGeneralMessage.as:12	8	abandonnedPaddock:Boolean;level:uint;expLevelFloor:Number;experience:Number;expNextLevelFloor:Number;creationDate:uint;nbTotalMembers:uint;nbConnectedMembers:uint	NetworkMessage	abandonnedPaddock:writeBoolean;level:writeByte;expLevelFloor:writeVarLong;experience:writeVarLong;expNextLevelFloor:writeVarLong;creationDate:writeInt;nbTotalMembers:writeVarShort;nbConnectedMembers:writeVarShort	client-as3	242
GuildInformationsMemberUpdateMessage	5597	sources/client242-as3/scripts/com/ankamagames/dofus/network/messages/game/guild/GuildInformationsMemberUpdateMessage.as:13	1	member:GuildMember	NetworkMessage	member:asGuildMember	client-as3	242
GuildInformationsMembersMessage	5558	sources/client242-as3/scripts/com/ankamagames/dofus/network/messages/game/guild/GuildInformationsMembersMessage.as:13	1	members:Vector.<GuildMember>	NetworkMessage	members#len:writeShort;members[]:asGuildMember	client-as3	242
GuildInformationsPaddocksMessage	5959	sources/client242-as3/scripts/com/ankamagames/dofus/network/messages/game/guild/GuildInformationsPaddocksMessage.as:13	2	nbPaddockMax:uint;paddocksInformations:Vector.<PaddockContentInformations>	NetworkMessage	nbPaddockMax:writeByte;paddocksInformations#len:writeShort;paddocksInformations[]:asPaddockContentInformations	client-as3	242
GuildInfosUpgradeMessage	5636	sources/client242-as3/scripts/com/ankamagames/dofus/network/messages/game/guild/GuildInfosUpgradeMessage.as:12	10	maxTaxCollectorsCount:uint;taxCollectorsCount:uint;taxCollectorLifePoints:uint;taxCollectorDamagesBonuses:uint;taxCollectorPods:uint;taxCollectorProspecting:uint;taxCollectorWisdom:uint;boostPoints:uint;spellId:Vector.<uint>;spellLevel:Vector.<int>	NetworkMessage	maxTaxCollectorsCount:writeByte;taxCollectorsCount:writeByte;taxCollectorLifePoints:writeVarShort;taxCollectorDamagesBonuses:writeVarShort;taxCollectorPods:writeVarShort;taxCollectorProspecting:writeVarShort;taxCollectorWisdom:writeVarShort;boostPoints:writeVarShort;spellId#len:writeShort;spellId[]:writeVarShort;spellLevel#len:writeShort;spellLevel[]:writeShort	client-as3	242
GuildInvitationAnswerMessage	5556	sources/client242-as3/scripts/com/ankamagames/dofus/network/messages/game/guild/GuildInvitationAnswerMessage.as:12	1	accept:Boolean	NetworkMessage	accept:writeBoolean	client-as3	242
GuildInvitationByNameMessage	6115	sources/client242-as3/scripts/com/ankamagames/dofus/network/messages/game/guild/GuildInvitationByNameMessage.as:12	1	name:String	NetworkMessage	name:writeUTF	client-as3	242
GuildInvitationMessage	5551	sources/client242-as3/scripts/com/ankamagames/dofus/network/messages/game/guild/GuildInvitationMessage.as:12	1	targetId:Number	NetworkMessage	targetId:writeVarLong	client-as3	242
GuildInvitationStateRecrutedMessage	5548	sources/client242-as3/scripts/com/ankamagames/dofus/network/messages/game/guild/GuildInvitationStateRecrutedMessage.as:12	1	invitationState:uint	NetworkMessage	invitationState:writeByte	client-as3	242
GuildInvitationStateRecruterMessage	5563	sources/client242-as3/scripts/com/ankamagames/dofus/network/messages/game/guild/GuildInvitationStateRecruterMessage.as:12	2	recrutedName:String;invitationState:uint	NetworkMessage	recrutedName:writeUTF;invitationState:writeByte	client-as3	242
GuildInvitedMessage	5552	sources/client242-as3/scripts/com/ankamagames/dofus/network/messages/game/guild/GuildInvitedMessage.as:13	3	recruterId:Number;recruterName:String;guildInfo:BasicGuildInformations	NetworkMessage	recruterId:writeVarLong;recruterName:writeUTF;guildInfo:asBasicGuildInformations	client-as3	242
GuildJoinedMessage	5564	sources/client242-as3/scripts/com/ankamagames/dofus/network/messages/game/guild/GuildJoinedMessage.as:13	2	guildInfo:GuildInformations;memberRights:uint	NetworkMessage	guildInfo:asGuildInformations;memberRights:writeVarInt	client-as3	242
GuildKickRequestMessage	5887	sources/client242-as3/scripts/com/ankamagames/dofus/network/messages/game/guild/GuildKickRequestMessage.as:12	1	kickedId:Number	NetworkMessage	kickedId:writeVarLong	client-as3	242
GuildLeftMessage	5562	sources/client242-as3/scripts/com/ankamagames/dofus/network/messages/game/guild/GuildLeftMessage.as:12	0		NetworkMessage		client-as3	242
GuildLevelUpMessage	6062	sources/client242-as3/scripts/com/ankamagames/dofus/network/messages/game/guild/GuildLevelUpMessage.as:12	1	newLevel:uint	NetworkMessage	newLevel:writeByte	client-as3	242
GuildListMessage	6413	sources/client242-as3/scripts/com/ankamagames/dofus/network/messages/game/guild/GuildListMessage.as:13	1	guilds:Vector.<GuildInformations>	NetworkMessage	guilds#len:writeShort;guilds[]:asGuildInformations	client-as3	242
GuildMemberLeavingMessage	5923	sources/client242-as3/scripts/com/ankamagames/dofus/network/messages/game/guild/GuildMemberLeavingMessage.as:12	2	kicked:Boolean;memberId:Number	NetworkMessage	kicked:writeBoolean;memberId:writeVarLong	client-as3	242
GuildMemberOnlineStatusMessage	6061	sources/client242-as3/scripts/com/ankamagames/dofus/network/messages/game/guild/GuildMemberOnlineStatusMessage.as:12	2	memberId:Number;online:Boolean	NetworkMessage	memberId:writeVarLong;online:writeBoolean	client-as3	242
GuildMemberSetWarnOnConnectionMessage	6159	sources/client242-as3/scripts/com/ankamagames/dofus/network/messages/game/friend/GuildMemberSetWarnOnConnectionMessage.as:12	1	enable:Boolean	NetworkMessage	enable:writeBoolean	client-as3	242
GuildMemberWarnOnConnectionStateMessage	6160	sources/client242-as3/scripts/com/ankamagames/dofus/network/messages/game/friend/GuildMemberWarnOnConnectionStateMessage.as:12	1	enable:Boolean	NetworkMessage	enable:writeBoolean	client-as3	242
GuildMembershipMessage	5835	sources/client242-as3/scripts/com/ankamagames/dofus/network/messages/game/guild/GuildMembershipMessage.as:12	0		GuildJoinedMessage	super:GuildJoinedMessage	client-as3	242
GuildModificationEmblemValidMessage	6328	sources/client242-as3/scripts/com/ankamagames/dofus/network/messages/game/guild/GuildModificationEmblemValidMessage.as:13	1	guildEmblem:GuildEmblem	NetworkMessage	guildEmblem:asGuildEmblem	client-as3	242
GuildModificationNameValidMessage	6327	sources/client242-as3/scripts/com/ankamagames/dofus/network/messages/game/guild/GuildModificationNameValidMessage.as:12	1	guildName:String	NetworkMessage	guildName:writeUTF	client-as3	242
GuildModificationStartedMessage	6324	sources/client242-as3/scripts/com/ankamagames/dofus/network/messages/game/guild/GuildModificationStartedMessage.as:13	2	canChangeName:Boolean;canChangeEmblem:Boolean	NetworkMessage	canChangeName:bit0;canChangeEmblem:bit1;#local:writeByte	client-as3	242
GuildModificationValidMessage	6323	sources/client242-as3/scripts/com/ankamagames/dofus/network/messages/game/guild/GuildModificationValidMessage.as:13	2	guildName:String;guildEmblem:GuildEmblem	NetworkMessage	guildName:writeUTF;guildEmblem:asGuildEmblem	client-as3	242
GuildMotdMessage	6590	sources/client242-as3/scripts/com/ankamagames/dofus/network/messages/game/guild/GuildMotdMessage.as:12	0		SocialNoticeMessage	super:SocialNoticeMessage	client-as3	242
GuildMotdSetErrorMessage	6591	sources/client242-as3/scripts/com/ankamagames/dofus/network/messages/game/guild/GuildMotdSetErrorMessage.as:12	0		SocialNoticeSetErrorMessage	super:SocialNoticeSetErrorMessage	client-as3	242
GuildMotdSetRequestMessage	6588	sources/client242-as3/scripts/com/ankamagames/dofus/network/messages/game/guild/GuildMotdSetRequestMessage.as:12	1	content:String	SocialNoticeSetRequestMessage	super:SocialNoticeSetRequestMessage;content:writeUTF	client-as3	242
GuildPaddockBoughtMessage	5952	sources/client242-as3/scripts/com/ankamagames/dofus/network/messages/game/guild/GuildPaddockBoughtMessage.as:13	1	paddockInfo:PaddockContentInformations	NetworkMessage	paddockInfo:asPaddockContentInformations	client-as3	242
GuildPaddockRemovedMessage	5955	sources/client242-as3/scripts/com/ankamagames/dofus/network/messages/game/guild/GuildPaddockRemovedMessage.as:12	1	paddockId:int	NetworkMessage	paddockId:writeInt	client-as3	242
GuildPaddockTeleportRequestMessage	5957	sources/client242-as3/scripts/com/ankamagames/dofus/network/messages/game/guild/GuildPaddockTeleportRequestMessage.as:12	1	paddockId:int	NetworkMessage	paddockId:writeInt	client-as3	242
GuildSpellUpgradeRequestMessage	5699	sources/client242-as3/scripts/com/ankamagames/dofus/network/messages/game/guild/GuildSpellUpgradeRequestMessage.as:12	1	spellId:uint	NetworkMessage	spellId:writeInt	client-as3	242
GuildVersatileInfoListMessage	6435	sources/client242-as3/scripts/com/ankamagames/dofus/network/messages/game/guild/GuildVersatileInfoListMessage.as:14	1	guilds:Vector.<GuildVersatileInformations>	NetworkMessage	guilds#len:writeShort;guilds[]#typeId:writeShort;guilds[]:serialize	client-as3	242
HaapiApiKeyMessage	6649	sources/client242-as3/scripts/com/ankamagames/dofus/network/messages/web/haapi/HaapiApiKeyMessage.as:12	3	returnType:uint;keyType:uint;token:String	NetworkMessage	returnType:writeByte;keyType:writeByte;token:writeUTF	client-as3	242
HaapiApiKeyRequestMessage	6648	sources/client242-as3/scripts/com/ankamagames/dofus/network/messages/web/haapi/HaapiApiKeyRequestMessage.as:12	1	keyType:uint	NetworkMessage	keyType:writeByte	client-as3	242
HavenBagDailyLoteryMessage	6644	sources/client242-as3/scripts/com/ankamagames/dofus/network/messages/game/context/roleplay/havenbag/HavenBagDailyLoteryMessage.as:12	2	returnType:uint;tokenId:String	NetworkMessage	returnType:writeByte;tokenId:writeUTF	client-as3	242
HavenBagFurnituresMessage	6634	sources/client242-as3/scripts/com/ankamagames/dofus/network/messages/game/context/roleplay/havenbag/HavenBagFurnituresMessage.as:13	1	furnituresInfos:Vector.<HavenBagFurnitureInformation>	NetworkMessage	furnituresInfos#len:writeShort;furnituresInfos[]:asHavenBagFurnitureInformation	client-as3	242
HavenBagFurnituresRequestMessage	6637	sources/client242-as3/scripts/com/ankamagames/dofus/network/messages/game/context/roleplay/havenbag/HavenBagFurnituresRequestMessage.as:12	3	cellIds:Vector.<uint>;funitureIds:Vector.<int>;orientations:Vector.<uint>	NetworkMessage	cellIds#len:writeShort;cellIds[]:writeVarShort;funitureIds#len:writeShort;funitureIds[]:writeInt;orientations#len:writeShort;orientations[]:writeByte	client-as3	242
HavenBagPackListMessage	6620	sources/client242-as3/scripts/com/ankamagames/dofus/network/messages/game/context/roleplay/havenbag/HavenBagPackListMessage.as:12	1	packIds:Vector.<int>	NetworkMessage	packIds#len:writeShort;packIds[]:writeByte	client-as3	242
HavenBagPermissionsUpdateMessage	6713	sources/client242-as3/scripts/com/ankamagames/dofus/network/messages/game/context/roleplay/havenbag/meeting/HavenBagPermissionsUpdateMessage.as:12	1	permissions:uint	NetworkMessage	permissions:writeInt	client-as3	242
HavenBagPermissionsUpdateRequestMessage	6714	sources/client242-as3/scripts/com/ankamagames/dofus/network/messages/game/context/roleplay/havenbag/meeting/HavenBagPermissionsUpdateRequestMessage.as:12	1	permissions:uint	NetworkMessage	permissions:writeInt	client-as3	242
HelloConnectMessage	3	sources/client242-as3/scripts/com/ankamagames/dofus/network/messages/connection/HelloConnectMessage.as:12	2	salt:String;key:Vector.<int>	NetworkMessage	salt:writeUTF;key#len:writeVarInt;key[]:writeByte	client-as3	242
HelloGameMessage	101	sources/client242-as3/scripts/com/ankamagames/dofus/network/messages/game/approach/HelloGameMessage.as:12	0		NetworkMessage		client-as3	242
HouseBuyRequestMessage	5738	sources/client242-as3/scripts/com/ankamagames/dofus/network/messages/game/context/roleplay/houses/HouseBuyRequestMessage.as:12	1	proposedPrice:Number	NetworkMessage	proposedPrice:writeVarLong	client-as3	242
HouseBuyResultMessage	5735	sources/client242-as3/scripts/com/ankamagames/dofus/network/messages/game/context/roleplay/houses/HouseBuyResultMessage.as:13	5	houseId:uint;instanceId:uint;secondHand:Boolean;bought:Boolean;realPrice:Number	NetworkMessage	secondHand:bit0;bought:bit1;#local:writeByte;houseId:writeVarInt;instanceId:writeInt;realPrice:writeVarLong	client-as3	242
HouseGuildNoneMessage	5701	sources/client242-as3/scripts/com/ankamagames/dofus/network/messages/game/context/roleplay/houses/guild/HouseGuildNoneMessage.as:12	3	houseId:uint;instanceId:uint;secondHand:Boolean	NetworkMessage	houseId:writeVarInt;instanceId:writeInt;secondHand:writeBoolean	client-as3	242
HouseGuildRightsMessage	5703	sources/client242-as3/scripts/com/ankamagames/dofus/network/messages/game/context/roleplay/houses/guild/HouseGuildRightsMessage.as:13	5	houseId:uint;instanceId:uint;secondHand:Boolean;guildInfo:GuildInformations;rights:uint	NetworkMessage	houseId:writeVarInt;instanceId:writeInt;secondHand:writeBoolean;guildInfo:asGuildInformations;rights:writeVarInt	client-as3	242
HouseGuildRightsViewMessage	5700	sources/client242-as3/scripts/com/ankamagames/dofus/network/messages/game/context/roleplay/houses/guild/HouseGuildRightsViewMessage.as:12	2	houseId:uint;instanceId:uint	NetworkMessage	houseId:writeVarInt;instanceId:writeInt	client-as3	242
HouseGuildShareRequestMessage	5704	sources/client242-as3/scripts/com/ankamagames/dofus/network/messages/game/context/roleplay/houses/guild/HouseGuildShareRequestMessage.as:12	4	houseId:uint;instanceId:uint;enable:Boolean;rights:uint	NetworkMessage	houseId:writeVarInt;instanceId:writeInt;enable:writeBoolean;rights:writeVarInt	client-as3	242
HouseKickIndoorMerchantRequestMessage	5661	sources/client242-as3/scripts/com/ankamagames/dofus/network/messages/game/context/roleplay/houses/HouseKickIndoorMerchantRequestMessage.as:12	1	cellId:uint	NetworkMessage	cellId:writeVarShort	client-as3	242
HouseKickRequestMessage	5698	sources/client242-as3/scripts/com/ankamagames/dofus/network/messages/game/context/roleplay/houses/HouseKickRequestMessage.as:12	1	id:Number	NetworkMessage	id:writeVarLong	client-as3	242
HouseLockFromInsideRequestMessage	5885	sources/client242-as3/scripts/com/ankamagames/dofus/network/messages/game/context/roleplay/houses/HouseLockFromInsideRequestMessage.as:12	0		LockableChangeCodeMessage	super:LockableChangeCodeMessage	client-as3	242
HousePropertiesMessage	5734	sources/client242-as3/scripts/com/ankamagames/dofus/network/messages/game/context/roleplay/houses/HousePropertiesMessage.as:14	3	houseId:uint;doorsOnMap:Vector.<uint>;properties:HouseInstanceInformations	NetworkMessage	houseId:writeVarInt;doorsOnMap#len:writeShort;doorsOnMap[]:writeInt;#typeId:writeShort;properties:serialize	client-as3	242
HouseSellFromInsideRequestMessage	5884	sources/client242-as3/scripts/com/ankamagames/dofus/network/messages/game/context/roleplay/houses/HouseSellFromInsideRequestMessage.as:11	0		HouseSellRequestMessage	super:HouseSellRequestMessage	client-as3	242
HouseSellRequestMessage	5697	sources/client242-as3/scripts/com/ankamagames/dofus/network/messages/game/context/roleplay/houses/HouseSellRequestMessage.as:12	3	instanceId:uint;amount:Number;forSale:Boolean	NetworkMessage	instanceId:writeInt;amount:writeVarLong;forSale:writeBoolean	client-as3	242
HouseSellingUpdateMessage	6727	sources/client242-as3/scripts/com/ankamagames/dofus/network/messages/game/context/roleplay/houses/HouseSellingUpdateMessage.as:12	5	houseId:uint;instanceId:uint;secondHand:Boolean;realPrice:Number;buyerName:String	NetworkMessage	houseId:writeVarInt;instanceId:writeInt;secondHand:writeBoolean;realPrice:writeVarLong;buyerName:writeUTF	client-as3	242
HouseTeleportRequestMessage	6726	sources/client242-as3/scripts/com/ankamagames/dofus/network/messages/game/house/HouseTeleportRequestMessage.as:12	2	houseId:uint;houseInstanceId:int	NetworkMessage	houseId:writeVarInt;houseInstanceId:writeInt	client-as3	242
HouseToSellFilterMessage	6137	sources/client242-as3/scripts/com/ankamagames/dofus/network/messages/game/context/roleplay/houses/HouseToSellFilterMessage.as:12	5	areaId:int;atLeastNbRoom:uint;atLeastNbChest:uint;skillRequested:uint;maxPrice:Number	NetworkMessage	areaId:writeInt;atLeastNbRoom:writeByte;atLeastNbChest:writeByte;skillRequested:writeVarShort;maxPrice:writeVarLong	client-as3	242
HouseToSellListMessage	6140	sources/client242-as3/scripts/com/ankamagames/dofus/network/messages/game/context/roleplay/houses/HouseToSellListMessage.as:13	3	pageIndex:uint;totalPage:uint;houseList:Vector.<HouseInformationsForSell>	NetworkMessage	pageIndex:writeVarShort;totalPage:writeVarShort;houseList#len:writeShort;houseList[]:asHouseInformationsForSell	client-as3	242
HouseToSellListRequestMessage	6139	sources/client242-as3/scripts/com/ankamagames/dofus/network/messages/game/context/roleplay/houses/HouseToSellListRequestMessage.as:12	1	pageIndex:uint	NetworkMessage	pageIndex:writeVarShort	client-as3	242
IdentificationAccountForceMessage	6119	sources/client242-as3/scripts/com/ankamagames/dofus/network/messages/connection/IdentificationAccountForceMessage.as:12	1	forcedAccountLogin:String	IdentificationMessage	super:IdentificationMessage;forcedAccountLogin:writeUTF	client-as3	242
IdentificationFailedBannedMessage	6174	sources/client242-as3/scripts/com/ankamagames/dofus/network/messages/connection/IdentificationFailedBannedMessage.as:11	1	banEndDate:Number	IdentificationFailedMessage	super:IdentificationFailedMessage;banEndDate:writeDouble	client-as3	242
IdentificationFailedForBadVersionMessage	21	sources/client242-as3/scripts/com/ankamagames/dofus/network/messages/connection/IdentificationFailedForBadVersionMessage.as:12	1	requiredVersion:Version	IdentificationFailedMessage	super:IdentificationFailedMessage;requiredVersion:asVersion	client-as3	242
IdentificationFailedMessage	20	sources/client242-as3/scripts/com/ankamagames/dofus/network/messages/connection/IdentificationFailedMessage.as:12	1	reason:uint	NetworkMessage	reason:writeByte	client-as3	242
IdentificationMessage	4	sources/client242-as3/scripts/com/ankamagames/dofus/network/messages/connection/IdentificationMessage.as:14	9	version:VersionExtended;lang:String;credentials:Vector.<int>;serverId:int;autoconnect:Boolean;useCertificate:Boolean;useLoginToken:Boolean;sessionOptionalSalt:Number;failedAttempts:Vector.<uint>	NetworkMessage	autoconnect:bit0;useCertificate:bit1;useLoginToken:bit2;#local:writeByte;version:asVersionExtended;lang:writeUTF;credentials#len:writeVarInt;credentials[]:writeByte;serverId:writeShort;sessionOptionalSalt:writeVarLong;failedAttempts#len:writeShort;failedAttempts[]:writeVarShort	client-as3	242
IdentificationSuccessMessage	22	sources/client242-as3/scripts/com/ankamagames/dofus/network/messages/connection/IdentificationSuccessMessage.as:13	11	login:String;nickname:String;accountId:uint;communityId:uint;hasRights:Boolean;secretQuestion:String;accountCreation:Number;subscriptionElapsedDuration:Number;subscriptionEndDate:Number;wasAlreadyConnected:Boolean;havenbagAvailableRoom:uint	NetworkMessage	hasRights:bit0;wasAlreadyConnected:bit1;#local:writeByte;login:writeUTF;nickname:writeUTF;accountId:writeInt;communityId:writeByte;secretQuestion:writeUTF;accountCreation:writeDouble;subscriptionElapsedDuration:writeDouble;subscriptionEndDate:writeDouble;havenbagAvailableRoom:writeByte	client-as3	242
IdolFightPreparationUpdateMessage	6586	sources/client242-as3/scripts/com/ankamagames/dofus/network/messages/game/idol/IdolFightPreparationUpdateMessage.as:14	2	idolSource:uint;idols:Vector.<Idol>	NetworkMessage	idolSource:writeByte;idols#len:writeShort;idols[]#typeId:writeShort;idols[]:serialize	client-as3	242
IdolListMessage	6585	sources/client242-as3/scripts/com/ankamagames/dofus/network/messages/game/idol/IdolListMessage.as:14	3	chosenIdols:Vector.<uint>;partyChosenIdols:Vector.<uint>;partyIdols:Vector.<PartyIdol>	NetworkMessage	chosenIdols#len:writeShort;chosenIdols[]:writeVarShort;partyChosenIdols#len:writeShort;partyChosenIdols[]:writeVarShort;partyIdols#len:writeShort;partyIdols[]#typeId:writeShort;partyIdols[]:serialize	client-as3	242
IdolPartyLostMessage	6580	sources/client242-as3/scripts/com/ankamagames/dofus/network/messages/game/idol/IdolPartyLostMessage.as:12	1	idolId:uint	NetworkMessage	idolId:writeVarShort	client-as3	242
IdolPartyRefreshMessage	6583	sources/client242-as3/scripts/com/ankamagames/dofus/network/messages/game/idol/IdolPartyRefreshMessage.as:13	1	partyIdol:PartyIdol	NetworkMessage	partyIdol:asPartyIdol	client-as3	242
IdolPartyRegisterRequestMessage	6582	sources/client242-as3/scripts/com/ankamagames/dofus/network/messages/game/idol/IdolPartyRegisterRequestMessage.as:12	1	register:Boolean	NetworkMessage	register:writeBoolean	client-as3	242
IdolSelectErrorMessage	6584	sources/client242-as3/scripts/com/ankamagames/dofus/network/messages/game/idol/IdolSelectErrorMessage.as:13	4	reason:uint;idolId:uint;activate:Boolean;party:Boolean	NetworkMessage	activate:bit0;party:bit1;#local:writeByte;reason:writeByte;idolId:writeVarShort	client-as3	242
IdolSelectRequestMessage	6587	sources/client242-as3/scripts/com/ankamagames/dofus/network/messages/game/idol/IdolSelectRequestMessage.as:13	3	idolId:uint;activate:Boolean;party:Boolean	NetworkMessage	activate:bit0;party:bit1;#local:writeByte;idolId:writeVarShort	client-as3	242
IdolSelectedMessage	6581	sources/client242-as3/scripts/com/ankamagames/dofus/network/messages/game/idol/IdolSelectedMessage.as:13	3	idolId:uint;activate:Boolean;party:Boolean	NetworkMessage	activate:bit0;party:bit1;#local:writeByte;idolId:writeVarShort	client-as3	242
IdolsPresetDeleteMessage	6602	sources/client242-as3/scripts/com/ankamagames/dofus/network/messages/game/inventory/preset/IdolsPresetDeleteMessage.as:12	0		AbstractPresetDeleteMessage	super:AbstractPresetDeleteMessage	client-as3	242
IdolsPresetDeleteResultMessage	6605	sources/client242-as3/scripts/com/ankamagames/dofus/network/messages/game/inventory/preset/IdolsPresetDeleteResultMessage.as:12	2	presetId:uint;code:uint	NetworkMessage	presetId:writeByte;code:writeByte	client-as3	242
IdolsPresetSaveMessage	6603	sources/client242-as3/scripts/com/ankamagames/dofus/network/messages/game/inventory/preset/IdolsPresetSaveMessage.as:12	0		AbstractPresetSaveMessage	super:AbstractPresetSaveMessage	client-as3	242
IdolsPresetSaveResultMessage	6604	sources/client242-as3/scripts/com/ankamagames/dofus/network/messages/game/inventory/preset/IdolsPresetSaveResultMessage.as:12	0		AbstractPresetSaveResultMessage	super:AbstractPresetSaveResultMessage	client-as3	242
IdolsPresetUpdateMessage	6606	sources/client242-as3/scripts/com/ankamagames/dofus/network/messages/game/inventory/preset/IdolsPresetUpdateMessage.as:13	1	idolsPreset:IdolsPreset	NetworkMessage	idolsPreset:asIdolsPreset	client-as3	242
IdolsPresetUseMessage	6615	sources/client242-as3/scripts/com/ankamagames/dofus/network/messages/game/inventory/preset/IdolsPresetUseMessage.as:12	2	presetId:uint;party:Boolean	NetworkMessage	presetId:writeByte;party:writeBoolean	client-as3	242
IdolsPresetUseResultMessage	6614	sources/client242-as3/scripts/com/ankamagames/dofus/network/messages/game/inventory/preset/IdolsPresetUseResultMessage.as:12	3	presetId:uint;code:uint;missingIdols:Vector.<uint>	NetworkMessage	presetId:writeByte;code:writeByte;missingIdols#len:writeShort;missingIdols[]:writeVarShort	client-as3	242
IgnoredAddFailureMessage	5679	sources/client242-as3/scripts/com/ankamagames/dofus/network/messages/game/friend/IgnoredAddFailureMessage.as:12	1	reason:uint	NetworkMessage	reason:writeByte	client-as3	242
IgnoredAddRequestMessage	5673	sources/client242-as3/scripts/com/ankamagames/dofus/network/messages/game/friend/IgnoredAddRequestMessage.as:12	2	name:String;session:Boolean	NetworkMessage	name:writeUTF;session:writeBoolean	client-as3	242
IgnoredAddedMessage	5678	sources/client242-as3/scripts/com/ankamagames/dofus/network/messages/game/friend/IgnoredAddedMessage.as:14	2	ignoreAdded:IgnoredInformations;session:Boolean	NetworkMessage	#typeId:writeShort;ignoreAdded:serialize;session:writeBoolean	client-as3	242
IgnoredDeleteRequestMessage	5680	sources/client242-as3/scripts/com/ankamagames/dofus/network/messages/game/friend/IgnoredDeleteRequestMessage.as:12	2	accountId:uint;session:Boolean	NetworkMessage	accountId:writeInt;session:writeBoolean	client-as3	242
IgnoredDeleteResultMessage	5677	sources/client242-as3/scripts/com/ankamagames/dofus/network/messages/game/friend/IgnoredDeleteResultMessage.as:13	3	success:Boolean;name:String;session:Boolean	NetworkMessage	success:bit0;session:bit1;#local:writeByte;name:writeUTF	client-as3	242
IgnoredGetListMessage	5676	sources/client242-as3/scripts/com/ankamagames/dofus/network/messages/game/friend/IgnoredGetListMessage.as:12	0		NetworkMessage		client-as3	242
IgnoredListMessage	5674	sources/client242-as3/scripts/com/ankamagames/dofus/network/messages/game/friend/IgnoredListMessage.as:14	1	ignoredList:Vector.<IgnoredInformations>	NetworkMessage	ignoredList#len:writeShort;ignoredList[]#typeId:writeShort;ignoredList[]:serialize	client-as3	242
InteractiveElementUpdatedMessage	5708	sources/client242-as3/scripts/com/ankamagames/dofus/network/messages/game/interactive/InteractiveElementUpdatedMessage.as:13	1	interactiveElement:InteractiveElement	NetworkMessage	interactiveElement:asInteractiveElement	client-as3	242
InteractiveMapUpdateMessage	5002	sources/client242-as3/scripts/com/ankamagames/dofus/network/messages/game/interactive/InteractiveMapUpdateMessage.as:14	1	interactiveElements:Vector.<InteractiveElement>	NetworkMessage	interactiveElements#len:writeShort;interactiveElements[]#typeId:writeShort;interactiveElements[]:serialize	client-as3	242
InteractiveUseEndedMessage	6112	sources/client242-as3/scripts/com/ankamagames/dofus/network/messages/game/interactive/InteractiveUseEndedMessage.as:12	2	elemId:uint;skillId:uint	NetworkMessage	elemId:writeVarInt;skillId:writeVarShort	client-as3	242
InteractiveUseErrorMessage	6384	sources/client242-as3/scripts/com/ankamagames/dofus/network/messages/game/interactive/InteractiveUseErrorMessage.as:12	2	elemId:uint;skillInstanceUid:uint	NetworkMessage	elemId:writeVarInt;skillInstanceUid:writeVarInt	client-as3	242
InteractiveUseRequestMessage	5001	sources/client242-as3/scripts/com/ankamagames/dofus/network/messages/game/interactive/InteractiveUseRequestMessage.as:12	2	elemId:uint;skillInstanceUid:uint	NetworkMessage	elemId:writeVarInt;skillInstanceUid:writeVarInt	client-as3	242
InteractiveUseWithParamRequestMessage	6715	sources/client242-as3/scripts/com/ankamagames/dofus/network/messages/game/interactive/skill/InteractiveUseWithParamRequestMessage.as:12	1	id:int	InteractiveUseRequestMessage	super:InteractiveUseRequestMessage;id:writeInt	client-as3	242
InteractiveUsedMessage	5745	sources/client242-as3/scripts/com/ankamagames/dofus/network/messages/game/interactive/InteractiveUsedMessage.as:12	5	entityId:Number;elemId:uint;skillId:uint;duration:uint;canMove:Boolean	NetworkMessage	entityId:writeVarLong;elemId:writeVarInt;skillId:writeVarShort;duration:writeVarShort;canMove:writeBoolean	client-as3	242
InventoryContentAndPresetMessage	6162	sources/client242-as3/scripts/com/ankamagames/dofus/network/messages/game/inventory/items/InventoryContentAndPresetMessage.as:14	2	presets:Vector.<Preset>;idolsPresets:Vector.<IdolsPreset>	InventoryContentMessage	super:InventoryContentMessage;presets#len:writeShort;presets[]:asPreset;idolsPresets#len:writeShort;idolsPresets[]:asIdolsPreset	client-as3	242
InventoryContentMessage	3016	sources/client242-as3/scripts/com/ankamagames/dofus/network/messages/game/inventory/items/InventoryContentMessage.as:13	2	objects:Vector.<ObjectItem>;kamas:Number	NetworkMessage	objects#len:writeShort;objects[]:asObjectItem;kamas:writeVarLong	client-as3	242
InventoryPresetDeleteMessage	6169	sources/client242-as3/scripts/com/ankamagames/dofus/network/messages/game/inventory/preset/InventoryPresetDeleteMessage.as:12	0		AbstractPresetDeleteMessage	super:AbstractPresetDeleteMessage	client-as3	242
InventoryPresetDeleteResultMessage	6173	sources/client242-as3/scripts/com/ankamagames/dofus/network/messages/game/inventory/preset/InventoryPresetDeleteResultMessage.as:12	2	presetId:uint;code:uint	NetworkMessage	presetId:writeByte;code:writeByte	client-as3	242
InventoryPresetItemUpdateErrorMessage	6211	sources/client242-as3/scripts/com/ankamagames/dofus/network/messages/game/inventory/preset/InventoryPresetItemUpdateErrorMessage.as:12	1	code:uint	NetworkMessage	code:writeByte	client-as3	242
InventoryPresetItemUpdateMessage	6168	sources/client242-as3/scripts/com/ankamagames/dofus/network/messages/game/inventory/preset/InventoryPresetItemUpdateMessage.as:13	2	presetId:uint;presetItem:PresetItem	NetworkMessage	presetId:writeByte;presetItem:asPresetItem	client-as3	242
InventoryPresetItemUpdateRequestMessage	6210	sources/client242-as3/scripts/com/ankamagames/dofus/network/messages/game/inventory/preset/InventoryPresetItemUpdateRequestMessage.as:12	3	presetId:uint;position:uint;objUid:uint	NetworkMessage	presetId:writeByte;position:writeByte;objUid:writeVarInt	client-as3	242
InventoryPresetSaveCustomMessage	6329	sources/client242-as3/scripts/com/ankamagames/dofus/network/messages/game/inventory/preset/InventoryPresetSaveCustomMessage.as:12	2	itemsPositions:Vector.<uint>;itemsUids:Vector.<uint>	AbstractPresetSaveMessage	super:AbstractPresetSaveMessage;itemsPositions#len:writeShort;itemsPositions[]:writeByte;itemsUids#len:writeShort;itemsUids[]:writeVarInt	client-as3	242
InventoryPresetSaveMessage	6165	sources/client242-as3/scripts/com/ankamagames/dofus/network/messages/game/inventory/preset/InventoryPresetSaveMessage.as:12	1	saveEquipment:Boolean	AbstractPresetSaveMessage	super:AbstractPresetSaveMessage;saveEquipment:writeBoolean	client-as3	242
InventoryPresetSaveResultMessage	6170	sources/client242-as3/scripts/com/ankamagames/dofus/network/messages/game/inventory/preset/InventoryPresetSaveResultMessage.as:12	0		AbstractPresetSaveResultMessage	super:AbstractPresetSaveResultMessage	client-as3	242
InventoryPresetUpdateMessage	6171	sources/client242-as3/scripts/com/ankamagames/dofus/network/messages/game/inventory/preset/InventoryPresetUpdateMessage.as:13	1	preset:Preset	NetworkMessage	preset:asPreset	client-as3	242
InventoryPresetUseMessage	6167	sources/client242-as3/scripts/com/ankamagames/dofus/network/messages/game/inventory/preset/InventoryPresetUseMessage.as:12	1	presetId:uint	NetworkMessage	presetId:writeByte	client-as3	242
InventoryPresetUseResultMessage	6163	sources/client242-as3/scripts/com/ankamagames/dofus/network/messages/game/inventory/preset/InventoryPresetUseResultMessage.as:12	3	presetId:uint;code:uint;unlinkedPosition:Vector.<uint>	NetworkMessage	presetId:writeByte;code:writeByte;unlinkedPosition#len:writeShort;unlinkedPosition[]:writeByte	client-as3	242
InventoryWeightMessage	3009	sources/client242-as3/scripts/com/ankamagames/dofus/network/messages/game/inventory/items/InventoryWeightMessage.as:12	2	weight:uint;weightMax:uint	NetworkMessage	weight:writeVarInt;weightMax:writeVarInt	client-as3	242
InviteInHavenBagClosedMessage	6645	sources/client242-as3/scripts/com/ankamagames/dofus/network/messages/game/context/roleplay/havenbag/meeting/InviteInHavenBagClosedMessage.as:13	1	hostInformations:CharacterMinimalInformations	NetworkMessage	hostInformations:asCharacterMinimalInformations	client-as3	242
InviteInHavenBagMessage	6642	sources/client242-as3/scripts/com/ankamagames/dofus/network/messages/game/context/roleplay/havenbag/meeting/InviteInHavenBagMessage.as:13	2	guestInformations:CharacterMinimalInformations;accept:Boolean	NetworkMessage	guestInformations:asCharacterMinimalInformations;accept:writeBoolean	client-as3	242
InviteInHavenBagOfferMessage	6643	sources/client242-as3/scripts/com/ankamagames/dofus/network/messages/game/context/roleplay/havenbag/meeting/InviteInHavenBagOfferMessage.as:13	2	hostInformations:CharacterMinimalInformations;timeLeftBeforeCancel:int	NetworkMessage	hostInformations:asCharacterMinimalInformations;timeLeftBeforeCancel:writeVarInt	client-as3	242
ItemNoMoreAvailableMessage	5769	sources/client242-as3/scripts/com/ankamagames/dofus/network/messages/game/inventory/exchanges/ItemNoMoreAvailableMessage.as:12	0		NetworkMessage		client-as3	242
JobAllowMultiCraftRequestMessage	5748	sources/client242-as3/scripts/com/ankamagames/dofus/network/messages/game/context/roleplay/job/JobAllowMultiCraftRequestMessage.as:12	1	enabled:Boolean	NetworkMessage	enabled:writeBoolean	client-as3	242
JobBookSubscribeRequestMessage	6592	sources/client242-as3/scripts/com/ankamagames/dofus/network/messages/game/inventory/exchanges/JobBookSubscribeRequestMessage.as:12	1	jobIds:Vector.<uint>	NetworkMessage	jobIds#len:writeShort;jobIds[]:writeByte	client-as3	242
JobBookSubscriptionMessage	6593	sources/client242-as3/scripts/com/ankamagames/dofus/network/messages/game/context/roleplay/job/JobBookSubscriptionMessage.as:13	1	subscriptions:Vector.<JobBookSubscription>	NetworkMessage	subscriptions#len:writeShort;subscriptions[]:asJobBookSubscription	client-as3	242
JobCrafterDirectoryAddMessage	5651	sources/client242-as3/scripts/com/ankamagames/dofus/network/messages/game/context/roleplay/job/JobCrafterDirectoryAddMessage.as:13	1	listEntry:JobCrafterDirectoryListEntry	NetworkMessage	listEntry:asJobCrafterDirectoryListEntry	client-as3	242
JobCrafterDirectoryDefineSettingsMessage	5649	sources/client242-as3/scripts/com/ankamagames/dofus/network/messages/game/context/roleplay/job/JobCrafterDirectoryDefineSettingsMessage.as:13	1	settings:JobCrafterDirectorySettings	NetworkMessage	settings:asJobCrafterDirectorySettings	client-as3	242
JobCrafterDirectoryEntryMessage	6044	sources/client242-as3/scripts/com/ankamagames/dofus/network/messages/game/context/roleplay/job/JobCrafterDirectoryEntryMessage.as:15	3	playerInfo:JobCrafterDirectoryEntryPlayerInfo;jobInfoList:Vector.<JobCrafterDirectoryEntryJobInfo>;playerLook:EntityLook	NetworkMessage	playerInfo:asJobCrafterDirectoryEntryPlayerInfo;jobInfoList#len:writeShort;jobInfoList[]:asJobCrafterDirectoryEntryJobInfo;playerLook:asEntityLook	client-as3	242
JobCrafterDirectoryEntryRequestMessage	6043	sources/client242-as3/scripts/com/ankamagames/dofus/network/messages/game/context/roleplay/job/JobCrafterDirectoryEntryRequestMessage.as:12	1	playerId:Number	NetworkMessage	playerId:writeVarLong	client-as3	242
JobCrafterDirectoryListMessage	6046	sources/client242-as3/scripts/com/ankamagames/dofus/network/messages/game/context/roleplay/job/JobCrafterDirectoryListMessage.as:13	1	listEntries:Vector.<JobCrafterDirectoryListEntry>	NetworkMessage	listEntries#len:writeShort;listEntries[]:asJobCrafterDirectoryListEntry	client-as3	242
JobCrafterDirectoryListRequestMessage	6047	sources/client242-as3/scripts/com/ankamagames/dofus/network/messages/game/context/roleplay/job/JobCrafterDirectoryListRequestMessage.as:12	1	jobId:uint	NetworkMessage	jobId:writeByte	client-as3	242
JobCrafterDirectoryRemoveMessage	5653	sources/client242-as3/scripts/com/ankamagames/dofus/network/messages/game/context/roleplay/job/JobCrafterDirectoryRemoveMessage.as:12	2	jobId:uint;playerId:Number	NetworkMessage	jobId:writeByte;playerId:writeVarLong	client-as3	242
JobCrafterDirectorySettingsMessage	5652	sources/client242-as3/scripts/com/ankamagames/dofus/network/messages/game/context/roleplay/job/JobCrafterDirectorySettingsMessage.as:13	1	craftersSettings:Vector.<JobCrafterDirectorySettings>	NetworkMessage	craftersSettings#len:writeShort;craftersSettings[]:asJobCrafterDirectorySettings	client-as3	242
JobDescriptionMessage	5655	sources/client242-as3/scripts/com/ankamagames/dofus/network/messages/game/context/roleplay/job/JobDescriptionMessage.as:13	1	jobsDescription:Vector.<JobDescription>	NetworkMessage	jobsDescription#len:writeShort;jobsDescription[]:asJobDescription	client-as3	242
JobExperienceMultiUpdateMessage	5809	sources/client242-as3/scripts/com/ankamagames/dofus/network/messages/game/context/roleplay/job/JobExperienceMultiUpdateMessage.as:13	1	experiencesUpdate:Vector.<JobExperience>	NetworkMessage	experiencesUpdate#len:writeShort;experiencesUpdate[]:asJobExperience	client-as3	242
JobExperienceOtherPlayerUpdateMessage	6599	sources/client242-as3/scripts/com/ankamagames/dofus/network/messages/game/context/roleplay/job/JobExperienceOtherPlayerUpdateMessage.as:12	1	playerId:Number	JobExperienceUpdateMessage	super:JobExperienceUpdateMessage;playerId:writeVarLong	client-as3	242
JobExperienceUpdateMessage	5654	sources/client242-as3/scripts/com/ankamagames/dofus/network/messages/game/context/roleplay/job/JobExperienceUpdateMessage.as:13	1	experiencesUpdate:JobExperience	NetworkMessage	experiencesUpdate:asJobExperience	client-as3	242
JobLevelUpMessage	5656	sources/client242-as3/scripts/com/ankamagames/dofus/network/messages/game/context/roleplay/job/JobLevelUpMessage.as:13	2	newLevel:uint;jobsDescription:JobDescription	NetworkMessage	newLevel:writeByte;jobsDescription:asJobDescription	client-as3	242
JobMultiCraftAvailableSkillsMessage	5747	sources/client242-as3/scripts/com/ankamagames/dofus/network/messages/game/context/roleplay/job/JobMultiCraftAvailableSkillsMessage.as:11	2	playerId:Number;skills:Vector.<uint>	JobAllowMultiCraftRequestMessage	super:JobAllowMultiCraftRequestMessage;playerId:writeVarLong;skills#len:writeShort;skills[]:writeVarShort	client-as3	242
KamasUpdateMessage	5537	sources/client242-as3/scripts/com/ankamagames/dofus/network/messages/game/inventory/KamasUpdateMessage.as:12	1	kamasTotal:Number	NetworkMessage	kamasTotal:writeVarLong	client-as3	242
KickHavenBagRequestMessage	6652	sources/client242-as3/scripts/com/ankamagames/dofus/network/messages/game/context/roleplay/havenbag/KickHavenBagRequestMessage.as:12	1	guestId:Number	NetworkMessage	guestId:writeVarLong	client-as3	242
KohUpdateMessage	6439	sources/client242-as3/scripts/com/ankamagames/dofus/network/messages/game/alliance/KohUpdateMessage.as:14	8	alliances:Vector.<AllianceInformations>;allianceNbMembers:Vector.<uint>;allianceRoundWeigth:Vector.<uint>;allianceMatchScore:Vector.<uint>;allianceMapWinner:BasicAllianceInformations;allianceMapWinnerScore:uint;allianceMapMyAllianceScore:uint;nextTickTime:Number	NetworkMessage	alliances#len:writeShort;alliances[]:asAllianceInformations;allianceNbMembers#len:writeShort;allianceNbMembers[]:writeVarShort;allianceRoundWeigth#len:writeShort;allianceRoundWeigth[]:writeVarInt;allianceMatchScore#len:writeShort;allianceMatchScore[]:writeByte;allianceMapWinner:asBasicAllianceInformations;allianceMapWinnerScore:writeVarInt;allianceMapMyAllianceScore:writeVarInt;nextTickTime:writeDouble	client-as3	242
KrosmasterInventoryErrorMessage	6343	sources/client242-as3/scripts/com/ankamagames/dofus/network/messages/web/krosmaster/KrosmasterInventoryErrorMessage.as:12	1	reason:uint	NetworkMessage	reason:writeByte	client-as3	242
KrosmasterInventoryMessage	6350	sources/client242-as3/scripts/com/ankamagames/dofus/network/messages/web/krosmaster/KrosmasterInventoryMessage.as:13	1	figures:Vector.<KrosmasterFigure>	NetworkMessage	figures#len:writeShort;figures[]:asKrosmasterFigure	client-as3	242
KrosmasterInventoryRequestMessage	6344	sources/client242-as3/scripts/com/ankamagames/dofus/network/messages/web/krosmaster/KrosmasterInventoryRequestMessage.as:12	0		NetworkMessage		client-as3	242
KrosmasterPlayingStatusMessage	6347	sources/client242-as3/scripts/com/ankamagames/dofus/network/messages/web/krosmaster/KrosmasterPlayingStatusMessage.as:12	1	playing:Boolean	NetworkMessage	playing:writeBoolean	client-as3	242
KrosmasterTransferMessage	6348	sources/client242-as3/scripts/com/ankamagames/dofus/network/messages/web/krosmaster/KrosmasterTransferMessage.as:12	2	uid:String;failure:uint	NetworkMessage	uid:writeUTF;failure:writeByte	client-as3	242
KrosmasterTransferRequestMessage	6349	sources/client242-as3/scripts/com/ankamagames/dofus/network/messages/web/krosmaster/KrosmasterTransferRequestMessage.as:12	1	uid:String	NetworkMessage	uid:writeUTF	client-as3	242
LeaveDialogMessage	5502	sources/client242-as3/scripts/com/ankamagames/dofus/network/messages/game/dialog/LeaveDialogMessage.as:12	1	dialogType:uint	NetworkMessage	dialogType:writeByte	client-as3	242
LeaveDialogRequestMessage	5501	sources/client242-as3/scripts/com/ankamagames/dofus/network/messages/game/dialog/LeaveDialogRequestMessage.as:12	0		NetworkMessage		client-as3	242
LifePointsRegenBeginMessage	5684	sources/client242-as3/scripts/com/ankamagames/dofus/network/messages/game/character/stats/LifePointsRegenBeginMessage.as:12	1	regenRate:uint	NetworkMessage	regenRate:writeByte	client-as3	242
LifePointsRegenEndMessage	5686	sources/client242-as3/scripts/com/ankamagames/dofus/network/messages/game/character/stats/LifePointsRegenEndMessage.as:11	1	lifePointsGained:uint	UpdateLifePointsMessage	super:UpdateLifePointsMessage;lifePointsGained:writeVarInt	client-as3	242
LivingObjectChangeSkinRequestMessage	5725	sources/client242-as3/scripts/com/ankamagames/dofus/network/messages/game/inventory/items/LivingObjectChangeSkinRequestMessage.as:12	3	livingUID:uint;livingPosition:uint;skinId:uint	NetworkMessage	livingUID:writeVarInt;livingPosition:writeByte;skinId:writeVarInt	client-as3	242
LivingObjectDissociateMessage	5723	sources/client242-as3/scripts/com/ankamagames/dofus/network/messages/game/inventory/items/LivingObjectDissociateMessage.as:12	2	livingUID:uint;livingPosition:uint	NetworkMessage	livingUID:writeVarInt;livingPosition:writeByte	client-as3	242
LivingObjectMessageMessage	6065	sources/client242-as3/scripts/com/ankamagames/dofus/network/messages/game/inventory/items/LivingObjectMessageMessage.as:12	4	msgId:uint;timeStamp:uint;owner:String;objectGenericId:uint	NetworkMessage	msgId:writeVarShort;timeStamp:writeInt;owner:writeUTF;objectGenericId:writeVarShort	client-as3	242
LivingObjectMessageRequestMessage	6066	sources/client242-as3/scripts/com/ankamagames/dofus/network/messages/game/inventory/items/LivingObjectMessageRequestMessage.as:12	3	msgId:uint;parameters:Vector.<String>;livingObject:uint	NetworkMessage	msgId:writeVarShort;parameters#len:writeShort;parameters[]:writeUTF;livingObject:writeVarInt	client-as3	242
LocalizedChatSmileyMessage	6185	sources/client242-as3/scripts/com/ankamagames/dofus/network/messages/game/chat/smiley/LocalizedChatSmileyMessage.as:11	1	cellId:uint	ChatSmileyMessage	super:ChatSmileyMessage;cellId:writeVarShort	client-as3	242
LockableChangeCodeMessage	5666	sources/client242-as3/scripts/com/ankamagames/dofus/network/messages/game/context/roleplay/lockable/LockableChangeCodeMessage.as:12	1	code:String	NetworkMessage	code:writeUTF	client-as3	242
LockableCodeResultMessage	5672	sources/client242-as3/scripts/com/ankamagames/dofus/network/messages/game/context/roleplay/lockable/LockableCodeResultMessage.as:12	1	result:uint	NetworkMessage	result:writeByte	client-as3	242
LockableShowCodeDialogMessage	5740	sources/client242-as3/scripts/com/ankamagames/dofus/network/messages/game/context/roleplay/lockable/LockableShowCodeDialogMessage.as:12	2	changeOrUse:Boolean;codeSize:uint	NetworkMessage	changeOrUse:writeBoolean;codeSize:writeByte	client-as3	242
LockableStateUpdateAbstractMessage	5671	sources/client242-as3/scripts/com/ankamagames/dofus/network/messages/game/context/roleplay/lockable/LockableStateUpdateAbstractMessage.as:12	1	locked:Boolean	NetworkMessage	locked:writeBoolean	client-as3	242
LockableStateUpdateHouseDoorMessage	5668	sources/client242-as3/scripts/com/ankamagames/dofus/network/messages/game/context/roleplay/lockable/LockableStateUpdateHouseDoorMessage.as:11	3	houseId:uint;instanceId:uint;secondHand:Boolean	LockableStateUpdateAbstractMessage	super:LockableStateUpdateAbstractMessage;houseId:writeVarInt;instanceId:writeInt;secondHand:writeBoolean	client-as3	242
LockableStateUpdateStorageMessage	5669	sources/client242-as3/scripts/com/ankamagames/dofus/network/messages/game/context/roleplay/lockable/LockableStateUpdateStorageMessage.as:11	2	mapId:int;elementId:uint	LockableStateUpdateAbstractMessage	super:LockableStateUpdateAbstractMessage;mapId:writeInt;elementId:writeVarInt	client-as3	242
LockableUseCodeMessage	5667	sources/client242-as3/scripts/com/ankamagames/dofus/network/messages/game/context/roleplay/lockable/LockableUseCodeMessage.as:12	1	code:String	NetworkMessage	code:writeUTF	client-as3	242
LoginQueueStatusMessage	10	sources/client242-as3/scripts/com/ankamagames/dofus/network/messages/queues/LoginQueueStatusMessage.as:12	2	position:uint;total:uint	NetworkMessage	position:writeShort;total:writeShort	client-as3	242
MailStatusMessage	6275	sources/client242-as3/scripts/com/ankamagames/dofus/network/messages/web/ankabox/MailStatusMessage.as:12	2	unread:uint;total:uint	NetworkMessage	unread:writeVarShort;total:writeVarShort	client-as3	242
MapComplementaryInformationsDataInHavenBagMessage	6622	sources/client242-as3/scripts/com/ankamagames/dofus/network/messages/game/context/roleplay/MapComplementaryInformationsDataInHavenBagMessage.as:19	4	ownerInformations:CharacterMinimalInformations;theme:int;roomId:uint;maxRoomId:uint	MapComplementaryInformationsDataMessage	super:MapComplementaryInformationsDataMessage;ownerInformations:asCharacterMinimalInformations;theme:writeByte;roomId:writeByte;maxRoomId:writeByte	client-as3	242
MapComplementaryInformationsDataInHouseMessage	6130	sources/client242-as3/scripts/com/ankamagames/dofus/network/messages/game/context/roleplay/MapComplementaryInformationsDataInHouseMessage.as:19	1	currentHouse:HouseInformationsInside	MapComplementaryInformationsDataMessage	super:MapComplementaryInformationsDataMessage;currentHouse:asHouseInformationsInside	client-as3	242
MapComplementaryInformationsDataMessage	226	sources/client242-as3/scripts/com/ankamagames/dofus/network/messages/game/context/roleplay/MapComplementaryInformationsDataMessage.as:20	10	subAreaId:uint;mapId:uint;houses:Vector.<HouseInformations>;actors:Vector.<GameRolePlayActorInformations>;interactiveElements:Vector.<InteractiveElement>;statedElements:Vector.<StatedElement>;obstacles:Vector.<MapObstacle>;fights:Vector.<FightCommonInformations>;hasAggressiveMonsters:Boolean;fightStartPositions:FightStartingPositions	NetworkMessage	subAreaId:writeVarShort;mapId:writeInt;houses#len:writeShort;houses[]#typeId:writeShort;houses[]:serialize;actors#len:writeShort;actors[]#typeId:writeShort;actors[]:serialize;interactiveElements#len:writeShort;interactiveElements[]#typeId:writeShort;interactiveElements[]:serialize;statedElements#len:writeShort;statedElements[]:asStatedElement;obstacles#len:writeShort;obstacles[]:asMapObstacle;fights#len:writeShort;fights[]:asFightCommonInformations;hasAggressiveMonsters:writeBoolean;fightStartPositions:asFightStartingPositions	client-as3	242
MapComplementaryInformationsWithCoordsMessage	6268	sources/client242-as3/scripts/com/ankamagames/dofus/network/messages/game/context/roleplay/MapComplementaryInformationsWithCoordsMessage.as:18	2	worldX:int;worldY:int	MapComplementaryInformationsDataMessage	super:MapComplementaryInformationsDataMessage;worldX:writeShort;worldY:writeShort	client-as3	242
MapFightCountMessage	210	sources/client242-as3/scripts/com/ankamagames/dofus/network/messages/game/context/roleplay/MapFightCountMessage.as:12	1	fightCount:uint	NetworkMessage	fightCount:writeVarShort	client-as3	242
MapFightStartPositionsUpdateMessage	6716	sources/client242-as3/scripts/com/ankamagames/dofus/network/messages/game/context/roleplay/MapFightStartPositionsUpdateMessage.as:13	2	mapId:uint;fightStartPositions:FightStartingPositions	NetworkMessage	mapId:writeInt;fightStartPositions:asFightStartingPositions	client-as3	242
MapInformationsRequestMessage	225	sources/client242-as3/scripts/com/ankamagames/dofus/network/messages/game/context/roleplay/MapInformationsRequestMessage.as:12	1	mapId:uint	NetworkMessage	mapId:writeInt	client-as3	242
MapNpcsQuestStatusUpdateMessage	5642	sources/client242-as3/scripts/com/ankamagames/dofus/network/messages/game/context/roleplay/npc/MapNpcsQuestStatusUpdateMessage.as:13	4	mapId:int;npcsIdsWithQuest:Vector.<int>;questFlags:Vector.<GameRolePlayNpcQuestFlag>;npcsIdsWithoutQuest:Vector.<int>	NetworkMessage	mapId:writeInt;npcsIdsWithQuest#len:writeShort;npcsIdsWithQuest[]:writeInt;questFlags#len:writeShort;questFlags[]:asGameRolePlayNpcQuestFlag;npcsIdsWithoutQuest#len:writeShort;npcsIdsWithoutQuest[]:writeInt	client-as3	242
MapObstacleUpdateMessage	6051	sources/client242-as3/scripts/com/ankamagames/dofus/network/messages/game/context/roleplay/MapObstacleUpdateMessage.as:13	1	obstacles:Vector.<MapObstacle>	NetworkMessage	obstacles#len:writeShort;obstacles[]:asMapObstacle	client-as3	242
MapRunningFightDetailsExtendedMessage	6500	sources/client242-as3/scripts/com/ankamagames/dofus/network/messages/game/context/roleplay/MapRunningFightDetailsExtendedMessage.as:13	1	namedPartyTeams:Vector.<NamedPartyTeam>	MapRunningFightDetailsMessage	super:MapRunningFightDetailsMessage;namedPartyTeams#len:writeShort;namedPartyTeams[]:asNamedPartyTeam	client-as3	242
MapRunningFightDetailsMessage	5751	sources/client242-as3/scripts/com/ankamagames/dofus/network/messages/game/context/roleplay/MapRunningFightDetailsMessage.as:14	3	fightId:uint;attackers:Vector.<GameFightFighterLightInformations>;defenders:Vector.<GameFightFighterLightInformations>	NetworkMessage	fightId:writeInt;attackers#len:writeShort;attackers[]#typeId:writeShort;attackers[]:serialize;defenders#len:writeShort;defenders[]#typeId:writeShort;defenders[]:serialize	client-as3	242
MapRunningFightDetailsRequestMessage	5750	sources/client242-as3/scripts/com/ankamagames/dofus/network/messages/game/context/roleplay/MapRunningFightDetailsRequestMessage.as:12	1	fightId:uint	NetworkMessage	fightId:writeInt	client-as3	242
MapRunningFightListMessage	5743	sources/client242-as3/scripts/com/ankamagames/dofus/network/messages/game/context/roleplay/MapRunningFightListMessage.as:13	1	fights:Vector.<FightExternalInformations>	NetworkMessage	fights#len:writeShort;fights[]:asFightExternalInformations	client-as3	242
MapRunningFightListRequestMessage	5742	sources/client242-as3/scripts/com/ankamagames/dofus/network/messages/game/context/roleplay/MapRunningFightListRequestMessage.as:12	0		NetworkMessage		client-as3	242
MigratedServerListMessage	6731	sources/client242-as3/scripts/com/ankamagames/dofus/network/messages/connection/MigratedServerListMessage.as:12	1	migratedServerIds:Vector.<uint>	NetworkMessage	migratedServerIds#len:writeShort;migratedServerIds[]:writeVarShort	client-as3	242
MimicryObjectAssociatedMessage	6462	sources/client242-as3/scripts/com/ankamagames/dofus/network/messages/game/inventory/items/MimicryObjectAssociatedMessage.as:11	0		SymbioticObjectAssociatedMessage	super:SymbioticObjectAssociatedMessage	client-as3	242
MimicryObjectEraseRequestMessage	6457	sources/client242-as3/scripts/com/ankamagames/dofus/network/messages/game/inventory/items/MimicryObjectEraseRequestMessage.as:12	2	hostUID:uint;hostPos:uint	NetworkMessage	hostUID:writeVarInt;hostPos:writeByte	client-as3	242
MimicryObjectErrorMessage	6461	sources/client242-as3/scripts/com/ankamagames/dofus/network/messages/game/inventory/items/MimicryObjectErrorMessage.as:11	1	preview:Boolean	SymbioticObjectErrorMessage	super:SymbioticObjectErrorMessage;preview:writeBoolean	client-as3	242
MimicryObjectFeedAndAssociateRequestMessage	6460	sources/client242-as3/scripts/com/ankamagames/dofus/network/messages/game/inventory/items/MimicryObjectFeedAndAssociateRequestMessage.as:11	3	foodUID:uint;foodPos:uint;preview:Boolean	SymbioticObjectAssociateRequestMessage	super:SymbioticObjectAssociateRequestMessage;foodUID:writeVarInt;foodPos:writeByte;preview:writeBoolean	client-as3	242
MimicryObjectPreviewMessage	6458	sources/client242-as3/scripts/com/ankamagames/dofus/network/messages/game/inventory/items/MimicryObjectPreviewMessage.as:13	1	result:ObjectItem	NetworkMessage	result:asObjectItem	client-as3	242
MoodSmileyRequestMessage	6192	sources/client242-as3/scripts/com/ankamagames/dofus/network/messages/game/chat/smiley/MoodSmileyRequestMessage.as:12	1	smileyId:uint	NetworkMessage	smileyId:writeVarShort	client-as3	242
MoodSmileyResultMessage	6196	sources/client242-as3/scripts/com/ankamagames/dofus/network/messages/game/chat/smiley/MoodSmileyResultMessage.as:12	2	resultCode:uint;smileyId:uint	NetworkMessage	resultCode:writeByte;smileyId:writeVarShort	client-as3	242
MoodSmileyUpdateMessage	6388	sources/client242-as3/scripts/com/ankamagames/dofus/network/messages/game/chat/smiley/MoodSmileyUpdateMessage.as:12	3	accountId:uint;playerId:Number;smileyId:uint	NetworkMessage	accountId:writeInt;playerId:writeVarLong;smileyId:writeVarShort	client-as3	242
MountDataErrorMessage	6172	sources/client242-as3/scripts/com/ankamagames/dofus/network/messages/game/context/mount/MountDataErrorMessage.as:12	1	reason:uint	NetworkMessage	reason:writeByte	client-as3	242
MountDataMessage	5973	sources/client242-as3/scripts/com/ankamagames/dofus/network/messages/game/context/mount/MountDataMessage.as:13	1	mountData:MountClientData	NetworkMessage	mountData:asMountClientData	client-as3	242
MountEmoteIconUsedOkMessage	5978	sources/client242-as3/scripts/com/ankamagames/dofus/network/messages/game/context/mount/MountEmoteIconUsedOkMessage.as:12	2	mountId:int;reactionType:uint	NetworkMessage	mountId:writeVarInt;reactionType:writeByte	client-as3	242
MountEquipedErrorMessage	5963	sources/client242-as3/scripts/com/ankamagames/dofus/network/messages/game/context/mount/MountEquipedErrorMessage.as:12	1	errorType:uint	NetworkMessage	errorType:writeByte	client-as3	242
MountFeedRequestMessage	6189	sources/client242-as3/scripts/com/ankamagames/dofus/network/messages/game/context/mount/MountFeedRequestMessage.as:12	4	mountUid:uint;mountLocation:int;mountFoodUid:uint;quantity:uint	NetworkMessage	mountUid:writeVarInt;mountLocation:writeByte;mountFoodUid:writeVarInt;quantity:writeVarInt	client-as3	242
MountHarnessColorsUpdateRequestMessage	6697	sources/client242-as3/scripts/com/ankamagames/dofus/network/messages/game/context/mount/MountHarnessColorsUpdateRequestMessage.as:12	1	useHarnessColors:Boolean	NetworkMessage	useHarnessColors:writeBoolean	client-as3	242
MountHarnessDissociateRequestMessage	6696	sources/client242-as3/scripts/com/ankamagames/dofus/network/messages/game/context/mount/MountHarnessDissociateRequestMessage.as:12	0		NetworkMessage		client-as3	242
MountInformationInPaddockRequestMessage	5975	sources/client242-as3/scripts/com/ankamagames/dofus/network/messages/game/context/mount/MountInformationInPaddockRequestMessage.as:12	1	mapRideId:int	NetworkMessage	mapRideId:writeVarInt	client-as3	242
MountInformationRequestMessage	5972	sources/client242-as3/scripts/com/ankamagames/dofus/network/messages/game/context/mount/MountInformationRequestMessage.as:12	2	id:Number;time:Number	NetworkMessage	id:writeDouble;time:writeDouble	client-as3	242
MountReleaseRequestMessage	5980	sources/client242-as3/scripts/com/ankamagames/dofus/network/messages/game/context/mount/MountReleaseRequestMessage.as:12	0		NetworkMessage		client-as3	242
MountReleasedMessage	6308	sources/client242-as3/scripts/com/ankamagames/dofus/network/messages/game/context/mount/MountReleasedMessage.as:12	1	mountId:int	NetworkMessage	mountId:writeVarInt	client-as3	242
MountRenameRequestMessage	5987	sources/client242-as3/scripts/com/ankamagames/dofus/network/messages/game/context/mount/MountRenameRequestMessage.as:12	2	name:String;mountId:int	NetworkMessage	name:writeUTF;mountId:writeVarInt	client-as3	242
MountRenamedMessage	5983	sources/client242-as3/scripts/com/ankamagames/dofus/network/messages/game/context/mount/MountRenamedMessage.as:12	2	mountId:int;name:String	NetworkMessage	mountId:writeVarInt;name:writeUTF	client-as3	242
MountRidingMessage	5967	sources/client242-as3/scripts/com/ankamagames/dofus/network/messages/game/context/mount/MountRidingMessage.as:12	1	isRiding:Boolean	NetworkMessage	isRiding:writeBoolean	client-as3	242
MountSetMessage	5968	sources/client242-as3/scripts/com/ankamagames/dofus/network/messages/game/context/mount/MountSetMessage.as:13	1	mountData:MountClientData	NetworkMessage	mountData:asMountClientData	client-as3	242
MountSetXpRatioRequestMessage	5989	sources/client242-as3/scripts/com/ankamagames/dofus/network/messages/game/context/mount/MountSetXpRatioRequestMessage.as:12	1	xpRatio:uint	NetworkMessage	xpRatio:writeByte	client-as3	242
MountSterilizeRequestMessage	5962	sources/client242-as3/scripts/com/ankamagames/dofus/network/messages/game/context/mount/MountSterilizeRequestMessage.as:12	0		NetworkMessage		client-as3	242
MountSterilizedMessage	5977	sources/client242-as3/scripts/com/ankamagames/dofus/network/messages/game/context/mount/MountSterilizedMessage.as:12	1	mountId:int	NetworkMessage	mountId:writeVarInt	client-as3	242
MountToggleRidingRequestMessage	5976	sources/client242-as3/scripts/com/ankamagames/dofus/network/messages/game/context/mount/MountToggleRidingRequestMessage.as:12	0		NetworkMessage		client-as3	242
MountUnSetMessage	5982	sources/client242-as3/scripts/com/ankamagames/dofus/network/messages/game/context/mount/MountUnSetMessage.as:12	0		NetworkMessage		client-as3	242
MountXpRatioMessage	5970	sources/client242-as3/scripts/com/ankamagames/dofus/network/messages/game/context/mount/MountXpRatioMessage.as:12	1	ratio:uint	NetworkMessage	ratio:writeByte	client-as3	242
NetworkDataContainerMessage	2	sources/client242-as3/scripts/com/ankamagames/dofus/network/messages/common/NetworkDataContainerMessage.as:13	0		NetworkMessage	content:writeBytes	client-as3	242
NewMailMessage	6292	sources/client242-as3/scripts/com/ankamagames/dofus/network/messages/web/ankabox/NewMailMessage.as:11	1	sendersAccountId:Vector.<uint>	MailStatusMessage	super:MailStatusMessage;sendersAccountId#len:writeShort;sendersAccountId[]:writeInt	client-as3	242
NicknameAcceptedMessage	5641	sources/client242-as3/scripts/com/ankamagames/dofus/network/messages/connection/register/NicknameAcceptedMessage.as:12	0		NetworkMessage		client-as3	242
NicknameChoiceRequestMessage	5639	sources/client242-as3/scripts/com/ankamagames/dofus/network/messages/connection/register/NicknameChoiceRequestMessage.as:12	1	nickname:String	NetworkMessage	nickname:writeUTF	client-as3	242
NicknameRefusedMessage	5638	sources/client242-as3/scripts/com/ankamagames/dofus/network/messages/connection/register/NicknameRefusedMessage.as:12	1	reason:uint	NetworkMessage	reason:writeByte	client-as3	242
NicknameRegistrationMessage	5640	sources/client242-as3/scripts/com/ankamagames/dofus/network/messages/connection/register/NicknameRegistrationMessage.as:12	0		NetworkMessage		client-as3	242
NotificationByServerMessage	6103	sources/client242-as3/scripts/com/ankamagames/dofus/network/messages/game/context/notification/NotificationByServerMessage.as:12	3	id:uint;parameters:Vector.<String>;forceOpen:Boolean	NetworkMessage	id:writeVarShort;parameters#len:writeShort;parameters[]:writeUTF;forceOpen:writeBoolean	client-as3	242
NotificationListMessage	6087	sources/client242-as3/scripts/com/ankamagames/dofus/network/messages/game/context/notification/NotificationListMessage.as:12	1	flags:Vector.<int>	NetworkMessage	flags#len:writeShort;flags[]:writeVarInt	client-as3	242
NotificationResetMessage	6089	sources/client242-as3/scripts/com/ankamagames/dofus/network/messages/game/context/notification/NotificationResetMessage.as:12	0		NetworkMessage		client-as3	242
NotificationUpdateFlagMessage	6090	sources/client242-as3/scripts/com/ankamagames/dofus/network/messages/game/context/notification/NotificationUpdateFlagMessage.as:12	1	index:uint	NetworkMessage	index:writeVarShort	client-as3	242
NpcDialogCreationMessage	5618	sources/client242-as3/scripts/com/ankamagames/dofus/network/messages/game/context/roleplay/npc/NpcDialogCreationMessage.as:12	2	mapId:int;npcId:int	NetworkMessage	mapId:writeInt;npcId:writeInt	client-as3	242
NpcDialogQuestionMessage	5617	sources/client242-as3/scripts/com/ankamagames/dofus/network/messages/game/context/roleplay/npc/NpcDialogQuestionMessage.as:12	3	messageId:uint;dialogParams:Vector.<String>;visibleReplies:Vector.<uint>	NetworkMessage	messageId:writeVarInt;dialogParams#len:writeShort;dialogParams[]:writeUTF;visibleReplies#len:writeShort;visibleReplies[]:writeVarInt	client-as3	242
NpcDialogReplyMessage	5616	sources/client242-as3/scripts/com/ankamagames/dofus/network/messages/game/context/roleplay/npc/NpcDialogReplyMessage.as:12	1	replyId:uint	NetworkMessage	replyId:writeVarInt	client-as3	242
NpcGenericActionFailureMessage	5900	sources/client242-as3/scripts/com/ankamagames/dofus/network/messages/game/context/roleplay/npc/NpcGenericActionFailureMessage.as:12	0		NetworkMessage		client-as3	242
NpcGenericActionRequestMessage	5898	sources/client242-as3/scripts/com/ankamagames/dofus/network/messages/game/context/roleplay/npc/NpcGenericActionRequestMessage.as:12	3	npcId:int;npcActionId:uint;npcMapId:int	NetworkMessage	npcId:writeInt;npcActionId:writeByte;npcMapId:writeInt	client-as3	242
NumericWhoIsMessage	6297	sources/client242-as3/scripts/com/ankamagames/dofus/network/messages/game/basic/NumericWhoIsMessage.as:12	2	playerId:Number;accountId:uint	NetworkMessage	playerId:writeVarLong;accountId:writeInt	client-as3	242
NumericWhoIsRequestMessage	6298	sources/client242-as3/scripts/com/ankamagames/dofus/network/messages/game/basic/NumericWhoIsRequestMessage.as:12	1	playerId:Number	NetworkMessage	playerId:writeVarLong	client-as3	242
ObjectAddedMessage	3025	sources/client242-as3/scripts/com/ankamagames/dofus/network/messages/game/inventory/items/ObjectAddedMessage.as:13	1	object:ObjectItem	NetworkMessage	object:asObjectItem	client-as3	242
ObjectAveragePricesErrorMessage	6336	sources/client242-as3/scripts/com/ankamagames/dofus/network/messages/game/inventory/ObjectAveragePricesErrorMessage.as:12	0		NetworkMessage		client-as3	242
ObjectAveragePricesGetMessage	6334	sources/client242-as3/scripts/com/ankamagames/dofus/network/messages/game/inventory/ObjectAveragePricesGetMessage.as:12	0		NetworkMessage		client-as3	242
ObjectAveragePricesMessage	6335	sources/client242-as3/scripts/com/ankamagames/dofus/network/messages/game/inventory/ObjectAveragePricesMessage.as:12	2	ids:Vector.<uint>;avgPrices:Vector.<Number>	NetworkMessage	ids#len:writeShort;ids[]:writeVarShort;avgPrices#len:writeShort;avgPrices[]:writeVarLong	client-as3	242
ObjectDeleteMessage	3022	sources/client242-as3/scripts/com/ankamagames/dofus/network/messages/game/inventory/items/ObjectDeleteMessage.as:12	2	objectUID:uint;quantity:uint	NetworkMessage	objectUID:writeVarInt;quantity:writeVarInt	client-as3	242
ObjectDeletedMessage	3024	sources/client242-as3/scripts/com/ankamagames/dofus/network/messages/game/inventory/items/ObjectDeletedMessage.as:12	1	objectUID:uint	NetworkMessage	objectUID:writeVarInt	client-as3	242
ObjectDropMessage	3005	sources/client242-as3/scripts/com/ankamagames/dofus/network/messages/game/inventory/items/ObjectDropMessage.as:12	2	objectUID:uint;quantity:uint	NetworkMessage	objectUID:writeVarInt;quantity:writeVarInt	client-as3	242
ObjectErrorMessage	3004	sources/client242-as3/scripts/com/ankamagames/dofus/network/messages/game/inventory/items/ObjectErrorMessage.as:12	1	reason:int	NetworkMessage	reason:writeByte	client-as3	242
ObjectFeedMessage	6290	sources/client242-as3/scripts/com/ankamagames/dofus/network/messages/game/inventory/items/ObjectFeedMessage.as:12	3	objectUID:uint;foodUID:uint;foodQuantity:uint	NetworkMessage	objectUID:writeVarInt;foodUID:writeVarInt;foodQuantity:writeVarInt	client-as3	242
ObjectGroundAddedMessage	3017	sources/client242-as3/scripts/com/ankamagames/dofus/network/messages/game/context/roleplay/objects/ObjectGroundAddedMessage.as:12	2	cellId:uint;objectGID:uint	NetworkMessage	cellId:writeVarShort;objectGID:writeVarShort	client-as3	242
ObjectGroundListAddedMessage	5925	sources/client242-as3/scripts/com/ankamagames/dofus/network/messages/game/context/roleplay/objects/ObjectGroundListAddedMessage.as:12	2	cells:Vector.<uint>;referenceIds:Vector.<uint>	NetworkMessage	cells#len:writeShort;cells[]:writeVarShort;referenceIds#len:writeShort;referenceIds[]:writeVarShort	client-as3	242
ObjectGroundRemovedMessage	3014	sources/client242-as3/scripts/com/ankamagames/dofus/network/messages/game/context/roleplay/objects/ObjectGroundRemovedMessage.as:12	1	cell:uint	NetworkMessage	cell:writeVarShort	client-as3	242
ObjectGroundRemovedMultipleMessage	5944	sources/client242-as3/scripts/com/ankamagames/dofus/network/messages/game/context/roleplay/objects/ObjectGroundRemovedMultipleMessage.as:12	1	cells:Vector.<uint>	NetworkMessage	cells#len:writeShort;cells[]:writeVarShort	client-as3	242
ObjectJobAddedMessage	6014	sources/client242-as3/scripts/com/ankamagames/dofus/network/messages/game/inventory/items/ObjectJobAddedMessage.as:12	1	jobId:uint	NetworkMessage	jobId:writeByte	client-as3	242
ObjectModifiedMessage	3029	sources/client242-as3/scripts/com/ankamagames/dofus/network/messages/game/inventory/items/ObjectModifiedMessage.as:13	1	object:ObjectItem	NetworkMessage	object:asObjectItem	client-as3	242
ObjectMovementMessage	3010	sources/client242-as3/scripts/com/ankamagames/dofus/network/messages/game/inventory/items/ObjectMovementMessage.as:12	2	objectUID:uint;position:uint	NetworkMessage	objectUID:writeVarInt;position:writeByte	client-as3	242
ObjectQuantityMessage	3023	sources/client242-as3/scripts/com/ankamagames/dofus/network/messages/game/inventory/items/ObjectQuantityMessage.as:12	2	objectUID:uint;quantity:uint	NetworkMessage	objectUID:writeVarInt;quantity:writeVarInt	client-as3	242
ObjectSetPositionMessage	3021	sources/client242-as3/scripts/com/ankamagames/dofus/network/messages/game/inventory/items/ObjectSetPositionMessage.as:12	3	objectUID:uint;position:uint;quantity:uint	NetworkMessage	objectUID:writeVarInt;position:writeByte;quantity:writeVarInt	client-as3	242
ObjectUseMessage	3019	sources/client242-as3/scripts/com/ankamagames/dofus/network/messages/game/inventory/items/ObjectUseMessage.as:12	1	objectUID:uint	NetworkMessage	objectUID:writeVarInt	client-as3	242
ObjectUseMultipleMessage	6234	sources/client242-as3/scripts/com/ankamagames/dofus/network/messages/game/inventory/items/ObjectUseMultipleMessage.as:11	1	quantity:uint	ObjectUseMessage	super:ObjectUseMessage;quantity:writeVarInt	client-as3	242
ObjectUseOnCellMessage	3013	sources/client242-as3/scripts/com/ankamagames/dofus/network/messages/game/inventory/items/ObjectUseOnCellMessage.as:11	1	cells:uint	ObjectUseMessage	super:ObjectUseMessage;cells:writeVarShort	client-as3	242
ObjectUseOnCharacterMessage	3003	sources/client242-as3/scripts/com/ankamagames/dofus/network/messages/game/inventory/items/ObjectUseOnCharacterMessage.as:11	1	characterId:Number	ObjectUseMessage	super:ObjectUseMessage;characterId:writeVarLong	client-as3	242
ObjectsAddedMessage	6033	sources/client242-as3/scripts/com/ankamagames/dofus/network/messages/game/inventory/items/ObjectsAddedMessage.as:13	1	object:Vector.<ObjectItem>	NetworkMessage	object#len:writeShort;object[]:asObjectItem	client-as3	242
ObjectsDeletedMessage	6034	sources/client242-as3/scripts/com/ankamagames/dofus/network/messages/game/inventory/items/ObjectsDeletedMessage.as:12	1	objectUID:Vector.<uint>	NetworkMessage	objectUID#len:writeShort;objectUID[]:writeVarInt	client-as3	242
ObjectsQuantityMessage	6206	sources/client242-as3/scripts/com/ankamagames/dofus/network/messages/game/inventory/items/ObjectsQuantityMessage.as:13	1	objectsUIDAndQty:Vector.<ObjectItemQuantity>	NetworkMessage	objectsUIDAndQty#len:writeShort;objectsUIDAndQty[]:asObjectItemQuantity	client-as3	242
ObtainedItemMessage	6519	sources/client242-as3/scripts/com/ankamagames/dofus/network/messages/game/inventory/items/ObtainedItemMessage.as:12	2	genericId:uint;baseQuantity:uint	NetworkMessage	genericId:writeVarShort;baseQuantity:writeVarInt	client-as3	242
ObtainedItemWithBonusMessage	6520	sources/client242-as3/scripts/com/ankamagames/dofus/network/messages/game/inventory/items/ObtainedItemWithBonusMessage.as:11	1	bonusQuantity:uint	ObtainedItemMessage	super:ObtainedItemMessage;bonusQuantity:writeVarInt	client-as3	242
OnConnectionEventMessage	5726	sources/client242-as3/scripts/com/ankamagames/dofus/network/messages/game/initialization/OnConnectionEventMessage.as:12	1	eventType:uint	NetworkMessage	eventType:writeByte	client-as3	242
OpenHavenBagFurnitureSequenceRequestMessage	6635	sources/client242-as3/scripts/com/ankamagames/dofus/network/messages/game/context/roleplay/havenbag/OpenHavenBagFurnitureSequenceRequestMessage.as:12	0		NetworkMessage		client-as3	242
OrnamentGainedMessage	6368	sources/client242-as3/scripts/com/ankamagames/dofus/network/messages/game/tinsel/OrnamentGainedMessage.as:12	1	ornamentId:uint	NetworkMessage	ornamentId:writeShort	client-as3	242
OrnamentSelectErrorMessage	6370	sources/client242-as3/scripts/com/ankamagames/dofus/network/messages/game/tinsel/OrnamentSelectErrorMessage.as:12	1	reason:uint	NetworkMessage	reason:writeByte	client-as3	242
OrnamentSelectRequestMessage	6374	sources/client242-as3/scripts/com/ankamagames/dofus/network/messages/game/tinsel/OrnamentSelectRequestMessage.as:12	1	ornamentId:uint	NetworkMessage	ornamentId:writeVarShort	client-as3	242
OrnamentSelectedMessage	6369	sources/client242-as3/scripts/com/ankamagames/dofus/network/messages/game/tinsel/OrnamentSelectedMessage.as:12	1	ornamentId:uint	NetworkMessage	ornamentId:writeVarShort	client-as3	242
PaddockBuyRequestMessage	5951	sources/client242-as3/scripts/com/ankamagames/dofus/network/messages/game/context/mount/PaddockBuyRequestMessage.as:12	1	proposedPrice:Number	NetworkMessage	proposedPrice:writeVarLong	client-as3	242
PaddockBuyResultMessage	6516	sources/client242-as3/scripts/com/ankamagames/dofus/network/messages/game/context/mount/PaddockBuyResultMessage.as:12	3	paddockId:int;bought:Boolean;realPrice:Number	NetworkMessage	paddockId:writeInt;bought:writeBoolean;realPrice:writeVarLong	client-as3	242
PaddockMoveItemRequestMessage	6052	sources/client242-as3/scripts/com/ankamagames/dofus/network/messages/game/context/mount/PaddockMoveItemRequestMessage.as:12	2	oldCellId:uint;newCellId:uint	NetworkMessage	oldCellId:writeVarShort;newCellId:writeVarShort	client-as3	242
PaddockPropertiesMessage	5824	sources/client242-as3/scripts/com/ankamagames/dofus/network/messages/game/context/roleplay/paddock/PaddockPropertiesMessage.as:13	1	properties:PaddockInstancesInformations	NetworkMessage	properties:asPaddockInstancesInformations	client-as3	242
PaddockRemoveItemRequestMessage	5958	sources/client242-as3/scripts/com/ankamagames/dofus/network/messages/game/context/mount/PaddockRemoveItemRequestMessage.as:12	1	cellId:uint	NetworkMessage	cellId:writeVarShort	client-as3	242
PaddockSellBuyDialogMessage	6018	sources/client242-as3/scripts/com/ankamagames/dofus/network/messages/game/context/roleplay/paddock/PaddockSellBuyDialogMessage.as:12	3	bsell:Boolean;ownerId:uint;price:Number	NetworkMessage	bsell:writeBoolean;ownerId:writeVarInt;price:writeVarLong	client-as3	242
PaddockSellRequestMessage	5953	sources/client242-as3/scripts/com/ankamagames/dofus/network/messages/game/context/mount/PaddockSellRequestMessage.as:12	2	price:Number;forSale:Boolean	NetworkMessage	price:writeVarLong;forSale:writeBoolean	client-as3	242
PaddockToSellFilterMessage	6161	sources/client242-as3/scripts/com/ankamagames/dofus/network/messages/game/context/roleplay/paddock/PaddockToSellFilterMessage.as:12	4	areaId:int;atLeastNbMount:int;atLeastNbMachine:int;maxPrice:Number	NetworkMessage	areaId:writeInt;atLeastNbMount:writeByte;atLeastNbMachine:writeByte;maxPrice:writeVarLong	client-as3	242
PaddockToSellListMessage	6138	sources/client242-as3/scripts/com/ankamagames/dofus/network/messages/game/context/roleplay/paddock/PaddockToSellListMessage.as:13	3	pageIndex:uint;totalPage:uint;paddockList:Vector.<PaddockInformationsForSell>	NetworkMessage	pageIndex:writeVarShort;totalPage:writeVarShort;paddockList#len:writeShort;paddockList[]:asPaddockInformationsForSell	client-as3	242
PaddockToSellListRequestMessage	6141	sources/client242-as3/scripts/com/ankamagames/dofus/network/messages/game/context/roleplay/paddock/PaddockToSellListRequestMessage.as:12	1	pageIndex:uint	NetworkMessage	pageIndex:writeVarShort	client-as3	242
PartInfoMessage	1508	sources/client242-as3/scripts/com/ankamagames/dofus/network/messages/updater/parts/PartInfoMessage.as:13	2	part:ContentPart;installationPercent:Number	NetworkMessage	part:asContentPart;installationPercent:writeFloat	client-as3	242
PartsListMessage	1502	sources/client242-as3/scripts/com/ankamagames/dofus/network/messages/updater/parts/PartsListMessage.as:13	1	parts:Vector.<ContentPart>	NetworkMessage	parts#len:writeShort;parts[]:asContentPart	client-as3	242
PartyAbdicateThroneMessage	6080	sources/client242-as3/scripts/com/ankamagames/dofus/network/messages/game/context/roleplay/party/PartyAbdicateThroneMessage.as:11	1	playerId:Number	AbstractPartyMessage	super:AbstractPartyMessage;playerId:writeVarLong	client-as3	242
PartyAcceptInvitationMessage	5580	sources/client242-as3/scripts/com/ankamagames/dofus/network/messages/game/context/roleplay/party/PartyAcceptInvitationMessage.as:11	0		AbstractPartyMessage	super:AbstractPartyMessage	client-as3	242
PartyCancelInvitationMessage	6254	sources/client242-as3/scripts/com/ankamagames/dofus/network/messages/game/context/roleplay/party/PartyCancelInvitationMessage.as:11	1	guestId:Number	AbstractPartyMessage	super:AbstractPartyMessage;guestId:writeVarLong	client-as3	242
PartyCancelInvitationNotificationMessage	6251	sources/client242-as3/scripts/com/ankamagames/dofus/network/messages/game/context/roleplay/party/PartyCancelInvitationNotificationMessage.as:11	2	cancelerId:Number;guestId:Number	AbstractPartyEventMessage	super:AbstractPartyEventMessage;cancelerId:writeVarLong;guestId:writeVarLong	client-as3	242
PartyCannotJoinErrorMessage	5583	sources/client242-as3/scripts/com/ankamagames/dofus/network/messages/game/context/roleplay/party/PartyCannotJoinErrorMessage.as:11	1	reason:uint	AbstractPartyMessage	super:AbstractPartyMessage;reason:writeByte	client-as3	242
PartyCompanionUpdateLightMessage	6472	sources/client242-as3/scripts/com/ankamagames/dofus/network/messages/game/context/roleplay/party/companion/PartyCompanionUpdateLightMessage.as:12	1	indexId:uint	PartyUpdateLightMessage	super:PartyUpdateLightMessage;indexId:writeByte	client-as3	242
PartyDeletedMessage	6261	sources/client242-as3/scripts/com/ankamagames/dofus/network/messages/game/context/roleplay/party/PartyDeletedMessage.as:11	0		AbstractPartyMessage	super:AbstractPartyMessage	client-as3	242
PartyFollowMemberRequestMessage	5577	sources/client242-as3/scripts/com/ankamagames/dofus/network/messages/game/context/roleplay/party/PartyFollowMemberRequestMessage.as:11	1	playerId:Number	AbstractPartyMessage	super:AbstractPartyMessage;playerId:writeVarLong	client-as3	242
PartyFollowStatusUpdateMessage	5581	sources/client242-as3/scripts/com/ankamagames/dofus/network/messages/game/context/roleplay/party/PartyFollowStatusUpdateMessage.as:12	3	success:Boolean;isFollowed:Boolean;followedId:Number	AbstractPartyMessage	super:AbstractPartyMessage;success:bit0;isFollowed:bit1;#local:writeByte;followedId:writeVarLong	client-as3	242
PartyFollowThisMemberRequestMessage	5588	sources/client242-as3/scripts/com/ankamagames/dofus/network/messages/game/context/roleplay/party/PartyFollowThisMemberRequestMessage.as:11	1	enabled:Boolean	PartyFollowMemberRequestMessage	super:PartyFollowMemberRequestMessage;enabled:writeBoolean	client-as3	242
PartyInvitationArenaRequestMessage	6283	sources/client242-as3/scripts/com/ankamagames/dofus/network/messages/game/context/roleplay/party/PartyInvitationArenaRequestMessage.as:11	0		PartyInvitationRequestMessage	super:PartyInvitationRequestMessage	client-as3	242
PartyInvitationCancelledForGuestMessage	6256	sources/client242-as3/scripts/com/ankamagames/dofus/network/messages/game/context/roleplay/party/PartyInvitationCancelledForGuestMessage.as:11	1	cancelerId:Number	AbstractPartyMessage	super:AbstractPartyMessage;cancelerId:writeVarLong	client-as3	242
PartyInvitationDetailsMessage	6263	sources/client242-as3/scripts/com/ankamagames/dofus/network/messages/game/context/roleplay/party/PartyInvitationDetailsMessage.as:13	7	partyType:uint;partyName:String;fromId:Number;fromName:String;leaderId:Number;members:Vector.<PartyInvitationMemberInformations>;guests:Vector.<PartyGuestInformations>	AbstractPartyMessage	super:AbstractPartyMessage;partyType:writeByte;partyName:writeUTF;fromId:writeVarLong;fromName:writeUTF;leaderId:writeVarLong;members#len:writeShort;members[]:asPartyInvitationMemberInformations;guests#len:writeShort;guests[]:asPartyGuestInformations	client-as3	242
PartyInvitationDetailsRequestMessage	6264	sources/client242-as3/scripts/com/ankamagames/dofus/network/messages/game/context/roleplay/party/PartyInvitationDetailsRequestMessage.as:11	0		AbstractPartyMessage	super:AbstractPartyMessage	client-as3	242
PartyInvitationDungeonDetailsMessage	6262	sources/client242-as3/scripts/com/ankamagames/dofus/network/messages/game/context/roleplay/party/PartyInvitationDungeonDetailsMessage.as:13	2	dungeonId:uint;playersDungeonReady:Vector.<Boolean>	PartyInvitationDetailsMessage	super:PartyInvitationDetailsMessage;dungeonId:writeVarShort;playersDungeonReady#len:writeShort;playersDungeonReady[]:writeBoolean	client-as3	242
PartyInvitationDungeonMessage	6244	sources/client242-as3/scripts/com/ankamagames/dofus/network/messages/game/context/roleplay/party/PartyInvitationDungeonMessage.as:11	1	dungeonId:uint	PartyInvitationMessage	super:PartyInvitationMessage;dungeonId:writeVarShort	client-as3	242
PartyInvitationDungeonRequestMessage	6245	sources/client242-as3/scripts/com/ankamagames/dofus/network/messages/game/context/roleplay/party/PartyInvitationDungeonRequestMessage.as:11	1	dungeonId:uint	PartyInvitationRequestMessage	super:PartyInvitationRequestMessage;dungeonId:writeVarShort	client-as3	242
PartyInvitationMessage	5586	sources/client242-as3/scripts/com/ankamagames/dofus/network/messages/game/context/roleplay/party/PartyInvitationMessage.as:11	6	partyType:uint;partyName:String;maxParticipants:uint;fromId:Number;fromName:String;toId:Number	AbstractPartyMessage	super:AbstractPartyMessage;partyType:writeByte;partyName:writeUTF;maxParticipants:writeByte;fromId:writeVarLong;fromName:writeUTF;toId:writeVarLong	client-as3	242
PartyInvitationRequestMessage	5585	sources/client242-as3/scripts/com/ankamagames/dofus/network/messages/game/context/roleplay/party/PartyInvitationRequestMessage.as:12	1	name:String	NetworkMessage	name:writeUTF	client-as3	242
PartyJoinMessage	5576	sources/client242-as3/scripts/com/ankamagames/dofus/network/messages/game/context/roleplay/party/PartyJoinMessage.as:13	7	partyType:uint;partyLeaderId:Number;maxParticipants:uint;members:Vector.<PartyMemberInformations>;guests:Vector.<PartyGuestInformations>;restricted:Boolean;partyName:String	AbstractPartyMessage	super:AbstractPartyMessage;partyType:writeByte;partyLeaderId:writeVarLong;maxParticipants:writeByte;members#len:writeShort;members[]#typeId:writeShort;members[]:serialize;guests#len:writeShort;guests[]:asPartyGuestInformations;restricted:writeBoolean;partyName:writeUTF	client-as3	242
PartyKickRequestMessage	5592	sources/client242-as3/scripts/com/ankamagames/dofus/network/messages/game/context/roleplay/party/PartyKickRequestMessage.as:11	1	playerId:Number	AbstractPartyMessage	super:AbstractPartyMessage;playerId:writeVarLong	client-as3	242
PartyKickedByMessage	5590	sources/client242-as3/scripts/com/ankamagames/dofus/network/messages/game/context/roleplay/party/PartyKickedByMessage.as:11	1	kickerId:Number	AbstractPartyMessage	super:AbstractPartyMessage;kickerId:writeVarLong	client-as3	242
PartyLeaderUpdateMessage	5578	sources/client242-as3/scripts/com/ankamagames/dofus/network/messages/game/context/roleplay/party/PartyLeaderUpdateMessage.as:11	1	partyLeaderId:Number	AbstractPartyEventMessage	super:AbstractPartyEventMessage;partyLeaderId:writeVarLong	client-as3	242
PartyLeaveMessage	5594	sources/client242-as3/scripts/com/ankamagames/dofus/network/messages/game/context/roleplay/party/PartyLeaveMessage.as:11	0		AbstractPartyMessage	super:AbstractPartyMessage	client-as3	242
PartyLeaveRequestMessage	5593	sources/client242-as3/scripts/com/ankamagames/dofus/network/messages/game/context/roleplay/party/PartyLeaveRequestMessage.as:11	0		AbstractPartyMessage	super:AbstractPartyMessage	client-as3	242
PartyLocateMembersMessage	5595	sources/client242-as3/scripts/com/ankamagames/dofus/network/messages/game/context/roleplay/party/PartyLocateMembersMessage.as:12	1	geopositions:Vector.<PartyMemberGeoPosition>	AbstractPartyMessage	super:AbstractPartyMessage;geopositions#len:writeShort;geopositions[]:asPartyMemberGeoPosition	client-as3	242
PartyLocateMembersRequestMessage	5587	sources/client242-as3/scripts/com/ankamagames/dofus/network/messages/game/context/roleplay/party/PartyLocateMembersRequestMessage.as:11	0		AbstractPartyMessage	super:AbstractPartyMessage	client-as3	242
PartyLoyaltyStatusMessage	6270	sources/client242-as3/scripts/com/ankamagames/dofus/network/messages/game/context/roleplay/party/PartyLoyaltyStatusMessage.as:11	1	loyal:Boolean	AbstractPartyMessage	super:AbstractPartyMessage;loyal:writeBoolean	client-as3	242
PartyMemberEjectedMessage	6252	sources/client242-as3/scripts/com/ankamagames/dofus/network/messages/game/context/roleplay/party/PartyMemberEjectedMessage.as:11	1	kickerId:Number	PartyMemberRemoveMessage	super:PartyMemberRemoveMessage;kickerId:writeVarLong	client-as3	242
PartyMemberInFightMessage	6342	sources/client242-as3/scripts/com/ankamagames/dofus/network/messages/game/context/roleplay/party/PartyMemberInFightMessage.as:12	7	reason:uint;memberId:Number;memberAccountId:uint;memberName:String;fightId:int;fightMap:MapCoordinatesExtended;timeBeforeFightStart:int	AbstractPartyMessage	super:AbstractPartyMessage;reason:writeByte;memberId:writeVarLong;memberAccountId:writeInt;memberName:writeUTF;fightId:writeInt;fightMap:asMapCoordinatesExtended;timeBeforeFightStart:writeVarShort	client-as3	242
PartyMemberRemoveMessage	5579	sources/client242-as3/scripts/com/ankamagames/dofus/network/messages/game/context/roleplay/party/PartyMemberRemoveMessage.as:11	1	leavingPlayerId:Number	AbstractPartyEventMessage	super:AbstractPartyEventMessage;leavingPlayerId:writeVarLong	client-as3	242
PartyModifiableStatusMessage	6277	sources/client242-as3/scripts/com/ankamagames/dofus/network/messages/game/context/roleplay/party/PartyModifiableStatusMessage.as:11	1	enabled:Boolean	AbstractPartyMessage	super:AbstractPartyMessage;enabled:writeBoolean	client-as3	242
PartyNameSetErrorMessage	6501	sources/client242-as3/scripts/com/ankamagames/dofus/network/messages/game/context/roleplay/party/PartyNameSetErrorMessage.as:11	1	result:uint	AbstractPartyMessage	super:AbstractPartyMessage;result:writeByte	client-as3	242
PartyNameSetRequestMessage	6503	sources/client242-as3/scripts/com/ankamagames/dofus/network/messages/game/context/roleplay/party/PartyNameSetRequestMessage.as:11	1	partyName:String	AbstractPartyMessage	super:AbstractPartyMessage;partyName:writeUTF	client-as3	242
PartyNameUpdateMessage	6502	sources/client242-as3/scripts/com/ankamagames/dofus/network/messages/game/context/roleplay/party/PartyNameUpdateMessage.as:11	1	partyName:String	AbstractPartyMessage	super:AbstractPartyMessage;partyName:writeUTF	client-as3	242
PartyNewGuestMessage	6260	sources/client242-as3/scripts/com/ankamagames/dofus/network/messages/game/context/roleplay/party/PartyNewGuestMessage.as:11	1	guest:PartyGuestInformations	AbstractPartyEventMessage	super:AbstractPartyEventMessage;guest:asPartyGuestInformations	client-as3	242
PartyNewMemberMessage	6306	sources/client242-as3/scripts/com/ankamagames/dofus/network/messages/game/context/roleplay/party/PartyNewMemberMessage.as:12	0		PartyUpdateMessage	super:PartyUpdateMessage	client-as3	242
PartyPledgeLoyaltyRequestMessage	6269	sources/client242-as3/scripts/com/ankamagames/dofus/network/messages/game/context/roleplay/party/PartyPledgeLoyaltyRequestMessage.as:11	1	loyal:Boolean	AbstractPartyMessage	super:AbstractPartyMessage;loyal:writeBoolean	client-as3	242
PartyRefuseInvitationMessage	5582	sources/client242-as3/scripts/com/ankamagames/dofus/network/messages/game/context/roleplay/party/PartyRefuseInvitationMessage.as:11	0		AbstractPartyMessage	super:AbstractPartyMessage	client-as3	242
PartyRefuseInvitationNotificationMessage	5596	sources/client242-as3/scripts/com/ankamagames/dofus/network/messages/game/context/roleplay/party/PartyRefuseInvitationNotificationMessage.as:11	1	guestId:Number	AbstractPartyEventMessage	super:AbstractPartyEventMessage;guestId:writeVarLong	client-as3	242
PartyRestrictedMessage	6175	sources/client242-as3/scripts/com/ankamagames/dofus/network/messages/game/context/roleplay/party/PartyRestrictedMessage.as:11	1	restricted:Boolean	AbstractPartyMessage	super:AbstractPartyMessage;restricted:writeBoolean	client-as3	242
PartyStopFollowRequestMessage	5574	sources/client242-as3/scripts/com/ankamagames/dofus/network/messages/game/context/roleplay/party/PartyStopFollowRequestMessage.as:11	1	playerId:Number	AbstractPartyMessage	super:AbstractPartyMessage;playerId:writeVarLong	client-as3	242
PartyUpdateLightMessage	6054	sources/client242-as3/scripts/com/ankamagames/dofus/network/messages/game/context/roleplay/party/PartyUpdateLightMessage.as:11	5	id:Number;lifePoints:uint;maxLifePoints:uint;prospecting:uint;regenRate:uint	AbstractPartyEventMessage	super:AbstractPartyEventMessage;id:writeVarLong;lifePoints:writeVarInt;maxLifePoints:writeVarInt;prospecting:writeVarShort;regenRate:writeByte	client-as3	242
PartyUpdateMessage	5575	sources/client242-as3/scripts/com/ankamagames/dofus/network/messages/game/context/roleplay/party/PartyUpdateMessage.as:13	1	memberInformations:PartyMemberInformations	AbstractPartyEventMessage	super:AbstractPartyEventMessage;#typeId:writeShort;memberInformations:serialize	client-as3	242
PauseDialogMessage	6012	sources/client242-as3/scripts/com/ankamagames/dofus/network/messages/game/dialog/PauseDialogMessage.as:12	1	dialogType:uint	NetworkMessage	dialogType:writeByte	client-as3	242
PlayerStatusUpdateErrorMessage	6385	sources/client242-as3/scripts/com/ankamagames/dofus/network/messages/game/character/status/PlayerStatusUpdateErrorMessage.as:12	0		NetworkMessage		client-as3	242
PlayerStatusUpdateMessage	6386	sources/client242-as3/scripts/com/ankamagames/dofus/network/messages/game/character/status/PlayerStatusUpdateMessage.as:14	3	accountId:uint;playerId:Number;status:PlayerStatus	NetworkMessage	accountId:writeInt;playerId:writeVarLong;#typeId:writeShort;status:serialize	client-as3	242
PlayerStatusUpdateRequestMessage	6387	sources/client242-as3/scripts/com/ankamagames/dofus/network/messages/game/character/status/PlayerStatusUpdateRequestMessage.as:14	1	status:PlayerStatus	NetworkMessage	#typeId:writeShort;status:serialize	client-as3	242
PopupWarningMessage	6134	sources/client242-as3/scripts/com/ankamagames/dofus/network/messages/game/moderation/PopupWarningMessage.as:12	3	lockDuration:uint;author:String;content:String	NetworkMessage	lockDuration:writeByte;author:writeUTF;content:writeUTF	client-as3	242
PortalUseRequestMessage	6492	sources/client242-as3/scripts/com/ankamagames/dofus/network/messages/game/context/roleplay/treasureHunt/PortalUseRequestMessage.as:12	1	portalId:uint	NetworkMessage	portalId:writeVarInt	client-as3	242
PrismAttackRequestMessage	6042	sources/client242-as3/scripts/com/ankamagames/dofus/network/messages/game/prism/PrismAttackRequestMessage.as:12	0		NetworkMessage		client-as3	242
PrismFightAddedMessage	6452	sources/client242-as3/scripts/com/ankamagames/dofus/network/messages/game/prism/PrismFightAddedMessage.as:13	1	fight:PrismFightersInformation	NetworkMessage	fight:asPrismFightersInformation	client-as3	242
PrismFightAttackerAddMessage	5893	sources/client242-as3/scripts/com/ankamagames/dofus/network/messages/game/prism/PrismFightAttackerAddMessage.as:14	3	subAreaId:uint;fightId:uint;attacker:CharacterMinimalPlusLookInformations	NetworkMessage	subAreaId:writeVarShort;fightId:writeVarShort;#typeId:writeShort;attacker:serialize	client-as3	242
PrismFightAttackerRemoveMessage	5897	sources/client242-as3/scripts/com/ankamagames/dofus/network/messages/game/prism/PrismFightAttackerRemoveMessage.as:12	3	subAreaId:uint;fightId:uint;fighterToRemoveId:Number	NetworkMessage	subAreaId:writeVarShort;fightId:writeVarShort;fighterToRemoveId:writeVarLong	client-as3	242
PrismFightDefenderAddMessage	5895	sources/client242-as3/scripts/com/ankamagames/dofus/network/messages/game/prism/PrismFightDefenderAddMessage.as:14	3	subAreaId:uint;fightId:uint;defender:CharacterMinimalPlusLookInformations	NetworkMessage	subAreaId:writeVarShort;fightId:writeVarShort;#typeId:writeShort;defender:serialize	client-as3	242
PrismFightDefenderLeaveMessage	5892	sources/client242-as3/scripts/com/ankamagames/dofus/network/messages/game/prism/PrismFightDefenderLeaveMessage.as:12	3	subAreaId:uint;fightId:uint;fighterToRemoveId:Number	NetworkMessage	subAreaId:writeVarShort;fightId:writeVarShort;fighterToRemoveId:writeVarLong	client-as3	242
PrismFightJoinLeaveRequestMessage	5843	sources/client242-as3/scripts/com/ankamagames/dofus/network/messages/game/prism/PrismFightJoinLeaveRequestMessage.as:12	2	subAreaId:uint;join:Boolean	NetworkMessage	subAreaId:writeVarShort;join:writeBoolean	client-as3	242
PrismFightRemovedMessage	6453	sources/client242-as3/scripts/com/ankamagames/dofus/network/messages/game/prism/PrismFightRemovedMessage.as:12	1	subAreaId:uint	NetworkMessage	subAreaId:writeVarShort	client-as3	242
PrismFightStateUpdateMessage	6040	sources/client242-as3/scripts/com/ankamagames/dofus/network/messages/game/prism/PrismFightStateUpdateMessage.as:12	1	state:uint	NetworkMessage	state:writeByte	client-as3	242
PrismFightSwapRequestMessage	5901	sources/client242-as3/scripts/com/ankamagames/dofus/network/messages/game/prism/PrismFightSwapRequestMessage.as:12	2	subAreaId:uint;targetId:Number	NetworkMessage	subAreaId:writeVarShort;targetId:writeVarLong	client-as3	242
PrismInfoCloseMessage	5853	sources/client242-as3/scripts/com/ankamagames/dofus/network/messages/game/prism/PrismInfoCloseMessage.as:12	0		NetworkMessage		client-as3	242
PrismInfoInValidMessage	5859	sources/client242-as3/scripts/com/ankamagames/dofus/network/messages/game/prism/PrismInfoInValidMessage.as:12	1	reason:uint	NetworkMessage	reason:writeByte	client-as3	242
PrismInfoJoinLeaveRequestMessage	5844	sources/client242-as3/scripts/com/ankamagames/dofus/network/messages/game/prism/PrismInfoJoinLeaveRequestMessage.as:12	1	join:Boolean	NetworkMessage	join:writeBoolean	client-as3	242
PrismModuleExchangeRequestMessage	6531	sources/client242-as3/scripts/com/ankamagames/dofus/network/messages/game/prism/PrismModuleExchangeRequestMessage.as:12	0		NetworkMessage		client-as3	242
PrismSetSabotagedRefusedMessage	6466	sources/client242-as3/scripts/com/ankamagames/dofus/network/messages/game/prism/PrismSetSabotagedRefusedMessage.as:12	2	subAreaId:uint;reason:int	NetworkMessage	subAreaId:writeVarShort;reason:writeByte	client-as3	242
PrismSetSabotagedRequestMessage	6468	sources/client242-as3/scripts/com/ankamagames/dofus/network/messages/game/prism/PrismSetSabotagedRequestMessage.as:12	1	subAreaId:uint	NetworkMessage	subAreaId:writeVarShort	client-as3	242
PrismSettingsErrorMessage	6442	sources/client242-as3/scripts/com/ankamagames/dofus/network/messages/game/prism/PrismSettingsErrorMessage.as:12	0		NetworkMessage		client-as3	242
PrismSettingsRequestMessage	6437	sources/client242-as3/scripts/com/ankamagames/dofus/network/messages/game/prism/PrismSettingsRequestMessage.as:12	2	subAreaId:uint;startDefenseTime:uint	NetworkMessage	subAreaId:writeVarShort;startDefenseTime:writeByte	client-as3	242
PrismUseRequestMessage	6041	sources/client242-as3/scripts/com/ankamagames/dofus/network/messages/game/prism/PrismUseRequestMessage.as:12	1	moduleToUse:uint	NetworkMessage	moduleToUse:writeByte	client-as3	242
PrismsInfoValidMessage	6451	sources/client242-as3/scripts/com/ankamagames/dofus/network/messages/game/prism/PrismsInfoValidMessage.as:13	1	fights:Vector.<PrismFightersInformation>	NetworkMessage	fights#len:writeShort;fights[]:asPrismFightersInformation	client-as3	242
PrismsListMessage	6440	sources/client242-as3/scripts/com/ankamagames/dofus/network/messages/game/prism/PrismsListMessage.as:14	1	prisms:Vector.<PrismSubareaEmptyInfo>	NetworkMessage	prisms#len:writeShort;prisms[]#typeId:writeShort;prisms[]:serialize	client-as3	242
PrismsListRegisterMessage	6441	sources/client242-as3/scripts/com/ankamagames/dofus/network/messages/game/prism/PrismsListRegisterMessage.as:12	1	listen:uint	NetworkMessage	listen:writeByte	client-as3	242
PrismsListUpdateMessage	6438	sources/client242-as3/scripts/com/ankamagames/dofus/network/messages/game/prism/PrismsListUpdateMessage.as:12	0		PrismsListMessage	super:PrismsListMessage	client-as3	242
ProtocolRequired	1	sources/client242-as3/scripts/com/ankamagames/dofus/network/messages/handshake/ProtocolRequired.as:12	2	requiredVersion:uint;currentVersion:uint	NetworkMessage	requiredVersion:writeInt;currentVersion:writeInt	client-as3	242
PurchasableDialogMessage	5739	sources/client242-as3/scripts/com/ankamagames/dofus/network/messages/game/context/roleplay/purchasable/PurchasableDialogMessage.as:13	5	buyOrSell:Boolean;purchasableId:uint;purchasableInstanceId:uint;secondHand:Boolean;price:Number	NetworkMessage	buyOrSell:bit0;secondHand:bit1;#local:writeByte;purchasableId:writeVarInt;purchasableInstanceId:writeInt;price:writeVarLong	client-as3	242
QuestListMessage	5626	sources/client242-as3/scripts/com/ankamagames/dofus/network/messages/game/context/roleplay/quest/QuestListMessage.as:14	4	finishedQuestsIds:Vector.<uint>;finishedQuestsCounts:Vector.<uint>;activeQuests:Vector.<QuestActiveInformations>;reinitDoneQuestsIds:Vector.<uint>	NetworkMessage	finishedQuestsIds#len:writeShort;finishedQuestsIds[]:writeVarShort;finishedQuestsCounts#len:writeShort;finishedQuestsCounts[]:writeVarShort;activeQuests#len:writeShort;activeQuests[]#typeId:writeShort;activeQuests[]:serialize;reinitDoneQuestsIds#len:writeShort;reinitDoneQuestsIds[]:writeVarShort	client-as3	242
QuestListRequestMessage	5623	sources/client242-as3/scripts/com/ankamagames/dofus/network/messages/game/context/roleplay/quest/QuestListRequestMessage.as:12	0		NetworkMessage		client-as3	242
QuestObjectiveValidatedMessage	6098	sources/client242-as3/scripts/com/ankamagames/dofus/network/messages/game/context/roleplay/quest/QuestObjectiveValidatedMessage.as:12	2	questId:uint;objectiveId:uint	NetworkMessage	questId:writeVarShort;objectiveId:writeVarShort	client-as3	242
QuestObjectiveValidationMessage	6085	sources/client242-as3/scripts/com/ankamagames/dofus/network/messages/game/context/roleplay/quest/QuestObjectiveValidationMessage.as:12	2	questId:uint;objectiveId:uint	NetworkMessage	questId:writeVarShort;objectiveId:writeVarShort	client-as3	242
QuestStartRequestMessage	5643	sources/client242-as3/scripts/com/ankamagames/dofus/network/messages/game/context/roleplay/quest/QuestStartRequestMessage.as:12	1	questId:uint	NetworkMessage	questId:writeVarShort	client-as3	242
QuestStartedMessage	6091	sources/client242-as3/scripts/com/ankamagames/dofus/network/messages/game/context/roleplay/quest/QuestStartedMessage.as:12	1	questId:uint	NetworkMessage	questId:writeVarShort	client-as3	242
QuestStepInfoMessage	5625	sources/client242-as3/scripts/com/ankamagames/dofus/network/messages/game/context/roleplay/quest/QuestStepInfoMessage.as:14	1	infos:QuestActiveInformations	NetworkMessage	#typeId:writeShort;infos:serialize	client-as3	242
QuestStepInfoRequestMessage	5622	sources/client242-as3/scripts/com/ankamagames/dofus/network/messages/game/context/roleplay/quest/QuestStepInfoRequestMessage.as:12	1	questId:uint	NetworkMessage	questId:writeVarShort	client-as3	242
QuestStepStartedMessage	6096	sources/client242-as3/scripts/com/ankamagames/dofus/network/messages/game/context/roleplay/quest/QuestStepStartedMessage.as:12	2	questId:uint;stepId:uint	NetworkMessage	questId:writeVarShort;stepId:writeVarShort	client-as3	242
QuestStepValidatedMessage	6099	sources/client242-as3/scripts/com/ankamagames/dofus/network/messages/game/context/roleplay/quest/QuestStepValidatedMessage.as:12	2	questId:uint;stepId:uint	NetworkMessage	questId:writeVarShort;stepId:writeVarShort	client-as3	242
QuestValidatedMessage	6097	sources/client242-as3/scripts/com/ankamagames/dofus/network/messages/game/context/roleplay/quest/QuestValidatedMessage.as:12	1	questId:uint	NetworkMessage	questId:writeVarShort	client-as3	242
QueueStatusMessage	6100	sources/client242-as3/scripts/com/ankamagames/dofus/network/messages/queues/QueueStatusMessage.as:12	2	position:uint;total:uint	NetworkMessage	position:writeShort;total:writeShort	client-as3	242
RawDataMessage	6253	sources/client242-as3/scripts/com/ankamagames/dofus/network/messages/security/RawDataMessage.as:12	1	content:ByteArray	NetworkMessage	content#len:writeVarInt;content[]:writeByte	client-as3	242
RecycleResultMessage	6601	sources/client242-as3/scripts/com/ankamagames/dofus/network/messages/game/inventory/exchanges/RecycleResultMessage.as:12	2	nuggetsForPrism:uint;nuggetsForPlayer:uint	NetworkMessage	nuggetsForPrism:writeVarInt;nuggetsForPlayer:writeVarInt	client-as3	242
RefreshCharacterStatsMessage	6699	sources/client242-as3/scripts/com/ankamagames/dofus/network/messages/game/context/fight/RefreshCharacterStatsMessage.as:13	2	fighterId:Number;stats:GameFightMinimalStats	NetworkMessage	fighterId:writeDouble;stats:asGameFightMinimalStats	client-as3	242
RefreshFollowedQuestsOrderRequestMessage	6722	sources/client242-as3/scripts/com/ankamagames/dofus/network/messages/game/context/roleplay/quest/RefreshFollowedQuestsOrderRequestMessage.as:12	1	quests:Vector.<uint>	NetworkMessage	quests#len:writeShort;quests[]:writeVarShort	client-as3	242
RoomAvailableUpdateMessage	6630	sources/client242-as3/scripts/com/ankamagames/dofus/network/messages/game/context/roleplay/havenbag/RoomAvailableUpdateMessage.as:12	1	nbRoom:uint	NetworkMessage	nbRoom:writeByte	client-as3	242
SelectedServerDataExtendedMessage	6469	sources/client242-as3/scripts/com/ankamagames/dofus/network/messages/connection/SelectedServerDataExtendedMessage.as:12	1	servers:Vector.<GameServerInformations>	SelectedServerDataMessage	super:SelectedServerDataMessage;servers#len:writeShort;servers[]:asGameServerInformations	client-as3	242
SelectedServerDataMessage	42	sources/client242-as3/scripts/com/ankamagames/dofus/network/messages/connection/SelectedServerDataMessage.as:12	5	serverId:uint;address:String;port:uint;canCreateNewCharacter:Boolean;ticket:Vector.<int>	NetworkMessage	serverId:writeVarShort;address:writeUTF;port:writeShort;canCreateNewCharacter:writeBoolean;ticket#len:writeVarInt;ticket[]:writeByte	client-as3	242
SelectedServerRefusedMessage	41	sources/client242-as3/scripts/com/ankamagames/dofus/network/messages/connection/SelectedServerRefusedMessage.as:12	3	serverId:uint;error:uint;serverStatus:uint	NetworkMessage	serverId:writeVarShort;error:writeByte;serverStatus:writeByte	client-as3	242
SequenceEndMessage	956	sources/client242-as3/scripts/com/ankamagames/dofus/network/messages/game/actions/sequence/SequenceEndMessage.as:12	3	actionId:uint;authorId:Number;sequenceType:int	NetworkMessage	actionId:writeVarShort;authorId:writeDouble;sequenceType:writeByte	client-as3	242
SequenceNumberMessage	6317	sources/client242-as3/scripts/com/ankamagames/dofus/network/messages/game/basic/SequenceNumberMessage.as:12	1	number:uint	NetworkMessage	number:writeShort	client-as3	242
SequenceNumberRequestMessage	6316	sources/client242-as3/scripts/com/ankamagames/dofus/network/messages/game/basic/SequenceNumberRequestMessage.as:12	0		NetworkMessage		client-as3	242
SequenceStartMessage	955	sources/client242-as3/scripts/com/ankamagames/dofus/network/messages/game/actions/sequence/SequenceStartMessage.as:12	2	sequenceType:int;authorId:Number	NetworkMessage	sequenceType:writeByte;authorId:writeDouble	client-as3	242
ServerExperienceModificatorMessage	6237	sources/client242-as3/scripts/com/ankamagames/dofus/network/messages/game/initialization/ServerExperienceModificatorMessage.as:12	1	experiencePercent:uint	NetworkMessage	experiencePercent:writeVarShort	client-as3	242
ServerOptionalFeaturesMessage	6305	sources/client242-as3/scripts/com/ankamagames/dofus/network/messages/game/approach/ServerOptionalFeaturesMessage.as:12	1	features:Vector.<uint>	NetworkMessage	features#len:writeShort;features[]:writeByte	client-as3	242
ServerSelectionMessage	40	sources/client242-as3/scripts/com/ankamagames/dofus/network/messages/connection/ServerSelectionMessage.as:12	1	serverId:uint	NetworkMessage	serverId:writeVarShort	client-as3	242
ServerSessionConstantsMessage	6434	sources/client242-as3/scripts/com/ankamagames/dofus/network/messages/game/approach/ServerSessionConstantsMessage.as:14	1	variables:Vector.<ServerSessionConstant>	NetworkMessage	variables#len:writeShort;variables[]#typeId:writeShort;variables[]:serialize	client-as3	242
ServerSettingsMessage	6340	sources/client242-as3/scripts/com/ankamagames/dofus/network/messages/game/approach/ServerSettingsMessage.as:12	4	lang:String;community:uint;gameType:int;arenaLeaveBanTime:uint	NetworkMessage	lang:writeUTF;community:writeByte;gameType:writeByte;arenaLeaveBanTime:writeVarShort	client-as3	242
ServerStatusUpdateMessage	50	sources/client242-as3/scripts/com/ankamagames/dofus/network/messages/connection/ServerStatusUpdateMessage.as:13	1	server:GameServerInformations	NetworkMessage	server:asGameServerInformations	client-as3	242
ServersListMessage	30	sources/client242-as3/scripts/com/ankamagames/dofus/network/messages/connection/ServersListMessage.as:13	3	servers:Vector.<GameServerInformations>;alreadyConnectedToServerId:uint;canCreateNewCharacter:Boolean	NetworkMessage	servers#len:writeShort;servers[]:asGameServerInformations;alreadyConnectedToServerId:writeVarShort;canCreateNewCharacter:writeBoolean	client-as3	242
SetCharacterRestrictionsMessage	170	sources/client242-as3/scripts/com/ankamagames/dofus/network/messages/game/initialization/SetCharacterRestrictionsMessage.as:13	2	actorId:Number;restrictions:ActorRestrictionsInformations	NetworkMessage	actorId:writeDouble;restrictions:asActorRestrictionsInformations	client-as3	242
SetEnableAVARequestMessage	6443	sources/client242-as3/scripts/com/ankamagames/dofus/network/messages/game/pvp/SetEnableAVARequestMessage.as:12	1	enable:Boolean	NetworkMessage	enable:writeBoolean	client-as3	242
SetEnablePVPRequestMessage	1810	sources/client242-as3/scripts/com/ankamagames/dofus/network/messages/game/pvp/SetEnablePVPRequestMessage.as:12	1	enable:Boolean	NetworkMessage	enable:writeBoolean	client-as3	242
SetUpdateMessage	5503	sources/client242-as3/scripts/com/ankamagames/dofus/network/messages/game/inventory/items/SetUpdateMessage.as:14	3	setId:uint;setObjects:Vector.<uint>;setEffects:Vector.<ObjectEffect>	NetworkMessage	setId:writeVarShort;setObjects#len:writeShort;setObjects[]:writeVarShort;setEffects#len:writeShort;setEffects[]#typeId:writeShort;setEffects[]:serialize	client-as3	242
ShortcutBarAddErrorMessage	6227	sources/client242-as3/scripts/com/ankamagames/dofus/network/messages/game/shortcut/ShortcutBarAddErrorMessage.as:12	1	error:uint	NetworkMessage	error:writeByte	client-as3	242
ShortcutBarAddRequestMessage	6225	sources/client242-as3/scripts/com/ankamagames/dofus/network/messages/game/shortcut/ShortcutBarAddRequestMessage.as:14	2	barType:uint;shortcut:Shortcut	NetworkMessage	barType:writeByte;#typeId:writeShort;shortcut:serialize	client-as3	242
ShortcutBarContentMessage	6231	sources/client242-as3/scripts/com/ankamagames/dofus/network/messages/game/shortcut/ShortcutBarContentMessage.as:14	2	barType:uint;shortcuts:Vector.<Shortcut>	NetworkMessage	barType:writeByte;shortcuts#len:writeShort;shortcuts[]#typeId:writeShort;shortcuts[]:serialize	client-as3	242
ShortcutBarRefreshMessage	6229	sources/client242-as3/scripts/com/ankamagames/dofus/network/messages/game/shortcut/ShortcutBarRefreshMessage.as:14	2	barType:uint;shortcut:Shortcut	NetworkMessage	barType:writeByte;#typeId:writeShort;shortcut:serialize	client-as3	242
ShortcutBarRemoveErrorMessage	6222	sources/client242-as3/scripts/com/ankamagames/dofus/network/messages/game/shortcut/ShortcutBarRemoveErrorMessage.as:12	1	error:uint	NetworkMessage	error:writeByte	client-as3	242
ShortcutBarRemoveRequestMessage	6228	sources/client242-as3/scripts/com/ankamagames/dofus/network/messages/game/shortcut/ShortcutBarRemoveRequestMessage.as:12	2	barType:uint;slot:uint	NetworkMessage	barType:writeByte;slot:writeByte	client-as3	242
ShortcutBarRemovedMessage	6224	sources/client242-as3/scripts/com/ankamagames/dofus/network/messages/game/shortcut/ShortcutBarRemovedMessage.as:12	2	barType:uint;slot:uint	NetworkMessage	barType:writeByte;slot:writeByte	client-as3	242
ShortcutBarReplacedMessage	6706	sources/client242-as3/scripts/com/ankamagames/dofus/network/messages/game/shortcut/ShortcutBarReplacedMessage.as:14	2	barType:uint;shortcut:Shortcut	NetworkMessage	barType:writeByte;#typeId:writeShort;shortcut:serialize	client-as3	242
ShortcutBarSwapErrorMessage	6226	sources/client242-as3/scripts/com/ankamagames/dofus/network/messages/game/shortcut/ShortcutBarSwapErrorMessage.as:12	1	error:uint	NetworkMessage	error:writeByte	client-as3	242
ShortcutBarSwapRequestMessage	6230	sources/client242-as3/scripts/com/ankamagames/dofus/network/messages/game/shortcut/ShortcutBarSwapRequestMessage.as:12	3	barType:uint;firstSlot:uint;secondSlot:uint	NetworkMessage	barType:writeByte;firstSlot:writeByte;secondSlot:writeByte	client-as3	242
ShowCellMessage	5612	sources/client242-as3/scripts/com/ankamagames/dofus/network/messages/game/context/ShowCellMessage.as:12	2	sourceId:Number;cellId:uint	NetworkMessage	sourceId:writeDouble;cellId:writeVarShort	client-as3	242
ShowCellRequestMessage	5611	sources/client242-as3/scripts/com/ankamagames/dofus/network/messages/game/context/ShowCellRequestMessage.as:12	1	cellId:uint	NetworkMessage	cellId:writeVarShort	client-as3	242
ShowCellSpectatorMessage	6158	sources/client242-as3/scripts/com/ankamagames/dofus/network/messages/game/context/ShowCellSpectatorMessage.as:11	1	playerName:String	ShowCellMessage	super:ShowCellMessage;playerName:writeUTF	client-as3	242
SlaveSwitchContextMessage	6214	sources/client242-as3/scripts/com/ankamagames/dofus/network/messages/game/context/fight/SlaveSwitchContextMessage.as:16	5	masterId:Number;slaveId:Number;slaveSpells:Vector.<SpellItem>;slaveStats:CharacterCharacteristicsInformations;shortcuts:Vector.<Shortcut>	NetworkMessage	masterId:writeDouble;slaveId:writeDouble;slaveSpells#len:writeShort;slaveSpells[]:asSpellItem;slaveStats:asCharacterCharacteristicsInformations;shortcuts#len:writeShort;shortcuts[]#typeId:writeShort;shortcuts[]:serialize	client-as3	242
SocialNoticeMessage	6688	sources/client242-as3/scripts/com/ankamagames/dofus/network/messages/game/social/SocialNoticeMessage.as:12	4	content:String;timestamp:uint;memberId:Number;memberName:String	NetworkMessage	content:writeUTF;timestamp:writeInt;memberId:writeVarLong;memberName:writeUTF	client-as3	242
SocialNoticeSetErrorMessage	6684	sources/client242-as3/scripts/com/ankamagames/dofus/network/messages/game/social/SocialNoticeSetErrorMessage.as:12	1	reason:uint	NetworkMessage	reason:writeByte	client-as3	242
SocialNoticeSetRequestMessage	6686	sources/client242-as3/scripts/com/ankamagames/dofus/network/messages/game/social/SocialNoticeSetRequestMessage.as:12	0		NetworkMessage		client-as3	242
SpellItemBoostMessage	6011	sources/client242-as3/scripts/com/ankamagames/dofus/network/messages/game/context/roleplay/spell/SpellItemBoostMessage.as:12	3	statId:uint;spellId:uint;value:int	NetworkMessage	statId:writeVarInt;spellId:writeVarShort;value:writeVarShort	client-as3	242
SpellListMessage	1200	sources/client242-as3/scripts/com/ankamagames/dofus/network/messages/game/inventory/spells/SpellListMessage.as:13	2	spellPrevisualization:Boolean;spells:Vector.<SpellItem>	NetworkMessage	spellPrevisualization:writeBoolean;spells#len:writeShort;spells[]:asSpellItem	client-as3	242
SpellModifyFailureMessage	6653	sources/client242-as3/scripts/com/ankamagames/dofus/network/messages/game/context/roleplay/spell/SpellModifyFailureMessage.as:12	0		NetworkMessage		client-as3	242
SpellModifyRequestMessage	6655	sources/client242-as3/scripts/com/ankamagames/dofus/network/messages/game/context/roleplay/spell/SpellModifyRequestMessage.as:12	2	spellId:uint;spellLevel:int	NetworkMessage	spellId:writeVarShort;spellLevel:writeShort	client-as3	242
SpellModifySuccessMessage	6654	sources/client242-as3/scripts/com/ankamagames/dofus/network/messages/game/context/roleplay/spell/SpellModifySuccessMessage.as:12	2	spellId:int;spellLevel:int	NetworkMessage	spellId:writeInt;spellLevel:writeShort	client-as3	242
SpellVariantActivationMessage	6705	sources/client242-as3/scripts/com/ankamagames/dofus/network/messages/game/context/roleplay/spell/SpellVariantActivationMessage.as:12	3	result:Boolean;activatedSpellId:uint;deactivatedSpellId:uint	NetworkMessage	result:writeBoolean;activatedSpellId:writeVarShort;deactivatedSpellId:writeVarShort	client-as3	242
SpellVariantActivationRequestMessage	6707	sources/client242-as3/scripts/com/ankamagames/dofus/network/messages/game/context/roleplay/spell/SpellVariantActivationRequestMessage.as:12	1	spellId:uint	NetworkMessage	spellId:writeVarShort	client-as3	242
SpouseGetInformationsMessage	6355	sources/client242-as3/scripts/com/ankamagames/dofus/network/messages/game/friend/SpouseGetInformationsMessage.as:12	0		NetworkMessage		client-as3	242
SpouseInformationsMessage	6356	sources/client242-as3/scripts/com/ankamagames/dofus/network/messages/game/friend/SpouseInformationsMessage.as:14	1	spouse:FriendSpouseInformations	NetworkMessage	#typeId:writeShort;spouse:serialize	client-as3	242
SpouseStatusMessage	6265	sources/client242-as3/scripts/com/ankamagames/dofus/network/messages/game/friend/SpouseStatusMessage.as:12	1	hasSpouse:Boolean	NetworkMessage	hasSpouse:writeBoolean	client-as3	242
StartupActionAddMessage	6538	sources/client242-as3/scripts/com/ankamagames/dofus/network/messages/game/startup/StartupActionAddMessage.as:13	1	newAction:StartupActionAddObject	NetworkMessage	newAction:asStartupActionAddObject	client-as3	242
StartupActionFinishedMessage	1304	sources/client242-as3/scripts/com/ankamagames/dofus/network/messages/game/startup/StartupActionFinishedMessage.as:13	3	success:Boolean;actionId:uint;automaticAction:Boolean	NetworkMessage	success:bit0;automaticAction:bit1;#local:writeByte;actionId:writeInt	client-as3	242
StartupActionsAllAttributionMessage	6537	sources/client242-as3/scripts/com/ankamagames/dofus/network/messages/game/startup/StartupActionsAllAttributionMessage.as:12	1	characterId:Number	NetworkMessage	characterId:writeVarLong	client-as3	242
StartupActionsExecuteMessage	1302	sources/client242-as3/scripts/com/ankamagames/dofus/network/messages/game/startup/StartupActionsExecuteMessage.as:12	0		NetworkMessage		client-as3	242
StartupActionsListMessage	1301	sources/client242-as3/scripts/com/ankamagames/dofus/network/messages/game/startup/StartupActionsListMessage.as:13	1	actions:Vector.<StartupActionAddObject>	NetworkMessage	actions#len:writeShort;actions[]:asStartupActionAddObject	client-as3	242
StartupActionsObjetAttributionMessage	1303	sources/client242-as3/scripts/com/ankamagames/dofus/network/messages/game/startup/StartupActionsObjetAttributionMessage.as:12	2	actionId:uint;characterId:Number	NetworkMessage	actionId:writeInt;characterId:writeVarLong	client-as3	242
StatedElementUpdatedMessage	5709	sources/client242-as3/scripts/com/ankamagames/dofus/network/messages/game/interactive/StatedElementUpdatedMessage.as:13	1	statedElement:StatedElement	NetworkMessage	statedElement:asStatedElement	client-as3	242
StatedMapUpdateMessage	5716	sources/client242-as3/scripts/com/ankamagames/dofus/network/messages/game/interactive/StatedMapUpdateMessage.as:13	1	statedElements:Vector.<StatedElement>	NetworkMessage	statedElements#len:writeShort;statedElements[]:asStatedElement	client-as3	242
StatsUpgradeRequestMessage	5610	sources/client242-as3/scripts/com/ankamagames/dofus/network/messages/game/context/roleplay/stats/StatsUpgradeRequestMessage.as:12	3	useAdditionnal:Boolean;statId:uint;boostPoint:uint	NetworkMessage	useAdditionnal:writeBoolean;statId:writeByte;boostPoint:writeVarShort	client-as3	242
StatsUpgradeResultMessage	5609	sources/client242-as3/scripts/com/ankamagames/dofus/network/messages/game/context/roleplay/stats/StatsUpgradeResultMessage.as:12	2	result:int;nbCharacBoost:uint	NetworkMessage	result:writeByte;nbCharacBoost:writeVarShort	client-as3	242
StopToListenRunningFightRequestMessage	6124	sources/client242-as3/scripts/com/ankamagames/dofus/network/messages/game/context/roleplay/StopToListenRunningFightRequestMessage.as:12	0		NetworkMessage		client-as3	242
StorageInventoryContentMessage	5646	sources/client242-as3/scripts/com/ankamagames/dofus/network/messages/game/inventory/storage/StorageInventoryContentMessage.as:13	0		InventoryContentMessage	super:InventoryContentMessage	client-as3	242
StorageKamasUpdateMessage	5645	sources/client242-as3/scripts/com/ankamagames/dofus/network/messages/game/inventory/storage/StorageKamasUpdateMessage.as:12	1	kamasTotal:Number	NetworkMessage	kamasTotal:writeVarLong	client-as3	242
StorageObjectRemoveMessage	5648	sources/client242-as3/scripts/com/ankamagames/dofus/network/messages/game/inventory/storage/StorageObjectRemoveMessage.as:12	1	objectUID:uint	NetworkMessage	objectUID:writeVarInt	client-as3	242
StorageObjectUpdateMessage	5647	sources/client242-as3/scripts/com/ankamagames/dofus/network/messages/game/inventory/storage/StorageObjectUpdateMessage.as:13	1	object:ObjectItem	NetworkMessage	object:asObjectItem	client-as3	242
StorageObjectsRemoveMessage	6035	sources/client242-as3/scripts/com/ankamagames/dofus/network/messages/game/inventory/storage/StorageObjectsRemoveMessage.as:12	1	objectUIDList:Vector.<uint>	NetworkMessage	objectUIDList#len:writeShort;objectUIDList[]:writeVarInt	client-as3	242
StorageObjectsUpdateMessage	6036	sources/client242-as3/scripts/com/ankamagames/dofus/network/messages/game/inventory/storage/StorageObjectsUpdateMessage.as:13	1	objectList:Vector.<ObjectItem>	NetworkMessage	objectList#len:writeShort;objectList[]:asObjectItem	client-as3	242
SubscriptionLimitationMessage	5542	sources/client242-as3/scripts/com/ankamagames/dofus/network/messages/game/subscriber/SubscriptionLimitationMessage.as:12	1	reason:uint	NetworkMessage	reason:writeByte	client-as3	242
SubscriptionUpdateMessage	6616	sources/client242-as3/scripts/com/ankamagames/dofus/network/messages/subscription/SubscriptionUpdateMessage.as:12	1	timestamp:Number	NetworkMessage	timestamp:writeDouble	client-as3	242
SubscriptionZoneMessage	5573	sources/client242-as3/scripts/com/ankamagames/dofus/network/messages/game/subscriber/SubscriptionZoneMessage.as:12	1	active:Boolean	NetworkMessage	active:writeBoolean	client-as3	242
SymbioticObjectAssociateRequestMessage	6522	sources/client242-as3/scripts/com/ankamagames/dofus/network/messages/game/inventory/items/SymbioticObjectAssociateRequestMessage.as:12	4	symbioteUID:uint;symbiotePos:uint;hostUID:uint;hostPos:uint	NetworkMessage	symbioteUID:writeVarInt;symbiotePos:writeByte;hostUID:writeVarInt;hostPos:writeByte	client-as3	242
SymbioticObjectAssociatedMessage	6527	sources/client242-as3/scripts/com/ankamagames/dofus/network/messages/game/inventory/items/SymbioticObjectAssociatedMessage.as:12	1	hostUID:uint	NetworkMessage	hostUID:writeVarInt	client-as3	242
SymbioticObjectErrorMessage	6526	sources/client242-as3/scripts/com/ankamagames/dofus/network/messages/game/inventory/items/SymbioticObjectErrorMessage.as:11	1	errorCode:int	ObjectErrorMessage	super:ObjectErrorMessage;errorCode:writeByte	client-as3	242
SystemMessageDisplayMessage	189	sources/client242-as3/scripts/com/ankamagames/dofus/network/messages/server/basic/SystemMessageDisplayMessage.as:12	3	hangUp:Boolean;msgId:uint;parameters:Vector.<String>	NetworkMessage	hangUp:writeBoolean;msgId:writeVarShort;parameters#len:writeShort;parameters[]:writeUTF	client-as3	242
TaxCollectorAttackedMessage	5918	sources/client242-as3/scripts/com/ankamagames/dofus/network/messages/game/guild/tax/TaxCollectorAttackedMessage.as:13	7	firstNameId:uint;lastNameId:uint;worldX:int;worldY:int;mapId:int;subAreaId:uint;guild:BasicGuildInformations	NetworkMessage	firstNameId:writeVarShort;lastNameId:writeVarShort;worldX:writeShort;worldY:writeShort;mapId:writeInt;subAreaId:writeVarShort;guild:asBasicGuildInformations	client-as3	242
TaxCollectorAttackedResultMessage	5635	sources/client242-as3/scripts/com/ankamagames/dofus/network/messages/game/guild/tax/TaxCollectorAttackedResultMessage.as:14	3	deadOrAlive:Boolean;basicInfos:TaxCollectorBasicInformations;guild:BasicGuildInformations	NetworkMessage	deadOrAlive:writeBoolean;basicInfos:asTaxCollectorBasicInformations;guild:asBasicGuildInformations	client-as3	242
TaxCollectorDialogQuestionBasicMessage	5619	sources/client242-as3/scripts/com/ankamagames/dofus/network/messages/game/context/roleplay/npc/TaxCollectorDialogQuestionBasicMessage.as:13	1	guildInfo:BasicGuildInformations	NetworkMessage	guildInfo:asBasicGuildInformations	client-as3	242
TaxCollectorDialogQuestionExtendedMessage	5615	sources/client242-as3/scripts/com/ankamagames/dofus/network/messages/game/context/roleplay/npc/TaxCollectorDialogQuestionExtendedMessage.as:12	9	maxPods:uint;prospecting:uint;wisdom:uint;taxCollectorsCount:uint;taxCollectorAttack:int;kamas:Number;experience:Number;pods:uint;itemsValue:Number	TaxCollectorDialogQuestionBasicMessage	super:TaxCollectorDialogQuestionBasicMessage;maxPods:writeVarShort;prospecting:writeVarShort;wisdom:writeVarShort;taxCollectorsCount:writeByte;taxCollectorAttack:writeInt;kamas:writeVarLong;experience:writeVarLong;pods:writeVarInt;itemsValue:writeVarLong	client-as3	242
TaxCollectorErrorMessage	5634	sources/client242-as3/scripts/com/ankamagames/dofus/network/messages/game/guild/tax/TaxCollectorErrorMessage.as:12	1	reason:int	NetworkMessage	reason:writeByte	client-as3	242
TaxCollectorListMessage	5930	sources/client242-as3/scripts/com/ankamagames/dofus/network/messages/game/guild/tax/TaxCollectorListMessage.as:13	2	nbcollectorMax:uint;fightersInformations:Vector.<TaxCollectorFightersInformation>	AbstractTaxCollectorListMessage	super:AbstractTaxCollectorListMessage;nbcollectorMax:writeByte;fightersInformations#len:writeShort;fightersInformations[]:asTaxCollectorFightersInformation	client-as3	242
TaxCollectorMovementAddMessage	5917	sources/client242-as3/scripts/com/ankamagames/dofus/network/messages/game/guild/tax/TaxCollectorMovementAddMessage.as:14	1	informations:TaxCollectorInformations	NetworkMessage	#typeId:writeShort;informations:serialize	client-as3	242
TaxCollectorMovementMessage	5633	sources/client242-as3/scripts/com/ankamagames/dofus/network/messages/game/guild/tax/TaxCollectorMovementMessage.as:13	4	movementType:uint;basicInfos:TaxCollectorBasicInformations;playerId:Number;playerName:String	NetworkMessage	movementType:writeByte;basicInfos:asTaxCollectorBasicInformations;playerId:writeVarLong;playerName:writeUTF	client-as3	242
TaxCollectorMovementRemoveMessage	5915	sources/client242-as3/scripts/com/ankamagames/dofus/network/messages/game/guild/tax/TaxCollectorMovementRemoveMessage.as:12	1	collectorId:int	NetworkMessage	collectorId:writeInt	client-as3	242
TaxCollectorMovementsOfflineMessage	6611	sources/client242-as3/scripts/com/ankamagames/dofus/network/messages/game/guild/tax/TaxCollectorMovementsOfflineMessage.as:13	1	movements:Vector.<TaxCollectorMovement>	NetworkMessage	movements#len:writeShort;movements[]:asTaxCollectorMovement	client-as3	242
TaxCollectorStateUpdateMessage	6455	sources/client242-as3/scripts/com/ankamagames/dofus/network/messages/game/guild/tax/TaxCollectorStateUpdateMessage.as:12	2	uniqueId:int;state:int	NetworkMessage	uniqueId:writeInt;state:writeByte	client-as3	242
TeleportBuddiesAnswerMessage	6294	sources/client242-as3/scripts/com/ankamagames/dofus/network/messages/game/interactive/meeting/TeleportBuddiesAnswerMessage.as:12	1	accept:Boolean	NetworkMessage	accept:writeBoolean	client-as3	242
TeleportBuddiesMessage	6289	sources/client242-as3/scripts/com/ankamagames/dofus/network/messages/game/interactive/meeting/TeleportBuddiesMessage.as:12	1	dungeonId:uint	NetworkMessage	dungeonId:writeVarShort	client-as3	242
TeleportBuddiesRequestedMessage	6302	sources/client242-as3/scripts/com/ankamagames/dofus/network/messages/game/interactive/meeting/TeleportBuddiesRequestedMessage.as:12	3	dungeonId:uint;inviterId:Number;invalidBuddiesIds:Vector.<Number>	NetworkMessage	dungeonId:writeVarShort;inviterId:writeVarLong;invalidBuddiesIds#len:writeShort;invalidBuddiesIds[]:writeVarLong	client-as3	242
TeleportDestinationsListMessage	5960	sources/client242-as3/scripts/com/ankamagames/dofus/network/messages/game/interactive/zaap/TeleportDestinationsListMessage.as:12	5	teleporterType:uint;mapIds:Vector.<uint>;subAreaIds:Vector.<uint>;costs:Vector.<uint>;destTeleporterType:Vector.<uint>	NetworkMessage	teleporterType:writeByte;mapIds#len:writeShort;mapIds[]:writeInt;subAreaIds#len:writeShort;subAreaIds[]:writeVarShort;costs#len:writeShort;costs[]:writeVarShort;destTeleporterType#len:writeShort;destTeleporterType[]:writeByte	client-as3	242
TeleportHavenBagAnswerMessage	6646	sources/client242-as3/scripts/com/ankamagames/dofus/network/messages/game/context/roleplay/havenbag/meeting/TeleportHavenBagAnswerMessage.as:12	1	accept:Boolean	NetworkMessage	accept:writeBoolean	client-as3	242
TeleportHavenBagRequestMessage	6647	sources/client242-as3/scripts/com/ankamagames/dofus/network/messages/game/context/roleplay/havenbag/meeting/TeleportHavenBagRequestMessage.as:12	1	guestId:Number	NetworkMessage	guestId:writeVarLong	client-as3	242
TeleportOnSameMapMessage	6048	sources/client242-as3/scripts/com/ankamagames/dofus/network/messages/game/context/roleplay/TeleportOnSameMapMessage.as:12	2	targetId:Number;cellId:uint	NetworkMessage	targetId:writeDouble;cellId:writeVarShort	client-as3	242
TeleportRequestMessage	5961	sources/client242-as3/scripts/com/ankamagames/dofus/network/messages/game/interactive/zaap/TeleportRequestMessage.as:12	2	teleporterType:uint;mapId:uint	NetworkMessage	teleporterType:writeByte;mapId:writeInt	client-as3	242
TeleportToBuddyAnswerMessage	6293	sources/client242-as3/scripts/com/ankamagames/dofus/network/messages/game/interactive/meeting/TeleportToBuddyAnswerMessage.as:12	3	dungeonId:uint;buddyId:Number;accept:Boolean	NetworkMessage	dungeonId:writeVarShort;buddyId:writeVarLong;accept:writeBoolean	client-as3	242
TeleportToBuddyCloseMessage	6303	sources/client242-as3/scripts/com/ankamagames/dofus/network/messages/game/interactive/meeting/TeleportToBuddyCloseMessage.as:12	2	dungeonId:uint;buddyId:Number	NetworkMessage	dungeonId:writeVarShort;buddyId:writeVarLong	client-as3	242
TeleportToBuddyOfferMessage	6287	sources/client242-as3/scripts/com/ankamagames/dofus/network/messages/game/interactive/meeting/TeleportToBuddyOfferMessage.as:12	3	dungeonId:uint;buddyId:Number;timeLeft:uint	NetworkMessage	dungeonId:writeVarShort;buddyId:writeVarLong;timeLeft:writeVarInt	client-as3	242
TextInformationMessage	780	sources/client242-as3/scripts/com/ankamagames/dofus/network/messages/game/basic/TextInformationMessage.as:12	3	msgType:uint;msgId:uint;parameters:Vector.<String>	NetworkMessage	msgType:writeByte;msgId:writeVarShort;parameters#len:writeShort;parameters[]:writeUTF	client-as3	242
TitleGainedMessage	6364	sources/client242-as3/scripts/com/ankamagames/dofus/network/messages/game/tinsel/TitleGainedMessage.as:12	1	titleId:uint	NetworkMessage	titleId:writeVarShort	client-as3	242
TitleLostMessage	6371	sources/client242-as3/scripts/com/ankamagames/dofus/network/messages/game/tinsel/TitleLostMessage.as:12	1	titleId:uint	NetworkMessage	titleId:writeVarShort	client-as3	242
TitleSelectErrorMessage	6373	sources/client242-as3/scripts/com/ankamagames/dofus/network/messages/game/tinsel/TitleSelectErrorMessage.as:12	1	reason:uint	NetworkMessage	reason:writeByte	client-as3	242
TitleSelectRequestMessage	6365	sources/client242-as3/scripts/com/ankamagames/dofus/network/messages/game/tinsel/TitleSelectRequestMessage.as:12	1	titleId:uint	NetworkMessage	titleId:writeVarShort	client-as3	242
TitleSelectedMessage	6366	sources/client242-as3/scripts/com/ankamagames/dofus/network/messages/game/tinsel/TitleSelectedMessage.as:12	1	titleId:uint	NetworkMessage	titleId:writeVarShort	client-as3	242
TitlesAndOrnamentsListMessage	6367	sources/client242-as3/scripts/com/ankamagames/dofus/network/messages/game/tinsel/TitlesAndOrnamentsListMessage.as:12	4	titles:Vector.<uint>;ornaments:Vector.<uint>;activeTitle:uint;activeOrnament:uint	NetworkMessage	titles#len:writeShort;titles[]:writeVarShort;ornaments#len:writeShort;ornaments[]:writeVarShort;activeTitle:writeVarShort;activeOrnament:writeVarShort	client-as3	242
TitlesAndOrnamentsListRequestMessage	6363	sources/client242-as3/scripts/com/ankamagames/dofus/network/messages/game/tinsel/TitlesAndOrnamentsListRequestMessage.as:12	0		NetworkMessage		client-as3	242
TopTaxCollectorListMessage	6565	sources/client242-as3/scripts/com/ankamagames/dofus/network/messages/game/guild/tax/TopTaxCollectorListMessage.as:12	1	isDungeon:Boolean	AbstractTaxCollectorListMessage	super:AbstractTaxCollectorListMessage;isDungeon:writeBoolean	client-as3	242
TreasureHuntAvailableRetryCountUpdateMessage	6491	sources/client242-as3/scripts/com/ankamagames/dofus/network/messages/game/context/roleplay/treasureHunt/TreasureHuntAvailableRetryCountUpdateMessage.as:12	2	questType:uint;availableRetryCount:int	NetworkMessage	questType:writeByte;availableRetryCount:writeInt	client-as3	242
TreasureHuntDigRequestAnswerFailedMessage	6509	sources/client242-as3/scripts/com/ankamagames/dofus/network/messages/game/context/roleplay/treasureHunt/TreasureHuntDigRequestAnswerFailedMessage.as:11	1	wrongFlagCount:uint	TreasureHuntDigRequestAnswerMessage	super:TreasureHuntDigRequestAnswerMessage;wrongFlagCount:writeByte	client-as3	242
TreasureHuntDigRequestAnswerMessage	6484	sources/client242-as3/scripts/com/ankamagames/dofus/network/messages/game/context/roleplay/treasureHunt/TreasureHuntDigRequestAnswerMessage.as:12	2	questType:uint;result:uint	NetworkMessage	questType:writeByte;result:writeByte	client-as3	242
TreasureHuntDigRequestMessage	6485	sources/client242-as3/scripts/com/ankamagames/dofus/network/messages/game/context/roleplay/treasureHunt/TreasureHuntDigRequestMessage.as:12	1	questType:uint	NetworkMessage	questType:writeByte	client-as3	242
TreasureHuntFinishedMessage	6483	sources/client242-as3/scripts/com/ankamagames/dofus/network/messages/game/context/roleplay/treasureHunt/TreasureHuntFinishedMessage.as:12	1	questType:uint	NetworkMessage	questType:writeByte	client-as3	242
TreasureHuntFlagRemoveRequestMessage	6510	sources/client242-as3/scripts/com/ankamagames/dofus/network/messages/game/context/roleplay/treasureHunt/TreasureHuntFlagRemoveRequestMessage.as:12	2	questType:uint;index:uint	NetworkMessage	questType:writeByte;index:writeByte	client-as3	242
TreasureHuntFlagRequestAnswerMessage	6507	sources/client242-as3/scripts/com/ankamagames/dofus/network/messages/game/context/roleplay/treasureHunt/TreasureHuntFlagRequestAnswerMessage.as:12	3	questType:uint;result:uint;index:uint	NetworkMessage	questType:writeByte;result:writeByte;index:writeByte	client-as3	242
TreasureHuntFlagRequestMessage	6508	sources/client242-as3/scripts/com/ankamagames/dofus/network/messages/game/context/roleplay/treasureHunt/TreasureHuntFlagRequestMessage.as:12	2	questType:uint;index:uint	NetworkMessage	questType:writeByte;index:writeByte	client-as3	242
TreasureHuntGiveUpRequestMessage	6487	sources/client242-as3/scripts/com/ankamagames/dofus/network/messages/game/context/roleplay/treasureHunt/TreasureHuntGiveUpRequestMessage.as:12	1	questType:uint	NetworkMessage	questType:writeByte	client-as3	242
TreasureHuntLegendaryRequestMessage	6499	sources/client242-as3/scripts/com/ankamagames/dofus/network/messages/game/context/roleplay/treasureHunt/TreasureHuntLegendaryRequestMessage.as:12	1	legendaryId:uint	NetworkMessage	legendaryId:writeVarShort	client-as3	242
TreasureHuntMessage	6486	sources/client242-as3/scripts/com/ankamagames/dofus/network/messages/game/context/roleplay/treasureHunt/TreasureHuntMessage.as:15	8	questType:uint;startMapId:int;knownStepsList:Vector.<TreasureHuntStep>;totalStepCount:uint;checkPointCurrent:uint;checkPointTotal:uint;availableRetryCount:int;flags:Vector.<TreasureHuntFlag>	NetworkMessage	questType:writeByte;startMapId:writeInt;knownStepsList#len:writeShort;knownStepsList[]#typeId:writeShort;knownStepsList[]:serialize;totalStepCount:writeByte;checkPointCurrent:writeVarInt;checkPointTotal:writeVarInt;availableRetryCount:writeInt;flags#len:writeShort;flags[]:asTreasureHuntFlag	client-as3	242
TreasureHuntRequestAnswerMessage	6489	sources/client242-as3/scripts/com/ankamagames/dofus/network/messages/game/context/roleplay/treasureHunt/TreasureHuntRequestAnswerMessage.as:12	2	questType:uint;result:uint	NetworkMessage	questType:writeByte;result:writeByte	client-as3	242
TreasureHuntRequestMessage	6488	sources/client242-as3/scripts/com/ankamagames/dofus/network/messages/game/context/roleplay/treasureHunt/TreasureHuntRequestMessage.as:12	2	questLevel:uint;questType:uint	NetworkMessage	questLevel:writeByte;questType:writeByte	client-as3	242
TreasureHuntShowLegendaryUIMessage	6498	sources/client242-as3/scripts/com/ankamagames/dofus/network/messages/game/context/roleplay/treasureHunt/TreasureHuntShowLegendaryUIMessage.as:12	1	availableLegendaryIds:Vector.<uint>	NetworkMessage	availableLegendaryIds#len:writeShort;availableLegendaryIds[]:writeVarShort	client-as3	242
TrustStatusMessage	6267	sources/client242-as3/scripts/com/ankamagames/dofus/network/messages/secure/TrustStatusMessage.as:13	2	trusted:Boolean;certified:Boolean	NetworkMessage	trusted:bit0;certified:bit1;#local:writeByte	client-as3	242
URLOpenMessage	6266	sources/client242-as3/scripts/com/ankamagames/dofus/network/messages/game/script/URLOpenMessage.as:12	1	urlId:uint	NetworkMessage	urlId:writeByte	client-as3	242
UnfollowQuestObjectiveRequestMessage	6723	sources/client242-as3/scripts/com/ankamagames/dofus/network/messages/game/context/roleplay/quest/UnfollowQuestObjectiveRequestMessage.as:12	2	questId:uint;objectiveId:int	NetworkMessage	questId:writeVarShort;objectiveId:writeShort	client-as3	242
UpdateLifePointsMessage	5658	sources/client242-as3/scripts/com/ankamagames/dofus/network/messages/game/character/stats/UpdateLifePointsMessage.as:12	2	lifePoints:uint;maxLifePoints:uint	NetworkMessage	lifePoints:writeVarInt;maxLifePoints:writeVarInt	client-as3	242
UpdateMapPlayersAgressableStatusMessage	6454	sources/client242-as3/scripts/com/ankamagames/dofus/network/messages/game/pvp/UpdateMapPlayersAgressableStatusMessage.as:12	2	playerIds:Vector.<Number>;enable:Vector.<uint>	NetworkMessage	playerIds#len:writeShort;playerIds[]:writeVarLong;enable#len:writeShort;enable[]:writeByte	client-as3	242
UpdateMountBoostMessage	6179	sources/client242-as3/scripts/com/ankamagames/dofus/network/messages/game/inventory/exchanges/UpdateMountBoostMessage.as:14	2	rideId:int;boostToUpdateList:Vector.<UpdateMountBoost>	NetworkMessage	rideId:writeVarInt;boostToUpdateList#len:writeShort;boostToUpdateList[]#typeId:writeShort;boostToUpdateList[]:serialize	client-as3	242
UpdateSelfAgressableStatusMessage	6456	sources/client242-as3/scripts/com/ankamagames/dofus/network/messages/game/pvp/UpdateSelfAgressableStatusMessage.as:12	2	status:uint;probationTime:uint	NetworkMessage	status:writeByte;probationTime:writeInt	client-as3	242
WarnOnPermaDeathMessage	6512	sources/client242-as3/scripts/com/ankamagames/dofus/network/messages/game/context/roleplay/death/WarnOnPermaDeathMessage.as:12	1	enable:Boolean	NetworkMessage	enable:writeBoolean	client-as3	242
WarnOnPermaDeathStateMessage	6513	sources/client242-as3/scripts/com/ankamagames/dofus/network/messages/game/friend/WarnOnPermaDeathStateMessage.as:12	1	enable:Boolean	NetworkMessage	enable:writeBoolean	client-as3	242
WrapperObjectAssociatedMessage	6523	sources/client242-as3/scripts/com/ankamagames/dofus/network/messages/game/inventory/items/WrapperObjectAssociatedMessage.as:11	0		SymbioticObjectAssociatedMessage	super:SymbioticObjectAssociatedMessage	client-as3	242
WrapperObjectDissociateRequestMessage	6524	sources/client242-as3/scripts/com/ankamagames/dofus/network/messages/game/inventory/items/WrapperObjectDissociateRequestMessage.as:12	2	hostUID:uint;hostPos:uint	NetworkMessage	hostUID:writeVarInt;hostPos:writeByte	client-as3	242
WrapperObjectErrorMessage	6529	sources/client242-as3/scripts/com/ankamagames/dofus/network/messages/game/inventory/items/WrapperObjectErrorMessage.as:11	0		SymbioticObjectErrorMessage	super:SymbioticObjectErrorMessage	client-as3	242
ZaapListMessage	1604	sources/client242-as3/scripts/com/ankamagames/dofus/network/messages/game/interactive/zaap/ZaapListMessage.as:11	1	spawnMapId:uint	TeleportDestinationsListMessage	super:TeleportDestinationsListMessage;spawnMapId:writeInt	client-as3	242
ZaapRespawnSaveRequestMessage	6572	sources/client242-as3/scripts/com/ankamagames/dofus/network/messages/game/interactive/zaap/ZaapRespawnSaveRequestMessage.as:12	0		NetworkMessage		client-as3	242
ZaapRespawnUpdatedMessage	6571	sources/client242-as3/scripts/com/ankamagames/dofus/network/messages/game/interactive/zaap/ZaapRespawnUpdatedMessage.as:12	1	mapId:uint	NetworkMessage	mapId:writeInt	client-as3	242
