type_nom	protocol_id	fichier:ligne	nb_champs	champs	parent	ordre_serialisation	emu	version
AbstractCharacterInformation	5789	sources/client273-as3/network/scripts/com/ankamagames/dofus/network/types/game/character/AbstractCharacterInformation.as:8	1	id:Number		id:writeVarLong	client-as3	273
AbstractContactInformations	8841	sources/client273-as3/network/scripts/com/ankamagames/dofus/network/types/game/friend/AbstractContactInformations.as:9	2	accountId:uint;accountTag:AccountTagInformation		accountId:writeInt;accountTag:asAccountTagInformation	client-as3	273
AbstractFightDispellableEffect	4079	sources/client273-as3/network/scripts/com/ankamagames/dofus/network/types/game/actions/fight/AbstractFightDispellableEffect.as:8	7	uid:uint;targetId:Number;turnDuration:int;dispelable:uint;spellId:uint;effectId:uint;parentBoostUid:uint		uid:writeVarInt;targetId:writeDouble;turnDuration:writeShort;dispelable:writeByte;spellId:writeVarShort;effectId:writeVarInt;parentBoostUid:writeVarInt	client-as3	273
AbstractFightTeamInformations	8432	sources/client273-as3/network/scripts/com/ankamagames/dofus/network/types/game/context/fight/AbstractFightTeamInformations.as:8	5	teamId:uint;leaderId:Number;teamSide:int;teamTypeId:uint;nbWaves:uint		teamId:writeByte;leaderId:writeDouble;teamSide:writeByte;teamTypeId:writeByte;nbWaves:writeByte	client-as3	273
AbstractPlayerSearchInformation	1300	sources/client273-as3/network/scripts/com/ankamagames/dofus/network/types/common/AbstractPlayerSearchInformation.as:8	0				client-as3	273
AbstractSocialGroupInfos	6837	sources/client273-as3/network/scripts/com/ankamagames/dofus/network/types/game/social/AbstractSocialGroupInfos.as:8	0				client-as3	273
AccountHouseInformations	8406	sources/client273-as3/network/scripts/com/ankamagames/dofus/network/types/game/house/AccountHouseInformations.as:9	5	houseInfos:HouseInstanceInformations;worldX:int;worldY:int;mapId:Number;subAreaId:uint	HouseInformations	super:HouseInformations;#typeId:writeShort;houseInfos:serialize;worldX:writeShort;worldY:writeShort;mapId:writeDouble;subAreaId:writeVarShort	client-as3	273
AccountTagInformation	3196	sources/client273-as3/network/scripts/com/ankamagames/dofus/network/types/common/AccountTagInformation.as:8	2	nickname:String;tagNumber:String		nickname:writeUTF;tagNumber:writeUTF	client-as3	273
Achievement	2764	sources/client273-as3/network/scripts/com/ankamagames/dofus/network/types/game/achievement/Achievement.as:8	3	id:uint;finishedObjective:Vector.<AchievementObjective>;startedObjectives:Vector.<AchievementStartedObjective>		id:writeVarShort;finishedObjective#len:writeShort;finishedObjective[]:asAchievementObjective;startedObjectives#len:writeShort;startedObjectives[]:asAchievementStartedObjective	client-as3	273
AchievementAchieved	6607	sources/client273-as3/network/scripts/com/ankamagames/dofus/network/types/game/achievement/AchievementAchieved.as:8	3	id:uint;achievedBy:Number;achievedPioneerRank:uint		id:writeVarShort;achievedBy:writeVarLong;achievedPioneerRank:writeVarInt	client-as3	273
AchievementAchievedRewardable	9874	sources/client273-as3/network/scripts/com/ankamagames/dofus/network/types/game/achievement/AchievementAchievedRewardable.as:8	1	finishedLevel:uint	AchievementAchieved	super:AchievementAchieved;finishedLevel:writeVarShort	client-as3	273
AchievementObjective	2341	sources/client273-as3/network/scripts/com/ankamagames/dofus/network/types/game/achievement/AchievementObjective.as:8	2	id:uint;maxValue:Number		id:writeVarInt;maxValue:writeVarLong	client-as3	273
AchievementPioneerRank	6487	sources/client273-as3/network/scripts/com/ankamagames/dofus/network/types/game/achievement/AchievementPioneerRank.as:8	2	achievementId:uint;pioneerRank:uint		achievementId:writeVarInt;pioneerRank:writeVarInt	client-as3	273
AchievementStartedObjective	5360	sources/client273-as3/network/scripts/com/ankamagames/dofus/network/types/game/achievement/AchievementStartedObjective.as:8	1	value:Number	AchievementObjective	super:AchievementObjective;value:writeVarLong	client-as3	273
AcquaintanceInformation	1584	sources/client273-as3/network/scripts/com/ankamagames/dofus/network/types/game/friend/AcquaintanceInformation.as:9	1	playerState:uint	AbstractContactInformations	super:AbstractContactInformations;playerState:writeByte	client-as3	273
AcquaintanceOnlineInformation	251	sources/client273-as3/network/scripts/com/ankamagames/dofus/network/types/game/friend/AcquaintanceOnlineInformation.as:11	4	playerId:Number;playerName:String;moodSmileyId:uint;status:PlayerStatus	AcquaintanceInformation	super:AcquaintanceInformation;playerId:writeVarLong;playerName:writeUTF;moodSmileyId:writeVarShort;#typeId:writeShort;status:serialize	client-as3	273
ActorAlignmentInformations	2626	sources/client273-as3/network/scripts/com/ankamagames/dofus/network/types/game/character/alignment/ActorAlignmentInformations.as:8	4	alignmentSide:int;alignmentValue:uint;alignmentGrade:uint;characterPower:Number		alignmentSide:writeByte;alignmentValue:writeByte;alignmentGrade:writeByte;characterPower:writeDouble	client-as3	273
ActorExtendedAlignmentInformations	4048	sources/client273-as3/network/scripts/com/ankamagames/dofus/network/types/game/character/alignment/ActorExtendedAlignmentInformations.as:8	4	honor:uint;honorGradeFloor:uint;honorNextGradeFloor:uint;aggressable:uint	ActorAlignmentInformations	super:ActorAlignmentInformations;honor:writeVarShort;honorGradeFloor:writeVarShort;honorNextGradeFloor:writeVarShort;aggressable:writeByte	client-as3	273
ActorOrientation	2066	sources/client273-as3/network/scripts/com/ankamagames/dofus/network/types/game/context/ActorOrientation.as:8	2	id:Number;direction:uint		id:writeDouble;direction:writeByte	client-as3	273
ActorRestrictionsInformations	9953	sources/client273-as3/network/scripts/com/ankamagames/dofus/network/types/game/character/restriction/ActorRestrictionsInformations.as:9	19	cantBeAggressed:Boolean;cantBeChallenged:Boolean;cantTrade:Boolean;cantBeAttackedByMutant:Boolean;cantRun:Boolean;forceSlowWalk:Boolean;cantMinimize:Boolean;cantMove:Boolean;cantAggress:Boolean;cantChallenge:Boolean;cantExchange:Boolean;cantAttack:Boolean;cantChat:Boolean;cantUseObject:Boolean;cantUseTaxCollector:Boolean;cantUseInteractive:Boolean;cantSpeakToNPC:Boolean;cantChangeZone:Boolean;cantAttackMonster:Boolean		cantBeAggressed:bit0;cantBeChallenged:bit1;cantTrade:bit2;cantBeAttackedByMutant:bit3;cantRun:bit4;forceSlowWalk:bit5;cantMinimize:bit6;cantMove:bit7;#local:writeByte;cantAggress:bit0;cantChallenge:bit1;cantExchange:bit2;cantAttack:bit3;cantChat:bit4;cantUseObject:bit5;cantUseTaxCollector:bit6;cantUseInteractive:bit7;#local:writeByte;cantSpeakToNPC:bit0;cantChangeZone:bit1;cantAttackMonster:bit2;#local:writeByte	client-as3	273
AdditionalTaxCollectorInformation	1456	sources/client273-as3/network/scripts/com/ankamagames/dofus/network/types/game/collector/tax/AdditionalTaxCollectorInformation.as:8	3	collectorCallerId:Number;collectorCallerName:String;date:uint		collectorCallerId:writeVarLong;collectorCallerName:writeUTF;date:writeInt	client-as3	273
AgressableStatusMessage	6140	sources/client273-as3/network/scripts/com/ankamagames/dofus/network/types/game/pvp/AgressableStatusMessage.as:8	4	playerId:Number;enable:uint;roleAvAId:int;pictoScore:int		playerId:writeVarLong;enable:writeByte;roleAvAId:writeInt;pictoScore:writeInt	client-as3	273
AlignmentWarEffortInformation	6941	sources/client273-as3/network/scripts/com/ankamagames/dofus/network/types/game/context/roleplay/alignment/war/effort/AlignmentWarEffortInformation.as:8	2	alignmentSide:int;alignmentWarEffort:Number		alignmentSide:writeByte;alignmentWarEffort:writeVarLong	client-as3	273
AllianceFactSheetInformation	6340	sources/client273-as3/network/scripts/com/ankamagames/dofus/network/types/game/social/AllianceFactSheetInformation.as:10	5	creationDate:uint;nbMembers:uint;nbSubarea:uint;nbTaxCollectors:uint;recruitment:AllianceRecruitmentInformation	AllianceInformation	super:AllianceInformation;creationDate:writeInt;nbMembers:writeVarShort;nbSubarea:writeVarShort;nbTaxCollectors:writeVarShort;recruitment:asAllianceRecruitmentInformation	client-as3	273
AllianceInformation	1197	sources/client273-as3/network/scripts/com/ankamagames/dofus/network/types/game/context/roleplay/AllianceInformation.as:9	1	allianceEmblem:SocialEmblem	BasicNamedAllianceInformations	super:BasicNamedAllianceInformations;allianceEmblem:asSocialEmblem	client-as3	273
AllianceInsiderPrismInformation	7229	sources/client273-as3/network/scripts/com/ankamagames/dofus/network/types/game/prism/AllianceInsiderPrismInformation.as:9	5	moduleObject:ObjectItem;moduleType:int;cristalObject:ObjectItem;cristalType:int;cristalNumberLeft:uint	PrismInformation	super:PrismInformation;moduleObject:asObjectItem;moduleType:writeInt;cristalObject:asObjectItem;cristalType:writeInt;cristalNumberLeft:writeInt	client-as3	273
AllianceMemberInfo	7753	sources/client273-as3/network/scripts/com/ankamagames/dofus/network/types/game/alliance/AllianceMemberInfo.as:10	1	avaRoleId:int	SocialMember	super:SocialMember;avaRoleId:writeInt	client-as3	273
AlliancePrismInformation	4594	sources/client273-as3/network/scripts/com/ankamagames/dofus/network/types/game/prism/AlliancePrismInformation.as:9	1	alliance:AllianceInformation	PrismInformation	super:PrismInformation;alliance:asAllianceInformation	client-as3	273
AllianceRecruitmentInformation	4753	sources/client273-as3/network/scripts/com/ankamagames/dofus/network/types/game/alliance/recruitment/AllianceRecruitmentInformation.as:9	0		SocialRecruitmentInformation	super:SocialRecruitmentInformation	client-as3	273
AlterationInfo	2959	sources/client273-as3/network/scripts/com/ankamagames/dofus/network/types/game/character/alteration/AlterationInfo.as:10	5	alterationId:uint;creationTime:Number;expirationType:uint;expirationValue:Number;effects:Vector.<ObjectEffect>		alterationId:writeUnsignedInt;creationTime:writeDouble;expirationType:writeByte;expirationValue:writeDouble;effects#len:writeShort;effects[]#typeId:writeShort;effects[]:serialize	client-as3	273
AlternativeMonstersInGroupLightInformations	6089	sources/client273-as3/network/scripts/com/ankamagames/dofus/network/types/game/context/roleplay/AlternativeMonstersInGroupLightInformations.as:8	2	playerCount:int;monsters:Vector.<MonsterInGroupLightInformations>		playerCount:writeInt;monsters#len:writeShort;monsters[]:asMonsterInGroupLightInformations	client-as3	273
AnomalySubareaInformation	4038	sources/client273-as3/network/scripts/com/ankamagames/dofus/network/types/game/context/roleplay/AnomalySubareaInformation.as:8	4	subAreaId:uint;rewardRate:int;hasAnomaly:Boolean;anomalyClosingTime:Number		subAreaId:writeVarShort;rewardRate:writeVarShort;hasAnomaly:writeBoolean;anomalyClosingTime:writeVarLong	client-as3	273
ApplicationPlayerInformation	9959	sources/client273-as3/network/scripts/com/ankamagames/dofus/network/types/game/social/application/ApplicationPlayerInformation.as:10	9	playerId:Number;playerName:String;breed:int;sex:Boolean;level:uint;accountId:uint;accountTag:String;accountNickname:String;status:PlayerStatus		playerId:writeVarLong;playerName:writeUTF;breed:writeByte;sex:writeBoolean;level:writeVarInt;accountId:writeVarInt;accountTag:writeUTF;accountNickname:writeUTF;status:asPlayerStatus	client-as3	273
ArenaLeagueRanking	3976	sources/client273-as3/network/scripts/com/ankamagames/dofus/network/types/game/context/roleplay/fight/arena/ArenaLeagueRanking.as:8	3	rating:int;leagueId:int;ladderPosition:int		rating:writeInt;leagueId:writeVarShort;ladderPosition:writeInt	client-as3	273
ArenaRankInfos	2174	sources/client273-as3/network/scripts/com/ankamagames/dofus/network/types/game/context/roleplay/fight/arena/ArenaRankInfos.as:8	9	arenaType:uint;leagueRanking:ArenaLeagueRanking;bestLeagueId:int;bestRating:int;dailyVictoryCount:uint;seasonVictoryCount:uint;dailyFightcount:uint;seasonFightcount:uint;numFightNeededForLadder:uint		arenaType:writeInt;#const0:writeByte;#const1:writeByte;leagueRanking:asArenaLeagueRanking;bestLeagueId:writeVarShort;bestRating:writeInt;dailyVictoryCount:writeVarShort;seasonVictoryCount:writeVarShort;dailyFightcount:writeVarShort;seasonFightcount:writeVarShort;numFightNeededForLadder:writeShort	client-as3	273
AtlasPointsInformations	6167	sources/client273-as3/network/scripts/com/ankamagames/dofus/network/types/game/context/roleplay/AtlasPointsInformations.as:9	2	type:uint;coords:Vector.<MapCoordinatesExtended>		type:writeByte;coords#len:writeShort;coords[]:asMapCoordinatesExtended	client-as3	273
BaseSpawnMonsterInformation	5062	sources/client273-as3/network/scripts/com/ankamagames/dofus/network/types/game/context/fight/BaseSpawnMonsterInformation.as:8	1	creatureGenericId:uint	SpawnInformation	super:SpawnInformation;creatureGenericId:writeVarShort	client-as3	273
BasicAllianceInformations	2995	sources/client273-as3/network/scripts/com/ankamagames/dofus/network/types/game/context/roleplay/BasicAllianceInformations.as:9	2	allianceId:uint;allianceTag:String	AbstractSocialGroupInfos	super:AbstractSocialGroupInfos;allianceId:writeVarInt;allianceTag:writeUTF	client-as3	273
BasicGuildInformations	4606	sources/client273-as3/network/scripts/com/ankamagames/dofus/network/types/game/context/roleplay/BasicGuildInformations.as:9	3	guildId:uint;guildName:String;guildLevel:uint	AbstractSocialGroupInfos	super:AbstractSocialGroupInfos;guildId:writeVarInt;guildName:writeUTF;guildLevel:writeByte	client-as3	273
BasicNamedAllianceInformations	5416	sources/client273-as3/network/scripts/com/ankamagames/dofus/network/types/game/context/roleplay/BasicNamedAllianceInformations.as:8	1	allianceName:String	BasicAllianceInformations	super:BasicAllianceInformations;allianceName:writeUTF	client-as3	273
BidExchangerObjectInfo	2811	sources/client273-as3/network/scripts/com/ankamagames/dofus/network/types/game/data/items/BidExchangerObjectInfo.as:10	5	objectUID:uint;objectGID:uint;objectType:uint;effects:Vector.<ObjectEffect>;prices:Vector.<Number>		objectUID:writeVarInt;objectGID:writeVarInt;objectType:writeInt;effects#len:writeShort;effects[]#typeId:writeShort;effects[]:serialize;prices#len:writeShort;prices[]:writeVarLong	client-as3	273
BreachBranch	7507	sources/client273-as3/network/scripts/com/ankamagames/dofus/network/types/game/context/roleplay/breach/BreachBranch.as:9	7	room:uint;element:uint;bosses:Vector.<MonsterInGroupLightInformations>;map:Number;score:int;relativeScore:int;monsters:Vector.<MonsterInGroupLightInformations>		room:writeByte;element:writeInt;bosses#len:writeShort;bosses[]:asMonsterInGroupLightInformations;map:writeDouble;score:writeShort;relativeScore:writeShort;monsters#len:writeShort;monsters[]:asMonsterInGroupLightInformations	client-as3	273
BreachReward	3273	sources/client273-as3/network/scripts/com/ankamagames/dofus/network/types/game/context/roleplay/breach/BreachReward.as:8	5	id:uint;buyLocks:Vector.<uint>;buyCriterion:String;remainingQty:int;price:uint		id:writeVarInt;buyLocks#len:writeShort;buyLocks[]:writeByte;buyCriterion:writeUTF;remainingQty:writeVarInt;price:writeVarInt	client-as3	273
BufferInformation	7749	sources/client273-as3/network/scripts/com/ankamagames/dofus/network/types/web/haapi/BufferInformation.as:8	2	id:Number;amount:Number		id:writeVarLong;amount:writeVarLong	client-as3	273
ChallengeInformation	1494	sources/client273-as3/network/scripts/com/ankamagames/dofus/network/types/game/context/fight/challenge/ChallengeInformation.as:9	5	challengeId:uint;targetsList:Vector.<ChallengeTargetInformation>;dropBonus:uint;xpBonus:uint;state:uint		challengeId:writeVarInt;targetsList#len:writeShort;targetsList[]#typeId:writeShort;targetsList[]:serialize;dropBonus:writeVarInt;xpBonus:writeVarInt;state:writeByte	client-as3	273
ChallengeTargetInformation	4052	sources/client273-as3/network/scripts/com/ankamagames/dofus/network/types/game/context/fight/challenge/ChallengeTargetInformation.as:8	2	targetId:Number;targetCell:int		targetId:writeDouble;targetCell:writeShort	client-as3	273
ChallengeTargetWithAttackerInformation	540	sources/client273-as3/network/scripts/com/ankamagames/dofus/network/types/game/context/fight/challenge/ChallengeTargetWithAttackerInformation.as:8	1	attackersIds:Vector.<Number>	ChallengeTargetInformation	super:ChallengeTargetInformation;attackersIds#len:writeShort;attackersIds[]:writeDouble	client-as3	273
CharacterBaseInformations	4367	sources/client273-as3/network/scripts/com/ankamagames/dofus/network/types/game/character/choice/CharacterBaseInformations.as:10	1	sex:Boolean	CharacterMinimalPlusLookInformations	super:CharacterMinimalPlusLookInformations;sex:writeBoolean	client-as3	273
CharacterBasicMinimalInformations	6994	sources/client273-as3/network/scripts/com/ankamagames/dofus/network/types/game/character/CharacterBasicMinimalInformations.as:8	1	name:String	AbstractCharacterInformation	super:AbstractCharacterInformation;name:writeUTF	client-as3	273
CharacterCharacteristic	6701	sources/client273-as3/network/scripts/com/ankamagames/dofus/network/types/game/character/characteristic/CharacterCharacteristic.as:8	1	characteristicId:int		characteristicId:writeShort	client-as3	273
CharacterCharacteristicDetailed	901	sources/client273-as3/network/scripts/com/ankamagames/dofus/network/types/game/character/characteristic/CharacterCharacteristicDetailed.as:8	5	base:int;additional:int;objectsAndMountBonus:int;alignGiftBonus:int;contextModif:int	CharacterCharacteristic	super:CharacterCharacteristic;base:writeVarInt;additional:writeVarInt;objectsAndMountBonus:writeVarInt;alignGiftBonus:writeVarInt;contextModif:writeVarInt	client-as3	273
CharacterCharacteristicForPreset	3299	sources/client273-as3/network/scripts/com/ankamagames/dofus/network/types/game/presets/CharacterCharacteristicForPreset.as:8	1	stuff:int	SimpleCharacterCharacteristicForPreset	super:SimpleCharacterCharacteristicForPreset;stuff:writeVarInt	client-as3	273
CharacterCharacteristicValue	3951	sources/client273-as3/network/scripts/com/ankamagames/dofus/network/types/game/character/characteristic/CharacterCharacteristicValue.as:8	1	total:int	CharacterCharacteristic	super:CharacterCharacteristic;total:writeInt	client-as3	273
CharacterCharacteristics	294	sources/client273-as3/network/scripts/com/ankamagames/dofus/network/types/game/character/characteristic/CharacterCharacteristics.as:9	1	characteristics:Vector.<CharacterCharacteristic>		characteristics#len:writeShort;characteristics[]#typeId:writeShort;characteristics[]:serialize	client-as3	273
CharacterCharacteristicsInformations	4504	sources/client273-as3/network/scripts/com/ankamagames/dofus/network/types/game/character/characteristic/CharacterCharacteristicsInformations.as:11	10	experience:Number;experienceLevelFloor:Number;experienceNextLevelFloor:Number;experienceBonusLimit:Number;kamas:Number;alignmentInfos:ActorExtendedAlignmentInformations;criticalHitWeapon:uint;characteristics:Vector.<CharacterCharacteristic>;spellModifiers:Vector.<SpellModifierMessage>;probationTime:Number		experience:writeVarLong;experienceLevelFloor:writeVarLong;experienceNextLevelFloor:writeVarLong;experienceBonusLimit:writeVarLong;kamas:writeVarLong;alignmentInfos:asActorExtendedAlignmentInformations;criticalHitWeapon:writeVarShort;characteristics#len:writeShort;characteristics[]#typeId:writeShort;characteristics[]:serialize;spellModifiers#len:writeShort;spellModifiers[]:asSpellModifierMessage;probationTime:writeDouble	client-as3	273
CharacterHardcoreOrEpicInformations	3983	sources/client273-as3/network/scripts/com/ankamagames/dofus/network/types/game/character/choice/CharacterHardcoreOrEpicInformations.as:9	3	deathState:uint;deathCount:uint;deathMaxLevel:uint	CharacterBaseInformations	super:CharacterBaseInformations;deathState:writeByte;deathCount:writeVarShort;deathMaxLevel:writeVarShort	client-as3	273
CharacterMinimalAllianceInformations	4814	sources/client273-as3/network/scripts/com/ankamagames/dofus/network/types/game/character/CharacterMinimalAllianceInformations.as:10	1	alliance:BasicNamedAllianceInformations	CharacterMinimalPlusLookInformations	super:CharacterMinimalPlusLookInformations;alliance:asBasicNamedAllianceInformations	client-as3	273
CharacterMinimalGuildInformations	2143	sources/client273-as3/network/scripts/com/ankamagames/dofus/network/types/game/character/CharacterMinimalGuildInformations.as:10	1	guild:BasicGuildInformations	CharacterMinimalPlusLookInformations	super:CharacterMinimalPlusLookInformations;guild:asBasicGuildInformations	client-as3	273
CharacterMinimalInformations	9474	sources/client273-as3/network/scripts/com/ankamagames/dofus/network/types/game/character/CharacterMinimalInformations.as:8	1	level:uint	CharacterBasicMinimalInformations	super:CharacterBasicMinimalInformations;level:writeVarShort	client-as3	273
CharacterMinimalPlusLookInformations	1529	sources/client273-as3/network/scripts/com/ankamagames/dofus/network/types/game/character/CharacterMinimalPlusLookInformations.as:9	2	entityLook:EntityLook;breed:int	CharacterMinimalInformations	super:CharacterMinimalInformations;entityLook:asEntityLook;breed:writeByte	client-as3	273
CharacterMinimalSocialPublicInformations	5126	sources/client273-as3/network/scripts/com/ankamagames/dofus/network/types/game/character/CharacterMinimalSocialPublicInformations.as:9	1	rank:RankPublicInformation	CharacterMinimalInformations	super:CharacterMinimalInformations;rank:asRankPublicInformation	client-as3	273
CharacterRemodelingInformation	5105	sources/client273-as3/network/scripts/com/ankamagames/dofus/network/types/game/character/choice/CharacterRemodelingInformation.as:9	5	name:String;breed:int;sex:Boolean;cosmeticId:uint;colors:Vector.<int>	AbstractCharacterInformation	super:AbstractCharacterInformation;name:writeUTF;breed:writeByte;sex:writeBoolean;cosmeticId:writeVarShort;colors#len:writeShort;colors[]:writeInt	client-as3	273
CharacterToRemodelInformations	3313	sources/client273-as3/network/scripts/com/ankamagames/dofus/network/types/game/character/choice/CharacterToRemodelInformations.as:8	2	possibleChangeMask:uint;mandatoryChangeMask:uint	CharacterRemodelingInformation	super:CharacterRemodelingInformation;possibleChangeMask:writeByte;mandatoryChangeMask:writeByte	client-as3	273
CharacterUsableCharacteristicDetailed	1943	sources/client273-as3/network/scripts/com/ankamagames/dofus/network/types/game/character/characteristic/CharacterUsableCharacteristicDetailed.as:8	1	used:uint	CharacterCharacteristicDetailed	super:CharacterCharacteristicDetailed;used:writeVarInt	client-as3	273
Contribution	7492	sources/client273-as3/network/scripts/com/ankamagames/dofus/network/types/game/guild/Contribution.as:8	3	contributorId:Number;contributorName:String;amount:Number		contributorId:writeVarLong;contributorName:writeUTF;amount:writeVarLong	client-as3	273
DebtInformation	8943	sources/client273-as3/network/scripts/com/ankamagames/dofus/network/types/game/character/debt/DebtInformation.as:8	2	id:Number;timestamp:Number		id:writeDouble;timestamp:writeDouble	client-as3	273
DecraftedItemStackInfo	2478	sources/client273-as3/network/scripts/com/ankamagames/dofus/network/types/game/context/roleplay/job/DecraftedItemStackInfo.as:8	5	objectUID:uint;bonusMin:Number;bonusMax:Number;runesId:Vector.<uint>;runesQty:Vector.<uint>		objectUID:writeVarInt;bonusMin:writeFloat;bonusMax:writeFloat;runesId#len:writeShort;runesId[]:writeVarInt;runesQty#len:writeShort;runesQty[]:writeVarInt	client-as3	273
DungeonPartyFinderPlayer	1061	sources/client273-as3/network/scripts/com/ankamagames/dofus/network/types/game/context/roleplay/party/DungeonPartyFinderPlayer.as:9	5	playerId:Number;playerName:String;breed:int;sex:Boolean;level:uint		playerId:writeVarLong;playerName:writeUTF;breed:writeByte;sex:writeBoolean;level:writeVarShort	client-as3	273
EntitiesPreset	6250	sources/client273-as3/network/scripts/com/ankamagames/dofus/network/types/game/presets/EntitiesPreset.as:8	2	iconId:uint;entityIds:Vector.<uint>	Preset	super:Preset;iconId:writeShort;entityIds#len:writeShort;entityIds[]:writeVarShort	client-as3	273
EntityDispositionInformations	2447	sources/client273-as3/network/scripts/com/ankamagames/dofus/network/types/game/context/EntityDispositionInformations.as:8	2	cellId:int;direction:uint		cellId:writeShort;direction:writeByte	client-as3	273
EntityInformation	9779	sources/client273-as3/network/scripts/com/ankamagames/dofus/network/types/game/entity/EntityInformation.as:8	3	id:uint;experience:uint;status:Boolean		id:writeVarShort;experience:writeVarInt;status:writeBoolean	client-as3	273
EntityLook	6640	sources/client273-as3/network/scripts/com/ankamagames/dofus/network/types/game/look/EntityLook.as:8	5	bonesId:uint;skins:Vector.<uint>;indexedColors:Vector.<int>;scales:Vector.<int>;subentities:Vector.<SubEntity>		bonesId:writeVarShort;skins#len:writeShort;skins[]:writeVarShort;indexedColors#len:writeShort;indexedColors[]:writeInt;scales#len:writeShort;scales[]:writeVarShort;subentities#len:writeShort;subentities[]:asSubEntity	client-as3	273
EntityMovementInformations	4990	sources/client273-as3/network/scripts/com/ankamagames/dofus/network/types/game/context/EntityMovementInformations.as:8	2	id:int;steps:Vector.<int>		id:writeInt;steps#len:writeShort;steps[]:writeByte	client-as3	273
ExtendedBreachBranch	8307	sources/client273-as3/network/scripts/com/ankamagames/dofus/network/types/game/context/roleplay/breach/ExtendedBreachBranch.as:9	3	rewards:Vector.<BreachReward>;modifier:int;prize:uint	BreachBranch	super:BreachBranch;rewards#len:writeShort;rewards[]:asBreachReward;modifier:writeVarInt;prize:writeVarInt	client-as3	273
ExtendedLockedBreachBranch	4080	sources/client273-as3/network/scripts/com/ankamagames/dofus/network/types/game/context/roleplay/breach/ExtendedLockedBreachBranch.as:9	1	unlockPrice:uint	ExtendedBreachBranch	super:ExtendedBreachBranch;unlockPrice:writeVarInt	client-as3	273
FightAllianceTeamInformations	8585	sources/client273-as3/network/scripts/com/ankamagames/dofus/network/types/game/context/fight/FightAllianceTeamInformations.as:8	1	relation:uint	FightTeamInformations	super:FightTeamInformations;relation:writeByte	client-as3	273
FightCommonInformations	9113	sources/client273-as3/network/scripts/com/ankamagames/dofus/network/types/game/context/fight/FightCommonInformations.as:9	5	fightId:uint;fightType:uint;fightTeams:Vector.<FightTeamInformations>;fightTeamsPositions:Vector.<uint>;fightTeamsOptions:Vector.<FightOptionsInformations>		fightId:writeVarShort;fightType:writeByte;fightTeams#len:writeShort;fightTeams[]#typeId:writeShort;fightTeams[]:serialize;fightTeamsPositions#len:writeShort;fightTeamsPositions[]:writeVarShort;fightTeamsOptions#len:writeShort;fightTeamsOptions[]:asFightOptionsInformations	client-as3	273
FightDetailedTemporaryBoostEffect	2061	sources/client273-as3/network/scripts/com/ankamagames/dofus/network/types/game/actions/fight/FightDetailedTemporaryBoostEffect.as:8	3	param1:int;param2:int;param3:int	FightTemporaryBoostEffect	super:FightTemporaryBoostEffect;param1:writeInt;param2:writeInt;param3:writeInt	client-as3	273
FightDispellableEffectExtendedInformations	8836	sources/client273-as3/network/scripts/com/ankamagames/dofus/network/types/game/action/fight/FightDispellableEffectExtendedInformations.as:10	3	actionId:uint;sourceId:Number;effect:AbstractFightDispellableEffect		actionId:writeVarShort;sourceId:writeDouble;#typeId:writeShort;effect:serialize	client-as3	273
FightEntityDispositionInformations	3736	sources/client273-as3/network/scripts/com/ankamagames/dofus/network/types/game/context/FightEntityDispositionInformations.as:8	1	carryingCharacterId:Number	EntityDispositionInformations	super:EntityDispositionInformations;carryingCharacterId:writeDouble	client-as3	273
FightExternalInformations	3630	sources/client273-as3/network/scripts/com/ankamagames/dofus/network/types/game/context/fight/FightExternalInformations.as:8	6	fightId:uint;fightType:uint;fightStart:uint;fightSpectatorLocked:Boolean;fightTeams:Vector.<FightTeamLightInformations>;fightTeamsOptions:Vector.<FightOptionsInformations>		fightId:writeVarShort;fightType:writeByte;fightStart:writeInt;fightSpectatorLocked:writeBoolean;fightTeams[]:asFightTeamLightInformations;fightTeamsOptions[]:asFightOptionsInformations	client-as3	273
FightLoot	3066	sources/client273-as3/network/scripts/com/ankamagames/dofus/network/types/game/context/fight/FightLoot.as:8	2	objects:Vector.<FightLootObject>;kamas:Number		objects#len:writeShort;objects[]:asFightLootObject;kamas:writeVarLong	client-as3	273
FightLootObject	5840	sources/client273-as3/network/scripts/com/ankamagames/dofus/network/types/game/context/fight/FightLootObject.as:8	3	objectId:int;quantity:int;priorityHint:int		objectId:writeInt;quantity:writeInt;priorityHint:writeInt	client-as3	273
FightOptionsInformations	1574	sources/client273-as3/network/scripts/com/ankamagames/dofus/network/types/game/context/fight/FightOptionsInformations.as:9	4	isSecret:Boolean;isRestrictedToPartyOnly:Boolean;isClosed:Boolean;isAskingForHelp:Boolean		isSecret:bit0;isRestrictedToPartyOnly:bit1;isClosed:bit2;isAskingForHelp:bit3;#local:writeByte	client-as3	273
FightPhase	2770	sources/client273-as3/network/scripts/com/ankamagames/dofus/network/types/game/context/fight/FightPhase.as:8	2	phase:uint;phaseEndTimeStamp:Number		phase:writeByte;phaseEndTimeStamp:writeDouble	client-as3	273
FightResultAdditionalData	8078	sources/client273-as3/network/scripts/com/ankamagames/dofus/network/types/game/context/fight/FightResultAdditionalData.as:8	0				client-as3	273
FightResultExperienceData	5571	sources/client273-as3/network/scripts/com/ankamagames/dofus/network/types/game/context/fight/FightResultExperienceData.as:9	14	experience:Number;showExperience:Boolean;experienceLevelFloor:Number;showExperienceLevelFloor:Boolean;experienceNextLevelFloor:Number;showExperienceNextLevelFloor:Boolean;experienceFightDelta:Number;showExperienceFightDelta:Boolean;experienceForGuild:Number;showExperienceForGuild:Boolean;experienceForMount:Number;showExperienceForMount:Boolean;isIncarnationExperience:Boolean;rerollExperienceMul:uint	FightResultAdditionalData	super:FightResultAdditionalData;showExperience:bit0;showExperienceLevelFloor:bit1;showExperienceNextLevelFloor:bit2;showExperienceFightDelta:bit3;showExperienceForGuild:bit4;showExperienceForMount:bit5;isIncarnationExperience:bit6;#local:writeByte;experience:writeVarLong;experienceLevelFloor:writeVarLong;experienceNextLevelFloor:writeVarLong;experienceFightDelta:writeVarLong;experienceForGuild:writeVarLong;experienceForMount:writeVarLong;rerollExperienceMul:writeByte	client-as3	273
FightResultFighterListEntry	613	sources/client273-as3/network/scripts/com/ankamagames/dofus/network/types/game/context/fight/FightResultFighterListEntry.as:8	2	id:Number;alive:Boolean	FightResultListEntry	super:FightResultListEntry;id:writeDouble;alive:writeBoolean	client-as3	273
FightResultListEntry	3594	sources/client273-as3/network/scripts/com/ankamagames/dofus/network/types/game/context/fight/FightResultListEntry.as:8	3	outcome:uint;wave:uint;rewards:FightLoot		outcome:writeVarShort;wave:writeByte;rewards:asFightLoot	client-as3	273
FightResultMutantListEntry	2795	sources/client273-as3/network/scripts/com/ankamagames/dofus/network/types/game/context/fight/FightResultMutantListEntry.as:8	1	level:uint	FightResultFighterListEntry	super:FightResultFighterListEntry;level:writeVarShort	client-as3	273
FightResultPlayerListEntry	6813	sources/client273-as3/network/scripts/com/ankamagames/dofus/network/types/game/context/fight/FightResultPlayerListEntry.as:9	2	level:uint;additional:Vector.<FightResultAdditionalData>	FightResultFighterListEntry	super:FightResultFighterListEntry;level:writeVarShort;additional#len:writeShort;additional[]#typeId:writeShort;additional[]:serialize	client-as3	273
FightResultPvpData	7233	sources/client273-as3/network/scripts/com/ankamagames/dofus/network/types/game/context/fight/FightResultPvpData.as:8	5	grade:uint;minHonorForGrade:uint;maxHonorForGrade:uint;honor:uint;honorDelta:int	FightResultAdditionalData	super:FightResultAdditionalData;grade:writeByte;minHonorForGrade:writeVarShort;maxHonorForGrade:writeVarShort;honor:writeVarShort;honorDelta:writeVarShort	client-as3	273
FightResultTaxCollectorListEntry	6507	sources/client273-as3/network/scripts/com/ankamagames/dofus/network/types/game/context/fight/FightResultTaxCollectorListEntry.as:9	1	allianceInfo:BasicAllianceInformations	FightResultFighterListEntry	super:FightResultFighterListEntry;allianceInfo:asBasicAllianceInformations	client-as3	273
FightStartingPositions	5557	sources/client273-as3/network/scripts/com/ankamagames/dofus/network/types/game/context/fight/FightStartingPositions.as:8	2	positionsForChallengers:Vector.<uint>;positionsForDefenders:Vector.<uint>		positionsForChallengers#len:writeShort;positionsForChallengers[]:writeVarShort;positionsForDefenders#len:writeShort;positionsForDefenders[]:writeVarShort	client-as3	273
FightTeamInformations	3291	sources/client273-as3/network/scripts/com/ankamagames/dofus/network/types/game/context/fight/FightTeamInformations.as:9	1	teamMembers:Vector.<FightTeamMemberInformations>	AbstractFightTeamInformations	super:AbstractFightTeamInformations;teamMembers#len:writeShort;teamMembers[]#typeId:writeShort;teamMembers[]:serialize	client-as3	273
FightTeamLightInformations	6964	sources/client273-as3/network/scripts/com/ankamagames/dofus/network/types/game/context/fight/FightTeamLightInformations.as:9	7	teamMembersCount:uint;meanLevel:uint;hasFriend:Boolean;hasGuildMember:Boolean;hasAllianceMember:Boolean;hasGroupMember:Boolean;hasMyTaxCollector:Boolean	AbstractFightTeamInformations	super:AbstractFightTeamInformations;hasFriend:bit0;hasGuildMember:bit1;hasAllianceMember:bit2;hasGroupMember:bit3;hasMyTaxCollector:bit4;#local:writeByte;teamMembersCount:writeByte;meanLevel:writeVarInt	client-as3	273
FightTeamMemberCharacterInformations	4535	sources/client273-as3/network/scripts/com/ankamagames/dofus/network/types/game/context/fight/FightTeamMemberCharacterInformations.as:8	2	name:String;level:uint	FightTeamMemberInformations	super:FightTeamMemberInformations;name:writeUTF;level:writeVarShort	client-as3	273
FightTeamMemberEntityInformation	5854	sources/client273-as3/network/scripts/com/ankamagames/dofus/network/types/game/context/fight/FightTeamMemberEntityInformation.as:8	3	entityModelId:uint;level:uint;masterId:Number	FightTeamMemberInformations	super:FightTeamMemberInformations;entityModelId:writeByte;level:writeVarShort;masterId:writeDouble	client-as3	273
FightTeamMemberInformations	9810	sources/client273-as3/network/scripts/com/ankamagames/dofus/network/types/game/context/fight/FightTeamMemberInformations.as:8	1	id:Number		id:writeDouble	client-as3	273
FightTeamMemberMonsterInformations	7397	sources/client273-as3/network/scripts/com/ankamagames/dofus/network/types/game/context/fight/FightTeamMemberMonsterInformations.as:8	2	monsterId:int;grade:uint	FightTeamMemberInformations	super:FightTeamMemberInformations;monsterId:writeInt;grade:writeByte	client-as3	273
FightTeamMemberTaxCollectorInformations	4832	sources/client273-as3/network/scripts/com/ankamagames/dofus/network/types/game/context/fight/FightTeamMemberTaxCollectorInformations.as:8	4	firstNameId:uint;lastNameId:uint;groupId:uint;uid:Number	FightTeamMemberInformations	super:FightTeamMemberInformations;firstNameId:writeVarShort;lastNameId:writeVarShort;groupId:writeVarInt;uid:writeDouble	client-as3	273
FightTeamMemberWithAllianceCharacterInformations	793	sources/client273-as3/network/scripts/com/ankamagames/dofus/network/types/game/context/fight/FightTeamMemberWithAllianceCharacterInformations.as:9	1	allianceInfos:BasicAllianceInformations	FightTeamMemberCharacterInformations	super:FightTeamMemberCharacterInformations;allianceInfos:asBasicAllianceInformations	client-as3	273
FightTemporaryBoostEffect	2521	sources/client273-as3/network/scripts/com/ankamagames/dofus/network/types/game/actions/fight/FightTemporaryBoostEffect.as:8	1	delta:int	AbstractFightDispellableEffect	super:AbstractFightDispellableEffect;delta:writeInt	client-as3	273
FightTemporaryBoostStateEffect	4574	sources/client273-as3/network/scripts/com/ankamagames/dofus/network/types/game/actions/fight/FightTemporaryBoostStateEffect.as:8	1	stateId:int	FightTemporaryBoostEffect	super:FightTemporaryBoostEffect;stateId:writeShort	client-as3	273
FightTemporaryBoostWeaponDamagesEffect	9695	sources/client273-as3/network/scripts/com/ankamagames/dofus/network/types/game/actions/fight/FightTemporaryBoostWeaponDamagesEffect.as:8	1	weaponTypeId:int	FightTemporaryBoostEffect	super:FightTemporaryBoostEffect;weaponTypeId:writeShort	client-as3	273
FightTemporarySpellBoostEffect	7119	sources/client273-as3/network/scripts/com/ankamagames/dofus/network/types/game/actions/fight/FightTemporarySpellBoostEffect.as:8	1	boostedSpellId:uint	FightTemporaryBoostEffect	super:FightTemporaryBoostEffect;boostedSpellId:writeVarShort	client-as3	273
FightTemporarySpellImmunityEffect	3450	sources/client273-as3/network/scripts/com/ankamagames/dofus/network/types/game/actions/fight/FightTemporarySpellImmunityEffect.as:8	1	immuneSpellId:int	AbstractFightDispellableEffect	super:AbstractFightDispellableEffect;immuneSpellId:writeInt	client-as3	273
FightTriggeredEffect	5487	sources/client273-as3/network/scripts/com/ankamagames/dofus/network/types/game/actions/fight/FightTriggeredEffect.as:8	4	param1:int;param2:int;param3:int;delay:int	AbstractFightDispellableEffect	super:AbstractFightDispellableEffect;param1:writeInt;param2:writeInt;param3:writeInt;delay:writeShort	client-as3	273
FinishMoveInformations	8829	sources/client273-as3/network/scripts/com/ankamagames/dofus/network/types/game/finishmoves/FinishMoveInformations.as:8	2	finishMoveId:uint;finishMoveState:Boolean		finishMoveId:writeInt;finishMoveState:writeBoolean	client-as3	273
ForgettableSpellItem	2798	sources/client273-as3/network/scripts/com/ankamagames/dofus/network/types/game/data/items/ForgettableSpellItem.as:8	1	available:Boolean	SpellItem	super:SpellItem;available:writeBoolean	client-as3	273
ForgettableSpellsPreset	6253	sources/client273-as3/network/scripts/com/ankamagames/dofus/network/types/game/presets/ForgettableSpellsPreset.as:8	2	baseSpellsPreset:SpellsPreset;forgettableSpells:Vector.<SpellForPreset>	Preset	super:Preset;baseSpellsPreset:asSpellsPreset;forgettableSpells#len:writeShort;forgettableSpells[]:asSpellForPreset	client-as3	273
FriendInformations	861	sources/client273-as3/network/scripts/com/ankamagames/dofus/network/types/game/friend/FriendInformations.as:9	5	playerState:uint;lastConnection:uint;achievementPoints:int;leagueId:int;ladderPosition:int	AbstractContactInformations	super:AbstractContactInformations;playerState:writeByte;lastConnection:writeVarShort;achievementPoints:writeInt;leagueId:writeVarShort;ladderPosition:writeInt	client-as3	273
FriendOnlineInformations	9348	sources/client273-as3/network/scripts/com/ankamagames/dofus/network/types/game/friend/FriendOnlineInformations.as:14	10	playerId:Number;playerName:String;level:uint;alignmentSide:int;breed:int;sex:Boolean;guildInfo:GuildInformations;moodSmileyId:uint;status:PlayerStatus;havenBagShared:Boolean	FriendInformations	super:FriendInformations;sex:bit0;havenBagShared:bit1;#local:writeByte;playerId:writeVarLong;playerName:writeUTF;level:writeVarShort;alignmentSide:writeByte;breed:writeByte;guildInfo:asGuildInformations;moodSmileyId:writeVarShort;#typeId:writeShort;status:serialize	client-as3	273
FriendSpouseInformations	8260	sources/client273-as3/network/scripts/com/ankamagames/dofus/network/types/game/friend/FriendSpouseInformations.as:10	9	spouseAccountId:uint;spouseId:Number;spouseName:String;spouseLevel:uint;breed:int;sex:int;spouseEntityLook:EntityLook;guildInfo:GuildInformations;alignmentSide:int		spouseAccountId:writeInt;spouseId:writeVarLong;spouseName:writeUTF;spouseLevel:writeVarShort;breed:writeByte;sex:writeByte;spouseEntityLook:asEntityLook;guildInfo:asGuildInformations;alignmentSide:writeByte	client-as3	273
FriendSpouseOnlineInformations	8676	sources/client273-as3/network/scripts/com/ankamagames/dofus/network/types/game/friend/FriendSpouseOnlineInformations.as:11	4	mapId:Number;subAreaId:uint;inFight:Boolean;followSpouse:Boolean	FriendSpouseInformations	super:FriendSpouseInformations;inFight:bit0;followSpouse:bit1;#local:writeByte;mapId:writeDouble;subAreaId:writeVarShort	client-as3	273
FullStatsPreset	4653	sources/client273-as3/network/scripts/com/ankamagames/dofus/network/types/game/presets/FullStatsPreset.as:8	1	stats:Vector.<CharacterCharacteristicForPreset>	Preset	super:Preset;stats#len:writeShort;stats[]:asCharacterCharacteristicForPreset	client-as3	273
GameActionItem	7527	sources/client273-as3/network/scripts/com/ankamagames/dofus/network/types/game/startup/GameActionItem.as:9	6	uid:uint;title:String;text:String;descUrl:String;pictureUrl:String;items:Vector.<ObjectItemInformationWithQuantity>		uid:writeInt;title:writeUTF;text:writeUTF;descUrl:writeUTF;pictureUrl:writeUTF;items#len:writeShort;items[]:asObjectItemInformationWithQuantity	client-as3	273
GameActionMark	8022	sources/client273-as3/network/scripts/com/ankamagames/dofus/network/types/game/actions/fight/GameActionMark.as:8	9	markAuthorId:Number;markTeamId:uint;markSpellId:uint;markSpellLevel:int;markId:int;markType:int;markimpactCell:int;cells:Vector.<GameActionMarkedCell>;active:Boolean		markAuthorId:writeDouble;markTeamId:writeByte;markSpellId:writeInt;markSpellLevel:writeShort;markId:writeShort;markType:writeByte;markimpactCell:writeShort;cells#len:writeShort;cells[]:asGameActionMarkedCell;active:writeBoolean	client-as3	273
GameActionMarkedCell	5710	sources/client273-as3/network/scripts/com/ankamagames/dofus/network/types/game/actions/fight/GameActionMarkedCell.as:8	4	cellId:uint;zoneSize:int;cellColor:int;cellsType:int		cellId:writeVarShort;zoneSize:writeByte;cellColor:writeInt;cellsType:writeByte	client-as3	273
GameContextActorInformations	9060	sources/client273-as3/network/scripts/com/ankamagames/dofus/network/types/game/context/GameContextActorInformations.as:9	1	look:EntityLook	GameContextActorPositionInformations	super:GameContextActorPositionInformations;look:asEntityLook	client-as3	273
GameContextActorPositionInformations	3056	sources/client273-as3/network/scripts/com/ankamagames/dofus/network/types/game/context/GameContextActorPositionInformations.as:9	2	contextualId:Number;disposition:EntityDispositionInformations		contextualId:writeDouble;#typeId:writeShort;disposition:serialize	client-as3	273
GameContextBasicSpawnInformation	1891	sources/client273-as3/network/scripts/com/ankamagames/dofus/network/types/game/context/fight/GameContextBasicSpawnInformation.as:10	3	teamId:uint;alive:Boolean;informations:GameContextActorPositionInformations		teamId:writeByte;alive:writeBoolean;#typeId:writeShort;informations:serialize	client-as3	273
GameContextSummonsInformation	5419	sources/client273-as3/network/scripts/com/ankamagames/dofus/network/types/game/context/fight/GameContextSummonsInformation.as:10	5	spawnInformation:SpawnInformation;wave:uint;look:EntityLook;stats:GameFightCharacteristics;summons:Vector.<GameContextBasicSpawnInformation>		#typeId:writeShort;spawnInformation:serialize;wave:writeByte;look:asEntityLook;#typeId:writeShort;stats:serialize;summons#len:writeShort;summons[]#typeId:writeShort;summons[]:serialize	client-as3	273
GameFightAIInformations	8061	sources/client273-as3/network/scripts/com/ankamagames/dofus/network/types/game/context/fight/GameFightAIInformations.as:10	0		GameFightFighterInformations	super:GameFightFighterInformations	client-as3	273
GameFightCharacterInformations	3578	sources/client273-as3/network/scripts/com/ankamagames/dofus/network/types/game/context/fight/GameFightCharacterInformations.as:12	4	level:uint;alignmentInfos:ActorAlignmentInformations;breed:int;sex:Boolean	GameFightFighterNamedInformations	super:GameFightFighterNamedInformations;level:writeVarShort;alignmentInfos:asActorAlignmentInformations;breed:writeByte;sex:writeBoolean	client-as3	273
GameFightCharacteristics	714	sources/client273-as3/network/scripts/com/ankamagames/dofus/network/types/game/context/fight/GameFightCharacteristics.as:9	4	characteristics:CharacterCharacteristics;summoner:Number;summoned:Boolean;invisibilityState:uint		characteristics:asCharacterCharacteristics;summoner:writeDouble;summoned:writeBoolean;invisibilityState:writeByte	client-as3	273
GameFightEffectTriggerCount	7405	sources/client273-as3/network/scripts/com/ankamagames/dofus/network/types/game/context/fight/GameFightEffectTriggerCount.as:8	3	effectId:uint;targetId:Number;count:uint		effectId:writeVarInt;targetId:writeDouble;count:writeShort	client-as3	273
GameFightEntityInformation	4556	sources/client273-as3/network/scripts/com/ankamagames/dofus/network/types/game/context/fight/GameFightEntityInformation.as:10	3	entityModelId:uint;level:uint;masterId:Number	GameFightFighterInformations	super:GameFightFighterInformations;entityModelId:writeByte;level:writeVarShort;masterId:writeDouble	client-as3	273
GameFightFighterEntityLightInformation	3181	sources/client273-as3/network/scripts/com/ankamagames/dofus/network/types/game/context/fight/GameFightFighterEntityLightInformation.as:8	2	entityModelId:uint;masterId:Number	GameFightFighterLightInformations	super:GameFightFighterLightInformations;entityModelId:writeByte;masterId:writeDouble	client-as3	273
GameFightFighterInformations	5601	sources/client273-as3/network/scripts/com/ankamagames/dofus/network/types/game/context/fight/GameFightFighterInformations.as:12	4	spawnInfo:GameContextBasicSpawnInformation;wave:uint;stats:GameFightCharacteristics;previousPositions:Vector.<uint>	GameContextActorInformations	super:GameContextActorInformations;spawnInfo:asGameContextBasicSpawnInformation;wave:writeByte;#typeId:writeShort;stats:serialize;previousPositions#len:writeShort;previousPositions[]:writeVarShort	client-as3	273
GameFightFighterLightInformations	4794	sources/client273-as3/network/scripts/com/ankamagames/dofus/network/types/game/context/fight/GameFightFighterLightInformations.as:9	6	id:Number;wave:uint;level:uint;breed:int;sex:Boolean;alive:Boolean		sex:bit0;alive:bit1;#local:writeByte;id:writeDouble;wave:writeByte;level:writeVarShort;breed:writeByte	client-as3	273
GameFightFighterMonsterLightInformations	3925	sources/client273-as3/network/scripts/com/ankamagames/dofus/network/types/game/context/fight/GameFightFighterMonsterLightInformations.as:8	1	creatureGenericId:uint	GameFightFighterLightInformations	super:GameFightFighterLightInformations;creatureGenericId:writeVarShort	client-as3	273
GameFightFighterNamedInformations	4176	sources/client273-as3/network/scripts/com/ankamagames/dofus/network/types/game/context/fight/GameFightFighterNamedInformations.as:11	5	name:String;status:PlayerStatus;leagueId:int;ladderPosition:int;hiddenInPrefight:Boolean	GameFightFighterInformations	super:GameFightFighterInformations;name:writeUTF;status:asPlayerStatus;leagueId:writeVarShort;ladderPosition:writeInt;hiddenInPrefight:writeBoolean	client-as3	273
GameFightFighterNamedLightInformations	5195	sources/client273-as3/network/scripts/com/ankamagames/dofus/network/types/game/context/fight/GameFightFighterNamedLightInformations.as:8	1	name:String	GameFightFighterLightInformations	super:GameFightFighterLightInformations;name:writeUTF	client-as3	273
GameFightFighterTaxCollectorLightInformations	3310	sources/client273-as3/network/scripts/com/ankamagames/dofus/network/types/game/context/fight/GameFightFighterTaxCollectorLightInformations.as:8	2	firstNameId:uint;lastNameId:uint	GameFightFighterLightInformations	super:GameFightFighterLightInformations;firstNameId:writeVarShort;lastNameId:writeVarShort	client-as3	273
GameFightMonsterInformations	1792	sources/client273-as3/network/scripts/com/ankamagames/dofus/network/types/game/context/fight/GameFightMonsterInformations.as:10	3	creatureGenericId:uint;creatureGrade:uint;creatureLevel:uint	GameFightAIInformations	super:GameFightAIInformations;creatureGenericId:writeVarShort;creatureGrade:writeByte;creatureLevel:writeShort	client-as3	273
GameFightMonsterWithAlignmentInformations	7656	sources/client273-as3/network/scripts/com/ankamagames/dofus/network/types/game/context/fight/GameFightMonsterWithAlignmentInformations.as:11	1	alignmentInfos:ActorAlignmentInformations	GameFightMonsterInformations	super:GameFightMonsterInformations;alignmentInfos:asActorAlignmentInformations	client-as3	273
GameFightMutantInformations	419	sources/client273-as3/network/scripts/com/ankamagames/dofus/network/types/game/context/fight/GameFightMutantInformations.as:11	1	powerLevel:uint	GameFightFighterNamedInformations	super:GameFightFighterNamedInformations;powerLevel:writeByte	client-as3	273
GameFightResumeSlaveInfo	6502	sources/client273-as3/network/scripts/com/ankamagames/dofus/network/types/game/context/fight/GameFightResumeSlaveInfo.as:8	4	slaveId:Number;spellCooldowns:Vector.<GameFightSpellCooldown>;summonCount:uint;bombCount:uint		slaveId:writeDouble;spellCooldowns#len:writeShort;spellCooldowns[]:asGameFightSpellCooldown;summonCount:writeByte;bombCount:writeByte	client-as3	273
GameFightSpellCooldown	9361	sources/client273-as3/network/scripts/com/ankamagames/dofus/network/types/game/context/fight/GameFightSpellCooldown.as:8	2	spellId:int;cooldown:uint		spellId:writeInt;cooldown:writeByte	client-as3	273
GameFightTaxCollectorInformations	7175	sources/client273-as3/network/scripts/com/ankamagames/dofus/network/types/game/context/fight/GameFightTaxCollectorInformations.as:10	2	firstNameId:uint;lastNameId:uint	GameFightAIInformations	super:GameFightAIInformations;firstNameId:writeVarShort;lastNameId:writeVarShort	client-as3	273
GameRolePlayActorInformations	8764	sources/client273-as3/network/scripts/com/ankamagames/dofus/network/types/game/context/roleplay/GameRolePlayActorInformations.as:11	0		GameContextActorInformations	super:GameContextActorInformations	client-as3	273
GameRolePlayCharacterInformations	9304	sources/client273-as3/network/scripts/com/ankamagames/dofus/network/types/game/context/roleplay/GameRolePlayCharacterInformations.as:11	1	alignmentInfos:ActorAlignmentInformations	GameRolePlayHumanoidInformations	super:GameRolePlayHumanoidInformations;alignmentInfos:asActorAlignmentInformations	client-as3	273
GameRolePlayGroupMonsterInformations	7360	sources/client273-as3/network/scripts/com/ankamagames/dofus/network/types/game/context/roleplay/GameRolePlayGroupMonsterInformations.as:11	4	staticInfos:GroupMonsterStaticInformations;lootShare:int;alignmentSide:int;hasHardcoreDrop:Boolean	GameRolePlayActorInformations	super:GameRolePlayActorInformations;#typeId:writeShort;staticInfos:serialize;lootShare:writeByte;alignmentSide:writeByte;hasHardcoreDrop:writeBoolean	client-as3	273
GameRolePlayGroupMonsterWaveInformations	6822	sources/client273-as3/network/scripts/com/ankamagames/dofus/network/types/game/context/roleplay/GameRolePlayGroupMonsterWaveInformations.as:11	2	nbWaves:uint;alternatives:Vector.<GroupMonsterStaticInformations>	GameRolePlayGroupMonsterInformations	super:GameRolePlayGroupMonsterInformations;nbWaves:writeByte;alternatives#len:writeShort;alternatives[]#typeId:writeShort;alternatives[]:serialize	client-as3	273
GameRolePlayHumanoidInformations	9318	sources/client273-as3/network/scripts/com/ankamagames/dofus/network/types/game/context/roleplay/GameRolePlayHumanoidInformations.as:11	2	humanoidInfo:HumanInformations;accountId:uint	GameRolePlayNamedActorInformations	super:GameRolePlayNamedActorInformations;#typeId:writeShort;humanoidInfo:serialize;accountId:writeInt	client-as3	273
GameRolePlayMountInformations	9212	sources/client273-as3/network/scripts/com/ankamagames/dofus/network/types/game/context/roleplay/GameRolePlayMountInformations.as:10	2	ownerName:String;level:uint	GameRolePlayNamedActorInformations	super:GameRolePlayNamedActorInformations;ownerName:writeUTF;level:writeByte	client-as3	273
GameRolePlayMutantInformations	2574	sources/client273-as3/network/scripts/com/ankamagames/dofus/network/types/game/context/roleplay/GameRolePlayMutantInformations.as:10	2	monsterId:uint;powerLevel:int	GameRolePlayHumanoidInformations	super:GameRolePlayHumanoidInformations;monsterId:writeVarShort;powerLevel:writeByte	client-as3	273
GameRolePlayNamedActorInformations	2808	sources/client273-as3/network/scripts/com/ankamagames/dofus/network/types/game/context/roleplay/GameRolePlayNamedActorInformations.as:10	1	name:String	GameRolePlayActorInformations	super:GameRolePlayActorInformations;name:writeUTF	client-as3	273
GameRolePlayNpcInformations	8347	sources/client273-as3/network/scripts/com/ankamagames/dofus/network/types/game/context/roleplay/GameRolePlayNpcInformations.as:10	3	npcId:uint;sex:Boolean;specialArtworkId:uint	GameRolePlayActorInformations	super:GameRolePlayActorInformations;npcId:writeVarShort;sex:writeBoolean;specialArtworkId:writeVarShort	client-as3	273
GameRolePlayNpcQuestFlag	6478	sources/client273-as3/network/scripts/com/ankamagames/dofus/network/types/game/context/roleplay/quest/GameRolePlayNpcQuestFlag.as:8	2	questsToValidId:Vector.<uint>;questsToStartId:Vector.<uint>		questsToValidId#len:writeShort;questsToValidId[]:writeVarShort;questsToStartId#len:writeShort;questsToStartId[]:writeVarShort	client-as3	273
GameRolePlayNpcWithQuestInformations	7588	sources/client273-as3/network/scripts/com/ankamagames/dofus/network/types/game/context/roleplay/GameRolePlayNpcWithQuestInformations.as:11	1	questFlag:GameRolePlayNpcQuestFlag	GameRolePlayNpcInformations	super:GameRolePlayNpcInformations;questFlag:asGameRolePlayNpcQuestFlag	client-as3	273
GameRolePlayPortalInformations	9999	sources/client273-as3/network/scripts/com/ankamagames/dofus/network/types/game/context/roleplay/GameRolePlayPortalInformations.as:12	1	portal:PortalInformation	GameRolePlayActorInformations	super:GameRolePlayActorInformations;#typeId:writeShort;portal:serialize	client-as3	273
GameRolePlayPrismInformations	7369	sources/client273-as3/network/scripts/com/ankamagames/dofus/network/types/game/context/roleplay/GameRolePlayPrismInformations.as:12	1	prism:PrismInformation	GameRolePlayActorInformations	super:GameRolePlayActorInformations;#typeId:writeShort;prism:serialize	client-as3	273
GameRolePlayTaxCollectorInformations	4101	sources/client273-as3/network/scripts/com/ankamagames/dofus/network/types/game/context/GameRolePlayTaxCollectorInformations.as:11	2	identification:TaxCollectorStaticInformations;taxCollectorAttack:int	GameRolePlayActorInformations	super:GameRolePlayActorInformations;#typeId:writeShort;identification:serialize;taxCollectorAttack:writeInt	client-as3	273
GameRolePlayTreasureHintInformations	9279	sources/client273-as3/network/scripts/com/ankamagames/dofus/network/types/game/context/roleplay/GameRolePlayTreasureHintInformations.as:10	1	npcId:uint	GameRolePlayActorInformations	super:GameRolePlayActorInformations;npcId:writeVarShort	client-as3	273
GameServerInformations	4792	sources/client273-as3/network/scripts/com/ankamagames/dofus/network/types/connection/GameServerInformations.as:9	9	id:uint;type:int;isMonoAccount:Boolean;status:uint;completion:uint;isSelectable:Boolean;charactersCount:uint;charactersSlots:uint;date:Number		isMonoAccount:bit0;isSelectable:bit1;#local:writeByte;id:writeVarShort;type:writeByte;status:writeByte;completion:writeByte;charactersCount:writeByte;charactersSlots:writeByte;date:writeDouble	client-as3	273
GoldItem	8076	sources/client273-as3/network/scripts/com/ankamagames/dofus/network/types/game/data/items/GoldItem.as:8	1	sum:Number	Item	super:Item;sum:writeVarLong	client-as3	273
GroupMonsterStaticInformations	5953	sources/client273-as3/network/scripts/com/ankamagames/dofus/network/types/game/context/roleplay/GroupMonsterStaticInformations.as:8	2	mainCreatureLightInfos:MonsterInGroupLightInformations;underlings:Vector.<MonsterInGroupInformations>		mainCreatureLightInfos:asMonsterInGroupLightInformations;underlings#len:writeShort;underlings[]:asMonsterInGroupInformations	client-as3	273
GroupMonsterStaticInformationsWithAlternatives	4829	sources/client273-as3/network/scripts/com/ankamagames/dofus/network/types/game/context/roleplay/GroupMonsterStaticInformationsWithAlternatives.as:8	1	alternatives:Vector.<AlternativeMonstersInGroupLightInformations>	GroupMonsterStaticInformations	super:GroupMonsterStaticInformations;alternatives#len:writeShort;alternatives[]:asAlternativeMonstersInGroupLightInformations	client-as3	273
GuildFactSheetInformations	643	sources/client273-as3/network/scripts/com/ankamagames/dofus/network/types/game/social/GuildFactSheetInformations.as:10	5	leaderId:Number;nbMembers:uint;lastActivityDay:uint;recruitment:GuildRecruitmentInformation;nbPendingApply:uint	GuildInformations	super:GuildInformations;leaderId:writeVarLong;nbMembers:writeVarShort;lastActivityDay:writeShort;recruitment:asGuildRecruitmentInformation;nbPendingApply:writeInt	client-as3	273
GuildInformations	7929	sources/client273-as3/network/scripts/com/ankamagames/dofus/network/types/game/context/roleplay/GuildInformations.as:9	1	guildEmblem:SocialEmblem	BasicGuildInformations	super:BasicGuildInformations;guildEmblem:asSocialEmblem	client-as3	273
GuildInsiderFactSheetInformations	9836	sources/client273-as3/network/scripts/com/ankamagames/dofus/network/types/game/social/GuildInsiderFactSheetInformations.as:9	1	leaderName:String	GuildFactSheetInformations	super:GuildFactSheetInformations;leaderName:writeUTF	client-as3	273
GuildLevelUpActivity	3398	sources/client273-as3/network/scripts/com/ankamagames/dofus/network/types/game/guild/logbook/global/GuildLevelUpActivity.as:9	1	newGuildLevel:uint	GuildLogbookEntryBasicInformation	super:GuildLogbookEntryBasicInformation;newGuildLevel:writeByte	client-as3	273
GuildLogbookChestActivity	9067	sources/client273-as3/network/scripts/com/ankamagames/dofus/network/types/game/guild/logbook/chest/GuildLogbookChestActivity.as:10	7	playerId:Number;playerName:String;eventType:uint;quantity:uint;object:ObjectItemNotInContainer;sourceTabId:uint;destinationTabId:uint	GuildLogbookEntryBasicInformation	super:GuildLogbookEntryBasicInformation;playerId:writeVarLong;playerName:writeUTF;eventType:writeByte;quantity:writeInt;object:asObjectItemNotInContainer;sourceTabId:writeInt;destinationTabId:writeInt	client-as3	273
GuildLogbookEntryBasicInformation	8590	sources/client273-as3/network/scripts/com/ankamagames/dofus/network/types/game/guild/logbook/GuildLogbookEntryBasicInformation.as:8	2	id:uint;date:Number		id:writeVarInt;date:writeDouble	client-as3	273
GuildMemberInfo	4949	sources/client273-as3/network/scripts/com/ankamagames/dofus/network/types/game/guild/GuildMemberInfo.as:11	7	givenExperience:Number;experienceGivenPercent:uint;alignmentSide:int;moodSmileyId:uint;achievementPoints:int;havenBagShared:Boolean;note:PlayerNote	SocialMember	super:SocialMember;givenExperience:writeVarLong;experienceGivenPercent:writeByte;alignmentSide:writeByte;moodSmileyId:writeVarShort;achievementPoints:writeInt;havenBagShared:writeBoolean;note:asPlayerNote	client-as3	273
GuildPaddockActivity	3935	sources/client273-as3/network/scripts/com/ankamagames/dofus/network/types/game/guild/logbook/global/GuildPaddockActivity.as:10	5	playerId:Number;playerName:String;paddockCoordinates:MapCoordinatesExtended;farmId:Number;paddockEventType:uint	GuildLogbookEntryBasicInformation	super:GuildLogbookEntryBasicInformation;playerId:writeVarLong;playerName:writeUTF;paddockCoordinates:asMapCoordinatesExtended;farmId:writeDouble;paddockEventType:writeByte	client-as3	273
GuildPlayerFlowActivity	2970	sources/client273-as3/network/scripts/com/ankamagames/dofus/network/types/game/guild/logbook/global/GuildPlayerFlowActivity.as:9	3	playerId:Number;playerName:String;playerFlowEventType:uint	GuildLogbookEntryBasicInformation	super:GuildLogbookEntryBasicInformation;playerId:writeVarLong;playerName:writeUTF;playerFlowEventType:writeByte	client-as3	273
GuildPlayerRankUpdateActivity	8680	sources/client273-as3/network/scripts/com/ankamagames/dofus/network/types/game/guild/logbook/global/GuildPlayerRankUpdateActivity.as:10	5	guildRankMinimalInfos:RankMinimalInformation;sourcePlayerId:Number;targetPlayerId:Number;sourcePlayerName:String;targetPlayerName:String	GuildLogbookEntryBasicInformation	super:GuildLogbookEntryBasicInformation;guildRankMinimalInfos:asRankMinimalInformation;sourcePlayerId:writeVarLong;targetPlayerId:writeVarLong;sourcePlayerName:writeUTF;targetPlayerName:writeUTF	client-as3	273
GuildRankActivity	3270	sources/client273-as3/network/scripts/com/ankamagames/dofus/network/types/game/guild/logbook/global/GuildRankActivity.as:10	2	rankActivityType:uint;guildRankMinimalInfos:RankMinimalInformation	GuildLogbookEntryBasicInformation	super:GuildLogbookEntryBasicInformation;rankActivityType:writeByte;guildRankMinimalInfos:asRankMinimalInformation	client-as3	273
GuildRecruitmentInformation	5578	sources/client273-as3/network/scripts/com/ankamagames/dofus/network/types/game/guild/recruitment/GuildRecruitmentInformation.as:9	2	minSuccess:uint;minSuccessFacultative:Boolean	SocialRecruitmentInformation	super:SocialRecruitmentInformation;minSuccess:writeVarInt;minSuccessFacultative:writeBoolean	client-as3	273
GuildUnlockNewTabActivity	7681	sources/client273-as3/network/scripts/com/ankamagames/dofus/network/types/game/guild/logbook/global/GuildUnlockNewTabActivity.as:9	0		GuildLogbookEntryBasicInformation	super:GuildLogbookEntryBasicInformation	client-as3	273
HavenBagFurnitureInformation	3250	sources/client273-as3/network/scripts/com/ankamagames/dofus/network/types/game/guild/HavenBagFurnitureInformation.as:8	3	cellId:uint;funitureId:int;orientation:uint		cellId:writeVarShort;funitureId:writeInt;orientation:writeByte	client-as3	273
HavenBagRoomPreviewInformation	8049	sources/client273-as3/network/scripts/com/ankamagames/dofus/network/types/game/havenbag/HavenBagRoomPreviewInformation.as:8	2	roomId:uint;themeId:int		roomId:writeByte;themeId:writeByte	client-as3	273
HouseGuildedInformations	4071	sources/client273-as3/network/scripts/com/ankamagames/dofus/network/types/game/house/HouseGuildedInformations.as:10	1	guildInfo:GuildInformations	HouseInstanceInformations	super:HouseInstanceInformations;guildInfo:asGuildInformations	client-as3	273
HouseInformations	2374	sources/client273-as3/network/scripts/com/ankamagames/dofus/network/types/game/house/HouseInformations.as:8	2	houseId:uint;modelId:uint		houseId:writeVarInt;modelId:writeVarShort	client-as3	273
HouseInformationsForGuild	409	sources/client273-as3/network/scripts/com/ankamagames/dofus/network/types/game/house/HouseInformationsForGuild.as:9	9	instanceId:uint;secondHand:Boolean;ownerTag:AccountTagInformation;worldX:int;worldY:int;mapId:Number;subAreaId:uint;skillListIds:Vector.<int>;guildshareParams:uint	HouseInformations	super:HouseInformations;instanceId:writeInt;secondHand:writeBoolean;ownerTag:asAccountTagInformation;worldX:writeShort;worldY:writeShort;mapId:writeDouble;subAreaId:writeVarShort;skillListIds#len:writeShort;skillListIds[]:writeInt;guildshareParams:writeVarInt	client-as3	273
HouseInformationsForSell	6977	sources/client273-as3/network/scripts/com/ankamagames/dofus/network/types/game/house/HouseInformationsForSell.as:9	14	instanceId:uint;secondHand:Boolean;modelId:uint;ownerTag:AccountTagInformation;hasOwner:Boolean;ownerCharacterName:String;worldX:int;worldY:int;subAreaId:uint;nbRoom:int;nbChest:int;skillListIds:Vector.<int>;isLocked:Boolean;price:Number		instanceId:writeInt;secondHand:writeBoolean;modelId:writeVarInt;ownerTag:asAccountTagInformation;hasOwner:writeBoolean;ownerCharacterName:writeUTF;worldX:writeShort;worldY:writeShort;subAreaId:writeVarShort;nbRoom:writeByte;nbChest:writeByte;skillListIds#len:writeShort;skillListIds[]:writeInt;isLocked:writeBoolean;price:writeVarLong	client-as3	273
HouseInformationsInside	2801	sources/client273-as3/network/scripts/com/ankamagames/dofus/network/types/game/house/HouseInformationsInside.as:9	3	houseInfos:HouseInstanceInformations;worldX:int;worldY:int	HouseInformations	super:HouseInformations;#typeId:writeShort;houseInfos:serialize;worldX:writeShort;worldY:writeShort	client-as3	273
HouseInstanceInformations	3219	sources/client273-as3/network/scripts/com/ankamagames/dofus/network/types/game/house/HouseInstanceInformations.as:10	8	instanceId:uint;secondHand:Boolean;isLocked:Boolean;ownerTag:AccountTagInformation;hasOwner:Boolean;price:Number;isSaleLocked:Boolean;isAdminLocked:Boolean		secondHand:bit0;isLocked:bit1;hasOwner:bit2;isSaleLocked:bit3;isAdminLocked:bit4;#local:writeByte;instanceId:writeInt;ownerTag:asAccountTagInformation;price:writeVarLong	client-as3	273
HouseOnMapInformations	5255	sources/client273-as3/network/scripts/com/ankamagames/dofus/network/types/game/house/HouseOnMapInformations.as:8	2	doorsOnMap:Vector.<uint>;houseInstances:Vector.<HouseInstanceInformations>	HouseInformations	super:HouseInformations;doorsOnMap#len:writeShort;doorsOnMap[]:writeInt;houseInstances#len:writeShort;houseInstances[]:asHouseInstanceInformations	client-as3	273
HumanInformations	495	sources/client273-as3/network/scripts/com/ankamagames/dofus/network/types/game/context/roleplay/HumanInformations.as:10	3	restrictions:ActorRestrictionsInformations;sex:Boolean;options:Vector.<HumanOption>		restrictions:asActorRestrictionsInformations;sex:writeBoolean;options#len:writeShort;options[]#typeId:writeShort;options[]:serialize	client-as3	273
HumanOption	7701	sources/client273-as3/network/scripts/com/ankamagames/dofus/network/types/game/context/roleplay/HumanOption.as:8	0				client-as3	273
HumanOptionAlliance	7953	sources/client273-as3/network/scripts/com/ankamagames/dofus/network/types/game/context/roleplay/HumanOptionAlliance.as:8	2	allianceInformation:AllianceInformation;aggressable:uint	HumanOption	super:HumanOption;allianceInformation:asAllianceInformation;aggressable:writeByte	client-as3	273
HumanOptionEmote	7646	sources/client273-as3/network/scripts/com/ankamagames/dofus/network/types/game/context/roleplay/HumanOptionEmote.as:8	2	emoteId:uint;emoteStartTime:Number	HumanOption	super:HumanOption;emoteId:writeShort;emoteStartTime:writeDouble	client-as3	273
HumanOptionFollowers	8287	sources/client273-as3/network/scripts/com/ankamagames/dofus/network/types/game/context/roleplay/HumanOptionFollowers.as:9	1	followingCharactersLook:Vector.<IndexedEntityLook>	HumanOption	super:HumanOption;followingCharactersLook#len:writeShort;followingCharactersLook[]:asIndexedEntityLook	client-as3	273
HumanOptionGuild	1132	sources/client273-as3/network/scripts/com/ankamagames/dofus/network/types/game/context/roleplay/HumanOptionGuild.as:8	1	guildInformations:GuildInformations	HumanOption	super:HumanOption;guildInformations:asGuildInformations	client-as3	273
HumanOptionObjectUse	446	sources/client273-as3/network/scripts/com/ankamagames/dofus/network/types/game/context/roleplay/HumanOptionObjectUse.as:8	3	delayTypeId:uint;delayEndTime:Number;objectGID:uint	HumanOption	super:HumanOption;delayTypeId:writeByte;delayEndTime:writeDouble;objectGID:writeVarInt	client-as3	273
HumanOptionOrnament	5782	sources/client273-as3/network/scripts/com/ankamagames/dofus/network/types/game/context/roleplay/HumanOptionOrnament.as:8	4	ornamentId:uint;level:uint;leagueId:int;ladderPosition:int	HumanOption	super:HumanOption;ornamentId:writeVarShort;level:writeVarShort;leagueId:writeVarShort;ladderPosition:writeInt	client-as3	273
HumanOptionSkillUse	2036	sources/client273-as3/network/scripts/com/ankamagames/dofus/network/types/game/context/roleplay/HumanOptionSkillUse.as:8	3	elementId:uint;skillId:uint;skillEndTime:Number	HumanOption	super:HumanOption;elementId:writeVarInt;skillId:writeVarShort;skillEndTime:writeDouble	client-as3	273
HumanOptionSpeedMultiplier	4364	sources/client273-as3/network/scripts/com/ankamagames/dofus/network/types/game/context/roleplay/HumanOptionSpeedMultiplier.as:8	1	speedMultiplier:uint	HumanOption	super:HumanOption;speedMultiplier:writeVarInt	client-as3	273
HumanOptionTitle	2189	sources/client273-as3/network/scripts/com/ankamagames/dofus/network/types/game/context/roleplay/HumanOptionTitle.as:8	2	titleId:uint;titleParam:String	HumanOption	super:HumanOption;titleId:writeVarShort;titleParam:writeUTF	client-as3	273
IconNamedPreset	2553	sources/client273-as3/network/scripts/com/ankamagames/dofus/network/types/game/presets/IconNamedPreset.as:8	2	iconId:uint;name:String	PresetsContainerPreset	super:PresetsContainerPreset;iconId:writeShort;name:writeUTF	client-as3	273
IdentifiedEntityDispositionInformations	619	sources/client273-as3/network/scripts/com/ankamagames/dofus/network/types/game/context/IdentifiedEntityDispositionInformations.as:8	1	id:Number	EntityDispositionInformations	super:EntityDispositionInformations;id:writeDouble	client-as3	273
IgnoredInformations	2099	sources/client273-as3/network/scripts/com/ankamagames/dofus/network/types/game/friend/IgnoredInformations.as:9	0		AbstractContactInformations	super:AbstractContactInformations	client-as3	273
IgnoredOnlineInformations	941	sources/client273-as3/network/scripts/com/ankamagames/dofus/network/types/game/friend/IgnoredOnlineInformations.as:10	4	playerId:Number;playerName:String;breed:int;sex:Boolean	IgnoredInformations	super:IgnoredInformations;playerId:writeVarLong;playerName:writeUTF;breed:writeByte;sex:writeBoolean	client-as3	273
IndexedEntityLook	5735	sources/client273-as3/network/scripts/com/ankamagames/dofus/network/types/game/look/IndexedEntityLook.as:8	2	look:EntityLook;index:uint		look:asEntityLook;index:writeByte	client-as3	273
InteractiveElement	6065	sources/client273-as3/network/scripts/com/ankamagames/dofus/network/types/game/interactive/InteractiveElement.as:9	5	elementId:uint;elementTypeId:int;enabledSkills:Vector.<InteractiveElementSkill>;disabledSkills:Vector.<InteractiveElementSkill>;onCurrentMap:Boolean		elementId:writeInt;elementTypeId:writeInt;enabledSkills#len:writeShort;enabledSkills[]#typeId:writeShort;enabledSkills[]:serialize;disabledSkills#len:writeShort;disabledSkills[]#typeId:writeShort;disabledSkills[]:serialize;onCurrentMap:writeBoolean	client-as3	273
InteractiveElementNamedSkill	7880	sources/client273-as3/network/scripts/com/ankamagames/dofus/network/types/game/interactive/InteractiveElementNamedSkill.as:8	1	nameId:uint	InteractiveElementSkill	super:InteractiveElementSkill;nameId:writeVarInt	client-as3	273
InteractiveElementSkill	2087	sources/client273-as3/network/scripts/com/ankamagames/dofus/network/types/game/interactive/InteractiveElementSkill.as:8	2	skillId:uint;skillInstanceUid:uint		skillId:writeVarInt;skillInstanceUid:writeInt	client-as3	273
InteractiveElementWithAgeBonus	2952	sources/client273-as3/network/scripts/com/ankamagames/dofus/network/types/game/interactive/InteractiveElementWithAgeBonus.as:8	1	ageBonus:int	InteractiveElement	super:InteractiveElement;ageBonus:writeShort	client-as3	273
Item	8235	sources/client273-as3/network/scripts/com/ankamagames/dofus/network/types/game/data/items/Item.as:8	0				client-as3	273
ItemDurability	5929	sources/client273-as3/network/scripts/com/ankamagames/dofus/network/types/game/mount/ItemDurability.as:8	2	durability:int;durabilityMax:int		durability:writeShort;durabilityMax:writeShort	client-as3	273
ItemForPreset	5291	sources/client273-as3/network/scripts/com/ankamagames/dofus/network/types/game/presets/ItemForPreset.as:8	3	position:uint;objGid:uint;objUid:uint		position:writeShort;objGid:writeVarInt;objUid:writeVarInt	client-as3	273
ItemsPreset	4783	sources/client273-as3/network/scripts/com/ankamagames/dofus/network/types/game/presets/ItemsPreset.as:9	3	items:Vector.<ItemForPreset>;mountEquipped:Boolean;look:EntityLook	Preset	super:Preset;items#len:writeShort;items[]:asItemForPreset;mountEquipped:writeBoolean;look:asEntityLook	client-as3	273
JobBookSubscription	5496	sources/client273-as3/network/scripts/com/ankamagames/dofus/network/types/game/context/roleplay/job/JobBookSubscription.as:8	2	jobId:uint;subscribed:Boolean		jobId:writeByte;subscribed:writeBoolean	client-as3	273
JobCrafterDirectoryEntryJobInfo	5157	sources/client273-as3/network/scripts/com/ankamagames/dofus/network/types/game/context/roleplay/job/JobCrafterDirectoryEntryJobInfo.as:8	4	jobId:uint;jobLevel:uint;free:Boolean;minLevel:uint		jobId:writeByte;jobLevel:writeByte;free:writeBoolean;minLevel:writeByte	client-as3	273
JobCrafterDirectoryEntryPlayerInfo	9204	sources/client273-as3/network/scripts/com/ankamagames/dofus/network/types/game/context/roleplay/job/JobCrafterDirectoryEntryPlayerInfo.as:11	12	playerId:Number;playerName:String;alignmentSide:int;breed:int;sex:Boolean;isInWorkshop:Boolean;worldX:int;worldY:int;mapId:Number;subAreaId:uint;canCraftLegendary:Boolean;status:PlayerStatus		playerId:writeVarLong;playerName:writeUTF;alignmentSide:writeByte;breed:writeByte;sex:writeBoolean;isInWorkshop:writeBoolean;worldX:writeShort;worldY:writeShort;mapId:writeDouble;subAreaId:writeVarShort;canCraftLegendary:writeBoolean;#typeId:writeShort;status:serialize	client-as3	273
JobCrafterDirectoryListEntry	7693	sources/client273-as3/network/scripts/com/ankamagames/dofus/network/types/game/context/roleplay/job/JobCrafterDirectoryListEntry.as:8	2	playerInfo:JobCrafterDirectoryEntryPlayerInfo;jobInfo:JobCrafterDirectoryEntryJobInfo		playerInfo:asJobCrafterDirectoryEntryPlayerInfo;jobInfo:asJobCrafterDirectoryEntryJobInfo	client-as3	273
JobCrafterDirectorySettings	7939	sources/client273-as3/network/scripts/com/ankamagames/dofus/network/types/game/context/roleplay/job/JobCrafterDirectorySettings.as:8	3	jobId:uint;minLevel:uint;free:Boolean		jobId:writeByte;minLevel:writeByte;free:writeBoolean	client-as3	273
JobDescription	4698	sources/client273-as3/network/scripts/com/ankamagames/dofus/network/types/game/context/roleplay/job/JobDescription.as:10	2	jobId:uint;skills:Vector.<SkillActionDescription>		jobId:writeByte;skills#len:writeShort;skills[]#typeId:writeShort;skills[]:serialize	client-as3	273
JobExperience	1492	sources/client273-as3/network/scripts/com/ankamagames/dofus/network/types/game/context/roleplay/job/JobExperience.as:8	5	jobId:uint;jobLevel:uint;jobXP:Number;jobXpLevelFloor:Number;jobXpNextLevelFloor:Number		jobId:writeByte;jobLevel:writeByte;jobXP:writeVarLong;jobXpLevelFloor:writeVarLong;jobXpNextLevelFloor:writeVarLong	client-as3	273
KamaDebtInformation	2104	sources/client273-as3/network/scripts/com/ankamagames/dofus/network/types/game/character/debt/KamaDebtInformation.as:8	1	kamas:Number	DebtInformation	super:DebtInformation;kamas:writeVarLong	client-as3	273
KohAllianceInfo	7195	sources/client273-as3/network/scripts/com/ankamagames/dofus/network/types/game/alliance/KohAllianceInfo.as:9	5	alliance:AllianceInformation;memberCount:Number;kohAllianceRoleMembers:Vector.<KohAllianceRoleMembers>;scores:Vector.<KohScore>;matchDominationScores:uint		alliance:asAllianceInformation;memberCount:writeVarLong;kohAllianceRoleMembers#len:writeShort;kohAllianceRoleMembers[]:asKohAllianceRoleMembers;scores#len:writeShort;scores[]:asKohScore;matchDominationScores:writeVarInt	client-as3	273
KohAllianceRoleMembers	9987	sources/client273-as3/network/scripts/com/ankamagames/dofus/network/types/game/alliance/KohAllianceRoleMembers.as:8	2	memberCount:Number;roleAvAId:int		memberCount:writeVarLong;roleAvAId:writeInt	client-as3	273
KohScore	5560	sources/client273-as3/network/scripts/com/ankamagames/dofus/network/types/game/alliance/KohScore.as:8	3	avaScoreTypeEnum:uint;roundScores:int;cumulScores:int		avaScoreTypeEnum:writeByte;roundScores:writeInt;cumulScores:writeInt	client-as3	273
KothWinner	4121	sources/client273-as3/network/scripts/com/ankamagames/dofus/network/types/game/alliance/KothWinner.as:8	0				client-as3	273
LeagueFriendInformations	7750	sources/client273-as3/network/scripts/com/ankamagames/dofus/network/types/game/context/roleplay/fight/arena/LeagueFriendInformations.as:11	8	playerId:Number;playerName:String;breed:int;sex:Boolean;level:uint;leagueId:int;totalLeaguePoints:int;ladderPosition:int	AbstractContactInformations	super:AbstractContactInformations;playerId:writeVarLong;playerName:writeUTF;breed:writeByte;sex:writeBoolean;level:writeVarShort;leagueId:writeVarShort;totalLeaguePoints:writeVarShort;ladderPosition:writeInt	client-as3	273
MapCoordinates	315	sources/client273-as3/network/scripts/com/ankamagames/dofus/network/types/game/context/MapCoordinates.as:8	2	worldX:int;worldY:int		worldX:writeShort;worldY:writeShort	client-as3	273
MapCoordinatesAndId	7010	sources/client273-as3/network/scripts/com/ankamagames/dofus/network/types/game/context/MapCoordinatesAndId.as:8	1	mapId:Number	MapCoordinates	super:MapCoordinates;mapId:writeDouble	client-as3	273
MapCoordinatesExtended	1599	sources/client273-as3/network/scripts/com/ankamagames/dofus/network/types/game/context/MapCoordinatesExtended.as:8	1	subAreaId:uint	MapCoordinatesAndId	super:MapCoordinatesAndId;subAreaId:writeVarShort	client-as3	273
MapNpcQuestInfo	7887	sources/client273-as3/network/scripts/com/ankamagames/dofus/network/types/game/context/roleplay/npc/MapNpcQuestInfo.as:9	3	mapId:Number;npcsIdsWithQuest:Vector.<int>;questFlags:Vector.<GameRolePlayNpcQuestFlag>		mapId:writeDouble;npcsIdsWithQuest#len:writeShort;npcsIdsWithQuest[]:writeInt;questFlags#len:writeShort;questFlags[]:asGameRolePlayNpcQuestFlag	client-as3	273
MapObstacle	9518	sources/client273-as3/network/scripts/com/ankamagames/dofus/network/types/game/interactive/MapObstacle.as:8	2	obstacleCellId:uint;state:uint		obstacleCellId:writeVarShort;state:writeByte	client-as3	273
MonsterBoosts	1084	sources/client273-as3/network/scripts/com/ankamagames/dofus/network/types/game/context/roleplay/MonsterBoosts.as:8	3	id:uint;xpBoost:uint;dropBoost:uint		id:writeVarInt;xpBoost:writeVarShort;dropBoost:writeVarShort	client-as3	273
MonsterInGroupInformations	7023	sources/client273-as3/network/scripts/com/ankamagames/dofus/network/types/game/context/roleplay/MonsterInGroupInformations.as:9	1	look:EntityLook	MonsterInGroupLightInformations	super:MonsterInGroupLightInformations;look:asEntityLook	client-as3	273
MonsterInGroupLightInformations	1537	sources/client273-as3/network/scripts/com/ankamagames/dofus/network/types/game/context/roleplay/MonsterInGroupLightInformations.as:8	3	genericId:int;grade:uint;level:uint		genericId:writeInt;grade:writeByte;level:writeShort	client-as3	273
MountClientData	4446	sources/client273-as3/network/scripts/com/ankamagames/dofus/network/types/game/mount/MountClientData.as:10	34	id:Number;model:uint;ancestor:Vector.<uint>;behaviors:Vector.<uint>;name:String;sex:Boolean;ownerId:uint;experience:Number;experienceForLevel:Number;experienceForNextLevel:Number;level:uint;isRideable:Boolean;maxPods:uint;isWild:Boolean;stamina:uint;staminaMax:uint;maturity:uint;maturityForAdult:uint;energy:uint;energyMax:uint;serenity:int;aggressivityMax:int;serenityMax:uint;love:uint;loveMax:uint;fecondationTime:int;isFecondationReady:Boolean;boostLimiter:uint;boostMax:Number;reproductionCount:int;reproductionCountMax:uint;harnessGID:uint;useHarnessColors:Boolean;effectList:Vector.<ObjectEffectInteger>		sex:bit0;isRideable:bit1;isWild:bit2;isFecondationReady:bit3;useHarnessColors:bit4;#local:writeByte;id:writeDouble;model:writeVarInt;ancestor#len:writeShort;ancestor[]:writeInt;behaviors#len:writeShort;behaviors[]:writeInt;name:writeUTF;ownerId:writeInt;experience:writeVarLong;experienceForLevel:writeVarLong;experienceForNextLevel:writeDouble;level:writeByte;maxPods:writeVarInt;stamina:writeVarInt;staminaMax:writeVarInt;maturity:writeVarInt;maturityForAdult:writeVarInt;energy:writeVarInt;energyMax:writeVarInt;serenity:writeInt;aggressivityMax:writeInt;serenityMax:writeVarInt;love:writeVarInt;loveMax:writeVarInt;fecondationTime:writeInt;boostLimiter:writeInt;boostMax:writeDouble;reproductionCount:writeInt;reproductionCountMax:writeVarInt;harnessGID:writeVarInt;effectList#len:writeShort;effectList[]:asObjectEffectInteger	client-as3	273
MountInformationsForPaddock	4252	sources/client273-as3/network/scripts/com/ankamagames/dofus/network/types/game/paddock/MountInformationsForPaddock.as:8	3	modelId:uint;name:String;ownerName:String		modelId:writeVarShort;name:writeUTF;ownerName:writeUTF	client-as3	273
NamedPartyTeam	9179	sources/client273-as3/network/scripts/com/ankamagames/dofus/network/types/game/context/roleplay/party/NamedPartyTeam.as:8	2	teamId:uint;partyName:String		teamId:writeByte;partyName:writeUTF	client-as3	273
NamedPartyTeamWithOutcome	2171	sources/client273-as3/network/scripts/com/ankamagames/dofus/network/types/game/context/roleplay/party/NamedPartyTeamWithOutcome.as:8	2	team:NamedPartyTeam;outcome:uint		team:asNamedPartyTeam;outcome:writeVarShort	client-as3	273
NuggetsBeneficiary	7825	sources/client273-as3/network/scripts/com/ankamagames/dofus/network/types/game/nuggets/NuggetsBeneficiary.as:8	2	beneficiaryPlayerId:Number;nuggetsQuantity:int		beneficiaryPlayerId:writeVarLong;nuggetsQuantity:writeInt	client-as3	273
ObjectEffect	7605	sources/client273-as3/network/scripts/com/ankamagames/dofus/network/types/game/data/items/effects/ObjectEffect.as:8	1	actionId:uint		actionId:writeVarShort	client-as3	273
ObjectEffectCreature	3987	sources/client273-as3/network/scripts/com/ankamagames/dofus/network/types/game/data/items/effects/ObjectEffectCreature.as:8	1	monsterFamilyId:uint	ObjectEffect	super:ObjectEffect;monsterFamilyId:writeVarShort	client-as3	273
ObjectEffectDate	3435	sources/client273-as3/network/scripts/com/ankamagames/dofus/network/types/game/data/items/effects/ObjectEffectDate.as:8	5	year:uint;month:uint;day:uint;hour:uint;minute:uint	ObjectEffect	super:ObjectEffect;year:writeVarShort;month:writeByte;day:writeByte;hour:writeByte;minute:writeByte	client-as3	273
ObjectEffectDice	670	sources/client273-as3/network/scripts/com/ankamagames/dofus/network/types/game/data/items/effects/ObjectEffectDice.as:8	3	diceNum:uint;diceSide:uint;diceConst:uint	ObjectEffect	super:ObjectEffect;diceNum:writeVarInt;diceSide:writeVarInt;diceConst:writeVarInt	client-as3	273
ObjectEffectDuration	7031	sources/client273-as3/network/scripts/com/ankamagames/dofus/network/types/game/data/items/effects/ObjectEffectDuration.as:8	3	days:uint;hours:uint;minutes:uint	ObjectEffect	super:ObjectEffect;days:writeVarShort;hours:writeByte;minutes:writeByte	client-as3	273
ObjectEffectInteger	3930	sources/client273-as3/network/scripts/com/ankamagames/dofus/network/types/game/data/items/effects/ObjectEffectInteger.as:8	1	value:uint	ObjectEffect	super:ObjectEffect;value:writeVarInt	client-as3	273
ObjectEffectLadder	5489	sources/client273-as3/network/scripts/com/ankamagames/dofus/network/types/game/data/items/effects/ObjectEffectLadder.as:8	1	monsterCount:uint	ObjectEffectCreature	super:ObjectEffectCreature;monsterCount:writeVarInt	client-as3	273
ObjectEffectMinMax	843	sources/client273-as3/network/scripts/com/ankamagames/dofus/network/types/game/data/items/effects/ObjectEffectMinMax.as:8	2	min:uint;max:uint	ObjectEffect	super:ObjectEffect;min:writeVarInt;max:writeVarInt	client-as3	273
ObjectEffectMount	3353	sources/client273-as3/network/scripts/com/ankamagames/dofus/network/types/game/data/items/effects/ObjectEffectMount.as:9	14	id:Number;expirationDate:Number;model:uint;name:String;owner:String;level:uint;sex:Boolean;isRideable:Boolean;isFeconded:Boolean;isFecondationReady:Boolean;reproductionCount:int;reproductionCountMax:uint;effects:Vector.<ObjectEffectInteger>;capacities:Vector.<uint>	ObjectEffect	super:ObjectEffect;sex:bit0;isRideable:bit1;isFeconded:bit2;isFecondationReady:bit3;#local:writeByte;id:writeVarLong;expirationDate:writeVarLong;model:writeVarInt;name:writeUTF;owner:writeUTF;level:writeByte;reproductionCount:writeVarInt;reproductionCountMax:writeVarInt;effects#len:writeShort;effects[]:asObjectEffectInteger;capacities#len:writeShort;capacities[]:writeVarInt	client-as3	273
ObjectEffectString	3424	sources/client273-as3/network/scripts/com/ankamagames/dofus/network/types/game/data/items/effects/ObjectEffectString.as:8	1	value:String	ObjectEffect	super:ObjectEffect;value:writeUTF	client-as3	273
ObjectEffects	6602	sources/client273-as3/network/scripts/com/ankamagames/dofus/network/types/game/data/items/ObjectEffects.as:10	1	effects:Vector.<ObjectEffect>		effects#len:writeShort;effects[]#typeId:writeShort;effects[]:serialize	client-as3	273
ObjectItem	1685	sources/client273-as3/network/scripts/com/ankamagames/dofus/network/types/game/data/items/ObjectItem.as:10	6	position:uint;objectGID:uint;effects:Vector.<ObjectEffect>;objectUID:uint;quantity:uint;favorite:Boolean	Item	super:Item;position:writeShort;objectGID:writeVarInt;effects#len:writeShort;effects[]#typeId:writeShort;effects[]:serialize;objectUID:writeVarInt;quantity:writeVarInt;favorite:writeBoolean	client-as3	273
ObjectItemGenericQuantity	7294	sources/client273-as3/network/scripts/com/ankamagames/dofus/network/types/game/data/items/ObjectItemGenericQuantity.as:8	2	objectGID:uint;quantity:uint	Item	super:Item;objectGID:writeVarInt;quantity:writeVarInt	client-as3	273
ObjectItemInRolePlay	1282	sources/client273-as3/network/scripts/com/ankamagames/dofus/network/types/game/context/roleplay/ObjectItemInRolePlay.as:8	2	cellId:uint;objectGID:uint		cellId:writeVarShort;objectGID:writeVarInt	client-as3	273
ObjectItemInformationWithQuantity	8098	sources/client273-as3/network/scripts/com/ankamagames/dofus/network/types/game/data/items/ObjectItemInformationWithQuantity.as:9	1	quantity:uint	ObjectItemMinimalInformation	super:ObjectItemMinimalInformation;quantity:writeVarInt	client-as3	273
ObjectItemMinimalInformation	9931	sources/client273-as3/network/scripts/com/ankamagames/dofus/network/types/game/data/items/ObjectItemMinimalInformation.as:10	2	objectGID:uint;effects:Vector.<ObjectEffect>	Item	super:Item;objectGID:writeVarInt;effects#len:writeShort;effects[]#typeId:writeShort;effects[]:serialize	client-as3	273
ObjectItemNotInContainer	7571	sources/client273-as3/network/scripts/com/ankamagames/dofus/network/types/game/data/items/ObjectItemNotInContainer.as:10	4	objectGID:uint;effects:Vector.<ObjectEffect>;objectUID:uint;quantity:uint	Item	super:Item;objectGID:writeVarInt;effects#len:writeShort;effects[]#typeId:writeShort;effects[]:serialize;objectUID:writeVarInt;quantity:writeVarInt	client-as3	273
ObjectItemQuantity	5434	sources/client273-as3/network/scripts/com/ankamagames/dofus/network/types/game/data/items/ObjectItemQuantity.as:8	2	objectUID:uint;quantity:uint	Item	super:Item;objectUID:writeVarInt;quantity:writeVarInt	client-as3	273
ObjectItemQuantityPriceDateEffects	3552	sources/client273-as3/network/scripts/com/ankamagames/dofus/network/types/game/data/items/ObjectItemQuantityPriceDateEffects.as:8	3	price:Number;effects:ObjectEffects;date:uint	ObjectItemGenericQuantity	super:ObjectItemGenericQuantity;price:writeVarLong;effects:asObjectEffects;date:writeInt	client-as3	273
ObjectItemToSell	9372	sources/client273-as3/network/scripts/com/ankamagames/dofus/network/types/game/data/items/ObjectItemToSell.as:10	5	objectGID:uint;effects:Vector.<ObjectEffect>;objectUID:uint;quantity:uint;objectPrice:Number	Item	super:Item;objectGID:writeVarInt;effects#len:writeShort;effects[]#typeId:writeShort;effects[]:serialize;objectUID:writeVarInt;quantity:writeVarInt;objectPrice:writeVarLong	client-as3	273
ObjectItemToSellInBid	859	sources/client273-as3/network/scripts/com/ankamagames/dofus/network/types/game/data/items/ObjectItemToSellInBid.as:9	1	unsoldDelay:uint	ObjectItemToSell	super:ObjectItemToSell;unsoldDelay:writeInt	client-as3	273
ObjectItemToSellInNpcShop	5301	sources/client273-as3/network/scripts/com/ankamagames/dofus/network/types/game/data/items/ObjectItemToSellInNpcShop.as:9	2	objectPrice:Number;buyCriterion:String	ObjectItemMinimalInformation	super:ObjectItemMinimalInformation;objectPrice:writeVarLong;buyCriterion:writeUTF	client-as3	273
PaddockBuyableInformations	5612	sources/client273-as3/network/scripts/com/ankamagames/dofus/network/types/game/paddock/PaddockBuyableInformations.as:8	2	price:Number;locked:Boolean		price:writeVarLong;locked:writeBoolean	client-as3	273
PaddockContentInformations	6426	sources/client273-as3/network/scripts/com/ankamagames/dofus/network/types/game/paddock/PaddockContentInformations.as:8	7	paddockId:Number;worldX:int;worldY:int;mapId:Number;subAreaId:uint;abandonned:Boolean;mountsInformations:Vector.<MountInformationsForPaddock>	PaddockInformations	super:PaddockInformations;paddockId:writeDouble;worldX:writeShort;worldY:writeShort;mapId:writeDouble;subAreaId:writeVarShort;abandonned:writeBoolean;mountsInformations#len:writeShort;mountsInformations[]:asMountInformationsForPaddock	client-as3	273
PaddockGuildedInformations	4294	sources/client273-as3/network/scripts/com/ankamagames/dofus/network/types/game/paddock/PaddockGuildedInformations.as:9	2	deserted:Boolean;guildInfo:GuildInformations	PaddockBuyableInformations	super:PaddockBuyableInformations;deserted:writeBoolean;guildInfo:asGuildInformations	client-as3	273
PaddockInformations	208	sources/client273-as3/network/scripts/com/ankamagames/dofus/network/types/game/paddock/PaddockInformations.as:8	2	maxOutdoorMount:uint;maxItems:uint		maxOutdoorMount:writeVarShort;maxItems:writeVarShort	client-as3	273
PaddockInformationsForSell	5311	sources/client273-as3/network/scripts/com/ankamagames/dofus/network/types/game/paddock/PaddockInformationsForSell.as:8	7	guildOwner:String;worldX:int;worldY:int;subAreaId:uint;nbMount:int;nbObject:int;price:Number		guildOwner:writeUTF;worldX:writeShort;worldY:writeShort;subAreaId:writeVarShort;nbMount:writeByte;nbObject:writeByte;price:writeVarLong	client-as3	273
PaddockInstancesInformations	4571	sources/client273-as3/network/scripts/com/ankamagames/dofus/network/types/game/paddock/PaddockInstancesInformations.as:9	1	paddocks:Vector.<PaddockBuyableInformations>	PaddockInformations	super:PaddockInformations;paddocks#len:writeShort;paddocks[]#typeId:writeShort;paddocks[]:serialize	client-as3	273
PaddockItem	2373	sources/client273-as3/network/scripts/com/ankamagames/dofus/network/types/game/paddock/PaddockItem.as:10	1	durability:ItemDurability	ObjectItemInRolePlay	super:ObjectItemInRolePlay;durability:asItemDurability	client-as3	273
PartyEntityBaseInformation	5790	sources/client273-as3/network/scripts/com/ankamagames/dofus/network/types/game/context/roleplay/party/entity/PartyEntityBaseInformation.as:9	3	indexId:uint;entityModelId:uint;entityLook:EntityLook		indexId:writeByte;entityModelId:writeByte;entityLook:asEntityLook	client-as3	273
PartyEntityMemberInformation	118	sources/client273-as3/network/scripts/com/ankamagames/dofus/network/types/game/context/roleplay/party/entity/PartyEntityMemberInformation.as:9	5	initiative:uint;lifePoints:uint;maxLifePoints:uint;prospecting:uint;regenRate:uint	PartyEntityBaseInformation	super:PartyEntityBaseInformation;initiative:writeVarInt;lifePoints:writeVarInt;maxLifePoints:writeVarInt;prospecting:writeVarInt;regenRate:writeByte	client-as3	273
PartyGuestInformations	3127	sources/client273-as3/network/scripts/com/ankamagames/dofus/network/types/game/context/roleplay/party/PartyGuestInformations.as:12	8	guestId:Number;hostId:Number;name:String;guestLook:EntityLook;breed:int;sex:Boolean;status:PlayerStatus;entities:Vector.<PartyEntityBaseInformation>		guestId:writeVarLong;hostId:writeVarLong;name:writeUTF;guestLook:asEntityLook;breed:writeByte;sex:writeBoolean;#typeId:writeShort;status:serialize;entities#len:writeShort;entities[]:asPartyEntityBaseInformation	client-as3	273
PartyInvitationMemberInformations	3577	sources/client273-as3/network/scripts/com/ankamagames/dofus/network/types/game/context/roleplay/party/PartyInvitationMemberInformations.as:11	5	worldX:int;worldY:int;mapId:Number;subAreaId:uint;entities:Vector.<PartyEntityBaseInformation>	CharacterBaseInformations	super:CharacterBaseInformations;worldX:writeShort;worldY:writeShort;mapId:writeDouble;subAreaId:writeVarShort;entities#len:writeShort;entities[]:asPartyEntityBaseInformation	client-as3	273
PartyMemberArenaInformations	2056	sources/client273-as3/network/scripts/com/ankamagames/dofus/network/types/game/context/roleplay/party/PartyMemberArenaInformations.as:11	1	rank:uint	PartyMemberInformations	super:PartyMemberInformations;rank:writeVarShort	client-as3	273
PartyMemberGeoPosition	5313	sources/client273-as3/network/scripts/com/ankamagames/dofus/network/types/game/context/roleplay/party/PartyMemberGeoPosition.as:8	5	memberId:uint;worldX:int;worldY:int;mapId:Number;subAreaId:uint		memberId:writeInt;worldX:writeShort;worldY:writeShort;mapId:writeDouble;subAreaId:writeVarShort	client-as3	273
PartyMemberInformations	9391	sources/client273-as3/network/scripts/com/ankamagames/dofus/network/types/game/context/roleplay/party/PartyMemberInformations.as:13	12	lifePoints:uint;maxLifePoints:uint;prospecting:uint;regenRate:uint;initiative:uint;alignmentSide:int;worldX:int;worldY:int;mapId:Number;subAreaId:uint;status:PlayerStatus;entities:Vector.<PartyEntityBaseInformation>	CharacterBaseInformations	super:CharacterBaseInformations;lifePoints:writeVarInt;maxLifePoints:writeVarInt;prospecting:writeVarInt;regenRate:writeByte;initiative:writeVarInt;alignmentSide:writeByte;worldX:writeShort;worldY:writeShort;mapId:writeDouble;subAreaId:writeVarShort;#typeId:writeShort;status:serialize;entities#len:writeShort;entities[]#typeId:writeShort;entities[]:serialize	client-as3	273
PlayerNote	3703	sources/client273-as3/network/scripts/com/ankamagames/dofus/network/types/game/character/guild/note/PlayerNote.as:8	2	content:String;lastEditDate:Number		content:writeUTF;lastEditDate:writeDouble	client-as3	273
PlayerSearchCharacterNameInformation	3022	sources/client273-as3/network/scripts/com/ankamagames/dofus/network/types/common/PlayerSearchCharacterNameInformation.as:8	1	name:String	AbstractPlayerSearchInformation	super:AbstractPlayerSearchInformation;name:writeUTF	client-as3	273
PlayerSearchTagInformation	3389	sources/client273-as3/network/scripts/com/ankamagames/dofus/network/types/common/PlayerSearchTagInformation.as:8	1	tag:AccountTagInformation	AbstractPlayerSearchInformation	super:AbstractPlayerSearchInformation;tag:asAccountTagInformation	client-as3	273
PlayerStatus	2273	sources/client273-as3/network/scripts/com/ankamagames/dofus/network/types/game/character/status/PlayerStatus.as:8	1	statusId:uint		statusId:writeByte	client-as3	273
PlayerStatusExtended	8257	sources/client273-as3/network/scripts/com/ankamagames/dofus/network/types/game/character/status/PlayerStatusExtended.as:8	1	message:String	PlayerStatus	super:PlayerStatus;message:writeUTF	client-as3	273
PortalInformation	2396	sources/client273-as3/network/scripts/com/ankamagames/dofus/network/types/game/context/roleplay/treasureHunt/PortalInformation.as:8	2	portalId:int;areaId:int		portalId:writeInt;areaId:writeShort	client-as3	273
Preset	3628	sources/client273-as3/network/scripts/com/ankamagames/dofus/network/types/game/presets/Preset.as:8	1	id:int		id:writeShort	client-as3	273
PresetsContainerPreset	5695	sources/client273-as3/network/scripts/com/ankamagames/dofus/network/types/game/presets/PresetsContainerPreset.as:9	1	presets:Vector.<Preset>	Preset	super:Preset;presets#len:writeShort;presets[]#typeId:writeShort;presets[]:serialize	client-as3	273
PrismGeolocalizedInformation	9281	sources/client273-as3/network/scripts/com/ankamagames/dofus/network/types/game/prism/PrismGeolocalizedInformation.as:9	6	subAreaId:uint;allianceId:uint;worldX:int;worldY:int;mapId:Number;prism:PrismInformation		subAreaId:writeVarShort;allianceId:writeVarInt;worldX:writeShort;worldY:writeShort;mapId:writeDouble;#typeId:writeShort;prism:serialize	client-as3	273
PrismInformation	65	sources/client273-as3/network/scripts/com/ankamagames/dofus/network/types/game/prism/PrismInformation.as:8	5	state:uint;placementDate:uint;nuggetsCount:uint;durability:uint;nextEvolutionDate:Number		state:writeByte;placementDate:writeInt;nuggetsCount:writeVarInt;durability:writeInt;nextEvolutionDate:writeDouble	client-as3	273
ProtectedEntityWaitingForHelpInfo	9739	sources/client273-as3/network/scripts/com/ankamagames/dofus/network/types/game/fight/ProtectedEntityWaitingForHelpInfo.as:8	3	timeLeftBeforeFight:int;waitTimeForPlacement:int;nbPositionForDefensors:uint		timeLeftBeforeFight:writeInt;waitTimeForPlacement:writeInt;nbPositionForDefensors:writeByte	client-as3	273
QuestActiveDetailedInformations	7451	sources/client273-as3/network/scripts/com/ankamagames/dofus/network/types/game/context/roleplay/quest/QuestActiveDetailedInformations.as:9	2	stepId:uint;objectives:Vector.<QuestObjectiveInformations>	QuestActiveInformations	super:QuestActiveInformations;stepId:writeVarShort;objectives#len:writeShort;objectives[]#typeId:writeShort;objectives[]:serialize	client-as3	273
QuestActiveInformations	7048	sources/client273-as3/network/scripts/com/ankamagames/dofus/network/types/game/context/roleplay/quest/QuestActiveInformations.as:8	1	questId:uint		questId:writeVarShort	client-as3	273
QuestObjectiveInformations	7248	sources/client273-as3/network/scripts/com/ankamagames/dofus/network/types/game/context/roleplay/quest/QuestObjectiveInformations.as:8	3	objectiveId:uint;objectiveStatus:Boolean;dialogParams:Vector.<String>		objectiveId:writeVarShort;objectiveStatus:writeBoolean;dialogParams#len:writeShort;dialogParams[]:writeUTF	client-as3	273
QuestObjectiveInformationsWithCompletion	8731	sources/client273-as3/network/scripts/com/ankamagames/dofus/network/types/game/context/roleplay/quest/QuestObjectiveInformationsWithCompletion.as:8	2	curCompletion:uint;maxCompletion:uint	QuestObjectiveInformations	super:QuestObjectiveInformations;curCompletion:writeVarShort;maxCompletion:writeVarShort	client-as3	273
RankInformation	3538	sources/client273-as3/network/scripts/com/ankamagames/dofus/network/types/game/rank/RankInformation.as:8	4	order:uint;gfxId:uint;modifiable:Boolean;rights:Vector.<uint>	RankMinimalInformation	super:RankMinimalInformation;order:writeVarInt;gfxId:writeVarInt;modifiable:writeBoolean;rights#len:writeShort;rights[]:writeVarInt	client-as3	273
RankMinimalInformation	1831	sources/client273-as3/network/scripts/com/ankamagames/dofus/network/types/game/rank/RankMinimalInformation.as:8	2	id:uint;name:String		id:writeVarInt;name:writeUTF	client-as3	273
RankPublicInformation	5787	sources/client273-as3/network/scripts/com/ankamagames/dofus/network/types/game/guild/RankPublicInformation.as:9	2	order:uint;gfxId:uint	RankMinimalInformation	super:RankMinimalInformation;order:writeVarInt;gfxId:writeVarInt	client-as3	273
RecycledItem	2736	sources/client273-as3/network/scripts/com/ankamagames/dofus/network/types/game/inventory/exchanges/RecycledItem.as:8	2	id:uint;qty:uint		id:writeVarInt;qty:writeUnsignedInt	client-as3	273
RemodelingInformation	3743	sources/client273-as3/network/scripts/com/ankamagames/dofus/network/types/game/character/choice/RemodelingInformation.as:8	5	name:String;breed:int;sex:Boolean;cosmeticId:uint;colors:Vector.<int>		name:writeUTF;breed:writeByte;sex:writeBoolean;cosmeticId:writeVarShort;colors#len:writeShort;colors[]:writeInt	client-as3	273
SellerBuyerDescriptor	780	sources/client273-as3/network/scripts/com/ankamagames/dofus/network/types/game/data/items/SellerBuyerDescriptor.as:8	8	quantities:Vector.<uint>;types:Vector.<uint>;taxPercentage:Number;taxModificationPercentage:Number;maxItemLevel:uint;maxItemPerAccount:uint;npcContextualId:int;unsoldDelay:uint		quantities#len:writeShort;quantities[]:writeVarInt;types#len:writeShort;types[]:writeVarInt;taxPercentage:writeFloat;taxModificationPercentage:writeFloat;maxItemLevel:writeByte;maxItemPerAccount:writeVarInt;npcContextualId:writeInt;unsoldDelay:writeVarShort	client-as3	273
ServerSessionConstant	9977	sources/client273-as3/network/scripts/com/ankamagames/dofus/network/types/game/approach/ServerSessionConstant.as:8	1	id:uint		id:writeVarShort	client-as3	273
ServerSessionConstantInteger	2867	sources/client273-as3/network/scripts/com/ankamagames/dofus/network/types/game/approach/ServerSessionConstantInteger.as:8	1	value:int	ServerSessionConstant	super:ServerSessionConstant;value:writeInt	client-as3	273
ServerSessionConstantLong	4175	sources/client273-as3/network/scripts/com/ankamagames/dofus/network/types/game/approach/ServerSessionConstantLong.as:8	1	value:Number	ServerSessionConstant	super:ServerSessionConstant;value:writeDouble	client-as3	273
ServerSessionConstantString	7359	sources/client273-as3/network/scripts/com/ankamagames/dofus/network/types/game/approach/ServerSessionConstantString.as:8	1	value:String	ServerSessionConstant	super:ServerSessionConstant;value:writeUTF	client-as3	273
Shortcut	5117	sources/client273-as3/network/scripts/com/ankamagames/dofus/network/types/game/shortcut/Shortcut.as:8	1	slot:uint		slot:writeByte	client-as3	273
ShortcutEmote	1189	sources/client273-as3/network/scripts/com/ankamagames/dofus/network/types/game/shortcut/ShortcutEmote.as:8	1	emoteId:uint	Shortcut	super:Shortcut;emoteId:writeShort	client-as3	273
ShortcutEntitiesPreset	3288	sources/client273-as3/network/scripts/com/ankamagames/dofus/network/types/game/shortcut/ShortcutEntitiesPreset.as:8	1	presetId:int	Shortcut	super:Shortcut;presetId:writeShort	client-as3	273
ShortcutObject	8861	sources/client273-as3/network/scripts/com/ankamagames/dofus/network/types/game/shortcut/ShortcutObject.as:8	0		Shortcut	super:Shortcut	client-as3	273
ShortcutObjectItem	2079	sources/client273-as3/network/scripts/com/ankamagames/dofus/network/types/game/shortcut/ShortcutObjectItem.as:8	2	itemUID:int;itemGID:int	ShortcutObject	super:ShortcutObject;itemUID:writeInt;itemGID:writeInt	client-as3	273
ShortcutObjectPreset	1697	sources/client273-as3/network/scripts/com/ankamagames/dofus/network/types/game/shortcut/ShortcutObjectPreset.as:8	1	presetId:int	ShortcutObject	super:ShortcutObject;presetId:writeShort	client-as3	273
ShortcutSmiley	4118	sources/client273-as3/network/scripts/com/ankamagames/dofus/network/types/game/shortcut/ShortcutSmiley.as:8	1	smileyId:uint	Shortcut	super:Shortcut;smileyId:writeVarShort	client-as3	273
ShortcutSpell	576	sources/client273-as3/network/scripts/com/ankamagames/dofus/network/types/game/shortcut/ShortcutSpell.as:8	1	spellId:uint	Shortcut	super:Shortcut;spellId:writeVarShort	client-as3	273
SimpleCharacterCharacteristicForPreset	361	sources/client273-as3/network/scripts/com/ankamagames/dofus/network/types/game/presets/SimpleCharacterCharacteristicForPreset.as:8	3	keyword:String;base:int;additionnal:int		keyword:writeUTF;base:writeVarInt;additionnal:writeVarInt	client-as3	273
SkillActionDescription	3573	sources/client273-as3/network/scripts/com/ankamagames/dofus/network/types/game/interactive/skill/SkillActionDescription.as:8	1	skillId:uint		skillId:writeVarShort	client-as3	273
SkillActionDescriptionCollect	5684	sources/client273-as3/network/scripts/com/ankamagames/dofus/network/types/game/interactive/skill/SkillActionDescriptionCollect.as:8	2	min:uint;max:uint	SkillActionDescriptionTimed	super:SkillActionDescriptionTimed;min:writeVarShort;max:writeVarShort	client-as3	273
SkillActionDescriptionCraft	5905	sources/client273-as3/network/scripts/com/ankamagames/dofus/network/types/game/interactive/skill/SkillActionDescriptionCraft.as:8	1	probability:uint	SkillActionDescription	super:SkillActionDescription;probability:writeByte	client-as3	273
SkillActionDescriptionTimed	1078	sources/client273-as3/network/scripts/com/ankamagames/dofus/network/types/game/interactive/skill/SkillActionDescriptionTimed.as:8	1	time:uint	SkillActionDescription	super:SkillActionDescription;time:writeByte	client-as3	273
SocialApplicationInformation	4014	sources/client273-as3/network/scripts/com/ankamagames/dofus/network/types/game/social/application/SocialApplicationInformation.as:8	3	playerInfo:ApplicationPlayerInformation;applyText:String;creationDate:Number		playerInfo:asApplicationPlayerInformation;applyText:writeUTF;creationDate:writeDouble	client-as3	273
SocialEmblem	6817	sources/client273-as3/network/scripts/com/ankamagames/dofus/network/types/game/social/SocialEmblem.as:8	4	symbolShape:uint;symbolColor:int;backgroundShape:uint;backgroundColor:int		symbolShape:writeVarShort;symbolColor:writeInt;backgroundShape:writeByte;backgroundColor:writeInt	client-as3	273
SocialFight	2810	sources/client273-as3/network/scripts/com/ankamagames/dofus/network/types/game/social/fight/SocialFight.as:10	4	socialFightInfo:SocialFightInfo;attackers:Vector.<CharacterMinimalPlusLookInformations>;defenders:Vector.<CharacterMinimalPlusLookInformations>;phase:FightPhase		socialFightInfo:asSocialFightInfo;attackers#len:writeShort;attackers[]:asCharacterMinimalPlusLookInformations;defenders#len:writeShort;defenders[]:asCharacterMinimalPlusLookInformations;phase:asFightPhase	client-as3	273
SocialFightInfo	2355	sources/client273-as3/network/scripts/com/ankamagames/dofus/network/types/game/social/fight/SocialFightInfo.as:8	3	fightId:uint;fightType:uint;mapId:Number		fightId:writeVarShort;fightType:writeByte;mapId:writeDouble	client-as3	273
SocialMember	9920	sources/client273-as3/network/scripts/com/ankamagames/dofus/network/types/game/social/SocialMember.as:11	8	breed:int;sex:Boolean;connected:uint;hoursSinceLastConnection:uint;accountId:uint;status:PlayerStatus;rankId:int;enrollmentDate:Number	CharacterMinimalInformations	super:CharacterMinimalInformations;breed:writeByte;sex:writeBoolean;connected:writeByte;hoursSinceLastConnection:writeShort;accountId:writeInt;#typeId:writeShort;status:serialize;rankId:writeInt;enrollmentDate:writeDouble	client-as3	273
SocialRecruitmentInformation	2211	sources/client273-as3/network/scripts/com/ankamagames/dofus/network/types/game/social/recruitment/SocialRecruitmentInformation.as:9	12	socialId:uint;recruitmentType:uint;recruitmentTitle:String;recruitmentText:String;selectedLanguages:Vector.<uint>;selectedCriterion:Vector.<uint>;minLevel:uint;minLevelFacultative:Boolean;invalidatedByModeration:Boolean;lastEditPlayerName:String;lastEditDate:Number;recruitmentAutoLocked:Boolean		minLevelFacultative:bit0;invalidatedByModeration:bit1;recruitmentAutoLocked:bit2;#local:writeByte;socialId:writeVarInt;recruitmentType:writeByte;recruitmentTitle:writeUTF;recruitmentText:writeUTF;selectedLanguages#len:writeShort;selectedLanguages[]:writeVarInt;selectedCriterion#len:writeShort;selectedCriterion[]:writeVarInt;minLevel:writeShort;lastEditPlayerName:writeUTF;lastEditDate:writeDouble	client-as3	273
SpawnCharacterInformation	3409	sources/client273-as3/network/scripts/com/ankamagames/dofus/network/types/game/context/fight/SpawnCharacterInformation.as:8	2	name:String;level:uint	SpawnInformation	super:SpawnInformation;name:writeUTF;level:writeVarShort	client-as3	273
SpawnCompanionInformation	4847	sources/client273-as3/network/scripts/com/ankamagames/dofus/network/types/game/context/fight/SpawnCompanionInformation.as:8	4	modelId:uint;level:uint;summonerId:Number;ownerId:Number	SpawnInformation	super:SpawnInformation;modelId:writeByte;level:writeVarShort;summonerId:writeDouble;ownerId:writeDouble	client-as3	273
SpawnInformation	339	sources/client273-as3/network/scripts/com/ankamagames/dofus/network/types/game/context/fight/SpawnInformation.as:8	0				client-as3	273
SpawnMonsterInformation	571	sources/client273-as3/network/scripts/com/ankamagames/dofus/network/types/game/context/fight/SpawnMonsterInformation.as:8	1	creatureGrade:uint	BaseSpawnMonsterInformation	super:BaseSpawnMonsterInformation;creatureGrade:writeByte	client-as3	273
SpawnScaledMonsterInformation	8568	sources/client273-as3/network/scripts/com/ankamagames/dofus/network/types/game/context/fight/SpawnScaledMonsterInformation.as:8	1	creatureLevel:uint	BaseSpawnMonsterInformation	super:BaseSpawnMonsterInformation;creatureLevel:writeShort	client-as3	273
SpellForPreset	1457	sources/client273-as3/network/scripts/com/ankamagames/dofus/network/types/game/presets/SpellForPreset.as:8	2	spellId:uint;shortcuts:Vector.<int>		spellId:writeVarShort;shortcuts#len:writeShort;shortcuts[]:writeShort	client-as3	273
SpellItem	8615	sources/client273-as3/network/scripts/com/ankamagames/dofus/network/types/game/data/items/SpellItem.as:8	2	spellId:int;spellLevel:int	Item	super:Item;spellId:writeInt;spellLevel:writeShort	client-as3	273
SpellModifierMessage	2892	sources/client273-as3/network/scripts/com/ankamagames/dofus/network/types/game/character/spellmodifier/SpellModifierMessage.as:8	5	spellId:uint;actionType:uint;modifierType:uint;context:int;equipment:int		spellId:writeVarShort;actionType:writeByte;modifierType:writeByte;context:writeInt;equipment:writeInt	client-as3	273
SpellsPreset	7774	sources/client273-as3/network/scripts/com/ankamagames/dofus/network/types/game/presets/SpellsPreset.as:8	1	spells:Vector.<SpellForPreset>	Preset	super:Preset;spells#len:writeShort;spells[]:asSpellForPreset	client-as3	273
StatedElement	1041	sources/client273-as3/network/scripts/com/ankamagames/dofus/network/types/game/interactive/StatedElement.as:8	4	elementId:uint;elementCellId:uint;elementState:uint;onCurrentMap:Boolean		elementId:writeInt;elementCellId:writeVarShort;elementState:writeVarInt;onCurrentMap:writeBoolean	client-as3	273
StatisticData	1815	sources/client273-as3/network/scripts/com/ankamagames/dofus/network/types/common/basic/StatisticData.as:8	0				client-as3	273
StatisticDataBoolean	7901	sources/client273-as3/network/scripts/com/ankamagames/dofus/network/types/common/basic/StatisticDataBoolean.as:8	1	value:Boolean	StatisticData	super:StatisticData;value:writeBoolean	client-as3	273
StatisticDataByte	4573	sources/client273-as3/network/scripts/com/ankamagames/dofus/network/types/common/basic/StatisticDataByte.as:8	1	value:int	StatisticData	super:StatisticData;value:writeByte	client-as3	273
StatisticDataInt	7834	sources/client273-as3/network/scripts/com/ankamagames/dofus/network/types/common/basic/StatisticDataInt.as:8	1	value:int	StatisticData	super:StatisticData;value:writeInt	client-as3	273
StatisticDataShort	1762	sources/client273-as3/network/scripts/com/ankamagames/dofus/network/types/common/basic/StatisticDataShort.as:8	1	value:int	StatisticData	super:StatisticData;value:writeShort	client-as3	273
StatisticDataString	4102	sources/client273-as3/network/scripts/com/ankamagames/dofus/network/types/common/basic/StatisticDataString.as:8	1	value:String	StatisticData	super:StatisticData;value:writeUTF	client-as3	273
StatsPreset	1993	sources/client273-as3/network/scripts/com/ankamagames/dofus/network/types/game/presets/StatsPreset.as:8	1	stats:Vector.<SimpleCharacterCharacteristicForPreset>	Preset	super:Preset;stats#len:writeShort;stats[]:asSimpleCharacterCharacteristicForPreset	client-as3	273
StorageTabInformation	8947	sources/client273-as3/network/scripts/com/ankamagames/dofus/network/types/game/inventory/StorageTabInformation.as:8	7	name:String;tabNumber:uint;picto:uint;openRight:uint;dropRight:uint;takeRight:uint;dropTypeLimitation:Vector.<uint>		name:writeUTF;tabNumber:writeVarInt;picto:writeVarInt;openRight:writeVarInt;dropRight:writeVarInt;takeRight:writeVarInt;dropTypeLimitation#len:writeShort;dropTypeLimitation[]:writeVarInt	client-as3	273
SubEntity	9491	sources/client273-as3/network/scripts/com/ankamagames/dofus/network/types/game/look/SubEntity.as:8	3	bindingPointCategory:uint;bindingPointIndex:uint;subEntityLook:EntityLook		bindingPointCategory:writeByte;bindingPointIndex:writeByte;subEntityLook:asEntityLook	client-as3	273
SurrenderAccepted	8859	sources/client273-as3/network/scripts/com/ankamagames/dofus/network/types/game/surrender/SurrenderAccepted.as:8	0		SurrenderResponse		client-as3	273
SurrenderRefused	8906	sources/client273-as3/network/scripts/com/ankamagames/dofus/network/types/game/surrender/SurrenderRefused.as:8	0		SurrenderResponse		client-as3	273
SurrenderRefusedBeforeTurn	9548	sources/client273-as3/network/scripts/com/ankamagames/dofus/network/types/game/surrender/SurrenderRefusedBeforeTurn.as:8	1	minTurnForSurrender:int	SurrenderRefused	super:SurrenderRefused;minTurnForSurrender:writeInt	client-as3	273
SurrenderRefusedBeforeVote	2726	sources/client273-as3/network/scripts/com/ankamagames/dofus/network/types/game/surrender/SurrenderRefusedBeforeVote.as:8	0		SurrenderRefused		client-as3	273
SurrenderResponse	8655	sources/client273-as3/network/scripts/com/ankamagames/dofus/network/types/game/surrender/SurrenderResponse.as:8	0				client-as3	273
SurrenderVoteAccepted	8687	sources/client273-as3/network/scripts/com/ankamagames/dofus/network/types/game/surrender/vote/SurrenderVoteAccepted.as:8	0		SurrenderVoteResponse		client-as3	273
SurrenderVoteRefused	1140	sources/client273-as3/network/scripts/com/ankamagames/dofus/network/types/game/surrender/vote/SurrenderVoteRefused.as:8	0		SurrenderVoteResponse		client-as3	273
SurrenderVoteRefusedAlreadyAsked	8978	sources/client273-as3/network/scripts/com/ankamagames/dofus/network/types/game/surrender/vote/SurrenderVoteRefusedAlreadyAsked.as:8	0		SurrenderVoteRefused		client-as3	273
SurrenderVoteRefusedBeforeTurn	9709	sources/client273-as3/network/scripts/com/ankamagames/dofus/network/types/game/surrender/vote/SurrenderVoteRefusedBeforeTurn.as:8	1	minTurnForSurrenderVote:int	SurrenderVoteRefused	super:SurrenderVoteRefused;minTurnForSurrenderVote:writeInt	client-as3	273
SurrenderVoteRefusedWaitBetweenVotes	5188	sources/client273-as3/network/scripts/com/ankamagames/dofus/network/types/game/surrender/vote/SurrenderVoteRefusedWaitBetweenVotes.as:8	1	nextVoteTimestamp:int	SurrenderVoteRefused	super:SurrenderVoteRefused;nextVoteTimestamp:writeInt	client-as3	273
SurrenderVoteResponse	3674	sources/client273-as3/network/scripts/com/ankamagames/dofus/network/types/game/surrender/vote/SurrenderVoteResponse.as:8	0				client-as3	273
TaxCollectorBasicInformations	4890	sources/client273-as3/network/scripts/com/ankamagames/dofus/network/types/game/collector/tax/TaxCollectorBasicInformations.as:8	6	firstNameId:uint;lastNameId:uint;worldX:int;worldY:int;mapId:Number;subAreaId:uint		firstNameId:writeVarShort;lastNameId:writeVarShort;worldX:writeShort;worldY:writeShort;mapId:writeDouble;subAreaId:writeVarShort	client-as3	273
TaxCollectorComplementaryInformations	1982	sources/client273-as3/network/scripts/com/ankamagames/dofus/network/types/game/collector/tax/TaxCollectorComplementaryInformations.as:8	0				client-as3	273
TaxCollectorInformations	4158	sources/client273-as3/network/scripts/com/ankamagames/dofus/network/types/game/collector/tax/TaxCollectorInformations.as:13	14	uniqueId:Number;firstNameId:uint;lastNameId:uint;allianceIdentity:AllianceInformation;additionalInfos:AdditionalTaxCollectorInformation;worldX:int;worldY:int;subAreaId:uint;state:uint;look:EntityLook;complements:Vector.<TaxCollectorComplementaryInformations>;characteristics:CharacterCharacteristics;equipments:Vector.<ObjectItem>;spells:Vector.<TaxCollectorOrderedSpell>		uniqueId:writeDouble;firstNameId:writeVarShort;lastNameId:writeVarShort;allianceIdentity:asAllianceInformation;additionalInfos:asAdditionalTaxCollectorInformation;worldX:writeShort;worldY:writeShort;subAreaId:writeVarShort;state:writeByte;look:asEntityLook;complements#len:writeShort;complements[]#typeId:writeShort;complements[]:serialize;characteristics:asCharacterCharacteristics;equipments#len:writeShort;equipments[]:asObjectItem;spells#len:writeShort;spells[]:asTaxCollectorOrderedSpell	client-as3	273
TaxCollectorLootInformations	4183	sources/client273-as3/network/scripts/com/ankamagames/dofus/network/types/game/collector/tax/TaxCollectorLootInformations.as:8	2	pods:uint;itemsValue:Number	TaxCollectorComplementaryInformations	super:TaxCollectorComplementaryInformations;pods:writeVarInt;itemsValue:writeVarLong	client-as3	273
TaxCollectorMovement	7487	sources/client273-as3/network/scripts/com/ankamagames/dofus/network/types/game/collector/tax/TaxCollectorMovement.as:8	4	movementType:uint;basicInfos:TaxCollectorBasicInformations;playerId:Number;playerName:String		movementType:writeByte;basicInfos:asTaxCollectorBasicInformations;playerId:writeVarLong;playerName:writeUTF	client-as3	273
TaxCollectorOrderedSpell	3173	sources/client273-as3/network/scripts/com/ankamagames/dofus/network/types/game/collector/tax/TaxCollectorOrderedSpell.as:8	2	spellId:uint;slot:uint		spellId:writeVarInt;slot:writeByte	client-as3	273
TaxCollectorPreset	1854	sources/client273-as3/network/scripts/com/ankamagames/dofus/network/types/game/collector/tax/TaxCollectorPreset.as:10	3	presetId:Uuid;spells:Vector.<TaxCollectorOrderedSpell>;characteristics:CharacterCharacteristics		presetId:asUuid;spells#len:writeShort;spells[]:asTaxCollectorOrderedSpell;characteristics:asCharacterCharacteristics	client-as3	273
TaxCollectorStaticInformations	1672	sources/client273-as3/network/scripts/com/ankamagames/dofus/network/types/game/context/TaxCollectorStaticInformations.as:9	5	firstNameId:uint;lastNameId:uint;allianceIdentity:AllianceInformation;callerId:Number;uid:String		firstNameId:writeVarShort;lastNameId:writeVarShort;allianceIdentity:asAllianceInformation;callerId:writeVarLong;uid:writeUTF	client-as3	273
TaxCollectorWaitingForHelpInformations	5931	sources/client273-as3/network/scripts/com/ankamagames/dofus/network/types/game/collector/tax/TaxCollectorWaitingForHelpInformations.as:9	1	waitingForHelpInfo:ProtectedEntityWaitingForHelpInfo	TaxCollectorComplementaryInformations	super:TaxCollectorComplementaryInformations;waitingForHelpInfo:asProtectedEntityWaitingForHelpInfo	client-as3	273
TeleportDestination	1570	sources/client273-as3/network/scripts/com/ankamagames/dofus/network/types/game/interactive/zaap/TeleportDestination.as:8	5	type:uint;mapId:Number;subAreaId:uint;level:uint;cost:uint		type:writeByte;mapId:writeDouble;subAreaId:writeVarShort;level:writeVarShort;cost:writeVarShort	client-as3	273
TreasureHuntFlag	8258	sources/client273-as3/network/scripts/com/ankamagames/dofus/network/types/game/context/roleplay/treasureHunt/TreasureHuntFlag.as:8	2	mapId:Number;state:uint		mapId:writeDouble;state:writeByte	client-as3	273
TreasureHuntStep	8185	sources/client273-as3/network/scripts/com/ankamagames/dofus/network/types/game/context/roleplay/treasureHunt/TreasureHuntStep.as:8	0				client-as3	273
TreasureHuntStepDig	5858	sources/client273-as3/network/scripts/com/ankamagames/dofus/network/types/game/context/roleplay/treasureHunt/TreasureHuntStepDig.as:8	0		TreasureHuntStep		client-as3	273
TreasureHuntStepFight	9719	sources/client273-as3/network/scripts/com/ankamagames/dofus/network/types/game/context/roleplay/treasureHunt/TreasureHuntStepFight.as:8	0		TreasureHuntStep		client-as3	273
TreasureHuntStepFollowDirection	9008	sources/client273-as3/network/scripts/com/ankamagames/dofus/network/types/game/context/roleplay/treasureHunt/TreasureHuntStepFollowDirection.as:8	2	direction:uint;mapCount:uint	TreasureHuntStep	super:TreasureHuntStep;direction:writeByte;mapCount:writeVarShort	client-as3	273
TreasureHuntStepFollowDirectionToHint	8809	sources/client273-as3/network/scripts/com/ankamagames/dofus/network/types/game/context/roleplay/treasureHunt/TreasureHuntStepFollowDirectionToHint.as:8	2	direction:uint;npcId:uint	TreasureHuntStep	super:TreasureHuntStep;direction:writeByte;npcId:writeVarShort	client-as3	273
TreasureHuntStepFollowDirectionToPOI	9275	sources/client273-as3/network/scripts/com/ankamagames/dofus/network/types/game/context/roleplay/treasureHunt/TreasureHuntStepFollowDirectionToPOI.as:8	2	direction:uint;poiLabelId:uint	TreasureHuntStep	super:TreasureHuntStep;direction:writeByte;poiLabelId:writeVarShort	client-as3	273
TrustCertificate	3311	sources/client273-as3/network/scripts/com/ankamagames/dofus/network/types/secure/TrustCertificate.as:8	2	id:uint;hash:String		id:writeInt;hash:writeUTF	client-as3	273
UpdateMountBooleanCharacteristic	2137	sources/client273-as3/network/scripts/com/ankamagames/dofus/network/types/game/mount/UpdateMountBooleanCharacteristic.as:8	1	value:Boolean	UpdateMountCharacteristic	super:UpdateMountCharacteristic;value:writeBoolean	client-as3	273
UpdateMountCharacteristic	470	sources/client273-as3/network/scripts/com/ankamagames/dofus/network/types/game/mount/UpdateMountCharacteristic.as:8	1	type:uint		type:writeByte	client-as3	273
UpdateMountIntegerCharacteristic	5600	sources/client273-as3/network/scripts/com/ankamagames/dofus/network/types/game/mount/UpdateMountIntegerCharacteristic.as:8	1	value:int	UpdateMountCharacteristic	super:UpdateMountCharacteristic;value:writeInt	client-as3	273
UpdatedStorageTabInformation	570	sources/client273-as3/network/scripts/com/ankamagames/dofus/network/types/game/inventory/UpdatedStorageTabInformation.as:8	4	name:String;tabNumber:uint;picto:uint;dropTypeLimitation:Vector.<uint>		name:writeUTF;tabNumber:writeVarInt;picto:writeVarInt;dropTypeLimitation#len:writeShort;dropTypeLimitation[]:writeVarInt	client-as3	273
Uuid	8662	sources/client273-as3/network/scripts/com/ankamagames/dofus/network/types/game/Uuid.as:8	1	uuidString:String		uuidString:writeUTF	client-as3	273
Version	580	sources/client273-as3/network/scripts/com/ankamagames/dofus/network/types/version/Version.as:8	5	major:uint;minor:uint;code:uint;build:uint;buildType:uint		major:writeByte;minor:writeByte;code:writeByte;build:writeInt;buildType:writeByte	client-as3	273
