type_nom	protocol_id	fichier:ligne	nb_champs	champs	parent	ordre_serialisation	emu	version
AbstractCharacterInformation	400	sources/client242-as3/scripts/com/ankamagames/dofus/network/types/game/character/AbstractCharacterInformation.as:8	1	id:Number		id:writeVarLong	client-as3	242
AbstractCharacterToRefurbishInformation	475	sources/client242-as3/scripts/com/ankamagames/dofus/network/types/game/character/choice/AbstractCharacterToRefurbishInformation.as:10	2	colors:Vector.<int>;cosmeticId:uint	AbstractCharacterInformation	super:AbstractCharacterInformation;colors#len:writeShort;colors[]:writeInt;cosmeticId:writeVarInt	client-as3	242
AbstractContactInformations	380	sources/client242-as3/scripts/com/ankamagames/dofus/network/types/game/friend/AbstractContactInformations.as:8	2	accountId:uint;accountName:String		accountId:writeInt;accountName:writeUTF	client-as3	242
AbstractFightDispellableEffect	206	sources/client242-as3/scripts/com/ankamagames/dofus/network/types/game/actions/fight/AbstractFightDispellableEffect.as:9	7	uid:uint;targetId:Number;turnDuration:int;dispelable:uint;spellId:uint;effectId:uint;parentBoostUid:uint		uid:writeVarInt;targetId:writeDouble;turnDuration:writeShort;dispelable:writeByte;spellId:writeVarShort;effectId:writeVarInt;parentBoostUid:writeVarInt	client-as3	242
AbstractFightTeamInformations	116	sources/client242-as3/scripts/com/ankamagames/dofus/network/types/game/context/fight/AbstractFightTeamInformations.as:8	5	teamId:uint;leaderId:Number;teamSide:int;teamTypeId:uint;nbWaves:uint		teamId:writeByte;leaderId:writeDouble;teamSide:writeByte;teamTypeId:writeByte;nbWaves:writeByte	client-as3	242
AbstractSocialGroupInfos	416	sources/client242-as3/scripts/com/ankamagames/dofus/network/types/game/social/AbstractSocialGroupInfos.as:8	0				client-as3	242
AccountHouseInformations	390	sources/client242-as3/scripts/com/ankamagames/dofus/network/types/game/house/AccountHouseInformations.as:9	5	houseInfos:HouseInstanceInformations;worldX:int;worldY:int;mapId:int;subAreaId:uint	HouseInformations	super:HouseInformations;#typeId:writeShort;houseInfos:serialize;worldX:writeShort;worldY:writeShort;mapId:writeInt;subAreaId:writeVarShort	client-as3	242
Achievement	363	sources/client242-as3/scripts/com/ankamagames/dofus/network/types/game/achievement/Achievement.as:9	3	id:uint;finishedObjective:Vector.<AchievementObjective>;startedObjectives:Vector.<AchievementStartedObjective>		id:writeVarShort;finishedObjective#len:writeShort;finishedObjective[]:asAchievementObjective;startedObjectives#len:writeShort;startedObjectives[]:asAchievementStartedObjective	client-as3	242
AchievementObjective	404	sources/client242-as3/scripts/com/ankamagames/dofus/network/types/game/achievement/AchievementObjective.as:9	2	id:uint;maxValue:uint		id:writeVarInt;maxValue:writeVarShort	client-as3	242
AchievementRewardable	412	sources/client242-as3/scripts/com/ankamagames/dofus/network/types/game/achievement/AchievementRewardable.as:9	2	id:uint;finishedlevel:uint		id:writeVarShort;finishedlevel:writeByte	client-as3	242
AchievementStartedObjective	402	sources/client242-as3/scripts/com/ankamagames/dofus/network/types/game/achievement/AchievementStartedObjective.as:9	1	value:uint	AchievementObjective	super:AchievementObjective;value:writeVarShort	client-as3	242
ActorAlignmentInformations	201	sources/client242-as3/scripts/com/ankamagames/dofus/network/types/game/character/alignment/ActorAlignmentInformations.as:8	4	alignmentSide:int;alignmentValue:uint;alignmentGrade:uint;characterPower:Number		alignmentSide:writeByte;alignmentValue:writeByte;alignmentGrade:writeByte;characterPower:writeDouble	client-as3	242
ActorExtendedAlignmentInformations	202	sources/client242-as3/scripts/com/ankamagames/dofus/network/types/game/character/alignment/ActorExtendedAlignmentInformations.as:8	4	honor:uint;honorGradeFloor:uint;honorNextGradeFloor:uint;aggressable:uint	ActorAlignmentInformations	super:ActorAlignmentInformations;honor:writeVarShort;honorGradeFloor:writeVarShort;honorNextGradeFloor:writeVarShort;aggressable:writeByte	client-as3	242
ActorOrientation	353	sources/client242-as3/scripts/com/ankamagames/dofus/network/types/game/context/ActorOrientation.as:9	2	id:Number;direction:uint		id:writeDouble;direction:writeByte	client-as3	242
ActorRestrictionsInformations	204	sources/client242-as3/scripts/com/ankamagames/dofus/network/types/game/character/restriction/ActorRestrictionsInformations.as:9	21	cantBeAggressed:Boolean;cantBeChallenged:Boolean;cantTrade:Boolean;cantBeAttackedByMutant:Boolean;cantRun:Boolean;forceSlowWalk:Boolean;cantMinimize:Boolean;cantMove:Boolean;cantAggress:Boolean;cantChallenge:Boolean;cantExchange:Boolean;cantAttack:Boolean;cantChat:Boolean;cantBeMerchant:Boolean;cantUseObject:Boolean;cantUseTaxCollector:Boolean;cantUseInteractive:Boolean;cantSpeakToNPC:Boolean;cantChangeZone:Boolean;cantAttackMonster:Boolean;cantWalk8Directions:Boolean		cantBeAggressed:bit0;cantBeChallenged:bit1;cantTrade:bit2;cantBeAttackedByMutant:bit3;cantRun:bit4;forceSlowWalk:bit5;cantMinimize:bit6;cantMove:bit7;#local:writeByte;cantAggress:bit0;cantChallenge:bit1;cantExchange:bit2;cantAttack:bit3;cantChat:bit4;cantBeMerchant:bit5;cantUseObject:bit6;cantUseTaxCollector:bit7;#local:writeByte;cantUseInteractive:bit0;cantSpeakToNPC:bit1;cantChangeZone:bit2;cantAttackMonster:bit3;cantWalk8Directions:bit4;#local:writeByte	client-as3	242
AdditionalTaxCollectorInformations	165	sources/client242-as3/scripts/com/ankamagames/dofus/network/types/game/guild/tax/AdditionalTaxCollectorInformations.as:8	2	collectorCallerName:String;date:uint		collectorCallerName:writeUTF;date:writeInt	client-as3	242
AllianceFactSheetInformations	421	sources/client242-as3/scripts/com/ankamagames/dofus/network/types/game/social/AllianceFactSheetInformations.as:11	1	creationDate:uint	AllianceInformations	super:AllianceInformations;creationDate:writeInt	client-as3	242
AllianceInformations	417	sources/client242-as3/scripts/com/ankamagames/dofus/network/types/game/context/roleplay/AllianceInformations.as:9	1	allianceEmblem:GuildEmblem	BasicNamedAllianceInformations	super:BasicNamedAllianceInformations;allianceEmblem:asGuildEmblem	client-as3	242
AllianceInsiderPrismInformation	431	sources/client242-as3/scripts/com/ankamagames/dofus/network/types/game/prism/AllianceInsiderPrismInformation.as:9	5	lastTimeSlotModificationDate:uint;lastTimeSlotModificationAuthorGuildId:uint;lastTimeSlotModificationAuthorId:Number;lastTimeSlotModificationAuthorName:String;modulesObjects:Vector.<ObjectItem>	PrismInformation	super:PrismInformation;lastTimeSlotModificationDate:writeInt;lastTimeSlotModificationAuthorGuildId:writeVarInt;lastTimeSlotModificationAuthorId:writeVarLong;lastTimeSlotModificationAuthorName:writeUTF;modulesObjects#len:writeShort;modulesObjects[]:asObjectItem	client-as3	242
AlliancePrismInformation	427	sources/client242-as3/scripts/com/ankamagames/dofus/network/types/game/prism/AlliancePrismInformation.as:9	1	alliance:AllianceInformations	PrismInformation	super:PrismInformation;alliance:asAllianceInformations	client-as3	242
AllianceVersatileInformations	432	sources/client242-as3/scripts/com/ankamagames/dofus/network/types/game/social/AllianceVersatileInformations.as:9	4	allianceId:uint;nbGuilds:uint;nbMembers:uint;nbSubarea:uint		allianceId:writeVarInt;nbGuilds:writeVarShort;nbMembers:writeVarShort;nbSubarea:writeVarShort	client-as3	242
AlliancedGuildFactSheetInformations	422	sources/client242-as3/scripts/com/ankamagames/dofus/network/types/game/social/AlliancedGuildFactSheetInformations.as:12	1	allianceInfos:BasicNamedAllianceInformations	GuildInformations	super:GuildInformations;allianceInfos:asBasicNamedAllianceInformations	client-as3	242
AlternativeMonstersInGroupLightInformations	394	sources/client242-as3/scripts/com/ankamagames/dofus/network/types/game/context/roleplay/AlternativeMonstersInGroupLightInformations.as:8	2	playerCount:int;monsters:Vector.<MonsterInGroupLightInformations>		playerCount:writeInt;monsters#len:writeShort;monsters[]:asMonsterInGroupLightInformations	client-as3	242
ArenaRankInfos	499	sources/client242-as3/scripts/com/ankamagames/dofus/network/types/game/context/roleplay/fight/arena/ArenaRankInfos.as:9	4	rank:uint;bestRank:uint;victoryCount:uint;fightcount:uint		rank:writeVarShort;bestRank:writeVarShort;victoryCount:writeVarShort;fightcount:writeVarShort	client-as3	242
AtlasPointsInformations	175	sources/client242-as3/scripts/com/ankamagames/dofus/network/types/game/context/roleplay/AtlasPointsInformations.as:9	2	type:uint;coords:Vector.<MapCoordinatesExtended>		type:writeByte;coords#len:writeShort;coords[]:asMapCoordinatesExtended	client-as3	242
BasicAllianceInformations	419	sources/client242-as3/scripts/com/ankamagames/dofus/network/types/game/context/roleplay/BasicAllianceInformations.as:9	2	allianceId:uint;allianceTag:String	AbstractSocialGroupInfos	super:AbstractSocialGroupInfos;allianceId:writeVarInt;allianceTag:writeUTF	client-as3	242
BasicGuildInformations	365	sources/client242-as3/scripts/com/ankamagames/dofus/network/types/game/context/roleplay/BasicGuildInformations.as:9	3	guildId:uint;guildName:String;guildLevel:uint	AbstractSocialGroupInfos	super:AbstractSocialGroupInfos;guildId:writeVarInt;guildName:writeUTF;guildLevel:writeByte	client-as3	242
BasicNamedAllianceInformations	418	sources/client242-as3/scripts/com/ankamagames/dofus/network/types/game/context/roleplay/BasicNamedAllianceInformations.as:8	1	allianceName:String	BasicAllianceInformations	super:BasicAllianceInformations;allianceName:writeUTF	client-as3	242
BidExchangerObjectInfo	122	sources/client242-as3/scripts/com/ankamagames/dofus/network/types/game/data/items/BidExchangerObjectInfo.as:10	3	objectUID:uint;effects:Vector.<ObjectEffect>;prices:Vector.<Number>		objectUID:writeVarInt;effects#len:writeShort;effects[]#typeId:writeShort;effects[]:serialize;prices#len:writeShort;prices[]:writeVarLong	client-as3	242
CharacterBaseCharacteristic	4	sources/client242-as3/scripts/com/ankamagames/dofus/network/types/game/character/characteristic/CharacterBaseCharacteristic.as:8	5	base:int;additionnal:int;objectsAndMountBonus:int;alignGiftBonus:int;contextModif:int		base:writeVarShort;additionnal:writeVarShort;objectsAndMountBonus:writeVarShort;alignGiftBonus:writeVarShort;contextModif:writeVarShort	client-as3	242
CharacterBaseInformations	45	sources/client242-as3/scripts/com/ankamagames/dofus/network/types/game/character/choice/CharacterBaseInformations.as:10	2	breed:int;sex:Boolean	CharacterMinimalPlusLookInformations	super:CharacterMinimalPlusLookInformations;breed:writeByte;sex:writeBoolean	client-as3	242
CharacterBasicMinimalInformations	503	sources/client242-as3/scripts/com/ankamagames/dofus/network/types/game/character/CharacterBasicMinimalInformations.as:8	1	name:String	AbstractCharacterInformation	super:AbstractCharacterInformation;name:writeUTF	client-as3	242
CharacterCharacteristicsInformations	8	sources/client242-as3/scripts/com/ankamagames/dofus/network/types/game/character/characteristic/CharacterCharacteristicsInformations.as:9	85	experience:Number;experienceLevelFloor:Number;experienceNextLevelFloor:Number;experienceBonusLimit:Number;kamas:Number;statsPoints:uint;additionnalPoints:uint;spellsPoints:uint;alignmentInfos:ActorExtendedAlignmentInformations;lifePoints:uint;maxLifePoints:uint;energyPoints:uint;maxEnergyPoints:uint;actionPointsCurrent:int;movementPointsCurrent:int;initiative:CharacterBaseCharacteristic;prospecting:CharacterBaseCharacteristic;actionPoints:CharacterBaseCharacteristic;movementPoints:CharacterBaseCharacteristic;strength:CharacterBaseCharacteristic;vitality:CharacterBaseCharacteristic;wisdom:CharacterBaseCharacteristic;chance:CharacterBaseCharacteristic;agility:CharacterBaseCharacteristic;intelligence:CharacterBaseCharacteristic;range:CharacterBaseCharacteristic;summonableCreaturesBoost:CharacterBaseCharacteristic;reflect:CharacterBaseCharacteristic;criticalHit:CharacterBaseCharacteristic;criticalHitWeapon:uint;criticalMiss:CharacterBaseCharacteristic;healBonus:CharacterBaseCharacteristic;allDamagesBonus:CharacterBaseCharacteristic;weaponDamagesBonusPercent:CharacterBaseCharacteristic;damagesBonusPercent:CharacterBaseCharacteristic;trapBonus:CharacterBaseCharacteristic;trapBonusPercent:CharacterBaseCharacteristic;glyphBonusPercent:CharacterBaseCharacteristic;runeBonusPercent:CharacterBaseCharacteristic;permanentDamagePercent:CharacterBaseCharacteristic;tackleBlock:CharacterBaseCharacteristic;tackleEvade:CharacterBaseCharacteristic;PAAttack:CharacterBaseCharacteristic;PMAttack:CharacterBaseCharacteristic;pushDamageBonus:CharacterBaseCharacteristic;criticalDamageBonus:CharacterBaseCharacteristic;neutralDamageBonus:CharacterBaseCharacteristic;earthDamageBonus:CharacterBaseCharacteristic;waterDamageBonus:CharacterBaseCharacteristic;airDamageBonus:CharacterBaseCharacteristic;fireDamageBonus:CharacterBaseCharacteristic;dodgePALostProbability:CharacterBaseCharacteristic;dodgePMLostProbability:CharacterBaseCharacteristic;neutralElementResistPercent:CharacterBaseCharacteristic;earthElementResistPercent:CharacterBaseCharacteristic;waterElementResistPercent:CharacterBaseCharacteristic;airElementResistPercent:CharacterBaseCharacteristic;fireElementResistPercent:CharacterBaseCharacteristic;neutralElementReduction:CharacterBaseCharacteristic;earthElementReduction:CharacterBaseCharacteristic;waterElementReduction:CharacterBaseCharacteristic;airElementReduction:CharacterBaseCharacteristic;fireElementReduction:CharacterBaseCharacteristic;pushDamageReduction:CharacterBaseCharacteristic;criticalDamageReduction:CharacterBaseCharacteristic;pvpNeutralElementResistPercent:CharacterBaseCharacteristic;pvpEarthElementResistPercent:CharacterBaseCharacteristic;pvpWaterElementResistPercent:CharacterBaseCharacteristic;pvpAirElementResistPercent:CharacterBaseCharacteristic;pvpFireElementResistPercent:CharacterBaseCharacteristic;pvpNeutralElementReduction:CharacterBaseCharacteristic;pvpEarthElementReduction:CharacterBaseCharacteristic;pvpWaterElementReduction:CharacterBaseCharacteristic;pvpAirElementReduction:CharacterBaseCharacteristic;pvpFireElementReduction:CharacterBaseCharacteristic;meleeDamageDonePercent:CharacterBaseCharacteristic;meleeDamageReceivedPercent:CharacterBaseCharacteristic;rangedDamageDonePercent:CharacterBaseCharacteristic;rangedDamageReceivedPercent:CharacterBaseCharacteristic;weaponDamageDonePercent:CharacterBaseCharacteristic;weaponDamageReceivedPercent:CharacterBaseCharacteristic;spellDamageDonePercent:CharacterBaseCharacteristic;spellDamageReceivedPercent:CharacterBaseCharacteristic;spellModifications:Vector.<CharacterSpellModification>;probationTime:uint		experience:writeVarLong;experienceLevelFloor:writeVarLong;experienceNextLevelFloor:writeVarLong;experienceBonusLimit:writeVarLong;kamas:writeVarLong;statsPoints:writeVarShort;additionnalPoints:writeVarShort;spellsPoints:writeVarShort;alignmentInfos:asActorExtendedAlignmentInformations;lifePoints:writeVarInt;maxLifePoints:writeVarInt;energyPoints:writeVarShort;maxEnergyPoints:writeVarShort;actionPointsCurrent:writeVarShort;movementPointsCurrent:writeVarShort;initiative:asCharacterBaseCharacteristic;prospecting:asCharacterBaseCharacteristic;actionPoints:asCharacterBaseCharacteristic;movementPoints:asCharacterBaseCharacteristic;strength:asCharacterBaseCharacteristic;vitality:asCharacterBaseCharacteristic;wisdom:asCharacterBaseCharacteristic;chance:asCharacterBaseCharacteristic;agility:asCharacterBaseCharacteristic;intelligence:asCharacterBaseCharacteristic;range:asCharacterBaseCharacteristic;summonableCreaturesBoost:asCharacterBaseCharacteristic;reflect:asCharacterBaseCharacteristic;criticalHit:asCharacterBaseCharacteristic;criticalHitWeapon:writeVarShort;criticalMiss:asCharacterBaseCharacteristic;healBonus:asCharacterBaseCharacteristic;allDamagesBonus:asCharacterBaseCharacteristic;weaponDamagesBonusPercent:asCharacterBaseCharacteristic;damagesBonusPercent:asCharacterBaseCharacteristic;trapBonus:asCharacterBaseCharacteristic;trapBonusPercent:asCharacterBaseCharacteristic;glyphBonusPercent:asCharacterBaseCharacteristic;runeBonusPercent:asCharacterBaseCharacteristic;permanentDamagePercent:asCharacterBaseCharacteristic;tackleBlock:asCharacterBaseCharacteristic;tackleEvade:asCharacterBaseCharacteristic;PAAttack:asCharacterBaseCharacteristic;PMAttack:asCharacterBaseCharacteristic;pushDamageBonus:asCharacterBaseCharacteristic;criticalDamageBonus:asCharacterBaseCharacteristic;neutralDamageBonus:asCharacterBaseCharacteristic;earthDamageBonus:asCharacterBaseCharacteristic;waterDamageBonus:asCharacterBaseCharacteristic;airDamageBonus:asCharacterBaseCharacteristic;fireDamageBonus:asCharacterBaseCharacteristic;dodgePALostProbability:asCharacterBaseCharacteristic;dodgePMLostProbability:asCharacterBaseCharacteristic;neutralElementResistPercent:asCharacterBaseCharacteristic;earthElementResistPercent:asCharacterBaseCharacteristic;waterElementResistPercent:asCharacterBaseCharacteristic;airElementResistPercent:asCharacterBaseCharacteristic;fireElementResistPercent:asCharacterBaseCharacteristic;neutralElementReduction:asCharacterBaseCharacteristic;earthElementReduction:asCharacterBaseCharacteristic;waterElementReduction:asCharacterBaseCharacteristic;airElementReduction:asCharacterBaseCharacteristic;fireElementReduction:asCharacterBaseCharacteristic;pushDamageReduction:asCharacterBaseCharacteristic;criticalDamageReduction:asCharacterBaseCharacteristic;pvpNeutralElementResistPercent:asCharacterBaseCharacteristic;pvpEarthElementResistPercent:asCharacterBaseCharacteristic;pvpWaterElementResistPercent:asCharacterBaseCharacteristic;pvpAirElementResistPercent:asCharacterBaseCharacteristic;pvpFireElementResistPercent:asCharacterBaseCharacteristic;pvpNeutralElementReduction:asCharacterBaseCharacteristic;pvpEarthElementReduction:asCharacterBaseCharacteristic;pvpWaterElementReduction:asCharacterBaseCharacteristic;pvpAirElementReduction:asCharacterBaseCharacteristic;pvpFireElementReduction:asCharacterBaseCharacteristic;meleeDamageDonePercent:asCharacterBaseCharacteristic;meleeDamageReceivedPercent:asCharacterBaseCharacteristic;rangedDamageDonePercent:asCharacterBaseCharacteristic;rangedDamageReceivedPercent:asCharacterBaseCharacteristic;weaponDamageDonePercent:asCharacterBaseCharacteristic;weaponDamageReceivedPercent:asCharacterBaseCharacteristic;spellDamageDonePercent:asCharacterBaseCharacteristic;spellDamageReceivedPercent:asCharacterBaseCharacteristic;spellModifications#len:writeShort;spellModifications[]:asCharacterSpellModification;probationTime:writeInt	client-as3	242
CharacterHardcoreOrEpicInformations	474	sources/client242-as3/scripts/com/ankamagames/dofus/network/types/game/character/choice/CharacterHardcoreOrEpicInformations.as:10	3	deathState:uint;deathCount:uint;deathMaxLevel:uint	CharacterBaseInformations	super:CharacterBaseInformations;deathState:writeByte;deathCount:writeVarShort;deathMaxLevel:writeByte	client-as3	242
CharacterMinimalAllianceInformations	444	sources/client242-as3/scripts/com/ankamagames/dofus/network/types/game/character/CharacterMinimalAllianceInformations.as:11	1	alliance:BasicAllianceInformations	CharacterMinimalGuildInformations	super:CharacterMinimalGuildInformations;alliance:asBasicAllianceInformations	client-as3	242
CharacterMinimalGuildInformations	445	sources/client242-as3/scripts/com/ankamagames/dofus/network/types/game/character/CharacterMinimalGuildInformations.as:10	1	guild:BasicGuildInformations	CharacterMinimalPlusLookInformations	super:CharacterMinimalPlusLookInformations;guild:asBasicGuildInformations	client-as3	242
CharacterMinimalInformations	110	sources/client242-as3/scripts/com/ankamagames/dofus/network/types/game/character/CharacterMinimalInformations.as:8	1	level:uint	CharacterBasicMinimalInformations	super:CharacterBasicMinimalInformations;level:writeByte	client-as3	242
CharacterMinimalPlusLookAndGradeInformations	193	sources/client242-as3/scripts/com/ankamagames/dofus/network/types/game/character/CharacterMinimalPlusLookAndGradeInformations.as:9	1	grade:uint	CharacterMinimalPlusLookInformations	super:CharacterMinimalPlusLookInformations;grade:writeVarInt	client-as3	242
CharacterMinimalPlusLookInformations	163	sources/client242-as3/scripts/com/ankamagames/dofus/network/types/game/character/CharacterMinimalPlusLookInformations.as:9	1	entityLook:EntityLook	CharacterMinimalInformations	super:CharacterMinimalInformations;entityLook:asEntityLook	client-as3	242
CharacterRemodelingInformation	479	sources/client242-as3/scripts/com/ankamagames/dofus/network/types/game/character/choice/CharacterRemodelingInformation.as:10	5	name:String;breed:int;sex:Boolean;cosmeticId:uint;colors:Vector.<int>	AbstractCharacterInformation	super:AbstractCharacterInformation;name:writeUTF;breed:writeByte;sex:writeBoolean;cosmeticId:writeVarShort;colors#len:writeShort;colors[]:writeInt	client-as3	242
CharacterSpellModification	215	sources/client242-as3/scripts/com/ankamagames/dofus/network/types/game/character/characteristic/CharacterSpellModification.as:8	3	modificationType:uint;spellId:uint;value:CharacterBaseCharacteristic		modificationType:writeByte;spellId:writeVarShort;value:asCharacterBaseCharacteristic	client-as3	242
CharacterToRecolorInformation	212	sources/client242-as3/scripts/com/ankamagames/dofus/network/types/game/character/choice/CharacterToRecolorInformation.as:9	0		AbstractCharacterToRefurbishInformation	super:AbstractCharacterToRefurbishInformation	client-as3	242
CharacterToRelookInformation	399	sources/client242-as3/scripts/com/ankamagames/dofus/network/types/game/character/choice/CharacterToRelookInformation.as:9	0		AbstractCharacterToRefurbishInformation	super:AbstractCharacterToRefurbishInformation	client-as3	242
CharacterToRemodelInformations	477	sources/client242-as3/scripts/com/ankamagames/dofus/network/types/game/character/choice/CharacterToRemodelInformations.as:9	2	possibleChangeMask:uint;mandatoryChangeMask:uint	CharacterRemodelingInformation	super:CharacterRemodelingInformation;possibleChangeMask:writeByte;mandatoryChangeMask:writeByte	client-as3	242
ContentPart	350	sources/client242-as3/scripts/com/ankamagames/dofus/network/types/updater/ContentPart.as:9	2	id:String;state:uint		id:writeUTF;state:writeByte	client-as3	242
DareCriteria	501	sources/client242-as3/scripts/com/ankamagames/dofus/network/types/game/dare/DareCriteria.as:8	2	type:uint;params:Vector.<int>		type:writeByte;params#len:writeShort;params[]:writeInt	client-as3	242
DareInformations	502	sources/client242-as3/scripts/com/ankamagames/dofus/network/types/game/dare/DareInformations.as:9	11	dareId:Number;creator:CharacterBasicMinimalInformations;subscriptionFee:Number;jackpot:Number;maxCountWinners:uint;endDate:Number;isPrivate:Boolean;guildId:uint;allianceId:uint;criterions:Vector.<DareCriteria>;startDate:Number		dareId:writeDouble;creator:asCharacterBasicMinimalInformations;subscriptionFee:writeVarLong;jackpot:writeVarLong;maxCountWinners:writeShort;endDate:writeDouble;isPrivate:writeBoolean;guildId:writeVarInt;allianceId:writeVarInt;criterions#len:writeShort;criterions[]:asDareCriteria;startDate:writeDouble	client-as3	242
DareReward	505	sources/client242-as3/scripts/com/ankamagames/dofus/network/types/game/dare/DareReward.as:8	4	type:uint;monsterId:uint;kamas:Number;dareId:Number		type:writeByte;monsterId:writeVarShort;kamas:writeVarLong;dareId:writeDouble	client-as3	242
DareVersatileInformations	504	sources/client242-as3/scripts/com/ankamagames/dofus/network/types/game/dare/DareVersatileInformations.as:8	3	dareId:Number;countEntrants:uint;countWinners:uint		dareId:writeDouble;countEntrants:writeInt;countWinners:writeInt	client-as3	242
DecraftedItemStackInfo	481	sources/client242-as3/scripts/com/ankamagames/dofus/network/types/game/context/roleplay/job/DecraftedItemStackInfo.as:8	5	objectUID:uint;bonusMin:Number;bonusMax:Number;runesId:Vector.<uint>;runesQty:Vector.<uint>		objectUID:writeVarInt;bonusMin:writeFloat;bonusMax:writeFloat;runesId#len:writeShort;runesId[]:writeVarShort;runesQty#len:writeShort;runesQty[]:writeVarInt	client-as3	242
DungeonPartyFinderPlayer	373	sources/client242-as3/scripts/com/ankamagames/dofus/network/types/game/context/roleplay/party/DungeonPartyFinderPlayer.as:9	5	playerId:Number;playerName:String;breed:int;sex:Boolean;level:uint		playerId:writeVarLong;playerName:writeUTF;breed:writeByte;sex:writeBoolean;level:writeByte	client-as3	242
EntityDispositionInformations	60	sources/client242-as3/scripts/com/ankamagames/dofus/network/types/game/context/EntityDispositionInformations.as:8	2	cellId:int;direction:uint		cellId:writeShort;direction:writeByte	client-as3	242
EntityLook	55	sources/client242-as3/scripts/com/ankamagames/dofus/network/types/game/look/EntityLook.as:8	5	bonesId:uint;skins:Vector.<uint>;indexedColors:Vector.<int>;scales:Vector.<int>;subentities:Vector.<SubEntity>		bonesId:writeVarShort;skins#len:writeShort;skins[]:writeVarShort;indexedColors#len:writeShort;indexedColors[]:writeInt;scales#len:writeShort;scales[]:writeVarShort;subentities#len:writeShort;subentities[]:asSubEntity	client-as3	242
EntityMovementInformations	63	sources/client242-as3/scripts/com/ankamagames/dofus/network/types/game/context/EntityMovementInformations.as:9	2	id:int;steps:Vector.<int>		id:writeInt;steps#len:writeShort;steps[]:writeByte	client-as3	242
FightAllianceTeamInformations	439	sources/client242-as3/scripts/com/ankamagames/dofus/network/types/game/context/fight/FightAllianceTeamInformations.as:8	1	relation:uint	FightTeamInformations	super:FightTeamInformations;relation:writeByte	client-as3	242
FightCommonInformations	43	sources/client242-as3/scripts/com/ankamagames/dofus/network/types/game/context/fight/FightCommonInformations.as:9	5	fightId:int;fightType:uint;fightTeams:Vector.<FightTeamInformations>;fightTeamsPositions:Vector.<uint>;fightTeamsOptions:Vector.<FightOptionsInformations>		fightId:writeInt;fightType:writeByte;fightTeams#len:writeShort;fightTeams[]#typeId:writeShort;fightTeams[]:serialize;fightTeamsPositions#len:writeShort;fightTeamsPositions[]:writeVarShort;fightTeamsOptions#len:writeShort;fightTeamsOptions[]:asFightOptionsInformations	client-as3	242
FightDispellableEffectExtendedInformations	208	sources/client242-as3/scripts/com/ankamagames/dofus/network/types/game/action/fight/FightDispellableEffectExtendedInformations.as:11	3	actionId:uint;sourceId:Number;effect:AbstractFightDispellableEffect		actionId:writeVarShort;sourceId:writeDouble;#typeId:writeShort;effect:serialize	client-as3	242
FightEntityDispositionInformations	217	sources/client242-as3/scripts/com/ankamagames/dofus/network/types/game/context/FightEntityDispositionInformations.as:8	1	carryingCharacterId:Number	EntityDispositionInformations	super:EntityDispositionInformations;carryingCharacterId:writeDouble	client-as3	242
FightExternalInformations	117	sources/client242-as3/scripts/com/ankamagames/dofus/network/types/game/context/fight/FightExternalInformations.as:8	6	fightId:int;fightType:uint;fightStart:uint;fightSpectatorLocked:Boolean;fightTeams:Vector.<FightTeamLightInformations>;fightTeamsOptions:Vector.<FightOptionsInformations>		fightId:writeInt;fightType:writeByte;fightStart:writeInt;fightSpectatorLocked:writeBoolean;fightTeams[]:asFightTeamLightInformations;fightTeamsOptions[]:asFightOptionsInformations	client-as3	242
FightLoot	41	sources/client242-as3/scripts/com/ankamagames/dofus/network/types/game/context/fight/FightLoot.as:8	2	objects:Vector.<uint>;kamas:Number		objects#len:writeShort;objects[]:writeVarShort;kamas:writeVarLong	client-as3	242
FightOptionsInformations	20	sources/client242-as3/scripts/com/ankamagames/dofus/network/types/game/context/fight/FightOptionsInformations.as:9	4	isSecret:Boolean;isRestrictedToPartyOnly:Boolean;isClosed:Boolean;isAskingForHelp:Boolean		isSecret:bit0;isRestrictedToPartyOnly:bit1;isClosed:bit2;isAskingForHelp:bit3;#local:writeByte	client-as3	242
FightResultAdditionalData	191	sources/client242-as3/scripts/com/ankamagames/dofus/network/types/game/context/fight/FightResultAdditionalData.as:8	0				client-as3	242
FightResultExperienceData	192	sources/client242-as3/scripts/com/ankamagames/dofus/network/types/game/context/fight/FightResultExperienceData.as:9	14	experience:Number;showExperience:Boolean;experienceLevelFloor:Number;showExperienceLevelFloor:Boolean;experienceNextLevelFloor:Number;showExperienceNextLevelFloor:Boolean;experienceFightDelta:Number;showExperienceFightDelta:Boolean;experienceForGuild:Number;showExperienceForGuild:Boolean;experienceForMount:Number;showExperienceForMount:Boolean;isIncarnationExperience:Boolean;rerollExperienceMul:uint	FightResultAdditionalData	super:FightResultAdditionalData;showExperience:bit0;showExperienceLevelFloor:bit1;showExperienceNextLevelFloor:bit2;showExperienceFightDelta:bit3;showExperienceForGuild:bit4;showExperienceForMount:bit5;isIncarnationExperience:bit6;#local:writeByte;experience:writeVarLong;experienceLevelFloor:writeVarLong;experienceNextLevelFloor:writeVarLong;experienceFightDelta:writeVarLong;experienceForGuild:writeVarLong;experienceForMount:writeVarLong;rerollExperienceMul:writeByte	client-as3	242
FightResultFighterListEntry	189	sources/client242-as3/scripts/com/ankamagames/dofus/network/types/game/context/fight/FightResultFighterListEntry.as:8	2	id:Number;alive:Boolean	FightResultListEntry	super:FightResultListEntry;id:writeDouble;alive:writeBoolean	client-as3	242
FightResultListEntry	16	sources/client242-as3/scripts/com/ankamagames/dofus/network/types/game/context/fight/FightResultListEntry.as:8	3	outcome:uint;wave:uint;rewards:FightLoot		outcome:writeVarShort;wave:writeByte;rewards:asFightLoot	client-as3	242
FightResultMutantListEntry	216	sources/client242-as3/scripts/com/ankamagames/dofus/network/types/game/context/fight/FightResultMutantListEntry.as:8	1	level:uint	FightResultFighterListEntry	super:FightResultFighterListEntry;level:writeVarShort	client-as3	242
FightResultPlayerListEntry	24	sources/client242-as3/scripts/com/ankamagames/dofus/network/types/game/context/fight/FightResultPlayerListEntry.as:9	2	level:uint;additional:Vector.<FightResultAdditionalData>	FightResultFighterListEntry	super:FightResultFighterListEntry;level:writeByte;additional#len:writeShort;additional[]#typeId:writeShort;additional[]:serialize	client-as3	242
FightResultPvpData	190	sources/client242-as3/scripts/com/ankamagames/dofus/network/types/game/context/fight/FightResultPvpData.as:8	5	grade:uint;minHonorForGrade:uint;maxHonorForGrade:uint;honor:uint;honorDelta:int	FightResultAdditionalData	super:FightResultAdditionalData;grade:writeByte;minHonorForGrade:writeVarShort;maxHonorForGrade:writeVarShort;honor:writeVarShort;honorDelta:writeVarShort	client-as3	242
FightResultTaxCollectorListEntry	84	sources/client242-as3/scripts/com/ankamagames/dofus/network/types/game/context/fight/FightResultTaxCollectorListEntry.as:9	3	level:uint;guildInfo:BasicGuildInformations;experienceForGuild:int	FightResultFighterListEntry	super:FightResultFighterListEntry;level:writeByte;guildInfo:asBasicGuildInformations;experienceForGuild:writeInt	client-as3	242
FightStartingPositions	513	sources/client242-as3/scripts/com/ankamagames/dofus/network/types/game/context/fight/FightStartingPositions.as:9	2	positionsForChallengers:Vector.<uint>;positionsForDefenders:Vector.<uint>		positionsForChallengers#len:writeShort;positionsForChallengers[]:writeVarShort;positionsForDefenders#len:writeShort;positionsForDefenders[]:writeVarShort	client-as3	242
FightTeamInformations	33	sources/client242-as3/scripts/com/ankamagames/dofus/network/types/game/context/fight/FightTeamInformations.as:9	1	teamMembers:Vector.<FightTeamMemberInformations>	AbstractFightTeamInformations	super:AbstractFightTeamInformations;teamMembers#len:writeShort;teamMembers[]#typeId:writeShort;teamMembers[]:serialize	client-as3	242
FightTeamLightInformations	115	sources/client242-as3/scripts/com/ankamagames/dofus/network/types/game/context/fight/FightTeamLightInformations.as:9	7	teamMembersCount:uint;meanLevel:uint;hasFriend:Boolean;hasGuildMember:Boolean;hasAllianceMember:Boolean;hasGroupMember:Boolean;hasMyTaxCollector:Boolean	AbstractFightTeamInformations	super:AbstractFightTeamInformations;hasFriend:bit0;hasGuildMember:bit1;hasAllianceMember:bit2;hasGroupMember:bit3;hasMyTaxCollector:bit4;#local:writeByte;teamMembersCount:writeByte;meanLevel:writeVarInt	client-as3	242
FightTeamMemberCharacterInformations	13	sources/client242-as3/scripts/com/ankamagames/dofus/network/types/game/context/fight/FightTeamMemberCharacterInformations.as:8	2	name:String;level:uint	FightTeamMemberInformations	super:FightTeamMemberInformations;name:writeUTF;level:writeByte	client-as3	242
FightTeamMemberCompanionInformations	451	sources/client242-as3/scripts/com/ankamagames/dofus/network/types/game/context/fight/FightTeamMemberCompanionInformations.as:8	3	companionId:uint;level:uint;masterId:Number	FightTeamMemberInformations	super:FightTeamMemberInformations;companionId:writeByte;level:writeByte;masterId:writeDouble	client-as3	242
FightTeamMemberInformations	44	sources/client242-as3/scripts/com/ankamagames/dofus/network/types/game/context/fight/FightTeamMemberInformations.as:8	1	id:Number		id:writeDouble	client-as3	242
FightTeamMemberMonsterInformations	6	sources/client242-as3/scripts/com/ankamagames/dofus/network/types/game/context/fight/FightTeamMemberMonsterInformations.as:8	2	monsterId:int;grade:uint	FightTeamMemberInformations	super:FightTeamMemberInformations;monsterId:writeInt;grade:writeByte	client-as3	242
FightTeamMemberTaxCollectorInformations	177	sources/client242-as3/scripts/com/ankamagames/dofus/network/types/game/context/fight/FightTeamMemberTaxCollectorInformations.as:8	5	firstNameId:uint;lastNameId:uint;level:uint;guildId:uint;uid:uint	FightTeamMemberInformations	super:FightTeamMemberInformations;firstNameId:writeVarShort;lastNameId:writeVarShort;level:writeByte;guildId:writeVarInt;uid:writeVarInt	client-as3	242
FightTeamMemberWithAllianceCharacterInformations	426	sources/client242-as3/scripts/com/ankamagames/dofus/network/types/game/context/fight/FightTeamMemberWithAllianceCharacterInformations.as:9	1	allianceInfos:BasicAllianceInformations	FightTeamMemberCharacterInformations	super:FightTeamMemberCharacterInformations;allianceInfos:asBasicAllianceInformations	client-as3	242
FightTemporaryBoostEffect	209	sources/client242-as3/scripts/com/ankamagames/dofus/network/types/game/actions/fight/FightTemporaryBoostEffect.as:9	1	delta:int	AbstractFightDispellableEffect	super:AbstractFightDispellableEffect;delta:writeShort	client-as3	242
FightTemporaryBoostStateEffect	214	sources/client242-as3/scripts/com/ankamagames/dofus/network/types/game/actions/fight/FightTemporaryBoostStateEffect.as:9	1	stateId:int	FightTemporaryBoostEffect	super:FightTemporaryBoostEffect;stateId:writeShort	client-as3	242
FightTemporaryBoostWeaponDamagesEffect	211	sources/client242-as3/scripts/com/ankamagames/dofus/network/types/game/actions/fight/FightTemporaryBoostWeaponDamagesEffect.as:9	1	weaponTypeId:int	FightTemporaryBoostEffect	super:FightTemporaryBoostEffect;weaponTypeId:writeShort	client-as3	242
FightTemporarySpellBoostEffect	207	sources/client242-as3/scripts/com/ankamagames/dofus/network/types/game/actions/fight/FightTemporarySpellBoostEffect.as:9	1	boostedSpellId:uint	FightTemporaryBoostEffect	super:FightTemporaryBoostEffect;boostedSpellId:writeVarShort	client-as3	242
FightTemporarySpellImmunityEffect	366	sources/client242-as3/scripts/com/ankamagames/dofus/network/types/game/actions/fight/FightTemporarySpellImmunityEffect.as:9	1	immuneSpellId:int	AbstractFightDispellableEffect	super:AbstractFightDispellableEffect;immuneSpellId:writeInt	client-as3	242
FightTriggeredEffect	210	sources/client242-as3/scripts/com/ankamagames/dofus/network/types/game/actions/fight/FightTriggeredEffect.as:9	4	param1:int;param2:int;param3:int;delay:int	AbstractFightDispellableEffect	super:AbstractFightDispellableEffect;param1:writeInt;param2:writeInt;param3:writeInt;delay:writeShort	client-as3	242
FinishMoveInformations	506	sources/client242-as3/scripts/com/ankamagames/dofus/network/types/game/finishmoves/FinishMoveInformations.as:9	2	finishMoveId:uint;finishMoveState:Boolean		finishMoveId:writeInt;finishMoveState:writeBoolean	client-as3	242
FriendInformations	78	sources/client242-as3/scripts/com/ankamagames/dofus/network/types/game/friend/FriendInformations.as:8	3	playerState:uint;lastConnection:uint;achievementPoints:int	AbstractContactInformations	super:AbstractContactInformations;playerState:writeByte;lastConnection:writeVarShort;achievementPoints:writeInt	client-as3	242
FriendOnlineInformations	92	sources/client242-as3/scripts/com/ankamagames/dofus/network/types/game/friend/FriendOnlineInformations.as:13	10	playerId:Number;playerName:String;level:uint;alignmentSide:int;breed:int;sex:Boolean;guildInfo:GuildInformations;moodSmileyId:uint;status:PlayerStatus;havenBagShared:Boolean	FriendInformations	super:FriendInformations;sex:bit0;havenBagShared:bit1;#local:writeByte;playerId:writeVarLong;playerName:writeUTF;level:writeByte;alignmentSide:writeByte;breed:writeByte;guildInfo:asGuildInformations;moodSmileyId:writeVarShort;#typeId:writeShort;status:serialize	client-as3	242
FriendSpouseInformations	77	sources/client242-as3/scripts/com/ankamagames/dofus/network/types/game/friend/FriendSpouseInformations.as:10	9	spouseAccountId:uint;spouseId:Number;spouseName:String;spouseLevel:uint;breed:int;sex:int;spouseEntityLook:EntityLook;guildInfo:GuildInformations;alignmentSide:int		spouseAccountId:writeInt;spouseId:writeVarLong;spouseName:writeUTF;spouseLevel:writeByte;breed:writeByte;sex:writeByte;spouseEntityLook:asEntityLook;guildInfo:asGuildInformations;alignmentSide:writeByte	client-as3	242
FriendSpouseOnlineInformations	93	sources/client242-as3/scripts/com/ankamagames/dofus/network/types/game/friend/FriendSpouseOnlineInformations.as:11	4	mapId:uint;subAreaId:uint;inFight:Boolean;followSpouse:Boolean	FriendSpouseInformations	super:FriendSpouseInformations;inFight:bit0;followSpouse:bit1;#local:writeByte;mapId:writeInt;subAreaId:writeVarShort	client-as3	242
GameActionMark	351	sources/client242-as3/scripts/com/ankamagames/dofus/network/types/game/actions/fight/GameActionMark.as:9	9	markAuthorId:Number;markTeamId:uint;markSpellId:uint;markSpellLevel:int;markId:int;markType:int;markimpactCell:int;cells:Vector.<GameActionMarkedCell>;active:Boolean		markAuthorId:writeDouble;markTeamId:writeByte;markSpellId:writeInt;markSpellLevel:writeShort;markId:writeShort;markType:writeByte;markimpactCell:writeShort;cells#len:writeShort;cells[]:asGameActionMarkedCell;active:writeBoolean	client-as3	242
GameActionMarkedCell	85	sources/client242-as3/scripts/com/ankamagames/dofus/network/types/game/actions/fight/GameActionMarkedCell.as:9	4	cellId:uint;zoneSize:int;cellColor:int;cellsType:int		cellId:writeVarShort;zoneSize:writeByte;cellColor:writeInt;cellsType:writeByte	client-as3	242
GameContextActorInformations	150	sources/client242-as3/scripts/com/ankamagames/dofus/network/types/game/context/GameContextActorInformations.as:10	3	contextualId:Number;look:EntityLook;disposition:EntityDispositionInformations		contextualId:writeDouble;look:asEntityLook;#typeId:writeShort;disposition:serialize	client-as3	242
GameFightAIInformations	151	sources/client242-as3/scripts/com/ankamagames/dofus/network/types/game/context/fight/GameFightAIInformations.as:10	0		GameFightFighterInformations	super:GameFightFighterInformations	client-as3	242
GameFightCharacterInformations	46	sources/client242-as3/scripts/com/ankamagames/dofus/network/types/game/context/fight/GameFightCharacterInformations.as:12	4	level:uint;alignmentInfos:ActorAlignmentInformations;breed:int;sex:Boolean	GameFightFighterNamedInformations	super:GameFightFighterNamedInformations;level:writeByte;alignmentInfos:asActorAlignmentInformations;breed:writeByte;sex:writeBoolean	client-as3	242
GameFightCompanionInformations	450	sources/client242-as3/scripts/com/ankamagames/dofus/network/types/game/context/fight/GameFightCompanionInformations.as:10	3	companionGenericId:uint;level:uint;masterId:Number	GameFightFighterInformations	super:GameFightFighterInformations;companionGenericId:writeByte;level:writeByte;masterId:writeDouble	client-as3	242
GameFightFighterCompanionLightInformations	454	sources/client242-as3/scripts/com/ankamagames/dofus/network/types/game/context/fight/GameFightFighterCompanionLightInformations.as:8	2	companionId:uint;masterId:Number	GameFightFighterLightInformations	super:GameFightFighterLightInformations;companionId:writeByte;masterId:writeDouble	client-as3	242
GameFightFighterInformations	143	sources/client242-as3/scripts/com/ankamagames/dofus/network/types/game/context/fight/GameFightFighterInformations.as:12	5	teamId:uint;wave:uint;alive:Boolean;stats:GameFightMinimalStats;previousPositions:Vector.<uint>	GameContextActorInformations	super:GameContextActorInformations;teamId:writeByte;wave:writeByte;alive:writeBoolean;#typeId:writeShort;stats:serialize;previousPositions#len:writeShort;previousPositions[]:writeVarShort	client-as3	242
GameFightFighterLightInformations	413	sources/client242-as3/scripts/com/ankamagames/dofus/network/types/game/context/fight/GameFightFighterLightInformations.as:9	6	id:Number;wave:uint;level:uint;breed:int;sex:Boolean;alive:Boolean		sex:bit0;alive:bit1;#local:writeByte;id:writeDouble;wave:writeByte;level:writeVarShort;breed:writeByte	client-as3	242
GameFightFighterMonsterLightInformations	455	sources/client242-as3/scripts/com/ankamagames/dofus/network/types/game/context/fight/GameFightFighterMonsterLightInformations.as:8	1	creatureGenericId:uint	GameFightFighterLightInformations	super:GameFightFighterLightInformations;creatureGenericId:writeVarShort	client-as3	242
GameFightFighterNamedInformations	158	sources/client242-as3/scripts/com/ankamagames/dofus/network/types/game/context/fight/GameFightFighterNamedInformations.as:11	2	name:String;status:PlayerStatus	GameFightFighterInformations	super:GameFightFighterInformations;name:writeUTF;status:asPlayerStatus	client-as3	242
GameFightFighterNamedLightInformations	456	sources/client242-as3/scripts/com/ankamagames/dofus/network/types/game/context/fight/GameFightFighterNamedLightInformations.as:8	1	name:String	GameFightFighterLightInformations	super:GameFightFighterLightInformations;name:writeUTF	client-as3	242
GameFightFighterTaxCollectorLightInformations	457	sources/client242-as3/scripts/com/ankamagames/dofus/network/types/game/context/fight/GameFightFighterTaxCollectorLightInformations.as:8	2	firstNameId:uint;lastNameId:uint	GameFightFighterLightInformations	super:GameFightFighterLightInformations;firstNameId:writeVarShort;lastNameId:writeVarShort	client-as3	242
GameFightMinimalStats	31	sources/client242-as3/scripts/com/ankamagames/dofus/network/types/game/context/fight/GameFightMinimalStats.as:8	43	lifePoints:uint;maxLifePoints:uint;baseMaxLifePoints:uint;permanentDamagePercent:uint;shieldPoints:uint;actionPoints:int;maxActionPoints:int;movementPoints:int;maxMovementPoints:int;summoner:Number;summoned:Boolean;neutralElementResistPercent:int;earthElementResistPercent:int;waterElementResistPercent:int;airElementResistPercent:int;fireElementResistPercent:int;neutralElementReduction:int;earthElementReduction:int;waterElementReduction:int;airElementReduction:int;fireElementReduction:int;criticalDamageFixedResist:int;pushDamageFixedResist:int;pvpNeutralElementResistPercent:int;pvpEarthElementResistPercent:int;pvpWaterElementResistPercent:int;pvpAirElementResistPercent:int;pvpFireElementResistPercent:int;pvpNeutralElementReduction:int;pvpEarthElementReduction:int;pvpWaterElementReduction:int;pvpAirElementReduction:int;pvpFireElementReduction:int;dodgePALostProbability:uint;dodgePMLostProbability:uint;tackleBlock:int;tackleEvade:int;fixedDamageReflection:int;invisibilityState:uint;meleeDamageReceivedPercent:uint;rangedDamageReceivedPercent:uint;weaponDamageReceivedPercent:uint;spellDamageReceivedPercent:uint		lifePoints:writeVarInt;maxLifePoints:writeVarInt;baseMaxLifePoints:writeVarInt;permanentDamagePercent:writeVarInt;shieldPoints:writeVarInt;actionPoints:writeVarShort;maxActionPoints:writeVarShort;movementPoints:writeVarShort;maxMovementPoints:writeVarShort;summoner:writeDouble;summoned:writeBoolean;neutralElementResistPercent:writeVarShort;earthElementResistPercent:writeVarShort;waterElementResistPercent:writeVarShort;airElementResistPercent:writeVarShort;fireElementResistPercent:writeVarShort;neutralElementReduction:writeVarShort;earthElementReduction:writeVarShort;waterElementReduction:writeVarShort;airElementReduction:writeVarShort;fireElementReduction:writeVarShort;criticalDamageFixedResist:writeVarShort;pushDamageFixedResist:writeVarShort;pvpNeutralElementResistPercent:writeVarShort;pvpEarthElementResistPercent:writeVarShort;pvpWaterElementResistPercent:writeVarShort;pvpAirElementResistPercent:writeVarShort;pvpFireElementResistPercent:writeVarShort;pvpNeutralElementReduction:writeVarShort;pvpEarthElementReduction:writeVarShort;pvpWaterElementReduction:writeVarShort;pvpAirElementReduction:writeVarShort;pvpFireElementReduction:writeVarShort;dodgePALostProbability:writeVarShort;dodgePMLostProbability:writeVarShort;tackleBlock:writeVarShort;tackleEvade:writeVarShort;fixedDamageReflection:writeVarShort;invisibilityState:writeByte;meleeDamageReceivedPercent:writeVarShort;rangedDamageReceivedPercent:writeVarShort;weaponDamageReceivedPercent:writeVarShort;spellDamageReceivedPercent:writeVarShort	client-as3	242
GameFightMinimalStatsPreparation	360	sources/client242-as3/scripts/com/ankamagames/dofus/network/types/game/context/fight/GameFightMinimalStatsPreparation.as:8	1	initiative:uint	GameFightMinimalStats	super:GameFightMinimalStats;initiative:writeVarInt	client-as3	242
GameFightMonsterInformations	29	sources/client242-as3/scripts/com/ankamagames/dofus/network/types/game/context/fight/GameFightMonsterInformations.as:10	2	creatureGenericId:uint;creatureGrade:uint	GameFightAIInformations	super:GameFightAIInformations;creatureGenericId:writeVarShort;creatureGrade:writeByte	client-as3	242
GameFightMonsterWithAlignmentInformations	203	sources/client242-as3/scripts/com/ankamagames/dofus/network/types/game/context/fight/GameFightMonsterWithAlignmentInformations.as:11	1	alignmentInfos:ActorAlignmentInformations	GameFightMonsterInformations	super:GameFightMonsterInformations;alignmentInfos:asActorAlignmentInformations	client-as3	242
GameFightMutantInformations	50	sources/client242-as3/scripts/com/ankamagames/dofus/network/types/game/context/fight/GameFightMutantInformations.as:11	1	powerLevel:uint	GameFightFighterNamedInformations	super:GameFightFighterNamedInformations;powerLevel:writeByte	client-as3	242
GameFightResumeSlaveInfo	364	sources/client242-as3/scripts/com/ankamagames/dofus/network/types/game/context/fight/GameFightResumeSlaveInfo.as:9	4	slaveId:Number;spellCooldowns:Vector.<GameFightSpellCooldown>;summonCount:uint;bombCount:uint		slaveId:writeDouble;spellCooldowns#len:writeShort;spellCooldowns[]:asGameFightSpellCooldown;summonCount:writeByte;bombCount:writeByte	client-as3	242
GameFightSpellCooldown	205	sources/client242-as3/scripts/com/ankamagames/dofus/network/types/game/context/fight/GameFightSpellCooldown.as:9	2	spellId:int;cooldown:uint		spellId:writeInt;cooldown:writeByte	client-as3	242
GameFightTaxCollectorInformations	48	sources/client242-as3/scripts/com/ankamagames/dofus/network/types/game/context/fight/GameFightTaxCollectorInformations.as:10	3	firstNameId:uint;lastNameId:uint;level:uint	GameFightAIInformations	super:GameFightAIInformations;firstNameId:writeVarShort;lastNameId:writeVarShort;level:writeByte	client-as3	242
GameRolePlayActorInformations	141	sources/client242-as3/scripts/com/ankamagames/dofus/network/types/game/context/roleplay/GameRolePlayActorInformations.as:11	0		GameContextActorInformations	super:GameContextActorInformations	client-as3	242
GameRolePlayCharacterInformations	36	sources/client242-as3/scripts/com/ankamagames/dofus/network/types/game/context/roleplay/GameRolePlayCharacterInformations.as:11	1	alignmentInfos:ActorAlignmentInformations	GameRolePlayHumanoidInformations	super:GameRolePlayHumanoidInformations;alignmentInfos:asActorAlignmentInformations	client-as3	242
GameRolePlayGroupMonsterInformations	160	sources/client242-as3/scripts/com/ankamagames/dofus/network/types/game/context/roleplay/GameRolePlayGroupMonsterInformations.as:12	8	staticInfos:GroupMonsterStaticInformations;creationTime:Number;ageBonusRate:uint;lootShare:int;alignmentSide:int;keyRingBonus:Boolean;hasHardcoreDrop:Boolean;hasAVARewardToken:Boolean	GameRolePlayActorInformations	super:GameRolePlayActorInformations;keyRingBonus:bit0;hasHardcoreDrop:bit1;hasAVARewardToken:bit2;#local:writeByte;#typeId:writeShort;staticInfos:serialize;creationTime:writeDouble;ageBonusRate:writeInt;lootShare:writeByte;alignmentSide:writeByte	client-as3	242
GameRolePlayGroupMonsterWaveInformations	464	sources/client242-as3/scripts/com/ankamagames/dofus/network/types/game/context/roleplay/GameRolePlayGroupMonsterWaveInformations.as:11	2	nbWaves:uint;alternatives:Vector.<GroupMonsterStaticInformations>	GameRolePlayGroupMonsterInformations	super:GameRolePlayGroupMonsterInformations;nbWaves:writeByte;alternatives#len:writeShort;alternatives[]#typeId:writeShort;alternatives[]:serialize	client-as3	242
GameRolePlayHumanoidInformations	159	sources/client242-as3/scripts/com/ankamagames/dofus/network/types/game/context/roleplay/GameRolePlayHumanoidInformations.as:11	2	humanoidInfo:HumanInformations;accountId:uint	GameRolePlayNamedActorInformations	super:GameRolePlayNamedActorInformations;#typeId:writeShort;humanoidInfo:serialize;accountId:writeInt	client-as3	242
GameRolePlayMerchantInformations	129	sources/client242-as3/scripts/com/ankamagames/dofus/network/types/game/context/roleplay/GameRolePlayMerchantInformations.as:11	2	sellType:uint;options:Vector.<HumanOption>	GameRolePlayNamedActorInformations	super:GameRolePlayNamedActorInformations;sellType:writeByte;options#len:writeShort;options[]#typeId:writeShort;options[]:serialize	client-as3	242
GameRolePlayMountInformations	180	sources/client242-as3/scripts/com/ankamagames/dofus/network/types/game/context/roleplay/GameRolePlayMountInformations.as:10	2	ownerName:String;level:uint	GameRolePlayNamedActorInformations	super:GameRolePlayNamedActorInformations;ownerName:writeUTF;level:writeByte	client-as3	242
GameRolePlayMutantInformations	3	sources/client242-as3/scripts/com/ankamagames/dofus/network/types/game/context/roleplay/GameRolePlayMutantInformations.as:10	2	monsterId:uint;powerLevel:int	GameRolePlayHumanoidInformations	super:GameRolePlayHumanoidInformations;monsterId:writeVarShort;powerLevel:writeByte	client-as3	242
GameRolePlayNamedActorInformations	154	sources/client242-as3/scripts/com/ankamagames/dofus/network/types/game/context/roleplay/GameRolePlayNamedActorInformations.as:10	1	name:String	GameRolePlayActorInformations	super:GameRolePlayActorInformations;name:writeUTF	client-as3	242
GameRolePlayNpcInformations	156	sources/client242-as3/scripts/com/ankamagames/dofus/network/types/game/context/roleplay/GameRolePlayNpcInformations.as:10	3	npcId:uint;sex:Boolean;specialArtworkId:uint	GameRolePlayActorInformations	super:GameRolePlayActorInformations;npcId:writeVarShort;sex:writeBoolean;specialArtworkId:writeVarShort	client-as3	242
GameRolePlayNpcQuestFlag	384	sources/client242-as3/scripts/com/ankamagames/dofus/network/types/game/context/roleplay/quest/GameRolePlayNpcQuestFlag.as:8	2	questsToValidId:Vector.<uint>;questsToStartId:Vector.<uint>		questsToValidId#len:writeShort;questsToValidId[]:writeVarShort;questsToStartId#len:writeShort;questsToStartId[]:writeVarShort	client-as3	242
GameRolePlayNpcWithQuestInformations	383	sources/client242-as3/scripts/com/ankamagames/dofus/network/types/game/context/roleplay/GameRolePlayNpcWithQuestInformations.as:11	1	questFlag:GameRolePlayNpcQuestFlag	GameRolePlayNpcInformations	super:GameRolePlayNpcInformations;questFlag:asGameRolePlayNpcQuestFlag	client-as3	242
GameRolePlayPortalInformations	467	sources/client242-as3/scripts/com/ankamagames/dofus/network/types/game/context/roleplay/GameRolePlayPortalInformations.as:12	1	portal:PortalInformation	GameRolePlayActorInformations	super:GameRolePlayActorInformations;#typeId:writeShort;portal:serialize	client-as3	242
GameRolePlayPrismInformations	161	sources/client242-as3/scripts/com/ankamagames/dofus/network/types/game/context/roleplay/GameRolePlayPrismInformations.as:12	1	prism:PrismInformation	GameRolePlayActorInformations	super:GameRolePlayActorInformations;#typeId:writeShort;prism:serialize	client-as3	242
GameRolePlayTaxCollectorInformations	148	sources/client242-as3/scripts/com/ankamagames/dofus/network/types/game/context/GameRolePlayTaxCollectorInformations.as:11	3	identification:TaxCollectorStaticInformations;guildLevel:uint;taxCollectorAttack:int	GameRolePlayActorInformations	super:GameRolePlayActorInformations;#typeId:writeShort;identification:serialize;guildLevel:writeByte;taxCollectorAttack:writeInt	client-as3	242
GameRolePlayTreasureHintInformations	471	sources/client242-as3/scripts/com/ankamagames/dofus/network/types/game/context/roleplay/GameRolePlayTreasureHintInformations.as:10	1	npcId:uint	GameRolePlayActorInformations	super:GameRolePlayActorInformations;npcId:writeVarShort	client-as3	242
GameServerInformations	25	sources/client242-as3/scripts/com/ankamagames/dofus/network/types/connection/GameServerInformations.as:9	8	id:uint;type:int;status:uint;completion:uint;isSelectable:Boolean;charactersCount:uint;charactersSlots:uint;date:Number		id:writeVarShort;type:writeByte;status:writeByte;completion:writeByte;isSelectable:writeBoolean;charactersCount:writeByte;charactersSlots:writeByte;date:writeDouble	client-as3	242
GoldItem	123	sources/client242-as3/scripts/com/ankamagames/dofus/network/types/game/data/items/GoldItem.as:8	1	sum:Number	Item	super:Item;sum:writeVarLong	client-as3	242
GroupMonsterStaticInformations	140	sources/client242-as3/scripts/com/ankamagames/dofus/network/types/game/context/roleplay/GroupMonsterStaticInformations.as:8	2	mainCreatureLightInfos:MonsterInGroupLightInformations;underlings:Vector.<MonsterInGroupInformations>		mainCreatureLightInfos:asMonsterInGroupLightInformations;underlings#len:writeShort;underlings[]:asMonsterInGroupInformations	client-as3	242
GroupMonsterStaticInformationsWithAlternatives	396	sources/client242-as3/scripts/com/ankamagames/dofus/network/types/game/context/roleplay/GroupMonsterStaticInformationsWithAlternatives.as:8	1	alternatives:Vector.<AlternativeMonstersInGroupLightInformations>	GroupMonsterStaticInformations	super:GroupMonsterStaticInformations;alternatives#len:writeShort;alternatives[]:asAlternativeMonstersInGroupLightInformations	client-as3	242
GuildEmblem	87	sources/client242-as3/scripts/com/ankamagames/dofus/network/types/game/guild/GuildEmblem.as:8	4	symbolShape:uint;symbolColor:int;backgroundShape:uint;backgroundColor:int		symbolShape:writeVarShort;symbolColor:writeInt;backgroundShape:writeByte;backgroundColor:writeInt	client-as3	242
GuildFactSheetInformations	424	sources/client242-as3/scripts/com/ankamagames/dofus/network/types/game/social/GuildFactSheetInformations.as:11	2	leaderId:Number;nbMembers:uint	GuildInformations	super:GuildInformations;leaderId:writeVarLong;nbMembers:writeVarShort	client-as3	242
GuildInAllianceInformations	420	sources/client242-as3/scripts/com/ankamagames/dofus/network/types/game/context/roleplay/GuildInAllianceInformations.as:9	1	nbMembers:uint	GuildInformations	super:GuildInformations;nbMembers:writeByte	client-as3	242
GuildInAllianceVersatileInformations	437	sources/client242-as3/scripts/com/ankamagames/dofus/network/types/game/social/GuildInAllianceVersatileInformations.as:9	1	allianceId:uint	GuildVersatileInformations	super:GuildVersatileInformations;allianceId:writeVarInt	client-as3	242
GuildInformations	127	sources/client242-as3/scripts/com/ankamagames/dofus/network/types/game/context/roleplay/GuildInformations.as:9	1	guildEmblem:GuildEmblem	BasicGuildInformations	super:BasicGuildInformations;guildEmblem:asGuildEmblem	client-as3	242
GuildInsiderFactSheetInformations	423	sources/client242-as3/scripts/com/ankamagames/dofus/network/types/game/social/GuildInsiderFactSheetInformations.as:10	4	leaderName:String;nbConnectedMembers:uint;nbTaxCollectors:uint;lastActivity:uint	GuildFactSheetInformations	super:GuildFactSheetInformations;leaderName:writeUTF;nbConnectedMembers:writeVarShort;nbTaxCollectors:writeByte;lastActivity:writeInt	client-as3	242
GuildMember	88	sources/client242-as3/scripts/com/ankamagames/dofus/network/types/game/guild/GuildMember.as:12	14	breed:int;sex:Boolean;rank:uint;givenExperience:Number;experienceGivenPercent:uint;rights:uint;connected:uint;alignmentSide:int;hoursSinceLastConnection:uint;moodSmileyId:uint;accountId:uint;achievementPoints:int;status:PlayerStatus;havenBagShared:Boolean	CharacterMinimalInformations	super:CharacterMinimalInformations;sex:bit0;havenBagShared:bit1;#local:writeByte;breed:writeByte;rank:writeVarShort;givenExperience:writeVarLong;experienceGivenPercent:writeByte;rights:writeVarInt;connected:writeByte;alignmentSide:writeByte;hoursSinceLastConnection:writeShort;moodSmileyId:writeVarShort;accountId:writeInt;achievementPoints:writeInt;#typeId:writeShort;status:serialize	client-as3	242
GuildVersatileInformations	435	sources/client242-as3/scripts/com/ankamagames/dofus/network/types/game/social/GuildVersatileInformations.as:9	4	guildId:uint;leaderId:Number;guildLevel:uint;nbMembers:uint		guildId:writeVarInt;leaderId:writeVarLong;guildLevel:writeByte;nbMembers:writeByte	client-as3	242
HavenBagFurnitureInformation	498	sources/client242-as3/scripts/com/ankamagames/dofus/network/types/game/guild/HavenBagFurnitureInformation.as:8	3	cellId:uint;funitureId:int;orientation:uint		cellId:writeVarShort;funitureId:writeInt;orientation:writeByte	client-as3	242
HouseGuildedInformations	512	sources/client242-as3/scripts/com/ankamagames/dofus/network/types/game/house/HouseGuildedInformations.as:9	1	guildInfo:GuildInformations	HouseInstanceInformations	super:HouseInstanceInformations;guildInfo:asGuildInformations	client-as3	242
HouseInformations	111	sources/client242-as3/scripts/com/ankamagames/dofus/network/types/game/house/HouseInformations.as:8	2	houseId:uint;modelId:uint		houseId:writeVarInt;modelId:writeVarShort	client-as3	242
HouseInformationsForGuild	170	sources/client242-as3/scripts/com/ankamagames/dofus/network/types/game/house/HouseInformationsForGuild.as:8	9	instanceId:uint;secondHand:Boolean;ownerName:String;worldX:int;worldY:int;mapId:int;subAreaId:uint;skillListIds:Vector.<int>;guildshareParams:uint	HouseInformations	super:HouseInformations;instanceId:writeInt;secondHand:writeBoolean;ownerName:writeUTF;worldX:writeShort;worldY:writeShort;mapId:writeInt;subAreaId:writeVarShort;skillListIds#len:writeShort;skillListIds[]:writeInt;guildshareParams:writeVarInt	client-as3	242
HouseInformationsForSell	221	sources/client242-as3/scripts/com/ankamagames/dofus/network/types/game/house/HouseInformationsForSell.as:8	13	instanceId:uint;secondHand:Boolean;modelId:uint;ownerName:String;ownerConnected:Boolean;worldX:int;worldY:int;subAreaId:uint;nbRoom:int;nbChest:int;skillListIds:Vector.<int>;isLocked:Boolean;price:Number		instanceId:writeInt;secondHand:writeBoolean;modelId:writeVarInt;ownerName:writeUTF;ownerConnected:writeBoolean;worldX:writeShort;worldY:writeShort;subAreaId:writeVarShort;nbRoom:writeByte;nbChest:writeByte;skillListIds#len:writeShort;skillListIds[]:writeInt;isLocked:writeBoolean;price:writeVarLong	client-as3	242
HouseInformationsInside	218	sources/client242-as3/scripts/com/ankamagames/dofus/network/types/game/house/HouseInformationsInside.as:9	3	houseInfos:HouseInstanceInformations;worldX:int;worldY:int	HouseInformations	super:HouseInformations;#typeId:writeShort;houseInfos:serialize;worldX:writeShort;worldY:writeShort	client-as3	242
HouseInstanceInformations	511	sources/client242-as3/scripts/com/ankamagames/dofus/network/types/game/house/HouseInstanceInformations.as:9	6	instanceId:uint;secondHand:Boolean;isLocked:Boolean;ownerName:String;price:Number;isSaleLocked:Boolean		secondHand:bit0;isLocked:bit1;isSaleLocked:bit2;#local:writeByte;instanceId:writeInt;ownerName:writeUTF;price:writeVarLong	client-as3	242
HouseOnMapInformations	510	sources/client242-as3/scripts/com/ankamagames/dofus/network/types/game/house/HouseOnMapInformations.as:8	2	doorsOnMap:Vector.<uint>;houseInstances:Vector.<HouseInstanceInformations>	HouseInformations	super:HouseInformations;doorsOnMap#len:writeShort;doorsOnMap[]:writeInt;houseInstances#len:writeShort;houseInstances[]:asHouseInstanceInformations	client-as3	242
HumanInformations	157	sources/client242-as3/scripts/com/ankamagames/dofus/network/types/game/context/roleplay/HumanInformations.as:10	3	restrictions:ActorRestrictionsInformations;sex:Boolean;options:Vector.<HumanOption>		restrictions:asActorRestrictionsInformations;sex:writeBoolean;options#len:writeShort;options[]#typeId:writeShort;options[]:serialize	client-as3	242
HumanOption	406	sources/client242-as3/scripts/com/ankamagames/dofus/network/types/game/context/roleplay/HumanOption.as:9	0				client-as3	242
HumanOptionAlliance	425	sources/client242-as3/scripts/com/ankamagames/dofus/network/types/game/context/roleplay/HumanOptionAlliance.as:9	2	allianceInformations:AllianceInformations;aggressable:uint	HumanOption	super:HumanOption;allianceInformations:asAllianceInformations;aggressable:writeByte	client-as3	242
HumanOptionEmote	407	sources/client242-as3/scripts/com/ankamagames/dofus/network/types/game/context/roleplay/HumanOptionEmote.as:9	2	emoteId:uint;emoteStartTime:Number	HumanOption	super:HumanOption;emoteId:writeByte;emoteStartTime:writeDouble	client-as3	242
HumanOptionFollowers	410	sources/client242-as3/scripts/com/ankamagames/dofus/network/types/game/context/roleplay/HumanOptionFollowers.as:10	1	followingCharactersLook:Vector.<IndexedEntityLook>	HumanOption	super:HumanOption;followingCharactersLook#len:writeShort;followingCharactersLook[]:asIndexedEntityLook	client-as3	242
HumanOptionGuild	409	sources/client242-as3/scripts/com/ankamagames/dofus/network/types/game/context/roleplay/HumanOptionGuild.as:9	1	guildInformations:GuildInformations	HumanOption	super:HumanOption;guildInformations:asGuildInformations	client-as3	242
HumanOptionObjectUse	449	sources/client242-as3/scripts/com/ankamagames/dofus/network/types/game/context/roleplay/HumanOptionObjectUse.as:9	3	delayTypeId:uint;delayEndTime:Number;objectGID:uint	HumanOption	super:HumanOption;delayTypeId:writeByte;delayEndTime:writeDouble;objectGID:writeVarShort	client-as3	242
HumanOptionOrnament	411	sources/client242-as3/scripts/com/ankamagames/dofus/network/types/game/context/roleplay/HumanOptionOrnament.as:9	1	ornamentId:uint	HumanOption	super:HumanOption;ornamentId:writeVarShort	client-as3	242
HumanOptionSkillUse	495	sources/client242-as3/scripts/com/ankamagames/dofus/network/types/game/context/roleplay/HumanOptionSkillUse.as:9	3	elementId:uint;skillId:uint;skillEndTime:Number	HumanOption	super:HumanOption;elementId:writeVarInt;skillId:writeVarShort;skillEndTime:writeDouble	client-as3	242
HumanOptionTitle	408	sources/client242-as3/scripts/com/ankamagames/dofus/network/types/game/context/roleplay/HumanOptionTitle.as:9	2	titleId:uint;titleParam:String	HumanOption	super:HumanOption;titleId:writeVarShort;titleParam:writeUTF	client-as3	242
IdentifiedEntityDispositionInformations	107	sources/client242-as3/scripts/com/ankamagames/dofus/network/types/game/context/IdentifiedEntityDispositionInformations.as:8	1	id:Number	EntityDispositionInformations	super:EntityDispositionInformations;id:writeDouble	client-as3	242
Idol	489	sources/client242-as3/scripts/com/ankamagames/dofus/network/types/game/idol/Idol.as:9	3	id:uint;xpBonusPercent:uint;dropBonusPercent:uint		id:writeVarShort;xpBonusPercent:writeVarShort;dropBonusPercent:writeVarShort	client-as3	242
IdolsPreset	491	sources/client242-as3/scripts/com/ankamagames/dofus/network/types/game/inventory/preset/IdolsPreset.as:8	3	presetId:uint;symbolId:uint;idolId:Vector.<uint>		presetId:writeByte;symbolId:writeByte;idolId#len:writeShort;idolId[]:writeVarShort	client-as3	242
IgnoredInformations	106	sources/client242-as3/scripts/com/ankamagames/dofus/network/types/game/friend/IgnoredInformations.as:8	0		AbstractContactInformations	super:AbstractContactInformations	client-as3	242
IgnoredOnlineInformations	105	sources/client242-as3/scripts/com/ankamagames/dofus/network/types/game/friend/IgnoredOnlineInformations.as:9	4	playerId:Number;playerName:String;breed:int;sex:Boolean	IgnoredInformations	super:IgnoredInformations;playerId:writeVarLong;playerName:writeUTF;breed:writeByte;sex:writeBoolean	client-as3	242
IndexedEntityLook	405	sources/client242-as3/scripts/com/ankamagames/dofus/network/types/game/look/IndexedEntityLook.as:9	2	look:EntityLook;index:uint		look:asEntityLook;index:writeByte	client-as3	242
InteractiveElement	80	sources/client242-as3/scripts/com/ankamagames/dofus/network/types/game/interactive/InteractiveElement.as:10	5	elementId:uint;elementTypeId:int;enabledSkills:Vector.<InteractiveElementSkill>;disabledSkills:Vector.<InteractiveElementSkill>;onCurrentMap:Boolean		elementId:writeInt;elementTypeId:writeInt;enabledSkills#len:writeShort;enabledSkills[]#typeId:writeShort;enabledSkills[]:serialize;disabledSkills#len:writeShort;disabledSkills[]#typeId:writeShort;disabledSkills[]:serialize;onCurrentMap:writeBoolean	client-as3	242
InteractiveElementNamedSkill	220	sources/client242-as3/scripts/com/ankamagames/dofus/network/types/game/interactive/InteractiveElementNamedSkill.as:9	1	nameId:uint	InteractiveElementSkill	super:InteractiveElementSkill;nameId:writeVarInt	client-as3	242
InteractiveElementSkill	219	sources/client242-as3/scripts/com/ankamagames/dofus/network/types/game/interactive/InteractiveElementSkill.as:9	2	skillId:uint;skillInstanceUid:uint		skillId:writeVarInt;skillInstanceUid:writeInt	client-as3	242
InteractiveElementWithAgeBonus	398	sources/client242-as3/scripts/com/ankamagames/dofus/network/types/game/interactive/InteractiveElementWithAgeBonus.as:9	1	ageBonus:int	InteractiveElement	super:InteractiveElement;ageBonus:writeShort	client-as3	242
Item	7	sources/client242-as3/scripts/com/ankamagames/dofus/network/types/game/data/items/Item.as:8	0				client-as3	242
ItemDurability	168	sources/client242-as3/scripts/com/ankamagames/dofus/network/types/game/mount/ItemDurability.as:9	2	durability:int;durabilityMax:int		durability:writeShort;durabilityMax:writeShort	client-as3	242
JobBookSubscription	500	sources/client242-as3/scripts/com/ankamagames/dofus/network/types/game/context/roleplay/job/JobBookSubscription.as:8	2	jobId:uint;subscribed:Boolean		jobId:writeByte;subscribed:writeBoolean	client-as3	242
JobCrafterDirectoryEntryJobInfo	195	sources/client242-as3/scripts/com/ankamagames/dofus/network/types/game/context/roleplay/job/JobCrafterDirectoryEntryJobInfo.as:8	4	jobId:uint;jobLevel:uint;free:Boolean;minLevel:uint		jobId:writeByte;jobLevel:writeByte;free:writeBoolean;minLevel:writeByte	client-as3	242
JobCrafterDirectoryEntryPlayerInfo	194	sources/client242-as3/scripts/com/ankamagames/dofus/network/types/game/context/roleplay/job/JobCrafterDirectoryEntryPlayerInfo.as:11	11	playerId:Number;playerName:String;alignmentSide:int;breed:int;sex:Boolean;isInWorkshop:Boolean;worldX:int;worldY:int;mapId:int;subAreaId:uint;status:PlayerStatus		playerId:writeVarLong;playerName:writeUTF;alignmentSide:writeByte;breed:writeByte;sex:writeBoolean;isInWorkshop:writeBoolean;worldX:writeShort;worldY:writeShort;mapId:writeInt;subAreaId:writeVarShort;#typeId:writeShort;status:serialize	client-as3	242
JobCrafterDirectoryListEntry	196	sources/client242-as3/scripts/com/ankamagames/dofus/network/types/game/context/roleplay/job/JobCrafterDirectoryListEntry.as:8	2	playerInfo:JobCrafterDirectoryEntryPlayerInfo;jobInfo:JobCrafterDirectoryEntryJobInfo		playerInfo:asJobCrafterDirectoryEntryPlayerInfo;jobInfo:asJobCrafterDirectoryEntryJobInfo	client-as3	242
JobCrafterDirectorySettings	97	sources/client242-as3/scripts/com/ankamagames/dofus/network/types/game/context/roleplay/job/JobCrafterDirectorySettings.as:8	3	jobId:uint;minLevel:uint;free:Boolean		jobId:writeByte;minLevel:writeByte;free:writeBoolean	client-as3	242
JobDescription	101	sources/client242-as3/scripts/com/ankamagames/dofus/network/types/game/context/roleplay/job/JobDescription.as:10	2	jobId:uint;skills:Vector.<SkillActionDescription>		jobId:writeByte;skills#len:writeShort;skills[]#typeId:writeShort;skills[]:serialize	client-as3	242
JobExperience	98	sources/client242-as3/scripts/com/ankamagames/dofus/network/types/game/context/roleplay/job/JobExperience.as:8	5	jobId:uint;jobLevel:uint;jobXP:Number;jobXpLevelFloor:Number;jobXpNextLevelFloor:Number		jobId:writeByte;jobLevel:writeByte;jobXP:writeVarLong;jobXpLevelFloor:writeVarLong;jobXpNextLevelFloor:writeVarLong	client-as3	242
KrosmasterFigure	397	sources/client242-as3/scripts/com/ankamagames/dofus/network/types/web/krosmaster/KrosmasterFigure.as:8	4	uid:String;figure:uint;pedestal:uint;bound:Boolean		uid:writeUTF;figure:writeVarShort;pedestal:writeVarShort;bound:writeBoolean	client-as3	242
MapCoordinates	174	sources/client242-as3/scripts/com/ankamagames/dofus/network/types/game/context/MapCoordinates.as:8	2	worldX:int;worldY:int		worldX:writeShort;worldY:writeShort	client-as3	242
MapCoordinatesAndId	392	sources/client242-as3/scripts/com/ankamagames/dofus/network/types/game/context/MapCoordinatesAndId.as:8	1	mapId:int	MapCoordinates	super:MapCoordinates;mapId:writeInt	client-as3	242
MapCoordinatesExtended	176	sources/client242-as3/scripts/com/ankamagames/dofus/network/types/game/context/MapCoordinatesExtended.as:8	1	subAreaId:uint	MapCoordinatesAndId	super:MapCoordinatesAndId;subAreaId:writeVarShort	client-as3	242
MapObstacle	200	sources/client242-as3/scripts/com/ankamagames/dofus/network/types/game/interactive/MapObstacle.as:9	2	obstacleCellId:uint;state:uint		obstacleCellId:writeVarShort;state:writeByte	client-as3	242
MonsterBoosts	497	sources/client242-as3/scripts/com/ankamagames/dofus/network/types/game/context/roleplay/MonsterBoosts.as:8	3	id:uint;xpBoost:uint;dropBoost:uint		id:writeVarInt;xpBoost:writeVarShort;dropBoost:writeVarShort	client-as3	242
MonsterInGroupInformations	144	sources/client242-as3/scripts/com/ankamagames/dofus/network/types/game/context/roleplay/MonsterInGroupInformations.as:9	1	look:EntityLook	MonsterInGroupLightInformations	super:MonsterInGroupLightInformations;look:asEntityLook	client-as3	242
MonsterInGroupLightInformations	395	sources/client242-as3/scripts/com/ankamagames/dofus/network/types/game/context/roleplay/MonsterInGroupLightInformations.as:8	2	creatureGenericId:int;grade:uint		creatureGenericId:writeInt;grade:writeByte	client-as3	242
MountClientData	178	sources/client242-as3/scripts/com/ankamagames/dofus/network/types/game/mount/MountClientData.as:10	34	id:Number;model:uint;ancestor:Vector.<uint>;behaviors:Vector.<uint>;name:String;sex:Boolean;ownerId:uint;experience:Number;experienceForLevel:Number;experienceForNextLevel:Number;level:uint;isRideable:Boolean;maxPods:uint;isWild:Boolean;stamina:uint;staminaMax:uint;maturity:uint;maturityForAdult:uint;energy:uint;energyMax:uint;serenity:int;aggressivityMax:int;serenityMax:uint;love:uint;loveMax:uint;fecondationTime:int;isFecondationReady:Boolean;boostLimiter:uint;boostMax:Number;reproductionCount:int;reproductionCountMax:uint;harnessGID:uint;useHarnessColors:Boolean;effectList:Vector.<ObjectEffectInteger>		sex:bit0;isRideable:bit1;isWild:bit2;isFecondationReady:bit3;useHarnessColors:bit4;#local:writeByte;id:writeDouble;model:writeVarInt;ancestor#len:writeShort;ancestor[]:writeInt;behaviors#len:writeShort;behaviors[]:writeInt;name:writeUTF;ownerId:writeInt;experience:writeVarLong;experienceForLevel:writeVarLong;experienceForNextLevel:writeDouble;level:writeByte;maxPods:writeVarInt;stamina:writeVarInt;staminaMax:writeVarInt;maturity:writeVarInt;maturityForAdult:writeVarInt;energy:writeVarInt;energyMax:writeVarInt;serenity:writeInt;aggressivityMax:writeInt;serenityMax:writeVarInt;love:writeVarInt;loveMax:writeVarInt;fecondationTime:writeInt;boostLimiter:writeInt;boostMax:writeDouble;reproductionCount:writeInt;reproductionCountMax:writeVarInt;harnessGID:writeVarShort;effectList#len:writeShort;effectList[]:asObjectEffectInteger	client-as3	242
MountInformationsForPaddock	184	sources/client242-as3/scripts/com/ankamagames/dofus/network/types/game/paddock/MountInformationsForPaddock.as:8	3	modelId:uint;name:String;ownerName:String		modelId:writeVarShort;name:writeUTF;ownerName:writeUTF	client-as3	242
NamedPartyTeam	469	sources/client242-as3/scripts/com/ankamagames/dofus/network/types/game/context/roleplay/party/NamedPartyTeam.as:8	2	teamId:uint;partyName:String		teamId:writeByte;partyName:writeUTF	client-as3	242
NamedPartyTeamWithOutcome	470	sources/client242-as3/scripts/com/ankamagames/dofus/network/types/game/context/roleplay/party/NamedPartyTeamWithOutcome.as:8	2	team:NamedPartyTeam;outcome:uint		team:asNamedPartyTeam;outcome:writeVarShort	client-as3	242
ObjectEffect	76	sources/client242-as3/scripts/com/ankamagames/dofus/network/types/game/data/items/effects/ObjectEffect.as:9	1	actionId:uint		actionId:writeVarShort	client-as3	242
ObjectEffectCreature	71	sources/client242-as3/scripts/com/ankamagames/dofus/network/types/game/data/items/effects/ObjectEffectCreature.as:9	1	monsterFamilyId:uint	ObjectEffect	super:ObjectEffect;monsterFamilyId:writeVarShort	client-as3	242
ObjectEffectDate	72	sources/client242-as3/scripts/com/ankamagames/dofus/network/types/game/data/items/effects/ObjectEffectDate.as:9	5	year:uint;month:uint;day:uint;hour:uint;minute:uint	ObjectEffect	super:ObjectEffect;year:writeVarShort;month:writeByte;day:writeByte;hour:writeByte;minute:writeByte	client-as3	242
ObjectEffectDice	73	sources/client242-as3/scripts/com/ankamagames/dofus/network/types/game/data/items/effects/ObjectEffectDice.as:9	3	diceNum:uint;diceSide:uint;diceConst:uint	ObjectEffect	super:ObjectEffect;diceNum:writeVarShort;diceSide:writeVarShort;diceConst:writeVarShort	client-as3	242
ObjectEffectDuration	75	sources/client242-as3/scripts/com/ankamagames/dofus/network/types/game/data/items/effects/ObjectEffectDuration.as:9	3	days:uint;hours:uint;minutes:uint	ObjectEffect	super:ObjectEffect;days:writeVarShort;hours:writeByte;minutes:writeByte	client-as3	242
ObjectEffectInteger	70	sources/client242-as3/scripts/com/ankamagames/dofus/network/types/game/data/items/effects/ObjectEffectInteger.as:9	1	value:uint	ObjectEffect	super:ObjectEffect;value:writeVarInt	client-as3	242
ObjectEffectLadder	81	sources/client242-as3/scripts/com/ankamagames/dofus/network/types/game/data/items/effects/ObjectEffectLadder.as:9	1	monsterCount:uint	ObjectEffectCreature	super:ObjectEffectCreature;monsterCount:writeVarInt	client-as3	242
ObjectEffectMinMax	82	sources/client242-as3/scripts/com/ankamagames/dofus/network/types/game/data/items/effects/ObjectEffectMinMax.as:9	2	min:uint;max:uint	ObjectEffect	super:ObjectEffect;min:writeVarInt;max:writeVarInt	client-as3	242
ObjectEffectMount	179	sources/client242-as3/scripts/com/ankamagames/dofus/network/types/game/data/items/effects/ObjectEffectMount.as:9	3	mountId:uint;date:Number;modelId:uint	ObjectEffect	super:ObjectEffect;mountId:writeInt;date:writeDouble;modelId:writeVarShort	client-as3	242
ObjectEffectString	74	sources/client242-as3/scripts/com/ankamagames/dofus/network/types/game/data/items/effects/ObjectEffectString.as:9	1	value:String	ObjectEffect	super:ObjectEffect;value:writeUTF	client-as3	242
ObjectItem	37	sources/client242-as3/scripts/com/ankamagames/dofus/network/types/game/data/items/ObjectItem.as:10	5	position:uint;objectGID:uint;effects:Vector.<ObjectEffect>;objectUID:uint;quantity:uint	Item	super:Item;position:writeByte;objectGID:writeVarShort;effects#len:writeShort;effects[]#typeId:writeShort;effects[]:serialize;objectUID:writeVarInt;quantity:writeVarInt	client-as3	242
ObjectItemGenericQuantity	483	sources/client242-as3/scripts/com/ankamagames/dofus/network/types/game/data/items/ObjectItemGenericQuantity.as:8	2	objectGID:uint;quantity:uint	Item	super:Item;objectGID:writeVarShort;quantity:writeVarInt	client-as3	242
ObjectItemGenericQuantityPrice	494	sources/client242-as3/scripts/com/ankamagames/dofus/network/types/game/data/items/ObjectItemGenericQuantityPrice.as:8	1	price:Number	ObjectItemGenericQuantity	super:ObjectItemGenericQuantity;price:writeVarLong	client-as3	242
ObjectItemInRolePlay	198	sources/client242-as3/scripts/com/ankamagames/dofus/network/types/game/context/roleplay/ObjectItemInRolePlay.as:9	2	cellId:uint;objectGID:uint		cellId:writeVarShort;objectGID:writeVarShort	client-as3	242
ObjectItemInformationWithQuantity	387	sources/client242-as3/scripts/com/ankamagames/dofus/network/types/game/data/items/ObjectItemInformationWithQuantity.as:10	1	quantity:uint	ObjectItemMinimalInformation	super:ObjectItemMinimalInformation;quantity:writeVarInt	client-as3	242
ObjectItemMinimalInformation	124	sources/client242-as3/scripts/com/ankamagames/dofus/network/types/game/data/items/ObjectItemMinimalInformation.as:10	2	objectGID:uint;effects:Vector.<ObjectEffect>	Item	super:Item;objectGID:writeVarShort;effects#len:writeShort;effects[]#typeId:writeShort;effects[]:serialize	client-as3	242
ObjectItemNotInContainer	134	sources/client242-as3/scripts/com/ankamagames/dofus/network/types/game/data/items/ObjectItemNotInContainer.as:10	4	objectGID:uint;effects:Vector.<ObjectEffect>;objectUID:uint;quantity:uint	Item	super:Item;objectGID:writeVarShort;effects#len:writeShort;effects[]#typeId:writeShort;effects[]:serialize;objectUID:writeVarInt;quantity:writeVarInt	client-as3	242
ObjectItemQuantity	119	sources/client242-as3/scripts/com/ankamagames/dofus/network/types/game/data/items/ObjectItemQuantity.as:8	2	objectUID:uint;quantity:uint	Item	super:Item;objectUID:writeVarInt;quantity:writeVarInt	client-as3	242
ObjectItemToSell	120	sources/client242-as3/scripts/com/ankamagames/dofus/network/types/game/data/items/ObjectItemToSell.as:10	5	objectGID:uint;effects:Vector.<ObjectEffect>;objectUID:uint;quantity:uint;objectPrice:Number	Item	super:Item;objectGID:writeVarShort;effects#len:writeShort;effects[]#typeId:writeShort;effects[]:serialize;objectUID:writeVarInt;quantity:writeVarInt;objectPrice:writeVarLong	client-as3	242
ObjectItemToSellInBid	164	sources/client242-as3/scripts/com/ankamagames/dofus/network/types/game/data/items/ObjectItemToSellInBid.as:9	1	unsoldDelay:uint	ObjectItemToSell	super:ObjectItemToSell;unsoldDelay:writeInt	client-as3	242
ObjectItemToSellInHumanVendorShop	359	sources/client242-as3/scripts/com/ankamagames/dofus/network/types/game/data/items/ObjectItemToSellInHumanVendorShop.as:10	6	objectGID:uint;effects:Vector.<ObjectEffect>;objectUID:uint;quantity:uint;objectPrice:Number;publicPrice:Number	Item	super:Item;objectGID:writeVarShort;effects#len:writeShort;effects[]#typeId:writeShort;effects[]:serialize;objectUID:writeVarInt;quantity:writeVarInt;objectPrice:writeVarLong;publicPrice:writeVarLong	client-as3	242
ObjectItemToSellInNpcShop	352	sources/client242-as3/scripts/com/ankamagames/dofus/network/types/game/data/items/ObjectItemToSellInNpcShop.as:9	2	objectPrice:Number;buyCriterion:String	ObjectItemMinimalInformation	super:ObjectItemMinimalInformation;objectPrice:writeVarLong;buyCriterion:writeUTF	client-as3	242
PaddockBuyableInformations	130	sources/client242-as3/scripts/com/ankamagames/dofus/network/types/game/paddock/PaddockBuyableInformations.as:8	2	price:Number;locked:Boolean		price:writeVarLong;locked:writeBoolean	client-as3	242
PaddockContentInformations	183	sources/client242-as3/scripts/com/ankamagames/dofus/network/types/game/paddock/PaddockContentInformations.as:8	7	paddockId:int;worldX:int;worldY:int;mapId:int;subAreaId:uint;abandonned:Boolean;mountsInformations:Vector.<MountInformationsForPaddock>	PaddockInformations	super:PaddockInformations;paddockId:writeInt;worldX:writeShort;worldY:writeShort;mapId:writeInt;subAreaId:writeVarShort;abandonned:writeBoolean;mountsInformations#len:writeShort;mountsInformations[]:asMountInformationsForPaddock	client-as3	242
PaddockGuildedInformations	508	sources/client242-as3/scripts/com/ankamagames/dofus/network/types/game/paddock/PaddockGuildedInformations.as:9	2	deserted:Boolean;guildInfo:GuildInformations	PaddockBuyableInformations	super:PaddockBuyableInformations;deserted:writeBoolean;guildInfo:asGuildInformations	client-as3	242
PaddockInformations	132	sources/client242-as3/scripts/com/ankamagames/dofus/network/types/game/paddock/PaddockInformations.as:8	2	maxOutdoorMount:uint;maxItems:uint		maxOutdoorMount:writeVarShort;maxItems:writeVarShort	client-as3	242
PaddockInformationsForSell	222	sources/client242-as3/scripts/com/ankamagames/dofus/network/types/game/paddock/PaddockInformationsForSell.as:8	7	guildOwner:String;worldX:int;worldY:int;subAreaId:uint;nbMount:int;nbObject:int;price:Number		guildOwner:writeUTF;worldX:writeShort;worldY:writeShort;subAreaId:writeVarShort;nbMount:writeByte;nbObject:writeByte;price:writeVarLong	client-as3	242
PaddockInstancesInformations	509	sources/client242-as3/scripts/com/ankamagames/dofus/network/types/game/paddock/PaddockInstancesInformations.as:9	1	paddocks:Vector.<PaddockBuyableInformations>	PaddockInformations	super:PaddockInformations;paddocks#len:writeShort;paddocks[]#typeId:writeShort;paddocks[]:serialize	client-as3	242
PaddockItem	185	sources/client242-as3/scripts/com/ankamagames/dofus/network/types/game/paddock/PaddockItem.as:11	1	durability:ItemDurability	ObjectItemInRolePlay	super:ObjectItemInRolePlay;durability:asItemDurability	client-as3	242
PartyCompanionBaseInformations	453	sources/client242-as3/scripts/com/ankamagames/dofus/network/types/game/context/roleplay/party/companion/PartyCompanionBaseInformations.as:9	3	indexId:uint;companionGenericId:uint;entityLook:EntityLook		indexId:writeByte;companionGenericId:writeByte;entityLook:asEntityLook	client-as3	242
PartyCompanionMemberInformations	452	sources/client242-as3/scripts/com/ankamagames/dofus/network/types/game/context/roleplay/party/companion/PartyCompanionMemberInformations.as:9	5	initiative:uint;lifePoints:uint;maxLifePoints:uint;prospecting:uint;regenRate:uint	PartyCompanionBaseInformations	super:PartyCompanionBaseInformations;initiative:writeVarShort;lifePoints:writeVarInt;maxLifePoints:writeVarInt;prospecting:writeVarShort;regenRate:writeByte	client-as3	242
PartyGuestInformations	374	sources/client242-as3/scripts/com/ankamagames/dofus/network/types/game/context/roleplay/party/PartyGuestInformations.as:12	8	guestId:Number;hostId:Number;name:String;guestLook:EntityLook;breed:int;sex:Boolean;status:PlayerStatus;companions:Vector.<PartyCompanionBaseInformations>		guestId:writeVarLong;hostId:writeVarLong;name:writeUTF;guestLook:asEntityLook;breed:writeByte;sex:writeBoolean;#typeId:writeShort;status:serialize;companions#len:writeShort;companions[]:asPartyCompanionBaseInformations	client-as3	242
PartyIdol	490	sources/client242-as3/scripts/com/ankamagames/dofus/network/types/game/idol/PartyIdol.as:9	1	ownersIds:Vector.<Number>	Idol	super:Idol;ownersIds#len:writeShort;ownersIds[]:writeVarLong	client-as3	242
PartyInvitationMemberInformations	376	sources/client242-as3/scripts/com/ankamagames/dofus/network/types/game/context/roleplay/party/PartyInvitationMemberInformations.as:11	5	worldX:int;worldY:int;mapId:int;subAreaId:uint;companions:Vector.<PartyCompanionBaseInformations>	CharacterBaseInformations	super:CharacterBaseInformations;worldX:writeShort;worldY:writeShort;mapId:writeInt;subAreaId:writeVarShort;companions#len:writeShort;companions[]:asPartyCompanionBaseInformations	client-as3	242
PartyMemberArenaInformations	391	sources/client242-as3/scripts/com/ankamagames/dofus/network/types/game/context/roleplay/party/PartyMemberArenaInformations.as:11	1	rank:uint	PartyMemberInformations	super:PartyMemberInformations;rank:writeVarShort	client-as3	242
PartyMemberGeoPosition	378	sources/client242-as3/scripts/com/ankamagames/dofus/network/types/game/context/roleplay/party/PartyMemberGeoPosition.as:9	5	memberId:uint;worldX:int;worldY:int;mapId:int;subAreaId:uint		memberId:writeInt;worldX:writeShort;worldY:writeShort;mapId:writeInt;subAreaId:writeVarShort	client-as3	242
PartyMemberInformations	90	sources/client242-as3/scripts/com/ankamagames/dofus/network/types/game/context/roleplay/party/PartyMemberInformations.as:13	12	lifePoints:uint;maxLifePoints:uint;prospecting:uint;regenRate:uint;initiative:uint;alignmentSide:int;worldX:int;worldY:int;mapId:int;subAreaId:uint;status:PlayerStatus;companions:Vector.<PartyCompanionMemberInformations>	CharacterBaseInformations	super:CharacterBaseInformations;lifePoints:writeVarInt;maxLifePoints:writeVarInt;prospecting:writeVarShort;regenRate:writeByte;initiative:writeVarShort;alignmentSide:writeByte;worldX:writeShort;worldY:writeShort;mapId:writeInt;subAreaId:writeVarShort;#typeId:writeShort;status:serialize;companions#len:writeShort;companions[]:asPartyCompanionMemberInformations	client-as3	242
PlayerStatus	415	sources/client242-as3/scripts/com/ankamagames/dofus/network/types/game/character/status/PlayerStatus.as:8	1	statusId:uint		statusId:writeByte	client-as3	242
PlayerStatusExtended	414	sources/client242-as3/scripts/com/ankamagames/dofus/network/types/game/character/status/PlayerStatusExtended.as:8	1	message:String	PlayerStatus	super:PlayerStatus;message:writeUTF	client-as3	242
PortalInformation	466	sources/client242-as3/scripts/com/ankamagames/dofus/network/types/game/context/roleplay/treasureHunt/PortalInformation.as:8	2	portalId:int;areaId:int		portalId:writeInt;areaId:writeShort	client-as3	242
Preset	355	sources/client242-as3/scripts/com/ankamagames/dofus/network/types/game/inventory/preset/Preset.as:8	4	presetId:uint;symbolId:uint;mount:Boolean;objects:Vector.<PresetItem>		presetId:writeByte;symbolId:writeByte;mount:writeBoolean;objects#len:writeShort;objects[]:asPresetItem	client-as3	242
PresetItem	354	sources/client242-as3/scripts/com/ankamagames/dofus/network/types/game/inventory/preset/PresetItem.as:8	3	position:uint;objGid:uint;objUid:uint		position:writeByte;objGid:writeVarShort;objUid:writeVarInt	client-as3	242
PrismFightersInformation	443	sources/client242-as3/scripts/com/ankamagames/dofus/network/types/game/prism/PrismFightersInformation.as:11	4	subAreaId:uint;waitingForHelpInfo:ProtectedEntityWaitingForHelpInfo;allyCharactersInformations:Vector.<CharacterMinimalPlusLookInformations>;enemyCharactersInformations:Vector.<CharacterMinimalPlusLookInformations>		subAreaId:writeVarShort;waitingForHelpInfo:asProtectedEntityWaitingForHelpInfo;allyCharactersInformations#len:writeShort;allyCharactersInformations[]#typeId:writeShort;allyCharactersInformations[]:serialize;enemyCharactersInformations#len:writeShort;enemyCharactersInformations[]#typeId:writeShort;enemyCharactersInformations[]:serialize	client-as3	242
PrismGeolocalizedInformation	434	sources/client242-as3/scripts/com/ankamagames/dofus/network/types/game/prism/PrismGeolocalizedInformation.as:10	4	worldX:int;worldY:int;mapId:int;prism:PrismInformation	PrismSubareaEmptyInfo	super:PrismSubareaEmptyInfo;worldX:writeShort;worldY:writeShort;mapId:writeInt;#typeId:writeShort;prism:serialize	client-as3	242
PrismInformation	428	sources/client242-as3/scripts/com/ankamagames/dofus/network/types/game/prism/PrismInformation.as:8	5	typeId:uint;state:uint;nextVulnerabilityDate:uint;placementDate:uint;rewardTokenCount:uint		typeId:writeByte;state:writeByte;nextVulnerabilityDate:writeInt;placementDate:writeInt;rewardTokenCount:writeVarInt	client-as3	242
PrismSubareaEmptyInfo	438	sources/client242-as3/scripts/com/ankamagames/dofus/network/types/game/prism/PrismSubareaEmptyInfo.as:8	2	subAreaId:uint;allianceId:uint		subAreaId:writeVarShort;allianceId:writeVarInt	client-as3	242
ProtectedEntityWaitingForHelpInfo	186	sources/client242-as3/scripts/com/ankamagames/dofus/network/types/game/fight/ProtectedEntityWaitingForHelpInfo.as:8	3	timeLeftBeforeFight:int;waitTimeForPlacement:int;nbPositionForDefensors:uint		timeLeftBeforeFight:writeInt;waitTimeForPlacement:writeInt;nbPositionForDefensors:writeByte	client-as3	242
QuestActiveDetailedInformations	382	sources/client242-as3/scripts/com/ankamagames/dofus/network/types/game/context/roleplay/quest/QuestActiveDetailedInformations.as:9	2	stepId:uint;objectives:Vector.<QuestObjectiveInformations>	QuestActiveInformations	super:QuestActiveInformations;stepId:writeVarShort;objectives#len:writeShort;objectives[]#typeId:writeShort;objectives[]:serialize	client-as3	242
QuestActiveInformations	381	sources/client242-as3/scripts/com/ankamagames/dofus/network/types/game/context/roleplay/quest/QuestActiveInformations.as:8	1	questId:uint		questId:writeVarShort	client-as3	242
QuestObjectiveInformations	385	sources/client242-as3/scripts/com/ankamagames/dofus/network/types/game/context/roleplay/quest/QuestObjectiveInformations.as:8	3	objectiveId:uint;objectiveStatus:Boolean;dialogParams:Vector.<String>		objectiveId:writeVarShort;objectiveStatus:writeBoolean;dialogParams#len:writeShort;dialogParams[]:writeUTF	client-as3	242
QuestObjectiveInformationsWithCompletion	386	sources/client242-as3/scripts/com/ankamagames/dofus/network/types/game/context/roleplay/quest/QuestObjectiveInformationsWithCompletion.as:8	2	curCompletion:uint;maxCompletion:uint	QuestObjectiveInformations	super:QuestObjectiveInformations;curCompletion:writeVarShort;maxCompletion:writeVarShort	client-as3	242
RemodelingInformation	480	sources/client242-as3/scripts/com/ankamagames/dofus/network/types/game/character/choice/RemodelingInformation.as:9	5	name:String;breed:int;sex:Boolean;cosmeticId:uint;colors:Vector.<int>		name:writeUTF;breed:writeByte;sex:writeBoolean;cosmeticId:writeVarShort;colors#len:writeShort;colors[]:writeInt	client-as3	242
SellerBuyerDescriptor	121	sources/client242-as3/scripts/com/ankamagames/dofus/network/types/game/data/items/SellerBuyerDescriptor.as:8	8	quantities:Vector.<uint>;types:Vector.<uint>;taxPercentage:Number;taxModificationPercentage:Number;maxItemLevel:uint;maxItemPerAccount:uint;npcContextualId:int;unsoldDelay:uint		quantities#len:writeShort;quantities[]:writeVarInt;types#len:writeShort;types[]:writeVarInt;taxPercentage:writeFloat;taxModificationPercentage:writeFloat;maxItemLevel:writeByte;maxItemPerAccount:writeVarInt;npcContextualId:writeInt;unsoldDelay:writeVarShort	client-as3	242
ServerSessionConstant	430	sources/client242-as3/scripts/com/ankamagames/dofus/network/types/game/approach/ServerSessionConstant.as:9	1	id:uint		id:writeVarShort	client-as3	242
ServerSessionConstantInteger	433	sources/client242-as3/scripts/com/ankamagames/dofus/network/types/game/approach/ServerSessionConstantInteger.as:9	1	value:int	ServerSessionConstant	super:ServerSessionConstant;value:writeInt	client-as3	242
ServerSessionConstantLong	429	sources/client242-as3/scripts/com/ankamagames/dofus/network/types/game/approach/ServerSessionConstantLong.as:9	1	value:Number	ServerSessionConstant	super:ServerSessionConstant;value:writeDouble	client-as3	242
ServerSessionConstantString	436	sources/client242-as3/scripts/com/ankamagames/dofus/network/types/game/approach/ServerSessionConstantString.as:9	1	value:String	ServerSessionConstant	super:ServerSessionConstant;value:writeUTF	client-as3	242
Shortcut	369	sources/client242-as3/scripts/com/ankamagames/dofus/network/types/game/shortcut/Shortcut.as:8	1	slot:uint		slot:writeByte	client-as3	242
ShortcutEmote	389	sources/client242-as3/scripts/com/ankamagames/dofus/network/types/game/shortcut/ShortcutEmote.as:8	1	emoteId:uint	Shortcut	super:Shortcut;emoteId:writeByte	client-as3	242
ShortcutObject	367	sources/client242-as3/scripts/com/ankamagames/dofus/network/types/game/shortcut/ShortcutObject.as:8	0		Shortcut	super:Shortcut	client-as3	242
ShortcutObjectIdolsPreset	492	sources/client242-as3/scripts/com/ankamagames/dofus/network/types/game/shortcut/ShortcutObjectIdolsPreset.as:8	1	presetId:uint	ShortcutObject	super:ShortcutObject;presetId:writeByte	client-as3	242
ShortcutObjectItem	371	sources/client242-as3/scripts/com/ankamagames/dofus/network/types/game/shortcut/ShortcutObjectItem.as:8	2	itemUID:int;itemGID:int	ShortcutObject	super:ShortcutObject;itemUID:writeInt;itemGID:writeInt	client-as3	242
ShortcutObjectPreset	370	sources/client242-as3/scripts/com/ankamagames/dofus/network/types/game/shortcut/ShortcutObjectPreset.as:8	1	presetId:uint	ShortcutObject	super:ShortcutObject;presetId:writeByte	client-as3	242
ShortcutSmiley	388	sources/client242-as3/scripts/com/ankamagames/dofus/network/types/game/shortcut/ShortcutSmiley.as:8	1	smileyId:uint	Shortcut	super:Shortcut;smileyId:writeVarShort	client-as3	242
ShortcutSpell	368	sources/client242-as3/scripts/com/ankamagames/dofus/network/types/game/shortcut/ShortcutSpell.as:8	1	spellId:uint	Shortcut	super:Shortcut;spellId:writeVarShort	client-as3	242
SkillActionDescription	102	sources/client242-as3/scripts/com/ankamagames/dofus/network/types/game/interactive/skill/SkillActionDescription.as:8	1	skillId:uint		skillId:writeVarShort	client-as3	242
SkillActionDescriptionCollect	99	sources/client242-as3/scripts/com/ankamagames/dofus/network/types/game/interactive/skill/SkillActionDescriptionCollect.as:9	2	min:uint;max:uint	SkillActionDescriptionTimed	super:SkillActionDescriptionTimed;min:writeVarShort;max:writeVarShort	client-as3	242
SkillActionDescriptionCraft	100	sources/client242-as3/scripts/com/ankamagames/dofus/network/types/game/interactive/skill/SkillActionDescriptionCraft.as:9	1	probability:uint	SkillActionDescription	super:SkillActionDescription;probability:writeByte	client-as3	242
SkillActionDescriptionTimed	103	sources/client242-as3/scripts/com/ankamagames/dofus/network/types/game/interactive/skill/SkillActionDescriptionTimed.as:9	1	time:uint	SkillActionDescription	super:SkillActionDescription;time:writeByte	client-as3	242
SpellItem	49	sources/client242-as3/scripts/com/ankamagames/dofus/network/types/game/data/items/SpellItem.as:9	2	spellId:int;spellLevel:int	Item	super:Item;spellId:writeInt;spellLevel:writeShort	client-as3	242
StartupActionAddObject	52	sources/client242-as3/scripts/com/ankamagames/dofus/network/types/game/startup/StartupActionAddObject.as:10	6	uid:uint;title:String;text:String;descUrl:String;pictureUrl:String;items:Vector.<ObjectItemInformationWithQuantity>		uid:writeInt;title:writeUTF;text:writeUTF;descUrl:writeUTF;pictureUrl:writeUTF;items#len:writeShort;items[]:asObjectItemInformationWithQuantity	client-as3	242
StatedElement	108	sources/client242-as3/scripts/com/ankamagames/dofus/network/types/game/interactive/StatedElement.as:9	4	elementId:uint;elementCellId:uint;elementState:uint;onCurrentMap:Boolean		elementId:writeInt;elementCellId:writeVarShort;elementState:writeVarInt;onCurrentMap:writeBoolean	client-as3	242
StatisticData	484	sources/client242-as3/scripts/com/ankamagames/dofus/network/types/common/basic/StatisticData.as:9	0				client-as3	242
StatisticDataBoolean	482	sources/client242-as3/scripts/com/ankamagames/dofus/network/types/common/basic/StatisticDataBoolean.as:9	1	value:Boolean	StatisticData	super:StatisticData;value:writeBoolean	client-as3	242
StatisticDataByte	486	sources/client242-as3/scripts/com/ankamagames/dofus/network/types/common/basic/StatisticDataByte.as:9	1	value:int	StatisticData	super:StatisticData;value:writeByte	client-as3	242
StatisticDataInt	485	sources/client242-as3/scripts/com/ankamagames/dofus/network/types/common/basic/StatisticDataInt.as:9	1	value:int	StatisticData	super:StatisticData;value:writeInt	client-as3	242
StatisticDataShort	488	sources/client242-as3/scripts/com/ankamagames/dofus/network/types/common/basic/StatisticDataShort.as:9	1	value:int	StatisticData	super:StatisticData;value:writeShort	client-as3	242
StatisticDataString	487	sources/client242-as3/scripts/com/ankamagames/dofus/network/types/common/basic/StatisticDataString.as:9	1	value:String	StatisticData	super:StatisticData;value:writeUTF	client-as3	242
SubEntity	54	sources/client242-as3/scripts/com/ankamagames/dofus/network/types/game/look/SubEntity.as:8	3	bindingPointCategory:uint;bindingPointIndex:uint;subEntityLook:EntityLook		bindingPointCategory:writeByte;bindingPointIndex:writeByte;subEntityLook:asEntityLook	client-as3	242
TaxCollectorBasicInformations	96	sources/client242-as3/scripts/com/ankamagames/dofus/network/types/game/guild/tax/TaxCollectorBasicInformations.as:9	6	firstNameId:uint;lastNameId:uint;worldX:int;worldY:int;mapId:int;subAreaId:uint		firstNameId:writeVarShort;lastNameId:writeVarShort;worldX:writeShort;worldY:writeShort;mapId:writeInt;subAreaId:writeVarShort	client-as3	242
TaxCollectorComplementaryInformations	448	sources/client242-as3/scripts/com/ankamagames/dofus/network/types/game/guild/tax/TaxCollectorComplementaryInformations.as:8	0				client-as3	242
TaxCollectorFightersInformation	169	sources/client242-as3/scripts/com/ankamagames/dofus/network/types/game/guild/tax/TaxCollectorFightersInformation.as:10	3	collectorId:int;allyCharactersInformations:Vector.<CharacterMinimalPlusLookInformations>;enemyCharactersInformations:Vector.<CharacterMinimalPlusLookInformations>		collectorId:writeInt;allyCharactersInformations#len:writeShort;allyCharactersInformations[]#typeId:writeShort;allyCharactersInformations[]:serialize;enemyCharactersInformations#len:writeShort;enemyCharactersInformations[]#typeId:writeShort;enemyCharactersInformations[]:serialize	client-as3	242
TaxCollectorGuildInformations	446	sources/client242-as3/scripts/com/ankamagames/dofus/network/types/game/guild/tax/TaxCollectorGuildInformations.as:9	1	guild:BasicGuildInformations	TaxCollectorComplementaryInformations	super:TaxCollectorComplementaryInformations;guild:asBasicGuildInformations	client-as3	242
TaxCollectorInformations	167	sources/client242-as3/scripts/com/ankamagames/dofus/network/types/game/guild/tax/TaxCollectorInformations.as:10	10	uniqueId:int;firtNameId:uint;lastNameId:uint;additionalInfos:AdditionalTaxCollectorInformations;worldX:int;worldY:int;subAreaId:uint;state:uint;look:EntityLook;complements:Vector.<TaxCollectorComplementaryInformations>		uniqueId:writeInt;firtNameId:writeVarShort;lastNameId:writeVarShort;additionalInfos:asAdditionalTaxCollectorInformations;worldX:writeShort;worldY:writeShort;subAreaId:writeVarShort;state:writeByte;look:asEntityLook;complements#len:writeShort;complements[]#typeId:writeShort;complements[]:serialize	client-as3	242
TaxCollectorLootInformations	372	sources/client242-as3/scripts/com/ankamagames/dofus/network/types/game/guild/tax/TaxCollectorLootInformations.as:8	4	kamas:Number;experience:Number;pods:uint;itemsValue:Number	TaxCollectorComplementaryInformations	super:TaxCollectorComplementaryInformations;kamas:writeVarLong;experience:writeVarLong;pods:writeVarInt;itemsValue:writeVarLong	client-as3	242
TaxCollectorMovement	493	sources/client242-as3/scripts/com/ankamagames/dofus/network/types/game/guild/tax/TaxCollectorMovement.as:9	4	movementType:uint;basicInfos:TaxCollectorBasicInformations;playerId:Number;playerName:String		movementType:writeByte;basicInfos:asTaxCollectorBasicInformations;playerId:writeVarLong;playerName:writeUTF	client-as3	242
TaxCollectorStaticExtendedInformations	440	sources/client242-as3/scripts/com/ankamagames/dofus/network/types/game/context/TaxCollectorStaticExtendedInformations.as:10	1	allianceIdentity:AllianceInformations	TaxCollectorStaticInformations	super:TaxCollectorStaticInformations;allianceIdentity:asAllianceInformations	client-as3	242
TaxCollectorStaticInformations	147	sources/client242-as3/scripts/com/ankamagames/dofus/network/types/game/context/TaxCollectorStaticInformations.as:9	3	firstNameId:uint;lastNameId:uint;guildIdentity:GuildInformations		firstNameId:writeVarShort;lastNameId:writeVarShort;guildIdentity:asGuildInformations	client-as3	242
TaxCollectorWaitingForHelpInformations	447	sources/client242-as3/scripts/com/ankamagames/dofus/network/types/game/guild/tax/TaxCollectorWaitingForHelpInformations.as:9	1	waitingForHelpInfo:ProtectedEntityWaitingForHelpInfo	TaxCollectorComplementaryInformations	super:TaxCollectorComplementaryInformations;waitingForHelpInfo:asProtectedEntityWaitingForHelpInfo	client-as3	242
TreasureHuntFlag	473	sources/client242-as3/scripts/com/ankamagames/dofus/network/types/game/context/roleplay/treasureHunt/TreasureHuntFlag.as:8	2	mapId:int;state:uint		mapId:writeInt;state:writeByte	client-as3	242
TreasureHuntStep	463	sources/client242-as3/scripts/com/ankamagames/dofus/network/types/game/context/roleplay/treasureHunt/TreasureHuntStep.as:8	0				client-as3	242
TreasureHuntStepDig	465	sources/client242-as3/scripts/com/ankamagames/dofus/network/types/game/context/roleplay/treasureHunt/TreasureHuntStepDig.as:8	0		TreasureHuntStep		client-as3	242
TreasureHuntStepFight	462	sources/client242-as3/scripts/com/ankamagames/dofus/network/types/game/context/roleplay/treasureHunt/TreasureHuntStepFight.as:8	0		TreasureHuntStep		client-as3	242
TreasureHuntStepFollowDirection	468	sources/client242-as3/scripts/com/ankamagames/dofus/network/types/game/context/roleplay/treasureHunt/TreasureHuntStepFollowDirection.as:8	2	direction:uint;mapCount:uint	TreasureHuntStep	super:TreasureHuntStep;direction:writeByte;mapCount:writeVarShort	client-as3	242
TreasureHuntStepFollowDirectionToHint	472	sources/client242-as3/scripts/com/ankamagames/dofus/network/types/game/context/roleplay/treasureHunt/TreasureHuntStepFollowDirectionToHint.as:8	2	direction:uint;npcId:uint	TreasureHuntStep	super:TreasureHuntStep;direction:writeByte;npcId:writeVarShort	client-as3	242
TreasureHuntStepFollowDirectionToPOI	461	sources/client242-as3/scripts/com/ankamagames/dofus/network/types/game/context/roleplay/treasureHunt/TreasureHuntStepFollowDirectionToPOI.as:8	2	direction:uint;poiLabelId:uint	TreasureHuntStep	super:TreasureHuntStep;direction:writeByte;poiLabelId:writeVarShort	client-as3	242
TrustCertificate	377	sources/client242-as3/scripts/com/ankamagames/dofus/network/types/secure/TrustCertificate.as:9	2	id:uint;hash:String		id:writeInt;hash:writeUTF	client-as3	242
UpdateMountBoost	356	sources/client242-as3/scripts/com/ankamagames/dofus/network/types/game/mount/UpdateMountBoost.as:8	1	type:uint		type:writeByte	client-as3	242
UpdateMountIntBoost	357	sources/client242-as3/scripts/com/ankamagames/dofus/network/types/game/mount/UpdateMountIntBoost.as:8	1	value:int	UpdateMountBoost	super:UpdateMountBoost;value:writeInt	client-as3	242
Version	11	sources/client242-as3/scripts/com/ankamagames/dofus/network/types/version/Version.as:8	6	major:uint;minor:uint;release:uint;revision:uint;patch:uint;buildType:uint		major:writeByte;minor:writeByte;release:writeByte;revision:writeInt;patch:writeByte;buildType:writeByte	client-as3	242
VersionExtended	393	sources/client242-as3/scripts/com/ankamagames/dofus/network/types/version/VersionExtended.as:8	2	install:uint;technology:uint	Version	super:Version;install:writeByte;technology:writeByte	client-as3	242
